Box Name,OLT,LCP,NAP,LCP Name,Node Name,Municipality,Cluster,Sector,Barangay,Subdivision,Building Name,Latitude,Longitude,Parent Site,Parent Floor,Parent Room,Additional Details,Remarks,Landmark,Capacity,Installation Date,OSP / ISP
MNL034 LP43 NP1-2,MNL034,LP43,NP1-2,MNL034 LP43,Benitez,MANILA,3,2,BARANGAY 711,,,14.566455,120.990221,,,,,,,16,2020-02-19,OSP
MNL034 LP40 NP1-2,MNL034,LP40,NP1-2,MNL034 LP40,Benitez,MANILA,3,2,BARANGAY 711,,,14.566477,120.991021,,,,,,,16,2020-02-19,OSP
MNL034 LP39 NP3-4,MNL034,LP39,NP3-4,MNL034 LP39,Benitez,MANILA,3,2,BARANGAY 711,,,14.566809,120.990825,,,,,,,16,2020-02-19,OSP
MNL034 LP39 NP5-6,MNL034,LP39,NP5-6,MNL034 LP39,Benitez,MANILA,3,2,BARANGAY 711,,,14.56633,120.990649,,,,,,,16,2020-02-19,OSP
MNL034 LP39 NP7-8,MNL034,LP39,NP7-8,MNL034 LP39,Benitez,MANILA,3,2,BARANGAY 711,,,14.566379,120.990773,,,,,,,16,2020-02-19,OSP
MNL034 LP39 NP1-2,MNL034,LP39,NP1-2,MNL034 LP39,Benitez,MANILA,3,2,BARANGAY 711,,,14.566664,120.990491,,,,,,,16,2020-02-19,OSP
MNL034 LP372 NP1-2,MNL034,LP372,NP1-2,MNL034 LP372,Benitez,MANILA,3,2,BARANGAY 711,,,14.566629,120.990482,,,,,,,16,2022-05-26,OSP
MNL034 LP372 NP3-5,MNL034,LP372,NP3-5,MNL034 LP372,Benitez,MANILA,3,2,BARANGAY 711,,,14.566357,120.990645,,,,,,,24,2022-05-26,OSP
MNL034 LP372 NP6-8,MNL034,LP372,NP6-8,MNL034 LP372,Benitez,MANILA,3,2,BARANGAY 711,,,14.566472,120.990948,,,,,,,24,2022-05-26,OSP
MNL034 LP242 NP1-2,MNL034,LP242,NP1-2,MNL034 LP242,Benitez,MANILA,3,2,BARANGAY 712,,,14.568145,120.991736,,,,,,,16,2021-02-26,OSP
MNL034 LP245 NP1-2,MNL034,LP245,NP1-2,MNL034 LP245,Benitez,MANILA,3,2,BARANGAY 712,,,14.568038,120.991471,,,,,,,16,2021-02-26,OSP
MNL034 LP245 NP3-4-5,MNL034,LP245,NP3-4-5,MNL034 LP245,Benitez,MANILA,3,2,BARANGAY 712,,,14.567864,120.991037,,,,,,,24,2021-02-26,OSP
MNL034 LP38 NP7-8,MNL034,LP38,NP7-8,MNL034 LP38,Benitez,MANILA,3,2,BARANGAY 712,,,14.567188,120.990748,,,,,,,16,2020-02-19,OSP
MNL034 LP369 NP3-5,MNL034,LP369,NP3-5,MNL034 LP369,Benitez,MANILA,3,2,BARANGAY 712,,,14.567777,120.990943,,,,,,,24,2022-05-26,OSP
MNL034 LP365 NP3-5,MNL034,LP365,NP3-5,MNL034 LP365,Benitez,MANILA,3,2,BARANGAY 712,,,14.568088,120.99171,,,,,,,24,2022-05-26,OSP
MNL001 LP192 NP5-6,MNL001,LP192,NP5-6,MNL001 LP192,Zen Tower,MANILA,3,2,BARANGAY 712,,,14.56779736,120.9909456,,,,,,,16,2019-04-30,OSP
MNL034 LP243 NP1-2,MNL034,LP243,NP1-2,MNL034 LP243,Benitez,MANILA,3,2,BARANGAY 713,,,14.566448,120.991641,,,,,,,16,2021-02-26,OSP
MNL034 LP243 NP3-4-5,MNL034,LP243,NP3-4-5,MNL034 LP243,Benitez,MANILA,3,2,BARANGAY 713,,,14.566278,120.991349,,,,,,,24,2021-02-26,OSP
MNL034 LP244 NP1-2,MNL034,LP244,NP1-2,MNL034 LP244,Benitez,MANILA,3,2,BARANGAY 713,,,14.566238,120.99175,,,,,,,16,2021-02-26,OSP
MNL034 LP250 NP6-7-8,MNL034,LP250,NP6-7-8,MNL034 LP250,Benitez,MANILA,3,2,BARANGAY 713,,,14.56577,120.991199,,,,,,,24,2021-02-26,OSP
MNL034 LP41 NP1-2,MNL034,LP41,NP1-2,MNL034 LP41,Benitez,MANILA,3,2,BARANGAY 713,,,14.566142,120.991766,,,,,,,16,2020-02-19,OSP
MNL034 LP40 NP7-8,MNL034,LP40,NP7-8,MNL034 LP40,Benitez,MANILA,3,2,BARANGAY 713,,,14.566383,120.991638,,,,,,,16,2020-02-19,OSP
MNL034 LP366 NP3-5,MNL034,LP366,NP3-5,MNL034 LP366,Benitez,MANILA,3,2,BARANGAY 713,,,14.566392,120.991634,,,,,,,24,2022-05-26,OSP
PSY002 LP27 NP3-4,PSY002,LP27,NP3-4,PSY002 LP27,Antel,MANILA,3,2,BARANGAY 714,,,14.56941,120.990987,,,,,,,16,2016-11-11,OSP
MNL034 LP241 NP5-6,MNL034,LP241,NP5-6,MNL034 LP241,Benitez,MANILA,3,2,BARANGAY 714,,,14.568762,120.991484,,,,,,,16,2021-02-26,OSP
MNL034 LP241 NP7-8,MNL034,LP241,NP7-8,MNL034 LP241,Benitez,MANILA,3,2,BARANGAY 714,,,14.568297,120.991684,,,,,,,16,2021-02-26,OSP
MNL034 LP245 NP6-7-8,MNL034,LP245,NP6-7-8,MNL034 LP245,Benitez,MANILA,3,2,BARANGAY 714,,,14.567985,120.990809,,,,,,,24,2021-02-26,OSP
MNL034 LP246 NP1-2,MNL034,LP246,NP1-2,MNL034 LP246,Benitez,MANILA,3,2,BARANGAY 714,,,14.568186,120.990644,,,,,,,16,2021-02-26,OSP
MNL034 LP246 NP3-4-5,MNL034,LP246,NP3-4-5,MNL034 LP246,Benitez,MANILA,3,2,BARANGAY 714,,,14.568332,120.990529,,,,,,,24,2021-02-26,OSP
MNL034 LP369 NP6-8,MNL034,LP369,NP6-8,MNL034 LP369,Benitez,MANILA,3,2,BARANGAY 714,,,14.568252,120.990544,,,,,,,24,2022-05-26,OSP
MNL034 LP370 NP1-2,MNL034,LP370,NP1-2,MNL034 LP370,Benitez,MANILA,3,2,BARANGAY 714,,,14.568552,120.990265,,,,,,,16,2022-05-26,OSP
MNL034 LP365 NP1-2,MNL034,LP365,NP1-2,MNL034 LP365,Benitez,MANILA,3,2,BARANGAY 714,,,14.568747,120.99143,,,,,,,16,2022-05-26,OSP
MNL001 LP191 NP3-4,MNL001,LP191,NP3-4,MNL001 LP191,Zen Tower,MANILA,3,2,BARANGAY 714,,,14.56842031,120.9915854,,,,,,,16,2019-04-30,OSP
MNL001 LP192 NP1-2,MNL001,LP192,NP1-2,MNL001 LP192,Zen Tower,MANILA,3,2,BARANGAY 714,,,14.56851271,120.9903066,,,,,,,16,2019-04-30,OSP
MNL001 LP192 NP3-4,MNL001,LP192,NP3-4,MNL001 LP192,Zen Tower,MANILA,3,2,BARANGAY 714,,,14.56800555,120.9908091,,,,,,,16,2019-04-30,OSP
MNL034 LP243 NP6-7-8,MNL034,LP243,NP6-7-8,MNL034 LP243,Benitez,MANILA,3,2,BARANGAY 715,,,14.56606,120.990851,,,,,,,24,2021-02-26,OSP
MNL034 LP249 NP6-7-8,MNL034,LP249,NP6-7-8,MNL034 LP249,Benitez,MANILA,3,2,BARANGAY 715,,,14.565992,120.990373,,,,,,,24,2021-02-26,OSP
MNL034 LP250 NP1-2,MNL034,LP250,NP1-2,MNL034 LP250,Benitez,MANILA,3,2,BARANGAY 715,,,14.565512,120.99056,,,,,,,16,2021-02-26,OSP
MNL034 LP373 NP6-8,MNL034,LP373,NP6-8,MNL034 LP373,Benitez,MANILA,3,2,BARANGAY 715,,,14.566052,120.990354,,,,,,,24,2022-05-26,OSP
MNL034 LP374 NP1-2,MNL034,LP374,NP1-2,MNL034 LP374,Benitez,MANILA,3,2,BARANGAY 715,,,14.565876,120.990419,,,,,,,16,2022-05-26,OSP
MNL034 LP374 NP3-5,MNL034,LP374,NP3-5,MNL034 LP374,Benitez,MANILA,3,2,BARANGAY 715,,,14.565552,120.990523,,,,,,,24,2022-05-26,OSP
MNL001 LP193 NP5-6,MNL001,LP193,NP5-6,MNL001 LP193,Zen Tower,MANILA,3,2,BARANGAY 715,,,14.56619835,120.9903233,,,,,,,16,2019-04-30,OSP
MNL001 LP193 NP7-8,MNL001,LP193,NP7-8,MNL001 LP193,Zen Tower,MANILA,3,2,BARANGAY 715,,,14.56550791,120.990578,,,,,,,16,2019-04-30,OSP
MNL034 LP43 NP3-4,MNL034,LP43,NP3-4,MNL034 LP43,Benitez,MANILA,3,2,BARANGAY 716,,,14.565574,120.990798,,,,,,,16,2020-02-19,OSP
MNL034 LP374 NP6-8,MNL034,LP374,NP6-8,MNL034 LP374,Benitez,MANILA,3,2,BARANGAY 716,,,14.565606,120.990809,,,,,,,24,2022-05-26,OSP
MNL034 LP244 NP3-4-5,MNL034,LP244,NP3-4-5,MNL034 LP244,Benitez,MANILA,3,2,BARANGAY 717,,,14.565808,120.991996,,,,,,,24,2021-02-26,OSP
MNL034 LP41 NP3-4,MNL034,LP41,NP3-4,MNL034 LP41,Benitez,MANILA,3,2,BARANGAY 717,,,14.565751,120.992019,,,,,,,16,2020-02-19,OSP
MNL034 LP366 NP6-8,MNL034,LP366,NP6-8,MNL034 LP366,Benitez,MANILA,3,2,BARANGAY 717,,,14.565812,120.991972,,,,,,,24,2022-05-26,OSP
MNL034 LP367 NP1-2,MNL034,LP367,NP1-2,MNL034 LP367,Benitez,MANILA,3,2,BARANGAY 717,,,14.565641,120.992121,,,,,,,16,2022-05-26,OSP
MNL034 LP367 NP3-5,MNL034,LP367,NP3-5,MNL034 LP367,Benitez,MANILA,3,2,BARANGAY 717,,,14.565637,120.992119,,,,,,,24,2022-05-26,OSP
MNL034 LP367 NP6-8,MNL034,LP367,NP6-8,MNL034 LP367,Benitez,MANILA,3,2,BARANGAY 717,,,14.565617,120.991879,,,,,,,24,2022-05-26,OSP
MNL034 LP244 NP6-7-8,MNL034,LP244,NP6-7-8,MNL034 LP244,Benitez,MANILA,3,2,BARANGAY 718,,,14.565468,120.992168,,,,,,,24,2021-02-26,OSP
MNL034 LP43 NP7-8,MNL034,LP43,NP7-8,MNL034 LP43,Benitez,MANILA,3,2,BARANGAY 718,,,14.565329,120.991163,,,,,,,16,2020-02-19,OSP
MNL034 LP42 NP1-2,MNL034,LP42,NP1-2,MNL034 LP42,Benitez,MANILA,3,2,BARANGAY 718,,,14.565069,120.99164,,,,,,,16,2020-02-19,OSP
MNL034 LP42 NP3-4,MNL034,LP42,NP3-4,MNL034 LP42,Benitez,MANILA,3,2,BARANGAY 718,,,14.564958,120.991392,,,,,,,16,2020-02-19,OSP
MNL034 LP41 NP5-6,MNL034,LP41,NP5-6,MNL034 LP41,Benitez,MANILA,3,2,BARANGAY 718,,,14.56543,120.992188,,,,,,,16,2020-02-19,OSP
MNL034 LP41 NP7-8,MNL034,LP41,NP7-8,MNL034 LP41,Benitez,MANILA,3,2,BARANGAY 718,,,14.565262,120.991989,,,,,,,16,2020-02-19,OSP
MNL034 LP368 NP6-8,MNL034,LP368,NP6-8,MNL034 LP368,Benitez,MANILA,3,2,BARANGAY 718,,,14.565055,120.991527,,,,,,,24,2022-05-26,OSP
MNL034 LP368 NP1-2,MNL034,LP368,NP1-2,MNL034 LP368,Benitez,MANILA,3,2,BARANGAY 718,,,14.565349,120.99209,,,,,,,16,2022-05-26,OSP
MNL034 LP368 NP3-5,MNL034,LP368,NP3-5,MNL034 LP368,Benitez,MANILA,3,2,BARANGAY 718,,,14.565169,120.991808,,,,,,,24,2022-05-26,OSP
PSY002 LP25 NP3-4,PSY002,LP25,NP3-4,PSY002 LP25,Antel,MANILA,3,2,BARANGAY 719,,,14.561032,120.99311,,,,,,,16,2016-11-10,OSP
PSY002 LP25 NP5-6,PSY002,LP25,NP5-6,PSY002 LP25,Antel,MANILA,3,2,BARANGAY 719,,,14.561586,120.994321,,,,,,,16,2016-11-10,OSP
PSY002 LP25 NP1-2,PSY002,LP25,NP1-2,PSY002 LP25,Antel,MANILA,3,2,BARANGAY 719,,,14.560684,120.991784,,,,,,,16,2016-11-10,OSP
PSY002 LP21 NP7-8,PSY002,LP21,NP7-8,PSY002 LP21,Antel,MANILA,3,2,BARANGAY 719,,,14.560107,120.989434,,,,,,,16,2017-06-06,OSP
PSY002 LP22 NP1-2,PSY002,LP22,NP1-2,PSY002 LP22,Antel,MANILA,3,2,BARANGAY 719,,,14.561662,120.988599,,,,,,,16,2017-06-06,OSP
PSY002 LP169 NP1-2,PSY002,LP169,NP1-2,PSY002 LP169,Antel,MANILA,3,2,BARANGAY 719,,,14.559175,120.989955,,,,,,,16,2021-09-28,OSP
PSY002 LP169 NP3-5,PSY002,LP169,NP3-5,PSY002 LP169,Antel,MANILA,3,2,BARANGAY 719,,,14.559431,120.989837,,,,,,,24,2021-09-28,OSP
PSY002 LP169 NP6-8,PSY002,LP169,NP6-8,PSY002 LP169,Antel,MANILA,3,2,BARANGAY 719,,,14.559727,120.989712,,,,,,,24,2021-09-28,OSP
PSY002 LP6 NP1-2,PSY002,LP6,NP1-2,PSY002 LP6,Antel,MANILA,3,2,BARANGAY 719,,,14.562479,120.995076,,,,,,,16,2016-06-26,OSP
PSY002 LP6 NP3-4,PSY002,LP6,NP3-4,PSY002 LP6,Antel,MANILA,3,2,BARANGAY 719,,,14.564088,120.994347,,,,,,,16,2016-06-26,OSP
PSY002 LP432 NP3-5,PSY002,LP432,NP3-5,PSY002 LP432,Antel,MANILA,3,2,BARANGAY 719,,,14.559415,120.987419,,,,,,,24,2022-05-23,OSP
PSY002 LP432 NP6-8,PSY002,LP432,NP6-8,PSY002 LP432,Antel,MANILA,3,2,BARANGAY 719,,,14.559821,120.987711,,,,,,,24,2022-05-23,OSP
PSY002 LP433 NP1-2,PSY002,LP433,NP1-2,PSY002 LP433,Antel,MANILA,3,2,BARANGAY 719,,,14.559821,120.987711,,,,,,,16,2022-05-23,OSP
PSY002 LP433 NP3-5,PSY002,LP433,NP3-5,PSY002 LP433,Antel,MANILA,3,2,BARANGAY 719,,,14.559919,120.988096,,,,,,,24,2022-05-23,OSP
PSY002 LP433 NP6-8,PSY002,LP433,NP6-8,PSY002 LP433,Antel,MANILA,3,2,BARANGAY 719,,,14.559919,120.988096,,,,,,,24,2022-05-23,OSP
PSY002 LP434 NP1-2,PSY002,LP434,NP1-2,PSY002 LP434,Antel,MANILA,3,2,BARANGAY 719,,,14.559941,120.98882,,,,,,,16,2022-05-23,OSP
PSY002 LP434 NP3-5,PSY002,LP434,NP3-5,PSY002 LP434,Antel,MANILA,3,2,BARANGAY 719,,,14.559941,120.98882,,,,,,,24,2022-05-23,OSP
PSY002 LP434 NP6-8,PSY002,LP434,NP6-8,PSY002 LP434,Antel,MANILA,3,2,BARANGAY 719,,,14.559393,120.988672,,,,,,,24,2022-05-23,OSP
PSY002 LP435 NP1-2,PSY002,LP435,NP1-2,PSY002 LP435,Antel,MANILA,3,2,BARANGAY 719,,,14.559393,120.988672,,,,,,,16,2022-05-23,OSP
PSY002 LP435 NP3-5,PSY002,LP435,NP3-5,PSY002 LP435,Antel,MANILA,3,2,BARANGAY 719,,,14.559097,120.988571,,,,,,,24,2022-05-23,OSP
PSY002 LP435 NP6-8,PSY002,LP435,NP6-8,PSY002 LP435,Antel,MANILA,3,2,BARANGAY 719,,,14.559097,120.988571,,,,,,,24,2022-05-23,OSP
PSY002 LP431 NP3-5,PSY002,LP431,NP3-5,PSY002 LP431,Antel,MANILA,3,2,BARANGAY 719,,,14.559064,120.987564,,,,,,,24,2022-05-23,OSP
PSY002 LP431 NP6-8,PSY002,LP431,NP6-8,PSY002 LP431,Antel,MANILA,3,2,BARANGAY 719,,,14.559064,120.987564,,,,,,,24,2022-05-23,OSP
PSY002 LP432 NP1-2,PSY002,LP432,NP1-2,PSY002 LP432,Antel,MANILA,3,2,BARANGAY 719,,,14.559415,120.987419,,,,,,,16,2022-05-23,OSP
PSY002 LP421 NP1-2,PSY002,LP421,NP1-2,PSY002 LP421,Antel,MANILA,3,2,BARANGAY 719,,,14.5599,120.991944,,,,,,,16,2022-05-23,OSP
PSY002 LP421 NP3-5,PSY002,LP421,NP3-5,PSY002 LP421,Antel,MANILA,3,2,BARANGAY 719,,,14.560019,120.992446,,,,,,,24,2022-05-23,OSP
PSY002 LP421 NP6-8,PSY002,LP421,NP6-8,PSY002 LP421,Antel,MANILA,3,2,BARANGAY 719,,,14.560019,120.992446,,,,,,,24,2022-05-23,OSP
PSY002 LP418 NP6-8,PSY002,LP418,NP6-8,PSY002 LP418,Antel,MANILA,3,2,BARANGAY 719,,,14.559289,120.990352,,,,,,,24,2022-05-23,OSP
PSY002 LP419 NP1-2,PSY002,LP419,NP1-2,PSY002 LP419,Antel,MANILA,3,2,BARANGAY 719,,,14.559289,120.990352,,,,,,,16,2022-05-23,OSP
PSY002 LP419 NP3-5,PSY002,LP419,NP3-5,PSY002 LP419,Antel,MANILA,3,2,BARANGAY 719,,,14.559607,120.990823,,,,,,,24,2022-05-23,OSP
PSY002 LP419 NP6-8,PSY002,LP419,NP6-8,PSY002 LP419,Antel,MANILA,3,2,BARANGAY 719,,,14.559607,120.990823,,,,,,,24,2022-05-23,OSP
PSY002 LP420 NP1-2,PSY002,LP420,NP1-2,PSY002 LP420,Antel,MANILA,3,2,BARANGAY 719,,,14.559716,120.991285,,,,,,,16,2022-05-23,OSP
PSY002 LP420 NP3-5,PSY002,LP420,NP3-5,PSY002 LP420,Antel,MANILA,3,2,BARANGAY 719,,,14.559716,120.991285,,,,,,,24,2022-05-23,OSP
PSY002 LP420 NP6-8,PSY002,LP420,NP6-8,PSY002 LP420,Antel,MANILA,3,2,BARANGAY 719,,,14.5599,120.991944,,,,,,,24,2022-05-23,OSP
PSY002 LP412 NP1-2,PSY002,LP412,NP1-2,PSY002 LP412,Antel,MANILA,3,2,BARANGAY 719,,,14.559905,120.989643,,,,,,,16,2022-05-23,OSP
PSY002 LP412 NP3-5,PSY002,LP412,NP3-5,PSY002 LP412,Antel,MANILA,3,2,BARANGAY 719,,,14.559905,120.989643,,,,,,,24,2022-05-23,OSP
PSY002 LP412 NP6-8,PSY002,LP412,NP6-8,PSY002 LP412,Antel,MANILA,3,2,BARANGAY 719,,,14.559681,120.989615,,,,,,,24,2022-05-23,OSP
PSY002 LP413 NP1-2,PSY002,LP413,NP1-2,PSY002 LP413,Antel,MANILA,3,2,BARANGAY 719,,,14.559681,120.989615,,,,,,,16,2022-05-23,OSP
PSY002 LP413 NP3-5,PSY002,LP413,NP3-5,PSY002 LP413,Antel,MANILA,3,2,BARANGAY 719,,,14.559445,120.989713,,,,,,,24,2022-05-23,OSP
PSY002 LP413 NP6-8,PSY002,LP413,NP6-8,PSY002 LP413,Antel,MANILA,3,2,BARANGAY 719,,,14.559445,120.989713,,,,,,,24,2022-05-23,OSP
PSY002 LP377 NP1-2,PSY002,LP377,NP1-2,PSY002 LP377,Antel,MANILA,3,2,BARANGAY 719,,,14.560157,120.992886,,,,,,,16,2022-05-22,OSP
PSY002 LP377 NP3-5,PSY002,LP377,NP3-5,PSY002 LP377,Antel,MANILA,3,2,BARANGAY 719,,,14.560157,120.992886,,,,,,,24,2022-05-22,OSP
PSY002 LP377 NP6-8,PSY002,LP377,NP6-8,PSY002 LP377,Antel,MANILA,3,2,BARANGAY 719,,,14.560758,120.992744,,,,,,,24,2022-05-22,OSP
PSY002 LP378 NP1-2,PSY002,LP378,NP1-2,PSY002 LP378,Antel,MANILA,3,2,BARANGAY 719,,,14.560758,120.992744,,,,,,,16,2022-05-22,OSP
PSY002 LP378 NP3-5,PSY002,LP378,NP3-5,PSY002 LP378,Antel,MANILA,3,2,BARANGAY 719,,,14.560954,120.992609,,,,,,,24,2022-05-22,OSP
PSY002 LP378 NP6-8,PSY002,LP378,NP6-8,PSY002 LP378,Antel,MANILA,3,2,BARANGAY 719,,,14.560954,120.992609,,,,,,,24,2022-05-22,OSP
PSY002 LP379 NP1-2,PSY002,LP379,NP1-2,PSY002 LP379,Antel,MANILA,3,2,BARANGAY 719,,,14.56085,120.992249,,,,,,,16,2022-05-22,OSP
PSY002 LP379 NP3-5,PSY002,LP379,NP3-5,PSY002 LP379,Antel,MANILA,3,2,BARANGAY 719,,,14.56085,120.992249,,,,,,,24,2022-05-22,OSP
PSY002 LP379 NP6-8,PSY002,LP379,NP6-8,PSY002 LP379,Antel,MANILA,3,2,BARANGAY 719,,,14.560698,120.991681,,,,,,,24,2022-05-22,OSP
PSY002 LP380 NP1-2,PSY002,LP380,NP1-2,PSY002 LP380,Antel,MANILA,3,2,BARANGAY 719,,,14.560698,120.991681,,,,,,,16,2022-05-22,OSP
PSY002 LP380 NP3-5,PSY002,LP380,NP3-5,PSY002 LP380,Antel,MANILA,3,2,BARANGAY 719,,,14.560599,120.99127,,,,,,,24,2022-05-22,OSP
PSY002 LP380 NP6-8,PSY002,LP380,NP6-8,PSY002 LP380,Antel,MANILA,3,2,BARANGAY 719,,,14.560599,120.99127,,,,,,,24,2022-05-22,OSP
PSY002 LP87 NP3-4,PSY002,LP87,NP3-4,PSY002 LP87,Antel,MANILA,3,2,BARANGAY 719,,,14.561235,120.995456,,,,,,,16,2021-10-21,OSP
PSY002 LP87 NP5-6,PSY002,LP87,NP5-6,PSY002 LP87,Antel,MANILA,3,2,BARANGAY 719,,,14.56193,120.995282,,,,,,,16,2021-10-21,OSP
PSY002 LP87 NP7-8,PSY002,LP87,NP7-8,PSY002 LP87,Antel,MANILA,3,2,BARANGAY 719,,,14.562445,120.995128,,,,,,,16,2021-10-21,OSP
PSY002 LP80 NP7-8,PSY002,LP80,NP7-8,PSY002 LP80,Antel,MANILA,3,2,BARANGAY 719,,,14.56048,120.994368,,,,,,,16,2021-10-21,OSP
PSY002 LP78 NP5-6,PSY002,LP78,NP5-6,PSY002 LP78,Antel,MANILA,3,2,BARANGAY 719,,,14.560155,120.992891,,,,,,,16,2021-10-21,OSP
PSY002 LP78 NP7-8,PSY002,LP78,NP7-8,PSY002 LP78,Antel,MANILA,3,2,BARANGAY 719,,,14.560322,120.992841,,,,,,,16,2021-10-21,OSP
PSY002 LP79 NP1-2,PSY002,LP79,NP1-2,PSY002 LP79,Antel,MANILA,3,2,BARANGAY 719,,,14.560474,120.992805,,,,,,,16,2021-10-21,OSP
PSY002 LP79 NP3-4,PSY002,LP79,NP3-4,PSY002 LP79,Antel,MANILA,3,2,BARANGAY 719,,,14.560743,120.992738,,,,,,,16,2021-10-21,OSP
PSY002 LP79 NP5-6,PSY002,LP79,NP5-6,PSY002 LP79,Antel,MANILA,3,2,BARANGAY 719,,,14.560943,120.992608,,,,,,,16,2021-10-21,OSP
PSY002 LP79 NP7-8,PSY002,LP79,NP7-8,PSY002 LP79,Antel,MANILA,3,2,BARANGAY 719,,,14.561068,120.993141,,,,,,,16,2021-10-21,OSP
PSY002 LP80 NP1-2,PSY002,LP80,NP1-2,PSY002 LP80,Antel,MANILA,3,2,BARANGAY 719,,,14.561196,120.993984,,,,,,,16,2021-10-21,OSP
PSY002 LP80 NP3-4,PSY002,LP80,NP3-4,PSY002 LP80,Antel,MANILA,3,2,BARANGAY 719,,,14.560931,120.994131,,,,,,,16,2021-10-21,OSP
PSY002 LP80 NP5-6,PSY002,LP80,NP5-6,PSY002 LP80,Antel,MANILA,3,2,BARANGAY 719,,,14.5607,120.99425,,,,,,,16,2021-10-21,OSP
PSY002 LP71 NP1-2,PSY002,LP71,NP1-2,PSY002 LP71,Antel,MANILA,3,2,BARANGAY 719,,,14.559118,120.989863,,,,,,,16,2021-08-28,OSP
PSY002 LP71 NP3-4,PSY002,LP71,NP3-4,PSY002 LP71,Antel,MANILA,3,2,BARANGAY 719,,,14.559617,120.991199,,,,,,,16,2021-08-28,OSP
PSY002 LP71 NP5-6,PSY002,LP71,NP5-6,PSY002 LP71,Antel,MANILA,3,2,BARANGAY 719,,,14.560095,120.989415,,,,,,,16,2021-08-28,OSP
MNL034 LP257 NP1-2,MNL034,LP257,NP1-2,MNL034 LP257,Benitez,MANILA,3,2,BARANGAY 719,,,14.562038,120.994404,,,,,,,16,2021-02-26,OSP
MNL034 LP257 NP3-4,MNL034,LP257,NP3-4,MNL034 LP257,Benitez,MANILA,3,2,BARANGAY 719,,,14.561084,120.992508,,,,,,,16,2021-02-26,OSP
MNL034 LP257 NP5-6,MNL034,LP257,NP5-6,MNL034 LP257,Benitez,MANILA,3,2,BARANGAY 719,,,14.560556,120.990507,,,,,,,16,2021-02-26,OSP
MNL034 LP257 NP7-8,MNL034,LP257,NP7-8,MNL034 LP257,Benitez,MANILA,3,2,BARANGAY 719,,,14.560303,120.989472,,,,,,,16,2021-02-26,OSP
MNL087 LP3 NP4,MNL087,LP3,NP4,MNL087 LP3,Legaspi Towers 300,MANILA,3,2,BARANGAY 719,,LEGASPI TOWER 300,14.559416,120.988067,,GF,GARBAGE ROOM,MNL161P,,,,2024-02-20,ISP
MNL087 LP1 NP1,MNL087,LP1,NP1,MNL087 LP1,Legaspi Towers 300,MANILA,3,2,BARANGAY 719,,LEGASPI TOWER 300,14.559416,120.988067,,GF,GARBAGE ROOM,MNL161P,,,,2024-02-20,ISP
MNL087 LP2 NP1-2,MNL087,LP2,NP1-2,MNL087 LP2,Legaspi Towers 300,MANILA,3,2,BARANGAY 719,,LEGASPI TOWER 300,14.559416,120.988067,,GF,GARBAGE ROOM,MNL161P,,,,2024-02-20,ISP
MNL087 LP3 NP5-6,MNL087,LP3,NP5-6,MNL087 LP3,Legaspi Towers 300,MANILA,3,2,BARANGAY 719,,LEGASPI TOWER 300,14.559416,120.988067,,GF,GARBAGE ROOM,MNL161P,,,,2024-02-20,ISP
MNL087 LP4 NP4,MNL087,LP4,NP4,MNL087 LP4,Legaspi Towers 300,MANILA,3,2,BARANGAY 719,,LEGASPI TOWER 300,14.559416,120.988067,,GF,GARBAGE ROOM,MNL161P,,,,2024-02-20,ISP
MNL087 LP2 NP8,MNL087,LP2,NP8,MNL087 LP2,Legaspi Towers 300,MANILA,3,2,BARANGAY 719,,LEGASPI TOWER 300,14.559416,120.988067,,GF,GARBAGE ROOM,MNL161P,,,,2024-02-20,ISP
MNL087 LP3 NP8,MNL087,LP3,NP8,MNL087 LP3,Legaspi Towers 300,MANILA,3,2,BARANGAY 719,,LEGASPI TOWER 300,14.559416,120.988067,,GF,GARBAGE ROOM,MNL161P,,,,2024-02-20,ISP
MNL087 LP3 NP3,MNL087,LP3,NP3,MNL087 LP3,Legaspi Towers 300,MANILA,3,2,BARANGAY 719,,LEGASPI TOWER 300,14.559416,120.988067,,GF,GARBAGE ROOM,MNL161P,,,,2024-02-20,ISP
MNL087 LP2 NP7,MNL087,LP2,NP7,MNL087 LP2,Legaspi Towers 300,MANILA,3,2,BARANGAY 719,,LEGASPI TOWER 300,14.559416,120.988067,,GF,GARBAGE ROOM,MNL161P,,,,2024-02-20,ISP
MNL087 LP1 NP2-3,MNL087,LP1,NP2-3,MNL087 LP1,Legaspi Towers 300,MANILA,3,2,BARANGAY 719,,LEGASPI TOWER 300,14.559416,120.988067,,GF,GARBAGE ROOM,MNL161P,,,,2024-02-20,ISP
MNL087 LP1 NP7,MNL087,LP1,NP7,MNL087 LP1,Legaspi Towers 300,MANILA,3,2,BARANGAY 719,,LEGASPI TOWER 300,14.559416,120.988067,,GF,GARBAGE ROOM,MNL161P,,,,2024-02-20,ISP
MNL087 LP1 NP4-5,MNL087,LP1,NP4-5,MNL087 LP1,Legaspi Towers 300,MANILA,3,2,BARANGAY 719,,LEGASPI TOWER 300,14.559416,120.988067,,GF,GARBAGE ROOM,MNL161P,,,,2024-02-20,ISP
MNL087 LP3 NP7,MNL087,LP3,NP7,MNL087 LP3,Legaspi Towers 300,MANILA,3,2,BARANGAY 719,,LEGASPI TOWER 300,14.559416,120.988067,,GF,GARBAGE ROOM,MNL161P,,,,2024-02-20,ISP
MNL087 LP2 NP4,MNL087,LP2,NP4,MNL087 LP2,Legaspi Towers 300,MANILA,3,2,BARANGAY 719,,LEGASPI TOWER 300,14.559416,120.988067,,GF,GARBAGE ROOM,MNL161P,,,,2024-02-20,ISP
MNL087 LP1 NP6,MNL087,LP1,NP6,MNL087 LP1,Legaspi Towers 300,MANILA,3,2,BARANGAY 719,,LEGASPI TOWER 300,14.559416,120.988067,,GF,GARBAGE ROOM,MNL161P,,,,2024-02-20,ISP
MNL087 LP4 NP3,MNL087,LP4,NP3,MNL087 LP4,Legaspi Towers 300,MANILA,3,2,BARANGAY 719,,LEGASPI TOWER 300,14.559416,120.988067,,GF,GARBAGE ROOM,MNL161P,,,,2024-02-20,ISP
MNL087 LP2 NP3,MNL087,LP2,NP3,MNL087 LP2,Legaspi Towers 300,MANILA,3,2,BARANGAY 719,,LEGASPI TOWER 300,14.559416,120.988067,,GF,GARBAGE ROOM,MNL161P,,,,2024-02-20,ISP
MNL087 LP4 NP5-6,MNL087,LP4,NP5-6,MNL087 LP4,Legaspi Towers 300,MANILA,3,2,BARANGAY 719,,LEGASPI TOWER 300,14.559416,120.988067,,GF,GARBAGE ROOM,MNL161P,,,,2024-02-20,ISP
MNL087 LP3 NP1-2,MNL087,LP3,NP1-2,MNL087 LP3,Legaspi Towers 300,MANILA,3,2,BARANGAY 719,,LEGASPI TOWER 300,14.559416,120.988067,,GF,GARBAGE ROOM,MNL161P,,,,2024-02-20,ISP
MNL087 LP2 NP5-6,MNL087,LP2,NP5-6,MNL087 LP2,Legaspi Towers 300,MANILA,3,2,BARANGAY 719,,LEGASPI TOWER 300,14.559416,120.988067,,GF,GARBAGE ROOM,MNL161P,,,,2024-02-20,ISP
MNL087 LP4 NP1-2,MNL087,LP4,NP1-2,MNL087 LP4,Legaspi Towers 300,MANILA,3,2,BARANGAY 719,,LEGASPI TOWER 300,14.559416,120.988067,,GF,GARBAGE ROOM,MNL161P,,,,2024-02-20,ISP
MNL024 LP11 NP2-3,MNL024,LP11,NP2-3,MNL024 LP11,The Grand Towers,MANILA,3,2,BARANGAY 719,,THE GRAND TOWERS MANILA (TOWER 2),14.561503,120.994529,,21F,TTC ROOM,MNL121P,,,,2019-05-04,ISP
MNL024 LP16 NP5-6,MNL024,LP16,NP5-6,MNL024 LP16,The Grand Towers,MANILA,3,2,BARANGAY 719,,THE GRAND TOWERS MANILA (TOWER 2),14.561503,120.994529,,46F,TTC ROOM,MNL121P,,,,2019-05-04,ISP
MNL024 LP6 NP3-4,MNL024,LP6,NP3-4,MNL024 LP6,The Grand Towers,MANILA,3,2,BARANGAY 719,,THE GRAND TOWERS MANILA (TOWER 1),14.561503,120.994529,,36F,TTC ROOM,MNL024,,,,2019-05-04,ISP
MNL024 LP13 NP5-6,MNL024,LP13,NP5-6,MNL024 LP13,The Grand Towers,MANILA,3,2,BARANGAY 719,,THE GRAND TOWERS MANILA (TOWER 2),14.561503,120.994529,,33F,TTC ROOM,MNL121P,,,,2019-05-04,ISP
MNL024 LP7 NP3-4,MNL024,LP7,NP3-4,MNL024 LP7,The Grand Towers,MANILA,3,2,BARANGAY 719,,THE GRAND TOWERS MANILA (TOWER 1),14.561503,120.994529,,40F,TTC ROOM,MNL024,,,,2019-05-04,ISP
MNL024 LP1 NP1,MNL024,LP1,NP1,MNL024 LP1,The Grand Towers,MANILA,3,2,BARANGAY 719,,THE GRAND TOWERS MANILA (TOWER 1),14.561503,120.994529,,8F,TTC ROOM,MNL024,,,,2019-05-04,ISP
MNL024 LP16 NP1-2,MNL024,LP16,NP1-2,MNL024 LP16,The Grand Towers,MANILA,3,2,BARANGAY 719,,THE GRAND TOWERS MANILA (TOWER 2),14.561503,120.994529,,43F,TTC ROOM,MNL121P,,,,2019-05-04,ISP
MNL024 LP5 NP5-6,MNL024,LP5,NP5-6,MNL024 LP5,The Grand Towers,MANILA,3,2,BARANGAY 719,,THE GRAND TOWERS MANILA (TOWER 1),14.561503,120.994529,,33F,TTC ROOM,MNL024,,,,2019-05-04,ISP
MNL024 LP9 NP5-6,MNL024,LP9,NP5-6,MNL024 LP9,The Grand Towers,MANILA,3,2,BARANGAY 719,,THE GRAND TOWERS MANILA (TOWER 2),14.561503,120.994529,,11F,TTC ROOM,MNL121P,,,,2019-05-04,ISP
MNL024 LP1 NP2-3,MNL024,LP1,NP2-3,MNL024 LP1,The Grand Towers,MANILA,3,2,BARANGAY 719,,THE GRAND TOWERS MANILA (TOWER 1),14.561503,120.994529,,9F,TTC ROOM,MNL024,,,,2019-05-04,ISP
MNL024 LP10 NP1,MNL024,LP10,NP1,MNL024 LP10,The Grand Towers,MANILA,3,2,BARANGAY 719,,THE GRAND TOWERS MANILA (TOWER 2),14.561503,120.994529,,15F,TTC ROOM,MNL121P,,,,2019-05-04,ISP
MNL024 LP7 NP5-6,MNL024,LP7,NP5-6,MNL024 LP7,The Grand Towers,MANILA,3,2,BARANGAY 719,,THE GRAND TOWERS MANILA (TOWER 1),14.561503,120.994529,,41F,TTC ROOM,MNL024,,,,2019-05-04,ISP
MNL024 LP8 NP7-8,MNL024,LP8,NP7-8,MNL024 LP8,The Grand Towers,MANILA,3,2,BARANGAY 719,,THE GRAND TOWERS MANILA (TOWER 1),14.561503,120.994529,,47F,TTC ROOM,MNL024,,,,2019-05-04,ISP
MNL024 LP10 NP5-6,MNL024,LP10,NP5-6,MNL024 LP10,The Grand Towers,MANILA,3,2,BARANGAY 719,,THE GRAND TOWERS MANILA (TOWER 2),14.561503,120.994529,,18F,TTC ROOM,MNL121P,,,,2019-05-04,ISP
MNL024 LP13 NP4,MNL024,LP13,NP4,MNL024 LP13,The Grand Towers,MANILA,3,2,BARANGAY 719,,THE GRAND TOWERS MANILA (TOWER 2),14.561503,120.994529,,32F,TTC ROOM,MNL121P,,,,2019-05-04,ISP
MNL024 LP4 NP2-3,MNL024,LP4,NP2-3,MNL024 LP4,The Grand Towers,MANILA,3,2,BARANGAY 719,,THE GRAND TOWERS MANILA (TOWER 1),14.561503,120.994529,,26F,TTC ROOM,MNL024,,,,2019-05-04,ISP
MNL024 LP11 NP5-6,MNL024,LP11,NP5-6,MNL024 LP11,The Grand Towers,MANILA,3,2,BARANGAY 719,,THE GRAND TOWERS MANILA (TOWER 2),14.561503,120.994529,,23F,TTC ROOM,MNL121P,,,,2019-05-04,ISP
MNL024 LP4 NP5-6,MNL024,LP4,NP5-6,MNL024 LP4,The Grand Towers,MANILA,3,2,BARANGAY 719,,THE GRAND TOWERS MANILA (TOWER 1),14.561503,120.994529,,28F,TTC ROOM,MNL024,,,,2019-05-04,ISP
MNL024 LP12 NP7-8,MNL024,LP12,NP7-8,MNL024 LP12,The Grand Towers,MANILA,3,2,BARANGAY 719,,THE GRAND TOWERS MANILA (TOWER 2),14.561503,120.994529,,29F,TTC ROOM,MNL121P,,,,2019-05-04,ISP
MNL024 LP2 NP1,MNL024,LP2,NP1,MNL024 LP2,The Grand Towers,MANILA,3,2,BARANGAY 719,,THE GRAND TOWERS MANILA (TOWER 1),14.561503,120.994529,,15F,TTC ROOM,MNL024,,,,2019-05-04,ISP
MNL024 LP10 NP4,MNL024,LP10,NP4,MNL024 LP10,The Grand Towers,MANILA,3,2,BARANGAY 719,,THE GRAND TOWERS MANILA (TOWER 2),14.561503,120.994529,,17F,TTC ROOM,MNL121P,,,,2019-05-04,ISP
MNL024 LP3 NP4,MNL024,LP3,NP4,MNL024 LP3,The Grand Towers,MANILA,3,2,BARANGAY 719,,THE GRAND TOWERS MANILA (TOWER 1),14.561503,120.994529,,22F,TTC ROOM,MNL024,,,,2019-05-04,ISP
MNL024 LP7 NP7-8,MNL024,LP7,NP7-8,MNL024 LP7,The Grand Towers,MANILA,3,2,BARANGAY 719,,THE GRAND TOWERS MANILA (TOWER 1),14.561503,120.994529,,42F,TTC ROOM,MNL024,,,,2019-05-04,ISP
MNL024 LP1 NP4,MNL024,LP1,NP4,MNL024 LP1,The Grand Towers,MANILA,3,2,BARANGAY 719,,THE GRAND TOWERS MANILA (TOWER 1),14.561503,120.994529,,10F,TTC ROOM,MNL024,,,,2019-05-04,ISP
MNL024 LP16 NP3-4,MNL024,LP16,NP3-4,MNL024 LP16,The Grand Towers,MANILA,3,2,BARANGAY 719,,THE GRAND TOWERS MANILA (TOWER 2),14.561503,120.994529,,45F,TTC ROOM,MNL121P,,,,2019-05-04,ISP
MNL024 LP4 NP1,MNL024,LP4,NP1,MNL024 LP4,The Grand Towers,MANILA,3,2,BARANGAY 719,,THE GRAND TOWERS MANILA (TOWER 1),14.561503,120.994529,,25F,TTC ROOM,MNL024,,,,2019-05-04,ISP
MNL024 LP6 NP7-8,MNL024,LP6,NP7-8,MNL024 LP6,The Grand Towers,MANILA,3,2,BARANGAY 719,,THE GRAND TOWERS MANILA (TOWER 1),14.561503,120.994529,,38F,TTC ROOM,MNL024,,,,2019-05-04,ISP
MNL024 LP1 NP5-6,MNL024,LP1,NP5-6,MNL024 LP1,The Grand Towers,MANILA,3,2,BARANGAY 719,,THE GRAND TOWERS MANILA (TOWER 1),14.561503,120.994529,,11F,TTC ROOM,MNL024,,,,2019-05-04,ISP
MNL024 LP8 NP5-6,MNL024,LP8,NP5-6,MNL024 LP8,The Grand Towers,MANILA,3,2,BARANGAY 719,,THE GRAND TOWERS MANILA (TOWER 1),14.561503,120.994529,,46F,TTC ROOM,MNL024,,,,2019-05-04,ISP
MNL024 LP15 NP1-2,MNL024,LP15,NP1-2,MNL024 LP15,The Grand Towers,MANILA,3,2,BARANGAY 719,,THE GRAND TOWERS MANILA (TOWER 2),14.561503,120.994529,,39F,TTC ROOM,MNL121P,,,,2019-05-04,ISP
MNL024 LP5 NP2-3,MNL024,LP5,NP2-3,MNL024 LP5,The Grand Towers,MANILA,3,2,BARANGAY 719,,THE GRAND TOWERS MANILA (TOWER 1),14.561503,120.994529,,31F,TTC ROOM,MNL024,,,,2019-05-04,ISP
MNL024 LP11 NP1,MNL024,LP11,NP1,MNL024 LP11,The Grand Towers,MANILA,3,2,BARANGAY 719,,THE GRAND TOWERS MANILA (TOWER 2),14.561503,120.994529,,20F,TTC ROOM,MNL121P,,,,2019-05-04,ISP
MNL024 LP10 NP7-8,MNL024,LP10,NP7-8,MNL024 LP10,The Grand Towers,MANILA,3,2,BARANGAY 719,,THE GRAND TOWERS MANILA (TOWER 2),14.561503,120.994529,,19F,TTC ROOM,MNL121P,,,,2019-05-04,ISP
MNL024 LP2 NP4,MNL024,LP2,NP4,MNL024 LP2,The Grand Towers,MANILA,3,2,BARANGAY 719,,THE GRAND TOWERS MANILA (TOWER 1),14.561503,120.994529,,17F,TTC ROOM,MNL024,,,,2019-05-04,ISP
MNL024 LP13 NP2-3,MNL024,LP13,NP2-3,MNL024 LP13,The Grand Towers,MANILA,3,2,BARANGAY 719,,THE GRAND TOWERS MANILA (TOWER 2),14.561503,120.994529,,31F,TTC ROOM,MNL121P,,,,2019-05-04,ISP
MNL024 LP3 NP5-6,MNL024,LP3,NP5-6,MNL024 LP3,The Grand Towers,MANILA,3,2,BARANGAY 719,,THE GRAND TOWERS MANILA (TOWER 1),14.561503,120.994529,,23F,TTC ROOM,MNL024,,,,2019-05-04,ISP
MNL024 LP2 NP5-6,MNL024,LP2,NP5-6,MNL024 LP2,The Grand Towers,MANILA,3,2,BARANGAY 719,,THE GRAND TOWERS MANILA (TOWER 1),14.561503,120.994529,,18F,TTC ROOM,MNL024,,,,2019-05-04,ISP
MNL024 LP12 NP2-3,MNL024,LP12,NP2-3,MNL024 LP12,The Grand Towers,MANILA,3,2,BARANGAY 719,,THE GRAND TOWERS MANILA (TOWER 2),14.561503,120.994529,,26F,TTC ROOM,MNL121P,,,,2019-05-04,ISP
MNL024 LP1 NP7-8,MNL024,LP1,NP7-8,MNL024 LP1,The Grand Towers,MANILA,3,2,BARANGAY 719,,THE GRAND TOWERS MANILA (TOWER 1),14.561503,120.994529,,12F,TTC ROOM,MNL024,,,,2019-05-04,ISP
MNL024 LP5 NP7-8,MNL024,LP5,NP7-8,MNL024 LP5,The Grand Towers,MANILA,3,2,BARANGAY 719,,THE GRAND TOWERS MANILA (TOWER 1),14.561503,120.994529,,34F,TTC ROOM,MNL024,,,,2019-05-04,ISP
MNL024 LP7 NP1-2,MNL024,LP7,NP1-2,MNL024 LP7,The Grand Towers,MANILA,3,2,BARANGAY 719,,THE GRAND TOWERS MANILA (TOWER 1),14.561503,120.994529,,39F,TTC ROOM,MNL024,,,,2019-05-04,ISP
MNL024 LP4 NP4,MNL024,LP4,NP4,MNL024 LP4,The Grand Towers,MANILA,3,2,BARANGAY 719,,THE GRAND TOWERS MANILA (TOWER 1),14.561503,120.994529,,27F,TTC ROOM,MNL024,,,,2019-05-04,ISP
MNL024 LP13 NP1,MNL024,LP13,NP1,MNL024 LP13,The Grand Towers,MANILA,3,2,BARANGAY 719,,THE GRAND TOWERS MANILA (TOWER 2),14.561503,120.994529,,30F,TTC ROOM,MNL121P,,,,2019-05-04,ISP
MNL024 LP16 NP7-8,MNL024,LP16,NP7-8,MNL024 LP16,The Grand Towers,MANILA,3,2,BARANGAY 719,,THE GRAND TOWERS MANILA (TOWER 2),14.561503,120.994529,,47F,TTC ROOM,MNL121P,,,,2019-05-04,ISP
MNL024 LP2 NP2-3,MNL024,LP2,NP2-3,MNL024 LP2,The Grand Towers,MANILA,3,2,BARANGAY 719,,THE GRAND TOWERS MANILA (TOWER 1),14.561503,120.994529,,16F,TTC ROOM,MNL024,,,,2019-05-04,ISP
MNL024 LP14 NP5-6,MNL024,LP14,NP5-6,MNL024 LP14,The Grand Towers,MANILA,3,2,BARANGAY 719,,THE GRAND TOWERS MANILA (TOWER 2),14.561503,120.994529,,37F,TTC ROOM,MNL121P,,,,2019-05-04,ISP
MNL024 LP14 NP3-4,MNL024,LP14,NP3-4,MNL024 LP14,The Grand Towers,MANILA,3,2,BARANGAY 719,,THE GRAND TOWERS MANILA (TOWER 2),14.561503,120.994529,,36F,TTC ROOM,MNL121P,,,,2019-05-04,ISP
MNL024 LP11 NP4,MNL024,LP11,NP4,MNL024 LP11,The Grand Towers,MANILA,3,2,BARANGAY 719,,THE GRAND TOWERS MANILA (TOWER 2),14.561503,120.994529,,22F,TTC ROOM,MNL121P,,,,2019-05-04,ISP
MNL024 LP14 NP1-2,MNL024,LP14,NP1-2,MNL024 LP14,The Grand Towers,MANILA,3,2,BARANGAY 719,,THE GRAND TOWERS MANILA (TOWER 2),14.561503,120.994529,,35F,TTC ROOM,MNL121P,,,,2019-05-04,ISP
MNL024 LP12 NP1,MNL024,LP12,NP1,MNL024 LP12,The Grand Towers,MANILA,3,2,BARANGAY 719,,THE GRAND TOWERS MANILA (TOWER 2),14.561503,120.994529,,25F,TTC ROOM,MNL121P,,,,2019-05-04,ISP
MNL024 LP9 NP2-3,MNL024,LP9,NP2-3,MNL024 LP9,The Grand Towers,MANILA,3,2,BARANGAY 719,,THE GRAND TOWERS MANILA (TOWER 2),14.561503,120.994529,,9F,TTC ROOM,MNL121P,,,,2019-05-04,ISP
MNL024 LP3 NP7-8,MNL024,LP3,NP7-8,MNL024 LP3,The Grand Towers,MANILA,3,2,BARANGAY 719,,THE GRAND TOWERS MANILA (TOWER 1),14.561503,120.994529,,24F,TTC ROOM,MNL024,,,,2019-05-04,ISP
MNL024 LP9 NP1,MNL024,LP9,NP1,MNL024 LP9,The Grand Towers,MANILA,3,2,BARANGAY 719,,THE GRAND TOWERS MANILA (TOWER 2),14.561503,120.994529,,8F,TTC ROOM,MNL121P,,,,2019-05-04,ISP
MNL024 LP15 NP3-4,MNL024,LP15,NP3-4,MNL024 LP15,The Grand Towers,MANILA,3,2,BARANGAY 719,,THE GRAND TOWERS MANILA (TOWER 2),14.561503,120.994529,,40F,TTC ROOM,MNL121P,,,,2019-05-04,ISP
MNL024 LP11 NP7-8,MNL024,LP11,NP7-8,MNL024 LP11,The Grand Towers,MANILA,3,2,BARANGAY 719,,THE GRAND TOWERS MANILA (TOWER 2),14.561503,120.994529,,24F,TTC ROOM,MNL121P,,,,2019-05-04,ISP
MNL024 LP15 NP7-8,MNL024,LP15,NP7-8,MNL024 LP15,The Grand Towers,MANILA,3,2,BARANGAY 719,,THE GRAND TOWERS MANILA (TOWER 2),14.561503,120.994529,,42F,TTC ROOM,MNL121P,,,,2019-05-04,ISP
MNL024 LP14 NP7-8,MNL024,LP14,NP7-8,MNL024 LP14,The Grand Towers,MANILA,3,2,BARANGAY 719,,THE GRAND TOWERS MANILA (TOWER 2),14.561503,120.994529,,38F,TTC ROOM,MNL121P,,,,2019-05-04,ISP
MNL024 LP12 NP4,MNL024,LP12,NP4,MNL024 LP12,The Grand Towers,MANILA,3,2,BARANGAY 719,,THE GRAND TOWERS MANILA (TOWER 2),14.561503,120.994529,,27F,TTC ROOM,MNL121P,,,,2019-05-04,ISP
MNL024 LP3 NP2-3,MNL024,LP3,NP2-3,MNL024 LP3,The Grand Towers,MANILA,3,2,BARANGAY 719,,THE GRAND TOWERS MANILA (TOWER 1),14.561503,120.994529,,21F,TTC ROOM,MNL024,,,,2019-05-04,ISP
MNL024 LP13 NP7-8,MNL024,LP13,NP7-8,MNL024 LP13,The Grand Towers,MANILA,3,2,BARANGAY 719,,THE GRAND TOWERS MANILA (TOWER 2),14.561503,120.994529,,34F,TTC ROOM,MNL121P,,,,2019-05-04,ISP
MNL024 LP9 NP4,MNL024,LP9,NP4,MNL024 LP9,The Grand Towers,MANILA,3,2,BARANGAY 719,,THE GRAND TOWERS MANILA (TOWER 2),14.561503,120.994529,,10F,TTC ROOM,MNL121P,,,,2019-05-04,ISP
MNL024 LP15 NP5-6,MNL024,LP15,NP5-6,MNL024 LP15,The Grand Towers,MANILA,3,2,BARANGAY 719,,THE GRAND TOWERS MANILA (TOWER 2),14.561503,120.994529,,41F,TTC ROOM,MNL121P,,,,2019-05-04,ISP
MNL024 LP5 NP1,MNL024,LP5,NP1,MNL024 LP5,The Grand Towers,MANILA,3,2,BARANGAY 719,,THE GRAND TOWERS MANILA (TOWER 1),14.561503,120.994529,,30F,TTC ROOM,MNL024,,,,2019-05-04,ISP
MNL024 LP10 NP2-3,MNL024,LP10,NP2-3,MNL024 LP10,The Grand Towers,MANILA,3,2,BARANGAY 719,,THE GRAND TOWERS MANILA (TOWER 2),14.561503,120.994529,,16F,TTC ROOM,MNL121P,,,,2019-05-04,ISP
MNL024 LP8 NP3-4,MNL024,LP8,NP3-4,MNL024 LP8,The Grand Towers,MANILA,3,2,BARANGAY 719,,THE GRAND TOWERS MANILA (TOWER 1),14.561503,120.994529,,45F,TTC ROOM,MNL024,,,,2019-05-04,ISP
MNL024 LP12 NP5-6,MNL024,LP12,NP5-6,MNL024 LP12,The Grand Towers,MANILA,3,2,BARANGAY 719,,THE GRAND TOWERS MANILA (TOWER 2),14.561503,120.994529,,28F,TTC ROOM,MNL121P,,,,2019-05-04,ISP
MNL024 LP2 NP7-8,MNL024,LP2,NP7-8,MNL024 LP2,The Grand Towers,MANILA,3,2,BARANGAY 719,,THE GRAND TOWERS MANILA (TOWER 1),14.561503,120.994529,,19F,TTC ROOM,MNL024,,,,2019-05-04,ISP
MNL024 LP8 NP1-2,MNL024,LP8,NP1-2,MNL024 LP8,The Grand Towers,MANILA,3,2,BARANGAY 719,,THE GRAND TOWERS MANILA (TOWER 1),14.561503,120.994529,,43F,TTC ROOM,MNL024,,,,2019-05-04,ISP
MNL024 LP3 NP1,MNL024,LP3,NP1,MNL024 LP3,The Grand Towers,MANILA,3,2,BARANGAY 719,,THE GRAND TOWERS MANILA (TOWER 1),14.561503,120.994529,,20F,TTC ROOM,MNL024,,,,2019-05-04,ISP
MNL024 LP6 NP1-2,MNL024,LP6,NP1-2,MNL024 LP6,The Grand Towers,MANILA,3,2,BARANGAY 719,,THE GRAND TOWERS MANILA (TOWER 1),14.561503,120.994529,,35F,TTC ROOM,MNL024,,,,2019-05-04,ISP
MNL024 LP6 NP5-6,MNL024,LP6,NP5-6,MNL024 LP6,The Grand Towers,MANILA,3,2,BARANGAY 719,,THE GRAND TOWERS MANILA (TOWER 1),14.561503,120.994529,,37F,TTC ROOM,MNL024,,,,2019-05-04,ISP
MNL024 LP5 NP4,MNL024,LP5,NP4,MNL024 LP5,The Grand Towers,MANILA,3,2,BARANGAY 719,,THE GRAND TOWERS MANILA (TOWER 1),14.561503,120.994529,,32F,TTC ROOM,MNL024,,,,2019-05-04,ISP
MNL024 LP9 NP7-8,MNL024,LP9,NP7-8,MNL024 LP9,The Grand Towers,MANILA,3,2,BARANGAY 719,,THE GRAND TOWERS MANILA (TOWER 2),14.561503,120.994529,,12F,TTC ROOM,MNL121P,,,,2019-05-04,ISP
MNL024 LP4 NP7-8,MNL024,LP4,NP7-8,MNL024 LP4,The Grand Towers,MANILA,3,2,BARANGAY 719,,THE GRAND TOWERS MANILA (TOWER 1),14.561503,120.994529,,29F,TTC ROOM,MNL024,,,,2019-05-04,ISP
MNL001 LP326 NP5-6,MNL001,LP326,NP5-6,MNL001 LP326,Zen Tower,MANILA,3,2,BARANGAY 719,,TORRE LORENZO PLAZA CONDOMINIUM,14.562695,120.994778,MNL122P,10F,TELCO ROOM,,,,,2020-02-27,ISP
MNL001 LP327 NP3-4,MNL001,LP327,NP3-4,MNL001 LP327,Zen Tower,MANILA,3,2,BARANGAY 719,,TORRE LORENZO PLAZA CONDOMINIUM,14.562695,120.994778,MNL122P,15F,TELCO ROOM,,,,,2020-02-27,ISP
MNL001 LP326 NP3-4,MNL001,LP326,NP3-4,MNL001 LP326,Zen Tower,MANILA,3,2,BARANGAY 719,,TORRE LORENZO PLAZA CONDOMINIUM,14.562695,120.994778,MNL122P,8F,TELCO ROOM,,,,,2020-02-27,ISP
MNL001 LP326 NP1-2,MNL001,LP326,NP1-2,MNL001 LP326,Zen Tower,MANILA,3,2,BARANGAY 719,,TORRE LORENZO PLAZA CONDOMINIUM,14.562695,120.994778,MNL122P,6F,TELCO ROOM,,,,,2020-02-27,ISP
MNL001 LP327 NP5-6,MNL001,LP327,NP5-6,MNL001 LP327,Zen Tower,MANILA,3,2,BARANGAY 719,,TORRE LORENZO PLAZA CONDOMINIUM,14.562695,120.994778,MNL122P,17F,TELCO ROOM,,,,,2020-02-27,ISP
MNL001 LP327 NP1-2,MNL001,LP327,NP1-2,MNL001 LP327,Zen Tower,MANILA,3,2,BARANGAY 719,,TORRE LORENZO PLAZA CONDOMINIUM,14.562695,120.994778,MNL122P,12F,TELCO ROOM,,,,,2020-02-27,ISP
MNL029 LP5 NP8,MNL029,LP5,NP8,MNL029 LP5,Adriatico Gardens,MANILA,3,2,BARANGAY 720,,ADRIATICO GARDENS (TOWER C),14.564418,120.990349,,8F,CONVERGE ROOM,MNL029,,,,2019-12-20,ISP
MNL029 LP3 NP1,MNL029,LP3,NP1,MNL029 LP3,Adriatico Gardens,MANILA,3,2,BARANGAY 720,,ADRIATICO GARDENS (TOWER B),14.564685,120.990134,,GF,CONVERGE ROOM,MNL124P,,,,2019-12-20,ISP
MNL029 LP3 NP3,MNL029,LP3,NP3,MNL029 LP3,Adriatico Gardens,MANILA,3,2,BARANGAY 720,,ADRIATICO GARDENS (TOWER B),14.564685,120.990134,,3F,CONVERGE ROOM,MNL124P,,,,2019-12-20,ISP
MNL029 LP3 NP4,MNL029,LP3,NP4,MNL029 LP3,Adriatico Gardens,MANILA,3,2,BARANGAY 720,,ADRIATICO GARDENS (TOWER B),14.564685,120.990134,,4F,CONVERGE ROOM,MNL124P,,,,2019-12-20,ISP
MNL029 LP4 NP4,MNL029,LP4,NP4,MNL029 LP4,Adriatico Gardens,MANILA,3,2,BARANGAY 720,,ADRIATICO GARDENS (TOWER B),14.564685,120.990134,,12F,CONVERGE ROOM,MNL124P,,,,2019-12-20,ISP
MNL029 LP2 NP3,MNL029,LP2,NP3,MNL029 LP2,Adriatico Gardens,MANILA,3,2,BARANGAY 720,,ADRIATICO GARDENS (TOWER A),14.564418,120.989987,,11F,CONVERGE ROOM,MNL123P,,,,2019-12-20,ISP
MNL029 LP4 NP1,MNL029,LP4,NP1,MNL029 LP4,Adriatico Gardens,MANILA,3,2,BARANGAY 720,,ADRIATICO GARDENS (TOWER B),14.564685,120.990134,,9F,CONVERGE ROOM,MNL124P,,,,2019-12-20,ISP
MNL029 LP6 NP3,MNL029,LP6,NP3,MNL029 LP6,Adriatico Gardens,MANILA,3,2,BARANGAY 720,,ADRIATICO GARDENS (TOWER C),14.564418,120.990349,,11F,CONVERGE ROOM,MNL029,,,,2019-12-20,ISP
MNL029 LP5 NP4,MNL029,LP5,NP4,MNL029 LP5,Adriatico Gardens,MANILA,3,2,BARANGAY 720,,ADRIATICO GARDENS (TOWER C),14.564418,120.990349,,4F,CONVERGE ROOM,MNL029,,,,2019-12-20,ISP
MNL029 LP4 NP3,MNL029,LP4,NP3,MNL029 LP4,Adriatico Gardens,MANILA,3,2,BARANGAY 720,,ADRIATICO GARDENS (TOWER B),14.564685,120.990134,,11F,CONVERGE ROOM,MNL124P,,,,2019-12-20,ISP
MNL029 LP1 NP8,MNL029,LP1,NP8,MNL029 LP1,Adriatico Gardens,MANILA,3,2,BARANGAY 720,,ADRIATICO GARDENS (TOWER A),14.564418,120.989987,,8F,CONVERGE ROOM,MNL123P,,,,2019-12-20,ISP
MNL029 LP3 NP5,MNL029,LP3,NP5,MNL029 LP3,Adriatico Gardens,MANILA,3,2,BARANGAY 720,,ADRIATICO GARDENS (TOWER B),14.564685,120.990134,,5F,CONVERGE ROOM,MNL124P,,,,2019-12-20,ISP
MNL029 LP5 NP6,MNL029,LP5,NP6,MNL029 LP5,Adriatico Gardens,MANILA,3,2,BARANGAY 720,,ADRIATICO GARDENS (TOWER C),14.564418,120.990349,,6F,CONVERGE ROOM,MNL029,,,,2019-12-20,ISP
MNL029 LP4 NP2,MNL029,LP4,NP2,MNL029 LP4,Adriatico Gardens,MANILA,3,2,BARANGAY 720,,ADRIATICO GARDENS (TOWER B),14.564685,120.990134,,10F,CONVERGE ROOM,MNL124P,,,,2019-12-20,ISP
MNL029 LP5 NP1,MNL029,LP5,NP1,MNL029 LP5,Adriatico Gardens,MANILA,3,2,BARANGAY 720,,ADRIATICO GARDENS (TOWER C),14.564418,120.990349,,GF,CONVERGE ROOM,MNL029,,,,2019-12-20,ISP
MNL029 LP1 NP3,MNL029,LP1,NP3,MNL029 LP1,Adriatico Gardens,MANILA,3,2,BARANGAY 720,,ADRIATICO GARDENS (TOWER A),14.564418,120.989987,,3F,CONVERGE ROOM,MNL123P,,,,2019-12-20,ISP
MNL029 LP5 NP5,MNL029,LP5,NP5,MNL029 LP5,Adriatico Gardens,MANILA,3,2,BARANGAY 720,,ADRIATICO GARDENS (TOWER C),14.564418,120.990349,,5F,CONVERGE ROOM,MNL029,,,,2019-12-20,ISP
MNL029 LP2 NP2,MNL029,LP2,NP2,MNL029 LP2,Adriatico Gardens,MANILA,3,2,BARANGAY 720,,ADRIATICO GARDENS (TOWER A),14.564418,120.989987,,10F,CONVERGE ROOM,MNL123P,,,,2019-12-20,ISP
MNL029 LP4 NP5,MNL029,LP4,NP5,MNL029 LP4,Adriatico Gardens,MANILA,3,2,BARANGAY 720,,ADRIATICO GARDENS (TOWER B),14.564685,120.990134,,14F,CONVERGE ROOM,MNL124P,,,,2019-12-20,ISP
MNL029 LP6 NP1,MNL029,LP6,NP1,MNL029 LP6,Adriatico Gardens,MANILA,3,2,BARANGAY 720,,ADRIATICO GARDENS (TOWER C),14.564418,120.990349,,9F,CONVERGE ROOM,MNL029,,,,2019-12-20,ISP
MNL029 LP3 NP7,MNL029,LP3,NP7,MNL029 LP3,Adriatico Gardens,MANILA,3,2,BARANGAY 720,,ADRIATICO GARDENS (TOWER B),14.564685,120.990134,,7F,CONVERGE ROOM,MNL124P,,,,2019-12-20,ISP
MNL029 LP1 NP6,MNL029,LP1,NP6,MNL029 LP1,Adriatico Gardens,MANILA,3,2,BARANGAY 720,,ADRIATICO GARDENS (TOWER A),14.564418,120.989987,,6F,CONVERGE ROOM,MNL123P,,,,2019-12-20,ISP
MNL029 LP6 NP2,MNL029,LP6,NP2,MNL029 LP6,Adriatico Gardens,MANILA,3,2,BARANGAY 720,,ADRIATICO GARDENS (TOWER C),14.564418,120.990349,,10F,CONVERGE ROOM,MNL029,,,,2019-12-20,ISP
MNL029 LP6 NP4,MNL029,LP6,NP4,MNL029 LP6,Adriatico Gardens,MANILA,3,2,BARANGAY 720,,ADRIATICO GARDENS (TOWER C),14.564418,120.990349,,12F,CONVERGE ROOM,MNL029,,,,2019-12-20,ISP
MNL029 LP1 NP7,MNL029,LP1,NP7,MNL029 LP1,Adriatico Gardens,MANILA,3,2,BARANGAY 720,,ADRIATICO GARDENS (TOWER A),14.564418,120.989987,,7F,CONVERGE ROOM,MNL123P,,,,2019-12-20,ISP
MNL029 LP5 NP2,MNL029,LP5,NP2,MNL029 LP5,Adriatico Gardens,MANILA,3,2,BARANGAY 720,,ADRIATICO GARDENS (TOWER C),14.564418,120.990349,,2F,CONVERGE ROOM,MNL029,,,,2019-12-20,ISP
MNL029 LP5 NP7,MNL029,LP5,NP7,MNL029 LP5,Adriatico Gardens,MANILA,3,2,BARANGAY 720,,ADRIATICO GARDENS (TOWER C),14.564418,120.990349,,7F,CONVERGE ROOM,MNL029,,,,2019-12-20,ISP
MNL029 LP6 NP6,MNL029,LP6,NP6,MNL029 LP6,Adriatico Gardens,MANILA,3,2,BARANGAY 720,,ADRIATICO GARDENS (TOWER C),14.564418,120.990349,,15F,CONVERGE ROOM,MNL029,,,,2019-12-20,ISP
MNL029 LP6 NP5,MNL029,LP6,NP5,MNL029 LP6,Adriatico Gardens,MANILA,3,2,BARANGAY 720,,ADRIATICO GARDENS (TOWER C),14.564418,120.990349,,14F,CONVERGE ROOM,MNL029,,,,2019-12-20,ISP
MNL029 LP4 NP7,MNL029,LP4,NP7,MNL029 LP4,Adriatico Gardens,MANILA,3,2,BARANGAY 720,,ADRIATICO GARDENS (TOWER B),14.564685,120.990134,,16F,CONVERGE ROOM,MNL124P,,,,2019-12-20,ISP
MNL029 LP3 NP6,MNL029,LP3,NP6,MNL029 LP3,Adriatico Gardens,MANILA,3,2,BARANGAY 720,,ADRIATICO GARDENS (TOWER B),14.564685,120.990134,,6F,CONVERGE ROOM,MNL124P,,,,2019-12-20,ISP
MNL029 LP1 NP2,MNL029,LP1,NP2,MNL029 LP1,Adriatico Gardens,MANILA,3,2,BARANGAY 720,,ADRIATICO GARDENS (TOWER A),14.564418,120.989987,,2F,CONVERGE ROOM,MNL123P,,,,2019-12-20,ISP
MNL029 LP3 NP2,MNL029,LP3,NP2,MNL029 LP3,Adriatico Gardens,MANILA,3,2,BARANGAY 720,,ADRIATICO GARDENS (TOWER B),14.564685,120.990134,,2F,CONVERGE ROOM,MNL124P,,,,2019-12-20,ISP
MNL029 LP1 NP1,MNL029,LP1,NP1,MNL029 LP1,Adriatico Gardens,MANILA,3,2,BARANGAY 720,,ADRIATICO GARDENS (TOWER A),14.564418,120.989987,,GF,CONVERGE ROOM,MNL123P,,,,2019-12-20,ISP
MNL029 LP3 NP8,MNL029,LP3,NP8,MNL029 LP3,Adriatico Gardens,MANILA,3,2,BARANGAY 720,,ADRIATICO GARDENS (TOWER B),14.564685,120.990134,,8F,CONVERGE ROOM,MNL124P,,,,2019-12-20,ISP
MNL029 LP1 NP4,MNL029,LP1,NP4,MNL029 LP1,Adriatico Gardens,MANILA,3,2,BARANGAY 720,,ADRIATICO GARDENS (TOWER A),14.564418,120.989987,,4F,CONVERGE ROOM,MNL123P,,,,2019-12-20,ISP
MNL029 LP6 NP7,MNL029,LP6,NP7,MNL029 LP6,Adriatico Gardens,MANILA,3,2,BARANGAY 720,,ADRIATICO GARDENS (TOWER C),14.564418,120.990349,,16F,CONVERGE ROOM,MNL029,,,,2019-12-20,ISP
MNL029 LP1 NP5,MNL029,LP1,NP5,MNL029 LP1,Adriatico Gardens,MANILA,3,2,BARANGAY 720,,ADRIATICO GARDENS (TOWER A),14.564418,120.989987,,5F,CONVERGE ROOM,MNL123P,,,,2019-12-20,ISP
MNL029 LP5 NP3,MNL029,LP5,NP3,MNL029 LP5,Adriatico Gardens,MANILA,3,2,BARANGAY 720,,ADRIATICO GARDENS (TOWER C),14.564418,120.990349,,3F,CONVERGE ROOM,MNL029,,,,2019-12-20,ISP
MNL029 LP6 NP8,MNL029,LP6,NP8,MNL029 LP6,Adriatico Gardens,MANILA,3,2,BARANGAY 720,,ADRIATICO GARDENS (TOWER C),14.564418,120.990349,,17F,CONVERGE ROOM,MNL029,,,,2019-12-20,ISP
MNL029 LP4 NP6,MNL029,LP4,NP6,MNL029 LP4,Adriatico Gardens,MANILA,3,2,BARANGAY 720,,ADRIATICO GARDENS (TOWER B),14.564685,120.990134,,15F,CONVERGE ROOM,MNL124P,,,,2019-12-20,ISP
MNL029 LP2 NP1,MNL029,LP2,NP1,MNL029 LP2,Adriatico Gardens,MANILA,3,2,BARANGAY 720,,ADRIATICO GARDENS (TOWER A),14.564418,120.989987,,9F,CONVERGE ROOM,MNL123P,,,,2019-12-20,ISP
PSY002 LP22 NP3-4,PSY002,LP22,NP3-4,PSY002 LP22,Antel,MANILA,3,2,BARANGAY 720,,,14.563097,120.987854,,,,,,,16,2017-06-06,OSP
MNL034 LP250 NP3-4-5,MNL034,LP250,NP3-4-5,MNL034 LP250,Benitez,MANILA,3,2,BARANGAY 720,,,14.565239,120.990653,,,,,,,24,2021-02-26,OSP
MNL034 LP44 NP1-2,MNL034,LP44,NP1-2,MNL034 LP44,Benitez,MANILA,3,2,BARANGAY 720,,,14.564936,120.990755,,,,,,,16,2020-02-19,OSP
MNL034 LP43 NP5-6,MNL034,LP43,NP5-6,MNL034 LP43,Benitez,MANILA,3,2,BARANGAY 720,,,14.565248,120.990935,,,,,,,16,2020-02-19,OSP
PSY002 LP27 NP1-2,PSY002,LP27,NP1-2,PSY002 LP27,Antel,MANILA,3,2,BARANGAY 721,,,14.566485,120.988638,,,,,,,16,2016-11-10,OSP
PSY002 LP22 NP5-6,PSY002,LP22,NP5-6,PSY002 LP22,Antel,MANILA,3,2,BARANGAY 721,,,14.565007,120.986956,,,,,,,16,2017-06-06,OSP
MNL034 LP248 NP3-4-5,MNL034,LP248,NP3-4-5,MNL034 LP248,Benitez,MANILA,3,2,BARANGAY 721,,,14.567129,120.989643,,,,,,,24,2021-02-26,OSP
MNL034 LP248 NP6-7-8,MNL034,LP248,NP6-7-8,MNL034 LP248,Benitez,MANILA,3,2,BARANGAY 721,,,14.566693,120.989846,,,,,,,24,2021-02-26,OSP
PSY002 LP27 NP7-8,PSY002,LP27,NP7-8,PSY002 LP27,Antel,MANILA,3,2,BARANGAY 722,,,14.572842,120.993768,,,,,,,16,2016-11-13,OSP
MNL034 LP1 NP1-2,MNL034,LP1,NP1-2,MNL034 LP1,Benitez,MANILA,3,2,BARANGAY 722,,,14.572006,120.994131,,,,,,,16,2020-02-13,OSP
MNL034 LP159 NP1-2,MNL034,LP159,NP1-2,MNL034 LP159,Benitez,MANILA,3,2,BARANGAY 722,,,14.57224,120.993288,,,,,,,16,2021-01-30,OSP
MNL034 LP159 NP3-4,MNL034,LP159,NP3-4,MNL034 LP159,Benitez,MANILA,3,2,BARANGAY 722,,,14.57224,120.993288,,,,,,,16,2021-01-30,OSP
MNL034 LP159 NP5-6,MNL034,LP159,NP5-6,MNL034 LP159,Benitez,MANILA,3,2,BARANGAY 722,,,14.572839,120.993777,,,,,,,16,2021-01-30,OSP
MNL034 LP155 NP1-2,MNL034,LP155,NP1-2,MNL034 LP155,Benitez,MANILA,3,2,BARANGAY 722,,,14.571351,120.994604,,,,,,,16,2021-01-30,OSP
MNL034 LP155 NP3-4,MNL034,LP155,NP3-4,MNL034 LP155,Benitez,MANILA,3,2,BARANGAY 722,,,14.571183,120.994177,,,,,,,16,2021-01-30,OSP
MNL034 LP155 NP5-6,MNL034,LP155,NP5-6,MNL034 LP155,Benitez,MANILA,3,2,BARANGAY 722,,,14.571786,120.993907,,,,,,,16,2021-01-30,OSP
MNL034 LP156 NP1-2,MNL034,LP156,NP1-2,MNL034 LP156,Benitez,MANILA,3,2,BARANGAY 722,,,14.571492,120.994948,,,,,,,16,2021-01-30,OSP
MNL034 LP156 NP3-4,MNL034,LP156,NP3-4,MNL034 LP156,Benitez,MANILA,3,2,BARANGAY 722,,,14.571847,120.994835,,,,,,,16,2021-01-30,OSP
MNL034 LP156 NP5-6,MNL034,LP156,NP5-6,MNL034 LP156,Benitez,MANILA,3,2,BARANGAY 722,,,14.572136,120.994704,,,,,,,16,2021-01-30,OSP
MNL034 LP156 NP7-8,MNL034,LP156,NP7-8,MNL034 LP156,Benitez,MANILA,3,2,BARANGAY 722,,,14.572617,120.994487,,,,,,,16,2021-01-30,OSP
MNL034 LP158 NP1-2,MNL034,LP158,NP1-2,MNL034 LP158,Benitez,MANILA,3,2,BARANGAY 722,,,14.571079,120.993914,,,,,,,16,2021-01-30,OSP
MNL034 LP3 NP3-4,MNL034,LP3,NP3-4,MNL034 LP3,Benitez,MANILA,3,2,BARANGAY 722,,,14.570988,120.993953,,,,,,,16,2020-02-13,OSP
MNL034 LP3 NP7-8,MNL034,LP3,NP7-8,MNL034 LP3,Benitez,MANILA,3,2,BARANGAY 722,,,14.571782,120.993916,,,,,,,16,2020-02-13,OSP
MNL034 LP347 NP1-2,MNL034,LP347,NP1-2,MNL034 LP347,Benitez,MANILA,3,2,BARANGAY 722,,,14.571154,120.994378,,,,,,,16,2022-05-26,OSP
MNL034 LP347 NP3-4,MNL034,LP347,NP3-4,MNL034 LP347,Benitez,MANILA,3,2,BARANGAY 722,,,14.570988,120.993936,,,,,,,16,2022-05-26,OSP
MNL034 LP255 NP1-2,MNL034,LP255,NP1-2,MNL034 LP255,Benitez,MANILA,3,2,BARANGAY 722,,,14.572498,120.993518,,,,,,,16,2021-02-26,OSP
MNL034 LP401 NP1-2,MNL034,LP401,NP1-2,MNL034 LP401,Benitez,MANILA,3,2,BARANGAY 722,,,14.572706,120.993728,,,,,,,16,2023-06-05,OSP
MNL034 LP401 NP3-5,MNL034,LP401,NP3-5,MNL034 LP401,Benitez,MANILA,3,2,BARANGAY 722,,,14.572176,120.993311,,,,,,,24,2023-06-05,OSP
MNL001 LP154 NP7-8,MNL001,LP154,NP7-8,MNL001 LP154,Zen Tower,MANILA,3,2,BARANGAY 722,,,14.57200412,120.994705,,,,,,,16,2018-09-24,OSP
MNL001 LP155 NP1-2,MNL001,LP155,NP1-2,MNL001 LP155,Zen Tower,MANILA,3,2,BARANGAY 722,,,14.57149259,120.9948704,,,,,,,16,2018-09-24,OSP
MNL001 LP152 NP5-6,MNL001,LP152,NP5-6,MNL001 LP152,Zen Tower,MANILA,3,2,BARANGAY 722,,,14.57112805,120.9944105,,,,,,,16,2018-09-24,OSP
MNL001 LP154 NP3-4,MNL001,LP154,NP3-4,MNL001 LP154,Zen Tower,MANILA,3,2,BARANGAY 722,,,14.57244365,120.9934548,,,,,,,16,2018-09-24,OSP
MNL001 LP154 NP5-6,MNL001,LP154,NP5-6,MNL001 LP154,Zen Tower,MANILA,3,2,BARANGAY 722,,,14.57267708,120.9943873,,,,,,,16,2018-09-24,OSP
PSY002 LP27 NP5-6,PSY002,LP27,NP5-6,PSY002 LP27,Antel,MANILA,3,2,BARANGAY 723,,,14.57098,120.99229,,,,,,,16,2016-11-12,OSP
MNL034 LP158 NP5-6,MNL034,LP158,NP5-6,MNL034 LP158,Benitez,MANILA,3,2,BARANGAY 723,,,14.571355,120.993277,,,,,,,16,2021-01-30,OSP
MNL034 LP158 NP7-8,MNL034,LP158,NP7-8,MNL034 LP158,Benitez,MANILA,3,2,BARANGAY 723,,,14.57082,120.99321,,,,,,,16,2021-01-30,OSP
MNL034 LP155 NP7-8,MNL034,LP155,NP7-8,MNL034 LP155,Benitez,MANILA,3,2,BARANGAY 723,,,14.571654,120.993596,,,,,,,16,2021-01-30,OSP
MNL034 LP158 NP3-4,MNL034,LP158,NP3-4,MNL034 LP158,Benitez,MANILA,3,2,BARANGAY 723,,,14.570918,120.993469,,,,,,,16,2021-01-30,OSP
MNL034 LP3 NP5-6,MNL034,LP3,NP5-6,MNL034 LP3,Benitez,MANILA,3,2,BARANGAY 723,,,14.570597,120.992931,,,,,,,16,2020-02-13,OSP
MNL034 LP347 NP5-6,MNL034,LP347,NP5-6,MNL034 LP347,Benitez,MANILA,3,2,BARANGAY 723,,,14.570834,120.993524,,,,,,,16,2022-05-26,OSP
MNL034 LP177 NP5-6,MNL034,LP177,NP5-6,MNL034 LP177,Benitez,MANILA,3,2,BARANGAY 723,,,14.570888,120.992246,,,,,,,16,2021-01-30,OSP
MNL034 LP255 NP3-4,MNL034,LP255,NP3-4,MNL034 LP255,Benitez,MANILA,3,2,BARANGAY 723,,,14.571876,120.992989,,,,,,,16,2021-02-26,OSP
MNL034 LP255 NP5-6,MNL034,LP255,NP5-6,MNL034 LP255,Benitez,MANILA,3,2,BARANGAY 723,,,14.571022,120.99228,,,,,,,16,2021-02-26,OSP
MNL034 LP401 NP6-8,MNL034,LP401,NP6-8,MNL034 LP401,Benitez,MANILA,3,2,BARANGAY 723,,,14.571332,120.99262,,,,,,,24,2023-06-05,OSP
MNL001 LP152 NP3-4,MNL001,LP152,NP3-4,MNL001 LP152,Zen Tower,MANILA,3,2,BARANGAY 723,,,14.57080399,120.9935127,,,,,,,16,2018-09-24,OSP
MNL001 LP153 NP1-2,MNL001,LP153,NP1-2,MNL001 LP153,Zen Tower,MANILA,3,2,BARANGAY 723,,,14.57133368,120.9925502,,,,,,,16,2018-09-24,OSP
MNL001 LP153 NP3-4,MNL001,LP153,NP3-4,MNL001 LP153,Zen Tower,MANILA,3,2,BARANGAY 723,,,14.57158148,120.9927522,,,,,,,16,2018-09-24,OSP
MNL001 LP153 NP5-6,MNL001,LP153,NP5-6,MNL001 LP153,Zen Tower,MANILA,3,2,BARANGAY 723,,,14.57187602,120.9929789,,,,,,,16,2018-09-24,OSP
MNL001 LP153 NP7-8,MNL001,LP153,NP7-8,MNL001 LP153,Zen Tower,MANILA,3,2,BARANGAY 723,,,14.5717,120.99356,,,,,,,16,2020-08-07,OSP
MNL001 LP154 NP1-2,MNL001,LP154,NP1-2,MNL001 LP154,Zen Tower,MANILA,3,2,BARANGAY 723,,,14.57212582,120.993194,,,,,,,16,2018-09-24,OSP
MNL034 LP171 NP3-4,MNL034,LP171,NP3-4,MNL034 LP171,Benitez,MANILA,3,2,BARANGAY 724,,,14.57038,120.995201,,,,,,,16,2021-01-30,OSP
MNL034 LP172 NP1-2,MNL034,LP172,NP1-2,MNL034 LP172,Benitez,MANILA,3,2,BARANGAY 724,,,14.570241,120.994869,,,,,,,16,2021-01-30,OSP
MNL034 LP172 NP3-4,MNL034,LP172,NP3-4,MNL034 LP172,Benitez,MANILA,3,2,BARANGAY 724,,,14.569962,120.994122,,,,,,,16,2021-01-30,OSP
MNL034 LP172 NP5-6,MNL034,LP172,NP5-6,MNL034 LP172,Benitez,MANILA,3,2,BARANGAY 724,,,14.569587,120.993561,,,,,,,16,2021-01-30,OSP
MNL034 LP172 NP7-8,MNL034,LP172,NP7-8,MNL034 LP172,Benitez,MANILA,3,2,BARANGAY 724,,,14.569398,120.993095,,,,,,,16,2021-01-30,OSP
MNL034 LP173 NP1-2,MNL034,LP173,NP1-2,MNL034 LP173,Benitez,MANILA,3,2,BARANGAY 724,,,14.569721,120.994757,,,,,,,16,2021-01-30,OSP
MNL034 LP173 NP3-4,MNL034,LP173,NP3-4,MNL034 LP173,Benitez,MANILA,3,2,BARANGAY 724,,,14.569526,120.994193,,,,,,,16,2021-01-30,OSP
MNL034 LP176 NP1-2,MNL034,LP176,NP1-2,MNL034 LP176,Benitez,MANILA,3,2,BARANGAY 724,,,14.567775,120.993775,,,,,,,16,2021-01-30,OSP
MNL034 LP176 NP3-4,MNL034,LP176,NP3-4,MNL034 LP176,Benitez,MANILA,3,2,BARANGAY 724,,,14.568054,120.994413,,,,,,,16,2021-01-30,OSP
MNL034 LP176 NP5-6,MNL034,LP176,NP5-6,MNL034 LP176,Benitez,MANILA,3,2,BARANGAY 724,,,14.568208,120.994747,,,,,,,16,2021-01-30,OSP
MNL034 LP176 NP7-8,MNL034,LP176,NP7-8,MNL034 LP176,Benitez,MANILA,3,2,BARANGAY 724,,,14.568396,120.995159,,,,,,,16,2021-01-30,OSP
MNL034 LP177 NP1-2,MNL034,LP177,NP1-2,MNL034 LP177,Benitez,MANILA,3,2,BARANGAY 724,,,14.568619,120.993386,,,,,,,16,2021-01-30,OSP
MNL034 LP8 NP5-6,MNL034,LP8,NP5-6,MNL034 LP8,Benitez,MANILA,3,2,BARANGAY 724,,,14.568085,120.994533,,,,,,,16,2020-02-13,OSP
MNL034 LP8 NP7-8,MNL034,LP8,NP7-8,MNL034 LP8,Benitez,MANILA,3,2,BARANGAY 724,,,14.569115,120.99458,,,,,,,16,2020-02-13,OSP
MNL034 LP5 NP3-4,MNL034,LP5,NP3-4,MNL034 LP5,Benitez,MANILA,3,2,BARANGAY 724,,,14.570024,120.994151,,,,,,,16,2020-02-13,OSP
MNL001 LP155 NP3-4,MNL001,LP155,NP3-4,MNL001 LP155,Zen Tower,MANILA,3,2,BARANGAY 724,,,14.57031346,120.9951938,,,,,,,16,2018-09-24,OSP
MNL001 LP152 NP7-8,MNL001,LP152,NP7-8,MNL001 LP152,Zen Tower,MANILA,3,2,BARANGAY 724,,,14.571116,120.995019,,,,,,,16,2020-08-07,OSP
MNL034 LP347 NP7-8,MNL034,LP347,NP7-8,MNL034 LP347,Benitez,MANILA,3,2,BARANGAY 725,,,14.570427,120.992458,,,,,,,16,2022-05-26,OSP
MNL034 LP348 NP1-2,MNL034,LP348,NP1-2,MNL034 LP348,Benitez,MANILA,3,2,BARANGAY 725,,,14.569445,120.992923,,,,,,,16,2022-05-26,OSP
MNL034 LP348 NP3-4,MNL034,LP348,NP3-4,MNL034 LP348,Benitez,MANILA,3,2,BARANGAY 725,,,14.568445,120.99339,,,,,,,16,2022-05-26,OSP
MNL034 LP348 NP5-6,MNL034,LP348,NP5-6,MNL034 LP348,Benitez,MANILA,3,2,BARANGAY 725,,,14.567883,120.993657,,,,,,,16,2022-05-26,OSP
MNL034 LP348 NP7-8,MNL034,LP348,NP7-8,MNL034 LP348,Benitez,MANILA,3,2,BARANGAY 725,,,14.566922,120.994109,,,,,,,16,2022-05-26,OSP
MNL034 LP349 NP1-2,MNL034,LP349,NP1-2,MNL034 LP349,Benitez,MANILA,3,2,BARANGAY 725,,,14.566162,120.994459,,,,,,,16,2022-05-26,OSP
MNL034 LP175 NP5-6,MNL034,LP175,NP5-6,MNL034 LP175,Benitez,MANILA,3,2,BARANGAY 725,,,14.566519,120.994369,,,,,,,16,2021-01-30,OSP
MNL034 LP177 NP3-4,MNL034,LP177,NP3-4,MNL034 LP177,Benitez,MANILA,3,2,BARANGAY 725,,,14.569729,120.992856,,,,,,,16,2021-01-30,OSP
MNL034 LP255 NP7-8,MNL034,LP255,NP7-8,MNL034 LP255,Benitez,MANILA,3,2,BARANGAY 725,,,14.569519,120.992093,,,,,,,16,2021-02-26,OSP
MNL034 LP256 NP1-2,MNL034,LP256,NP1-2,MNL034 LP256,Benitez,MANILA,3,2,BARANGAY 725,,,14.568162,120.992734,,,,,,,16,2021-02-26,OSP
MNL034 LP256 NP3-4,MNL034,LP256,NP3-4,MNL034 LP256,Benitez,MANILA,3,2,BARANGAY 725,,,14.565765,120.993886,,,,,,,16,2021-02-26,OSP
MNL034 LP9 NP1-2,MNL034,LP9,NP1-2,MNL034 LP9,Benitez,MANILA,3,2,BARANGAY 725,,,14.565852,120.993797,,,,,,,16,2020-02-13,OSP
MNL034 LP9 NP3-4,MNL034,LP9,NP3-4,MNL034 LP9,Benitez,MANILA,3,2,BARANGAY 725,,,14.567793,120.992886,,,,,,,16,2020-02-13,OSP
MNL034 LP9 NP5-6,MNL034,LP9,NP5-6,MNL034 LP9,Benitez,MANILA,3,2,BARANGAY 725,,,14.569757,120.99197,,,,,,,16,2020-02-13,OSP
MNL034 LP8 NP1-2,MNL034,LP8,NP1-2,MNL034 LP8,Benitez,MANILA,3,2,BARANGAY 725,,,14.567303,120.993905,,,,,,,16,2020-02-13,OSP
MNL034 LP7 NP7-8,MNL034,LP7,NP7-8,MNL034 LP7,Benitez,MANILA,3,2,BARANGAY 725,,,14.56646,120.994307,,,,,,,16,2020-02-13,OSP
MNL001 LP150 NP7-8,MNL001,LP150,NP7-8,MNL001 LP150,Zen Tower,MANILA,3,2,BARANGAY 725,,,14.56609596,120.994521,,,,,,,16,2018-09-24,OSP
MNL001 LP151 NP1-2,MNL001,LP151,NP1-2,MNL001 LP151,Zen Tower,MANILA,3,2,BARANGAY 725,,,14.56683044,120.9941775,,,,,,,16,2018-09-24,OSP
MNL001 LP151 NP3-4,MNL001,LP151,NP3-4,MNL001 LP151,Zen Tower,MANILA,3,2,BARANGAY 725,,,14.56746715,120.9938742,,,,,,,16,2018-09-24,OSP
MNL001 LP151 NP5-6,MNL001,LP151,NP5-6,MNL001 LP151,Zen Tower,MANILA,3,2,BARANGAY 725,,,14.56845096,120.9934219,,,,,,,16,2018-09-24,OSP
MNL001 LP151 NP7-8,MNL001,LP151,NP7-8,MNL001 LP151,Zen Tower,MANILA,3,2,BARANGAY 725,,,14.5693776,120.9929956,,,,,,,16,2018-09-24,OSP
MNL001 LP152 NP1-2,MNL001,LP152,NP1-2,MNL001 LP152,Zen Tower,MANILA,3,2,BARANGAY 725,,,14.5703749,120.9925164,,,,,,,16,2018-09-24,OSP
MNL001 LP325 NP1,MNL001,LP325,NP1,MNL001 LP325,Zen Tower,MANILA,3,2,BARANGAY 725,,IVY HILL RESIDENCES,14.566061,120.993858,MNL125P,2F,EE ROOM BUILDING A,,,,,2019-11-03,ISP
MNL001 LP325 NP3,MNL001,LP325,NP3,MNL001 LP325,Zen Tower,MANILA,3,2,BARANGAY 725,,IVY HILL RESIDENCES,14.566061,120.993858,,6F,EE ROOM BUILDING A,MNL125P,,,,2019-11-03,ISP
MNL001 LP325 NP4,MNL001,LP325,NP4,MNL001 LP325,Zen Tower,MANILA,3,2,BARANGAY 725,,IVY HILL RESIDENCES,14.566061,120.993858,MNL125P,8F,EE ROOM BUILDING A,,,,,2019-11-03,ISP
MNL001 LP325 NP6,MNL001,LP325,NP6,MNL001 LP325,Zen Tower,MANILA,3,2,BARANGAY 725,,IVY HILL RESIDENCES,14.566061,120.993858,MNL125P,12F,EE ROOM BUILDING A,,,,,2019-11-03,ISP
MNL001 LP325 NP2,MNL001,LP325,NP2,MNL001 LP325,Zen Tower,MANILA,3,2,BARANGAY 725,,IVY HILL RESIDENCES,14.566061,120.993858,MNL125P,4F,EE ROOM BUILDING A,,,,,2019-11-03,ISP
MNL001 LP325 NP7,MNL001,LP325,NP7,MNL001 LP325,Zen Tower,MANILA,3,2,BARANGAY 725,,IVY HILL RESIDENCES,14.566061,120.993858,,15F,EE ROOM BUILDING A,MNL125P,,,,2019-11-03,ISP
MNL001 LP325 NP5,MNL001,LP325,NP5,MNL001 LP325,Zen Tower,MANILA,3,2,BARANGAY 725,,IVY HILL RESIDENCES,14.566061,120.993858,,10F,EE ROOM BUILDING A,MNL125P,,,,2019-11-03,ISP
MNL034 LP174 NP5-6,MNL034,LP174,NP5-6,MNL034 LP174,Benitez,MANILA,3,2,BARANGAY 726,,,14.567994,120.995679,,,,,,,16,2021-01-30,OSP
MNL034 LP174 NP7-8,MNL034,LP174,NP7-8,MNL034 LP174,Benitez,MANILA,3,2,BARANGAY 726,,,14.567593,120.994769,,,,,,,16,2021-01-30,OSP
MNL034 LP175 NP1-2,MNL034,LP175,NP1-2,MNL034 LP175,Benitez,MANILA,3,2,BARANGAY 726,,,14.56733,120.994221,,,,,,,16,2021-01-30,OSP
MNL034 LP175 NP3-4,MNL034,LP175,NP3-4,MNL034 LP175,Benitez,MANILA,3,2,BARANGAY 726,,,14.567244,120.994034,,,,,,,16,2021-01-30,OSP
MNL034 LP178 NP1-2,MNL034,LP178,NP1-2,MNL034 LP178,Benitez,MANILA,3,2,BARANGAY 726,,,14.566639,120.995262,,,,,,,16,2021-01-30,OSP
MNL034 LP178 NP3-4,MNL034,LP178,NP3-4,MNL034 LP178,Benitez,MANILA,3,2,BARANGAY 726,,,14.56702,120.995871,,,,,,,16,2021-01-30,OSP
MNL034 LP178 NP5-6,MNL034,LP178,NP5-6,MNL034 LP178,Benitez,MANILA,3,2,BARANGAY 726,,,14.567131,120.996131,,,,,,,16,2021-01-30,OSP
MNL034 LP8 NP3-4,MNL034,LP8,NP3-4,MNL034 LP8,Benitez,MANILA,3,2,BARANGAY 726,,,14.567579,120.994641,,,,,,,16,2020-02-13,OSP
MNL034 LP5 NP7-8,MNL034,LP5,NP7-8,MNL034 LP5,Benitez,MANILA,3,2,BARANGAY 726,,,14.566857,120.995383,,,,,,,16,2020-02-13,OSP
MNL039 LP5 NP3,MNL039,LP5,NP3,MNL039 LP5,2Torre,MANILA,3,2,BARANGAY 727,,2 TORRE LORENZO,14.565279,120.994314,,29F,EE ROOM BUILDING A,MNL039,,,,2021-01-28,ISP
MNL039 LP4 NP4-5,MNL039,LP4,NP4-5,MNL039 LP4,2Torre,MANILA,3,2,BARANGAY 727,,2 TORRE LORENZO,14.565279,120.994314,,25F,EE ROOM BUILDING A,MNL039,,,,2021-01-28,ISP
MNL039 LP1 NP1-2,MNL039,LP1,NP1-2,MNL039 LP1,2Torre,MANILA,3,2,BARANGAY 727,,2 TORRE LORENZO,14.565279,120.994314,,6F,EE ROOM BUILDING A,MNL039,,,,2021-01-28,ISP
MNL039 LP5 NP7-8,MNL039,LP5,NP7-8,MNL039 LP5,2Torre,MANILA,3,2,BARANGAY 727,,2 TORRE LORENZO,14.565279,120.994314,,32F,EE ROOM BUILDING A,MNL039,,,,2021-01-28,ISP
MNL039 LP4 NP7-8,MNL039,LP4,NP7-8,MNL039 LP4,2Torre,MANILA,3,2,BARANGAY 727,,2 TORRE LORENZO,14.565279,120.994314,,27F,EE ROOM BUILDING A,MNL039,,,,2021-01-28,ISP
MNL039 LP2 NP1,MNL039,LP2,NP1,MNL039 LP2,2Torre,MANILA,3,2,BARANGAY 727,,2 TORRE LORENZO,14.565279,120.994314,,11F,EE ROOM BUILDING A,MNL039,,,,2021-01-28,ISP
MNL039 LP5 NP6,MNL039,LP5,NP6,MNL039 LP5,2Torre,MANILA,3,2,BARANGAY 727,,2 TORRE LORENZO,14.565279,120.994314,,31F,EE ROOM BUILDING A,MNL039,,,,2021-01-28,ISP
MNL039 LP2 NP7-8,MNL039,LP2,NP7-8,MNL039 LP2,2Torre,MANILA,3,2,BARANGAY 727,,2 TORRE LORENZO,14.565279,120.994314,,16F,EE ROOM BUILDING A,MNL039,,,,2021-01-28,ISP
MNL039 LP6 NP4,MNL039,LP6,NP4,MNL039 LP6,2Torre,MANILA,3,2,BARANGAY 727,,2 TORRE LORENZO,14.565279,120.994314,,35F,EE ROOM BUILDING A,MNL039,,,,2021-01-28,ISP
MNL039 LP2 NP5-6,MNL039,LP2,NP5-6,MNL039 LP2,2Torre,MANILA,3,2,BARANGAY 727,,2 TORRE LORENZO,14.565279,120.994314,,15F,EE ROOM BUILDING A,MNL039,,,,2021-01-28,ISP
MNL039 LP6 NP1,MNL039,LP6,NP1,MNL039 LP6,2Torre,MANILA,3,2,BARANGAY 727,,2 TORRE LORENZO,14.565279,120.994314,,33F,EE ROOM BUILDING A,MNL039,,,,2021-01-28,ISP
MNL039 LP1 NP3-4,MNL039,LP1,NP3-4,MNL039 LP1,2Torre,MANILA,3,2,BARANGAY 727,,2 TORRE LORENZO,14.565279,120.994314,,7F,EE ROOM BUILDING A,MNL039,,,,2021-01-28,ISP
MNL039 LP2 NP4,MNL039,LP2,NP4,MNL039 LP2,2Torre,MANILA,3,2,BARANGAY 727,,2 TORRE LORENZO,14.565279,120.994314,,14F,EE ROOM BUILDING A,MNL039,,,,2021-01-28,ISP
MNL039 LP2 NP2-3,MNL039,LP2,NP2-3,MNL039 LP2,2Torre,MANILA,3,2,BARANGAY 727,,2 TORRE LORENZO,14.565279,120.994314,,12F,EE ROOM BUILDING A,MNL039,,,,2021-01-28,ISP
MNL039 LP3 NP2-3,MNL039,LP3,NP2-3,MNL039 LP3,2Torre,MANILA,3,2,BARANGAY 727,,2 TORRE LORENZO,14.565279,120.994314,,18F,EE ROOM BUILDING A,MNL039,,,,2021-01-28,ISP
MNL039 LP5 NP1-2,MNL039,LP5,NP1-2,MNL039 LP5,2Torre,MANILA,3,2,BARANGAY 727,,2 TORRE LORENZO,14.565279,120.994314,,28F,EE ROOM BUILDING A,MNL039,,,,2021-01-28,ISP
MNL039 LP6 NP5,MNL039,LP6,NP5,MNL039 LP6,2Torre,MANILA,3,2,BARANGAY 727,,2 TORRE LORENZO,14.565279,120.994314,,36F,EE ROOM BUILDING A,MNL039,,,,2021-01-28,ISP
MNL039 LP3 NP5-6,MNL039,LP3,NP5-6,MNL039 LP3,2Torre,MANILA,3,2,BARANGAY 727,,2 TORRE LORENZO,14.565279,120.994314,,20F,EE ROOM BUILDING A,MNL039,,,,2021-01-28,ISP
MNL039 LP6 NP2-3,MNL039,LP6,NP2-3,MNL039 LP6,2Torre,MANILA,3,2,BARANGAY 727,,2 TORRE LORENZO,14.565279,120.994314,,34F,EE ROOM BUILDING A,MNL039,,,,2021-01-28,ISP
MNL039 LP1 NP5,MNL039,LP1,NP5,MNL039 LP1,2Torre,MANILA,3,2,BARANGAY 727,,2 TORRE LORENZO,14.565279,120.994314,,8F,EE ROOM BUILDING A,MNL039,,,,2021-01-28,ISP
MNL039 LP3 NP8,MNL039,LP3,NP8,MNL039 LP3,2Torre,MANILA,3,2,BARANGAY 727,,2 TORRE LORENZO,14.565279,120.994314,,22F,EE ROOM BUILDING A,MNL039,,,,2021-01-28,ISP
MNL039 LP4 NP1-2,MNL039,LP4,NP1-2,MNL039 LP4,2Torre,MANILA,3,2,BARANGAY 727,,2 TORRE LORENZO,14.565279,120.994314,,23F,EE ROOM BUILDING A,MNL039,,,,2021-01-28,ISP
MNL039 LP4 NP3,MNL039,LP4,NP3,MNL039 LP4,2Torre,MANILA,3,2,BARANGAY 727,,2 TORRE LORENZO,14.565279,120.994314,,24F,EE ROOM BUILDING A,MNL039,,,,2021-01-28,ISP
MNL039 LP1 NP6-7,MNL039,LP1,NP6-7,MNL039 LP1,2Torre,MANILA,3,2,BARANGAY 727,,2 TORRE LORENZO,14.565279,120.994314,,9F,EE ROOM BUILDING A,MNL039,,,,2021-01-28,ISP
MNL039 LP3 NP4,MNL039,LP3,NP4,MNL039 LP3,2Torre,MANILA,3,2,BARANGAY 727,,2 TORRE LORENZO,14.565279,120.994314,,19F,EE ROOM BUILDING A,MNL039,,,,2021-01-28,ISP
MNL039 LP5 NP4-5,MNL039,LP5,NP4-5,MNL039 LP5,2Torre,MANILA,3,2,BARANGAY 727,,2 TORRE LORENZO,14.565279,120.994314,,30F,EE ROOM BUILDING A,MNL039,,,,2021-01-28,ISP
MNL039 LP4 NP6,MNL039,LP4,NP6,MNL039 LP4,2Torre,MANILA,3,2,BARANGAY 727,,2 TORRE LORENZO,14.565279,120.994314,,26F,EE ROOM BUILDING A,MNL039,,,,2021-01-28,ISP
MNL039 LP3 NP7,MNL039,LP3,NP7,MNL039 LP3,2Torre,MANILA,3,2,BARANGAY 727,,2 TORRE LORENZO,14.565279,120.994314,,21F,EE ROOM BUILDING A,MNL039,,,,2021-01-28,ISP
MNL039 LP3 NP1,MNL039,LP3,NP1,MNL039 LP3,2Torre,MANILA,3,2,BARANGAY 727,,2 TORRE LORENZO,14.565279,120.994314,,17F,EE ROOM BUILDING A,MNL039,,,,2021-01-28,ISP
MNL039 LP1 NP8,MNL039,LP1,NP8,MNL039 LP1,2Torre,MANILA,3,2,BARANGAY 727,,2 TORRE LORENZO,14.565279,120.994314,,10F,EE ROOM BUILDING A,MNL039,,,,2021-01-28,ISP
PSY002 LP182 NP4,PSY002,LP182,NP4,PSY002 LP182,Antel,MANILA,3,2,BARANGAY 727,,ORLANDO SUITES MANILA,14.565635,120.996662,,2F,AUX ROOM,MNL126P,,,,2023-08-09,ISP
PSY002 LP182 NP1,PSY002,LP182,NP1,PSY002 LP182,Antel,MANILA,3,2,BARANGAY 727,,ORLANDO SUITES MANILA,14.565635,120.996662,,2F,AUX ROOM,MNL126P,,,,2023-08-09,ISP
PSY002 LP182 NP3,PSY002,LP182,NP3,PSY002 LP182,Antel,MANILA,3,2,BARANGAY 727,,ORLANDO SUITES MANILA,14.565635,120.996662,,2F,AUX ROOM,MNL126P,,,,2023-08-09,ISP
PSY002 LP182 NP2,PSY002,LP182,NP2,PSY002 LP182,Antel,MANILA,3,2,BARANGAY 727,,ORLANDO SUITES MANILA,14.565635,120.996662,,2F,AUX ROOM,MNL126P,,,,2023-08-09,ISP
MNL034 LP190 NP3-4,MNL034,LP190,NP3-4,MNL034 LP190,Benitez,MANILA,3,2,BARANGAY 727,,,14.565139,120.996167,,,,,,,16,2021-02-26,OSP
MNL034 LP256 NP5-6,MNL034,LP256,NP5-6,MNL034 LP256,Benitez,MANILA,3,2,BARANGAY 727,,,14.564386,120.994508,,,,,,,16,2021-02-26,OSP
MNL034 LP179 NP1-2,MNL034,LP179,NP1-2,MNL034 LP179,Benitez,MANILA,3,2,BARANGAY 727,,,14.565662,120.995406,,,,,,,16,2021-01-30,OSP
MNL034 LP179 NP3-4,MNL034,LP179,NP3-4,MNL034 LP179,Benitez,MANILA,3,2,BARANGAY 727,,,14.565799,120.995733,,,,,,,16,2021-01-30,OSP
MNL034 LP179 NP5-6,MNL034,LP179,NP5-6,MNL034 LP179,Benitez,MANILA,3,2,BARANGAY 727,,,14.566152,120.995617,,,,,,,16,2021-01-30,OSP
MNL034 LP179 NP7-8,MNL034,LP179,NP7-8,MNL034 LP179,Benitez,MANILA,3,2,BARANGAY 727,,,14.566299,120.995965,,,,,,,16,2021-01-30,OSP
MNL034 LP180 NP1-2,MNL034,LP180,NP1-2,MNL034 LP180,Benitez,MANILA,3,2,BARANGAY 727,,,14.566461,120.996347,,,,,,,16,2021-01-30,OSP
MNL034 LP181 NP3-4,MNL034,LP181,NP3-4,MNL034 LP181,Benitez,MANILA,3,2,BARANGAY 727,,,14.566804,120.996195,,,,,,,16,2021-01-30,OSP
MNL034 LP181 NP5-6,MNL034,LP181,NP5-6,MNL034 LP181,Benitez,MANILA,3,2,BARANGAY 727,,,14.566631,120.995725,,,,,,,16,2021-01-30,OSP
MNL034 LP182 NP1-2,MNL034,LP182,NP1-2,MNL034 LP182,Benitez,MANILA,3,2,BARANGAY 727,,,14.566138,120.996543,,,,,,,16,2021-01-30,OSP
MNL034 LP182 NP3-4,MNL034,LP182,NP3-4,MNL034 LP182,Benitez,MANILA,3,2,BARANGAY 727,,,14.566001,120.996216,,,,,,,16,2021-01-30,OSP
MNL034 LP349 NP3-5,MNL034,LP349,NP3-5,MNL034 LP349,Benitez,MANILA,3,2,BARANGAY 727,,,14.5658,120.994633,,,,,,,24,2022-05-26,OSP
MNL034 LP175 NP7-8,MNL034,LP175,NP7-8,MNL034 LP175,Benitez,MANILA,3,2,BARANGAY 727,,,14.565459,120.994893,,,,,,,16,2021-01-30,OSP
MNL034 LP182 NP5-6,MNL034,LP182,NP5-6,MNL034 LP182,Benitez,MANILA,3,2,BARANGAY 727,,,14.565876,120.995921,,,,,,,16,2021-01-30,OSP
MNL034 LP7 NP1-2,MNL034,LP7,NP1-2,MNL034 LP7,Benitez,MANILA,3,2,BARANGAY 727,,,14.5662,120.995613,,,,,,,16,2020-02-13,OSP
MNL034 LP7 NP3-4,MNL034,LP7,NP3-4,MNL034 LP7,Benitez,MANILA,3,2,BARANGAY 727,,,14.565831,120.995703,,,,,,,16,2020-02-13,OSP
MNL034 LP7 NP5-6,MNL034,LP7,NP5-6,MNL034 LP7,Benitez,MANILA,3,2,BARANGAY 727,,,14.565427,120.994805,,,,,,,16,2020-02-13,OSP
MNL034 LP6 NP3-4,MNL034,LP6,NP3-4,MNL034 LP6,Benitez,MANILA,3,2,BARANGAY 727,,,14.56662,120.995696,,,,,,,16,2020-02-13,OSP
MNL034 LP6 NP7-8,MNL034,LP6,NP7-8,MNL034 LP6,Benitez,MANILA,3,2,BARANGAY 727,,,14.564378,120.994485,,,,,,,16,2020-02-13,OSP
MNL001 LP149 NP7-8,MNL001,LP149,NP7-8,MNL001 LP149,Zen Tower,MANILA,3,2,BARANGAY 727,,,14.56511578,120.9961233,,,,,,,16,2018-09-24,OSP
MNL001 LP324 NP5,MNL001,LP324,NP5,MNL001 LP324,Zen Tower,MANILA,3,2,BARANGAY 727,,ORLANDO SUITES MANILA,14.565635,120.996662,,7F,AUXILIARY ROOM,MNL126P,,,,2019-10-20,ISP
MNL001 LP324 NP6,MNL001,LP324,NP6,MNL001 LP324,Zen Tower,MANILA,3,2,BARANGAY 727,,ORLANDO SUITES MANILA,14.565635,120.996662,,8F,AUXILIARY ROOM,MNL126P,,,,2019-10-20,ISP
MNL001 LP324 NP1,MNL001,LP324,NP1,MNL001 LP324,Zen Tower,MANILA,3,2,BARANGAY 727,,ORLANDO SUITES MANILA,14.565635,120.996662,,2F,AUXILIARY ROOM,MNL126P,,,,2019-10-20,ISP
MNL001 LP324 NP4,MNL001,LP324,NP4,MNL001 LP324,Zen Tower,MANILA,3,2,BARANGAY 727,,ORLANDO SUITES MANILA,14.565635,120.996662,MNL126P,6F,AUXILIARY ROOM,,,,,2019-10-20,ISP
MNL001 LP324 NP7,MNL001,LP324,NP7,MNL001 LP324,Zen Tower,MANILA,3,2,BARANGAY 727,,ORLANDO SUITES MANILA,14.565635,120.996662,MNL126P,9F,AUXILIARY ROOM,,,,,2019-10-20,ISP
MNL001 LP324 NP2,MNL001,LP324,NP2,MNL001 LP324,Zen Tower,MANILA,3,2,BARANGAY 727,,ORLANDO SUITES MANILA,14.565635,120.996662,MNL126P,4F,AUXILIARY ROOM,,,,,2019-10-20,ISP
MNL001 LP324 NP3,MNL001,LP324,NP3,MNL001 LP324,Zen Tower,MANILA,3,2,BARANGAY 727,,ORLANDO SUITES MANILA,14.565635,120.996662,MNL126P,5F,AUXILIARY ROOM,,,,,2019-10-20,ISP
MNL064 LP1 NP6-7-8,MNL064,LP1,NP6-7-8,MNL064 LP1,3 Torre Lorenzo,MANILA,3,2,BARANGAY 728,,3 TORRE LORENZO,14.563806,120.997980,,8F,EE ROOM BUILDING A,MNL064,,,,2021-07-18,ISP
MNL064 LP1 NP4,MNL064,LP1,NP4,MNL064 LP1,3 Torre Lorenzo,MANILA,3,2,BARANGAY 728,,3 TORRE LORENZO,14.563806,120.997980,,4F,EE ROOM BUILDING A,MNL064,,,,2021-07-18,ISP
MNL064 LP5 NP3-4-5,MNL064,LP5,NP3-4-5,MNL064 LP5,3 Torre Lorenzo,MANILA,3,2,BARANGAY 728,,3 TORRE LORENZO,14.563806,120.997980,,21F,EE ROOM BUILDING A,MNL064,,,,2021-07-18,ISP
MNL064 LP9 NP2-3,MNL064,LP9,NP2-3,MNL064 LP9,3 Torre Lorenzo,MANILA,3,2,BARANGAY 728,,3 TORRE LORENZO,14.563806,120.997980,,34F,EE ROOM BUILDING A,MNL064,,,,2021-07-18,ISP
MNL064 LP1 NP2-3,MNL064,LP1,NP2-3,MNL064 LP1,3 Torre Lorenzo,MANILA,3,2,BARANGAY 728,,3 TORRE LORENZO,14.563806,120.997980,,2F,EE ROOM BUILDING A,MNL064,,,,2021-07-18,ISP
MNL064 LP8 NP5-6,MNL064,LP8,NP5-6,MNL064 LP8,3 Torre Lorenzo,MANILA,3,2,BARANGAY 728,,3 TORRE LORENZO,14.563806,120.997980,,31F,EE ROOM BUILDING A,MNL064,,,,2021-07-18,ISP
MNL064 LP4 NP2-3,MNL064,LP4,NP2-3,MNL064 LP4,3 Torre Lorenzo,MANILA,3,2,BARANGAY 728,,3 TORRE LORENZO,14.563806,120.997980,,17F,EE ROOM BUILDING A,MNL064,,,,2021-07-18,ISP
MNL064 LP1 NP1,MNL064,LP1,NP1,MNL064 LP1,3 Torre Lorenzo,MANILA,3,2,BARANGAY 728,,3 TORRE LORENZO,14.563806,120.997980,,GF,MDF ROOM,MNL064,,,,2021-07-18,ISP
MNL064 LP1 NP5,MNL064,LP1,NP5,MNL064 LP1,3 Torre Lorenzo,MANILA,3,2,BARANGAY 728,,3 TORRE LORENZO,14.563806,120.997980,,6F,EE ROOM BUILDING A,MNL064,,,,2021-07-18,ISP
MNL064 LP4 NP7-8,MNL064,LP4,NP7-8,MNL064 LP4,3 Torre Lorenzo,MANILA,3,2,BARANGAY 728,,3 TORRE LORENZO,14.563806,120.997980,,19F,EE ROOM BUILDING A,MNL064,,,,2021-07-18,ISP
MNL064 LP8 NP3-4,MNL064,LP8,NP3-4,MNL064 LP8,3 Torre Lorenzo,MANILA,3,2,BARANGAY 728,,3 TORRE LORENZO,14.563806,120.997980,,30F,EE ROOM BUILDING A,MNL064,,,,2021-07-18,ISP
MNL064 LP5 NP1-2,MNL064,LP5,NP1-2,MNL064 LP5,3 Torre Lorenzo,MANILA,3,2,BARANGAY 728,,3 TORRE LORENZO,14.563806,120.997980,,20F,EE ROOM BUILDING A,MNL064,,,,2021-07-18,ISP
MNL064 LP8 NP1-2,MNL064,LP8,NP1-2,MNL064 LP8,3 Torre Lorenzo,MANILA,3,2,BARANGAY 728,,3 TORRE LORENZO,14.563806,120.997980,,29F,EE ROOM BUILDING A,MNL064,,,,2021-07-18,ISP
MNL064 LP4 NP1,MNL064,LP4,NP1,MNL064 LP4,3 Torre Lorenzo,MANILA,3,2,BARANGAY 728,,3 TORRE LORENZO,14.563806,120.997980,,16F,EE ROOM BUILDING A,MNL064,,,,2021-07-18,ISP
MNL064 LP7 NP3-4-5,MNL064,LP7,NP3-4-5,MNL064 LP7,3 Torre Lorenzo,MANILA,3,2,BARANGAY 728,,3 TORRE LORENZO,14.563806,120.997980,,27F,EE ROOM BUILDING A,MNL064,,,,2021-07-18,ISP
MNL064 LP3 NP3-4-5,MNL064,LP3,NP3-4-5,MNL064 LP3,3 Torre Lorenzo,MANILA,3,2,BARANGAY 728,,3 TORRE LORENZO,14.563806,120.997980,,14F,EE ROOM BUILDING A,MNL064,,,,2021-07-18,ISP
MNL064 LP4 NP4-5-6,MNL064,LP4,NP4-5-6,MNL064 LP4,3 Torre Lorenzo,MANILA,3,2,BARANGAY 728,,3 TORRE LORENZO,14.563806,120.997980,,18F,EE ROOM BUILDING A,MNL064,,,,2021-07-18,ISP
MNL064 LP6 NP6-7-8,MNL064,LP6,NP6-7-8,MNL064 LP6,3 Torre Lorenzo,MANILA,3,2,BARANGAY 728,,3 TORRE LORENZO,14.563806,120.997980,,25F,EE ROOM BUILDING A,MNL064,,,,2021-07-18,ISP
MNL064 LP2 NP6-7-8,MNL064,LP2,NP6-7-8,MNL064 LP2,3 Torre Lorenzo,MANILA,3,2,BARANGAY 728,,3 TORRE LORENZO,14.563806,120.997980,,11F,EE ROOM BUILDING A,MNL064,,,,2021-07-18,ISP
MNL064 LP7 NP1-2,MNL064,LP7,NP1-2,MNL064 LP7,3 Torre Lorenzo,MANILA,3,2,BARANGAY 728,,3 TORRE LORENZO,14.563806,120.997980,,26F,EE ROOM BUILDING A,MNL064,,,,2021-07-18,ISP
MNL064 LP6 NP3-4-5,MNL064,LP6,NP3-4-5,MNL064 LP6,3 Torre Lorenzo,MANILA,3,2,BARANGAY 728,,3 TORRE LORENZO,14.563806,120.997980,,24F,EE ROOM BUILDING A,MNL064,,,,2021-07-18,ISP
MNL064 LP9 NP1,MNL064,LP9,NP1,MNL064 LP9,3 Torre Lorenzo,MANILA,3,2,BARANGAY 728,,3 TORRE LORENZO,14.563806,120.997980,,33F,EE ROOM BUILDING A,MNL064,,,,2021-07-18,ISP
MNL064 LP8 NP7-8,MNL064,LP8,NP7-8,MNL064 LP8,3 Torre Lorenzo,MANILA,3,2,BARANGAY 728,,3 TORRE LORENZO,14.563806,120.997980,,32F,EE ROOM BUILDING A,MNL064,,,,2021-07-18,ISP
MNL064 LP5 NP6-7-8,MNL064,LP5,NP6-7-8,MNL064 LP5,3 Torre Lorenzo,MANILA,3,2,BARANGAY 728,,3 TORRE LORENZO,14.563806,120.997980,,22F,EE ROOM BUILDING A,MNL064,,,,2021-07-18,ISP
MNL064 LP3 NP1-2,MNL064,LP3,NP1-2,MNL064 LP3,3 Torre Lorenzo,MANILA,3,2,BARANGAY 728,,3 TORRE LORENZO,14.563806,120.997980,,12F,EE ROOM BUILDING A,MNL064,,,,2021-07-18,ISP
MNL064 LP2 NP1-2,MNL064,LP2,NP1-2,MNL064 LP2,3 Torre Lorenzo,MANILA,3,2,BARANGAY 728,,3 TORRE LORENZO,14.563806,120.997980,,9F,EE ROOM BUILDING A,MNL064,,,,2021-07-18,ISP
MNL064 LP3 NP6-7-8,MNL064,LP3,NP6-7-8,MNL064 LP3,3 Torre Lorenzo,MANILA,3,2,BARANGAY 728,,3 TORRE LORENZO,14.563806,120.997980,,15F,EE ROOM BUILDING A,MNL064,,,,2021-07-18,ISP
MNL064 LP2 NP3-4-5,MNL064,LP2,NP3-4-5,MNL064 LP2,3 Torre Lorenzo,MANILA,3,2,BARANGAY 728,,3 TORRE LORENZO,14.563806,120.997980,,10F,EE ROOM BUILDING A,MNL064,,,,2021-07-18,ISP
MNL064 LP6 NP1-2,MNL064,LP6,NP1-2,MNL064 LP6,3 Torre Lorenzo,MANILA,3,2,BARANGAY 728,,3 TORRE LORENZO,14.563806,120.997980,,23F,EE ROOM BUILDING A,MNL064,,,,2021-07-18,ISP
MNL064 LP7 NP6-7-8,MNL064,LP7,NP6-7-8,MNL064 LP7,3 Torre Lorenzo,MANILA,3,2,BARANGAY 728,,3 TORRE LORENZO,14.563806,120.997980,,28F,EE ROOM BUILDING A,MNL064,,,,2021-07-18,ISP
PSY002 LP114 NP7-8,PSY002,LP114,NP7-8,PSY002 LP114,Antel,MANILA,3,2,BARANGAY 728,,,14.563476,120.997227,,,,,,,16,2021-10-21,OSP
PSY002 LP115 NP1-2,PSY002,LP115,NP1-2,PSY002 LP115,Antel,MANILA,3,2,BARANGAY 728,,,14.563476,120.997227,,,,,,,16,2021-10-21,OSP
PSY002 LP115 NP3-5,PSY002,LP115,NP3-5,PSY002 LP115,Antel,MANILA,3,2,BARANGAY 728,,,14.563598,120.997442,,,,,,,24,2021-10-21,OSP
PSY002 LP113 NP7-8,PSY002,LP113,NP7-8,PSY002 LP113,Antel,MANILA,3,2,BARANGAY 728,,,14.563148,120.996502,,,,,,,16,2021-10-21,OSP
PSY002 LP114 NP1-2,PSY002,LP114,NP1-2,PSY002 LP114,Antel,MANILA,3,2,BARANGAY 728,,,14.563148,120.996502,,,,,,,16,2021-10-21,OSP
PSY002 LP25 NP7-8,PSY002,LP25,NP7-8,PSY002 LP25,Antel,MANILA,3,2,BARANGAY 728,,,14.562998,120.996087,,,,,,,16,2016-11-10,OSP
MNL034 LP190 NP7-8,MNL034,LP190,NP7-8,MNL034 LP190,Benitez,MANILA,3,2,BARANGAY 728,,,14.565171,120.997131,,,,,,,16,2021-02-26,OSP
MNL034 LP191 NP1-2,MNL034,LP191,NP1-2,MNL034 LP191,Benitez,MANILA,3,2,BARANGAY 728,,,14.564978,120.997195,,,,,,,16,2021-02-26,OSP
MNL034 LP191 NP3-4,MNL034,LP191,NP3-4,MNL034 LP191,Benitez,MANILA,3,2,BARANGAY 728,,,14.564663,120.997302,,,,,,,16,2021-02-26,OSP
MNL034 LP191 NP5-6,MNL034,LP191,NP5-6,MNL034 LP191,Benitez,MANILA,3,2,BARANGAY 728,,,14.564389,120.997408,,,,,,,16,2021-02-26,OSP
MNL034 LP191 NP7-8,MNL034,LP191,NP7-8,MNL034 LP191,Benitez,MANILA,3,2,BARANGAY 728,,,14.563914,120.997583,,,,,,,16,2021-02-26,OSP
MNL034 LP256 NP7-8,MNL034,LP256,NP7-8,MNL034 LP256,Benitez,MANILA,3,2,BARANGAY 728,,,14.563123,120.995079,,,,,,,16,2021-02-26,OSP
MNL034 LP190 NP1-2,MNL034,LP190,NP1-2,MNL034 LP190,Benitez,MANILA,3,2,BARANGAY 728,,,14.564683,120.995143,,,,,,,16,2021-02-26,OSP
MNL034 LP342 NP1-2,MNL034,LP342,NP1-2,MNL034 LP342,Benitez,MANILA,3,2,BARANGAY 728,,,14.563775,120.995569,,,,,,,16,2022-05-26,OSP
MNL034 LP342 NP6-8,MNL034,LP342,NP6-8,MNL034 LP342,Benitez,MANILA,3,2,BARANGAY 728,,,14.563105,120.996367,,,,,,,24,2022-05-26,OSP
MNL034 LP345 NP3-5,MNL034,LP345,NP3-5,MNL034 LP345,Benitez,MANILA,3,2,BARANGAY 728,,,14.564398,120.997449,,,,,,,24,2022-05-26,OSP
MNL034 LP345 NP6-8,MNL034,LP345,NP6-8,MNL034 LP345,Benitez,MANILA,3,2,BARANGAY 728,,,14.565435,120.997035,,,,,,,24,2022-05-26,OSP
MNL034 LP349 NP6-8,MNL034,LP349,NP6-8,MNL034 LP349,Benitez,MANILA,3,2,BARANGAY 728,,,14.564696,120.995151,,,,,,,24,2022-05-26,OSP
MNL034 LP212 NP1-2,MNL034,LP212,NP1-2,MNL034 LP212,Benitez,MANILA,3,2,BARANGAY 728,,,14.563481,120.997238,,,,,,,16,2021-02-26,OSP
MNL034 LP264 NP1,MNL034,LP264,NP1,MNL034 LP264,Benitez,MANILA,3,2,BARANGAY 728,,MERVIN TERRACES CONDOMINIUM,14.563676,120.997644,,2F,CORRIDOR,MNL127P,,,,2021-06-06,ISP
MNL034 LP264 NP4-5,MNL034,LP264,NP4-5,MNL034 LP264,Benitez,MANILA,3,2,BARANGAY 728,,MERVIN TERRACES CONDOMINIUM,14.563676,120.997644,,4F,CORRIDOR,MNL127P,,,,2021-06-06,ISP
MNL034 LP264 NP6-7,MNL034,LP264,NP6-7,MNL034 LP264,Benitez,MANILA,3,2,BARANGAY 728,,MERVIN TERRACES CONDOMINIUM,14.563676,120.997644,,5F,CORRIDOR,MNL127P,,,,2021-06-06,ISP
MNL034 LP264 NP8,MNL034,LP264,NP8,MNL034 LP264,Benitez,MANILA,3,2,BARANGAY 728,,MERVIN TERRACES CONDOMINIUM,14.563676,120.997644,,6F,CORRIDOR,MNL127P,,,,2021-06-06,ISP
MNL034 LP264 NP2-3,MNL034,LP264,NP2-3,MNL034 LP264,Benitez,MANILA,3,2,BARANGAY 728,,MERVIN TERRACES CONDOMINIUM,14.563676,120.997644,,3F,CORRIDOR,MNL127P,,,,2021-06-06,ISP
MNL001 LP150 NP5-6,MNL001,LP150,NP5-6,MNL001 LP150,Zen Tower,MANILA,3,2,BARANGAY 728,,,14.56319698,120.9958697,,,,,,,16,2018-09-24,OSP
MNL001 LP148 NP5-6,MNL001,LP148,NP5-6,MNL001 LP148,Zen Tower,MANILA,3,2,BARANGAY 728,,,14.56432833,120.997381,,,,,,,16,2018-09-24,OSP
MNL001 LP148 NP7-8,MNL001,LP148,NP7-8,MNL001 LP148,Zen Tower,MANILA,3,2,BARANGAY 728,,,14.56492591,120.9971825,,,,,,,16,2018-09-24,OSP
MNL001 LP150 NP1-2,MNL001,LP150,NP1-2,MNL001 LP150,Zen Tower,MANILA,3,2,BARANGAY 728,,,14.56469325,120.9951921,,,,,,,16,2018-09-24,OSP
MNL001 LP150 NP3-4,MNL001,LP150,NP3-4,MNL001 LP150,Zen Tower,MANILA,3,2,BARANGAY 728,,,14.56386537,120.995577,,,,,,,16,2018-09-24,OSP
PSY002 LP110 NP1-2,PSY002,LP110,NP1-2,PSY002 LP110,Antel,MANILA,3,2,BARANGAY 729,,,14.561416,120.997002,,,,,,,16,2021-10-21,OSP
PSY002 LP110 NP3-4,PSY002,LP110,NP3-4,PSY002 LP110,Antel,MANILA,3,2,BARANGAY 729,,,14.561603,120.996925,,,,,,,16,2021-10-21,OSP
PSY002 LP110 NP5-6,PSY002,LP110,NP5-6,PSY002 LP110,Antel,MANILA,3,2,BARANGAY 729,,,14.561603,120.996925,,,,,,,16,2021-10-21,OSP
PSY002 LP110 NP7-8,PSY002,LP110,NP7-8,PSY002 LP110,Antel,MANILA,3,2,BARANGAY 729,,,14.561878,120.996824,,,,,,,16,2021-10-21,OSP
PSY002 LP111 NP1-2,PSY002,LP111,NP1-2,PSY002 LP111,Antel,MANILA,3,2,BARANGAY 729,,,14.561878,120.996824,,,,,,,16,2021-10-21,OSP
PSY002 LP111 NP3-4,PSY002,LP111,NP3-4,PSY002 LP111,Antel,MANILA,3,2,BARANGAY 729,,,14.56217,120.996718,,,,,,,16,2021-10-21,OSP
PSY002 LP111 NP5-6,PSY002,LP111,NP5-6,PSY002 LP111,Antel,MANILA,3,2,BARANGAY 729,,,14.56217,120.996718,,,,,,,16,2021-10-21,OSP
PSY002 LP111 NP7-8,PSY002,LP111,NP7-8,PSY002 LP111,Antel,MANILA,3,2,BARANGAY 729,,,14.562431,120.996614,,,,,,,16,2021-10-21,OSP
PSY002 LP112 NP1-2,PSY002,LP112,NP1-2,PSY002 LP112,Antel,MANILA,3,2,BARANGAY 729,,,14.562431,120.996614,,,,,,,16,2021-10-21,OSP
PSY002 LP112 NP3-4,PSY002,LP112,NP3-4,PSY002 LP112,Antel,MANILA,3,2,BARANGAY 729,,,14.562761,120.996479,,,,,,,16,2021-10-21,OSP
PSY002 LP112 NP5-6,PSY002,LP112,NP5-6,PSY002 LP112,Antel,MANILA,3,2,BARANGAY 729,,,14.562761,120.996479,,,,,,,16,2021-10-21,OSP
PSY002 LP112 NP7-8,PSY002,LP112,NP7-8,PSY002 LP112,Antel,MANILA,3,2,BARANGAY 729,,,14.562939,120.996409,,,,,,,16,2021-10-21,OSP
PSY002 LP113 NP1-2,PSY002,LP113,NP1-2,PSY002 LP113,Antel,MANILA,3,2,BARANGAY 729,,,14.562939,120.996409,,,,,,,16,2021-10-21,OSP
PSY002 LP109 NP7-8,PSY002,LP109,NP7-8,PSY002 LP109,Antel,MANILA,3,2,BARANGAY 729,,,14.561416,120.997002,,,,,,,16,2021-10-21,OSP
PSY002 LP89 NP3-4,PSY002,LP89,NP3-4,PSY002 LP89,Antel,MANILA,3,2,BARANGAY 729,,,14.561448,120.996483,,,,,,,16,2021-10-21,OSP
PSY002 LP89 NP5-6,PSY002,LP89,NP5-6,PSY002 LP89,Antel,MANILA,3,2,BARANGAY 729,,,14.561088,120.99658,,,,,,,16,2021-10-21,OSP
PSY002 LP90 NP1-2,PSY002,LP90,NP1-2,PSY002 LP90,Antel,MANILA,3,2,BARANGAY 729,,,14.561034,120.996414,,,,,,,16,2021-10-21,OSP
PSY002 LP90 NP3-5,PSY002,LP90,NP3-5,PSY002 LP90,Antel,MANILA,3,2,BARANGAY 729,,,14.561034,120.996414,,,,,,,24,2021-10-21,OSP
PSY002 LP88 NP1-2,PSY002,LP88,NP1-2,PSY002 LP88,Antel,MANILA,3,2,BARANGAY 729,,,14.562856,120.995805,,,,,,,16,2021-10-21,OSP
PSY002 LP88 NP3-4,PSY002,LP88,NP3-4,PSY002 LP88,Antel,MANILA,3,2,BARANGAY 729,,,14.562592,120.995993,,,,,,,16,2021-10-21,OSP
PSY002 LP88 NP5-6,PSY002,LP88,NP5-6,PSY002 LP88,Antel,MANILA,3,2,BARANGAY 729,,,14.562216,120.996151,,,,,,,16,2021-10-21,OSP
PSY002 LP88 NP7-8,PSY002,LP88,NP7-8,PSY002 LP88,Antel,MANILA,3,2,BARANGAY 729,,,14.561996,120.996246,,,,,,,16,2021-10-21,OSP
PSY002 LP89 NP1-2,PSY002,LP89,NP1-2,PSY002 LP89,Antel,MANILA,3,2,BARANGAY 729,,,14.561791,120.996331,,,,,,,16,2021-10-21,OSP
PSY002 LP90 NP6-8,PSY002,LP90,NP6-8,PSY002 LP90,Antel,MANILA,3,2,BARANGAY 729,,,14.56098,120.996186,,,,,,,24,2021-10-21,OSP
MNL034 LP342 NP3-5,MNL034,LP342,NP3-5,MNL034 LP342,Benitez,MANILA,3,2,BARANGAY 729,,,14.562855,120.995843,,,,,,,24,2022-05-26,OSP
MNL034 LP343 NP1-2,MNL034,LP343,NP1-2,MNL034 LP343,Benitez,MANILA,3,2,BARANGAY 729,,,14.562303,120.996114,,,,,,,16,2022-05-26,OSP
MNL034 LP343 NP3-5,MNL034,LP343,NP3-5,MNL034 LP343,Benitez,MANILA,3,2,BARANGAY 729,,,14.561786,120.996342,,,,,,,24,2022-05-26,OSP
MNL034 LP209 NP1-2,MNL034,LP209,NP1-2,MNL034 LP209,Benitez,MANILA,3,2,BARANGAY 729,,,14.562862,120.995798,,,,,,,16,2021-02-26,OSP
MNL034 LP209 NP5-6,MNL034,LP209,NP5-6,MNL034 LP209,Benitez,MANILA,3,2,BARANGAY 729,,,14.562427,120.996616,,,,,,,16,2021-02-26,OSP
MNL034 LP209 NP7-8,MNL034,LP209,NP7-8,MNL034 LP209,Benitez,MANILA,3,2,BARANGAY 729,,,14.562162,120.996719,,,,,,,16,2021-02-26,OSP
MNL034 LP344 NP1-2,MNL034,LP344,NP1-2,MNL034 LP344,Benitez,MANILA,3,2,BARANGAY 729,,,14.562926,120.996434,,,,,,,16,2022-05-26,OSP
MNL034 LP344 NP3-5,MNL034,LP344,NP3-5,MNL034 LP344,Benitez,MANILA,3,2,BARANGAY 729,,,14.562165,120.99672,,,,,,,24,2022-05-26,OSP
MNL034 LP210 NP1-2,MNL034,LP210,NP1-2,MNL034 LP210,Benitez,MANILA,3,2,BARANGAY 729,,,14.562571,120.996005,,,,,,,16,2021-02-26,OSP
MNL034 LP210 NP3-4,MNL034,LP210,NP3-4,MNL034 LP210,Benitez,MANILA,3,2,BARANGAY 729,,,14.561992,120.996235,,,,,,,16,2021-02-26,OSP
MNL034 LP210 NP5-6,MNL034,LP210,NP5-6,MNL034 LP210,Benitez,MANILA,3,2,BARANGAY 729,,,14.561449,120.996481,,,,,,,16,2021-02-26,OSP
MNL034 LP210 NP7-8,MNL034,LP210,NP7-8,MNL034 LP210,Benitez,MANILA,3,2,BARANGAY 729,,,14.561104,120.996598,,,,,,,16,2021-02-26,OSP
MNL034 LP211 NP1-2,MNL034,LP211,NP1-2,MNL034 LP211,Benitez,MANILA,3,2,BARANGAY 729,,,14.561877,120.996819,,,,,,,16,2021-02-26,OSP
MNL034 LP211 NP7-8,MNL034,LP211,NP7-8,MNL034 LP211,Benitez,MANILA,3,2,BARANGAY 729,,,14.561423,120.997,,,,,,,16,2021-02-26,OSP
MNL034 LP266 NP6-7,MNL034,LP266,NP6-7,MNL034 LP266,Benitez,MANILA,3,2,BARANGAY 729,,CITYLOFTS DOMINGA,14.562331,120.996570,,4F,HALLWAY,MNL128P,,,,2021-10-07,ISP
MNL034 LP266 NP4-5,MNL034,LP266,NP4-5,MNL034 LP266,Benitez,MANILA,3,2,BARANGAY 729,,CITYLOFTS DOMINGA,14.562331,120.996570,,4F,HALLWAY,MNL128P,,,,2021-10-07,ISP
MNL034 LP266 NP2-3,MNL034,LP266,NP2-3,MNL034 LP266,Benitez,MANILA,3,2,BARANGAY 729,,CITYLOFTS DOMINGA,14.562331,120.996570,,2F,HALLWAY,MNL128P,,,,2021-10-07,ISP
MNL034 LP456 NP1-2,MNL034,LP456,NP1-2,MNL034 LP456,Benitez,MANILA,3,2,BARANGAY 729,,ONE OASIS PLACE,14.561835,120.996052,MNL163P,GF,BUILDING CEF,,,,16,2024-05-31,ISP
MNL034 LP441 NP1-2,MNL034,LP441,NP1-2,MNL034 LP441,Benitez,MANILA,3,2,BARANGAY 729,,ANNE FRANCIS CONDOMINIUM,14.562325,120.996259,,2F,EE ROOM,MNL129P,,,,2022-09-08,ISP
MNL034 LP442 NP3-5,MNL034,LP442,NP3-5,MNL034 LP442,Benitez,MANILA,3,2,BARANGAY 729,,ANNE FRANCIS CONDOMINIUM,14.562325,120.996259,,2F,EE ROOM,MNL129P,,,,2022-09-08,ISP
MNL034 LP441 NP3-5,MNL034,LP441,NP3-5,MNL034 LP441,Benitez,MANILA,3,2,BARANGAY 729,,ANNE FRANCIS CONDOMINIUM,14.562325,120.996259,,2F,EE ROOM,MNL129P,,,,2022-09-08,ISP
MNL034 LP441 NP6-8,MNL034,LP441,NP6-8,MNL034 LP441,Benitez,MANILA,3,2,BARANGAY 729,,ANNE FRANCIS CONDOMINIUM,14.562325,120.996259,,2F,EE ROOM,MNL129P,,,,2022-09-08,ISP
MNL034 LP442 NP6-8,MNL034,LP442,NP6-8,MNL034 LP442,Benitez,MANILA,3,2,BARANGAY 729,,ANNE FRANCIS CONDOMINIUM,14.562325,120.996259,,2F,EE ROOM,MNL129P,,,,2022-09-08,ISP
MNL034 LP266 NP1,MNL034,LP266,NP1,MNL034 LP266,Benitez,MANILA,3,2,BARANGAY 729,,CITYLOFTS DOMINGA,14.562331,120.996570,,2F,HALLWAY,MNL128P,,,,2021-10-07,ISP
MNL034 LP442 NP1-2,MNL034,LP442,NP1-2,MNL034 LP442,Benitez,MANILA,3,2,BARANGAY 729,,ANNE FRANCIS CONDOMINIUM,14.562325,120.996259,,2F,EE ROOM,MNL129P,,,,2022-09-08,ISP
MNL001 LP147 NP3-4,MNL001,LP147,NP3-4,MNL001 LP147,Zen Tower,MANILA,3,2,BARANGAY 729,,,14.56238861,120.9966106,,,,,,,16,2018-09-24,OSP
MNL001 LP147 NP5-6,MNL001,LP147,NP5-6,MNL001 LP147,Zen Tower,MANILA,3,2,BARANGAY 729,,,14.56184351,120.9967857,,,,,,,16,2018-09-24,OSP
PSY002 LP114 NP3-4,PSY002,LP114,NP3-4,PSY002 LP114,Antel,MANILA,3,2,BARANGAY 730,,,14.563313,120.99687,,,,,,,16,2021-10-21,OSP
PSY002 LP114 NP5-6,PSY002,LP114,NP5-6,PSY002 LP114,Antel,MANILA,3,2,BARANGAY 730,,,14.563313,120.99687,,,,,,,16,2021-10-21,OSP
PSY002 LP115 NP6-8,PSY002,LP115,NP6-8,PSY002 LP115,Antel,MANILA,3,2,BARANGAY 730,,,14.563727,120.997705,,,,,,,24,2021-10-21,OSP
PSY002 LP113 NP3-4,PSY002,LP113,NP3-4,PSY002 LP113,Antel,MANILA,3,2,BARANGAY 730,,,14.563084,120.996359,,,,,,,16,2021-10-21,OSP
PSY002 LP113 NP5-6,PSY002,LP113,NP5-6,PSY002 LP113,Antel,MANILA,3,2,BARANGAY 730,,,14.563084,120.996359,,,,,,,16,2021-10-21,OSP
PSY002 LP136 NP1-2,PSY002,LP136,NP1-2,PSY002 LP136,Antel,MANILA,3,2,BARANGAY 730,,,14.562381,120.998059,,,,,,,16,2021-10-21,OSP
PSY002 LP136 NP3-4,PSY002,LP136,NP3-4,PSY002 LP136,Antel,MANILA,3,2,BARANGAY 730,,,14.562563,120.998016,,,,,,,16,2021-10-21,OSP
PSY002 LP136 NP5-6,PSY002,LP136,NP5-6,PSY002 LP136,Antel,MANILA,3,2,BARANGAY 730,,,14.562841,120.997938,,,,,,,16,2021-10-21,OSP
PSY002 LP136 NP7-8,PSY002,LP136,NP7-8,PSY002 LP136,Antel,MANILA,3,2,BARANGAY 730,,,14.563491,120.997832,,,,,,,16,2021-10-21,OSP
PSY002 LP135 NP3-4,PSY002,LP135,NP3-4,PSY002 LP135,Antel,MANILA,3,2,BARANGAY 730,,,14.561759,120.998659,,,,,,,16,2021-10-21,OSP
PSY002 LP135 NP5-6,PSY002,LP135,NP5-6,PSY002 LP135,Antel,MANILA,3,2,BARANGAY 730,,,14.56193,120.998203,,,,,,,16,2021-10-21,OSP
PSY002 LP135 NP7-8,PSY002,LP135,NP7-8,PSY002 LP135,Antel,MANILA,3,2,BARANGAY 730,,,14.562118,120.998114,,,,,,,16,2021-10-21,OSP
MNL034 LP209 NP3-4,MNL034,LP209,NP3-4,MNL034 LP209,Benitez,MANILA,3,2,BARANGAY 730,,,14.563094,120.996363,,,,,,,16,2021-02-26,OSP
MNL034 LP344 NP6-8,MNL034,LP344,NP6-8,MNL034 LP344,Benitez,MANILA,3,2,BARANGAY 730,,,14.562142,120.997394,,,,,,,24,2022-05-26,OSP
MNL034 LP345 NP1-2,MNL034,LP345,NP1-2,MNL034 LP345,Benitez,MANILA,3,2,BARANGAY 730,,,14.56369,120.997726,,,,,,,16,2022-05-26,OSP
MNL034 LP346 NP1-2,MNL034,LP346,NP1-2,MNL034 LP346,Benitez,MANILA,3,2,BARANGAY 730,,,14.563448,120.997855,,,,,,,16,2022-05-26,OSP
MNL034 LP346 NP3-5,MNL034,LP346,NP3-5,MNL034 LP346,Benitez,MANILA,3,2,BARANGAY 730,,,14.56285,120.99793,,,,,,,24,2022-05-26,OSP
MNL034 LP346 NP6-8,MNL034,LP346,NP6-8,MNL034 LP346,Benitez,MANILA,3,2,BARANGAY 730,,,14.561937,120.998199,,,,,,,24,2022-05-26,OSP
MNL034 LP211 NP3-4,MNL034,LP211,NP3-4,MNL034 LP211,Benitez,MANILA,3,2,BARANGAY 730,,,14.561974,120.99716,,,,,,,16,2021-02-26,OSP
MNL034 LP211 NP5-6,MNL034,LP211,NP5-6,MNL034 LP211,Benitez,MANILA,3,2,BARANGAY 730,,,14.562267,120.99773,,,,,,,16,2021-02-26,OSP
MNL034 LP212 NP3-4,MNL034,LP212,NP3-4,MNL034 LP212,Benitez,MANILA,3,2,BARANGAY 730,,,14.563719,120.997708,,,,,,,16,2021-02-26,OSP
MNL034 LP212 NP5-6,MNL034,LP212,NP5-6,MNL034 LP212,Benitez,MANILA,3,2,BARANGAY 730,,,14.563438,120.997852,,,,,,,16,2021-02-26,OSP
MNL034 LP213 NP1-2,MNL034,LP213,NP1-2,MNL034 LP213,Benitez,MANILA,3,2,BARANGAY 730,,,14.562843,120.997949,,,,,,,16,2021-02-26,OSP
MNL034 LP213 NP3-4,MNL034,LP213,NP3-4,MNL034 LP213,Benitez,MANILA,3,2,BARANGAY 730,,,14.562564,120.998014,,,,,,,16,2021-02-26,OSP
MNL034 LP213 NP5-6,MNL034,LP213,NP5-6,MNL034 LP213,Benitez,MANILA,3,2,BARANGAY 730,,,14.562125,120.998111,,,,,,,16,2021-02-26,OSP
MNL001 LP147 NP1-2,MNL001,LP147,NP1-2,MNL001 LP147,Zen Tower,MANILA,3,2,BARANGAY 730,,,14.56306592,120.9963072,,,,,,,16,2018-09-24,OSP
MNL001 LP147 NP7-8,MNL001,LP147,NP7-8,MNL001 LP147,Zen Tower,MANILA,3,2,BARANGAY 730,,,14.56220663,120.9976248,,,,,,,16,2018-09-24,OSP
MNL001 LP148 NP1-2,MNL001,LP148,NP1-2,MNL001 LP148,Zen Tower,MANILA,3,2,BARANGAY 730,,,14.56369633,120.9976854,,,,,,,16,2018-09-24,OSP
MNL001 LP148 NP3-4,MNL001,LP148,NP3-4,MNL001 LP148,Zen Tower,MANILA,3,2,BARANGAY 730,,,14.56273091,120.9979651,,,,,,,16,2018-09-24,OSP
MNL034 LP187 NP1-2,MNL034,LP187,NP1-2,MNL034 LP187,Benitez,MANILA,3,2,BARANGAY 731,,,14.571079,120.996009,,,,,,,16,2021-01-30,OSP
MNL034 LP187 NP5-6,MNL034,LP187,NP5-6,MNL034 LP187,Benitez,MANILA,3,2,BARANGAY 731,,,14.571167,120.996369,,,,,,,16,2021-01-30,OSP
MNL034 LP187 NP7-8,MNL034,LP187,NP7-8,MNL034 LP187,Benitez,MANILA,3,2,BARANGAY 731,,,14.571267,120.996766,,,,,,,16,2021-01-30,OSP
MNL034 LP188 NP1-2,MNL034,LP188,NP1-2,MNL034 LP188,Benitez,MANILA,3,2,BARANGAY 731,,,14.571291,120.997111,,,,,,,16,2021-01-30,OSP
MNL034 LP188 NP3-4,MNL034,LP188,NP3-4,MNL034 LP188,Benitez,MANILA,3,2,BARANGAY 731,,,14.571652,120.997141,,,,,,,16,2021-01-30,OSP
MNL034 LP188 NP5-6,MNL034,LP188,NP5-6,MNL034 LP188,Benitez,MANILA,3,2,BARANGAY 731,,,14.571991,120.997155,,,,,,,16,2021-01-30,OSP
MNL034 LP351 NP1-2,MNL034,LP351,NP1-2,MNL034 LP351,Benitez,MANILA,3,2,BARANGAY 731,,,14.571098,120.995953,,,,,,,16,2022-05-26,OSP
MNL034 LP351 NP3-5,MNL034,LP351,NP3-5,MNL034 LP351,Benitez,MANILA,3,2,BARANGAY 731,,,14.571111,120.995948,,,,,,,24,2022-05-26,OSP
MNL034 LP352 NP3-5,MNL034,LP352,NP3-5,MNL034 LP352,Benitez,MANILA,3,2,BARANGAY 731,,,14.569724,120.996288,,,,,,,24,2022-05-26,OSP
MNL034 LP352 NP6-8,MNL034,LP352,NP6-8,MNL034 LP352,Benitez,MANILA,3,2,BARANGAY 731,,,14.569185,120.996398,,,,,,,24,2022-05-26,OSP
MNL034 LP183 NP3-4,MNL034,LP183,NP3-4,MNL034 LP183,Benitez,MANILA,3,2,BARANGAY 731,,,14.568827,120.996507,,,,,,,16,2021-01-30,OSP
MNL034 LP183 NP5-6,MNL034,LP183,NP5-6,MNL034 LP183,Benitez,MANILA,3,2,BARANGAY 731,,,14.569149,120.996445,,,,,,,16,2021-01-30,OSP
MNL034 LP183 NP7-8,MNL034,LP183,NP7-8,MNL034 LP183,Benitez,MANILA,3,2,BARANGAY 731,,,14.569712,120.996343,,,,,,,16,2021-01-30,OSP
MNL034 LP184 NP1-2,MNL034,LP184,NP1-2,MNL034 LP184,Benitez,MANILA,3,2,BARANGAY 731,,,14.569778,120.996827,,,,,,,16,2021-01-30,OSP
MNL034 LP184 NP3-4,MNL034,LP184,NP3-4,MNL034 LP184,Benitez,MANILA,3,2,BARANGAY 731,,,14.569377,120.996794,,,,,,,16,2021-01-30,OSP
MNL034 LP184 NP5-6,MNL034,LP184,NP5-6,MNL034 LP184,Benitez,MANILA,3,2,BARANGAY 731,,,14.569085,120.996771,,,,,,,16,2021-01-30,OSP
MNL034 LP184 NP7-8,MNL034,LP184,NP7-8,MNL034 LP184,Benitez,MANILA,3,2,BARANGAY 731,,,14.569573,120.997001,,,,,,,16,2021-01-30,OSP
MNL034 LP185 NP1-2,MNL034,LP185,NP1-2,MNL034 LP185,Benitez,MANILA,3,2,BARANGAY 731,,,14.568984,120.996958,,,,,,,16,2021-01-30,OSP
MNL034 LP186 NP5-6,MNL034,LP186,NP5-6,MNL034 LP186,Benitez,MANILA,3,2,BARANGAY 731,,,14.570712,120.996407,,,,,,,16,2021-01-30,OSP
MNL034 LP186 NP7-8,MNL034,LP186,NP7-8,MNL034 LP186,Benitez,MANILA,3,2,BARANGAY 731,,,14.570772,120.996649,,,,,,,16,2021-01-30,OSP
MNL034 LP363 NP1-2,MNL034,LP363,NP1-2,MNL034 LP363,Benitez,MANILA,3,2,BARANGAY 731,,,14.569117,120.997004,,,,,,,16,2022-05-26,OSP
MNL034 LP361 NP3-5,MNL034,LP361,NP3-5,MNL034 LP361,Benitez,MANILA,3,2,BARANGAY 731,,,14.571365,120.997117,,,,,,,24,2022-05-26,OSP
MNL034 LP361 NP6-8,MNL034,LP361,NP6-8,MNL034 LP361,Benitez,MANILA,3,2,BARANGAY 731,,,14.570737,120.997077,,,,,,,24,2022-05-26,OSP
MNL034 LP362 NP1-2,MNL034,LP362,NP1-2,MNL034 LP362,Benitez,MANILA,3,2,BARANGAY 731,,,14.570509,120.997068,,,,,,,16,2022-05-26,OSP
MNL034 LP362 NP3-5,MNL034,LP362,NP3-5,MNL034 LP362,Benitez,MANILA,3,2,BARANGAY 731,,,14.570245,120.997055,,,,,,,24,2022-05-26,OSP
MNL034 LP362 NP6-8,MNL034,LP362,NP6-8,MNL034 LP362,Benitez,MANILA,3,2,BARANGAY 731,,,14.569796,120.996989,,,,,,,24,2022-05-26,OSP
MNL001 LP156 NP1-2,MNL001,LP156,NP1-2,MNL001 LP156,Zen Tower,MANILA,3,2,BARANGAY 731,,,14.56890844,120.996479,,,,,,,16,2018-09-24,OSP
MNL001 LP156 NP3-4,MNL001,LP156,NP3-4,MNL001 LP156,Zen Tower,MANILA,3,2,BARANGAY 731,,,14.56962188,120.9963157,,,,,,,16,2018-09-24,OSP
MNL001 LP156 NP5-6,MNL001,LP156,NP5-6,MNL001 LP156,Zen Tower,MANILA,3,2,BARANGAY 731,,,14.57019845,120.9962076,,,,,,,16,2018-09-24,OSP
MNL001 LP288 NP1-2,MNL001,LP288,NP1-2,MNL001 LP288,Zen Tower,MANILA,3,2,BARANGAY 731,,,14.571261,120.997084,,,,,,,16,2019-10-28,OSP
MNL001 LP288 NP3-4,MNL001,LP288,NP3-4,MNL001 LP288,Zen Tower,MANILA,3,2,BARANGAY 731,,,14.570977,120.997067,,,,,,,16,2019-10-28,OSP
MNL001 LP288 NP5-6,MNL001,LP288,NP5-6,MNL001 LP288,Zen Tower,MANILA,3,2,BARANGAY 731,,,14.570564,120.997066,,,,,,,16,2019-10-28,OSP
MNL001 LP288 NP7-8,MNL001,LP288,NP7-8,MNL001 LP288,Zen Tower,MANILA,3,2,BARANGAY 731,,,14.571242,120.996806,,,,,,,16,2019-10-28,OSP
MNL001 LP289 NP1-2,MNL001,LP289,NP1-2,MNL001 LP289,Zen Tower,MANILA,3,2,BARANGAY 731,,,14.569717,120.996571,,,,,,,16,2019-10-28,OSP
MNL001 LP289 NP3-4,MNL001,LP289,NP3-4,MNL001 LP289,Zen Tower,MANILA,3,2,BARANGAY 731,,,14.569789,120.997001,,,,,,,16,2019-10-28,OSP
MNL001 LP290 NP1-2,MNL001,LP290,NP1-2,MNL001 LP290,Zen Tower,MANILA,3,2,BARANGAY 731,,,14.56928,120.997005,,,,,,,16,2019-10-28,OSP
MNL034 LP198 NP1-2,MNL034,LP198,NP1-2,MNL034 LP198,Benitez,MANILA,3,2,BARANGAY 732,,,14.570321,120.99765,,,,,,,16,2021-02-26,OSP
MNL034 LP198 NP3-4,MNL034,LP198,NP3-4,MNL034 LP198,Benitez,MANILA,3,2,BARANGAY 732,,,14.570278,120.997273,,,,,,,16,2021-02-26,OSP
MNL034 LP198 NP5-6,MNL034,LP198,NP5-6,MNL034 LP198,Benitez,MANILA,3,2,BARANGAY 732,,,14.57017,120.997581,,,,,,,16,2021-02-26,OSP
MNL034 LP198 NP7-8,MNL034,LP198,NP7-8,MNL034 LP198,Benitez,MANILA,3,2,BARANGAY 732,,,14.570215,120.997951,,,,,,,16,2021-02-26,OSP
MNL001 LP289 NP5-6,MNL001,LP289,NP5-6,MNL001 LP289,Zen Tower,MANILA,3,2,BARANGAY 732,,,14.570117,120.997256,,,,,,,16,2019-10-28,OSP
MNL001 LP289 NP7-8,MNL001,LP289,NP7-8,MNL001 LP289,Zen Tower,MANILA,3,2,BARANGAY 732,,,14.570358,120.998004,,,,,,,16,2019-10-28,OSP
MNL034 LP190 NP5-6,MNL034,LP190,NP5-6,MNL034 LP190,Benitez,MANILA,3,2,BARANGAY 733,,,14.565519,120.997031,,,,,,,16,2021-02-26,OSP
MNL034 LP174 NP3-4,MNL034,LP174,NP3-4,MNL034 LP174,Benitez,MANILA,3,2,BARANGAY 733,,,14.568227,120.996176,,,,,,,16,2021-01-30,OSP
MNL034 LP180 NP3-4,MNL034,LP180,NP3-4,MNL034 LP180,Benitez,MANILA,3,2,BARANGAY 733,,,14.56659,120.996629,,,,,,,16,2021-01-30,OSP
MNL034 LP180 NP5-6,MNL034,LP180,NP5-6,MNL034 LP180,Benitez,MANILA,3,2,BARANGAY 733,,,14.566222,120.99674,,,,,,,16,2021-01-30,OSP
MNL034 LP180 NP7-8,MNL034,LP180,NP7-8,MNL034 LP180,Benitez,MANILA,3,2,BARANGAY 733,,,14.565834,120.996874,,,,,,,16,2021-01-30,OSP
MNL034 LP181 NP1-2,MNL034,LP181,NP1-2,MNL034 LP181,Benitez,MANILA,3,2,BARANGAY 733,,,14.566943,120.996538,,,,,,,16,2021-01-30,OSP
MNL034 LP178 NP7-8,MNL034,LP178,NP7-8,MNL034 LP178,Benitez,MANILA,3,2,BARANGAY 733,,,14.567265,120.996459,,,,,,,16,2021-01-30,OSP
MNL034 LP183 NP1-2,MNL034,LP183,NP1-2,MNL034 LP183,Benitez,MANILA,3,2,BARANGAY 733,,,14.56835,120.996604,,,,,,,16,2021-01-30,OSP
MNL034 LP185 NP3-4,MNL034,LP185,NP3-4,MNL034 LP185,Benitez,MANILA,3,2,BARANGAY 733,,,14.568161,120.996905,,,,,,,16,2021-01-30,OSP
MNL034 LP185 NP5-6,MNL034,LP185,NP5-6,MNL034 LP185,Benitez,MANILA,3,2,BARANGAY 733,,,14.567824,120.996881,,,,,,,16,2021-01-30,OSP
MNL034 LP185 NP7-8,MNL034,LP185,NP7-8,MNL034 LP185,Benitez,MANILA,3,2,BARANGAY 733,,,14.567678,120.99687,,,,,,,16,2021-01-30,OSP
MNL034 LP6 NP1-2,MNL034,LP6,NP1-2,MNL034 LP6,Benitez,MANILA,3,2,BARANGAY 733,,,14.566924,120.996582,,,,,,,16,2020-02-13,OSP
MNL034 LP6 NP5-6,MNL034,LP6,NP5-6,MNL034 LP6,Benitez,MANILA,3,2,BARANGAY 733,,,14.56663,120.996675,,,,,,,16,2020-02-13,OSP
MNL034 LP5 NP5-6,MNL034,LP5,NP5-6,MNL034 LP5,Benitez,MANILA,3,2,BARANGAY 733,,,14.567251,120.996485,,,,,,,16,2020-02-13,OSP
MNL034 LP363 NP3-5,MNL034,LP363,NP3-5,MNL034 LP363,Benitez,MANILA,3,2,BARANGAY 733,,,14.568591,120.996912,,,,,,,24,2022-05-26,OSP
MNL034 LP363 NP6-8,MNL034,LP363,NP6-8,MNL034 LP363,Benitez,MANILA,3,2,BARANGAY 733,,,14.568078,120.996874,,,,,,,24,2022-05-26,OSP
MNL034 LP353 NP1-2,MNL034,LP353,NP1-2,MNL034 LP353,Benitez,MANILA,3,2,BARANGAY 733,,,14.568639,120.99658,,,,,,,16,2022-05-26,OSP
MNL034 LP353 NP3-5,MNL034,LP353,NP3-5,MNL034 LP353,Benitez,MANILA,3,2,BARANGAY 733,,,14.56834,120.996629,,,,,,,24,2022-05-26,OSP
MNL034 LP353 NP6-8,MNL034,LP353,NP6-8,MNL034 LP353,Benitez,MANILA,3,2,BARANGAY 733,,,14.568148,120.996227,,,,,,,24,2022-05-26,OSP
MNL034 LP355 NP1-2,MNL034,LP355,NP1-2,MNL034 LP355,Benitez,MANILA,3,2,BARANGAY 733,,,14.567407,120.99645,,,,,,,16,2022-05-26,OSP
MNL034 LP355 NP3-5,MNL034,LP355,NP3-5,MNL034 LP355,Benitez,MANILA,3,2,BARANGAY 733,,,14.566966,120.996579,,,,,,,24,2022-05-26,OSP
MNL034 LP355 NP6-8,MNL034,LP355,NP6-8,MNL034 LP355,Benitez,MANILA,3,2,BARANGAY 733,,,14.566225,120.996793,,,,,,,24,2022-05-26,OSP
MNL001 LP155 NP7-8,MNL001,LP155,NP7-8,MNL001 LP155,Zen Tower,MANILA,3,2,BARANGAY 733,,,14.56820323,120.9961981,,,,,,,16,2018-09-24,OSP
MNL001 LP290 NP3-4,MNL001,LP290,NP3-4,MNL001 LP290,Zen Tower,MANILA,3,2,BARANGAY 733,,,14.568603,120.996933,,,,,,,16,2019-10-28,OSP
MNL001 LP290 NP5-6,MNL001,LP290,NP5-6,MNL001 LP290,Zen Tower,MANILA,3,2,BARANGAY 733,,,14.56822,120.996887,,,,,,,16,2019-10-28,OSP
MNL001 LP290 NP7-8,MNL001,LP290,NP7-8,MNL001 LP290,Zen Tower,MANILA,3,2,BARANGAY 733,,,14.566995,120.99682,,,,,,,16,2019-10-28,OSP
MNL001 LP291 NP1-2,MNL001,LP291,NP1-2,MNL001 LP291,Zen Tower,MANILA,3,2,BARANGAY 733,,,14.567945,120.99687,,,,,,,16,2019-10-28,OSP
MNL001 LP291 NP3-4,MNL001,LP291,NP3-4,MNL001 LP291,Zen Tower,MANILA,3,2,BARANGAY 733,,,14.567933,120.997199,,,,,,,16,2019-10-28,OSP
MNL001 LP291 NP5-6,MNL001,LP291,NP5-6,MNL001 LP291,Zen Tower,MANILA,3,2,BARANGAY 733,,,14.56743,120.997174,,,,,,,16,2019-10-28,OSP
MNL001 LP291 NP7-8,MNL001,LP291,NP7-8,MNL001 LP291,Zen Tower,MANILA,3,2,BARANGAY 733,,,14.567017,120.997152,,,,,,,16,2019-10-28,OSP
MNL001 LP149 NP1-2,MNL001,LP149,NP1-2,MNL001 LP149,Zen Tower,MANILA,3,2,BARANGAY 733,,,14.56628631,120.9967538,,,,,,,16,2018-09-24,OSP
MNL001 LP149 NP3-4,MNL001,LP149,NP3-4,MNL001 LP149,Zen Tower,MANILA,3,2,BARANGAY 733,,,14.5668886,120.9965445,,,,,,,16,2018-09-24,OSP
MNL001 LP149 NP5-6,MNL001,LP149,NP5-6,MNL001 LP149,Zen Tower,MANILA,3,2,BARANGAY 733,,,14.56765801,120.9963491,,,,,,,16,2018-09-24,OSP
MNL004 LP265 NP6-7-8,MNL004,LP265,NP6-7-8,MNL004 LP265,Zamora Pandacan,MANILA,3,2,BARANGAY 734,,,14.576343,120.99707,,,,,,,24,2021-06-17,OSP
MNL004 LP265 NP1-2,MNL004,LP265,NP1-2,MNL004 LP265,Zamora Pandacan,MANILA,3,2,BARANGAY 734,,,14.576675,120.996902,,,,,,,16,2021-06-17,OSP
MNL004 LP265 NP3-4-5,MNL004,LP265,NP3-4-5,MNL004 LP265,Zamora Pandacan,MANILA,3,2,BARANGAY 734,,,14.576353,120.997263,,,,,,,24,2021-06-17,OSP
MNL034 LP170 NP1-2,MNL034,LP170,NP1-2,MNL034 LP170,Benitez,MANILA,3,2,BARANGAY 735,,,14.574783,120.997247,,,,,,,16,2021-01-30,OSP
MNL034 LP170 NP3-4,MNL034,LP170,NP3-4,MNL034 LP170,Benitez,MANILA,3,2,BARANGAY 735,,,14.575105,120.99727,,,,,,,16,2021-01-30,OSP
MNL034 LP170 NP5-6,MNL034,LP170,NP5-6,MNL034 LP170,Benitez,MANILA,3,2,BARANGAY 735,,,14.575368,120.997289,,,,,,,16,2021-01-30,OSP
MNL034 LP169 NP1-2,MNL034,LP169,NP1-2,MNL034 LP169,Benitez,MANILA,3,2,BARANGAY 735,,,14.57436,120.998214,,,,,,,16,2021-01-30,OSP
MNL034 LP169 NP3-4,MNL034,LP169,NP3-4,MNL034 LP169,Benitez,MANILA,3,2,BARANGAY 735,,,14.57454,120.99778,,,,,,,16,2021-01-30,OSP
MNL034 LP169 NP5-6,MNL034,LP169,NP5-6,MNL034 LP169,Benitez,MANILA,3,2,BARANGAY 735,,,14.574795,120.997545,,,,,,,16,2021-01-30,OSP
MNL034 LP169 NP7-8,MNL034,LP169,NP7-8,MNL034 LP169,Benitez,MANILA,3,2,BARANGAY 735,,,14.575206,120.997821,,,,,,,16,2021-01-30,OSP
MNL034 LP360 NP3-5,MNL034,LP360,NP3-5,MNL034 LP360,Benitez,MANILA,3,2,BARANGAY 735,,,14.574782,120.997255,,,,,,,24,2022-05-26,OSP
MNL034 LP360 NP6-8,MNL034,LP360,NP6-8,MNL034 LP360,Benitez,MANILA,3,2,BARANGAY 735,,,14.575805,120.997326,,,,,,,24,2022-05-26,OSP
MNL001 LP281 NP3-4,MNL001,LP281,NP3-4,MNL001 LP281,Zen Tower,MANILA,3,2,BARANGAY 735,,,14.574684,120.997521,,,,,,,16,2019-10-28,OSP
MNL001 LP281 NP5-6,MNL001,LP281,NP5-6,MNL001 LP281,Zen Tower,MANILA,3,2,BARANGAY 735,,,14.575191,120.99757,,,,,,,16,2019-10-28,OSP
MNL001 LP281 NP7-8,MNL001,LP281,NP7-8,MNL001 LP281,Zen Tower,MANILA,3,2,BARANGAY 735,,,14.574984,120.99793,,,,,,,16,2019-10-28,OSP
MNL001 LP282 NP1-2,MNL001,LP282,NP1-2,MNL001 LP282,Zen Tower,MANILA,3,2,BARANGAY 735,,,14.574791,120.99726,,,,,,,16,2019-10-28,OSP
MNL001 LP282 NP3-4,MNL001,LP282,NP3-4,MNL001 LP282,Zen Tower,MANILA,3,2,BARANGAY 735,,,14.575721,120.997311,,,,,,,16,2019-10-28,OSP
MNL001 LP283 NP1-2,MNL001,LP283,NP1-2,MNL001 LP283,Zen Tower,MANILA,3,2,BARANGAY 735,,,14.575153,120.996936,,,,,,,16,2019-10-28,OSP
MNL001 LP283 NP5-6,MNL001,LP283,NP5-6,MNL001 LP283,Zen Tower,MANILA,3,2,BARANGAY 735,,,14.57582,120.996833,,,,,,,16,2019-10-28,OSP
MNL001 LP283 NP7-8,MNL001,LP283,NP7-8,MNL001 LP283,Zen Tower,MANILA,3,2,BARANGAY 735,,,14.575745,120.997039,,,,,,,16,2020-07-29,OSP
MNL034 LP168 NP1-2,MNL034,LP168,NP1-2,MNL034 LP168,Benitez,MANILA,3,2,BARANGAY 736,,,14.574465,120.996923,,,,,,,16,2021-01-30,OSP
MNL034 LP168 NP3-4,MNL034,LP168,NP3-4,MNL034 LP168,Benitez,MANILA,3,2,BARANGAY 736,,,14.574582,120.996598,,,,,,,16,2021-01-30,OSP
MNL034 LP168 NP5-6,MNL034,LP168,NP5-6,MNL034 LP168,Benitez,MANILA,3,2,BARANGAY 736,,,14.574688,120.996188,,,,,,,16,2021-01-30,OSP
MNL034 LP168 NP7-8,MNL034,LP168,NP7-8,MNL034 LP168,Benitez,MANILA,3,2,BARANGAY 736,,,14.574778,120.995771,,,,,,,16,2021-01-30,OSP
MNL001 LP282 NP5-6,MNL001,LP282,NP5-6,MNL001 LP282,Zen Tower,MANILA,3,2,BARANGAY 736,,,14.574636,120.996515,,,,,,,16,2019-10-28,OSP
MNL001 LP282 NP7-8,MNL001,LP282,NP7-8,MNL001 LP282,Zen Tower,MANILA,3,2,BARANGAY 736,,,14.57456,120.996149,,,,,,,16,2019-10-28,OSP
MNL001 LP283 NP3-4,MNL001,LP283,NP3-4,MNL001 LP283,Zen Tower,MANILA,3,2,BARANGAY 736,,,14.575263,120.996724,,,,,,,16,2019-10-28,OSP
MNL034 LP167 NP1-2,MNL034,LP167,NP1-2,MNL034 LP167,Benitez,MANILA,3,2,BARANGAY 737,,,14.574287,120.997221,,,,,,,16,2021-01-30,OSP
MNL034 LP167 NP3-4,MNL034,LP167,NP3-4,MNL034 LP167,Benitez,MANILA,3,2,BARANGAY 737,,,14.574216,120.997478,,,,,,,16,2021-01-30,OSP
MNL034 LP167 NP5-6,MNL034,LP167,NP5-6,MNL034 LP167,Benitez,MANILA,3,2,BARANGAY 737,,,14.574117,120.997787,,,,,,,16,2021-01-30,OSP
MNL034 LP167 NP7-8,MNL034,LP167,NP7-8,MNL034 LP167,Benitez,MANILA,3,2,BARANGAY 737,,,14.573853,120.998612,,,,,,,16,2021-01-30,OSP
MNL034 LP360 NP1-2,MNL034,LP360,NP1-2,MNL034 LP360,Benitez,MANILA,3,2,BARANGAY 737,,,14.574287,120.99723,,,,,,,16,2022-05-26,OSP
MNL001 LP281 NP1-2,MNL001,LP281,NP1-2,MNL001 LP281,Zen Tower,MANILA,3,2,BARANGAY 737,,,14.573994,120.998106,,,,,,,16,2019-10-28,OSP
MNL001 LP159 NP5-6,MNL001,LP159,NP5-6,MNL001 LP159,Zen Tower,MANILA,3,2,BARANGAY 737,,,14.574244,120.997296,,,,,,,16,2018-09-24,OSP
MNL034 LP204 NP3-4,MNL034,LP204,NP3-4,MNL034 LP204,Benitez,MANILA,3,2,BARANGAY 738,,,14.572444,120.998808,,,,,,,16,2021-02-26,OSP
MNL034 LP166 NP3-4,MNL034,LP166,NP3-4,MNL034 LP166,Benitez,MANILA,3,2,BARANGAY 738,,,14.572803,120.998596,,,,,,,16,2021-01-30,OSP
MNL034 LP166 NP5-6,MNL034,LP166,NP5-6,MNL034 LP166,Benitez,MANILA,3,2,BARANGAY 738,,,14.572924,120.99812,,,,,,,16,2021-01-30,OSP
MNL034 LP166 NP7-8,MNL034,LP166,NP7-8,MNL034 LP166,Benitez,MANILA,3,2,BARANGAY 738,,,14.573109,120.997349,,,,,,,16,2021-01-30,OSP
MNL034 LP189 NP7-8,MNL034,LP189,NP7-8,MNL034 LP189,Benitez,MANILA,3,2,BARANGAY 738,,,14.57235,120.998072,,,,,,,16,2021-01-30,OSP
MNL034 LP165 NP3-4,MNL034,LP165,NP3-4,MNL034 LP165,Benitez,MANILA,3,2,BARANGAY 738,,,14.57344,120.99769,,,,,,,16,2021-01-30,OSP
MNL034 LP165 NP5-6,MNL034,LP165,NP5-6,MNL034 LP165,Benitez,MANILA,3,2,BARANGAY 738,,,14.573712,120.997709,,,,,,,16,2021-01-30,OSP
MNL034 LP165 NP7-8,MNL034,LP165,NP7-8,MNL034 LP165,Benitez,MANILA,3,2,BARANGAY 738,,,14.573618,120.998068,,,,,,,16,2021-01-30,OSP
MNL034 LP166 NP1-2,MNL034,LP166,NP1-2,MNL034 LP166,Benitez,MANILA,3,2,BARANGAY 738,,,14.573261,120.998324,,,,,,,16,2021-01-30,OSP
MNL034 LP358 NP6-8,MNL034,LP358,NP6-8,MNL034 LP358,Benitez,MANILA,3,2,BARANGAY 738,,,14.572465,120.998199,,,,,,,24,2022-05-26,OSP
MNL034 LP358 NP3-5,MNL034,LP358,NP3-5,MNL034 LP358,Benitez,MANILA,3,2,BARANGAY 738,,,14.572418,120.997792,,,,,,,24,2022-05-26,OSP
MNL001 LP159 NP1-2,MNL001,LP159,NP1-2,MNL001 LP159,Zen Tower,MANILA,3,2,BARANGAY 738,,,14.572236,120.997391,,,,,,,16,2018-09-24,OSP
MNL001 LP284 NP1-2,MNL001,LP284,NP1-2,MNL001 LP284,Zen Tower,MANILA,3,2,BARANGAY 738,,,14.573521,120.997379,,,,,,,16,2019-10-28,OSP
MNL001 LP284 NP3-4,MNL001,LP284,NP3-4,MNL001 LP284,Zen Tower,MANILA,3,2,BARANGAY 738,,,14.573781,120.997431,,,,,,,16,2019-10-28,OSP
MNL001 LP284 NP5-6,MNL001,LP284,NP5-6,MNL001 LP284,Zen Tower,MANILA,3,2,BARANGAY 738,,,14.573635,120.997987,,,,,,,16,2019-10-28,OSP
MNL001 LP284 NP7-8,MNL001,LP284,NP7-8,MNL001 LP284,Zen Tower,MANILA,3,2,BARANGAY 738,,,14.573493,120.998506,,,,,,,16,2019-10-28,OSP
MNL001 LP285 NP1-2,MNL001,LP285,NP1-2,MNL001 LP285,Zen Tower,MANILA,3,2,BARANGAY 738,,,14.573362,120.997931,,,,,,,16,2019-10-28,OSP
MNL001 LP285 NP3-4,MNL001,LP285,NP3-4,MNL001 LP285,Zen Tower,MANILA,3,2,BARANGAY 738,,,14.573156,120.998655,,,,,,,16,2019-10-28,OSP
MNL001 LP285 NP5-6,MNL001,LP285,NP5-6,MNL001 LP285,Zen Tower,MANILA,3,2,BARANGAY 738,,,14.572879,120.998317,,,,,,,16,2019-10-28,OSP
MNL001 LP285 NP7-8,MNL001,LP285,NP7-8,MNL001 LP285,Zen Tower,MANILA,3,2,BARANGAY 738,,,14.57304,120.997754,,,,,,,16,2019-10-28,OSP
MNL034 LP188 NP7-8,MNL034,LP188,NP7-8,MNL034 LP188,Benitez,MANILA,3,2,BARANGAY 739,,,14.571285,120.997298,,,,,,,16,2021-01-30,OSP
MNL034 LP189 NP1-2,MNL034,LP189,NP1-2,MNL034 LP189,Benitez,MANILA,3,2,BARANGAY 739,,,14.57114,120.997635,,,,,,,16,2021-01-30,OSP
MNL034 LP189 NP3-4,MNL034,LP189,NP3-4,MNL034 LP189,Benitez,MANILA,3,2,BARANGAY 739,,,14.571178,120.998121,,,,,,,16,2021-01-30,OSP
MNL034 LP189 NP5-6,MNL034,LP189,NP5-6,MNL034 LP189,Benitez,MANILA,3,2,BARANGAY 739,,,14.571718,120.998104,,,,,,,16,2021-01-30,OSP
MNL034 LP361 NP1-2,MNL034,LP361,NP1-2,MNL034 LP361,Benitez,MANILA,3,2,BARANGAY 739,,,14.572036,120.997124,,,,,,,16,2022-05-26,OSP
MNL001 LP159 NP7-8,MNL001,LP159,NP7-8,MNL001 LP159,Zen Tower,MANILA,3,2,BARANGAY 739,,,14.572303,120.99798,,,,,,,16,2018-09-24,OSP
MNL001 LP287 NP1-2,MNL001,LP287,NP1-2,MNL001 LP287,Zen Tower,MANILA,3,2,BARANGAY 739,,,14.572,120.998039,,,,,,,16,2019-10-28,OSP
MNL001 LP287 NP3-4,MNL001,LP287,NP3-4,MNL001 LP287,Zen Tower,MANILA,3,2,BARANGAY 739,,,14.571392,120.998129,,,,,,,16,2019-10-28,OSP
MNL001 LP287 NP5-6,MNL001,LP287,NP5-6,MNL001 LP287,Zen Tower,MANILA,3,2,BARANGAY 739,,,14.571131,120.99781,,,,,,,16,2019-10-28,OSP
MNL001 LP287 NP7-8,MNL001,LP287,NP7-8,MNL001 LP287,Zen Tower,MANILA,3,2,BARANGAY 739,,,14.571122,120.997292,,,,,,,16,2019-10-28,OSP
MNL034 LP162 NP1-2,MNL034,LP162,NP1-2,MNL034 LP162,Benitez,MANILA,3,2,BARANGAY 740,,,14.573257,120.996013,,,,,,,16,2021-01-30,OSP
MNL034 LP162 NP3-4,MNL034,LP162,NP3-4,MNL034 LP162,Benitez,MANILA,3,2,BARANGAY 740,,,14.572836,120.996189,,,,,,,16,2021-01-30,OSP
MNL034 LP162 NP5-6,MNL034,LP162,NP5-6,MNL034 LP162,Benitez,MANILA,3,2,BARANGAY 740,,,14.572479,120.996332,,,,,,,16,2021-01-30,OSP
MNL034 LP162 NP7-8,MNL034,LP162,NP7-8,MNL034 LP162,Benitez,MANILA,3,2,BARANGAY 740,,,14.57226,120.996497,,,,,,,16,2021-01-30,OSP
MNL034 LP163 NP1-2,MNL034,LP163,NP1-2,MNL034 LP163,Benitez,MANILA,3,2,BARANGAY 740,,,14.572411,120.997112,,,,,,,16,2021-01-30,OSP
MNL034 LP163 NP3-4,MNL034,LP163,NP3-4,MNL034 LP163,Benitez,MANILA,3,2,BARANGAY 740,,,14.572851,120.997149,,,,,,,16,2021-01-30,OSP
MNL034 LP163 NP5-6,MNL034,LP163,NP5-6,MNL034 LP163,Benitez,MANILA,3,2,BARANGAY 740,,,14.573203,120.997176,,,,,,,16,2021-01-30,OSP
MNL034 LP163 NP7-8,MNL034,LP163,NP7-8,MNL034 LP163,Benitez,MANILA,3,2,BARANGAY 740,,,14.573582,120.997187,,,,,,,16,2021-01-30,OSP
MNL034 LP164 NP1-2,MNL034,LP164,NP1-2,MNL034 LP164,Benitez,MANILA,3,2,BARANGAY 740,,,14.57368,120.996786,,,,,,,16,2021-01-30,OSP
MNL034 LP164 NP3-4,MNL034,LP164,NP3-4,MNL034 LP164,Benitez,MANILA,3,2,BARANGAY 740,,,14.57382,120.996128,,,,,,,16,2021-01-30,OSP
MNL034 LP164 NP5-6,MNL034,LP164,NP5-6,MNL034 LP164,Benitez,MANILA,3,2,BARANGAY 740,,,14.573363,120.996318,,,,,,,16,2021-01-30,OSP
MNL034 LP359 NP1-2,MNL034,LP359,NP1-2,MNL034 LP359,Benitez,MANILA,3,2,BARANGAY 740,,,14.572848,120.997137,,,,,,,16,2022-05-26,OSP
MNL034 LP359 NP3-5,MNL034,LP359,NP3-5,MNL034 LP359,Benitez,MANILA,3,2,BARANGAY 740,,,14.573175,120.997176,,,,,,,24,2022-05-26,OSP
MNL034 LP359 NP6-8,MNL034,LP359,NP6-8,MNL034 LP359,Benitez,MANILA,3,2,BARANGAY 740,,,14.573585,120.997186,,,,,,,24,2022-05-26,OSP
MNL034 LP356 NP1-2,MNL034,LP356,NP1-2,MNL034 LP356,Benitez,MANILA,3,2,BARANGAY 740,,,14.572247,120.996502,,,,,,,16,2022-05-26,OSP
MNL034 LP356 NP3-5,MNL034,LP356,NP3-5,MNL034 LP356,Benitez,MANILA,3,2,BARANGAY 740,,,14.572516,120.996297,,,,,,,24,2022-05-26,OSP
MNL034 LP356 NP6-8,MNL034,LP356,NP6-8,MNL034 LP356,Benitez,MANILA,3,2,BARANGAY 740,,,14.572838,120.996173,,,,,,,24,2022-05-26,OSP
MNL034 LP357 NP1-2,MNL034,LP357,NP1-2,MNL034 LP357,Benitez,MANILA,3,2,BARANGAY 740,,,14.573171,120.996044,,,,,,,16,2022-05-26,OSP
MNL034 LP357 NP3-5,MNL034,LP357,NP3-5,MNL034 LP357,Benitez,MANILA,3,2,BARANGAY 740,,,14.573472,120.995922,,,,,,,24,2022-05-26,OSP
MNL034 LP357 NP6-8,MNL034,LP357,NP6-8,MNL034 LP357,Benitez,MANILA,3,2,BARANGAY 740,,,14.57348,120.995925,,,,,,,24,2022-05-26,OSP
MNL034 LP358 NP1-2,MNL034,LP358,NP1-2,MNL034 LP358,Benitez,MANILA,3,2,BARANGAY 740,,,14.572221,120.997094,,,,,,,16,2022-05-26,OSP
MNL001 LP159 NP3-4,MNL001,LP159,NP3-4,MNL001 LP159,Zen Tower,MANILA,3,2,BARANGAY 740,,,14.573414,120.997251,,,,,,,16,2018-09-24,OSP
MNL001 LP158 NP1-2,MNL001,LP158,NP1-2,MNL001 LP158,Zen Tower,MANILA,3,2,BARANGAY 740,,,14.57219763,120.9964608,,,,,,,16,2018-09-24,OSP
MNL001 LP158 NP3-4,MNL001,LP158,NP3-4,MNL001 LP158,Zen Tower,MANILA,3,2,BARANGAY 740,,,14.57314324,120.9960754,,,,,,,16,2018-09-24,OSP
MNL001 LP286 NP1-2,MNL001,LP286,NP1-2,MNL001 LP286,Zen Tower,MANILA,3,2,BARANGAY 740,,,14.573678,120.996791,,,,,,,16,2019-10-28,OSP
MNL001 LP286 NP3-4,MNL001,LP286,NP3-4,MNL001 LP286,Zen Tower,MANILA,3,2,BARANGAY 740,,,14.573812,120.996135,,,,,,,16,2019-10-28,OSP
MNL001 LP286 NP5-6,MNL001,LP286,NP5-6,MNL001 LP286,Zen Tower,MANILA,3,2,BARANGAY 740,,,14.573333,120.996669,,,,,,,16,2019-10-28,OSP
MNL001 LP286 NP7-8,MNL001,LP286,NP7-8,MNL001 LP286,Zen Tower,MANILA,3,2,BARANGAY 740,,,14.573253,120.996965,,,,,,,16,2020-07-29,OSP
MNL034 LP161 NP3-4,MNL034,LP161,NP3-4,MNL034 LP161,Benitez,MANILA,3,2,BARANGAY 741,,,14.574797,120.995374,,,,,,,16,2021-01-30,OSP
MNL034 LP161 NP5-6,MNL034,LP161,NP5-6,MNL034 LP161,Benitez,MANILA,3,2,BARANGAY 741,,,14.574105,120.995675,,,,,,,16,2021-01-30,OSP
MNL034 LP165 NP1-2,MNL034,LP165,NP1-2,MNL034 LP165,Benitez,MANILA,3,2,BARANGAY 741,,,14.573998,120.997207,,,,,,,16,2021-01-30,OSP
MNL001 LP158 NP7-8,MNL001,LP158,NP7-8,MNL001 LP158,Zen Tower,MANILA,3,2,BARANGAY 741,,,14.57473508,120.9954023,,,,,,,16,2018-09-24,OSP
MNL034 LP160 NP5-6,MNL034,LP160,NP5-6,MNL034 LP160,Benitez,MANILA,3,2,BARANGAY 742,,,14.574081,120.9953,,,,,,,16,2021-01-30,OSP
MNL034 LP160 NP7-8,MNL034,LP160,NP7-8,MNL034 LP160,Benitez,MANILA,3,2,BARANGAY 742,,,14.573816,120.995463,,,,,,,16,2021-01-30,OSP
MNL034 LP161 NP1-2,MNL034,LP161,NP1-2,MNL034 LP161,Benitez,MANILA,3,2,BARANGAY 742,,,14.574525,120.995173,,,,,,,16,2021-01-30,OSP
MNL034 LP161 NP7-8,MNL034,LP161,NP7-8,MNL034 LP161,Benitez,MANILA,3,2,BARANGAY 742,,,14.573696,120.995843,,,,,,,16,2021-01-30,OSP
MNL034 LP2 NP1-2,MNL034,LP2,NP1-2,MNL034 LP2,Benitez,MANILA,3,2,BARANGAY 742,,,14.574513,120.995172,,,,,,,16,2020-02-13,OSP
MNL034 LP2 NP3-4,MNL034,LP2,NP3-4,MNL034 LP2,Benitez,MANILA,3,2,BARANGAY 742,,,14.573815,120.99546,,,,,,,16,2020-02-13,OSP
MNL001 LP158 NP5-6,MNL001,LP158,NP5-6,MNL001 LP158,Zen Tower,MANILA,3,2,BARANGAY 742,,,14.57390539,120.9957518,,,,,,,16,2018-09-24,OSP
MNL034 LP1 NP3-4,MNL034,LP1,NP3-4,MNL034 LP1,Benitez,MANILA,3,2,BARANGAY 743,,,14.573289,120.99418,,,,,,,16,2020-02-13,OSP
MNL034 LP1 NP5-6,MNL034,LP1,NP5-6,MNL034 LP1,Benitez,MANILA,3,2,BARANGAY 743,,,14.573724,120.994543,,,,,,,16,2020-02-13,OSP
MNL034 LP1 NP7-8,MNL034,LP1,NP7-8,MNL034 LP1,Benitez,MANILA,3,2,BARANGAY 743,,,14.572644,120.994889,,,,,,,16,2020-02-13,OSP
MNL034 LP159 NP7-8,MNL034,LP159,NP7-8,MNL034 LP159,Benitez,MANILA,3,2,BARANGAY 743,,,14.573373,120.994189,,,,,,,16,2021-01-30,OSP
MNL034 LP160 NP1-2,MNL034,LP160,NP1-2,MNL034 LP160,Benitez,MANILA,3,2,BARANGAY 743,,,14.573758,120.994516,,,,,,,16,2021-01-30,OSP
MNL034 LP160 NP3-4,MNL034,LP160,NP3-4,MNL034 LP160,Benitez,MANILA,3,2,BARANGAY 743,,,14.574117,120.994836,,,,,,,16,2021-01-30,OSP
MNL034 LP157 NP1-2,MNL034,LP157,NP1-2,MNL034 LP157,Benitez,MANILA,3,2,BARANGAY 743,,,14.571701,120.995312,,,,,,,16,2021-01-30,OSP
MNL034 LP157 NP3-4,MNL034,LP157,NP3-4,MNL034 LP157,Benitez,MANILA,3,2,BARANGAY 743,,,14.571965,120.995719,,,,,,,16,2021-01-30,OSP
MNL034 LP157 NP5-6,MNL034,LP157,NP5-6,MNL034 LP157,Benitez,MANILA,3,2,BARANGAY 743,,,14.572635,120.99544,,,,,,,16,2021-01-30,OSP
MNL034 LP157 NP7-8,MNL034,LP157,NP7-8,MNL034 LP157,Benitez,MANILA,3,2,BARANGAY 743,,,14.573411,120.995139,,,,,,,16,2021-01-30,OSP
MNL034 LP3 NP1-2,MNL034,LP3,NP1-2,MNL034 LP3,Benitez,MANILA,3,2,BARANGAY 743,,,14.57171,120.995302,,,,,,,16,2020-02-13,OSP
MNL034 LP350 NP1-2,MNL034,LP350,NP1-2,MNL034 LP350,Benitez,MANILA,3,2,BARANGAY 743,,,14.571496,120.994969,,,,,,,16,2022-05-26,OSP
MNL034 LP350 NP3-5,MNL034,LP350,NP3-5,MNL034 LP350,Benitez,MANILA,3,2,BARANGAY 743,,,14.571748,120.9954,,,,,,,24,2022-05-26,OSP
MNL034 LP350 NP6-8,MNL034,LP350,NP6-8,MNL034 LP350,Benitez,MANILA,3,2,BARANGAY 743,,,14.571971,120.995701,,,,,,,24,2022-05-26,OSP
MNL001 LP157 NP1-2,MNL001,LP157,NP1-2,MNL001 LP157,Zen Tower,MANILA,3,2,BARANGAY 743,,,14.57195905,120.9957456,,,,,,,16,2018-09-24,OSP
MNL001 LP157 NP3-4,MNL001,LP157,NP3-4,MNL001 LP157,Zen Tower,MANILA,3,2,BARANGAY 743,,,14.57279391,120.9954302,,,,,,,16,2018-09-24,OSP
MNL001 LP157 NP5-6,MNL001,LP157,NP5-6,MNL001 LP157,Zen Tower,MANILA,3,2,BARANGAY 743,,,14.57410506,120.9949185,,,,,,,16,2018-09-24,OSP
MNL034 LP171 NP1-2,MNL034,LP171,NP1-2,MNL034 LP171,Benitez,MANILA,3,2,BARANGAY 744,,,14.57068,120.995124,,,,,,,16,2021-01-30,OSP
MNL034 LP171 NP5-6,MNL034,LP171,NP5-6,MNL034 LP171,Benitez,MANILA,3,2,BARANGAY 744,,,14.569932,120.995373,,,,,,,16,2021-01-30,OSP
MNL034 LP171 NP7-8,MNL034,LP171,NP7-8,MNL034 LP171,Benitez,MANILA,3,2,BARANGAY 744,,,14.569479,120.99553,,,,,,,16,2021-01-30,OSP
MNL034 LP174 NP1-2,MNL034,LP174,NP1-2,MNL034 LP174,Benitez,MANILA,3,2,BARANGAY 744,,,14.568789,120.995952,,,,,,,16,2021-01-30,OSP
MNL034 LP187 NP3-4,MNL034,LP187,NP3-4,MNL034 LP187,Benitez,MANILA,3,2,BARANGAY 744,,,14.571392,120.995938,,,,,,,16,2021-01-30,OSP
MNL034 LP351 NP6-8,MNL034,LP351,NP6-8,MNL034 LP351,Benitez,MANILA,3,2,BARANGAY 744,,,14.570668,120.996073,,,,,,,24,2022-05-26,OSP
MNL034 LP352 NP1-2,MNL034,LP352,NP1-2,MNL034 LP352,Benitez,MANILA,3,2,BARANGAY 744,,,14.570451,120.996119,,,,,,,16,2022-05-26,OSP
MNL034 LP186 NP1-2,MNL034,LP186,NP1-2,MNL034 LP186,Benitez,MANILA,3,2,BARANGAY 744,,,14.570321,120.996194,,,,,,,16,2021-01-30,OSP
MNL034 LP186 NP3-4,MNL034,LP186,NP3-4,MNL034 LP186,Benitez,MANILA,3,2,BARANGAY 744,,,14.570648,120.996108,,,,,,,16,2021-01-30,OSP
MNL034 LP5 NP1-2,MNL034,LP5,NP1-2,MNL034 LP5,Benitez,MANILA,3,2,BARANGAY 744,,,14.569896,120.995388,,,,,,,16,2020-02-13,OSP
MNL034 LP4 NP3-4,MNL034,LP4,NP3-4,MNL034 LP4,Benitez,MANILA,3,2,BARANGAY 744,,,14.570731,120.995458,,,,,,,16,2020-02-13,OSP
MNL034 LP4 NP5-6,MNL034,LP4,NP5-6,MNL034 LP4,Benitez,MANILA,3,2,BARANGAY 744,,,14.57017,120.995687,,,,,,,16,2020-02-13,OSP
MNL034 LP4 NP7-8,MNL034,LP4,NP7-8,MNL034 LP4,Benitez,MANILA,3,2,BARANGAY 744,,,14.569695,120.995813,,,,,,,16,2020-02-13,OSP
MNL034 LP4 NP1-2,MNL034,LP4,NP1-2,MNL034 LP4,Benitez,MANILA,3,2,BARANGAY 744,,,14.57068,120.995138,,,,,,,16,2020-02-13,OSP
MNL034 LP354 NP1-2,MNL034,LP354,NP1-2,MNL034 LP354,Benitez,MANILA,3,2,BARANGAY 744,,,14.568664,120.99604,,,,,,,16,2022-05-26,OSP
MNL034 LP354 NP3-5,MNL034,LP354,NP3-5,MNL034 LP354,Benitez,MANILA,3,2,BARANGAY 744,,,14.569169,120.995773,,,,,,,24,2022-05-26,OSP
MNL034 LP354 NP6-8,MNL034,LP354,NP6-8,MNL034 LP354,Benitez,MANILA,3,2,BARANGAY 744,,,14.57013,120.995295,,,,,,,24,2022-05-26,OSP
MNL001 LP155 NP5-6,MNL001,LP155,NP5-6,MNL001 LP155,Zen Tower,MANILA,3,2,BARANGAY 744,,,14.56932971,120.9955969,,,,,,,16,2018-09-24,OSP
MNL001 LP156 NP7-8,MNL001,LP156,NP7-8,MNL001 LP156,Zen Tower,MANILA,3,2,BARANGAY 744,,,14.57081233,120.9960584,,,,,,,16,2018-09-24,OSP
MNL034 LP22 NP1-2,MNL034,LP22,NP1-2,MNL034 LP22,Benitez,MANILA,3,2,BARANGAY 745,,,14.56788,120.998042,,,,,,,16,2020-02-18,OSP
MNL034 LP23 NP1-2,MNL034,LP23,NP1-2,MNL034 LP23,Benitez,MANILA,3,2,BARANGAY 745,,,14.567619,120.998015,,,,,,,16,2020-02-18,OSP
MNL034 LP23 NP5-6,MNL034,LP23,NP5-6,MNL034 LP23,Benitez,MANILA,3,2,BARANGAY 745,,,14.567724,120.998563,,,,,,,16,2020-02-18,OSP
MNL001 LP181 NP3-4,MNL001,LP181,NP3-4,MNL001 LP181,Zen Tower,MANILA,3,2,BARANGAY 745,,,14.56764532,120.9980307,,,,,,,16,2019-01-16,OSP
MNL034 LP192 NP1-2,MNL034,LP192,NP1-2,MNL034 LP192,Benitez,MANILA,3,2,BARANGAY 746,,,14.566057,120.998014,,,,,,,16,2021-02-26,OSP
MNL034 LP192 NP3-4,MNL034,LP192,NP3-4,MNL034 LP192,Benitez,MANILA,3,2,BARANGAY 746,,,14.5667,120.997983,,,,,,,16,2021-02-26,OSP
MNL034 LP192 NP5-6,MNL034,LP192,NP5-6,MNL034 LP192,Benitez,MANILA,3,2,BARANGAY 746,,,14.566878,120.998793,,,,,,,16,2021-02-26,OSP
MNL034 LP192 NP7-8,MNL034,LP192,NP7-8,MNL034 LP192,Benitez,MANILA,3,2,BARANGAY 746,,,14.567016,120.999475,,,,,,,16,2021-02-26,OSP
MNL034 LP193 NP1-2,MNL034,LP193,NP1-2,MNL034 LP193,Benitez,MANILA,3,2,BARANGAY 746,,,14.56705,121.000162,,,,,,,16,2021-02-26,OSP
MNL034 LP24 NP1-2,MNL034,LP24,NP1-2,MNL034 LP24,Benitez,MANILA,3,2,BARANGAY 746,,,14.567198,120.997982,,,,,,,16,2020-02-18,OSP
MNL034 LP24 NP3-4,MNL034,LP24,NP3-4,MNL034 LP24,Benitez,MANILA,3,2,BARANGAY 746,,,14.567243,120.998287,,,,,,,16,2020-02-18,OSP
MNL034 LP24 NP7-8,MNL034,LP24,NP7-8,MNL034 LP24,Benitez,MANILA,3,2,BARANGAY 746,,,14.567568,120.999908,,,,,,,16,2020-02-18,OSP
MNL034 LP31 NP3-4,MNL034,LP31,NP3-4,MNL034 LP31,Benitez,MANILA,3,2,BARANGAY 746,,,14.56652,120.998947,,,,,,,16,2020-03-08,OSP
MNL034 LP31 NP5-6,MNL034,LP31,NP5-6,MNL034 LP31,Benitez,MANILA,3,2,BARANGAY 746,,,14.566779,120.99948,,,,,,,16,2020-03-08,OSP
MNL001 LP180 NP1-2,MNL001,LP180,NP1-2,MNL001 LP180,Zen Tower,MANILA,3,2,BARANGAY 746,,,14.56605836,120.9980178,,,,,,,16,2019-01-16,OSP
MNL001 LP181 NP1-2,MNL001,LP181,NP1-2,MNL001 LP181,Zen Tower,MANILA,3,2,BARANGAY 746,,,14.56664602,120.9980064,,,,,,,16,2019-01-16,OSP
MNL001 LP181 NP7-8,MNL001,LP181,NP7-8,MNL001 LP181,Zen Tower,MANILA,3,2,BARANGAY 746,,,14.56699498,120.9994886,,,,,,,16,2019-01-16,OSP
MNL001 LP182 NP1-2,MNL001,LP182,NP1-2,MNL001 LP182,Zen Tower,MANILA,3,2,BARANGAY 746,,,14.56702858,121.000149,,,,,,,16,2019-01-16,OSP
MNL001 LP124 NP1-2,MNL001,LP124,NP1-2,MNL001 LP124,Zen Tower,MANILA,3,2,BARANGAY 746,,,14.566145,120.998282,,,,,,,16,2019-01-29,OSP
MNL034 LP49 NP5-6,MNL034,LP49,NP5-6,MNL034 LP49,Benitez,MANILA,3,2,BARANGAY 747,,,14.569139,121.00108,,,,,,,16,2020-04-27,OSP
MNL001 LP126 NP5-6,MNL001,LP126,NP5-6,MNL001 LP126,Zen Tower,MANILA,3,2,BARANGAY 747,,,14.569882,121.000715,,,,,,,16,2020-08-07,OSP
MNL034 LP193 NP3-4,MNL034,LP193,NP3-4,MNL034 LP193,Benitez,MANILA,3,2,BARANGAY 748,,,14.567341,121.000772,,,,,,,16,2021-02-26,OSP
MNL034 LP193 NP5-6,MNL034,LP193,NP5-6,MNL034 LP193,Benitez,MANILA,3,2,BARANGAY 748,,,14.568047,121.000421,,,,,,,16,2021-02-26,OSP
MNL034 LP193 NP7-8,MNL034,LP193,NP7-8,MNL034 LP193,Benitez,MANILA,3,2,BARANGAY 748,,,14.568378,121.00027,,,,,,,16,2021-02-26,OSP
MNL034 LP194 NP1-2,MNL034,LP194,NP1-2,MNL034 LP194,Benitez,MANILA,3,2,BARANGAY 748,,,14.568802,121.000125,,,,,,,16,2021-02-26,OSP
MNL034 LP194 NP3-4,MNL034,LP194,NP3-4,MNL034 LP194,Benitez,MANILA,3,2,BARANGAY 748,,,14.569434,120.999743,,,,,,,16,2021-02-26,OSP
MNL034 LP202 NP3-4,MNL034,LP202,NP3-4,MNL034 LP202,Benitez,MANILA,3,2,BARANGAY 748,,,14.567987,121.000919,,,,,,,16,2021-02-26,OSP
MNL034 LP202 NP5-6,MNL034,LP202,NP5-6,MNL034 LP202,Benitez,MANILA,3,2,BARANGAY 748,,,14.568558,121.000642,,,,,,,16,2021-02-26,OSP
MNL034 LP202 NP7-8,MNL034,LP202,NP7-8,MNL034 LP202,Benitez,MANILA,3,2,BARANGAY 748,,,14.568943,121.000464,,,,,,,16,2021-02-26,OSP
MNL034 LP203 NP1-2,MNL034,LP203,NP1-2,MNL034 LP203,Benitez,MANILA,3,2,BARANGAY 748,,,14.569364,121.000235,,,,,,,16,2021-02-26,OSP
MNL034 LP203 NP3-4,MNL034,LP203,NP3-4,MNL034 LP203,Benitez,MANILA,3,2,BARANGAY 748,,,14.569851,120.999999,,,,,,,16,2021-02-26,OSP
MNL034 LP205 NP5-6,MNL034,LP205,NP5-6,MNL034 LP205,Benitez,MANILA,3,2,BARANGAY 748,,,14.570041,121.000227,,,,,,,16,2021-02-26,OSP
MNL034 LP205 NP7-8,MNL034,LP205,NP7-8,MNL034 LP205,Benitez,MANILA,3,2,BARANGAY 748,,,14.569656,121.000407,,,,,,,16,2021-02-26,OSP
MNL034 LP206 NP1-2,MNL034,LP206,NP1-2,MNL034 LP206,Benitez,MANILA,3,2,BARANGAY 748,,,14.56906,121.000697,,,,,,,16,2021-02-26,OSP
MNL034 LP194 NP5-6,MNL034,LP194,NP5-6,MNL034 LP194,Benitez,MANILA,3,2,BARANGAY 748,,,14.569847,120.99956,,,,,,,16,2021-02-26,OSP
MNL034 LP202 NP1-2,MNL034,LP202,NP1-2,MNL034 LP202,Benitez,MANILA,3,2,BARANGAY 748,,,14.567507,121.001163,,,,,,,16,2021-02-26,OSP
MNL034 LP47 NP5-6,MNL034,LP47,NP5-6,MNL034 LP47,Benitez,MANILA,3,2,BARANGAY 748,,,14.569428,120.999754,,,,,,,16,2020-04-27,OSP
MNL034 LP47 NP7-8,MNL034,LP47,NP7-8,MNL034 LP47,Benitez,MANILA,3,2,BARANGAY 748,,,14.567982,121.000464,,,,,,,16,2020-04-27,OSP
MNL034 LP48 NP1-2,MNL034,LP48,NP1-2,MNL034 LP48,Benitez,MANILA,3,2,BARANGAY 748,,,14.568112,121.000782,,,,,,,16,2020-04-27,OSP
MNL034 LP48 NP3-4,MNL034,LP48,NP3-4,MNL034 LP48,Benitez,MANILA,3,2,BARANGAY 748,,,14.568922,121.000393,,,,,,,16,2020-04-27,OSP
MNL034 LP48 NP5-6,MNL034,LP48,NP5-6,MNL034 LP48,Benitez,MANILA,3,2,BARANGAY 748,,,14.569608,121.000043,,,,,,,16,2020-04-27,OSP
MNL034 LP48 NP7-8,MNL034,LP48,NP7-8,MNL034 LP48,Benitez,MANILA,3,2,BARANGAY 748,,,14.570402,120.999679,,,,,,,16,2020-04-27,OSP
MNL034 LP49 NP1-2,MNL034,LP49,NP1-2,MNL034 LP49,Benitez,MANILA,3,2,BARANGAY 748,,,14.570529,120.999988,,,,,,,16,2020-04-27,OSP
MNL034 LP49 NP3-4,MNL034,LP49,NP3-4,MNL034 LP49,Benitez,MANILA,3,2,BARANGAY 748,,,14.569697,121.000403,,,,,,,16,2020-04-27,OSP
MNL034 LP45 NP1-2,MNL034,LP45,NP1-2,MNL034 LP45,Benitez,MANILA,3,2,BARANGAY 748,,,14.570529,120.999988,,,,,,,16,2020-04-27,OSP
MNL001 LP183 NP3-4,MNL001,LP183,NP3-4,MNL001 LP183,Zen Tower,MANILA,3,2,BARANGAY 748,,,14.57035385,121.0000639,,,,,,,16,2019-01-16,OSP
MNL001 LP183 NP5-6,MNL001,LP183,NP5-6,MNL001 LP183,Zen Tower,MANILA,3,2,BARANGAY 748,,,14.57000229,120.9999205,,,,,,,16,2019-01-16,OSP
MNL001 LP183 NP7-8,MNL001,LP183,NP7-8,MNL001 LP183,Zen Tower,MANILA,3,2,BARANGAY 748,,,14.56879154,121.0001486,,,,,,,16,2019-01-16,OSP
MNL001 LP182 NP3-4,MNL001,LP182,NP3-4,MNL001 LP182,Zen Tower,MANILA,3,2,BARANGAY 748,,,14.56733383,121.0007742,,,,,,,16,2019-01-16,OSP
MNL001 LP182 NP5-6,MNL001,LP182,NP5-6,MNL001 LP182,Zen Tower,MANILA,3,2,BARANGAY 748,,,14.56750985,121.0011425,,,,,,,16,2019-01-16,OSP
MNL001 LP183 NP1-2,MNL001,LP183,NP1-2,MNL001 LP183,Zen Tower,MANILA,3,2,BARANGAY 748,,,14.56906168,121.000693,,,,,,,16,2019-01-16,OSP
MNL034 LP206 NP3-4,MNL034,LP206,NP3-4,MNL034 LP206,Benitez,MANILA,3,2,BARANGAY 749,,,14.568538,121.000972,,,,,,,16,2021-02-26,OSP
MNL034 LP206 NP5-6,MNL034,LP206,NP5-6,MNL034 LP206,Benitez,MANILA,3,2,BARANGAY 749,,,14.568205,121.001128,,,,,,,16,2021-02-26,OSP
MNL034 LP206 NP7-8,MNL034,LP206,NP7-8,MNL034 LP206,Benitez,MANILA,3,2,BARANGAY 749,,,14.567638,121.001394,,,,,,,16,2021-02-26,OSP
MNL034 LP208 NP1-2,MNL034,LP208,NP1-2,MNL034 LP208,Benitez,MANILA,3,2,BARANGAY 749,,,14.567795,121.001729,,,,,,,16,2021-02-26,OSP
MNL034 LP208 NP3-4,MNL034,LP208,NP3-4,MNL034 LP208,Benitez,MANILA,3,2,BARANGAY 749,,,14.568269,121.001541,,,,,,,16,2021-02-26,OSP
MNL034 LP208 NP5-6,MNL034,LP208,NP5-6,MNL034 LP208,Benitez,MANILA,3,2,BARANGAY 749,,,14.568814,121.001279,,,,,,,16,2021-02-26,OSP
MNL034 LP208 NP7-8,MNL034,LP208,NP7-8,MNL034 LP208,Benitez,MANILA,3,2,BARANGAY 749,,,14.569117,121.001144,,,,,,,16,2021-02-26,OSP
MNL034 LP49 NP7-8,MNL034,LP49,NP7-8,MNL034 LP49,Benitez,MANILA,3,2,BARANGAY 749,,,14.568249,121.001111,,,,,,,16,2020-04-27,OSP
MNL001 LP182 NP7-8,MNL001,LP182,NP7-8,MNL001 LP182,Zen Tower,MANILA,3,2,BARANGAY 749,,,14.56763583,121.0013923,,,,,,,16,2019-01-16,OSP
MNL001 LP126 NP1-2,MNL001,LP126,NP1-2,MNL001 LP126,Zen Tower,MANILA,3,2,BARANGAY 749,,,14.567801,121.001729,,,,,,,16,2019-02-06,OSP
MNL001 LP126 NP3-4,MNL001,LP126,NP3-4,MNL001 LP126,Zen Tower,MANILA,3,2,BARANGAY 749,,,14.568497,121.001405,,,,,,,16,2019-02-07,OSP
MNL034 LP203 NP5-6,MNL034,LP203,NP5-6,MNL034 LP203,Benitez,MANILA,3,2,BARANGAY 750,,,14.570555,120.999685,,,,,,,16,2021-02-26,OSP
MNL034 LP203 NP7-8,MNL034,LP203,NP7-8,MNL034 LP203,Benitez,MANILA,3,2,BARANGAY 750,,,14.571061,120.999409,,,,,,,16,2021-02-26,OSP
MNL034 LP204 NP1-2,MNL034,LP204,NP1-2,MNL034 LP204,Benitez,MANILA,3,2,BARANGAY 750,,,14.571567,120.999105,,,,,,,16,2021-02-26,OSP
MNL034 LP204 NP5-6,MNL034,LP204,NP5-6,MNL034 LP204,Benitez,MANILA,3,2,BARANGAY 750,,,14.572472,120.999062,,,,,,,16,2021-02-26,OSP
MNL034 LP204 NP7-8,MNL034,LP204,NP7-8,MNL034 LP204,Benitez,MANILA,3,2,BARANGAY 750,,,14.572095,120.999314,,,,,,,16,2021-02-26,OSP
MNL034 LP205 NP1-2,MNL034,LP205,NP1-2,MNL034 LP205,Benitez,MANILA,3,2,BARANGAY 750,,,14.571164,120.999689,,,,,,,16,2021-02-26,OSP
MNL034 LP205 NP3-4,MNL034,LP205,NP3-4,MNL034 LP205,Benitez,MANILA,3,2,BARANGAY 750,,,14.57066,120.999926,,,,,,,16,2021-02-26,OSP
MNL001 LP126 NP7-8,MNL001,LP126,NP7-8,MNL001 LP126,Zen Tower,MANILA,3,2,BARANGAY 750,,,14.571453,120.999929,,,,,,,16,2020-08-07,OSP
MNL034 LP194 NP7-8,MNL034,LP194,NP7-8,MNL034 LP194,Benitez,MANILA,3,2,BARANGAY 751,,,14.570363,120.99931,,,,,,,16,2021-02-26,OSP
MNL034 LP195 NP1-2,MNL034,LP195,NP1-2,MNL034 LP195,Benitez,MANILA,3,2,BARANGAY 751,,,14.5709,120.999114,,,,,,,16,2021-02-26,OSP
MNL034 LP195 NP3-4,MNL034,LP195,NP3-4,MNL034 LP195,Benitez,MANILA,3,2,BARANGAY 751,,,14.571283,120.998933,,,,,,,16,2021-02-26,OSP
MNL034 LP195 NP5-6,MNL034,LP195,NP5-6,MNL034 LP195,Benitez,MANILA,3,2,BARANGAY 751,,,14.570905,120.998717,,,,,,,16,2021-02-26,OSP
MNL034 LP195 NP7-8,MNL034,LP195,NP7-8,MNL034 LP195,Benitez,MANILA,3,2,BARANGAY 751,,,14.570213,120.998981,,,,,,,16,2021-02-26,OSP
MNL034 LP196 NP1-2,MNL034,LP196,NP1-2,MNL034 LP196,Benitez,MANILA,3,2,BARANGAY 751,,,14.569614,120.999283,,,,,,,16,2021-02-26,OSP
MNL034 LP196 NP3-4,MNL034,LP196,NP3-4,MNL034 LP196,Benitez,MANILA,3,2,BARANGAY 751,,,14.569248,120.999479,,,,,,,16,2021-02-26,OSP
MNL034 LP196 NP5-6,MNL034,LP196,NP5-6,MNL034 LP196,Benitez,MANILA,3,2,BARANGAY 751,,,14.568637,120.999766,,,,,,,16,2021-02-26,OSP
MNL034 LP196 NP7-8,MNL034,LP196,NP7-8,MNL034 LP196,Benitez,MANILA,3,2,BARANGAY 751,,,14.568521,120.99952,,,,,,,16,2021-02-26,OSP
MNL034 LP197 NP1-2,MNL034,LP197,NP1-2,MNL034 LP197,Benitez,MANILA,3,2,BARANGAY 751,,,14.568777,120.99932,,,,,,,16,2021-02-26,OSP
MNL034 LP197 NP5-6,MNL034,LP197,NP5-6,MNL034 LP197,Benitez,MANILA,3,2,BARANGAY 751,,,14.570062,120.998672,,,,,,,16,2021-02-26,OSP
MNL034 LP197 NP7-8,MNL034,LP197,NP7-8,MNL034 LP197,Benitez,MANILA,3,2,BARANGAY 751,,,14.570492,120.998445,,,,,,,16,2021-02-26,OSP
MNL034 LP46 NP7-8,MNL034,LP46,NP7-8,MNL034 LP46,Benitez,MANILA,3,2,BARANGAY 751,,,14.570844,120.998709,,,,,,,16,2020-04-27,OSP
MNL034 LP47 NP1-2,MNL034,LP47,NP1-2,MNL034 LP47,Benitez,MANILA,3,2,BARANGAY 751,,,14.571201,120.998878,,,,,,,16,2020-04-27,OSP
MNL034 LP47 NP3-4,MNL034,LP47,NP3-4,MNL034 LP47,Benitez,MANILA,3,2,BARANGAY 751,,,14.570274,120.999342,,,,,,,16,2020-04-27,OSP
MNL034 LP45 NP3-4,MNL034,LP45,NP3-4,MNL034 LP45,Benitez,MANILA,3,2,BARANGAY 751,,,14.569142,120.999179,,,,,,,16,2020-04-27,OSP
MNL034 LP45 NP5-6,MNL034,LP45,NP5-6,MNL034 LP45,Benitez,MANILA,3,2,BARANGAY 751,,,14.568746,120.999374,,,,,,,16,2020-04-27,OSP
MNL034 LP46 NP3-4,MNL034,LP46,NP3-4,MNL034 LP46,Benitez,MANILA,3,2,BARANGAY 751,,,14.569283,120.99946,,,,,,,16,2020-04-27,OSP
MNL034 LP46 NP5-6,MNL034,LP46,NP5-6,MNL034 LP46,Benitez,MANILA,3,2,BARANGAY 751,,,14.570131,120.999052,,,,,,,16,2020-04-27,OSP
MNL001 LP184 NP1-2,MNL001,LP184,NP1-2,MNL001 LP184,Zen Tower,MANILA,3,2,BARANGAY 751,,,14.57034526,120.9993003,,,,,,,16,2019-01-16,OSP
MNL001 LP184 NP3-4,MNL001,LP184,NP3-4,MNL001 LP184,Zen Tower,MANILA,3,2,BARANGAY 751,,,14.56960384,120.9992795,,,,,,,16,2019-01-16,OSP
MNL001 LP184 NP5-6,MNL001,LP184,NP5-6,MNL001 LP184,Zen Tower,MANILA,3,2,BARANGAY 751,,,14.56850454,120.9995295,,,,,,,16,2019-01-16,OSP
MNL001 LP184 NP7-8,MNL001,LP184,NP7-8,MNL001 LP184,Zen Tower,MANILA,3,2,BARANGAY 751,,,14.57006967,120.9986711,,,,,,,16,2019-01-16,OSP
MNL034 LP24 NP5-6,MNL034,LP24,NP5-6,MNL034 LP24,Benitez,MANILA,3,2,BARANGAY 752,,,14.567464,120.999482,,,,,,,16,2020-02-18,OSP
MNL034 LP23 NP7-8,MNL034,LP23,NP7-8,MNL034 LP23,Benitez,MANILA,3,2,BARANGAY 752,,,14.567868,120.998979,,,,,,,16,2020-02-18,OSP
MNL034 LP45 NP7-8,MNL034,LP45,NP7-8,MNL034 LP45,Benitez,MANILA,3,2,BARANGAY 752,,,14.568509,120.999795,,,,,,,16,2020-04-27,OSP
MNL034 LP46 NP1-2,MNL034,LP46,NP1-2,MNL034 LP46,Benitez,MANILA,3,2,BARANGAY 752,,,14.568111,121.00002,,,,,,,16,2020-04-27,OSP
MNL034 LP22 NP5-6,MNL034,LP22,NP5-6,MNL034 LP22,Benitez,MANILA,3,2,BARANGAY 753,,,14.568945,120.998032,,,,,,,16,2020-02-18,OSP
MNL034 LP22 NP7-8,MNL034,LP22,NP7-8,MNL034 LP22,Benitez,MANILA,3,2,BARANGAY 753,,,14.569478,120.998139,,,,,,,16,2020-02-18,OSP
MNL034 LP25 NP1-2,MNL034,LP25,NP1-2,MNL034 LP25,Benitez,MANILA,3,2,BARANGAY 753,,,14.568973,120.997826,,,,,,,16,2020-02-18,OSP
MNL034 LP25 NP3-4,MNL034,LP25,NP3-4,MNL034 LP25,Benitez,MANILA,3,2,BARANGAY 753,,,14.568987,120.997609,,,,,,,16,2020-02-18,OSP
MNL034 LP25 NP5-6,MNL034,LP25,NP5-6,MNL034 LP25,Benitez,MANILA,3,2,BARANGAY 753,,,14.56895,120.998344,,,,,,,16,2020-02-18,OSP
MNL034 LP25 NP7-8,MNL034,LP25,NP7-8,MNL034 LP25,Benitez,MANILA,3,2,BARANGAY 753,,,14.568928,120.998525,,,,,,,16,2020-02-18,OSP
MNL034 LP26 NP1-2,MNL034,LP26,NP1-2,MNL034 LP26,Benitez,MANILA,3,2,BARANGAY 753,,,14.569921,120.998333,,,,,,,16,2020-02-18,OSP
MNL034 LP26 NP3-4,MNL034,LP26,NP3-4,MNL034 LP26,Benitez,MANILA,3,2,BARANGAY 753,,,14.568945,120.998918,,,,,,,16,2020-02-18,OSP
MNL034 LP26 NP5-6,MNL034,LP26,NP5-6,MNL034 LP26,Benitez,MANILA,3,2,BARANGAY 753,,,14.56859,120.999077,,,,,,,16,2020-02-18,OSP
MNL034 LP26 NP7-8,MNL034,LP26,NP7-8,MNL034 LP26,Benitez,MANILA,3,2,BARANGAY 753,,,14.568248,120.998908,,,,,,,16,2020-02-18,OSP
MNL034 LP197 NP3-4,MNL034,LP197,NP3-4,MNL034 LP197,Benitez,MANILA,3,2,BARANGAY 753,,,14.569821,120.998798,,,,,,,16,2021-02-26,OSP
MNL034 LP199 NP1-2,MNL034,LP199,NP1-2,MNL034 LP199,Benitez,MANILA,3,2,BARANGAY 753,,,14.568348,120.999111,,,,,,,16,2021-02-26,OSP
MNL034 LP199 NP3-4,MNL034,LP199,NP3-4,MNL034 LP199,Benitez,MANILA,3,2,BARANGAY 753,,,14.568869,120.998938,,,,,,,16,2021-02-26,OSP
MNL034 LP199 NP5-6,MNL034,LP199,NP5-6,MNL034 LP199,Benitez,MANILA,3,2,BARANGAY 753,,,14.569348,120.998693,,,,,,,16,2021-02-26,OSP
MNL034 LP199 NP7-8,MNL034,LP199,NP7-8,MNL034 LP199,Benitez,MANILA,3,2,BARANGAY 753,,,14.569638,120.998551,,,,,,,16,2021-02-26,OSP
MNL034 LP200 NP1-2,MNL034,LP200,NP1-2,MNL034 LP200,Benitez,MANILA,3,2,BARANGAY 753,,,14.569841,120.998219,,,,,,,16,2021-02-26,OSP
MNL034 LP22 NP3-4,MNL034,LP22,NP3-4,MNL034 LP22,Benitez,MANILA,3,2,BARANGAY 754,,,14.568337,120.998009,,,,,,,16,2020-02-18,OSP
MNL034 LP23 NP3-4,MNL034,LP23,NP3-4,MNL034 LP23,Benitez,MANILA,3,2,BARANGAY 754,,,14.567917,120.99851,,,,,,,16,2020-02-18,OSP
MNL001 LP181 NP5-6,MNL001,LP181,NP5-6,MNL001 LP181,Zen Tower,MANILA,3,2,BARANGAY 754,,,14.56821696,120.9980727,,,,,,,16,2019-01-16,OSP
MNL034 LP214 NP3-4,MNL034,LP214,NP3-4,MNL034 LP214,Benitez,MANILA,3,2,BARANGAY 755,,,14.563219,120.998545,,,,,,,16,2021-02-26,OSP
MNL034 LP214 NP5-6,MNL034,LP214,NP5-6,MNL034 LP214,Benitez,MANILA,3,2,BARANGAY 755,,,14.562537,120.998792,,,,,,,16,2021-02-26,OSP
MNL034 LP214 NP7-8,MNL034,LP214,NP7-8,MNL034 LP214,Benitez,MANILA,3,2,BARANGAY 755,,,14.562048,120.99898,,,,,,,16,2021-02-26,OSP
MNL034 LP215 NP1-2,MNL034,LP215,NP1-2,MNL034 LP215,Benitez,MANILA,3,2,BARANGAY 755,,,14.563353,120.998845,,,,,,,16,2021-02-26,OSP
MNL034 LP215 NP3-4,MNL034,LP215,NP3-4,MNL034 LP215,Benitez,MANILA,3,2,BARANGAY 755,,,14.56298,120.99903,,,,,,,16,2021-02-26,OSP
MNL034 LP215 NP5-6,MNL034,LP215,NP5-6,MNL034 LP215,Benitez,MANILA,3,2,BARANGAY 755,,,14.562667,120.999194,,,,,,,16,2021-02-26,OSP
MNL034 LP215 NP7-8,MNL034,LP215,NP7-8,MNL034 LP215,Benitez,MANILA,3,2,BARANGAY 755,,,14.562343,120.999341,,,,,,,16,2021-02-26,OSP
MNL034 LP216 NP1-2,MNL034,LP216,NP1-2,MNL034 LP216,Benitez,MANILA,3,2,BARANGAY 755,,,14.56352,120.999159,,,,,,,16,2021-02-26,OSP
MNL034 LP216 NP3-4,MNL034,LP216,NP3-4,MNL034 LP216,Benitez,MANILA,3,2,BARANGAY 755,,,14.563141,120.999341,,,,,,,16,2021-02-26,OSP
MNL034 LP216 NP5-6,MNL034,LP216,NP5-6,MNL034 LP216,Benitez,MANILA,3,2,BARANGAY 755,,,14.56282,120.999497,,,,,,,16,2021-02-26,OSP
MNL034 LP216 NP7-8,MNL034,LP216,NP7-8,MNL034 LP216,Benitez,MANILA,3,2,BARANGAY 755,,,14.563616,120.999496,,,,,,,16,2021-02-26,OSP
MNL034 LP34 NP3-4,MNL034,LP34,NP3-4,MNL034 LP34,Benitez,MANILA,3,2,BARANGAY 755,,,14.564231,120.998792,,,,,,,16,2020-03-08,OSP
MNL034 LP34 NP5-6,MNL034,LP34,NP5-6,MNL034 LP34,Benitez,MANILA,3,2,BARANGAY 755,,,14.564065,120.998478,,,,,,,16,2020-03-08,OSP
MNL034 LP214 NP1-2,MNL034,LP214,NP1-2,MNL034 LP214,Benitez,MANILA,3,2,BARANGAY 755,,,14.563659,120.998422,,,,,,,16,2021-02-26,OSP
MNL034 LP385 NP3-4,MNL034,LP385,NP3-4,MNL034 LP385,Benitez,MANILA,3,2,BARANGAY 755,,URBAN LOFT ZOBEL,14.562441,120.999226,,5F,TTC CABINET,MNL140P,,,,2022-06-27,ISP
MNL034 LP385 NP8,MNL034,LP385,NP8,MNL034 LP385,Benitez,MANILA,3,2,BARANGAY 755,,URBAN LOFT ZOBEL,14.562441,120.999226,,9F,TTC CABINET,MNL140P,,,,2022-06-27,ISP
MNL034 LP385 NP7,MNL034,LP385,NP7,MNL034 LP385,Benitez,MANILA,3,2,BARANGAY 755,,URBAN LOFT ZOBEL,14.562441,120.999226,,8F,TTC CABINET,MNL140P,,,,2022-06-27,ISP
MNL034 LP385 NP2,MNL034,LP385,NP2,MNL034 LP385,Benitez,MANILA,3,2,BARANGAY 755,,URBAN LOFT ZOBEL,14.562441,120.999226,,3F,TTC CABINET,MNL140P,,,,2022-06-27,ISP
MNL034 LP385 NP6,MNL034,LP385,NP6,MNL034 LP385,Benitez,MANILA,3,2,BARANGAY 755,,URBAN LOFT ZOBEL,14.562441,120.999226,,7F,TTC CABINET,MNL140P,,,,2022-06-27,ISP
MNL034 LP385 NP1,MNL034,LP385,NP1,MNL034 LP385,Benitez,MANILA,3,2,BARANGAY 755,,URBAN LOFT ZOBEL,14.562441,120.999226,,2F,TTC CABINET,MNL140P,,,,2022-06-27,ISP
MNL034 LP385 NP5,MNL034,LP385,NP5,MNL034 LP385,Benitez,MANILA,3,2,BARANGAY 755,,URBAN LOFT ZOBEL,14.562441,120.999226,,6F,TTC CABINET,MNL140P,,,,2022-06-27,ISP
MKT002 LP122 NP5-6,MKT002,LP122,NP5-6,MKT002 LP122,Greenbelt Radissons,MANILA,3,2,BARANGAY 755,,,14.561949,120.99903,,,,,,,16,2018-06-06,OSP
MKT006 LP133 NP1-2,MKT006,LP133,NP1-2,MKT006 LP133,Pio Del Pilar,MANILA,3,2,BARANGAY 755,,,14.562818,120.999916,,,,,,,16,2021-09-27,OSP
MKT006 LP133 NP3-5,MKT006,LP133,NP3-5,MKT006 LP133,Pio Del Pilar,MANILA,3,2,BARANGAY 755,,,14.562291,120.99941,,,,,,,24,2021-09-27,OSP
MNL001 LP180 NP5-6,MNL001,LP180,NP5-6,MNL001 LP180,Zen Tower,MANILA,3,2,BARANGAY 755,,,14.56325185,120.9985692,,,,,,,16,2019-01-16,OSP
MNL001 LP180 NP7-8,MNL001,LP180,NP7-8,MNL001 LP180,Zen Tower,MANILA,3,2,BARANGAY 755,,,14.56354468,120.9992123,,,,,,,16,2019-01-16,OSP
PSY002 LP26 NP3-4,PSY002,LP26,NP3-4,PSY002 LP26,Antel,MANILA,3,2,BARANGAY 756,,,14.56478,120.999768,,,,,,,16,2016-11-10,OSP
MNL034 LP217 NP1-2,MNL034,LP217,NP1-2,MNL034 LP217,Benitez,MANILA,3,2,BARANGAY 756,,,14.563349,120.999622,,,,,,,16,2021-02-26,OSP
MNL034 LP217 NP3-4,MNL034,LP217,NP3-4,MNL034 LP217,Benitez,MANILA,3,2,BARANGAY 756,,,14.563122,120.999804,,,,,,,16,2021-02-26,OSP
MNL034 LP217 NP5-6,MNL034,LP217,NP5-6,MNL034 LP217,Benitez,MANILA,3,2,BARANGAY 756,,,14.563574,120.999928,,,,,,,16,2021-02-26,OSP
MNL034 LP217 NP7-8,MNL034,LP217,NP7-8,MNL034 LP217,Benitez,MANILA,3,2,BARANGAY 756,,,14.563261,121.000062,,,,,,,16,2021-02-26,OSP
MNL034 LP33 NP5-6,MNL034,LP33,NP5-6,MNL034 LP33,Benitez,MANILA,3,2,BARANGAY 756,,,14.564881,121.000019,,,,,,,16,2020-03-08,OSP
MNL034 LP33 NP7-8,MNL034,LP33,NP7-8,MNL034 LP33,Benitez,MANILA,3,2,BARANGAY 756,,,14.564608,120.999494,,,,,,,16,2020-03-08,OSP
MNL034 LP34 NP1-2,MNL034,LP34,NP1-2,MNL034 LP34,Benitez,MANILA,3,2,BARANGAY 756,,,14.564396,120.999105,,,,,,,16,2020-03-08,OSP
MNL034 LP35 NP1-2,MNL034,LP35,NP1-2,MNL034 LP35,Benitez,MANILA,3,2,BARANGAY 756,,,14.563847,120.999765,,,,,,,16,2020-03-08,OSP
MNL034 LP35 NP3-4,MNL034,LP35,NP3-4,MNL034 LP35,Benitez,MANILA,3,2,BARANGAY 756,,,14.563908,121.000111,,,,,,,16,2020-03-08,OSP
MNL034 LP35 NP5-6,MNL034,LP35,NP5-6,MNL034 LP35,Benitez,MANILA,3,2,BARANGAY 756,,,14.56415,121.00034,,,,,,,16,2020-03-08,OSP
MKT006 LP133 NP6-8,MKT006,LP133,NP6-8,MKT006 LP133,Pio Del Pilar,MANILA,3,2,BARANGAY 756,,,14.563074,121.000185,,,,,,,24,2021-09-27,OSP
MNL001 LP124 NP5-6,MNL001,LP124,NP5-6,MNL001 LP124,Zen Tower,MANILA,3,2,BARANGAY 756,,,14.564003,121.000086,,,,,,,16,2019-01-31,OSP
MNL034 LP33 NP3-4,MNL034,LP33,NP3-4,MNL034 LP33,Benitez,MANILA,3,2,BARANGAY 757,,,14.565032,121.000341,,,,,,,16,2020-03-08,OSP
MNL034 LP35 NP7-8,MNL034,LP35,NP7-8,MNL034 LP35,Benitez,MANILA,3,2,BARANGAY 757,,,14.563913,121.00088,,,,,,,16,2020-03-08,OSP
MNL034 LP36 NP1-2,MNL034,LP36,NP1-2,MNL034 LP36,Benitez,MANILA,3,2,BARANGAY 757,,,14.565327,121.000941,,,,,,,16,2020-03-08,OSP
PSY002 LP31 NP7,PSY002,LP31,NP7,PSY002 LP31,Antel,MANILA,3,2,BARANGAY 758,,,14.565617,121.002828,,,,,,,8,2016-11-10,OSP
PSY002 LP26 NP5-6,PSY002,LP26,NP5-6,PSY002 LP26,Antel,MANILA,3,2,BARANGAY 758,,,14.565544,121.001237,,,,,,,16,2016-11-10,OSP
MNL034 LP207 NP3-4,MNL034,LP207,NP3-4,MNL034 LP207,Benitez,MANILA,3,2,BARANGAY 758,,,14.566,121.002199,,,,,,,16,2021-02-26,OSP
MNL034 LP201 NP3-4,MNL034,LP201,NP3-4,MNL034 LP201,Benitez,MANILA,3,2,BARANGAY 758,,,14.565681,121.001583,,,,,,,16,2021-02-26,OSP
MNL034 LP201 NP5-6,MNL034,LP201,NP5-6,MNL034 LP201,Benitez,MANILA,3,2,BARANGAY 758,,,14.565851,121.001893,,,,,,,16,2021-02-26,OSP
MNL034 LP37 NP1-2,MNL034,LP37,NP1-2,MNL034 LP37,Benitez,MANILA,3,2,BARANGAY 758,,,14.565982,121.002195,,,,,,,16,2020-03-08,OSP
MNL034 LP36 NP3-4,MNL034,LP36,NP3-4,MNL034 LP36,Benitez,MANILA,3,2,BARANGAY 758,,,14.565497,121.00126,,,,,,,16,2020-03-08,OSP
MNL034 LP36 NP5-6,MNL034,LP36,NP5-6,MNL034 LP36,Benitez,MANILA,3,2,BARANGAY 758,,,14.565645,121.001564,,,,,,,16,2020-03-08,OSP
MNL034 LP36 NP7-8,MNL034,LP36,NP7-8,MNL034 LP36,Benitez,MANILA,3,2,BARANGAY 758,,,14.565815,121.001876,,,,,,,16,2020-03-08,OSP
MKT002 LP179 NP7-8,MKT002,LP179,NP7-8,MKT002 LP179,Greenbelt Radissons,MANILA,3,2,BARANGAY 758,,,14.56534228,121.0025141,,,,,,,16,2018-06-06,OSP
MKT006 LP139 NP6-8,MKT006,LP139,NP6-8,MKT006 LP139,Pio Del Pilar,MANILA,3,2,BARANGAY 758,,,14.56488,121.001991,,,,,,,24,2021-09-27,OSP
PSY002 LP26 NP7-8,PSY002,LP26,NP7-8,PSY002 LP26,Antel,MANILA,3,2,BARANGAY 759,,,14.566221,121.002591,,,,,,,16,2016-11-10,OSP
MNL034 LP32 NP7-8,MNL034,LP32,NP7-8,MNL034 LP32,Benitez,MANILA,3,2,BARANGAY 759,,,14.566146,121.001347,,,,,,,16,2020-03-08,OSP
MNL034 LP207 NP1-2,MNL034,LP207,NP1-2,MNL034 LP207,Benitez,MANILA,3,2,BARANGAY 759,,,14.566868,121.001786,,,,,,,16,2021-02-26,OSP
MNL034 LP207 NP5-6,MNL034,LP207,NP5-6,MNL034 LP207,Benitez,MANILA,3,2,BARANGAY 759,,,14.566299,121.002489,,,,,,,16,2021-02-26,OSP
MNL034 LP207 NP7-8,MNL034,LP207,NP7-8,MNL034 LP207,Benitez,MANILA,3,2,BARANGAY 759,,,14.56703,121.002105,,,,,,,16,2021-02-26,OSP
MNL034 LP201 NP1-2,MNL034,LP201,NP1-2,MNL034 LP201,Benitez,MANILA,3,2,BARANGAY 759,,,14.566538,121.001157,,,,,,,16,2021-02-26,OSP
MNL034 LP201 NP7-8,MNL034,LP201,NP7-8,MNL034 LP201,Benitez,MANILA,3,2,BARANGAY 759,,,14.566707,121.001465,,,,,,,16,2021-02-26,OSP
MNL034 LP37 NP3-4,MNL034,LP37,NP3-4,MNL034 LP37,Benitez,MANILA,3,2,BARANGAY 759,,,14.566215,121.002675,,,,,,,16,2020-03-08,OSP
MNL001 LP125 NP5-6,MNL001,LP125,NP5-6,MNL001 LP125,Zen Tower,MANILA,3,2,BARANGAY 759,,,14.566844,121.001783,,,,,,,16,2019-02-04,OSP
MNL001 LP125 NP7-8,MNL001,LP125,NP7-8,MNL001 LP125,Zen Tower,MANILA,3,2,BARANGAY 759,,,14.567008,121.002104,,,,,,,16,2019-02-05,OSP
MNL001 LP125 NP1-2,MNL001,LP125,NP1-2,MNL001 LP125,Zen Tower,MANILA,3,2,BARANGAY 759,,,14.566536,121.001161,,,,,,,16,2019-02-02,OSP
MNL001 LP125 NP3-4,MNL001,LP125,NP3-4,MNL001 LP125,Zen Tower,MANILA,3,2,BARANGAY 759,,,14.566694,121.00148,,,,,,,16,2019-02-03,OSP
MNL034 LP222 NP1-2,MNL034,LP222,NP1-2,MNL034 LP222,Benitez,MANILA,3,2,BARANGAY 760,,,14.566343,121.000074,,,,,,,16,2021-02-26,OSP
MNL034 LP219 NP5-6,MNL034,LP219,NP5-6,MNL034 LP219,Benitez,MANILA,3,2,BARANGAY 760,,,14.56569,121.000408,,,,,,,16,2021-02-26,OSP
MNL034 LP219 NP7-8,MNL034,LP219,NP7-8,MNL034 LP219,Benitez,MANILA,3,2,BARANGAY 760,,,14.566085,121.001067,,,,,,,16,2021-02-26,OSP
MNL034 LP220 NP5-6,MNL034,LP220,NP5-6,MNL034 LP220,Benitez,MANILA,3,2,BARANGAY 760,,,14.566131,121.000322,,,,,,,16,2021-02-26,OSP
MNL034 LP220 NP7-8,MNL034,LP220,NP7-8,MNL034 LP220,Benitez,MANILA,3,2,BARANGAY 760,,,14.566406,121.000885,,,,,,,16,2021-02-26,OSP
MNL034 LP31 NP7-8,MNL034,LP31,NP7-8,MNL034 LP31,Benitez,MANILA,3,2,BARANGAY 760,,,14.566185,120.999795,,,,,,,16,2020-03-08,OSP
MNL034 LP32 NP1-2,MNL034,LP32,NP1-2,MNL034 LP32,Benitez,MANILA,3,2,BARANGAY 760,,,14.566583,121.000359,,,,,,,16,2020-03-08,OSP
MNL034 LP32 NP3-4,MNL034,LP32,NP3-4,MNL034 LP32,Benitez,MANILA,3,2,BARANGAY 760,,,14.566243,121.000507,,,,,,,16,2020-03-08,OSP
MNL034 LP32 NP5-6,MNL034,LP32,NP5-6,MNL034 LP32,Benitez,MANILA,3,2,BARANGAY 760,,,14.565847,121.000746,,,,,,,16,2020-03-08,OSP
MNL034 LP33 NP1-2,MNL034,LP33,NP1-2,MNL034 LP33,Benitez,MANILA,3,2,BARANGAY 760,,,14.565521,121.00011,,,,,,,16,2020-03-08,OSP
MNL001 LP124 NP7-8,MNL001,LP124,NP7-8,MNL001 LP124,Zen Tower,MANILA,3,2,BARANGAY 760,,,14.56593,120.999932,,,,,,,16,2019-02-01,OSP
MNL034 LP221 NP7-8,MNL034,LP221,NP7-8,MNL034 LP221,Benitez,MANILA,3,2,BARANGAY 761,,,14.56606,120.999444,,,,,,,16,2021-02-26,OSP
MNL034 LP219 NP1-2,MNL034,LP219,NP1-2,MNL034 LP219,Benitez,MANILA,3,2,BARANGAY 761,,,14.565127,120.999129,,,,,,,16,2021-02-26,OSP
MNL034 LP219 NP3-4,MNL034,LP219,NP3-4,MNL034 LP219,Benitez,MANILA,3,2,BARANGAY 761,,,14.565481,120.999866,,,,,,,16,2021-02-26,OSP
MNL034 LP220 NP1-2,MNL034,LP220,NP1-2,MNL034 LP220,Benitez,MANILA,3,2,BARANGAY 761,,,14.565515,120.999071,,,,,,,16,2021-02-26,OSP
MNL034 LP220 NP3-4,MNL034,LP220,NP3-4,MNL034 LP220,Benitez,MANILA,3,2,BARANGAY 761,,,14.565831,120.999686,,,,,,,16,2021-02-26,OSP
MNL034 LP221 NP5-6,MNL034,LP221,NP5-6,MNL034 LP221,Benitez,MANILA,3,2,BARANGAY 761,,,14.56572,120.998565,,,,,,,16,2021-02-26,OSP
MNL034 LP30 NP1-2,MNL034,LP30,NP1-2,MNL034 LP30,Benitez,MANILA,3,2,BARANGAY 761,,,14.565733,120.998568,,,,,,,16,2020-03-08,OSP
MNL034 LP30 NP7-8,MNL034,LP30,NP7-8,MNL034 LP30,Benitez,MANILA,3,2,BARANGAY 761,,,14.565296,120.99945,,,,,,,16,2020-03-08,OSP
MNL034 LP31 NP1-2,MNL034,LP31,NP1-2,MNL034 LP31,Benitez,MANILA,3,2,BARANGAY 761,,,14.566032,120.99919,,,,,,,16,2020-03-08,OSP
MNL001 LP124 NP3-4,MNL001,LP124,NP3-4,MNL001 LP124,Zen Tower,MANILA,3,2,BARANGAY 761,,,14.565581,120.999398,,,,,,,16,2019-01-30,OSP
PSY002 LP26 NP1-2,PSY002,LP26,NP1-2,PSY002 LP26,Antel,MANILA,3,2,BARANGAY 762,,,14.564021,120.998322,,,,,,,16,2016-11-10,OSP
MNL034 LP218 NP1-2,MNL034,LP218,NP1-2,MNL034 LP218,Benitez,MANILA,3,2,BARANGAY 762,,,14.564656,120.998178,,,,,,,16,2021-02-26,OSP
MNL034 LP218 NP3-4,MNL034,LP218,NP3-4,MNL034 LP218,Benitez,MANILA,3,2,BARANGAY 762,,,14.56477,120.998431,,,,,,,16,2021-02-26,OSP
MNL034 LP218 NP5-6,MNL034,LP218,NP5-6,MNL034 LP218,Benitez,MANILA,3,2,BARANGAY 762,,,14.565073,120.998105,,,,,,,16,2021-02-26,OSP