Box Name,OLT,LCP,NAP,LCP Name,Node Name,Municipality,Cluster,Sector,Barangay,Subdivision,Building Name,Latitude,Longitude,Parent Site,Parent Floor,Parent Room,Additional Details,Remarks,Landmark,Capacity,Installation Date,OSP / ISP
MNL004 LP630 NP3-4,MNL004,LP630,NP3-4,MNL004 LP630,Zamora Pandacan,MANILA,3,2,BARANGAY 802,,,14.574345,121.001679,,,,,,,16,2023-03-31,OSP
MNL004 LP630 NP5-6,MNL004,LP630,NP5-6,MNL004 LP630,Zamora Pandacan,MANILA,3,2,BARANGAY 802,,,14.574032,121.002087,,,,,,,16,2023-03-31,OSP
MNL004 LP630 NP7-8,MNL004,LP630,NP7-8,MNL004 LP630,Zamora Pandacan,MANILA,3,2,BARANGAY 802,,,14.573788,121.002343,,,,,,,16,2023-03-31,OSP
MNL004 LP631 NP1-2,MNL004,LP631,NP1-2,MNL004 LP631,Zamora Pandacan,MANILA,3,2,BARANGAY 802,,,14.573514,121.002642,,,,,,,16,2023-03-31,OSP
MNL004 LP631 NP3-4,MNL004,LP631,NP3-4,MNL004 LP631,Zamora Pandacan,MANILA,3,2,BARANGAY 802,,,14.573323,121.002843,,,,,,,16,2023-03-31,OSP
MNL004 LP631 NP5-6,MNL004,LP631,NP5-6,MNL004 LP631,Zamora Pandacan,MANILA,3,2,BARANGAY 802,,,14.573189,121.002563,,,,,,,16,2023-03-31,OSP
MNL004 LP631 NP7-8,MNL004,LP631,NP7-8,MNL004 LP631,Zamora Pandacan,MANILA,3,2,BARANGAY 802,,,14.573408,121.002334,,,,,,,16,2023-03-31,OSP
MNL004 LP632 NP1-2,MNL004,LP632,NP1-2,MNL004 LP632,Zamora Pandacan,MANILA,3,2,BARANGAY 802,,,14.57361,121.00211,,,,,,,16,2023-03-31,OSP
MNL004 LP632 NP3-5,MNL004,LP632,NP3-5,MNL004 LP632,Zamora Pandacan,MANILA,3,2,BARANGAY 802,,,14.573981,121.001728,,,,,,,24,2023-03-31,OSP
MNL004 LP40 NP1-2,MNL004,LP40,NP1-2,MNL004 LP40,Zamora Pandacan,MANILA,3,2,BARANGAY 802,,,14.57233353,121.0022062,,,,,,,16,2019-10-01,OSP
MNL004 LP40 NP3-4,MNL004,LP40,NP3-4,MNL004 LP40,Zamora Pandacan,MANILA,3,2,BARANGAY 802,,,14.57269181,121.0025656,,,,,,,16,2019-10-01,OSP
MNL034 LP62 NP5-6,MNL034,LP62,NP5-6,MNL034 LP62,Benitez,MANILA,3,2,BARANGAY 803,,,14.572974,121.001291,,,,,,,16,2020-06-22,OSP
MNL034 LP60 NP1-2,MNL034,LP60,NP1-2,MNL034 LP60,Benitez,MANILA,3,2,BARANGAY 803,,,14.57264,120.999999,,,,,,,16,2020-06-22,OSP
MNL034 LP60 NP3-4,MNL034,LP60,NP3-4,MNL034 LP60,Benitez,MANILA,3,2,BARANGAY 803,,,14.571082,121.000806,,,,,,,16,2020-06-22,OSP
MNL034 LP60 NP7-8,MNL034,LP60,NP7-8,MNL034 LP60,Benitez,MANILA,3,2,BARANGAY 803,,,14.572053,121.000762,,,,,,,16,2020-06-22,OSP
MNL034 LP61 NP1-2,MNL034,LP61,NP1-2,MNL034 LP61,Benitez,MANILA,3,2,BARANGAY 803,,,14.572494,121.000795,,,,,,,16,2020-06-22,OSP
MNL034 LP61 NP3-4,MNL034,LP61,NP3-4,MNL034 LP61,Benitez,MANILA,3,2,BARANGAY 803,,,14.572033,121.00127,,,,,,,16,2020-06-22,OSP
MNL034 LP61 NP5-6,MNL034,LP61,NP5-6,MNL034 LP61,Benitez,MANILA,3,2,BARANGAY 803,,,14.572652,121.001122,,,,,,,16,2020-06-22,OSP
MNL004 LP530 NP3-5,MNL004,LP530,NP3-5,MNL004 LP530,Zamora Pandacan,MANILA,3,2,BARANGAY 803,,,14.572453,121.000072,,,,,,,24,2022-12-29,OSP
MNL004 LP530 NP6-8,MNL004,LP530,NP6-8,MNL004 LP530,Zamora Pandacan,MANILA,3,2,BARANGAY 803,,,14.572183,121.000215,,,,,,,24,2022-12-29,OSP
MNL004 LP531 NP1-2,MNL004,LP531,NP1-2,MNL004 LP531,Zamora Pandacan,MANILA,3,2,BARANGAY 803,,,14.57188,121.000386,,,,,,,16,2022-12-29,OSP
MNL004 LP531 NP3-5,MNL004,LP531,NP3-5,MNL004 LP531,Zamora Pandacan,MANILA,3,2,BARANGAY 803,,,14.571448,121.000599,,,,,,,24,2022-12-29,OSP
MNL004 LP531 NP6-8,MNL004,LP531,NP6-8,MNL004 LP531,Zamora Pandacan,MANILA,3,2,BARANGAY 803,,,14.571055,121.00082,,,,,,,24,2022-12-29,OSP
MNL004 LP644 NP6-8,MNL004,LP644,NP6-8,MNL004 LP644,Zamora Pandacan,MANILA,3,2,BARANGAY 803,,,14.573307,121.00095,,,,,,,24,2023-05-30,OSP
MNL004 LP645 NP1-2,MNL004,LP645,NP1-2,MNL004 LP645,Zamora Pandacan,MANILA,3,2,BARANGAY 803,,,14.572983,121.001294,,,,,,,16,2023-05-30,OSP
MNL004 LP645 NP3-5,MNL004,LP645,NP3-5,MNL004 LP645,Zamora Pandacan,MANILA,3,2,BARANGAY 803,,,14.572708,121.001589,,,,,,,24,2023-05-30,OSP
MNL004 LP645 NP6-8,MNL004,LP645,NP6-8,MNL004 LP645,Zamora Pandacan,MANILA,3,2,BARANGAY 803,,,14.572524,121.001771,,,,,,,24,2023-05-30,OSP
MNL004 LP646 NP1-2,MNL004,LP646,NP1-2,MNL004 LP646,Zamora Pandacan,MANILA,3,2,BARANGAY 803,,,14.572458,121.001329,,,,,,,16,2023-05-30,OSP
MNL004 LP646 NP3-4,MNL004,LP646,NP3-4,MNL004 LP646,Zamora Pandacan,MANILA,3,2,BARANGAY 803,,,14.572658,121.001144,,,,,,,16,2023-05-30,OSP
MNL004 LP646 NP5-6,MNL004,LP646,NP5-6,MNL004 LP646,Zamora Pandacan,MANILA,3,2,BARANGAY 803,,,14.572868,121.00092,,,,,,,16,2023-05-30,OSP
MNL004 LP646 NP7-8,MNL004,LP646,NP7-8,MNL004 LP646,Zamora Pandacan,MANILA,3,2,BARANGAY 803,,,14.573022,121.000743,,,,,,,16,2023-05-30,OSP
MNL004 LP527 NP7-8,MNL004,LP527,NP7-8,MNL004 LP527,Zamora Pandacan,MANILA,3,2,BARANGAY 803,,,14.571766,121.001059,,,,,,,16,2022-12-29,OSP
MNL004 LP528 NP1-2,MNL004,LP528,NP1-2,MNL004 LP528,Zamora Pandacan,MANILA,3,2,BARANGAY 803,,,14.572058,121.000767,,,,,,,16,2022-12-29,OSP
MNL004 LP528 NP3-5,MNL004,LP528,NP3-5,MNL004 LP528,Zamora Pandacan,MANILA,3,2,BARANGAY 803,,,14.572334,121.000478,,,,,,,24,2022-12-29,OSP
MNL004 LP528 NP6-8,MNL004,LP528,NP6-8,MNL004 LP528,Zamora Pandacan,MANILA,3,2,BARANGAY 803,,,14.572622,121.000175,,,,,,,24,2022-12-29,OSP
MNL004 LP529 NP1-2,MNL004,LP529,NP1-2,MNL004 LP529,Zamora Pandacan,MANILA,3,2,BARANGAY 803,,,14.572563,121.000721,,,,,,,16,2022-12-29,OSP
MNL004 LP529 NP3-5,MNL004,LP529,NP3-5,MNL004 LP529,Zamora Pandacan,MANILA,3,2,BARANGAY 803,,,14.572309,121.001007,,,,,,,24,2022-12-29,OSP
MNL004 LP529 NP6-8,MNL004,LP529,NP6-8,MNL004 LP529,Zamora Pandacan,MANILA,3,2,BARANGAY 803,,,14.572041,121.001291,,,,,,,24,2022-12-29,OSP
MNL004 LP530 NP1-2,MNL004,LP530,NP1-2,MNL004 LP530,Zamora Pandacan,MANILA,3,2,BARANGAY 803,,,14.572683,120.999962,,,,,,,16,2022-12-29,OSP
MNL004 LP39 NP5-6,MNL004,LP39,NP5-6,MNL004 LP39,Zamora Pandacan,MANILA,3,2,BARANGAY 803,,,14.57172782,121.0015815,,,,,,,16,2019-10-01,OSP
MNL034 LP75 NP3-4,MNL034,LP75,NP3-4,MNL034 LP75,Benitez,MANILA,3,2,BARANGAY 804,,,14.573337,121.004296,,,,,,,16,2020-06-22,OSP
MNL034 LP75 NP5-6,MNL034,LP75,NP5-6,MNL034 LP75,Benitez,MANILA,3,2,BARANGAY 804,,,14.572948,121.003663,,,,,,,16,2020-06-22,OSP
MNL034 LP77 NP3-4,MNL034,LP77,NP3-4,MNL034 LP77,Benitez,MANILA,3,2,BARANGAY 804,,,14.57277,121.003401,,,,,,,16,2020-06-22,OSP
MNL004 LP560 NP1-2,MNL004,LP560,NP1-2,MNL004 LP560,Zamora Pandacan,MANILA,3,2,BARANGAY 804,,,14.572693,121.003938,,,,,,,16,2022-12-29,OSP
MNL004 LP560 NP3-4,MNL004,LP560,NP3-4,MNL004 LP560,Zamora Pandacan,MANILA,3,2,BARANGAY 804,,,14.572488,121.004142,,,,,,,16,2022-12-29,OSP
MNL004 LP560 NP5-6,MNL004,LP560,NP5-6,MNL004 LP560,Zamora Pandacan,MANILA,3,2,BARANGAY 804,,,14.572377,121.004276,,,,,,,16,2022-12-29,OSP
MNL004 LP560 NP7-8,MNL004,LP560,NP7-8,MNL004 LP560,Zamora Pandacan,MANILA,3,2,BARANGAY 804,,,14.572426,121.004792,,,,,,,16,2022-12-29,OSP
MNL004 LP561 NP1-2,MNL004,LP561,NP1-2,MNL004 LP561,Zamora Pandacan,MANILA,3,2,BARANGAY 804,,,14.572803,121.004438,,,,,,,16,2022-12-29,OSP
MNL004 LP561 NP3-5,MNL004,LP561,NP3-5,MNL004 LP561,Zamora Pandacan,MANILA,3,2,BARANGAY 804,,,14.573268,121.003924,,,,,,,24,2022-12-29,OSP
MNL004 LP561 NP6-8,MNL004,LP561,NP6-8,MNL004 LP561,Zamora Pandacan,MANILA,3,2,BARANGAY 804,,,14.57344,121.003733,,,,,,,24,2022-12-29,OSP
MNL004 LP562 NP1-2,MNL004,LP562,NP1-2,MNL004 LP562,Zamora Pandacan,MANILA,3,2,BARANGAY 804,,,14.573644,121.003558,,,,,,,16,2022-12-29,OSP
MNL004 LP562 NP3-4,MNL004,LP562,NP3-4,MNL004 LP562,Zamora Pandacan,MANILA,3,2,BARANGAY 804,,,14.573843,121.003752,,,,,,,16,2022-12-29,OSP
MNL004 LP558 NP1-2,MNL004,LP558,NP1-2,MNL004 LP558,Zamora Pandacan,MANILA,3,2,BARANGAY 804,,,14.571971,121.004357,,,,,,,16,2022-12-29,OSP
MNL004 LP558 NP3-5,MNL004,LP558,NP3-5,MNL004 LP558,Zamora Pandacan,MANILA,3,2,BARANGAY 804,,,14.572164,121.004046,,,,,,,24,2022-12-29,OSP
MNL004 LP558 NP6-8,MNL004,LP558,NP6-8,MNL004 LP558,Zamora Pandacan,MANILA,3,2,BARANGAY 804,,,14.572542,121.00364,,,,,,,24,2022-12-29,OSP
MNL004 LP559 NP1-2,MNL004,LP559,NP1-2,MNL004 LP559,Zamora Pandacan,MANILA,3,2,BARANGAY 804,,,14.572774,121.003396,,,,,,,16,2022-12-29,OSP
MNL004 LP559 NP3-4,MNL004,LP559,NP3-4,MNL004 LP559,Zamora Pandacan,MANILA,3,2,BARANGAY 804,,,14.57314,121.003028,,,,,,,16,2022-12-29,OSP
MNL004 LP559 NP7-8,MNL004,LP559,NP7-8,MNL004 LP559,Zamora Pandacan,MANILA,3,2,BARANGAY 804,,,14.572885,121.003731,,,,,,,16,2022-12-29,OSP
MNL004 LP40 NP7-8,MNL004,LP40,NP7-8,MNL004 LP40,Zamora Pandacan,MANILA,3,2,BARANGAY 804,,,14.57314448,121.0030446,,,,,,,16,2019-10-01,OSP
MNL004 LP37 NP1-2,MNL004,LP37,NP1-2,MNL004 LP37,Zamora Pandacan,MANILA,3,2,BARANGAY 804,,,14.57194198,121.00418,,,,,,,16,2019-10-01,OSP
MNL004 LP35 NP7-8,MNL004,LP35,NP7-8,MNL004 LP35,Zamora Pandacan,MANILA,3,2,BARANGAY 804,,,14.57384366,121.0037567,,,,,,,16,2019-10-01,OSP
MNL004 LP36 NP1-2,MNL004,LP36,NP1-2,MNL004 LP36,Zamora Pandacan,MANILA,3,2,BARANGAY 804,,,14.57364642,121.0035337,,,,,,,16,2019-10-01,OSP
MNL004 LP36 NP3-4,MNL004,LP36,NP3-4,MNL004 LP36,Zamora Pandacan,MANILA,3,2,BARANGAY 804,,,14.5732635,121.003951,,,,,,,16,2019-10-01,OSP
MNL004 LP36 NP5-6,MNL004,LP36,NP5-6,MNL004 LP36,Zamora Pandacan,MANILA,3,2,BARANGAY 804,,,14.57241509,121.004816,,,,,,,16,2019-10-01,OSP
MNL004 LP36 NP7-8,MNL004,LP36,NP7-8,MNL004 LP36,Zamora Pandacan,MANILA,3,2,BARANGAY 804,,,14.57217749,121.0045706,,,,,,,16,2019-10-01,OSP
MNL034 LP74 NP7-8,MNL034,LP74,NP7-8,MNL034 LP74,Benitez,MANILA,3,2,BARANGAY 805,,,14.571788,121.00303,,,,,,,16,2020-06-22,OSP
MNL034 LP77 NP1-2,MNL034,LP77,NP1-2,MNL034 LP77,Benitez,MANILA,3,2,BARANGAY 805,,,14.572429,121.003372,,,,,,,16,2020-06-22,OSP
MNL034 LP77 NP5-6,MNL034,LP77,NP5-6,MNL034 LP77,Benitez,MANILA,3,2,BARANGAY 805,,,14.57181,121.003506,,,,,,,16,2020-06-22,OSP
MNL004 LP550 NP1-2,MNL004,LP550,NP1-2,MNL004 LP550,Zamora Pandacan,MANILA,3,2,BARANGAY 805,,,14.571565,121.003785,,,,,,,16,2022-12-29,OSP
MNL004 LP550 NP3-4,MNL004,LP550,NP3-4,MNL004 LP550,Zamora Pandacan,MANILA,3,2,BARANGAY 805,,,14.571695,121.00365,,,,,,,16,2022-12-29,OSP
MNL004 LP550 NP5-6,MNL004,LP550,NP5-6,MNL004 LP550,Zamora Pandacan,MANILA,3,2,BARANGAY 805,,,14.571874,121.003468,,,,,,,16,2022-12-29,OSP
MNL004 LP550 NP7-8,MNL004,LP550,NP7-8,MNL004 LP550,Zamora Pandacan,MANILA,3,2,BARANGAY 805,,,14.572158,121.003161,,,,,,,16,2022-12-29,OSP
MNL004 LP544 NP7-8,MNL004,LP544,NP7-8,MNL004 LP544,Zamora Pandacan,MANILA,3,2,BARANGAY 805,,,14.5725,121.002385,,,,,,,16,2022-12-29,OSP
MNL004 LP545 NP1-2,MNL004,LP545,NP1-2,MNL004 LP545,Zamora Pandacan,MANILA,3,2,BARANGAY 805,,,14.571968,121.002855,,,,,,,16,2022-12-29,OSP
MNL004 LP545 NP3-4,MNL004,LP545,NP3-4,MNL004 LP545,Zamora Pandacan,MANILA,3,2,BARANGAY 805,,,14.571725,121.003116,,,,,,,16,2022-12-29,OSP
MNL004 LP545 NP5-6,MNL004,LP545,NP5-6,MNL004 LP545,Zamora Pandacan,MANILA,3,2,BARANGAY 805,,,14.571577,121.003266,,,,,,,16,2022-12-29,OSP
MNL004 LP545 NP7-8,MNL004,LP545,NP7-8,MNL004 LP545,Zamora Pandacan,MANILA,3,2,BARANGAY 805,,,14.571309,121.003552,,,,,,,16,2022-12-29,OSP
MNL004 LP551 NP1-2,MNL004,LP551,NP1-2,MNL004 LP551,Zamora Pandacan,MANILA,3,2,BARANGAY 805,,,14.572454,121.002856,,,,,,,16,2022-12-29,OSP
MNL004 LP551 NP3-4,MNL004,LP551,NP3-4,MNL004 LP551,Zamora Pandacan,MANILA,3,2,BARANGAY 805,,,14.572701,121.002595,,,,,,,16,2022-12-29,OSP
MNL004 LP551 NP5-6,MNL004,LP551,NP5-6,MNL004 LP551,Zamora Pandacan,MANILA,3,2,BARANGAY 805,,,14.572946,121.00283,,,,,,,16,2022-12-29,OSP
MNL004 LP551 NP7-8,MNL004,LP551,NP7-8,MNL004 LP551,Zamora Pandacan,MANILA,3,2,BARANGAY 805,,,14.572656,121.003129,,,,,,,16,2022-12-29,OSP
MNL004 LP552 NP1-2,MNL004,LP552,NP1-2,MNL004 LP552,Zamora Pandacan,MANILA,3,2,BARANGAY 805,,,14.572434,121.003354,,,,,,,16,2022-12-29,OSP
MNL004 LP552 NP3-4,MNL004,LP552,NP3-4,MNL004 LP552,Zamora Pandacan,MANILA,3,2,BARANGAY 805,,,14.572227,121.003572,,,,,,,16,2022-12-29,OSP
MNL004 LP552 NP5-6,MNL004,LP552,NP5-6,MNL004 LP552,Zamora Pandacan,MANILA,3,2,BARANGAY 805,,,14.57206,121.00375,,,,,,,16,2022-12-29,OSP
MNL004 LP552 NP7-8,MNL004,LP552,NP7-8,MNL004 LP552,Zamora Pandacan,MANILA,3,2,BARANGAY 805,,,14.571803,121.00403,,,,,,,16,2022-12-29,OSP
MNL004 LP40 NP5-6,MNL004,LP40,NP5-6,MNL004 LP40,Zamora Pandacan,MANILA,3,2,BARANGAY 805,,,14.57292742,121.0028125,,,,,,,16,2019-10-01,OSP
MNL004 LP37 NP3-4,MNL004,LP37,NP3-4,MNL004 LP37,Zamora Pandacan,MANILA,3,2,BARANGAY 805,,,14.57155751,121.0037965,,,,,,,16,2019-10-01,OSP
MNL004 LP37 NP5-6,MNL004,LP37,NP5-6,MNL004 LP37,Zamora Pandacan,MANILA,3,2,BARANGAY 805,,,14.57130735,121.0035317,,,,,,,16,2019-10-01,OSP
MNL034 LP72 NP1-2,MNL034,LP72,NP1-2,MNL034 LP72,Benitez,MANILA,3,2,BARANGAY 806,,,14.571011,121.002362,,,,,,,16,2020-06-22,OSP
MNL034 LP73 NP3-4,MNL034,LP73,NP3-4,MNL034 LP73,Benitez,MANILA,3,2,BARANGAY 806,,,14.571405,121.002457,,,,,,,16,2020-06-22,OSP
MNL034 LP73 NP5-6,MNL034,LP73,NP5-6,MNL034 LP73,Benitez,MANILA,3,2,BARANGAY 806,,,14.571566,121.002799,,,,,,,16,2020-06-22,OSP
MNL034 LP67 NP1-2,MNL034,LP67,NP1-2,MNL034 LP67,Benitez,MANILA,3,2,BARANGAY 806,,,14.571033,121.001832,,,,,,,16,2020-06-22,OSP
MNL034 LP60 NP5-6,MNL034,LP60,NP5-6,MNL034 LP60,Benitez,MANILA,3,2,BARANGAY 806,,,14.57148,121.001343,,,,,,,16,2020-06-22,OSP
MNL004 LP543 NP5-6,MNL004,LP543,NP5-6,MNL004 LP543,Zamora Pandacan,MANILA,3,2,BARANGAY 806,,,14.571069,121.003308,,,,,,,16,2022-12-29,OSP
MNL004 LP543 NP7-8,MNL004,LP543,NP7-8,MNL004 LP543,Zamora Pandacan,MANILA,3,2,BARANGAY 806,,,14.571206,121.003165,,,,,,,16,2022-12-29,OSP
MNL004 LP544 NP1-2,MNL004,LP544,NP1-2,MNL004 LP544,Zamora Pandacan,MANILA,3,2,BARANGAY 806,,,14.571418,121.002949,,,,,,,16,2022-12-29,OSP
MNL004 LP544 NP3-4,MNL004,LP544,NP3-4,MNL004 LP544,Zamora Pandacan,MANILA,3,2,BARANGAY 806,,,14.571739,121.002608,,,,,,,16,2022-12-29,OSP
MNL004 LP544 NP5-6,MNL004,LP544,NP5-6,MNL004 LP544,Zamora Pandacan,MANILA,3,2,BARANGAY 806,,,14.572217,121.0021,,,,,,,16,2022-12-29,OSP
MNL004 LP539 NP3-4,MNL004,LP539,NP3-4,MNL004 LP539,Zamora Pandacan,MANILA,3,2,BARANGAY 806,,,14.570829,121.003058,,,,,,,16,2022-12-29,OSP
MNL004 LP537 NP1-2,MNL004,LP537,NP1-2,MNL004 LP537,Zamora Pandacan,MANILA,3,2,BARANGAY 806,,,14.570627,121.002869,,,,,,,16,2022-12-29,OSP
MNL004 LP537 NP3-4,MNL004,LP537,NP3-4,MNL004 LP537,Zamora Pandacan,MANILA,3,2,BARANGAY 806,,,14.570852,121.002539,,,,,,,16,2022-12-29,OSP
MNL004 LP537 NP5-6,MNL004,LP537,NP5-6,MNL004 LP537,Zamora Pandacan,MANILA,3,2,BARANGAY 806,,,14.57116,121.002218,,,,,,,16,2022-12-29,OSP
MNL004 LP537 NP7-8,MNL004,LP537,NP7-8,MNL004 LP537,Zamora Pandacan,MANILA,3,2,BARANGAY 806,,,14.57143,121.001935,,,,,,,16,2022-12-29,OSP
MNL004 LP538 NP1-2,MNL004,LP538,NP1-2,MNL004 LP538,Zamora Pandacan,MANILA,3,2,BARANGAY 806,,,14.571741,121.001606,,,,,,,16,2022-12-29,OSP
MNL004 LP538 NP3-4,MNL004,LP538,NP3-4,MNL004 LP538,Zamora Pandacan,MANILA,3,2,BARANGAY 806,,,14.571979,121.001844,,,,,,,16,2022-12-29,OSP
MNL004 LP538 NP5-6,MNL004,LP538,NP5-6,MNL004 LP538,Zamora Pandacan,MANILA,3,2,BARANGAY 806,,,14.571667,121.002172,,,,,,,16,2022-12-29,OSP
MNL004 LP538 NP7-8,MNL004,LP538,NP7-8,MNL004 LP538,Zamora Pandacan,MANILA,3,2,BARANGAY 806,,,14.571401,121.002453,,,,,,,16,2022-12-29,OSP
MNL004 LP539 NP1-2,MNL004,LP539,NP1-2,MNL004 LP539,Zamora Pandacan,MANILA,3,2,BARANGAY 806,,,14.571084,121.002787,,,,,,,16,2022-12-29,OSP
MNL004 LP532 NP1-2,MNL004,LP532,NP1-2,MNL004 LP532,Zamora Pandacan,MANILA,3,2,BARANGAY 806,,,14.571362,121.001501,,,,,,,16,2022-12-29,OSP
MNL004 LP532 NP3-4,MNL004,LP532,NP3-4,MNL004 LP532,Zamora Pandacan,MANILA,3,2,BARANGAY 806,,,14.570916,121.001964,,,,,,,16,2022-12-29,OSP
MNL004 LP532 NP5-6,MNL004,LP532,NP5-6,MNL004 LP532,Zamora Pandacan,MANILA,3,2,BARANGAY 806,,,14.570604,121.002302,,,,,,,16,2022-12-29,OSP
MNL004 LP532 NP7-8,MNL004,LP532,NP7-8,MNL004 LP532,Zamora Pandacan,MANILA,3,2,BARANGAY 806,,,14.570343,121.00258,,,,,,,16,2022-12-29,OSP
MNL004 LP527 NP5-6,MNL004,LP527,NP5-6,MNL004 LP527,Zamora Pandacan,MANILA,3,2,BARANGAY 806,,,14.571494,121.001348,,,,,,,16,2022-12-29,OSP
MNL004 LP38 NP1-2,MNL004,LP38,NP1-2,MNL004 LP38,Zamora Pandacan,MANILA,3,2,BARANGAY 806,,,14.57082522,121.0030411,,,,,,,16,2019-10-01,OSP
MNL004 LP38 NP3-4,MNL004,LP38,NP3-4,MNL004 LP38,Zamora Pandacan,MANILA,3,2,BARANGAY 806,,,14.57063614,121.0028752,,,,,,,16,2019-10-01,OSP
MNL004 LP38 NP5-6,MNL004,LP38,NP5-6,MNL004 LP38,Zamora Pandacan,MANILA,3,2,BARANGAY 806,,,14.57034162,121.0025631,,,,,,,16,2019-10-01,OSP
MNL004 LP39 NP7-8,MNL004,LP39,NP7-8,MNL004 LP39,Zamora Pandacan,MANILA,3,2,BARANGAY 806,,,14.57197451,121.0018363,,,,,,,16,2019-10-01,OSP
MNL004 LP37 NP7-8,MNL004,LP37,NP7-8,MNL004 LP37,Zamora Pandacan,MANILA,3,2,BARANGAY 806,,,14.5710629,121.0032901,,,,,,,16,2019-10-01,OSP
MNL034 LP68 NP3-4,MNL034,LP68,NP3-4,MNL034 LP68,Benitez,MANILA,3,2,BARANGAY 807,,,14.570465,121.001923,,,,,,,16,2020-06-22,OSP
MNL034 LP68 NP5-6,MNL034,LP68,NP5-6,MNL034 LP68,Benitez,MANILA,3,2,BARANGAY 807,,,14.570368,121.001604,,,,,,,16,2020-06-22,OSP
MNL034 LP69 NP5-6,MNL034,LP69,NP5-6,MNL034 LP69,Benitez,MANILA,3,2,BARANGAY 807,,,14.56964,121.001921,,,,,,,16,2020-06-22,OSP
MNL034 LP69 NP7-8,MNL034,LP69,NP7-8,MNL034 LP69,Benitez,MANILA,3,2,BARANGAY 807,,,14.570046,121.00136,,,,,,,16,2020-06-22,OSP
MKT003 LP138 NP1-2,MKT003,LP138,NP1-2,MKT003 LP138,Centuria,MANILA,3,2,BARANGAY 807,,,14.56991211,121.0021615,,,,,,,16,2019-02-27,OSP
MNL004 LP526 NP5-6,MNL004,LP526,NP5-6,MNL004 LP526,Zamora Pandacan,MANILA,3,2,BARANGAY 807,,,14.570669,121.001742,,,,,,,16,2022-12-29,OSP
MNL004 LP526 NP7-8,MNL004,LP526,NP7-8,MNL004 LP526,Zamora Pandacan,MANILA,3,2,BARANGAY 807,,,14.570903,121.001484,,,,,,,16,2022-12-29,OSP
MNL004 LP527 NP1-2,MNL004,LP527,NP1-2,MNL004 LP527,Zamora Pandacan,MANILA,3,2,BARANGAY 807,,,14.571012,121.001362,,,,,,,16,2022-12-29,OSP
MNL004 LP527 NP3-4,MNL004,LP527,NP3-4,MNL004 LP527,Zamora Pandacan,MANILA,3,2,BARANGAY 807,,,14.571258,121.001106,,,,,,,16,2022-12-29,OSP
MNL004 LP525 NP7-8,MNL004,LP525,NP7-8,MNL004 LP525,Zamora Pandacan,MANILA,3,2,BARANGAY 807,,,14.570141,121.002385,,,,,,,16,2022-12-29,OSP
MNL004 LP526 NP1-2,MNL004,LP526,NP1-2,MNL004 LP526,Zamora Pandacan,MANILA,3,2,BARANGAY 807,,,14.570316,121.002116,,,,,,,16,2022-12-29,OSP
MNL004 LP526 NP3-4,MNL004,LP526,NP3-4,MNL004 LP526,Zamora Pandacan,MANILA,3,2,BARANGAY 807,,,14.570497,121.001922,,,,,,,16,2022-12-29,OSP
MNL004 LP520 NP1-2,MNL004,LP520,NP1-2,MNL004 LP520,Zamora Pandacan,MANILA,3,2,BARANGAY 807,,,14.570004,121.0014,,,,,,,16,2022-12-29,OSP
MNL004 LP520 NP3-4,MNL004,LP520,NP3-4,MNL004 LP520,Zamora Pandacan,MANILA,3,2,BARANGAY 807,,,14.570497,121.001137,,,,,,,16,2022-12-29,OSP
MNL004 LP520 NP5-6,MNL004,LP520,NP5-6,MNL004 LP520,Zamora Pandacan,MANILA,3,2,BARANGAY 807,,,14.570818,121.000972,,,,,,,16,2022-12-29,OSP
MNL004 LP520 NP7-8,MNL004,LP520,NP7-8,MNL004 LP520,Zamora Pandacan,MANILA,3,2,BARANGAY 807,,,14.57071,121.001278,,,,,,,16,2022-12-29,OSP
MNL004 LP521 NP1-2,MNL004,LP521,NP1-2,MNL004 LP521,Zamora Pandacan,MANILA,3,2,BARANGAY 807,,,14.570381,121.00162,,,,,,,16,2022-12-29,OSP
MNL004 LP521 NP3-4,MNL004,LP521,NP3-4,MNL004 LP521,Zamora Pandacan,MANILA,3,2,BARANGAY 807,,,14.570119,121.001898,,,,,,,16,2022-12-29,OSP
MNL004 LP521 NP5-6,MNL004,LP521,NP5-6,MNL004 LP521,Zamora Pandacan,MANILA,3,2,BARANGAY 807,,,14.569905,121.002133,,,,,,,16,2022-12-29,OSP
MNL004 LP516 NP5-6,MNL004,LP516,NP5-6,MNL004 LP516,Zamora Pandacan,MANILA,3,2,BARANGAY 807,,,14.569466,121.001704,,,,,,,16,2022-12-29,OSP
MNL004 LP38 NP7-8,MNL004,LP38,NP7-8,MNL004 LP38,Zamora Pandacan,MANILA,3,2,BARANGAY 807,,,14.57014485,121.0023784,,,,,,,16,2019-10-01,OSP
MNL004 LP39 NP1-2,MNL004,LP39,NP1-2,MNL004 LP39,Zamora Pandacan,MANILA,3,2,BARANGAY 807,,,14.57088732,121.00109,,,,,,,16,2019-10-01,OSP
MNL004 LP39 NP3-4,MNL004,LP39,NP3-4,MNL004 LP39,Zamora Pandacan,MANILA,3,2,BARANGAY 807,,,14.57124747,121.001113,,,,,,,16,2019-10-01,OSP
MNL034 LP50 NP7-8,MNL034,LP50,NP7-8,MNL034 LP50,Benitez,MANILA,3,2,BARANGAY 808,,,14.577149,120.998474,,,,,,,16,2020-06-22,OSP
MNL034 LP51 NP1-2,MNL034,LP51,NP1-2,MNL034 LP51,Benitez,MANILA,3,2,BARANGAY 808,,,14.577896,120.998979,,,,,,,16,2020-06-22,OSP
MNL034 LP51 NP3-4,MNL034,LP51,NP3-4,MNL034 LP51,Benitez,MANILA,3,2,BARANGAY 808,,,14.578108,120.999831,,,,,,,16,2020-06-22,OSP
MNL034 LP51 NP5-6,MNL034,LP51,NP5-6,MNL034 LP51,Benitez,MANILA,3,2,BARANGAY 808,,,14.577806,120.99988,,,,,,,16,2020-06-22,OSP
MNL034 LP51 NP7-8,MNL034,LP51,NP7-8,MNL034 LP51,Benitez,MANILA,3,2,BARANGAY 808,,,14.576891,120.998757,,,,,,,16,2020-06-22,OSP
SJC001 LP80 NP5-6,SJC001,LP80,NP5-6,SJC001 LP80,Greenhills Heights,MANILA,3,2,BARANGAY 808,,,14.578281,121.00017,,,,,,,16,2018-07-08,OSP
MNL004 LP770 NP1-2,MNL004,LP770,NP1-2,MNL004 LP770,Zamora Pandacan,MANILA,3,2,BARANGAY 808,,,14.578079,120.999459,,,,,,,16,2023-06-05,OSP
MNL004 LP770 NP3-5,MNL004,LP770,NP3-5,MNL004 LP770,Zamora Pandacan,MANILA,3,2,BARANGAY 808,,,14.57779,121.000234,,,,,,,24,2023-06-05,OSP
MNL004 LP770 NP6-8,MNL004,LP770,NP6-8,MNL004 LP770,Zamora Pandacan,MANILA,3,2,BARANGAY 808,,,14.577694,120.999272,,,,,,,24,2023-06-05,OSP
MNL004 LP771 NP1-2,MNL004,LP771,NP1-2,MNL004 LP771,Zamora Pandacan,MANILA,3,2,BARANGAY 808,,,14.577191,120.998808,,,,,,,16,2023-06-05,OSP
MNL004 LP771 NP3-5,MNL004,LP771,NP3-5,MNL004 LP771,Zamora Pandacan,MANILA,3,2,BARANGAY 808,,,14.576309,120.998773,,,,,,,24,2023-06-05,OSP
MNL004 LP771 NP6-8,MNL004,LP771,NP6-8,MNL004 LP771,Zamora Pandacan,MANILA,3,2,BARANGAY 808,,,14.576744,120.999058,,,,,,,24,2023-06-05,OSP
MNL004 LP769 NP3-5,MNL004,LP769,NP3-5,MNL004 LP769,Zamora Pandacan,MANILA,3,2,BARANGAY 808,,,14.576189,120.998492,,,,,,,24,2023-06-05,OSP
MNL004 LP769 NP6-8,MNL004,LP769,NP6-8,MNL004 LP769,Zamora Pandacan,MANILA,3,2,BARANGAY 808,,,14.577615,120.998657,,,,,,,24,2023-06-05,OSP
MNL004 LP15 NP7-8,MNL004,LP15,NP7-8,MNL004 LP15,Zamora Pandacan,MANILA,3,2,BARANGAY 808,,,14.5762448,120.9984985,,,,,,,16,2019-10-04,OSP
MNL004 LP16 NP1-2,MNL004,LP16,NP1-2,MNL004 LP16,Zamora Pandacan,MANILA,3,2,BARANGAY 808,,,14.57755434,120.9985981,,,,,,,16,2019-10-04,OSP
MNL004 LP16 NP3-4,MNL004,LP16,NP3-4,MNL004 LP16,Zamora Pandacan,MANILA,3,2,BARANGAY 808,,,14.57811764,121.0002263,,,,,,,16,2019-10-04,OSP
MNL004 LP16 NP5-6,MNL004,LP16,NP5-6,MNL004 LP16,Zamora Pandacan,MANILA,3,2,BARANGAY 808,,,14.5778217,121.000237,,,,,,,16,2019-10-04,OSP
MNL004 LP16 NP7-8,MNL004,LP16,NP7-8,MNL004 LP16,Zamora Pandacan,MANILA,3,2,BARANGAY 808,,,14.57746615,120.9989328,,,,,,,16,2019-10-04,OSP
MNL004 LP17 NP1-2,MNL004,LP17,NP1-2,MNL004 LP17,Zamora Pandacan,MANILA,3,2,BARANGAY 808,,,14.57633365,120.9988465,,,,,,,16,2019-10-04,OSP
MNL004 LP280 NP1-2,MNL004,LP280,NP1-2,MNL004 LP280,Zamora Pandacan,MANILA,3,2,BARANGAY 808,,,14.577593,120.998651,,,,,,,16,2021-06-25,OSP
MNL004 LP280 NP3-4-5,MNL004,LP280,NP3-4-5,MNL004 LP280,Zamora Pandacan,MANILA,3,2,BARANGAY 808,,,14.577828,120.998925,,,,,,,24,2021-06-25,OSP
MNL004 LP280 NP6-7-8,MNL004,LP280,NP6-7-8,MNL004 LP280,Zamora Pandacan,MANILA,3,2,BARANGAY 808,,,14.578074,120.999481,,,,,,,24,2021-06-25,OSP
MNL004 LP281 NP1-2,MNL004,LP281,NP1-2,MNL004 LP281,Zamora Pandacan,MANILA,3,2,BARANGAY 808,,,14.576634,120.998728,,,,,,,16,2021-06-25,OSP
MNL004 LP281 NP3-4-5,MNL004,LP281,NP3-4-5,MNL004 LP281,Zamora Pandacan,MANILA,3,2,BARANGAY 808,,,14.577141,120.998807,,,,,,,24,2021-06-25,OSP
MNL004 LP281 NP6-7-8,MNL004,LP281,NP6-7-8,MNL004 LP281,Zamora Pandacan,MANILA,3,2,BARANGAY 808,,,14.577655,120.999208,,,,,,,24,2021-06-25,OSP
MNL004 LP282 NP1-2,MNL004,LP282,NP1-2,MNL004 LP282,Zamora Pandacan,MANILA,3,2,BARANGAY 808,,,14.577786,120.999869,,,,,,,16,2021-06-25,OSP
MNL004 LP21 NP5-6,MNL004,LP21,NP5-6,MNL004 LP21,Zamora Pandacan,MANILA,3,2,BARANGAY 808,,,14.57668086,120.9990602,,,,,,,16,2019-10-04,OSP
MNL004 LP278 NP6-7-8,MNL004,LP278,NP6-7-8,MNL004 LP278,Zamora Pandacan,MANILA,3,2,BARANGAY 808,,,14.576171,120.998193,,,,,,,24,2021-06-25,OSP
MNL004 LP279 NP1-2,MNL004,LP279,NP1-2,MNL004 LP279,Zamora Pandacan,MANILA,3,2,BARANGAY 808,,,14.576361,120.998454,,,,,,,16,2021-06-25,OSP
MNL004 LP279 NP3-4-5,MNL004,LP279,NP3-4-5,MNL004 LP279,Zamora Pandacan,MANILA,3,2,BARANGAY 808,,,14.576684,120.998415,,,,,,,24,2021-06-25,OSP
MNL004 LP279 NP6-7-8,MNL004,LP279,NP6-7-8,MNL004 LP279,Zamora Pandacan,MANILA,3,2,BARANGAY 808,,,14.577012,120.998451,,,,,,,24,2021-06-25,OSP
MNL004 LP21 NP3-4,MNL004,LP21,NP3-4,MNL004 LP21,Zamora Pandacan,MANILA,3,2,BARANGAY 808,,,14.57707306,120.9991271,,,,,,,16,2019-10-04,OSP
MNL034 LP58 NP1-2,MNL034,LP58,NP1-2,MNL034 LP58,Benitez,MANILA,3,2,BARANGAY 809,,,14.57698,121.0009,,,,,,,16,2020-06-22,OSP
MNL034 LP58 NP3-4,MNL034,LP58,NP3-4,MNL034 LP58,Benitez,MANILA,3,2,BARANGAY 809,,,14.576423,120.999827,,,,,,,16,2020-06-22,OSP
MNL034 LP52 NP1-2,MNL034,LP52,NP1-2,MNL034 LP52,Benitez,MANILA,3,2,BARANGAY 809,,,14.577055,120.999575,,,,,,,16,2020-06-22,OSP
MNL034 LP52 NP5-6,MNL034,LP52,NP5-6,MNL034 LP52,Benitez,MANILA,3,2,BARANGAY 809,,,14.577474,120.999533,,,,,,,16,2020-06-22,OSP
MNL034 LP53 NP1-2,MNL034,LP53,NP1-2,MNL034 LP53,Benitez,MANILA,3,2,BARANGAY 809,,,14.576439,120.999121,,,,,,,16,2020-06-22,OSP
MNL004 LP772 NP1-2,MNL004,LP772,NP1-2,MNL004 LP772,Zamora Pandacan,MANILA,3,2,BARANGAY 809,,,14.577492,121.000257,,,,,,,16,2023-06-05,OSP
MNL004 LP772 NP6-8,MNL004,LP772,NP6-8,MNL004 LP772,Zamora Pandacan,MANILA,3,2,BARANGAY 809,,,14.576663,121.000277,,,,,,,24,2023-06-05,OSP
MNL004 LP17 NP3-4,MNL004,LP17,NP3-4,MNL004 LP17,Zamora Pandacan,MANILA,3,2,BARANGAY 809,,,14.57619943,120.9992486,,,,,,,16,2019-10-04,OSP
MNL004 LP282 NP3-4-5,MNL004,LP282,NP3-4-5,MNL004 LP282,Zamora Pandacan,MANILA,3,2,BARANGAY 809,,,14.577491,121.000094,,,,,,,24,2021-06-25,OSP
MNL004 LP282 NP6-7-8,MNL004,LP282,NP6-7-8,MNL004 LP282,Zamora Pandacan,MANILA,3,2,BARANGAY 809,,,14.577179,120.999996,,,,,,,24,2021-06-25,OSP
MNL004 LP283 NP1-2,MNL004,LP283,NP1-2,MNL004 LP283,Zamora Pandacan,MANILA,3,2,BARANGAY 809,,,14.576808,120.999128,,,,,,,16,2021-06-25,OSP
MNL004 LP283 NP3-4,MNL004,LP283,NP3-4,MNL004 LP283,Zamora Pandacan,MANILA,3,2,BARANGAY 809,,,14.576429,120.999114,,,,,,,16,2021-06-25,OSP
MNL004 LP283 NP5-6,MNL004,LP283,NP5-6,MNL004 LP283,Zamora Pandacan,MANILA,3,2,BARANGAY 809,,,14.576541,120.999372,,,,,,,16,2021-06-25,OSP
MNL004 LP283 NP7-8,MNL004,LP283,NP7-8,MNL004 LP283,Zamora Pandacan,MANILA,3,2,BARANGAY 809,,,14.576299,120.99966,,,,,,,16,2021-06-25,OSP
MNL004 LP284 NP1-2,MNL004,LP284,NP1-2,MNL004 LP284,Zamora Pandacan,MANILA,3,2,BARANGAY 809,,,14.576644,121.000586,,,,,,,16,2021-06-25,OSP
MNL004 LP22 NP1-2,MNL004,LP22,NP1-2,MNL004 LP22,Zamora Pandacan,MANILA,3,2,BARANGAY 809,,,14.5768906,121.0002716,,,,,,,16,2019-10-04,OSP
MNL004 LP22 NP3-4,MNL004,LP22,NP3-4,MNL004 LP22,Zamora Pandacan,MANILA,3,2,BARANGAY 809,,,14.57666084,121.0002638,,,,,,,16,2019-10-04,OSP
MNL004 LP18 NP3-4,MNL004,LP18,NP3-4,MNL004 LP18,Zamora Pandacan,MANILA,3,2,BARANGAY 809,,,14.57673369,121.0008953,,,,,,,16,2019-10-04,OSP
MNL004 LP21 NP7-8,MNL004,LP21,NP7-8,MNL004 LP21,Zamora Pandacan,MANILA,3,2,BARANGAY 809,,,14.57669,120.99967,,,,,,,16,2019-10-04,OSP
MNL004 LP21 NP1-2,MNL004,LP21,NP1-2,MNL004 LP21,Zamora Pandacan,MANILA,3,2,BARANGAY 809,,,14.57750713,121.0002669,,,,,,,16,2019-10-04,OSP
MNL034 LP54 NP3-4,MNL034,LP54,NP3-4,MNL034 LP54,Benitez,MANILA,3,2,BARANGAY 810,,,14.576176,121.000112,,,,,,,16,2020-06-22,OSP
MNL034 LP54 NP5-6,MNL034,LP54,NP5-6,MNL034 LP54,Benitez,MANILA,3,2,BARANGAY 810,,,14.576473,121.000877,,,,,,,16,2020-06-22,OSP
MNL034 LP53 NP3-4,MNL034,LP53,NP3-4,MNL034 LP53,Benitez,MANILA,3,2,BARANGAY 810,,,14.576032,120.998901,,,,,,,16,2020-06-22,OSP
MNL034 LP53 NP5-6,MNL034,LP53,NP5-6,MNL034 LP53,Benitez,MANILA,3,2,BARANGAY 810,,,14.575929,120.998522,,,,,,,16,2020-06-22,OSP
MNL034 LP53 NP7-8,MNL034,LP53,NP7-8,MNL034 LP53,Benitez,MANILA,3,2,BARANGAY 810,,,14.57582,120.999208,,,,,,,16,2020-06-22,OSP
MNL034 LP54 NP1-2,MNL034,LP54,NP1-2,MNL034 LP54,Benitez,MANILA,3,2,BARANGAY 810,,,14.575326,120.999596,,,,,,,16,2020-06-22,OSP
MNL004 LP17 NP5-6,MNL004,LP17,NP5-6,MNL004 LP17,Zamora Pandacan,MANILA,3,2,BARANGAY 810,,,14.5756403,120.9986473,,,,,,,16,2019-10-04,OSP
MNL004 LP17 NP7-8,MNL004,LP17,NP7-8,MNL004 LP17,Zamora Pandacan,MANILA,3,2,BARANGAY 810,,,14.57592071,120.9994159,,,,,,,16,2019-10-04,OSP
MNL004 LP285 NP1-2,MNL004,LP285,NP1-2,MNL004 LP285,Zamora Pandacan,MANILA,3,2,BARANGAY 810,,,14.576044,120.999802,,,,,,,16,2021-06-25,OSP
MNL004 LP18 NP1-2,MNL004,LP18,NP1-2,MNL004 LP18,Zamora Pandacan,MANILA,3,2,BARANGAY 810,,,14.57626024,121.000319,,,,,,,16,2019-10-04,OSP
MNL004 LP285 NP3-4-5,MNL004,LP285,NP3-4-5,MNL004 LP285,Zamora Pandacan,MANILA,3,2,BARANGAY 810,,,14.575731,120.998998,,,,,,,24,2021-06-25,OSP
MNL004 LP285 NP6-7-8,MNL004,LP285,NP6-7-8,MNL004 LP285,Zamora Pandacan,MANILA,3,2,BARANGAY 810,,,14.575729,120.998561,,,,,,,24,2021-06-25,OSP
MNL034 LP50 NP1-2,MNL034,LP50,NP1-2,MNL034 LP50,Benitez,MANILA,3,2,BARANGAY 811,,,14.578406,120.99966,,,,,,,16,2020-06-22,OSP
MNL034 LP50 NP3-4,MNL034,LP50,NP3-4,MNL034 LP50,Benitez,MANILA,3,2,BARANGAY 811,,,14.578248,120.998982,,,,,,,16,2020-06-22,OSP
MNL034 LP50 NP5-6,MNL034,LP50,NP5-6,MNL034 LP50,Benitez,MANILA,3,2,BARANGAY 811,,,14.57709,120.998231,,,,,,,16,2020-06-22,OSP
MNL004 LP768 NP1-2,MNL004,LP768,NP1-2,MNL004 LP768,Zamora Pandacan,MANILA,3,2,BARANGAY 811,,,14.578645,121.000217,,,,,,,16,2023-06-05,OSP
MNL004 LP768 NP3-5,MNL004,LP768,NP3-5,MNL004 LP768,Zamora Pandacan,MANILA,3,2,BARANGAY 811,,,14.578275,120.999035,,,,,,,24,2023-06-05,OSP
MNL004 LP768 NP6-8,MNL004,LP768,NP6-8,MNL004 LP768,Zamora Pandacan,MANILA,3,2,BARANGAY 811,,,14.577429,120.998298,,,,,,,24,2023-06-05,OSP
MNL004 LP769 NP1-2,MNL004,LP769,NP1-2,MNL004 LP769,Zamora Pandacan,MANILA,3,2,BARANGAY 811,,,14.57669,120.99818,,,,,,,16,2023-06-05,OSP
MNL004 LP15 NP3-4,MNL004,LP15,NP3-4,MNL004 LP15,Zamora Pandacan,MANILA,3,2,BARANGAY 811,,,14.57765386,120.9983873,,,,,,,16,2019-10-04,OSP
MNL004 LP15 NP5-6,MNL004,LP15,NP5-6,MNL004 LP15,Zamora Pandacan,MANILA,3,2,BARANGAY 811,,,14.57633827,120.9982157,,,,,,,16,2019-10-04,OSP
MNL004 LP277 NP1-2,MNL004,LP277,NP1-2,MNL004 LP277,Zamora Pandacan,MANILA,3,2,BARANGAY 811,,,14.578395,120.999677,,,,,,,16,2021-06-25,OSP
MNL004 LP277 NP3-4-5,MNL004,LP277,NP3-4-5,MNL004 LP277,Zamora Pandacan,MANILA,3,2,BARANGAY 811,,,14.577935,120.99855,,,,,,,24,2021-06-25,OSP
MNL004 LP277 NP6-7-8,MNL004,LP277,NP6-7-8,MNL004 LP277,Zamora Pandacan,MANILA,3,2,BARANGAY 811,,,14.57764,120.998396,,,,,,,24,2021-06-25,OSP
MNL004 LP278 NP1-2,MNL004,LP278,NP1-2,MNL004 LP278,Zamora Pandacan,MANILA,3,2,BARANGAY 811,,,14.577435,120.998311,,,,,,,16,2021-06-25,OSP
MNL004 LP278 NP3-4-5,MNL004,LP278,NP3-4-5,MNL004 LP278,Zamora Pandacan,MANILA,3,2,BARANGAY 811,,,14.576794,120.998135,,,,,,,24,2021-06-25,OSP
MNL034 LP54 NP7-8,MNL034,LP54,NP7-8,MNL034 LP54,Benitez,MANILA,3,2,BARANGAY 812,,,14.576876,121.001315,,,,,,,16,2020-06-22,OSP
MNL034 LP55 NP1-2,MNL034,LP55,NP1-2,MNL034 LP55,Benitez,MANILA,3,2,BARANGAY 812,,,14.576569,121.001334,,,,,,,16,2020-06-22,OSP
MNL034 LP55 NP3-4,MNL034,LP55,NP3-4,MNL034 LP55,Benitez,MANILA,3,2,BARANGAY 812,,,14.576967,121.001921,,,,,,,16,2020-06-22,OSP
MNL034 LP55 NP5-6,MNL034,LP55,NP5-6,MNL034 LP55,Benitez,MANILA,3,2,BARANGAY 812,,,14.577583,121.002563,,,,,,,16,2020-06-22,OSP
MNL034 LP55 NP7-8,MNL034,LP55,NP7-8,MNL034 LP55,Benitez,MANILA,3,2,BARANGAY 812,,,14.577911,121.002143,,,,,,,16,2020-06-22,OSP
MNL034 LP56 NP1-2,MNL034,LP56,NP1-2,MNL034 LP56,Benitez,MANILA,3,2,BARANGAY 812,,,14.578484,121.001863,,,,,,,16,2020-06-22,OSP
MNL034 LP56 NP3-4,MNL034,LP56,NP3-4,MNL034 LP56,Benitez,MANILA,3,2,BARANGAY 812,,,14.578031,121.001509,,,,,,,16,2020-06-22,OSP
MNL034 LP56 NP5-6,MNL034,LP56,NP5-6,MNL034 LP56,Benitez,MANILA,3,2,BARANGAY 812,,,14.577645,121.00206,,,,,,,16,2020-06-22,OSP
MNL034 LP56 NP7-8,MNL034,LP56,NP7-8,MNL034 LP56,Benitez,MANILA,3,2,BARANGAY 812,,,14.578453,121.00125,,,,,,,16,2020-06-22,OSP
MNL034 LP57 NP1-2,MNL034,LP57,NP1-2,MNL034 LP57,Benitez,MANILA,3,2,BARANGAY 812,,,14.577709,121.001281,,,,,,,16,2020-06-22,OSP
MNL004 LP774 NP6-8,MNL004,LP774,NP6-8,MNL004 LP774,Zamora Pandacan,MANILA,3,2,BARANGAY 812,,,14.578055,121.00152,,,,,,,24,2023-06-05,OSP
MNL004 LP775 NP1-2,MNL004,LP775,NP1-2,MNL004 LP775,Zamora Pandacan,MANILA,3,2,BARANGAY 812,,,14.577067,121.001615,,,,,,,16,2023-06-05,OSP
MNL004 LP775 NP3-5,MNL004,LP775,NP3-5,MNL004 LP775,Zamora Pandacan,MANILA,3,2,BARANGAY 812,,,14.576913,121.001318,,,,,,,24,2023-06-05,OSP
MNL004 LP775 NP6-8,MNL004,LP775,NP6-8,MNL004 LP775,Zamora Pandacan,MANILA,3,2,BARANGAY 812,,,14.576571,121.001322,,,,,,,24,2023-06-05,OSP
MNL004 LP776 NP1-2,MNL004,LP776,NP1-2,MNL004 LP776,Zamora Pandacan,MANILA,3,2,BARANGAY 812,,,14.577654,121.00206,,,,,,,16,2023-06-05,OSP
MNL004 LP776 NP3-5,MNL004,LP776,NP3-5,MNL004 LP776,Zamora Pandacan,MANILA,3,2,BARANGAY 812,,,14.577678,121.002409,,,,,,,24,2023-06-05,OSP
MNL004 LP776 NP6-8,MNL004,LP776,NP6-8,MNL004 LP776,Zamora Pandacan,MANILA,3,2,BARANGAY 812,,,14.578162,121.001866,,,,,,,24,2023-06-05,OSP
MNL004 LP19 NP1-2,MNL004,LP19,NP1-2,MNL004 LP19,Zamora Pandacan,MANILA,3,2,BARANGAY 812,,,14.57744198,121.0023247,,,,,,,16,2019-10-04,OSP
MNL004 LP19 NP3-4,MNL004,LP19,NP3-4,MNL004 LP19,Zamora Pandacan,MANILA,3,2,BARANGAY 812,,,14.57707625,121.0016093,,,,,,,16,2019-10-04,OSP
MNL004 LP19 NP5-6,MNL004,LP19,NP5-6,MNL004 LP19,Zamora Pandacan,MANILA,3,2,BARANGAY 812,,,14.57847449,121.0014917,,,,,,,16,2019-10-04,OSP
MNL004 LP19 NP7-8,MNL004,LP19,NP7-8,MNL004 LP19,Zamora Pandacan,MANILA,3,2,BARANGAY 812,,,14.57768287,121.0024121,,,,,,,16,2019-10-04,OSP
MNL004 LP18 NP7-8,MNL004,LP18,NP7-8,MNL004 LP18,Zamora Pandacan,MANILA,3,2,BARANGAY 812,,,14.57667235,121.0016901,,,,,,,16,2019-10-04,OSP
MNL004 LP286 NP1-2,MNL004,LP286,NP1-2,MNL004 LP286,Zamora Pandacan,MANILA,3,2,BARANGAY 812,,,14.576569,121.001306,,,,,,,16,2021-06-25,OSP
MNL004 LP286 NP3-4,MNL004,LP286,NP3-4,MNL004 LP286,Zamora Pandacan,MANILA,3,2,BARANGAY 812,,,14.577633,121.001295,,,,,,,16,2021-06-25,OSP
MNL004 LP286 NP5-6,MNL004,LP286,NP5-6,MNL004 LP286,Zamora Pandacan,MANILA,3,2,BARANGAY 812,,,14.577264,121.002177,,,,,,,16,2021-06-25,OSP
MNL004 LP286 NP7-8,MNL004,LP286,NP7-8,MNL004 LP286,Zamora Pandacan,MANILA,3,2,BARANGAY 812,,,14.578152,121.001879,,,,,,,16,2021-06-25,OSP
MNL004 LP287 NP1-2,MNL004,LP287,NP1-2,MNL004 LP287,Zamora Pandacan,MANILA,3,2,BARANGAY 812,,,14.578463,121.00126,,,,,,,16,2021-06-25,OSP
MNL004 LP287 NP3-4-5,MNL004,LP287,NP3-4-5,MNL004 LP287,Zamora Pandacan,MANILA,3,2,BARANGAY 812,,,14.578371,121.001514,,,,,,,24,2021-06-25,OSP
MNL004 LP287 NP6-7-8,MNL004,LP287,NP6-7-8,MNL004 LP287,Zamora Pandacan,MANILA,3,2,BARANGAY 812,,,14.577803,121.001842,,,,,,,24,2021-06-25,OSP
MNL034 LP57 NP3-4,MNL034,LP57,NP3-4,MNL034 LP57,Benitez,MANILA,3,2,BARANGAY 813,,,14.577384,121.001161,,,,,,,16,2020-06-22,OSP
MNL034 LP57 NP5-6,MNL034,LP57,NP5-6,MNL034 LP57,Benitez,MANILA,3,2,BARANGAY 813,,,14.578158,121.001122,,,,,,,16,2020-06-22,OSP
MNL034 LP57 NP7-8,MNL034,LP57,NP7-8,MNL034 LP57,Benitez,MANILA,3,2,BARANGAY 813,,,14.577819,121.000884,,,,,,,16,2020-06-22,OSP
MNL034 LP52 NP3-4,MNL034,LP52,NP3-4,MNL034 LP52,Benitez,MANILA,3,2,BARANGAY 813,,,14.577144,121.000258,,,,,,,16,2020-06-22,OSP
MNL034 LP52 NP7-8,MNL034,LP52,NP7-8,MNL034 LP52,Benitez,MANILA,3,2,BARANGAY 813,,,14.577687,121.000557,,,,,,,16,2020-06-22,OSP
MNL004 LP774 NP3-5,MNL004,LP774,NP3-5,MNL004 LP774,Zamora Pandacan,MANILA,3,2,BARANGAY 813,,,14.577747,121.001123,,,,,,,24,2023-06-05,OSP
MNL004 LP772 NP3-5,MNL004,LP772,NP3-5,MNL004 LP772,Zamora Pandacan,MANILA,3,2,BARANGAY 813,,,14.57714,121.000265,,,,,,,24,2023-06-05,OSP
MNL004 LP773 NP1-2,MNL004,LP773,NP1-2,MNL004 LP773,Zamora Pandacan,MANILA,3,2,BARANGAY 813,,,14.578358,121.000538,,,,,,,16,2023-06-05,OSP
MNL004 LP773 NP3-5,MNL004,LP773,NP3-5,MNL004 LP773,Zamora Pandacan,MANILA,3,2,BARANGAY 813,,,14.577723,121.000565,,,,,,,24,2023-06-05,OSP
MNL004 LP773 NP6-8,MNL004,LP773,NP6-8,MNL004 LP773,Zamora Pandacan,MANILA,3,2,BARANGAY 813,,,14.578155,121.000881,,,,,,,24,2023-06-05,OSP
MNL004 LP774 NP1-2,MNL004,LP774,NP1-2,MNL004 LP774,Zamora Pandacan,MANILA,3,2,BARANGAY 813,,,14.578473,121.001264,,,,,,,16,2023-06-05,OSP
MNL004 LP15 NP1-2,MNL004,LP15,NP1-2,MNL004 LP15,Zamora Pandacan,MANILA,3,2,BARANGAY 813,,,14.57837616,121.0002235,,,,,,,16,2019-10-04,OSP
MNL004 LP284 NP3-4-5,MNL004,LP284,NP3-4-5,MNL004 LP284,Zamora Pandacan,MANILA,3,2,BARANGAY 813,,,14.576837,121.001125,,,,,,,24,2021-06-25,OSP
MNL004 LP284 NP6-7-8,MNL004,LP284,NP6-7-8,MNL004 LP284,Zamora Pandacan,MANILA,3,2,BARANGAY 813,,,14.577743,121.001118,,,,,,,24,2021-06-25,OSP
MNL004 LP18 NP5-6,MNL004,LP18,NP5-6,MNL004 LP18,Zamora Pandacan,MANILA,3,2,BARANGAY 813,,,14.57682714,121.0011745,,,,,,,16,2019-10-04,OSP
MNL004 LP288 NP1-2,MNL004,LP288,NP1-2,MNL004 LP288,Zamora Pandacan,MANILA,3,2,BARANGAY 813,,,14.578439,121.000821,,,,,,,16,2021-06-25,OSP
MNL004 LP288 NP3-4-5,MNL004,LP288,NP3-4-5,MNL004 LP288,Zamora Pandacan,MANILA,3,2,BARANGAY 813,,,14.577458,121.000884,,,,,,,24,2021-06-25,OSP
MNL004 LP288 NP6-7-8,MNL004,LP288,NP6-7-8,MNL004 LP288,Zamora Pandacan,MANILA,3,2,BARANGAY 813,,,14.578348,121.000532,,,,,,,24,2021-06-25,OSP
MNL004 LP20 NP1-2,MNL004,LP20,NP1-2,MNL004 LP20,Zamora Pandacan,MANILA,3,2,BARANGAY 813,,,14.5783923,121.0011098,,,,,,,16,2019-10-04,OSP
MNL004 LP20 NP3-4,MNL004,LP20,NP3-4,MNL004 LP20,Zamora Pandacan,MANILA,3,2,BARANGAY 813,,,14.57844973,121.0007909,,,,,,,16,2019-10-04,OSP
MNL004 LP20 NP5-6,MNL004,LP20,NP5-6,MNL004 LP20,Zamora Pandacan,MANILA,3,2,BARANGAY 813,,,14.57836584,121.0005303,,,,,,,16,2019-10-04,OSP
MNL004 LP20 NP7-8,MNL004,LP20,NP7-8,MNL004 LP20,Zamora Pandacan,MANILA,3,2,BARANGAY 813,,,14.57745902,121.000572,,,,,,,16,2019-10-04,OSP
MNL034 LP106 NP7-8,MNL034,LP106,NP7-8,MNL034 LP106,Benitez,MANILA,3,2,BARANGAY 814,,,14.578684,121.00059,,,,,,,16,2020-06-22,OSP
MNL034 LP107 NP1-2,MNL034,LP107,NP1-2,MNL034 LP107,Benitez,MANILA,3,2,BARANGAY 814,,,14.57867,121.000224,,,,,,,16,2020-06-22,OSP
MNL034 LP125 NP3-4,MNL034,LP125,NP3-4,MNL034 LP125,Benitez,MANILA,3,2,BARANGAY 814,,,14.579795,121.001394,,,,,,,16,2020-08-28,OSP
MNL004 LP750 NP1-2,MNL004,LP750,NP1-2,MNL004 LP750,Zamora Pandacan,MANILA,3,2,BARANGAY 814,,,14.578682,121.000597,,,,,,,16,2023-06-05,OSP
MNL004 LP750 NP3-5,MNL004,LP750,NP3-5,MNL004 LP750,Zamora Pandacan,MANILA,3,2,BARANGAY 814,,,14.579488,121.00113,,,,,,,24,2023-06-05,OSP
MNL004 LP750 NP6-8,MNL004,LP750,NP6-8,MNL004 LP750,Zamora Pandacan,MANILA,3,2,BARANGAY 814,,,14.57932,121.001353,,,,,,,24,2023-06-05,OSP
MNL004 LP751 NP1-2,MNL004,LP751,NP1-2,MNL004 LP751,Zamora Pandacan,MANILA,3,2,BARANGAY 814,,,14.579607,121.001603,,,,,,,16,2023-06-05,OSP
MNL004 LP751 NP3-5,MNL004,LP751,NP3-5,MNL004 LP751,Zamora Pandacan,MANILA,3,2,BARANGAY 814,,,14.579755,121.001733,,,,,,,24,2023-06-05,OSP
MNL004 LP751 NP6-8,MNL004,LP751,NP6-8,MNL004 LP751,Zamora Pandacan,MANILA,3,2,BARANGAY 814,,,14.580132,121.002057,,,,,,,24,2023-06-05,OSP
MNL004 LP752 NP1-2,MNL004,LP752,NP1-2,MNL004 LP752,Zamora Pandacan,MANILA,3,2,BARANGAY 814,,,14.580141,121.002052,,,,,,,16,2023-06-05,OSP
MNL004 LP752 NP3-5,MNL004,LP752,NP3-5,MNL004 LP752,Zamora Pandacan,MANILA,3,2,BARANGAY 814,,,14.580432,121.001959,,,,,,,24,2023-06-05,OSP
MNL004 LP752 NP6-8,MNL004,LP752,NP6-8,MNL004 LP752,Zamora Pandacan,MANILA,3,2,BARANGAY 814,,,14.579786,121.001384,,,,,,,24,2023-06-05,OSP
MNL004 LP246 NP3-4-5,MNL004,LP246,NP3-4-5,MNL004 LP246,Zamora Pandacan,MANILA,3,2,BARANGAY 814,,,14.578679,121.000241,,,,,,,24,2021-06-25,OSP
MNL004 LP248 NP1-2,MNL004,LP248,NP1-2,MNL004 LP248,Zamora Pandacan,MANILA,3,2,BARANGAY 814,,,14.579272,121.000963,,,,,,,16,2021-06-13,OSP
MNL004 LP248 NP3-4-5,MNL004,LP248,NP3-4-5,MNL004 LP248,Zamora Pandacan,MANILA,3,2,BARANGAY 814,,,14.579726,121.001356,,,,,,,24,2021-06-13,OSP
MNL004 LP248 NP6-7-8,MNL004,LP248,NP6-7-8,MNL004 LP248,Zamora Pandacan,MANILA,3,2,BARANGAY 814,,,14.580326,121.001877,,,,,,,24,2021-06-13,OSP
MNL004 LP249 NP1-2,MNL004,LP249,NP1-2,MNL004 LP249,Zamora Pandacan,MANILA,3,2,BARANGAY 814,,,14.579338,121.001373,,,,,,,16,2021-06-13,OSP
MNL004 LP249 NP3-4-5,MNL004,LP249,NP3-4-5,MNL004 LP249,Zamora Pandacan,MANILA,3,2,BARANGAY 814,,,14.579468,121.001483,,,,,,,24,2021-06-13,OSP
MNL004 LP249 NP6-7-8,MNL004,LP249,NP6-7-8,MNL004 LP249,Zamora Pandacan,MANILA,3,2,BARANGAY 814,,,14.580099,121.002025,,,,,,,24,2021-06-13,OSP
MNL004 LP25 NP1-2,MNL004,LP25,NP1-2,MNL004 LP25,Zamora Pandacan,MANILA,3,2,BARANGAY 814,,,14.57952053,121.0011346,,,,,,,16,2019-10-04,OSP
MNL004 LP25 NP3-4,MNL004,LP25,NP3-4,MNL004 LP25,Zamora Pandacan,MANILA,3,2,BARANGAY 814,,,14.58011633,121.0016394,,,,,,,16,2019-10-04,OSP
MNL004 LP25 NP5-6,MNL004,LP25,NP5-6,MNL004 LP25,Zamora Pandacan,MANILA,3,2,BARANGAY 814,,,14.58012356,121.002076,,,,,,,16,2019-10-04,OSP
MNL004 LP25 NP7-8,MNL004,LP25,NP7-8,MNL004 LP25,Zamora Pandacan,MANILA,3,2,BARANGAY 814,,,14.57961188,121.0016216,,,,,,,16,2019-10-04,OSP
MNL004 LP250 NP1-2,MNL004,LP250,NP1-2,MNL004 LP250,Zamora Pandacan,MANILA,3,2,BARANGAY 814,,,14.580388,121.001916,,,,,,,16,2021-06-13,OSP
MNL004 LP24 NP7-8,MNL004,LP24,NP7-8,MNL004 LP24,Zamora Pandacan,MANILA,3,2,BARANGAY 814,,,14.57912005,121.0008019,,,,,,,16,2019-10-04,OSP
MNL034 LP124 NP1-2,MNL034,LP124,NP1-2,MNL034 LP124,Benitez,MANILA,3,2,BARANGAY 815,,,14.579167,120.999918,,,,,,,16,2020-08-28,OSP
MNL034 LP124 NP3-4,MNL034,LP124,NP3-4,MNL034 LP124,Benitez,MANILA,3,2,BARANGAY 815,,,14.579502,121.000211,,,,,,,16,2020-08-28,OSP
MNL034 LP124 NP5-6,MNL034,LP124,NP5-6,MNL034 LP124,Benitez,MANILA,3,2,BARANGAY 815,,,14.580881,121.001379,,,,,,,16,2020-08-28,OSP
MNL034 LP124 NP7-8,MNL034,LP124,NP7-8,MNL034 LP124,Benitez,MANILA,3,2,BARANGAY 815,,,14.5806,121.001605,,,,,,,16,2020-08-28,OSP
MNL034 LP125 NP1-2,MNL034,LP125,NP1-2,MNL034 LP125,Benitez,MANILA,3,2,BARANGAY 815,,,14.579832,121.000946,,,,,,,16,2020-08-28,OSP
SJC001 LP80 NP3-4,SJC001,LP80,NP3-4,SJC001 LP80,Greenhills Heights,MANILA,3,2,BARANGAY 815,,,14.578649,120.999719,,,,,,,16,2016-05-15,OSP
MNL004 LP82 NP3-4,MNL004,LP82,NP3-4,MNL004 LP82,Zamora Pandacan,MANILA,3,2,BARANGAY 815,,,14.578679,120.999554,,,,,,,16,2019-09-30,OSP
MNL004 LP753 NP3-5,MNL004,LP753,NP3-5,MNL004 LP753,Zamora Pandacan,MANILA,3,2,BARANGAY 815,,,14.58048,121.001502,,,,,,,24,2023-06-05,OSP
MNL004 LP753 NP6-8,MNL004,LP753,NP6-8,MNL004 LP753,Zamora Pandacan,MANILA,3,2,BARANGAY 815,,,14.580859,121.001421,,,,,,,24,2023-06-05,OSP
MNL004 LP754 NP1-2,MNL004,LP754,NP1-2,MNL004 LP754,Zamora Pandacan,MANILA,3,2,BARANGAY 815,,,14.580074,121.001144,,,,,,,16,2023-06-05,OSP
MNL004 LP754 NP3-5,MNL004,LP754,NP3-5,MNL004 LP754,Zamora Pandacan,MANILA,3,2,BARANGAY 815,,,14.579832,121.000946,,,,,,,24,2023-06-05,OSP
MNL004 LP754 NP6-8,MNL004,LP754,NP6-8,MNL004 LP754,Zamora Pandacan,MANILA,3,2,BARANGAY 815,,,14.579407,121.000568,,,,,,,24,2023-06-05,OSP
MNL004 LP755 NP1-2,MNL004,LP755,NP1-2,MNL004 LP755,Zamora Pandacan,MANILA,3,2,BARANGAY 815,,,14.580513,121.001123,,,,,,,16,2023-06-05,OSP
MNL004 LP755 NP3-5,MNL004,LP755,NP3-5,MNL004 LP755,Zamora Pandacan,MANILA,3,2,BARANGAY 815,,,14.580266,121.000913,,,,,,,24,2023-06-05,OSP
MNL004 LP755 NP6-8,MNL004,LP755,NP6-8,MNL004 LP755,Zamora Pandacan,MANILA,3,2,BARANGAY 815,,,14.58002,121.000687,,,,,,,24,2023-06-05,OSP
MNL004 LP756 NP1-2,MNL004,LP756,NP1-2,MNL004 LP756,Zamora Pandacan,MANILA,3,2,BARANGAY 815,,,14.579747,121.000455,,,,,,,16,2023-06-05,OSP
MNL004 LP756 NP3-5,MNL004,LP756,NP3-5,MNL004 LP756,Zamora Pandacan,MANILA,3,2,BARANGAY 815,,,14.579473,121.000213,,,,,,,24,2023-06-05,OSP
MNL004 LP756 NP6-8,MNL004,LP756,NP6-8,MNL004 LP756,Zamora Pandacan,MANILA,3,2,BARANGAY 815,,,14.578795,120.999657,,,,,,,24,2023-06-05,OSP
MNL004 LP753 NP1-2,MNL004,LP753,NP1-2,MNL004 LP753,Zamora Pandacan,MANILA,3,2,BARANGAY 815,,,14.580861,121.001829,,,,,,,16,2023-06-05,OSP
MNL004 LP250 NP3-4-5,MNL004,LP250,NP3-4-5,MNL004 LP250,Zamora Pandacan,MANILA,3,2,BARANGAY 815,,,14.580812,121.0018,,,,,,,24,2021-06-13,OSP
MNL004 LP246 NP1-2,MNL004,LP246,NP1-2,MNL004 LP246,Zamora Pandacan,MANILA,3,2,BARANGAY 815,,,14.578673,120.999762,,,,,,,16,2021-06-25,OSP
MNL004 LP24 NP1-2,MNL004,LP24,NP1-2,MNL004 LP24,Zamora Pandacan,MANILA,3,2,BARANGAY 815,,,14.5807279,121.0017196,,,,,,,16,2019-10-04,OSP
MNL004 LP24 NP3-4,MNL004,LP24,NP3-4,MNL004 LP24,Zamora Pandacan,MANILA,3,2,BARANGAY 815,,,14.58013153,121.0012022,,,,,,,16,2019-10-04,OSP
MNL004 LP24 NP5-6,MNL004,LP24,NP5-6,MNL004 LP24,Zamora Pandacan,MANILA,3,2,BARANGAY 815,,,14.57932199,121.0005373,,,,,,,16,2019-10-04,OSP
MNL004 LP23 NP1-2,MNL004,LP23,NP1-2,MNL004 LP23,Zamora Pandacan,MANILA,3,2,BARANGAY 815,,,14.57880634,120.9996464,,,,,,,16,2019-10-04,OSP
MNL004 LP23 NP3-4,MNL004,LP23,NP3-4,MNL004 LP23,Zamora Pandacan,MANILA,3,2,BARANGAY 815,,,14.58001891,121.0006752,,,,,,,16,2019-10-04,OSP
MNL004 LP23 NP5-6,MNL004,LP23,NP5-6,MNL004 LP23,Zamora Pandacan,MANILA,3,2,BARANGAY 815,,,14.58052563,121.0011127,,,,,,,16,2019-10-04,OSP
MNL004 LP23 NP7-8,MNL004,LP23,NP7-8,MNL004 LP23,Zamora Pandacan,MANILA,3,2,BARANGAY 815,,,14.58119264,121.0016775,,,,,,,16,2019-10-04,OSP
MNL004 LP250 NP6-7-8,MNL004,LP250,NP6-7-8,MNL004 LP250,Zamora Pandacan,MANILA,3,2,BARANGAY 815,,,14.581192,121.00171,,,,,,,24,2021-06-13,OSP
MNL004 LP251 NP1-2,MNL004,LP251,NP1-2,MNL004 LP251,Zamora Pandacan,MANILA,3,2,BARANGAY 815,,,14.580584,121.001596,,,,,,,16,2021-06-13,OSP
MNL004 LP251 NP3-4-5,MNL004,LP251,NP3-4-5,MNL004 LP251,Zamora Pandacan,MANILA,3,2,BARANGAY 815,,,14.579511,121.000654,,,,,,,24,2021-06-13,OSP
MNL004 LP251 NP6-7-8,MNL004,LP251,NP6-7-8,MNL004 LP251,Zamora Pandacan,MANILA,3,2,BARANGAY 815,,,14.579328,121.000529,,,,,,,24,2021-06-13,OSP
MNL004 LP252 NP1-2,MNL004,LP252,NP1-2,MNL004 LP252,Zamora Pandacan,MANILA,3,2,BARANGAY 815,,,14.580261,121.000903,,,,,,,16,2021-06-13,OSP
MNL004 LP252 NP3-4-5,MNL004,LP252,NP3-4-5,MNL004 LP252,Zamora Pandacan,MANILA,3,2,BARANGAY 815,,,14.579981,121.00067,,,,,,,24,2021-06-13,OSP
MNL004 LP252 NP6-7-8,MNL004,LP252,NP6-7-8,MNL004 LP252,Zamora Pandacan,MANILA,3,2,BARANGAY 815,,,14.579609,121.000345,,,,,,,24,2021-06-13,OSP
MNL034 LP106 NP3-4,MNL034,LP106,NP3-4,MNL034 LP106,Benitez,MANILA,3,2,BARANGAY 816,,,14.579011,121.002875,,,,,,,16,2020-06-22,OSP
MNL004 LP81 NP5-6,MNL004,LP81,NP5-6,MNL004 LP81,Zamora Pandacan,MANILA,3,2,BARANGAY 816,,,14.578937,121.002295,,,,,,,16,2019-09-30,OSP
MNL004 LP777 NP3-5,MNL004,LP777,NP3-5,MNL004 LP777,Zamora Pandacan,MANILA,3,2,BARANGAY 816,,,14.578935,121.002561,,,,,,,24,2023-06-05,OSP
MNL004 LP777 NP6-8,MNL004,LP777,NP6-8,MNL004 LP777,Zamora Pandacan,MANILA,3,2,BARANGAY 816,,,14.579021,121.002986,,,,,,,24,2023-06-05,OSP
MNL004 LP247 NP3-4-5,MNL004,LP247,NP3-4-5,MNL004 LP247,Zamora Pandacan,MANILA,3,2,BARANGAY 816,,,14.578919,121.002298,,,,,,,24,2021-06-25,OSP
MNL034 LP106 NP5-6,MNL034,LP106,NP5-6,MNL034 LP106,Benitez,MANILA,3,2,BARANGAY 817,,,14.578848,121.002009,,,,,,,16,2020-06-22,OSP
SJC001 LP80 NP1-2,SJC001,LP80,NP1-2,SJC001 LP80,Greenhills Heights,MANILA,3,2,BARANGAY 817,,,14.5787,121.001518,,,,,,,16,2016-05-15,OSP
MNL004 LP81 NP7-8,MNL004,LP81,NP7-8,MNL004 LP81,Zamora Pandacan,MANILA,3,2,BARANGAY 817,,,14.578767,121.001728,,,,,,,16,2020-07-29,OSP
MNL004 LP82 NP1-2,MNL004,LP82,NP1-2,MNL004 LP82,Zamora Pandacan,MANILA,3,2,BARANGAY 817,,,14.578727,121.001097,,,,,,,16,2019-09-30,OSP
MNL004 LP777 NP1-2,MNL004,LP777,NP1-2,MNL004 LP777,Zamora Pandacan,MANILA,3,2,BARANGAY 817,,,14.578806,121.00186,,,,,,,16,2023-06-05,OSP
MNL004 LP246 NP6-7-8,MNL004,LP246,NP6-7-8,MNL004 LP246,Zamora Pandacan,MANILA,3,2,BARANGAY 817,,,14.578702,121.00109,,,,,,,24,2021-06-25,OSP
MNL004 LP247 NP1-2,MNL004,LP247,NP1-2,MNL004 LP247,Zamora Pandacan,MANILA,3,2,BARANGAY 817,,,14.578823,121.001833,,,,,,,16,2021-06-25,OSP
MNL034 LP130 NP6-7-8,MNL034,LP130,NP6-7-8,MNL034 LP130,Benitez,MANILA,3,2,BARANGAY 818,,,14.581796,121.003753,,,,,,,24,2020-08-28,OSP
MNL034 LP131 NP1-2-3,MNL034,LP131,NP1-2-3,MNL034 LP131,Benitez,MANILA,3,2,BARANGAY 818,,,14.581559,121.003725,,,,,,,24,2020-08-28,OSP
MNL034 LP131 NP4-5-6,MNL034,LP131,NP4-5-6,MNL034 LP131,Benitez,MANILA,3,2,BARANGAY 818,,,14.581365,121.003828,,,,,,,24,2020-08-28,OSP
MNL034 LP131 NP7-8,MNL034,LP131,NP7-8,MNL034 LP131,Benitez,MANILA,3,2,BARANGAY 818,,,14.581238,121.004169,,,,,,,16,2020-08-28,OSP
MNL004 LP764 NP6-8,MNL004,LP764,NP6-8,MNL004 LP764,Zamora Pandacan,MANILA,3,2,BARANGAY 818,,,14.581797,121.003746,,,,,,,24,2023-06-05,OSP
MNL004 LP765 NP1-2,MNL004,LP765,NP1-2,MNL004 LP765,Zamora Pandacan,MANILA,3,2,BARANGAY 818,,,14.581729,121.00344,,,,,,,16,2023-06-05,OSP
MNL004 LP765 NP3-5,MNL004,LP765,NP3-5,MNL004 LP765,Zamora Pandacan,MANILA,3,2,BARANGAY 818,,,14.581908,121.003398,,,,,,,24,2023-06-05,OSP
MNL004 LP765 NP6-8,MNL004,LP765,NP6-8,MNL004 LP765,Zamora Pandacan,MANILA,3,2,BARANGAY 818,,,14.581528,121.003482,,,,,,,24,2023-06-05,OSP
MNL004 LP766 NP1-2,MNL004,LP766,NP1-2,MNL004 LP766,Zamora Pandacan,MANILA,3,2,BARANGAY 818,,,14.581597,121.003906,,,,,,,16,2023-06-05,OSP
MNL004 LP766 NP3-5,MNL004,LP766,NP3-5,MNL004 LP766,Zamora Pandacan,MANILA,3,2,BARANGAY 818,,,14.581329,121.003517,,,,,,,24,2023-06-05,OSP
MNL004 LP766 NP6-8,MNL004,LP766,NP6-8,MNL004 LP766,Zamora Pandacan,MANILA,3,2,BARANGAY 818,,,14.581424,121.004049,,,,,,,24,2023-06-05,OSP
MNL004 LP767 NP1-2,MNL004,LP767,NP1-2,MNL004 LP767,Zamora Pandacan,MANILA,3,2,BARANGAY 818,,,14.581078,121.003582,,,,,,,16,2023-06-05,OSP
MNL004 LP767 NP3-5,MNL004,LP767,NP3-5,MNL004 LP767,Zamora Pandacan,MANILA,3,2,BARANGAY 818,,,14.581116,121.003833,,,,,,,24,2023-06-05,OSP
MNL004 LP767 NP6-8,MNL004,LP767,NP6-8,MNL004 LP767,Zamora Pandacan,MANILA,3,2,BARANGAY 818,,,14.581238,121.004135,,,,,,,24,2023-06-05,OSP
MNL004 LP28 NP1-2,MNL004,LP28,NP1-2,MNL004 LP28,Zamora Pandacan,MANILA,3,2,BARANGAY 818,,,14.58133462,121.0035071,,,,,,,16,2019-10-04,OSP
MNL004 LP28 NP3-4,MNL004,LP28,NP3-4,MNL004 LP28,Zamora Pandacan,MANILA,3,2,BARANGAY 818,,,14.58150173,121.003482,,,,,,,16,2019-10-04,OSP
MNL004 LP28 NP5-6,MNL004,LP28,NP5-6,MNL004 LP28,Zamora Pandacan,MANILA,3,2,BARANGAY 818,,,14.58173859,121.0034281,,,,,,,16,2019-10-04,OSP
MNL004 LP28 NP7-8,MNL004,LP28,NP7-8,MNL004 LP28,Zamora Pandacan,MANILA,3,2,BARANGAY 818,,,14.58191388,121.0033981,,,,,,,16,2019-10-04,OSP
MNL034 LP129 NP7-8,MNL034,LP129,NP7-8,MNL034 LP129,Benitez,MANILA,3,2,BARANGAY 818-A,,,14.581312,121.004384,,,,,,,16,2020-08-28,OSP
MNL034 LP130 NP1-2,MNL034,LP130,NP1-2,MNL034 LP130,Benitez,MANILA,3,2,BARANGAY 818-A,,,14.581577,121.004367,,,,,,,16,2020-08-28,OSP
MNL034 LP130 NP3-4-5,MNL034,LP130,NP3-4-5,MNL034 LP130,Benitez,MANILA,3,2,BARANGAY 818-A,,,14.58188,121.004349,,,,,,,24,2020-08-28,OSP
MNL004 LP764 NP3-5,MNL004,LP764,NP3-5,MNL004 LP764,Zamora Pandacan,MANILA,3,2,BARANGAY 818-A,,,14.58185,121.004007,,,,,,,24,2023-06-05,OSP
MNL004 LP762 NP6-8,MNL004,LP762,NP6-8,MNL004 LP762,Zamora Pandacan,MANILA,3,2,BARANGAY 818-A,,,14.581089,121.004652,,,,,,,24,2023-06-05,OSP
MNL004 LP763 NP3-5,MNL004,LP763,NP3-5,MNL004 LP763,Zamora Pandacan,MANILA,3,2,BARANGAY 818-A,,,14.581317,121.004386,,,,,,,24,2023-06-05,OSP
MNL004 LP763 NP6-8,MNL004,LP763,NP6-8,MNL004 LP763,Zamora Pandacan,MANILA,3,2,BARANGAY 818-A,,,14.581557,121.004379,,,,,,,24,2023-06-05,OSP
MNL004 LP764 NP1-2,MNL004,LP764,NP1-2,MNL004 LP764,Zamora Pandacan,MANILA,3,2,BARANGAY 818-A,,,14.581887,121.004353,,,,,,,16,2023-06-05,OSP
MNL034 LP127 NP7-8,MNL034,LP127,NP7-8,MNL034 LP127,Benitez,MANILA,3,2,BARANGAY 819,,,14.580319,121.003997,,,,,,,16,2020-08-28,OSP
MNL034 LP128 NP1-2-3,MNL034,LP128,NP1-2-3,MNL034 LP128,Benitez,MANILA,3,2,BARANGAY 819,,,14.580536,121.004016,,,,,,,24,2020-08-28,OSP
MNL034 LP128 NP4-5-6,MNL034,LP128,NP4-5-6,MNL034 LP128,Benitez,MANILA,3,2,BARANGAY 819,,,14.580749,121.004033,,,,,,,24,2020-08-28,OSP
MNL034 LP128 NP7-8,MNL034,LP128,NP7-8,MNL034 LP128,Benitez,MANILA,3,2,BARANGAY 819,,,14.580894,121.003777,,,,,,,16,2020-08-28,OSP
MNL034 LP129 NP1-2-3,MNL034,LP129,NP1-2-3,MNL034 LP129,Benitez,MANILA,3,2,BARANGAY 819,,,14.581025,121.00434,,,,,,,24,2020-08-28,OSP
MNL034 LP129 NP4-5-6,MNL034,LP129,NP4-5-6,MNL034 LP129,Benitez,MANILA,3,2,BARANGAY 819,,,14.581255,121.00462,,,,,,,24,2020-08-28,OSP
MNL034 LP126 NP7-8,MNL034,LP126,NP7-8,MNL034 LP126,Benitez,MANILA,3,2,BARANGAY 819,,,14.579904,121.004246,,,,,,,16,2020-08-28,OSP
MNL034 LP127 NP4-5-6,MNL034,LP127,NP4-5-6,MNL034 LP127,Benitez,MANILA,3,2,BARANGAY 819,,,14.580082,121.004018,,,,,,,24,2020-08-28,OSP
MNL004 LP81 NP3-4,MNL004,LP81,NP3-4,MNL004 LP81,Zamora Pandacan,MANILA,3,2,BARANGAY 819,,,14.579283,121.003924,,,,,,,16,2019-09-30,OSP
MNL004 LP759 NP6-8,MNL004,LP759,NP6-8,MNL004 LP759,Zamora Pandacan,MANILA,3,2,BARANGAY 819,,,14.580347,121.004355,,,,,,,24,2023-06-05,OSP
MNL004 LP760 NP3-5,MNL004,LP760,NP3-5,MNL004 LP760,Zamora Pandacan,MANILA,3,2,BARANGAY 819,,,14.580512,121.003956,,,,,,,24,2023-06-05,OSP
MNL004 LP760 NP6-8,MNL004,LP760,NP6-8,MNL004 LP760,Zamora Pandacan,MANILA,3,2,BARANGAY 819,,,14.580572,121.004351,,,,,,,24,2023-06-05,OSP
MNL004 LP761 NP6-8,MNL004,LP761,NP6-8,MNL004 LP761,Zamora Pandacan,MANILA,3,2,BARANGAY 819,,,14.580902,121.003788,,,,,,,24,2023-06-05,OSP
MNL004 LP762 NP1-2,MNL004,LP762,NP1-2,MNL004 LP762,Zamora Pandacan,MANILA,3,2,BARANGAY 819,,,14.580964,121.004078,,,,,,,16,2023-06-05,OSP
MNL004 LP762 NP3-5,MNL004,LP762,NP3-5,MNL004 LP762,Zamora Pandacan,MANILA,3,2,BARANGAY 819,,,14.581017,121.004342,,,,,,,24,2023-06-05,OSP
MNL004 LP763 NP1-2,MNL004,LP763,NP1-2,MNL004 LP763,Zamora Pandacan,MANILA,3,2,BARANGAY 819,,,14.581237,121.00463,,,,,,,16,2023-06-05,OSP
MNL004 LP757 NP1-2,MNL004,LP757,NP1-2,MNL004 LP757,Zamora Pandacan,MANILA,3,2,BARANGAY 819,,,14.579245,121.003907,,,,,,,16,2023-06-05,OSP
MNL004 LP247 NP6-7-8,MNL004,LP247,NP6-7-8,MNL004 LP247,Zamora Pandacan,MANILA,3,2,BARANGAY 819,,,14.579259,121.003916,,,,,,,24,2021-06-25,OSP
MNL004 LP26 NP1-2,MNL004,LP26,NP1-2,MNL004 LP26,Zamora Pandacan,MANILA,3,2,BARANGAY 819,,,14.57940576,121.0038767,,,,,,,16,2019-10-04,OSP
MNL034 LP106 NP1-2,MNL034,LP106,NP1-2,MNL034 LP106,Benitez,MANILA,3,2,BARANGAY 820,,,14.579169,121.003544,,,,,,,16,2020-06-22,OSP
MNL034 LP126 NP1-2-3,MNL034,LP126,NP1-2-3,MNL034 LP126,Benitez,MANILA,3,2,BARANGAY 820,,,14.579506,121.003469,,,,,,,24,2020-08-28,OSP
MNL034 LP126 NP4-5-6,MNL034,LP126,NP4-5-6,MNL034 LP126,Benitez,MANILA,3,2,BARANGAY 820,,,14.57975,121.003415,,,,,,,24,2020-08-28,OSP
MNL034 LP127 NP1-2-3,MNL034,LP127,NP1-2-3,MNL034 LP127,Benitez,MANILA,3,2,BARANGAY 820,,,14.579952,121.003384,,,,,,,24,2020-08-28,OSP
MNL004 LP759 NP1-2,MNL004,LP759,NP1-2,MNL004 LP759,Zamora Pandacan,MANILA,3,2,BARANGAY 820,,,14.580014,121.003751,,,,,,,16,2023-06-05,OSP
MNL004 LP759 NP3-5,MNL004,LP759,NP3-5,MNL004 LP759,Zamora Pandacan,MANILA,3,2,BARANGAY 820,,,14.580252,121.003706,,,,,,,24,2023-06-05,OSP
MNL004 LP760 NP1-2,MNL004,LP760,NP1-2,MNL004 LP760,Zamora Pandacan,MANILA,3,2,BARANGAY 820,,,14.580449,121.00367,,,,,,,16,2023-06-05,OSP
MNL004 LP761 NP1-2,MNL004,LP761,NP1-2,MNL004 LP761,Zamora Pandacan,MANILA,3,2,BARANGAY 820,,,14.58068,121.00365,,,,,,,16,2023-06-05,OSP
MNL004 LP761 NP3-5,MNL004,LP761,NP3-5,MNL004 LP761,Zamora Pandacan,MANILA,3,2,BARANGAY 820,,,14.580868,121.003612,,,,,,,24,2023-06-05,OSP
MNL004 LP757 NP3-5,MNL004,LP757,NP3-5,MNL004 LP757,Zamora Pandacan,MANILA,3,2,BARANGAY 820,,,14.579612,121.003821,,,,,,,24,2023-06-05,OSP
MNL004 LP757 NP6-8,MNL004,LP757,NP6-8,MNL004 LP757,Zamora Pandacan,MANILA,3,2,BARANGAY 820,,,14.57982,121.003782,,,,,,,24,2023-06-05,OSP
MNL004 LP758 NP1-2,MNL004,LP758,NP1-2,MNL004 LP758,Zamora Pandacan,MANILA,3,2,BARANGAY 820,,,14.579755,121.003454,,,,,,,16,2023-06-05,OSP
MNL004 LP758 NP3-5,MNL004,LP758,NP3-5,MNL004 LP758,Zamora Pandacan,MANILA,3,2,BARANGAY 820,,,14.57949,121.0035,,,,,,,24,2023-06-05,OSP
MNL004 LP758 NP6-8,MNL004,LP758,NP6-8,MNL004 LP758,Zamora Pandacan,MANILA,3,2,BARANGAY 820,,,14.57994,121.003411,,,,,,,24,2023-06-05,OSP
MNL004 LP27 NP1-2,MNL004,LP27,NP1-2,MNL004 LP27,Zamora Pandacan,MANILA,3,2,BARANGAY 820,,,14.5802573,121.00371,,,,,,,16,2019-10-04,OSP
MNL004 LP27 NP3-4,MNL004,LP27,NP3-4,MNL004 LP27,Zamora Pandacan,MANILA,3,2,BARANGAY 820,,,14.58046543,121.0036728,,,,,,,16,2019-10-04,OSP
MNL004 LP27 NP5-6,MNL004,LP27,NP5-6,MNL004 LP27,Zamora Pandacan,MANILA,3,2,BARANGAY 820,,,14.58067529,121.0036351,,,,,,,16,2019-10-04,OSP
MNL004 LP27 NP7-8,MNL004,LP27,NP7-8,MNL004 LP27,Zamora Pandacan,MANILA,3,2,BARANGAY 820,,,14.58087642,121.0035951,,,,,,,16,2019-10-04,OSP
MNL004 LP26 NP3-4,MNL004,LP26,NP3-4,MNL004 LP26,Zamora Pandacan,MANILA,3,2,BARANGAY 820,,,14.57962398,121.0038165,,,,,,,16,2019-10-04,OSP
MNL004 LP26 NP5-6,MNL004,LP26,NP5-6,MNL004 LP26,Zamora Pandacan,MANILA,3,2,BARANGAY 820,,,14.5798209,121.003749,,,,,,,16,2019-10-04,OSP
MNL004 LP26 NP7-8,MNL004,LP26,NP7-8,MNL004 LP26,Zamora Pandacan,MANILA,3,2,BARANGAY 820,,,14.57999416,121.003724,,,,,,,16,2019-10-04,OSP
MNL001 LP376 NP7-8,MNL001,LP376,NP7-8,MNL001 LP376,Zen Tower,MANILA,3,2,BARANGAY 821,,,14.58317,120.999294,,,,,,,16,2020-07-16,OSP
MNL001 LP373 NP1-2,MNL001,LP373,NP1-2,MNL001 LP373,Zen Tower,MANILA,3,2,BARANGAY 821,,,14.583204,120.998238,,,,,,,16,2020-07-16,OSP
MNL001 LP373 NP3-4,MNL001,LP373,NP3-4,MNL001 LP373,Zen Tower,MANILA,3,2,BARANGAY 821,,,14.582986,120.998524,,,,,,,16,2020-07-16,OSP
MNL001 LP373 NP5-6,MNL001,LP373,NP5-6,MNL001 LP373,Zen Tower,MANILA,3,2,BARANGAY 821,,,14.583015,120.99882,,,,,,,16,2020-07-16,OSP
MNL001 LP373 NP7-8,MNL001,LP373,NP7-8,MNL001 LP373,Zen Tower,MANILA,3,2,BARANGAY 821,,,14.583148,120.998997,,,,,,,16,2020-07-16,OSP
MNL034 LP431 NP6-8,MNL034,LP431,NP6-8,MNL034 LP431,Benitez,MANILA,3,2,BARANGAY 822,,,14.58371,120.99911,,,,,,,24,2023-06-06,OSP
MNL034 LP432 NP1-2,MNL034,LP432,NP1-2,MNL034 LP432,Benitez,MANILA,3,2,BARANGAY 822,,,14.583869,120.99929,,,,,,,16,2023-06-06,OSP
MNL034 LP432 NP3-5,MNL034,LP432,NP3-5,MNL034 LP432,Benitez,MANILA,3,2,BARANGAY 822,,,14.584018,120.99913,,,,,,,24,2023-06-06,OSP
MNL034 LP432 NP6-8,MNL034,LP432,NP6-8,MNL034 LP432,Benitez,MANILA,3,2,BARANGAY 822,,,14.583996,120.99944,,,,,,,24,2023-06-06,OSP
MNL004 LP292 NP6-7-8,MNL004,LP292,NP6-7-8,MNL004 LP292,Zamora Pandacan,MANILA,3,2,BARANGAY 822,,,14.583815,120.999062,,,,,,,24,2021-06-25,OSP
MNL004 LP294 NP1-2,MNL004,LP294,NP1-2,MNL004 LP294,Zamora Pandacan,MANILA,3,2,BARANGAY 822,,,14.583875,120.999308,,,,,,,16,2021-06-25,OSP
MNL004 LP294 NP3-4-5,MNL004,LP294,NP3-4-5,MNL004 LP294,Zamora Pandacan,MANILA,3,2,BARANGAY 822,,,14.583991,120.999192,,,,,,,24,2021-06-25,OSP
MNL004 LP294 NP6-7-8,MNL004,LP294,NP6-7-8,MNL004 LP294,Zamora Pandacan,MANILA,3,2,BARANGAY 822,,,14.584202,120.999752,,,,,,,24,2021-06-25,OSP
MNL001 LP374 NP1-2,MNL001,LP374,NP1-2,MNL001 LP374,Zen Tower,MANILA,3,2,BARANGAY 822,,,14.583726,120.999139,,,,,,,16,2020-07-16,OSP
MNL001 LP374 NP3-4,MNL001,LP374,NP3-4,MNL001 LP374,Zen Tower,MANILA,3,2,BARANGAY 822,,,14.584083,120.999584,,,,,,,16,2020-07-16,OSP
MNL001 LP374 NP5-6,MNL001,LP374,NP5-6,MNL001 LP374,Zen Tower,MANILA,3,2,BARANGAY 822,,,14.584254,120.999808,,,,,,,16,2020-07-16,OSP
MNL001 LP374 NP7-8,MNL001,LP374,NP7-8,MNL001 LP374,Zen Tower,MANILA,3,2,BARANGAY 822,,,14.584105,120.999894,,,,,,,16,2020-07-16,OSP
MNL001 LP375 NP1-2,MNL001,LP375,NP1-2,MNL001 LP375,Zen Tower,MANILA,3,2,BARANGAY 822,,,14.584022,120.999805,,,,,,,16,2020-07-16,OSP
MNL004 LP491 NP6-8,MNL004,LP491,NP6-8,MNL004 LP491,Zamora Pandacan,MANILA,3,2,BARANGAY 823,,,14.583695,121.000623,,,,,,,24,2021-08-30,OSP
MNL004 LP492 NP1-2,MNL004,LP492,NP1-2,MNL004 LP492,Zamora Pandacan,MANILA,3,2,BARANGAY 823,,,14.58362,121.000635,,,,,,,16,2021-08-30,OSP
MNL004 LP492 NP3-5,MNL004,LP492,NP3-5,MNL004 LP492,Zamora Pandacan,MANILA,3,2,BARANGAY 823,,,14.583618,121.00064,,,,,,,24,2021-08-30,OSP
MNL004 LP492 NP6-8,MNL004,LP492,NP6-8,MNL004 LP492,Zamora Pandacan,MANILA,3,2,BARANGAY 823,,,14.583616,121.000638,,,,,,,24,2021-08-30,OSP
MNL004 LP493 NP1-2,MNL004,LP493,NP1-2,MNL004 LP493,Zamora Pandacan,MANILA,3,2,BARANGAY 823,,,14.583326,121.000908,,,,,,,16,2021-08-30,OSP
MNL004 LP491 NP1-2,MNL004,LP491,NP1-2,MNL004 LP491,Zamora Pandacan,MANILA,3,2,BARANGAY 823,,,14.58369,121.000614,,,,,,,16,2021-08-30,OSP
MNL004 LP491 NP3-5,MNL004,LP491,NP3-5,MNL004 LP491,Zamora Pandacan,MANILA,3,2,BARANGAY 823,,,14.583695,121.000618,,,,,,,24,2021-08-30,OSP
MNL001 LP383 NP3-4,MNL001,LP383,NP3-4,MNL001 LP383,Zen Tower,MANILA,3,2,BARANGAY 823,,,14.583573,121.000675,,,,,,,16,2020-10-26,OSP
MNL001 LP383 NP5-6,MNL001,LP383,NP5-6,MNL001 LP383,Zen Tower,MANILA,3,2,BARANGAY 823,,,14.583472,121.000775,,,,,,,16,2020-10-26,OSP
MNL001 LP383 NP7-8,MNL001,LP383,NP7-8,MNL001 LP383,Zen Tower,MANILA,3,2,BARANGAY 823,,,14.583388,121.000847,,,,,,,16,2020-10-26,OSP
MNL001 LP384 NP1-2,MNL001,LP384,NP1-2,MNL001 LP384,Zen Tower,MANILA,3,2,BARANGAY 823,,,14.583287,121.000987,,,,,,,16,2020-10-26,OSP
MNL001 LP375 NP7-8,MNL001,LP375,NP7-8,MNL001 LP375,Zen Tower,MANILA,3,2,BARANGAY 823,,,14.583391,121.000291,,,,,,,16,2020-07-16,OSP
MNL001 LP376 NP1-2,MNL001,LP376,NP1-2,MNL001 LP376,Zen Tower,MANILA,3,2,BARANGAY 823,,,14.583636,120.999835,,,,,,,16,2020-07-16,OSP
MNL001 LP376 NP3-4,MNL001,LP376,NP3-4,MNL001 LP376,Zen Tower,MANILA,3,2,BARANGAY 823,,,14.583501,120.999666,,,,,,,16,2020-07-16,OSP
MNL001 LP376 NP5-6,MNL001,LP376,NP5-6,MNL001 LP376,Zen Tower,MANILA,3,2,BARANGAY 823,,,14.583377,120.999489,,,,,,,16,2020-07-16,OSP
MNL001 LP377 NP1-2,MNL001,LP377,NP1-2,MNL001 LP377,Zen Tower,MANILA,3,2,BARANGAY 823,,,14.583196,121.000509,,,,,,,16,2020-07-16,OSP
MNL001 LP377 NP3-4,MNL001,LP377,NP3-4,MNL001 LP377,Zen Tower,MANILA,3,2,BARANGAY 823,,,14.58295,121.00079,,,,,,,16,2020-07-16,OSP
MNL001 LP375 NP3-4,MNL001,LP375,NP3-4,MNL001 LP375,Zen Tower,MANILA,3,2,BARANGAY 823,,,14.583744,120.999984,,,,,,,16,2020-07-16,OSP
MNL001 LP375 NP5-6,MNL001,LP375,NP5-6,MNL001 LP375,Zen Tower,MANILA,3,2,BARANGAY 823,,,14.583597,121.000097,,,,,,,16,2020-07-16,OSP
MNL034 LP425 NP1-2,MNL034,LP425,NP1-2,MNL034 LP425,Benitez,MANILA,3,2,BARANGAY 824,,,14.58248,120.99945,,,,,,,16,2023-06-06,OSP
MNL034 LP425 NP3-5,MNL034,LP425,NP3-5,MNL034 LP425,Benitez,MANILA,3,2,BARANGAY 824,,,14.58248,120.99945,,,,,,,24,2023-06-06,OSP
MNL034 LP425 NP6-8,MNL034,LP425,NP6-8,MNL034 LP425,Benitez,MANILA,3,2,BARANGAY 824,,,14.582413,120.99955,,,,,,,24,2023-06-06,OSP
MNL034 LP426 NP1-2,MNL034,LP426,NP1-2,MNL034 LP426,Benitez,MANILA,3,2,BARANGAY 824,,,14.582413,120.99955,,,,,,,16,2023-06-06,OSP
MNL034 LP426 NP3-5,MNL034,LP426,NP3-5,MNL034 LP426,Benitez,MANILA,3,2,BARANGAY 824,,,14.582373,120.99962,,,,,,,24,2023-06-06,OSP
MNL034 LP426 NP6-8,MNL034,LP426,NP6-8,MNL034 LP426,Benitez,MANILA,3,2,BARANGAY 824,,,14.582373,120.99962,,,,,,,24,2023-06-06,OSP
MNL034 LP427 NP1-2,MNL034,LP427,NP1-2,MNL034 LP427,Benitez,MANILA,3,2,BARANGAY 824,,,14.582677,120.99957,,,,,,,16,2023-06-06,OSP
MNL034 LP427 NP3-5,MNL034,LP427,NP3-5,MNL034 LP427,Benitez,MANILA,3,2,BARANGAY 824,,,14.582677,120.99957,,,,,,,24,2023-06-06,OSP
MNL034 LP427 NP6-8,MNL034,LP427,NP6-8,MNL034 LP427,Benitez,MANILA,3,2,BARANGAY 824,,,14.582845,120.99968,,,,,,,24,2023-06-06,OSP
MNL034 LP428 NP1-2,MNL034,LP428,NP1-2,MNL034 LP428,Benitez,MANILA,3,2,BARANGAY 824,,,14.582845,120.99968,,,,,,,16,2023-06-06,OSP
MNL034 LP428 NP3-5,MNL034,LP428,NP3-5,MNL034 LP428,Benitez,MANILA,3,2,BARANGAY 824,,,14.582993,120.99964,,,,,,,24,2023-06-06,OSP
MNL034 LP428 NP6-8,MNL034,LP428,NP6-8,MNL034 LP428,Benitez,MANILA,3,2,BARANGAY 824,,,14.582993,120.99964,,,,,,,24,2023-06-06,OSP
MNL034 LP433 NP6-8,MNL034,LP433,NP6-8,MNL034 LP433,Benitez,MANILA,3,2,BARANGAY 826,,,14.58448,120.99903,,,,,,,24,2023-06-06,OSP
MNL034 LP434 NP1-2,MNL034,LP434,NP1-2,MNL034 LP434,Benitez,MANILA,3,2,BARANGAY 826,,,14.585042,120.99845,,,,,,,16,2023-06-06,OSP
MNL034 LP434 NP3-5,MNL034,LP434,NP3-5,MNL034 LP434,Benitez,MANILA,3,2,BARANGAY 826,,,14.585116,120.99862,,,,,,,24,2023-06-06,OSP
MNL034 LP434 NP6-8,MNL034,LP434,NP6-8,MNL034 LP434,Benitez,MANILA,3,2,BARANGAY 826,,,14.585209,120.99875,,,,,,,24,2023-06-06,OSP
MNL034 LP435 NP1-2,MNL034,LP435,NP1-2,MNL034 LP435,Benitez,MANILA,3,2,BARANGAY 826,,,14.585244,120.99815,,,,,,,16,2023-06-06,OSP
MNL034 LP435 NP3-5,MNL034,LP435,NP3-5,MNL034 LP435,Benitez,MANILA,3,2,BARANGAY 826,,,14.585344,120.99849,,,,,,,24,2023-06-06,OSP
MNL034 LP435 NP6-8,MNL034,LP435,NP6-8,MNL034 LP435,Benitez,MANILA,3,2,BARANGAY 826,,,14.584365,120.99854,,,,,,,24,2023-06-06,OSP
MNL034 LP431 NP3-5,MNL034,LP431,NP3-5,MNL034 LP431,Benitez,MANILA,3,2,BARANGAY 826,,,14.584033,120.99883,,,,,,,24,2023-06-06,OSP
MNL034 LP433 NP1-2,MNL034,LP433,NP1-2,MNL034 LP433,Benitez,MANILA,3,2,BARANGAY 826,,,14.584226,120.99896,,,,,,,16,2023-06-06,OSP
MNL034 LP433 NP3-5,MNL034,LP433,NP3-5,MNL034 LP433,Benitez,MANILA,3,2,BARANGAY 826,,,14.584353,120.99914,,,,,,,24,2023-06-06,OSP
MNL004 LP295 NP1-2,MNL004,LP295,NP1-2,MNL004 LP295,Zamora Pandacan,MANILA,3,2,BARANGAY 826,,,14.58447,120.999198,,,,,,,16,2021-06-25,OSP
MNL004 LP295 NP3-4-5,MNL004,LP295,NP3-4-5,MNL004 LP295,Zamora Pandacan,MANILA,3,2,BARANGAY 826,,,14.58467,120.999491,,,,,,,24,2021-06-25,OSP
MNL004 LP295 NP6-7-8,MNL004,LP295,NP6-7-8,MNL004 LP295,Zamora Pandacan,MANILA,3,2,BARANGAY 826,,,14.58442,120.998733,,,,,,,24,2021-06-25,OSP
MNL004 LP296 NP1-2,MNL004,LP296,NP1-2,MNL004 LP296,Zamora Pandacan,MANILA,3,2,BARANGAY 826,,,14.584883,120.998403,,,,,,,16,2021-06-25,OSP
MNL004 LP296 NP3-4-5,MNL004,LP296,NP3-4-5,MNL004 LP296,Zamora Pandacan,MANILA,3,2,BARANGAY 826,,,14.58511,120.998561,,,,,,,24,2021-06-25,OSP
MNL004 LP296 NP6-7-8,MNL004,LP296,NP6-7-8,MNL004 LP296,Zamora Pandacan,MANILA,3,2,BARANGAY 826,,,14.585225,120.998751,,,,,,,24,2021-06-25,OSP
MNL004 LP297 NP1-2,MNL004,LP297,NP1-2,MNL004 LP297,Zamora Pandacan,MANILA,3,2,BARANGAY 826,,,14.585229,120.998218,,,,,,,16,2021-06-25,OSP
MNL004 LP297 NP3-4-5,MNL004,LP297,NP3-4-5,MNL004 LP297,Zamora Pandacan,MANILA,3,2,BARANGAY 826,,,14.585353,120.998466,,,,,,,24,2021-06-25,OSP
MNL004 LP298 NP6-7-8,MNL004,LP298,NP6-7-8,MNL004 LP298,Zamora Pandacan,MANILA,3,2,BARANGAY 826,,,14.584283,120.998617,,,,,,,24,2021-06-25,OSP
MNL001 LP270 NP1-2,MNL001,LP270,NP1-2,MNL001 LP270,Zen Tower,MANILA,3,2,BARANGAY 826,,,14.58452271,120.9992577,,,,,,,16,2019-08-02,OSP
MNL001 LP404 NP3-4-5,MNL001,LP404,NP3-4-5,MNL001 LP404,Zen Tower,MANILA,3,2,BARANGAY 826,,,14.585061,120.998049,,,,,,,24,2021-06-25,OSP
MNL001 LP404 NP6-7-8,MNL001,LP404,NP6-7-8,MNL001 LP404,Zen Tower,MANILA,3,2,BARANGAY 826,,,14.584929,120.998375,,,,,,,24,2021-06-25,OSP
MNL001 LP405 NP1-2,MNL001,LP405,NP1-2,MNL001 LP405,Zen Tower,MANILA,3,2,BARANGAY 826,,,14.584674,120.998567,,,,,,,16,2021-06-25,OSP
MNL001 LP405 NP3-4-5,MNL001,LP405,NP3-4-5,MNL001 LP405,Zen Tower,MANILA,3,2,BARANGAY 826,,,14.584439,120.998749,,,,,,,24,2021-06-25,OSP
MNL001 LP405 NP6-7-8,MNL001,LP405,NP6-7-8,MNL001 LP405,Zen Tower,MANILA,3,2,BARANGAY 826,,,14.584723,120.999135,,,,,,,24,2021-06-25,OSP
MNL001 LP406 NP1-2,MNL001,LP406,NP1-2,MNL001 LP406,Zen Tower,MANILA,3,2,BARANGAY 826,,,14.58506,120.998484,,,,,,,16,2021-06-25,OSP
MNL001 LP406 NP3-4-5,MNL001,LP406,NP3-4-5,MNL001 LP406,Zen Tower,MANILA,3,2,BARANGAY 826,,,14.585359,120.998495,,,,,,,24,2021-06-25,OSP
MNL001 LP189 NP3-4,MNL001,LP189,NP3-4,MNL001 LP189,Zen Tower,MANILA,3,2,BARANGAY 826,,,14.58427036,120.9989227,,,,,,,16,2019-05-04,OSP
MNL001 LP189 NP5-6,MNL001,LP189,NP5-6,MNL001 LP189,Zen Tower,MANILA,3,2,BARANGAY 826,,,14.58442239,120.9987423,,,,,,,16,2019-05-04,OSP
MNL001 LP190 NP1-2,MNL001,LP190,NP1-2,MNL001 LP190,Zen Tower,MANILA,3,2,BARANGAY 826,,,14.58516005,120.9982145,,,,,,,16,2019-05-04,OSP
MNL001 LP190 NP5-6,MNL001,LP190,NP5-6,MNL001 LP190,Zen Tower,MANILA,3,2,BARANGAY 826,,,14.58493,120.998374,,,,,,,16,2020-07-29,OSP
MNL001 LP190 NP7-8,MNL001,LP190,NP7-8,MNL001 LP190,Zen Tower,MANILA,3,2,BARANGAY 826,,,14.584671,120.998565,,,,,,,16,2020-07-29,OSP
MNL034 LP436 NP1-2,MNL034,LP436,NP1-2,MNL034 LP436,Benitez,MANILA,3,2,BARANGAY 827,,,14.585596,120.99801,,,,,,,16,2023-06-06,OSP
MNL034 LP436 NP3-5,MNL034,LP436,NP3-5,MNL034 LP436,Benitez,MANILA,3,2,BARANGAY 827,,,14.585597,120.99826,,,,,,,24,2023-06-06,OSP
MNL034 LP436 NP6-8,MNL034,LP436,NP6-8,MNL034 LP436,Benitez,MANILA,3,2,BARANGAY 827,,,14.585721,120.99797,,,,,,,24,2023-06-06,OSP
MNL034 LP438 NP1-2,MNL034,LP438,NP1-2,MNL034 LP438,Benitez,MANILA,3,2,BARANGAY 827,,,14.586144,120.99795,,,,,,,16,2023-06-06,OSP
MNL034 LP429 NP3-5,MNL034,LP429,NP3-5,MNL034 LP429,Benitez,MANILA,3,2,BARANGAY 827,,,14.584171,120.99812,,,,,,,24,2023-06-06,OSP
MNL034 LP429 NP6-8,MNL034,LP429,NP6-8,MNL034 LP429,Benitez,MANILA,3,2,BARANGAY 827,,,14.584427,120.99794,,,,,,,24,2023-06-06,OSP
MNL034 LP430 NP1-2,MNL034,LP430,NP1-2,MNL034 LP430,Benitez,MANILA,3,2,BARANGAY 827,,,14.584634,120.99776,,,,,,,16,2023-06-06,OSP
MNL034 LP430 NP3-5,MNL034,LP430,NP3-5,MNL034 LP430,Benitez,MANILA,3,2,BARANGAY 827,,,14.584877,120.99758,,,,,,,24,2023-06-06,OSP
MNL034 LP430 NP6-8,MNL034,LP430,NP6-8,MNL034 LP430,Benitez,MANILA,3,2,BARANGAY 827,,,14.585499,120.99726,,,,,,,24,2023-06-06,OSP
MNL034 LP431 NP1-2,MNL034,LP431,NP1-2,MNL034 LP431,Benitez,MANILA,3,2,BARANGAY 827,,,14.583984,120.99873,,,,,,,16,2023-06-06,OSP
MNL034 LP424 NP1-2,MNL034,LP424,NP1-2,MNL034 LP424,Benitez,MANILA,3,2,BARANGAY 827,,,14.583002,120.99754,,,,,,,16,2023-06-06,OSP
MNL034 LP424 NP3-5,MNL034,LP424,NP3-5,MNL034 LP424,Benitez,MANILA,3,2,BARANGAY 827,,,14.583493,120.99826,,,,,,,24,2023-06-06,OSP
MNL034 LP424 NP6-8,MNL034,LP424,NP6-8,MNL034 LP424,Benitez,MANILA,3,2,BARANGAY 827,,,14.583621,120.99839,,,,,,,24,2023-06-06,OSP
MNL034 LP429 NP1-2,MNL034,LP429,NP1-2,MNL034 LP429,Benitez,MANILA,3,2,BARANGAY 827,,,14.583926,120.99831,,,,,,,16,2023-06-06,OSP
MNL004 LP290 NP1-2,MNL004,LP290,NP1-2,MNL004 LP290,Zamora Pandacan,MANILA,3,2,BARANGAY 827,,,14.583997,120.995791,,,,,,,16,2021-06-25,OSP
MNL004 LP290 NP3-4-5,MNL004,LP290,NP3-4-5,MNL004 LP290,Zamora Pandacan,MANILA,3,2,BARANGAY 827,,,14.58301,120.997033,,,,,,,24,2021-06-25,OSP
MNL004 LP290 NP6-7-8,MNL004,LP290,NP6-7-8,MNL004 LP290,Zamora Pandacan,MANILA,3,2,BARANGAY 827,,,14.584884,120.996936,,,,,,,24,2021-06-25,OSP
MNL004 LP291 NP1-2,MNL004,LP291,NP1-2,MNL004 LP291,Zamora Pandacan,MANILA,3,2,BARANGAY 827,,,14.583104,120.997693,,,,,,,16,2021-06-25,OSP
MNL004 LP291 NP3-4-5,MNL004,LP291,NP3-4-5,MNL004 LP291,Zamora Pandacan,MANILA,3,2,BARANGAY 827,,,14.583271,120.997953,,,,,,,24,2021-06-25,OSP
MNL004 LP291 NP6-7-8,MNL004,LP291,NP6-7-8,MNL004 LP291,Zamora Pandacan,MANILA,3,2,BARANGAY 827,,,14.583448,120.998125,,,,,,,24,2021-06-25,OSP
MNL004 LP292 NP1-2,MNL004,LP292,NP1-2,MNL004 LP292,Zamora Pandacan,MANILA,3,2,BARANGAY 827,,,14.58357,120.998236,,,,,,,16,2021-06-25,OSP
MNL004 LP292 NP3-4-5,MNL004,LP292,NP3-4-5,MNL004 LP292,Zamora Pandacan,MANILA,3,2,BARANGAY 827,,,14.584041,120.998684,,,,,,,24,2021-06-25,OSP
MNL004 LP293 NP1-2,MNL004,LP293,NP1-2,MNL004 LP293,Zamora Pandacan,MANILA,3,2,BARANGAY 827,,,14.584001,120.998228,,,,,,,16,2021-06-25,OSP
MNL004 LP293 NP3-4-5,MNL004,LP293,NP3-4-5,MNL004 LP293,Zamora Pandacan,MANILA,3,2,BARANGAY 827,,,14.584493,120.997898,,,,,,,24,2021-06-25,OSP
MNL004 LP293 NP6-7-8,MNL004,LP293,NP6-7-8,MNL004 LP293,Zamora Pandacan,MANILA,3,2,BARANGAY 827,,,14.584744,120.997713,,,,,,,24,2021-06-25,OSP
MNL004 LP300 NP1-2,MNL004,LP300,NP1-2,MNL004 LP300,Zamora Pandacan,MANILA,3,2,BARANGAY 827,,,14.586455,120.997864,,,,,,,16,2021-06-25,OSP
MNL004 LP300 NP3-4-5,MNL004,LP300,NP3-4-5,MNL004 LP300,Zamora Pandacan,MANILA,3,2,BARANGAY 827,,,14.586897,120.997788,,,,,,,24,2021-06-25,OSP
MNL004 LP297 NP6-7-8,MNL004,LP297,NP6-7-8,MNL004 LP297,Zamora Pandacan,MANILA,3,2,BARANGAY 827,,,14.585547,120.998068,,,,,,,24,2021-06-25,OSP
MNL004 LP298 NP1-2,MNL004,LP298,NP1-2,MNL004 LP298,Zamora Pandacan,MANILA,3,2,BARANGAY 827,,,14.584977,120.998042,,,,,,,16,2021-06-25,OSP
MNL004 LP298 NP3-4-5,MNL004,LP298,NP3-4-5,MNL004 LP298,Zamora Pandacan,MANILA,3,2,BARANGAY 827,,,14.584667,120.99829,,,,,,,24,2021-06-25,OSP
MNL004 LP299 NP1-2,MNL004,LP299,NP1-2,MNL004 LP299,Zamora Pandacan,MANILA,3,2,BARANGAY 827,,,14.585937,120.997943,,,,,,,16,2021-06-25,OSP
MNL001 LP378 NP1-2,MNL001,LP378,NP1-2,MNL001 LP378,Zen Tower,MANILA,3,2,BARANGAY 827,,,14.586445,120.997854,,,,,,,16,2020-07-16,OSP
MNL001 LP378 NP3-4,MNL001,LP378,NP3-4,MNL001 LP378,Zen Tower,MANILA,3,2,BARANGAY 827,,,14.586889,120.997783,,,,,,,16,2020-07-16,OSP
MNL001 LP404 NP1-2,MNL001,LP404,NP1-2,MNL001 LP404,Zen Tower,MANILA,3,2,BARANGAY 827,,,14.584481,120.998459,,,,,,,16,2021-06-25,OSP
MNL001 LP406 NP6-7-8,MNL001,LP406,NP6-7-8,MNL001 LP406,Zen Tower,MANILA,3,2,BARANGAY 827,,,14.585489,120.998071,,,,,,,24,2021-06-25,OSP
MNL001 LP407 NP1-2,MNL001,LP407,NP1-2,MNL001 LP407,Zen Tower,MANILA,3,2,BARANGAY 827,,,14.585795,120.997984,,,,,,,16,2021-06-25,OSP
MNL001 LP372 NP1-2,MNL001,LP372,NP1-2,MNL001 LP372,Zen Tower,MANILA,3,2,BARANGAY 827,,,14.583819,120.998505,,,,,,,16,2020-07-16,OSP
MNL001 LP372 NP3-4,MNL001,LP372,NP3-4,MNL001 LP372,Zen Tower,MANILA,3,2,BARANGAY 827,,,14.584517,120.997886,,,,,,,16,2020-07-16,OSP
MNL001 LP372 NP5-6,MNL001,LP372,NP5-6,MNL001 LP372,Zen Tower,MANILA,3,2,BARANGAY 827,,,14.584972,120.997543,,,,,,,16,2020-07-16,OSP
MNL001 LP372 NP7-8,MNL001,LP372,NP7-8,MNL001 LP372,Zen Tower,MANILA,3,2,BARANGAY 827,,,14.585523,120.997292,,,,,,,16,2020-07-16,OSP
MNL001 LP188 NP1-2,MNL001,LP188,NP1-2,MNL001 LP188,Zen Tower,MANILA,3,2,BARANGAY 827,,,14.58536565,120.9941346,,,,,,,16,2019-05-04,OSP
MNL001 LP188 NP3-4,MNL001,LP188,NP3-4,MNL001 LP188,Zen Tower,MANILA,3,2,BARANGAY 827,,,14.58402099,120.9957989,,,,,,,16,2019-05-04,OSP
MNL001 LP188 NP5-6,MNL001,LP188,NP5-6,MNL001 LP188,Zen Tower,MANILA,3,2,BARANGAY 827,,,14.58282182,120.9972789,,,,,,,16,2019-05-04,OSP
MNL001 LP188 NP7-8,MNL001,LP188,NP7-8,MNL001 LP188,Zen Tower,MANILA,3,2,BARANGAY 827,,,14.58456804,120.9969665,,,,,,,16,2019-05-04,OSP
MNL001 LP189 NP1-2,MNL001,LP189,NP1-2,MNL001 LP189,Zen Tower,MANILA,3,2,BARANGAY 827,,,14.58350774,120.998233,,,,,,,16,2019-05-04,OSP
MNL001 LP189 NP7-8,MNL001,LP189,NP7-8,MNL001 LP189,Zen Tower,MANILA,3,2,BARANGAY 827,,,14.58447395,120.9984621,,,,,,,16,2019-05-04,OSP
MNL001 LP190 NP3-4,MNL001,LP190,NP3-4,MNL001 LP190,Zen Tower,MANILA,3,2,BARANGAY 827,,,14.5857596,120.9979903,,,,,,,16,2019-05-04,OSP
MNL034 LP439 NP3-5,MNL034,LP439,NP3-5,MNL034 LP439,Benitez,MANILA,3,2,BARANGAY 828,,,14.587025,120.9982,,,,,,,24,2023-06-06,OSP
MNL034 LP439 NP6-8,MNL034,LP439,NP6-8,MNL034 LP439,Benitez,MANILA,3,2,BARANGAY 828,,,14.587025,120.9982,,,,,,,24,2023-06-06,OSP
MNL034 LP437 NP1-2,MNL034,LP437,NP1-2,MNL034 LP437,Benitez,MANILA,3,2,BARANGAY 828,,,14.585913,120.99826,,,,,,,16,2023-06-06,OSP
MNL034 LP437 NP3-5,MNL034,LP437,NP3-5,MNL034 LP437,Benitez,MANILA,3,2,BARANGAY 828,,,14.585935,120.99841,,,,,,,24,2023-06-06,OSP
MNL034 LP437 NP6-8,MNL034,LP437,NP6-8,MNL034 LP437,Benitez,MANILA,3,2,BARANGAY 828,,,14.586076,120.99842,,,,,,,24,2023-06-06,OSP
MNL034 LP438 NP3-5,MNL034,LP438,NP3-5,MNL034 LP438,Benitez,MANILA,3,2,BARANGAY 828,,,14.586447,120.99805,,,,,,,24,2023-06-06,OSP
MNL034 LP438 NP6-8,MNL034,LP438,NP6-8,MNL034 LP438,Benitez,MANILA,3,2,BARANGAY 828,,,14.586501,120.9983,,,,,,,24,2023-06-06,OSP
MNL034 LP439 NP1-2,MNL034,LP439,NP1-2,MNL034 LP439,Benitez,MANILA,3,2,BARANGAY 828,,,14.586807,120.99823,,,,,,,16,2023-06-06,OSP
MNL004 LP300 NP6-7-8,MNL004,LP300,NP6-7-8,MNL004 LP300,Zamora Pandacan,MANILA,3,2,BARANGAY 828,,,14.586488,120.998076,,,,,,,24,2021-06-25,OSP
MNL004 LP301 NP1-2,MNL004,LP301,NP1-2,MNL004 LP301,Zamora Pandacan,MANILA,3,2,BARANGAY 828,,,14.586546,120.998353,,,,,,,16,2021-06-25,OSP
MNL004 LP301 NP3-4-5,MNL004,LP301,NP3-4-5,MNL004 LP301,Zamora Pandacan,MANILA,3,2,BARANGAY 828,,,14.586784,120.998301,,,,,,,24,2021-06-25,OSP
MNL004 LP301 NP6-7-8,MNL004,LP301,NP6-7-8,MNL004 LP301,Zamora Pandacan,MANILA,3,2,BARANGAY 828,,,14.587044,120.998271,,,,,,,24,2021-06-25,OSP
MNL004 LP299 NP3-4-5,MNL004,LP299,NP3-4-5,MNL004 LP299,Zamora Pandacan,MANILA,3,2,BARANGAY 828,,,14.585932,120.998227,,,,,,,24,2021-06-25,OSP
MNL004 LP299 NP6-7-8,MNL004,LP299,NP6-7-8,MNL004 LP299,Zamora Pandacan,MANILA,3,2,BARANGAY 828,,,14.58621,120.998184,,,,,,,24,2021-06-25,OSP
MNL001 LP407 NP3-4-5,MNL001,LP407,NP3-4-5,MNL001 LP407,Zen Tower,MANILA,3,2,BARANGAY 828,,,14.585922,120.998284,,,,,,,24,2021-06-25,OSP
MNL001 LP407 NP6-7-8,MNL001,LP407,NP6-7-8,MNL001 LP407,Zen Tower,MANILA,3,2,BARANGAY 828,,,14.585982,120.99852,,,,,,,24,2021-06-25,OSP
MNL034 LP450 NP3-4,MNL034,LP450,NP3-4,MNL034 LP450,Benitez,MANILA,3,2,BARANGAY 829,,,14.591307,120.998699,,,,,,,16,2023-08-24,OSP
MNL034 LP450 NP5-6,MNL034,LP450,NP5-6,MNL034 LP450,Benitez,MANILA,3,2,BARANGAY 829,,,14.590773,120.998237,,,,,,,16,2023-08-24,OSP
MNL034 LP450 NP7-8,MNL034,LP450,NP7-8,MNL034 LP450,Benitez,MANILA,3,2,BARANGAY 829,,,14.590497,120.997985,,,,,,,16,2023-08-24,OSP
MNL034 LP451 NP1-2,MNL034,LP451,NP1-2,MNL034 LP451,Benitez,MANILA,3,2,BARANGAY 829,,,14.592619,120.998754,,,,,,,16,2023-08-24,OSP
MNL034 LP451 NP3-5,MNL034,LP451,NP3-5,MNL034 LP451,Benitez,MANILA,3,2,BARANGAY 829,,,14.592062,120.998008,,,,,,,24,2023-08-24,OSP
MNL034 LP451 NP6-8,MNL034,LP451,NP6-8,MNL034 LP451,Benitez,MANILA,3,2,BARANGAY 829,,,14.591878,120.997612,,,,,,,24,2023-08-24,OSP
MNL004 LP239 NP3-4-5,MNL004,LP239,NP3-4-5,MNL004 LP239,Zamora Pandacan,MANILA,3,2,BARANGAY 829,,,14.591145,120.998513,,,,,,,24,2021-06-25,OSP
MNL004 LP239 NP6-7-8,MNL004,LP239,NP6-7-8,MNL004 LP239,Zamora Pandacan,MANILA,3,2,BARANGAY 829,,,14.589634,120.99721,,,,,,,24,2021-06-25,OSP
MNL004 LP240 NP1-2,MNL004,LP240,NP1-2,MNL004 LP240,Zamora Pandacan,MANILA,3,2,BARANGAY 829,,,14.589001,120.996647,,,,,,,16,2021-06-25,OSP
MNL004 LP240 NP3-4-5,MNL004,LP240,NP3-4-5,MNL004 LP240,Zamora Pandacan,MANILA,3,2,BARANGAY 829,,,14.587432,120.995297,,,,,,,24,2021-06-25,OSP
MNL004 LP258 NP1-2,MNL004,LP258,NP1-2,MNL004 LP258,Zamora Pandacan,MANILA,3,2,BARANGAY 829,,,14.592522,120.998621,,,,,,,16,2021-06-25,OSP
MNL004 LP258 NP3-4-5,MNL004,LP258,NP3-4-5,MNL004 LP258,Zamora Pandacan,MANILA,3,2,BARANGAY 829,,,14.592188,120.998155,,,,,,,24,2021-06-25,OSP
MNL004 LP258 NP6-7-8,MNL004,LP258,NP6-7-8,MNL004 LP258,Zamora Pandacan,MANILA,3,2,BARANGAY 829,,,14.591935,120.997627,,,,,,,24,2021-06-25,OSP
MNL001 LP185 NP1-2,MNL001,LP185,NP1-2,MNL001 LP185,Zen Tower,MANILA,3,2,BARANGAY 829,,,14.59124484,120.9980532,,,,,,,16,2019-05-04,OSP
MNL001 LP185 NP3-4,MNL001,LP185,NP3-4,MNL001 LP185,Zen Tower,MANILA,3,2,BARANGAY 829,,,14.59123889,120.9976462,,,,,,,16,2019-05-04,OSP
MNL001 LP185 NP5-6,MNL001,LP185,NP5-6,MNL001 LP185,Zen Tower,MANILA,3,2,BARANGAY 829,,,14.59131864,120.9973019,,,,,,,16,2019-05-04,OSP
MNL001 LP187 NP1-2,MNL001,LP187,NP1-2,MNL001 LP187,Zen Tower,MANILA,3,2,BARANGAY 829,,,14.58769559,120.9936875,,,,,,,16,2019-05-04,OSP
MNL001 LP187 NP3-4,MNL001,LP187,NP3-4,MNL001 LP187,Zen Tower,MANILA,3,2,BARANGAY 829,,,14.58911285,120.9935722,,,,,,,16,2019-05-04,OSP
MNL001 LP187 NP5-6,MNL001,LP187,NP5-6,MNL001 LP187,Zen Tower,MANILA,3,2,BARANGAY 829,,,14.58937734,120.9937837,,,,,,,16,2019-05-04,OSP
MNL001 LP228 NP1-2,MNL001,LP228,NP1-2,MNL001 LP228,Zen Tower,MANILA,3,2,BARANGAY 829,,,14.58901345,120.9966614,,,,,,,16,2019-05-04,OSP
MNL001 LP228 NP3-4,MNL001,LP228,NP3-4,MNL001 LP228,Zen Tower,MANILA,3,2,BARANGAY 829,,,14.59190256,120.999232,,,,,,,16,2019-05-04,OSP
MNL001 LP7 NP1,MNL001,LP7,NP1,MNL001 LP7,Zen Tower,MANILA,3,2,BARANGAY 829,,,14.587642,120.995582,,,,,,,8,2015-07-22,OSP
MNL001 LP7 NP3-4,MNL001,LP7,NP3-4,MNL001 LP7,Zen Tower,MANILA,3,2,BARANGAY 829,,,14.589854,120.997539,,,,,,,16,2015-07-22,OSP
MNL001 LP330 NP3-4,MNL001,LP330,NP3-4,MNL001 LP330,Zen Tower,MANILA,3,2,BARANGAY 829,,,14.590447,120.998032,,,,,,,16,2020-03-16,OSP
MNL001 LP330 NP5-6,MNL001,LP330,NP5-6,MNL001 LP330,Zen Tower,MANILA,3,2,BARANGAY 829,,,14.59108,120.99758,,,,,,,16,2020-03-16,OSP
MNL001 LP330 NP7-8,MNL001,LP330,NP7-8,MNL001 LP330,Zen Tower,MANILA,3,2,BARANGAY 829,,,14.591017,120.99852,,,,,,,16,2020-03-16,OSP
MNL001 LP331 NP5-6,MNL001,LP331,NP5-6,MNL001 LP331,Zen Tower,MANILA,3,2,BARANGAY 829,,,14.592625,120.998745,,,,,,,16,2020-03-16,OSP
MNL001 LP331 NP7-8,MNL001,LP331,NP7-8,MNL001 LP331,Zen Tower,MANILA,3,2,BARANGAY 829,,,14.592208,120.99824,,,,,,,16,2020-03-16,OSP
MNL001 LP332 NP1-2,MNL001,LP332,NP1-2,MNL001 LP332,Zen Tower,MANILA,3,2,BARANGAY 829,,,14.591936,120.997707,,,,,,,16,2020-03-16,OSP
MNL001 LP332 NP3-4-5,MNL001,LP332,NP3-4-5,MNL001 LP332,Zen Tower,MANILA,3,2,BARANGAY 829,,,14.591599,120.996958,,,,,,,24,2020-03-16,OSP
MNL001 LP330 NP1-2,MNL001,LP330,NP1-2,MNL001 LP330,Zen Tower,MANILA,3,2,BARANGAY 829,,,14.590048,120.997687,,,,,,,16,2020-03-16,OSP
MNL001 LP86 NP6-7,MNL001,LP86,NP6-7,MNL001 LP86,Zen Tower,MANILA,3,2,BARANGAY 829,,,14.589957,120.995475,,,,,,,16,2015-07-22,OSP
MNL001 LP208 NP1-2,MNL001,LP208,NP1-2,MNL001 LP208,Zen Tower,MANILA,3,2,BARANGAY 829,ACROPOLIS SUBDIVISION,,14.590651,120.996936,,,,,,,16,2019-05-04,OSP
MNL001 LP208 NP3-4,MNL001,LP208,NP3-4,MNL001 LP208,Zen Tower,MANILA,3,2,BARANGAY 829,ACROPOLIS SUBDIVISION,,14.590364,120.995901,,,,,,,16,2019-05-04,OSP
MNL001 LP208 NP5-6,MNL001,LP208,NP5-6,MNL001 LP208,Zen Tower,MANILA,3,2,BARANGAY 829,ACROPOLIS SUBDIVISION,,14.589967,120.995371,,,,,,,16,2019-05-04,OSP
MNL001 LP208 NP7-8,MNL001,LP208,NP7-8,MNL001 LP208,Zen Tower,MANILA,3,2,BARANGAY 829,ACROPOLIS SUBDIVISION,,14.589436,120.9947,,,,,,,16,2019-05-04,OSP
MNL034 LP450 NP1-2,MNL034,LP450,NP1-2,MNL034 LP450,Benitez,MANILA,3,2,BARANGAY 830,,,14.592001,120.999332,,,,,,,16,2023-08-24,OSP
MNL004 LP239 NP1-2,MNL004,LP239,NP1-2,MNL004 LP239,Zamora Pandacan,MANILA,3,2,BARANGAY 830,,,14.592502,120.999687,,,,,,,16,2021-06-25,OSP
MNL004 LP741 NP7-8,MNL004,LP741,NP7-8,MNL004 LP741,Zamora Pandacan,MANILA,3,2,BARANGAY 830,,,14.595342,121.00181600000001,,,,,,"# 41 SOUTH NAGTAHAN BRGY. 830 MANILA, FRONT OF AFP COMMISSARY & EXCHANGE",16,2024-12-17,OSP
MNL004 LP742 NP1-2,MNL004,LP742,NP1-2,MNL004 LP742,Zamora Pandacan,MANILA,3,2,BARANGAY 830,,,14.594493999999999,121.00189899999999,,,,,,# 17 SOUTH NAGTAHAN BRGY. 830 MANILA,16,2024-12-17,OSP
MNL004 LP742 NP3-4,MNL004,LP742,NP3-4,MNL004 LP742,Zamora Pandacan,MANILA,3,2,BARANGAY 830,,,14.594633999999999,121.002003,,,,,,# 21 SOUTH NAGTAHAN BRGY. 830 MANILA,16,2024-12-17,OSP
MNL004 LP742 NP5-6,MNL004,LP742,NP5-6,MNL004 LP742,Zamora Pandacan,MANILA,3,2,BARANGAY 830,,,14.594937,121.002241,,,,,,# 30 SOUTH NAGTAHAN BRGY. 830 MANILA,16,2024-12-17,OSP
MNL004 LP742 NP7-8,MNL004,LP742,NP7-8,MNL004 LP742,Zamora Pandacan,MANILA,3,2,BARANGAY 830,,,14.595261000000001,121.002478,,,,,,# 39 SOUTH NAGTAHAN BRGY. 830 MANILA,16,2024-12-17,OSP
MNL004 LP741 NP1-2,MNL004,LP741,NP1-2,MNL004 LP741,Zamora Pandacan,MANILA,3,2,BARANGAY 830,,,14.594134,121.00170900000001,,,,,,"SOUTH NAGTAHAN BRGY. 830 MANILA, BESIDE PHILIPPINE INSTITUTE FOR THE DEAF",16,2024-12-17,OSP
MNL004 LP741 NP3-4,MNL004,LP741,NP3-4,MNL004 LP741,Zamora Pandacan,MANILA,3,2,BARANGAY 830,,,14.594493999999999,121.001687,,,,,,"# 12-A SOUTH NAGTAHAN BRGY. 830 MANILA, BESIDE BRGY. GYM",16,2024-12-17,OSP
MNL004 LP741 NP5-6,MNL004,LP741,NP5-6,MNL004 LP741,Zamora Pandacan,MANILA,3,2,BARANGAY 830,,,14.595267,121.00163499999999,,,,,,"# 24-A SOUTH NAGTAHAN BRGY. 830 MANILA, BESIDE COVERED COURT",16,2024-12-17,OSP
MNL001 LP7 NP5-6,MNL001,LP7,NP5-6,MNL001 LP7,Zen Tower,MANILA,3,2,BARANGAY 830,,,14.592179,120.999525,,,,,,,16,2015-07-22,OSP
MNL001 LP7 NP7-8,MNL001,LP7,NP7-8,MNL001 LP7,Zen Tower,MANILA,3,2,BARANGAY 830,,,14.592768,121.001825,,,,,,,16,2015-07-22,OSP
MNL001 LP331 NP1-2,MNL001,LP331,NP1-2,MNL001 LP331,Zen Tower,MANILA,3,2,BARANGAY 830,,,14.592437,120.999751,,,,,,,16,2020-03-16,OSP
MNL001 LP331 NP3-4,MNL001,LP331,NP3-4,MNL001 LP331,Zen Tower,MANILA,3,2,BARANGAY 830,,,14.592377,120.998975,,,,,,,16,2020-03-16,OSP
MNL001 LP332 NP6-7-8,MNL001,LP332,NP6-7-8,MNL001 LP332,Zen Tower,MANILA,3,2,BARANGAY 830,,,14.591431,120.996532,,,,,,,24,2020-08-07,OSP
MNL004 LP257 NP1-2,MNL004,LP257,NP1-2,MNL004 LP257,Zamora Pandacan,MANILA,3,2,BARANGAY 831,,,14.588843,120.998348,,,,,,,16,2021-06-25,OSP
MNL004 LP257 NP3-4,MNL004,LP257,NP3-4,MNL004 LP257,Zamora Pandacan,MANILA,3,2,BARANGAY 831,,,14.587786,120.997723,,,,,,,16,2021-06-25,OSP
MNL004 LP257 NP5-6,MNL004,LP257,NP5-6,MNL004 LP257,Zamora Pandacan,MANILA,3,2,BARANGAY 831,,,14.58919,120.999438,,,,,,,16,2021-06-25,OSP
MNL004 LP257 NP7-8,MNL004,LP257,NP7-8,MNL004 LP257,Zamora Pandacan,MANILA,3,2,BARANGAY 831,,,14.589699,121.000853,,,,,,,16,2021-06-25,OSP
MNL001 LP186 NP1-2,MNL001,LP186,NP1-2,MNL001 LP186,Zen Tower,MANILA,3,2,BARANGAY 831,,,14.58879591,120.9969973,,,,,,,16,2019-05-04,OSP
MNL001 LP186 NP3-4,MNL001,LP186,NP3-4,MNL001 LP186,Zen Tower,MANILA,3,2,BARANGAY 831,,,14.5882264,120.9977732,,,,,,,16,2019-05-04,OSP
MNL001 LP186 NP5-6,MNL001,LP186,NP5-6,MNL001 LP186,Zen Tower,MANILA,3,2,BARANGAY 831,,,14.58889751,120.9984245,,,,,,,16,2019-05-04,OSP
MNL001 LP186 NP7-8,MNL001,LP186,NP7-8,MNL001 LP186,Zen Tower,MANILA,3,2,BARANGAY 831,,,14.58940563,121.0001856,,,,,,,16,2019-05-04,OSP
MNL001 LP387 NP1-2,MNL001,LP387,NP1-2,MNL001 LP387,Zen Tower,MANILA,3,2,BARANGAY 831,,,14.587921,120.99754,,,,,,,16,2020-09-29,OSP
MNL001 LP387 NP3-4,MNL001,LP387,NP3-4,MNL001 LP387,Zen Tower,MANILA,3,2,BARANGAY 831,,,14.587536,120.997437,,,,,,,16,2020-09-29,OSP
MNL001 LP387 NP5-6,MNL001,LP387,NP5-6,MNL001 LP387,Zen Tower,MANILA,3,2,BARANGAY 831,,,14.588569,120.99808,,,,,,,16,2020-09-29,OSP
MNL001 LP387 NP7-8,MNL001,LP387,NP7-8,MNL001 LP387,Zen Tower,MANILA,3,2,BARANGAY 831,,,14.588934,120.998637,,,,,,,16,2020-09-29,OSP
MNL001 LP388 NP1-2,MNL001,LP388,NP1-2,MNL001 LP388,Zen Tower,MANILA,3,2,BARANGAY 831,,,14.589051,120.998637,,,,,,,16,2020-09-29,OSP
MNL001 LP388 NP3-4,MNL001,LP388,NP3-4,MNL001 LP388,Zen Tower,MANILA,3,2,BARANGAY 831,,,14.589356,121.000167,,,,,,,16,2020-09-29,OSP
MNL001 LP388 NP5-6,MNL001,LP388,NP5-6,MNL001 LP388,Zen Tower,MANILA,3,2,BARANGAY 831,,,14.58968,121.00085,,,,,,,16,2020-09-29,OSP
MNL001 LP7 NP2,MNL001,LP7,NP2,MNL001 LP7,Zen Tower,MANILA,3,2,BARANGAY 831,,,14.589202,120.999423,,,,,,,8,2015-07-22,OSP
MNL001 LP264 NP1-2,MNL001,LP264,NP1-2,MNL001 LP264,Zen Tower,MANILA,3,2,BARANGAY 831,,,14.58789344,120.9969914,,,,,,,16,2019-07-04,OSP
MNL001 LP264 NP3-4,MNL001,LP264,NP3-4,MNL001 LP264,Zen Tower,MANILA,3,2,BARANGAY 831,,,14.586882,120.996074,,,,,,,16,2019-07-04,OSP
MNL001 LP264 NP5-6,MNL001,LP264,NP5-6,MNL001 LP264,Zen Tower,MANILA,3,2,BARANGAY 831,,,14.587399,120.997206,,,,,,,16,2019-07-04,OSP
MNL001 LP264 NP7-8,MNL001,LP264,NP7-8,MNL001 LP264,Zen Tower,MANILA,3,2,BARANGAY 831,,,14.587073,120.997335,,,,,,,16,2019-07-04,OSP
MNL001 LP265 NP1-2,MNL001,LP265,NP1-2,MNL001 LP265,Zen Tower,MANILA,3,2,BARANGAY 831,,,14.58656814,120.9966719,,,,,,,16,2019-07-04,OSP
MNL001 LP265 NP3-4,MNL001,LP265,NP3-4,MNL001 LP265,Zen Tower,MANILA,3,2,BARANGAY 831,,,14.58649533,120.9961154,,,,,,,16,2019-07-04,OSP
MNL074 LP2 NP7-8,MNL074,LP2,NP7-8,MNL074 LP2,Residencias De Manila Building 7 & 8,MANILA,3,2,BARANGAY 832,,RESIDENCIAS DE MANILA (BUILDING 8),14.593295,121.002236,,3F,EE ROOM,MNL074,,,,2022-08-26,ISP
MNL074 LP6 NP1-2,MNL074,LP6,NP1-2,MNL074 LP6,Residencias De Manila Building 7 & 8,MANILA,3,2,BARANGAY 832,,RESIDENCIAS DE MANILA (COMMERCIAL AREA),14.593135,121.002454,,2F,EE ROOM,MNL139P,,,,2022-08-26,ISP
MNL074 LP1 NP3-4,MNL074,LP1,NP3-4,MNL074 LP1,Residencias De Manila Building 7 & 8,MANILA,3,2,BARANGAY 832,,RESIDENCIAS DE MANILA (BUILDING 8),14.593295,121.002236,,3F,EE ROOM,MNL074,,,,2022-08-26,ISP
MNL074 LP5 NP5-6,MNL074,LP5,NP5-6,MNL074 LP5,Residencias De Manila Building 7 & 8,MANILA,3,2,BARANGAY 832,,RESIDENCIAS DE MANILA (BUILDING 7),14.593306,121.002744,,3F,EE ROOM,MNL138P,,,,2022-08-26,ISP
MNL074 LP5 NP3-4,MNL074,LP5,NP3-4,MNL074 LP5,Residencias De Manila Building 7 & 8,MANILA,3,2,BARANGAY 832,,RESIDENCIAS DE MANILA (BUILDING 7),14.593306,121.002744,,3F,EE ROOM,MNL138P,,,,2022-08-26,ISP
MNL074 LP4 NP1-2,MNL074,LP4,NP1-2,MNL074 LP4,Residencias De Manila Building 7 & 8,MANILA,3,2,BARANGAY 832,,RESIDENCIAS DE MANILA (BUILDING 7),14.593306,121.002744,,3F,EE ROOM,MNL138P,,,,2022-08-26,ISP
MNL074 LP4 NP5-6,MNL074,LP4,NP5-6,MNL074 LP4,Residencias De Manila Building 7 & 8,MANILA,3,2,BARANGAY 832,,RESIDENCIAS DE MANILA (BUILDING 7),14.593306,121.002744,,3F,EE ROOM,MNL138P,,,,2022-08-26,ISP
MNL074 LP1 NP5-6,MNL074,LP1,NP5-6,MNL074 LP1,Residencias De Manila Building 7 & 8,MANILA,3,2,BARANGAY 832,,RESIDENCIAS DE MANILA (BUILDING 8),14.593295,121.002236,,3F,EE ROOM,MNL074,,,,2022-08-26,ISP
MNL074 LP2 NP3-4,MNL074,LP2,NP3-4,MNL074 LP2,Residencias De Manila Building 7 & 8,MANILA,3,2,BARANGAY 832,,RESIDENCIAS DE MANILA (BUILDING 8),14.593295,121.002236,,3F,EE ROOM,MNL074,,,,2022-08-26,ISP
MNL074 LP3 NP1-2,MNL074,LP3,NP1-2,MNL074 LP3,Residencias De Manila Building 7 & 8,MANILA,3,2,BARANGAY 832,,RESIDENCIAS DE MANILA (BUILDING 8),14.593295,121.002236,,3F,EE ROOM,MNL074,,,,2022-08-26,ISP
MNL074 LP1 NP1-2,MNL074,LP1,NP1-2,MNL074 LP1,Residencias De Manila Building 7 & 8,MANILA,3,2,BARANGAY 832,,RESIDENCIAS DE MANILA (BUILDING 8),14.593295,121.002236,,3F,EE ROOM,MNL074,,,,2022-08-26,ISP
MNL074 LP2 NP1-2,MNL074,LP2,NP1-2,MNL074 LP2,Residencias De Manila Building 7 & 8,MANILA,3,2,BARANGAY 832,,RESIDENCIAS DE MANILA (BUILDING 8),14.593295,121.002236,,3F,EE ROOM,MNL074,,,,2022-08-26,ISP
MNL074 LP5 NP7-8,MNL074,LP5,NP7-8,MNL074 LP5,Residencias De Manila Building 7 & 8,MANILA,3,2,BARANGAY 832,,RESIDENCIAS DE MANILA (BUILDING 7),14.593306,121.002744,,3F,EE ROOM,MNL138P,,,,2022-08-26,ISP
MNL074 LP2 NP5-6,MNL074,LP2,NP5-6,MNL074 LP2,Residencias De Manila Building 7 & 8,MANILA,3,2,BARANGAY 832,,RESIDENCIAS DE MANILA (BUILDING 8),14.593295,121.002236,,3F,EE ROOM,MNL074,,,,2022-08-26,ISP
MNL074 LP1 NP7-8,MNL074,LP1,NP7-8,MNL074 LP1,Residencias De Manila Building 7 & 8,MANILA,3,2,BARANGAY 832,,RESIDENCIAS DE MANILA (BUILDING 8),14.593295,121.002236,,3F,EE ROOM,MNL074,,,,2022-08-26,ISP
MNL074 LP5 NP1-2,MNL074,LP5,NP1-2,MNL074 LP5,Residencias De Manila Building 7 & 8,MANILA,3,2,BARANGAY 832,,RESIDENCIAS DE MANILA (BUILDING 7),14.593306,121.002744,,3F,EE ROOM,MNL138P,,,,2022-08-26,ISP
MNL074 LP4 NP7-8,MNL074,LP4,NP7-8,MNL074 LP4,Residencias De Manila Building 7 & 8,MANILA,3,2,BARANGAY 832,,RESIDENCIAS DE MANILA (BUILDING 7),14.593306,121.002744,,3F,EE ROOM,MNL138P,,,,2022-08-26,ISP
MNL074 LP4 NP3-4,MNL074,LP4,NP3-4,MNL074 LP4,Residencias De Manila Building 7 & 8,MANILA,3,2,BARANGAY 832,,RESIDENCIAS DE MANILA (BUILDING 7),14.593306,121.002744,,3F,EE ROOM,MNL138P,,,,2022-08-26,ISP
MNL074 LP6 NP3-5,MNL074,LP6,NP3-5,MNL074 LP6,Residencias De Manila Building 7 & 8,MANILA,3,2,BARANGAY 832,,RESIDENCIAS DE MANILA (COMMERCIAL AREA),14.593135,121.002454,,2F,EE ROOM,MNL139P,,,,2022-08-26,ISP
MNL004 LP238 NP6-7-8,MNL004,LP238,NP6-7-8,MNL004 LP238,Zamora Pandacan,MANILA,3,2,BARANGAY 832,,,14.592896,121.002974,,,,,,,24,2021-06-25,OSP
MNL001 LP228 NP5-6,MNL001,LP228,NP5-6,MNL001 LP228,Zen Tower,MANILA,3,2,BARANGAY 832,,,14.590776,121.000409,,,,,,,16,2020-08-07,OSP
MNL001 LP228 NP7-8,MNL001,LP228,NP7-8,MNL001 LP228,Zen Tower,MANILA,3,2,BARANGAY 832,,,14.589936,121.00117,,,,,,,16,2020-08-07,OSP
MNL004 LP91 NP3-4,MNL004,LP91,NP3-4,MNL004 LP91,Zamora Pandacan,MANILA,3,2,BARANGAY 833,,,14.593942,121.003883,,,,,,,16,2020-02-09,OSP
MNL004 LP91 NP5-6,MNL004,LP91,NP5-6,MNL004 LP91,Zamora Pandacan,MANILA,3,2,BARANGAY 833,,,14.594272,121.003716,,,,,,,16,2020-02-09,OSP
MNL004 LP91 NP7-8,MNL004,LP91,NP7-8,MNL004 LP91,Zamora Pandacan,MANILA,3,2,BARANGAY 833,,,14.594838,121.003677,,,,,,,16,2020-02-09,OSP
MNL004 LP92 NP1-2,MNL004,LP92,NP1-2,MNL004 LP92,Zamora Pandacan,MANILA,3,2,BARANGAY 833,,,14.593941,121.004096,,,,,,,16,2020-02-09,OSP
MNL004 LP92 NP3-4,MNL004,LP92,NP3-4,MNL004 LP92,Zamora Pandacan,MANILA,3,2,BARANGAY 833,,,14.59389,121.004385,,,,,,,16,2020-02-09,OSP
MNL004 LP91 NP1-2,MNL004,LP91,NP1-2,MNL004 LP91,Zamora Pandacan,MANILA,3,2,BARANGAY 833,,,14.593125,121.003656,,,,,,,16,2020-02-09,OSP
MNL004 LP102 NP1-2,MNL004,LP102,NP1-2,MNL004 LP102,Zamora Pandacan,MANILA,3,2,BARANGAY 833,,,14.592857,121.004125,,,,,,,16,2020-02-09,OSP
MNL004 LP366 NP3-4-5,MNL004,LP366,NP3-4-5,MNL004 LP366,Zamora Pandacan,MANILA,3,2,BARANGAY 833,,,14.592935,121.00353,,,,,,,24,2021-07-18,OSP
MNL004 LP366 NP6-7-8,MNL004,LP366,NP6-7-8,MNL004 LP366,Zamora Pandacan,MANILA,3,2,BARANGAY 833,,,14.59397,121.00403,,,,,,,24,2021-07-18,OSP
MNL004 LP367 NP1-2,MNL004,LP367,NP1-2,MNL004 LP367,Zamora Pandacan,MANILA,3,2,BARANGAY 833,,,14.593911,121.004259,,,,,,,16,2021-07-18,OSP
MNL004 LP367 NP3-4-5,MNL004,LP367,NP3-4-5,MNL004 LP367,Zamora Pandacan,MANILA,3,2,BARANGAY 833,,,14.593907,121.00427,,,,,,,24,2021-07-18,OSP
MNL004 LP367 NP6-7-8,MNL004,LP367,NP6-7-8,MNL004 LP367,Zamora Pandacan,MANILA,3,2,BARANGAY 833,,,14.593934,121.00425,,,,,,,24,2021-07-18,OSP
MNL004 LP369 NP1-2,MNL004,LP369,NP1-2,MNL004 LP369,Zamora Pandacan,MANILA,3,2,BARANGAY 833,,,14.594288,121.00394,,,,,,,16,2021-07-18,OSP
MNL004 LP369 NP3-4-5,MNL004,LP369,NP3-4-5,MNL004 LP369,Zamora Pandacan,MANILA,3,2,BARANGAY 833,,,14.594407,121.00397,,,,,,,24,2021-07-18,OSP
MNL004 LP369 NP6-7-8,MNL004,LP369,NP6-7-8,MNL004 LP369,Zamora Pandacan,MANILA,3,2,BARANGAY 833,,,14.5949,121.00403,,,,,,,24,2021-07-18,OSP
MNL004 LP374 NP6-7-8,MNL004,LP374,NP6-7-8,MNL004 LP374,Zamora Pandacan,MANILA,3,2,BARANGAY 833,,,14.592772,121.00411,,,,,,,24,2021-07-18,OSP
MNL004 LP378 NP1-2,MNL004,LP378,NP1-2,MNL004 LP378,Zamora Pandacan,MANILA,3,2,BARANGAY 833,,,14.5927,121.00451,,,,,,,16,2021-07-18,OSP
MNL004 LP238 NP3-4-5,MNL004,LP238,NP3-4-5,MNL004 LP238,Zamora Pandacan,MANILA,3,2,BARANGAY 833,,,14.592939,121.003889,,,,,,,24,2021-06-25,OSP
MNL004 LP370 NP1-2,MNL004,LP370,NP1-2,MNL004 LP370,Zamora Pandacan,MANILA,3,2,BARANGAY 833,,,14.593808,121.0037,,,,,,,16,2021-07-18,OSP
MNL004 LP370 NP3-4-5,MNL004,LP370,NP3-4-5,MNL004 LP370,Zamora Pandacan,MANILA,3,2,BARANGAY 833,,,14.594482,121.00368,,,,,,,24,2021-07-18,OSP
MNL004 LP370 NP6-7-8,MNL004,LP370,NP6-7-8,MNL004 LP370,Zamora Pandacan,MANILA,3,2,BARANGAY 833,,,14.595181,121.00368,,,,,,,24,2021-07-18,OSP
MNL001 LP242 NP3-4,MNL001,LP242,NP3-4,MNL001 LP242,Zen Tower,MANILA,3,2,BARANGAY 833,,,14.59291799,121.0039217,,,,,,,16,2019-06-01,OSP
MNL001 LP240 NP1-2,MNL001,LP240,NP1-2,MNL001 LP240,Zen Tower,MANILA,3,2,BARANGAY 833,,,14.59289463,121.0035394,,,,,,,16,2019-06-01,OSP
MNL001 LP240 NP3-4,MNL001,LP240,NP3-4,MNL001 LP240,Zen Tower,MANILA,3,2,BARANGAY 833,,,14.59366546,121.0037912,,,,,,,16,2019-06-01,OSP
MNL001 LP240 NP5-6,MNL001,LP240,NP5-6,MNL001 LP240,Zen Tower,MANILA,3,2,BARANGAY 833,,,14.59475293,121.0040599,,,,,,,16,2019-06-01,OSP
MNL004 LP92 NP5-6,MNL004,LP92,NP5-6,MNL004 LP92,Zamora Pandacan,MANILA,3,2,BARANGAY 834,,,14.593746,121.004577,,,,,,,16,2020-02-09,OSP
MNL004 LP92 NP7-8,MNL004,LP92,NP7-8,MNL004 LP92,Zamora Pandacan,MANILA,3,2,BARANGAY 834,,,14.593608,121.004892,,,,,,,16,2020-02-09,OSP
MNL004 LP114 NP1-2,MNL004,LP114,NP1-2,MNL004 LP114,Zamora Pandacan,MANILA,3,2,BARANGAY 834,,,14.592095,121.005172,,,,,,,16,2020-02-09,OSP
MNL004 LP368 NP1-2,MNL004,LP368,NP1-2,MNL004 LP368,Zamora Pandacan,MANILA,3,2,BARANGAY 834,,,14.593856,121.00449,,,,,,,16,2021-07-18,OSP
MNL004 LP368 NP3-4-5,MNL004,LP368,NP3-4-5,MNL004 LP368,Zamora Pandacan,MANILA,3,2,BARANGAY 834,,,14.593883,121.00445,,,,,,,24,2021-07-18,OSP
MNL004 LP368 NP6-7-8,MNL004,LP368,NP6-7-8,MNL004 LP368,Zamora Pandacan,MANILA,3,2,BARANGAY 834,,,14.593885,121.004449,,,,,,,24,2021-07-18,OSP
MNL004 LP378 NP3-4-5,MNL004,LP378,NP3-4-5,MNL004 LP378,Zamora Pandacan,MANILA,3,2,BARANGAY 834,,,14.592143,121.00513,,,,,,,24,2021-07-18,OSP
MNL001 LP8 NP1-2,MNL001,LP8,NP1-2,MNL001 LP8,Zen Tower,MANILA,3,2,BARANGAY 834,,,14.592489,121.004832,,,,,,,16,2015-07-22,OSP
MNL004 LP114 NP3-4,MNL004,LP114,NP3-4,MNL004 LP114,Zamora Pandacan,MANILA,3,2,BARANGAY 835,,,14.591452,121.005462,,,,,,,16,2020-02-09,OSP
MNL004 LP114 NP5-6,MNL004,LP114,NP5-6,MNL004 LP114,Zamora Pandacan,MANILA,3,2,BARANGAY 835,,,14.590992,121.006183,,,,,,,16,2020-08-07,OSP
MNL004 LP114 NP7-8,MNL004,LP114,NP7-8,MNL004 LP114,Zamora Pandacan,MANILA,3,2,BARANGAY 835,,,14.591079,121.00698,,,,,,,16,2020-08-07,OSP
MNL004 LP325 NP1-2,MNL004,LP325,NP1-2,MNL004 LP325,Zamora Pandacan,MANILA,3,2,BARANGAY 835,,,14.590909,121.00586,,,,,,,16,2021-07-18,OSP
MNL004 LP325 NP3-4-5,MNL004,LP325,NP3-4-5,MNL004 LP325,Zamora Pandacan,MANILA,3,2,BARANGAY 835,,,14.591061,121.00678,,,,,,,24,2021-07-18,OSP
MNL004 LP325 NP6-7-8,MNL004,LP325,NP6-7-8,MNL004 LP325,Zamora Pandacan,MANILA,3,2,BARANGAY 835,,,14.591101,121.00728,,,,,,,24,2021-07-18,OSP
MNL004 LP326 NP1-2,MNL004,LP326,NP1-2,MNL004 LP326,Zamora Pandacan,MANILA,3,2,BARANGAY 835,,,14.591051,121.00799,,,,,,,16,2021-07-18,OSP
MNL004 LP326 NP3-4-5,MNL004,LP326,NP3-4-5,MNL004 LP326,Zamora Pandacan,MANILA,3,2,BARANGAY 835,,,14.591126,121.00847,,,,,,,24,2021-07-18,OSP
MNL004 LP326 NP6-7-8,MNL004,LP326,NP6-7-8,MNL004 LP326,Zamora Pandacan,MANILA,3,2,BARANGAY 835,,,14.591075,121.00933,,,,,,,24,2021-07-18,OSP
MNL004 LP352 NP1-2,MNL004,LP352,NP1-2,MNL004 LP352,Zamora Pandacan,MANILA,3,2,BARANGAY 835,,,14.591428,121.00957,,,,,,,16,2021-07-26,OSP
MNL004 LP352 NP3-4-5,MNL004,LP352,NP3-4-5,MNL004 LP352,Zamora Pandacan,MANILA,3,2,BARANGAY 835,,,14.591535,121.00961,,,,,,,24,2021-07-26,OSP
MNL004 LP352 NP6-7-8,MNL004,LP352,NP6-7-8,MNL004 LP352,Zamora Pandacan,MANILA,3,2,BARANGAY 835,,,14.591994,121.00983,,,,,,,24,2021-07-26,OSP
MNL004 LP353 NP1-2,MNL004,LP353,NP1-2,MNL004 LP353,Zamora Pandacan,MANILA,3,2,BARANGAY 835,,,14.591969,121.0098,,,,,,,16,2021-07-26,OSP
MNL004 LP353 NP3-4-5,MNL004,LP353,NP3-4-5,MNL004 LP353,Zamora Pandacan,MANILA,3,2,BARANGAY 835,,,14.592217,121.00994,,,,,,,24,2021-07-26,OSP
MNL004 LP353 NP6-7-8,MNL004,LP353,NP6-7-8,MNL004 LP353,Zamora Pandacan,MANILA,3,2,BARANGAY 835,,,14.592302,121.00998,,,,,,,24,2021-07-26,OSP
MNL001 LP245 NP5-6,MNL001,LP245,NP5-6,MNL001 LP245,Zen Tower,MANILA,3,2,BARANGAY 835,,,14.59198189,121.0098486,,,,,,,16,2019-06-01,OSP
MNL001 LP245 NP7-8,MNL001,LP245,NP7-8,MNL001 LP245,Zen Tower,MANILA,3,2,BARANGAY 835,,,14.59247249,121.0101046,,,,,,,16,2019-06-01,OSP
MNL001 LP247 NP7-8,MNL001,LP247,NP7-8,MNL001 LP247,Zen Tower,MANILA,3,2,BARANGAY 835,,,14.592625,121.009631,,,,,,,16,2020-08-07,OSP
MNL001 LP244 NP3-4,MNL001,LP244,NP3-4,MNL001 LP244,Zen Tower,MANILA,3,2,BARANGAY 835,,,14.59087174,121.0056882,,,,,,,16,2019-06-01,OSP
MNL001 LP244 NP5-6,MNL001,LP244,NP5-6,MNL001 LP244,Zen Tower,MANILA,3,2,BARANGAY 835,,,14.59101235,121.0063942,,,,,,,16,2019-06-01,OSP
MNL001 LP244 NP7-8,MNL001,LP244,NP7-8,MNL001 LP244,Zen Tower,MANILA,3,2,BARANGAY 835,,,14.59105388,121.0075427,,,,,,,16,2019-06-01,OSP
MNL001 LP245 NP1-2,MNL001,LP245,NP1-2,MNL001 LP245,Zen Tower,MANILA,3,2,BARANGAY 835,,,14.59118404,121.0086713,,,,,,,16,2019-06-01,OSP
MNL001 LP245 NP3-4,MNL001,LP245,NP3-4,MNL001 LP245,Zen Tower,MANILA,3,2,BARANGAY 835,,,14.59111826,121.0093557,,,,,,,16,2019-06-01,OSP
MNL004 LP354 NP3-4-5,MNL004,LP354,NP3-4-5,MNL004 LP354,Zamora Pandacan,MANILA,3,2,BARANGAY 836,,,14.592978,121.01033,,,,,,,24,2021-07-26,OSP
MNL004 LP354 NP6-7-8,MNL004,LP354,NP6-7-8,MNL004 LP354,Zamora Pandacan,MANILA,3,2,BARANGAY 836,,,14.593256,121.010474,,,,,,,24,2021-07-26,OSP
MNL004 LP355 NP1-2,MNL004,LP355,NP1-2,MNL004 LP355,Zamora Pandacan,MANILA,3,2,BARANGAY 836,,,14.593267,121.010477,,,,,,,16,2021-07-26,OSP
MNL004 LP355 NP3-4-5,MNL004,LP355,NP3-4-5,MNL004 LP355,Zamora Pandacan,MANILA,3,2,BARANGAY 836,,,14.593462,121.010595,,,,,,,24,2021-07-26,OSP
MNL004 LP355 NP6-7-8,MNL004,LP355,NP6-7-8,MNL004 LP355,Zamora Pandacan,MANILA,3,2,BARANGAY 836,,,14.593463,121.01059,,,,,,,24,2021-07-26,OSP
MNL004 LP356 NP1-2,MNL004,LP356,NP1-2,MNL004 LP356,Zamora Pandacan,MANILA,3,2,BARANGAY 836,,,14.593467,121.010595,,,,,,,16,2021-07-26,OSP
MNL004 LP356 NP3-4-5,MNL004,LP356,NP3-4-5,MNL004 LP356,Zamora Pandacan,MANILA,3,2,BARANGAY 836,,,14.59383,121.010827,,,,,,,24,2021-07-26,OSP
MNL004 LP356 NP6-7-8,MNL004,LP356,NP6-7-8,MNL004 LP356,Zamora Pandacan,MANILA,3,2,BARANGAY 836,,,14.594087,121.010991,,,,,,,24,2021-07-26,OSP
MNL004 LP357 NP1-2,MNL004,LP357,NP1-2,MNL004 LP357,Zamora Pandacan,MANILA,3,2,BARANGAY 836,,,14.594083,121.01099,,,,,,,16,2021-07-26,OSP
MNL004 LP357 NP3-4-5,MNL004,LP357,NP3-4-5,MNL004 LP357,Zamora Pandacan,MANILA,3,2,BARANGAY 836,,,14.594334,121.011223,,,,,,,24,2021-07-26,OSP
MNL004 LP357 NP6-7-8,MNL004,LP357,NP6-7-8,MNL004 LP357,Zamora Pandacan,MANILA,3,2,BARANGAY 836,,,14.594338,121.011221,,,,,,,24,2021-07-26,OSP
MNL004 LP358 NP1-2,MNL004,LP358,NP1-2,MNL004 LP358,Zamora Pandacan,MANILA,3,2,BARANGAY 836,,,14.594338,121.011218,,,,,,,16,2021-07-26,OSP
MNL004 LP358 NP3-4-5,MNL004,LP358,NP3-4-5,MNL004 LP358,Zamora Pandacan,MANILA,3,2,BARANGAY 836,,,14.594501,121.010948,,,,,,,24,2021-07-26,OSP
MNL004 LP358 NP6-7-8,MNL004,LP358,NP6-7-8,MNL004 LP358,Zamora Pandacan,MANILA,3,2,BARANGAY 836,,,14.594602,121.010558,,,,,,,24,2021-07-26,OSP
MNL004 LP359 NP1-2,MNL004,LP359,NP1-2,MNL004 LP359,Zamora Pandacan,MANILA,3,2,BARANGAY 836,,,14.594,121.010261,,,,,,,16,2021-07-26,OSP
MNL004 LP359 NP3-4-5,MNL004,LP359,NP3-4-5,MNL004 LP359,Zamora Pandacan,MANILA,3,2,BARANGAY 836,,,14.593401,121.009998,,,,,,,24,2021-07-26,OSP
MNL004 LP359 NP6-7-8,MNL004,LP359,NP6-7-8,MNL004 LP359,Zamora Pandacan,MANILA,3,2,BARANGAY 836,,,14.59323,121.00991,,,,,,,24,2021-07-26,OSP
MNL004 LP354 NP1-2,MNL004,LP354,NP1-2,MNL004 LP354,Zamora Pandacan,MANILA,3,2,BARANGAY 836,,,14.592673,121.01021,,,,,,,16,2021-07-26,OSP
MNL004 LP360 NP1-2,MNL004,LP360,NP1-2,MNL004 LP360,Zamora Pandacan,MANILA,3,2,BARANGAY 836,,,14.593215,121.009905,,,,,,,16,2021-07-26,OSP
MNL004 LP360 NP3-4-5,MNL004,LP360,NP3-4-5,MNL004 LP360,Zamora Pandacan,MANILA,3,2,BARANGAY 836,,,14.592906,121.009767,,,,,,,24,2021-07-26,OSP
MNL004 LP360 NP6-7-8,MNL004,LP360,NP6-7-8,MNL004 LP360,Zamora Pandacan,MANILA,3,2,BARANGAY 836,,,14.592901,121.009765,,,,,,,24,2021-07-26,OSP
MNL004 LP361 NP1-2,MNL004,LP361,NP1-2,MNL004 LP361,Zamora Pandacan,MANILA,3,2,BARANGAY 836,,,14.592796,121.009659,,,,,,,16,2021-07-26,OSP
MNL004 LP361 NP3-4-5,MNL004,LP361,NP3-4-5,MNL004 LP361,Zamora Pandacan,MANILA,3,2,BARANGAY 836,,,14.592802,121.009662,,,,,,,24,2021-07-26,OSP
MNL004 LP361 NP6-7-8,MNL004,LP361,NP6-7-8,MNL004 LP361,Zamora Pandacan,MANILA,3,2,BARANGAY 836,,,14.592775,121.00992,,,,,,,24,2021-07-26,OSP
MNL001 LP246 NP1-2,MNL001,LP246,NP1-2,MNL001 LP246,Zen Tower,MANILA,3,2,BARANGAY 836,,,14.59345545,121.0106209,,,,,,,16,2019-06-01,OSP
MNL001 LP246 NP3-4,MNL001,LP246,NP3-4,MNL001 LP246,Zen Tower,MANILA,3,2,BARANGAY 836,,,14.59411125,121.0110534,,,,,,,16,2019-06-01,OSP
MNL001 LP246 NP5-6,MNL001,LP246,NP5-6,MNL001 LP246,Zen Tower,MANILA,3,2,BARANGAY 836,,,14.59449464,121.0109458,,,,,,,16,2019-06-01,OSP
MNL001 LP246 NP7-8,MNL001,LP246,NP7-8,MNL001 LP246,Zen Tower,MANILA,3,2,BARANGAY 836,,,14.59431935,121.0104326,,,,,,,16,2019-06-01,OSP
MNL001 LP247 NP1-2,MNL001,LP247,NP1-2,MNL001 LP247,Zen Tower,MANILA,3,2,BARANGAY 836,,,14.5938835,121.0102216,,,,,,,16,2019-06-01,OSP
MNL001 LP247 NP3-4,MNL001,LP247,NP3-4,MNL001 LP247,Zen Tower,MANILA,3,2,BARANGAY 836,,,14.59326407,121.0099256,,,,,,,16,2019-06-01,OSP
MNL001 LP247 NP5-6,MNL001,LP247,NP5-6,MNL001 LP247,Zen Tower,MANILA,3,2,BARANGAY 836,,,14.59280122,121.0096512,,,,,,,16,2019-06-01,OSP
MNL004 LP96 NP1-2,MNL004,LP96,NP1-2,MNL004 LP96,Zamora Pandacan,MANILA,3,2,BARANGAY 837,,,14.591907,121.012479,,,,,,,16,2020-02-09,OSP
MNL004 LP97 NP1-2,MNL004,LP97,NP1-2,MNL004 LP97,Zamora Pandacan,MANILA,3,2,BARANGAY 837,,,14.591641,121.012112,,,,,,,16,2020-03-19,OSP
MNL004 LP97 NP3-4,MNL004,LP97,NP3-4,MNL004 LP97,Zamora Pandacan,MANILA,3,2,BARANGAY 837,,,14.591511,121.012606,,,,,,,16,2020-03-19,OSP
MNL004 LP98 NP3-4,MNL004,LP98,NP3-4,MNL004 LP98,Zamora Pandacan,MANILA,3,2,BARANGAY 837,,,14.59122,121.01234,,,,,,,16,2020-03-19,OSP
MNL004 LP93 NP7-8,MNL004,LP93,NP7-8,MNL004 LP93,Zamora Pandacan,MANILA,3,2,BARANGAY 837,,,14.592141,121.012388,,,,,,,16,2020-02-09,OSP
MNL004 LP94 NP1-2,MNL004,LP94,NP1-2,MNL004 LP94,Zamora Pandacan,MANILA,3,2,BARANGAY 837,,,14.592431,121.012753,,,,,,,16,2020-02-09,OSP
MNL004 LP94 NP3-4,MNL004,LP94,NP3-4,MNL004 LP94,Zamora Pandacan,MANILA,3,2,BARANGAY 837,,,14.592703,121.013455,,,,,,,16,2020-02-09,OSP
MNL004 LP94 NP5-6,MNL004,LP94,NP5-6,MNL004 LP94,Zamora Pandacan,MANILA,3,2,BARANGAY 837,,,14.592268,121.013825,,,,,,,16,2020-02-09,OSP
MNL004 LP338 NP1-2,MNL004,LP338,NP1-2,MNL004 LP338,Zamora Pandacan,MANILA,3,2,BARANGAY 837,,,14.592413,121.0127,,,,,,,16,2021-07-18,OSP
MNL004 LP338 NP3-4-5,MNL004,LP338,NP3-4-5,MNL004 LP338,Zamora Pandacan,MANILA,3,2,BARANGAY 837,,,14.592259,121.01287,,,,,,,24,2021-07-18,OSP
MNL004 LP345 NP3-4-5,MNL004,LP345,NP3-4-5,MNL004 LP345,Zamora Pandacan,MANILA,3,2,BARANGAY 837,,,14.591858,121.01198,,,,,,,24,2021-07-18,OSP
MNL004 LP345 NP6-7-8,MNL004,LP345,NP6-7-8,MNL004 LP345,Zamora Pandacan,MANILA,3,2,BARANGAY 837,,,14.59188,121.01247,,,,,,,24,2021-07-18,OSP
MNL004 LP346 NP1-2,MNL004,LP346,NP1-2,MNL004 LP346,Zamora Pandacan,MANILA,3,2,BARANGAY 837,,,14.592167,121.01331,,,,,,,16,2021-07-18,OSP
MNL004 LP346 NP3-4-5,MNL004,LP346,NP3-4-5,MNL004 LP346,Zamora Pandacan,MANILA,3,2,BARANGAY 837,,,14.591856,121.01358,,,,,,,24,2021-07-18,OSP
MNL004 LP346 NP6-7-8,MNL004,LP346,NP6-7-8,MNL004 LP346,Zamora Pandacan,MANILA,3,2,BARANGAY 837,,,14.591757,121.01354,,,,,,,24,2021-07-18,OSP
MNL004 LP347 NP1-2,MNL004,LP347,NP1-2,MNL004 LP347,Zamora Pandacan,MANILA,3,2,BARANGAY 837,,,14.591516,121.01304,,,,,,,16,2021-07-18,OSP
MNL004 LP347 NP3-4-5,MNL004,LP347,NP3-4-5,MNL004 LP347,Zamora Pandacan,MANILA,3,2,BARANGAY 837,,,14.591531,121.0128,,,,,,,24,2021-07-18,OSP
MNL004 LP347 NP6-7-8,MNL004,LP347,NP6-7-8,MNL004 LP347,Zamora Pandacan,MANILA,3,2,BARANGAY 837,,,14.591611,121.0121,,,,,,,24,2021-07-18,OSP
MNL004 LP342 NP1-2,MNL004,LP342,NP1-2,MNL004 LP342,Zamora Pandacan,MANILA,3,2,BARANGAY 837,,,14.592657,121.01347,,,,,,,16,2021-07-18,OSP
MNL004 LP342 NP3-4-5,MNL004,LP342,NP3-4-5,MNL004 LP342,Zamora Pandacan,MANILA,3,2,BARANGAY 837,,,14.592438,121.01364,,,,,,,24,2021-07-18,OSP
MNL004 LP342 NP6-7-8,MNL004,LP342,NP6-7-8,MNL004 LP342,Zamora Pandacan,MANILA,3,2,BARANGAY 837,,,14.592222,121.01387,,,,,,,24,2021-07-18,OSP
MNL004 LP343 NP1-2,MNL004,LP343,NP1-2,MNL004 LP343,Zamora Pandacan,MANILA,3,2,BARANGAY 837,,,14.591705,121.01423,,,,,,,16,2021-07-18,OSP
MNL004 LP343 NP3-4-5,MNL004,LP343,NP3-4-5,MNL004 LP343,Zamora Pandacan,MANILA,3,2,BARANGAY 837,,,14.591423,121.01376,,,,,,,24,2021-07-18,OSP
MNL004 LP343 NP6-7-8,MNL004,LP343,NP6-7-8,MNL004 LP343,Zamora Pandacan,MANILA,3,2,BARANGAY 837,,,14.591046,121.01276,,,,,,,24,2021-07-18,OSP
MNL004 LP344 NP1-2,MNL004,LP344,NP1-2,MNL004 LP344,Zamora Pandacan,MANILA,3,2,BARANGAY 837,,,14.592056,121.0121,,,,,,,16,2021-07-18,OSP
MNL004 LP344 NP3-4-5,MNL004,LP344,NP3-4-5,MNL004 LP344,Zamora Pandacan,MANILA,3,2,BARANGAY 837,,,14.59201,121.01182,,,,,,,24,2021-07-18,OSP
MNL004 LP350 NP1-2,MNL004,LP350,NP1-2,MNL004 LP350,Zamora Pandacan,MANILA,3,2,BARANGAY 837,,,14.590958,121.01236,,,,,,,16,2021-07-18,OSP
MNL001 LP262 NP5-6,MNL001,LP262,NP5-6,MNL001 LP262,Zen Tower,MANILA,3,2,BARANGAY 837,,,14.59231086,121.0120922,,,,,,,16,2019-07-04,OSP
MNL001 LP257 NP7-8,MNL001,LP257,NP7-8,MNL001 LP257,Zen Tower,MANILA,3,2,BARANGAY 837,,,14.59094318,121.0123672,,,,,,,16,2019-07-04,OSP
MNL001 LP258 NP1-2,MNL001,LP258,NP1-2,MNL001 LP258,Zen Tower,MANILA,3,2,BARANGAY 837,,,14.59102983,121.0128702,,,,,,,16,2019-07-04,OSP
MNL001 LP258 NP3-4,MNL001,LP258,NP3-4,MNL001 LP258,Zen Tower,MANILA,3,2,BARANGAY 837,,,14.59132739,121.0135931,,,,,,,16,2019-07-04,OSP
MNL001 LP258 NP5-6,MNL001,LP258,NP5-6,MNL001 LP258,Zen Tower,MANILA,3,2,BARANGAY 837,,,14.59175492,121.0141886,,,,,,,16,2019-07-04,OSP
MNL001 LP258 NP7-8,MNL001,LP258,NP7-8,MNL001 LP258,Zen Tower,MANILA,3,2,BARANGAY 837,,,14.59243731,121.0136539,,,,,,,16,2019-07-04,OSP
MNL001 LP260 NP3-4,MNL001,LP260,NP3-4,MNL001 LP260,Zen Tower,MANILA,3,2,BARANGAY 837,,,14.59187182,121.0119616,,,,,,,16,2019-07-04,OSP
MNL001 LP260 NP5-6,MNL001,LP260,NP5-6,MNL001 LP260,Zen Tower,MANILA,3,2,BARANGAY 837,,,14.59145376,121.0122092,,,,,,,16,2019-07-04,OSP
MNL001 LP260 NP7-8,MNL001,LP260,NP7-8,MNL001 LP260,Zen Tower,MANILA,3,2,BARANGAY 837,,,14.59151105,121.013021,,,,,,,16,2019-07-04,OSP
MNL001 LP261 NP1-2,MNL001,LP261,NP1-2,MNL001 LP261,Zen Tower,MANILA,3,2,BARANGAY 837,,,14.59191744,121.0135887,,,,,,,16,2019-07-04,OSP
MNL001 LP261 NP3-4,MNL001,LP261,NP3-4,MNL001 LP261,Zen Tower,MANILA,3,2,BARANGAY 837,,,14.59195703,121.0129623,,,,,,,16,2019-07-04,OSP
MNL001 LP261 NP5-6,MNL001,LP261,NP5-6,MNL001 LP261,Zen Tower,MANILA,3,2,BARANGAY 837,,,14.59226705,121.0128988,,,,,,,16,2019-07-04,OSP
MNL004 LP95 NP5-6,MNL004,LP95,NP5-6,MNL004 LP95,Zamora Pandacan,MANILA,3,2,BARANGAY 838,,,14.592917,121.011929,,,,,,,16,2020-02-09,OSP
MNL004 LP95 NP7-8,MNL004,LP95,NP7-8,MNL004 LP95,Zamora Pandacan,MANILA,3,2,BARANGAY 838,,,14.592864,121.011629,,,,,,,16,2020-02-09,OSP
MNL004 LP93 NP1-2,MNL004,LP93,NP1-2,MNL004 LP93,Zamora Pandacan,MANILA,3,2,BARANGAY 838,,,14.59091,121.010091,,,,,,,16,2020-02-09,OSP
MNL004 LP93 NP3-4,MNL004,LP93,NP3-4,MNL004 LP93,Zamora Pandacan,MANILA,3,2,BARANGAY 838,,,14.591842,121.010659,,,,,,,16,2020-02-09,OSP
MNL004 LP93 NP5-6,MNL004,LP93,NP5-6,MNL004 LP93,Zamora Pandacan,MANILA,3,2,BARANGAY 838,,,14.592236,121.011774,,,,,,,16,2020-02-09,OSP
MNL004 LP95 NP1-2,MNL004,LP95,NP1-2,MNL004 LP95,Zamora Pandacan,MANILA,3,2,BARANGAY 838,,,14.592654,121.012328,,,,,,,16,2020-02-09,OSP
MNL004 LP95 NP3-4,MNL004,LP95,NP3-4,MNL004 LP95,Zamora Pandacan,MANILA,3,2,BARANGAY 838,,,14.592534,121.011432,,,,,,,16,2020-02-09,OSP
MNL004 LP336 NP1-2,MNL004,LP336,NP1-2,MNL004 LP336,Zamora Pandacan,MANILA,3,2,BARANGAY 838,,,14.590866,121.01008,,,,,,,16,2021-07-18,OSP
MNL004 LP336 NP3-4-5,MNL004,LP336,NP3-4-5,MNL004 LP336,Zamora Pandacan,MANILA,3,2,BARANGAY 838,,,14.591253,121.01022,,,,,,,24,2021-07-18,OSP
MNL004 LP336 NP6-7-8,MNL004,LP336,NP6-7-8,MNL004 LP336,Zamora Pandacan,MANILA,3,2,BARANGAY 838,,,14.591548,121.01045,,,,,,,24,2021-07-18,OSP
MNL004 LP337 NP1-2,MNL004,LP337,NP1-2,MNL004 LP337,Zamora Pandacan,MANILA,3,2,BARANGAY 838,,,14.592152,121.01096,,,,,,,16,2021-07-18,OSP
MNL004 LP337 NP3-4-5,MNL004,LP337,NP3-4-5,MNL004 LP337,Zamora Pandacan,MANILA,3,2,BARANGAY 838,,,14.592194,121.01122,,,,,,,24,2021-07-18,OSP
MNL004 LP337 NP6-7-8,MNL004,LP337,NP6-7-8,MNL004 LP337,Zamora Pandacan,MANILA,3,2,BARANGAY 838,,,14.592172,121.01138,,,,,,,24,2021-07-18,OSP
MNL004 LP338 NP6-7-8,MNL004,LP338,NP6-7-8,MNL004 LP338,Zamora Pandacan,MANILA,3,2,BARANGAY 838,,,14.59277,121.013,,,,,,,24,2021-07-18,OSP
MNL004 LP339 NP1-2,MNL004,LP339,NP1-2,MNL004 LP339,Zamora Pandacan,MANILA,3,2,BARANGAY 838,,,14.592651,121.01239,,,,,,,16,2021-07-18,OSP
MNL004 LP339 NP3-4-5,MNL004,LP339,NP3-4-5,MNL004 LP339,Zamora Pandacan,MANILA,3,2,BARANGAY 838,,,14.592651,121.01203,,,,,,,24,2021-07-18,OSP
MNL004 LP339 NP6-7-8,MNL004,LP339,NP6-7-8,MNL004 LP339,Zamora Pandacan,MANILA,3,2,BARANGAY 838,,,14.592529,121.01166,,,,,,,24,2021-07-18,OSP
MNL004 LP340 NP1-2,MNL004,LP340,NP1-2,MNL004 LP340,Zamora Pandacan,MANILA,3,2,BARANGAY 838,,,14.592917,121.01193,,,,,,,16,2021-07-18,OSP
MNL004 LP340 NP3-4-5,MNL004,LP340,NP3-4-5,MNL004 LP340,Zamora Pandacan,MANILA,3,2,BARANGAY 838,,,14.592917,121.011939,,,,,,,24,2021-07-18,OSP
MNL004 LP340 NP6-7-8,MNL004,LP340,NP6-7-8,MNL004 LP340,Zamora Pandacan,MANILA,3,2,BARANGAY 838,,,14.592912,121.01226,,,,,,,24,2021-07-18,OSP
MNL004 LP341 NP1-2,MNL004,LP341,NP1-2,MNL004 LP341,Zamora Pandacan,MANILA,3,2,BARANGAY 838,,,14.593068,121.01192,,,,,,,16,2021-07-18,OSP
MNL004 LP341 NP3-4-5,MNL004,LP341,NP3-4-5,MNL004 LP341,Zamora Pandacan,MANILA,3,2,BARANGAY 838,,,14.593353,121.01205,,,,,,,24,2021-07-18,OSP
MNL004 LP341 NP6-7-8,MNL004,LP341,NP6-7-8,MNL004 LP341,Zamora Pandacan,MANILA,3,2,BARANGAY 838,,,14.593541,121.01207,,,,,,,24,2021-07-18,OSP
MNL001 LP261 NP7-8,MNL001,LP261,NP7-8,MNL001 LP261,Zen Tower,MANILA,3,2,BARANGAY 838,,,14.59277426,121.0129809,,,,,,,16,2019-07-04,OSP
MNL001 LP262 NP1-2,MNL001,LP262,NP1-2,MNL001 LP262,Zen Tower,MANILA,3,2,BARANGAY 838,,,14.5926508,121.0120583,,,,,,,16,2019-07-04,OSP
MNL001 LP262 NP3-4,MNL001,LP262,NP3-4,MNL001 LP262,Zen Tower,MANILA,3,2,BARANGAY 838,,,14.59310984,121.0119178,,,,,,,16,2019-07-04,OSP
MNL001 LP262 NP7-8,MNL001,LP262,NP7-8,MNL001 LP262,Zen Tower,MANILA,3,2,BARANGAY 838,,,14.59222001,121.0112881,,,,,,,16,2019-07-04,OSP
MNL001 LP263 NP1-2,MNL001,LP263,NP1-2,MNL001 LP263,Zen Tower,MANILA,3,2,BARANGAY 838,,,14.59215871,121.0109347,,,,,,,16,2019-07-04,OSP
MNL001 LP263 NP3-4,MNL001,LP263,NP3-4,MNL001 LP263,Zen Tower,MANILA,3,2,BARANGAY 838,,,14.5913781,121.0102838,,,,,,,16,2019-07-04,OSP
MNL001 LP263 NP7-8,MNL001,LP263,NP7-8,MNL001 LP263,Zen Tower,MANILA,3,2,BARANGAY 838,,,14.59105,121.009684,,,,,,,16,2020-08-07,OSP
MNL004 LP94 NP7-8,MNL004,LP94,NP7-8,MNL004 LP94,Zamora Pandacan,MANILA,3,2,BARANGAY 839,,,14.589823,121.012138,,,,,,,16,2020-02-09,OSP
MNL004 LP351 NP3-4,MNL004,LP351,NP3-4,MNL004 LP351,Zamora Pandacan,MANILA,3,2,BARANGAY 839,,,14.590248,121.01102,,,,,,,16,2021-07-18,OSP
MNL004 LP351 NP5-6,MNL004,LP351,NP5-6,MNL004 LP351,Zamora Pandacan,MANILA,3,2,BARANGAY 839,,,14.59,121.01161,,,,,,,16,2021-07-18,OSP
MNL004 LP351 NP7-8,MNL004,LP351,NP7-8,MNL004 LP351,Zamora Pandacan,MANILA,3,2,BARANGAY 839,,,14.589969,121.01271,,,,,,,16,2021-07-18,OSP
MNL001 LP257 NP3-4,MNL001,LP257,NP3-4,MNL001 LP257,Zen Tower,MANILA,3,2,BARANGAY 839,,,14.59011435,121.0113608,,,,,,,16,2019-07-04,OSP
MNL001 LP257 NP5-6,MNL001,LP257,NP5-6,MNL001 LP257,Zen Tower,MANILA,3,2,BARANGAY 839,,,14.59020922,121.012763,,,,,,,16,2019-07-04,OSP
MNL004 LP96 NP3-4,MNL004,LP96,NP3-4,MNL004 LP96,Zamora Pandacan,MANILA,3,2,BARANGAY 840,,,14.591768,121.011496,,,,,,,16,2020-02-09,OSP
MNL004 LP96 NP5-6,MNL004,LP96,NP5-6,MNL004 LP96,Zamora Pandacan,MANILA,3,2,BARANGAY 840,,,14.591648,121.01095,,,,,,,16,2020-02-09,OSP
MNL004 LP96 NP7-8,MNL004,LP96,NP7-8,MNL004 LP96,Zamora Pandacan,MANILA,3,2,BARANGAY 840,,,14.59156,121.011525,,,,,,,16,2020-02-09,OSP
MNL004 LP97 NP5-6,MNL004,LP97,NP5-6,MNL004 LP97,Zamora Pandacan,MANILA,3,2,BARANGAY 840,,,14.591323,121.011686,,,,,,,16,2020-03-19,OSP
MNL004 LP97 NP7-8,MNL004,LP97,NP7-8,MNL004 LP97,Zamora Pandacan,MANILA,3,2,BARANGAY 840,,,14.591231,121.011031,,,,,,,16,2020-03-19,OSP
MNL004 LP98 NP1-2,MNL004,LP98,NP1-2,MNL004 LP98,Zamora Pandacan,MANILA,3,2,BARANGAY 840,,,14.591092,121.011521,,,,,,,16,2020-03-19,OSP
MNL004 LP98 NP5-6,MNL004,LP98,NP5-6,MNL004 LP98,Zamora Pandacan,MANILA,3,2,BARANGAY 840,,,14.590894,121.011952,,,,,,,16,2020-03-19,OSP
MNL004 LP98 NP7-8,MNL004,LP98,NP7-8,MNL004 LP98,Zamora Pandacan,MANILA,3,2,BARANGAY 840,,,14.590707,121.010801,,,,,,,16,2020-03-19,OSP
MNL004 LP344 NP6-7-8,MNL004,LP344,NP6-7-8,MNL004 LP344,Zamora Pandacan,MANILA,3,2,BARANGAY 840,,,14.591894,121.01123,,,,,,,24,2021-07-18,OSP
MNL004 LP345 NP1-2,MNL004,LP345,NP1-2,MNL004 LP345,Zamora Pandacan,MANILA,3,2,BARANGAY 840,,,14.591719,121.01126,,,,,,,16,2021-07-18,OSP
MNL004 LP348 NP1-2,MNL004,LP348,NP1-2,MNL004 LP348,Zamora Pandacan,MANILA,3,2,BARANGAY 840,,,14.591566,121.01168,,,,,,,16,2021-07-18,OSP
MNL004 LP348 NP3-4-5,MNL004,LP348,NP3-4-5,MNL004 LP348,Zamora Pandacan,MANILA,3,2,BARANGAY 840,,,14.59152,121.01134,,,,,,,24,2021-07-18,OSP
MNL004 LP348 NP6-7-8,MNL004,LP348,NP6-7-8,MNL004 LP348,Zamora Pandacan,MANILA,3,2,BARANGAY 840,,,14.591474,121.01086,,,,,,,24,2021-07-18,OSP
MNL004 LP349 NP1-2,MNL004,LP349,NP1-2,MNL004 LP349,Zamora Pandacan,MANILA,3,2,BARANGAY 840,,,14.591261,121.0114,,,,,,,16,2021-07-18,OSP
MNL004 LP349 NP3-4-5,MNL004,LP349,NP3-4-5,MNL004 LP349,Zamora Pandacan,MANILA,3,2,BARANGAY 840,,,14.59112,121.01193,,,,,,,24,2021-07-18,OSP
MNL004 LP349 NP6-7-8,MNL004,LP349,NP6-7-8,MNL004 LP349,Zamora Pandacan,MANILA,3,2,BARANGAY 840,,,14.591147,121.0122,,,,,,,24,2021-07-18,OSP
MNL004 LP350 NP3-4-5,MNL004,LP350,NP3-4-5,MNL004 LP350,Zamora Pandacan,MANILA,3,2,BARANGAY 840,,,14.590875,121.01187,,,,,,,24,2021-07-18,OSP
MNL004 LP350 NP6-7-8,MNL004,LP350,NP6-7-8,MNL004 LP350,Zamora Pandacan,MANILA,3,2,BARANGAY 840,,,14.590827,121.01142,,,,,,,24,2021-07-18,OSP
MNL004 LP351 NP1-2,MNL004,LP351,NP1-2,MNL004 LP351,Zamora Pandacan,MANILA,3,2,BARANGAY 840,,,14.59074,121.01081,,,,,,,16,2021-07-18,OSP
MNL001 LP257 NP1-2,MNL001,LP257,NP1-2,MNL001 LP257,Zen Tower,MANILA,3,2,BARANGAY 840,,,14.59066531,121.0103978,,,,,,,16,2019-07-04,OSP
MNL001 LP263 NP5-6,MNL001,LP263,NP5-6,MNL001 LP263,Zen Tower,MANILA,3,2,BARANGAY 840,,,14.590742,121.010205,,,,,,,16,2020-08-07,OSP
MNL001 LP259 NP1-2,MNL001,LP259,NP1-2,MNL001 LP259,Zen Tower,MANILA,3,2,BARANGAY 840,,,14.59078364,121.0114141,,,,,,,16,2019-07-04,OSP
MNL001 LP259 NP3-4,MNL001,LP259,NP3-4,MNL001 LP259,Zen Tower,MANILA,3,2,BARANGAY 840,,,14.59105622,121.0111821,,,,,,,16,2019-07-04,OSP
MNL001 LP259 NP5-6,MNL001,LP259,NP5-6,MNL001 LP259,Zen Tower,MANILA,3,2,BARANGAY 840,,,14.59143531,121.0108469,,,,,,,16,2019-07-04,OSP
MNL001 LP259 NP7-8,MNL001,LP259,NP7-8,MNL001 LP259,Zen Tower,MANILA,3,2,BARANGAY 840,,,14.59192371,121.0111612,,,,,,,16,2019-07-04,OSP
MNL001 LP260 NP1-2,MNL001,LP260,NP1-2,MNL001 LP260,Zen Tower,MANILA,3,2,BARANGAY 840,,,14.5920156,121.0117821,,,,,,,16,2019-07-04,OSP
MNL004 LP485 NP1-2,MNL004,LP485,NP1-2,MNL004 LP485,Zamora Pandacan,MANILA,3,2,BARANGAY 841,,,14.585233,121.000319,,,,,,,16,2021-08-30,OSP
MNL004 LP485 NP3-5,MNL004,LP485,NP3-5,MNL004 LP485,Zamora Pandacan,MANILA,3,2,BARANGAY 841,,,14.585227,121.000325,,,,,,,24,2021-08-30,OSP
MNL004 LP485 NP6-8,MNL004,LP485,NP6-8,MNL004 LP485,Zamora Pandacan,MANILA,3,2,BARANGAY 841,,,14.585014,121.000004,,,,,,,24,2021-08-30,OSP
MNL004 LP486 NP1-2,MNL004,LP486,NP1-2,MNL004 LP486,Zamora Pandacan,MANILA,3,2,BARANGAY 841,,,14.58501,120.999997,,,,,,,16,2021-08-30,OSP
MNL004 LP486 NP3-5,MNL004,LP486,NP3-5,MNL004 LP486,Zamora Pandacan,MANILA,3,2,BARANGAY 841,,,14.585016,120.999998,,,,,,,24,2021-08-30,OSP
MNL004 LP486 NP6-8,MNL004,LP486,NP6-8,MNL004 LP486,Zamora Pandacan,MANILA,3,2,BARANGAY 841,,,14.584826,120.999696,,,,,,,24,2021-08-30,OSP
MNL004 LP487 NP1-2,MNL004,LP487,NP1-2,MNL004 LP487,Zamora Pandacan,MANILA,3,2,BARANGAY 841,,,14.584819,120.999696,,,,,,,16,2021-08-30,OSP
MNL004 LP477 NP3-5,MNL004,LP477,NP3-5,MNL004 LP477,Zamora Pandacan,MANILA,3,2,BARANGAY 841,,,14.586851,121.000945,,,,,,,24,2021-08-30,OSP
MNL004 LP477 NP6-8,MNL004,LP477,NP6-8,MNL004 LP477,Zamora Pandacan,MANILA,3,2,BARANGAY 841,,,14.586961,121.001004,,,,,,,24,2021-08-30,OSP
MNL004 LP480 NP1-2,MNL004,LP480,NP1-2,MNL004 LP480,Zamora Pandacan,MANILA,3,2,BARANGAY 841,,,14.586601,121.000386,,,,,,,16,2021-08-30,OSP
MNL004 LP480 NP3-5,MNL004,LP480,NP3-5,MNL004 LP480,Zamora Pandacan,MANILA,3,2,BARANGAY 841,,,14.58661,121.000391,,,,,,,24,2021-08-30,OSP
MNL004 LP480 NP6-8,MNL004,LP480,NP6-8,MNL004 LP480,Zamora Pandacan,MANILA,3,2,BARANGAY 841,,,14.586619,121.000383,,,,,,,24,2021-08-30,OSP
MNL004 LP481 NP1-2,MNL004,LP481,NP1-2,MNL004 LP481,Zamora Pandacan,MANILA,3,2,BARANGAY 841,,,14.585442,121.000658,,,,,,,16,2021-08-30,OSP
MNL004 LP481 NP3-5,MNL004,LP481,NP3-5,MNL004 LP481,Zamora Pandacan,MANILA,3,2,BARANGAY 841,,,14.585442,121.000651,,,,,,,24,2021-08-30,OSP
MNL001 LP276 NP3-4,MNL001,LP276,NP3-4,MNL001 LP276,Zen Tower,MANILA,3,2,BARANGAY 841,,,14.58690224,121.0008689,,,,,,,16,2019-08-02,OSP
MNL001 LP270 NP7-8,MNL001,LP270,NP7-8,MNL001 LP270,Zen Tower,MANILA,3,2,BARANGAY 841,,,14.58541849,121.0006755,,,,,,,16,2019-08-02,OSP
MNL001 LP272 NP1-2,MNL001,LP272,NP1-2,MNL001 LP272,Zen Tower,MANILA,3,2,BARANGAY 841,,,14.58511575,120.9994686,,,,,,,16,2019-08-02,OSP
MNL001 LP272 NP3-4,MNL001,LP272,NP3-4,MNL001 LP272,Zen Tower,MANILA,3,2,BARANGAY 841,,,14.58553326,120.9992024,,,,,,,16,2019-08-02,OSP
MNL001 LP272 NP5-6,MNL001,LP272,NP5-6,MNL001 LP272,Zen Tower,MANILA,3,2,BARANGAY 841,,,14.58608405,120.9989658,,,,,,,16,2019-08-02,OSP
MNL001 LP272 NP7-8,MNL001,LP272,NP7-8,MNL001 LP272,Zen Tower,MANILA,3,2,BARANGAY 841,,,14.58650271,120.9988344,,,,,,,16,2019-08-02,OSP
MNL001 LP274 NP3-4,MNL001,LP274,NP3-4,MNL001 LP274,Zen Tower,MANILA,3,2,BARANGAY 841,,,14.58659908,121.0003825,,,,,,,16,2019-08-02,OSP
MNL001 LP270 NP3-4,MNL001,LP270,NP3-4,MNL001 LP270,Zen Tower,MANILA,3,2,BARANGAY 841,,,14.58482809,120.9996738,,,,,,,16,2019-08-02,OSP
MNL001 LP270 NP5-6,MNL001,LP270,NP5-6,MNL001 LP270,Zen Tower,MANILA,3,2,BARANGAY 841,,,14.58521783,121.0003287,,,,,,,16,2019-08-02,OSP
MNL004 LP478 NP1-2,MNL004,LP478,NP1-2,MNL004 LP478,Zamora Pandacan,MANILA,3,2,BARANGAY 842,,,14.586968,121.000693,,,,,,,16,2021-08-30,OSP
MNL004 LP478 NP3-5,MNL004,LP478,NP3-5,MNL004 LP478,Zamora Pandacan,MANILA,3,2,BARANGAY 842,,,14.587084,121.00075,,,,,,,24,2021-08-30,OSP
MNL004 LP478 NP6-8,MNL004,LP478,NP6-8,MNL004 LP478,Zamora Pandacan,MANILA,3,2,BARANGAY 842,,,14.587089,121.000755,,,,,,,24,2021-08-30,OSP
MNL004 LP479 NP1-2,MNL004,LP479,NP1-2,MNL004 LP479,Zamora Pandacan,MANILA,3,2,BARANGAY 842,,,14.58569,121.000997,,,,,,,16,2021-08-30,OSP
MNL004 LP479 NP3-5,MNL004,LP479,NP3-5,MNL004 LP479,Zamora Pandacan,MANILA,3,2,BARANGAY 842,,,14.58598,121.000804,,,,,,,24,2021-08-30,OSP
MNL004 LP479 NP6-8,MNL004,LP479,NP6-8,MNL004 LP479,Zamora Pandacan,MANILA,3,2,BARANGAY 842,,,14.585986,121.000799,,,,,,,24,2021-08-30,OSP
MNL004 LP475 NP1-2,MNL004,LP475,NP1-2,MNL004 LP475,Zamora Pandacan,MANILA,3,2,BARANGAY 842,,,14.586136,121.001626,,,,,,,16,2021-08-30,OSP
MNL004 LP475 NP3-5,MNL004,LP475,NP3-5,MNL004 LP475,Zamora Pandacan,MANILA,3,2,BARANGAY 842,,,14.586144,121.001624,,,,,,,24,2021-08-30,OSP
MNL004 LP475 NP6-8,MNL004,LP475,NP6-8,MNL004 LP475,Zamora Pandacan,MANILA,3,2,BARANGAY 842,,,14.585936,121.001351,,,,,,,24,2021-08-30,OSP
MNL004 LP476 NP1-2,MNL004,LP476,NP1-2,MNL004 LP476,Zamora Pandacan,MANILA,3,2,BARANGAY 842,,,14.585944,121.00135,,,,,,,16,2021-08-30,OSP
MNL004 LP476 NP3-5,MNL004,LP476,NP3-5,MNL004 LP476,Zamora Pandacan,MANILA,3,2,BARANGAY 842,,,14.586093,121.001321,,,,,,,24,2021-08-30,OSP
MNL004 LP476 NP6-8,MNL004,LP476,NP6-8,MNL004 LP476,Zamora Pandacan,MANILA,3,2,BARANGAY 842,,,14.586385,121.001264,,,,,,,24,2021-08-30,OSP
MNL004 LP477 NP1-2,MNL004,LP477,NP1-2,MNL004 LP477,Zamora Pandacan,MANILA,3,2,BARANGAY 842,,,14.586592,121.001224,,,,,,,16,2021-08-30,OSP
MNL004 LP468 NP1-2,MNL004,LP468,NP1-2,MNL004 LP468,Zamora Pandacan,MANILA,3,2,BARANGAY 842,,,14.58685,121.001823,,,,,,,16,2021-08-30,OSP
MNL004 LP468 NP3-5,MNL004,LP468,NP3-5,MNL004 LP468,Zamora Pandacan,MANILA,3,2,BARANGAY 842,,,14.586681,121.001823,,,,,,,24,2021-08-30,OSP
MNL004 LP468 NP6-8,MNL004,LP468,NP6-8,MNL004 LP468,Zamora Pandacan,MANILA,3,2,BARANGAY 842,,,14.586489,121.001833,,,,,,,24,2021-08-30,OSP
MNL004 LP469 NP1-2,MNL004,LP469,NP1-2,MNL004 LP469,Zamora Pandacan,MANILA,3,2,BARANGAY 842,,,14.586308,121.001833,,,,,,,16,2021-08-30,OSP
MNL004 LP442 NP1-2,MNL004,LP442,NP1-2,MNL004 LP442,Zamora Pandacan,MANILA,3,2,BARANGAY 842,,,14.587405,121.000078,,,,,,,16,2021-08-30,OSP
MNL004 LP442 NP3-5,MNL004,LP442,NP3-5,MNL004 LP442,Zamora Pandacan,MANILA,3,2,BARANGAY 842,,,14.587407,121.000083,,,,,,,24,2021-08-30,OSP
MNL004 LP442 NP6-8,MNL004,LP442,NP6-8,MNL004 LP442,Zamora Pandacan,MANILA,3,2,BARANGAY 842,,,14.587322,121.000266,,,,,,,24,2021-08-30,OSP
MNL001 LP275 NP1-2,MNL001,LP275,NP1-2,MNL001 LP275,Zen Tower,MANILA,3,2,BARANGAY 842,,,14.58594113,121.0013713,,,,,,,16,2019-08-02,OSP
MNL001 LP275 NP3-4,MNL001,LP275,NP3-4,MNL001 LP275,Zen Tower,MANILA,3,2,BARANGAY 842,,,14.58624098,121.0012972,,,,,,,16,2019-08-02,OSP
MNL001 LP275 NP5-6,MNL001,LP275,NP5-6,MNL001 LP275,Zen Tower,MANILA,3,2,BARANGAY 842,,,14.58645327,121.0012795,,,,,,,16,2019-08-02,OSP
MNL001 LP275 NP7-8,MNL001,LP275,NP7-8,MNL001 LP275,Zen Tower,MANILA,3,2,BARANGAY 842,,,14.58660429,121.0012111,,,,,,,16,2019-08-02,OSP
MNL001 LP276 NP1-2,MNL001,LP276,NP1-2,MNL001 LP276,Zen Tower,MANILA,3,2,BARANGAY 842,,,14.58673493,121.0011927,,,,,,,16,2019-08-02,OSP
MNL001 LP276 NP5-6,MNL001,LP276,NP5-6,MNL001 LP276,Zen Tower,MANILA,3,2,BARANGAY 842,,,14.58698066,121.0006975,,,,,,,16,2019-08-02,OSP
MNL001 LP276 NP7-8,MNL001,LP276,NP7-8,MNL001 LP276,Zen Tower,MANILA,3,2,BARANGAY 842,,,14.58707815,121.0004941,,,,,,,16,2019-08-02,OSP
MNL001 LP277 NP1-2,MNL001,LP277,NP1-2,MNL001 LP277,Zen Tower,MANILA,3,2,BARANGAY 842,,,14.58630477,121.001828,,,,,,,16,2019-08-02,OSP
MNL001 LP274 NP1-2,MNL001,LP274,NP1-2,MNL001 LP274,Zen Tower,MANILA,3,2,BARANGAY 842,,,14.58690396,121.0001726,,,,,,,16,2019-08-02,OSP
MNL001 LP274 NP5-6,MNL001,LP274,NP5-6,MNL001 LP274,Zen Tower,MANILA,3,2,BARANGAY 842,,,14.58598142,121.0008045,,,,,,,16,2019-08-02,OSP
MNL001 LP274 NP7-8,MNL001,LP274,NP7-8,MNL001 LP274,Zen Tower,MANILA,3,2,BARANGAY 842,,,14.58568191,121.0010068,,,,,,,16,2019-08-02,OSP
MNL004 LP441 NP6-8,MNL004,LP441,NP6-8,MNL004 LP441,Zamora Pandacan,MANILA,3,2,BARANGAY 843,,,14.587514,120.999796,,,,,,,24,2021-08-30,OSP
MNL004 LP443 NP1-2,MNL004,LP443,NP1-2,MNL004 LP443,Zamora Pandacan,MANILA,3,2,BARANGAY 843,,,14.587882,120.998783,,,,,,,16,2021-08-30,OSP
MNL004 LP443 NP3-5,MNL004,LP443,NP3-5,MNL004 LP443,Zamora Pandacan,MANILA,3,2,BARANGAY 843,,,14.587982,120.998513,,,,,,,24,2021-08-30,OSP
MNL004 LP443 NP6-8,MNL004,LP443,NP6-8,MNL004 LP443,Zamora Pandacan,MANILA,3,2,BARANGAY 843,,,14.587986,120.998516,,,,,,,24,2021-08-30,OSP
MNL004 LP444 NP1-2,MNL004,LP444,NP1-2,MNL004 LP444,Zamora Pandacan,MANILA,3,2,BARANGAY 843,,,14.588708,120.999079,,,,,,,16,2021-08-30,OSP
MNL004 LP439 NP1-2,MNL004,LP439,NP1-2,MNL004 LP439,Zamora Pandacan,MANILA,3,2,BARANGAY 843,,,14.587956,120.999144,,,,,,,16,2021-08-30,OSP
MNL004 LP439 NP3-5,MNL004,LP439,NP3-5,MNL004 LP439,Zamora Pandacan,MANILA,3,2,BARANGAY 843,,,14.587786,120.999083,,,,,,,24,2021-08-30,OSP
MNL004 LP439 NP6-8,MNL004,LP439,NP6-8,MNL004 LP439,Zamora Pandacan,MANILA,3,2,BARANGAY 843,,,14.587784,120.999081,,,,,,,24,2021-08-30,OSP
MNL004 LP440 NP1-2,MNL004,LP440,NP1-2,MNL004 LP440,Zamora Pandacan,MANILA,3,2,BARANGAY 843,,,14.587647,120.999448,,,,,,,16,2021-08-30,OSP
MNL004 LP440 NP3-5,MNL004,LP440,NP3-5,MNL004 LP440,Zamora Pandacan,MANILA,3,2,BARANGAY 843,,,14.587648,120.999444,,,,,,,24,2021-08-30,OSP
MNL004 LP440 NP6-8,MNL004,LP440,NP6-8,MNL004 LP440,Zamora Pandacan,MANILA,3,2,BARANGAY 843,,,14.587632,120.999523,,,,,,,24,2021-08-30,OSP
MNL004 LP441 NP1-2,MNL004,LP441,NP1-2,MNL004 LP441,Zamora Pandacan,MANILA,3,2,BARANGAY 843,,,14.587632,120.99952,,,,,,,16,2021-08-30,OSP
MNL004 LP441 NP3-5,MNL004,LP441,NP3-5,MNL004 LP441,Zamora Pandacan,MANILA,3,2,BARANGAY 843,,,14.587515,120.99979,,,,,,,24,2021-08-30,OSP
MNL004 LP432 NP1-2,MNL004,LP432,NP1-2,MNL004 LP432,Zamora Pandacan,MANILA,3,2,BARANGAY 843,,,14.588581,120.998834,,,,,,,16,2021-08-30,OSP
MNL004 LP432 NP3-5,MNL004,LP432,NP3-5,MNL004 LP432,Zamora Pandacan,MANILA,3,2,BARANGAY 843,,,14.58839,120.998592,,,,,,,24,2021-08-30,OSP
MNL004 LP432 NP6-8,MNL004,LP432,NP6-8,MNL004 LP432,Zamora Pandacan,MANILA,3,2,BARANGAY 843,,,14.588387,120.998957,,,,,,,24,2021-08-30,OSP
MNL004 LP433 NP1-2,MNL004,LP433,NP1-2,MNL004 LP433,Zamora Pandacan,MANILA,3,2,BARANGAY 843,,,14.588038,120.99913,,,,,,,16,2021-08-30,OSP
MNL004 LP433 NP3-5,MNL004,LP433,NP3-5,MNL004 LP433,Zamora Pandacan,MANILA,3,2,BARANGAY 843,,,14.588035,120.999122,,,,,,,24,2021-08-30,OSP
MNL004 LP433 NP6-8,MNL004,LP433,NP6-8,MNL004 LP433,Zamora Pandacan,MANILA,3,2,BARANGAY 843,,,14.588028,120.999123,,,,,,,24,2021-08-30,OSP
MNL004 LP434 NP1-2,MNL004,LP434,NP1-2,MNL004 LP434,Zamora Pandacan,MANILA,3,2,BARANGAY 843,,,14.588127,120.999259,,,,,,,16,2021-08-30,OSP
MNL004 LP434 NP3-5,MNL004,LP434,NP3-5,MNL004 LP434,Zamora Pandacan,MANILA,3,2,BARANGAY 843,,,14.588128,120.999262,,,,,,,24,2021-08-30,OSP
MNL004 LP434 NP6-8,MNL004,LP434,NP6-8,MNL004 LP434,Zamora Pandacan,MANILA,3,2,BARANGAY 843,,,14.588368,120.999615,,,,,,,24,2021-08-30,OSP
MNL004 LP435 NP1-2,MNL004,LP435,NP1-2,MNL004 LP435,Zamora Pandacan,MANILA,3,2,BARANGAY 843,,,14.588332,120.999735,,,,,,,16,2021-08-30,OSP
MNL004 LP435 NP3-5,MNL004,LP435,NP3-5,MNL004 LP435,Zamora Pandacan,MANILA,3,2,BARANGAY 843,,,14.58833,120.999741,,,,,,,24,2021-08-30,OSP
MNL004 LP435 NP6-8,MNL004,LP435,NP6-8,MNL004 LP435,Zamora Pandacan,MANILA,3,2,BARANGAY 843,,,14.58833,120.999744,,,,,,,24,2021-08-30,OSP
MNL004 LP436 NP1-2,MNL004,LP436,NP1-2,MNL004 LP436,Zamora Pandacan,MANILA,3,2,BARANGAY 843,,,14.588299,120.999815,,,,,,,16,2021-08-30,OSP
MNL001 LP389 NP1-2,MNL001,LP389,NP1-2,MNL001 LP389,Zen Tower,MANILA,3,2,BARANGAY 843,,,14.588545,120.99883,,,,,,,16,2020-09-29,OSP
MNL001 LP389 NP3-4,MNL001,LP389,NP3-4,MNL001 LP389,Zen Tower,MANILA,3,2,BARANGAY 843,,,14.588368,120.998952,,,,,,,16,2020-09-29,OSP
MNL001 LP391 NP1-2,MNL001,LP391,NP1-2,MNL001 LP391,Zen Tower,MANILA,3,2,BARANGAY 843,,,14.588017,120.999077,,,,,,,16,2020-09-29,OSP
MNL001 LP391 NP3-4,MNL001,LP391,NP3-4,MNL001 LP391,Zen Tower,MANILA,3,2,BARANGAY 843,,,14.588166,120.999363,,,,,,,16,2020-09-29,OSP
MNL001 LP391 NP5-6,MNL001,LP391,NP5-6,MNL001 LP391,Zen Tower,MANILA,3,2,BARANGAY 843,,,14.588376,120.999625,,,,,,,16,2020-09-29,OSP
MNL001 LP391 NP7-8,MNL001,LP391,NP7-8,MNL001 LP391,Zen Tower,MANILA,3,2,BARANGAY 843,,,14.588291,120.999769,,,,,,,16,2020-09-29,OSP
MNL001 LP273 NP1-2,MNL001,LP273,NP1-2,MNL001 LP273,Zen Tower,MANILA,3,2,BARANGAY 843,,,14.58690268,120.9987135,,,,,,,16,2019-08-02,OSP
MNL001 LP273 NP3-4,MNL001,LP273,NP3-4,MNL001 LP273,Zen Tower,MANILA,3,2,BARANGAY 843,,,14.58700402,120.9992064,,,,,,,16,2019-08-02,OSP
MNL001 LP273 NP5-6,MNL001,LP273,NP5-6,MNL001 LP273,Zen Tower,MANILA,3,2,BARANGAY 843,,,14.58711061,120.9995171,,,,,,,16,2019-08-02,OSP
MNL001 LP273 NP7-8,MNL001,LP273,NP7-8,MNL001 LP273,Zen Tower,MANILA,3,2,BARANGAY 843,,,14.58704677,120.9997748,,,,,,,16,2019-08-02,OSP
MNL004 LP467 NP3-5,MNL004,LP467,NP3-5,MNL004 LP467,Zamora Pandacan,MANILA,3,2,BARANGAY 844,,,14.587458,121.001047,,,,,,,24,2021-08-30,OSP
MNL004 LP467 NP6-8,MNL004,LP467,NP6-8,MNL004 LP467,Zamora Pandacan,MANILA,3,2,BARANGAY 844,,,14.587464,121.001043,,,,,,,24,2021-08-30,OSP
MNL004 LP461 NP6-8,MNL004,LP461,NP6-8,MNL004 LP461,Zamora Pandacan,MANILA,3,2,BARANGAY 844,,,14.588665,121.000757,,,,,,,24,2021-08-30,OSP
MNL004 LP462 NP1-2,MNL004,LP462,NP1-2,MNL004 LP462,Zamora Pandacan,MANILA,3,2,BARANGAY 844,,,14.588672,121.000757,,,,,,,16,2021-08-30,OSP
MNL004 LP462 NP3-5,MNL004,LP462,NP3-5,MNL004 LP462,Zamora Pandacan,MANILA,3,2,BARANGAY 844,,,14.588677,121.000765,,,,,,,24,2021-08-30,OSP
MNL004 LP462 NP6-8,MNL004,LP462,NP6-8,MNL004 LP462,Zamora Pandacan,MANILA,3,2,BARANGAY 844,,,14.588805,121.000844,,,,,,,24,2021-08-30,OSP
MNL004 LP463 NP1-2,MNL004,LP463,NP1-2,MNL004 LP463,Zamora Pandacan,MANILA,3,2,BARANGAY 844,,,14.588919,121.000686,,,,,,,16,2021-08-30,OSP
MNL004 LP463 NP3-5,MNL004,LP463,NP3-5,MNL004 LP463,Zamora Pandacan,MANILA,3,2,BARANGAY 844,,,14.588872,121.000582,,,,,,,24,2021-08-30,OSP
MNL004 LP463 NP6-8,MNL004,LP463,NP6-8,MNL004 LP463,Zamora Pandacan,MANILA,3,2,BARANGAY 844,,,14.588875,121.000582,,,,,,,24,2021-08-30,OSP
MNL004 LP464 NP1-2,MNL004,LP464,NP1-2,MNL004 LP464,Zamora Pandacan,MANILA,3,2,BARANGAY 844,,,14.588883,121.000896,,,,,,,16,2021-08-30,OSP
MNL004 LP464 NP3-5,MNL004,LP464,NP3-5,MNL004 LP464,Zamora Pandacan,MANILA,3,2,BARANGAY 844,,,14.588887,121.0009,,,,,,,24,2021-08-30,OSP
MNL004 LP464 NP6-8,MNL004,LP464,NP6-8,MNL004 LP464,Zamora Pandacan,MANILA,3,2,BARANGAY 844,,,14.589126,121.001061,,,,,,,24,2021-08-30,OSP
MNL004 LP465 NP1-2,MNL004,LP465,NP1-2,MNL004 LP465,Zamora Pandacan,MANILA,3,2,BARANGAY 844,,,14.589132,121.001064,,,,,,,16,2021-08-30,OSP
MNL004 LP465 NP3-5,MNL004,LP465,NP3-5,MNL004 LP465,Zamora Pandacan,MANILA,3,2,BARANGAY 844,,,14.589136,121.001065,,,,,,,24,2021-08-30,OSP
MNL004 LP465 NP6-8,MNL004,LP465,NP6-8,MNL004 LP465,Zamora Pandacan,MANILA,3,2,BARANGAY 844,,,14.589383,121.001234,,,,,,,24,2021-08-30,OSP
MNL004 LP466 NP1-2,MNL004,LP466,NP1-2,MNL004 LP466,Zamora Pandacan,MANILA,3,2,BARANGAY 844,,,14.587285,121.001795,,,,,,,16,2021-08-30,OSP
MNL004 LP466 NP3-5,MNL004,LP466,NP3-5,MNL004 LP466,Zamora Pandacan,MANILA,3,2,BARANGAY 844,,,14.587097,121.001799,,,,,,,24,2021-08-30,OSP
MNL004 LP466 NP6-8,MNL004,LP466,NP6-8,MNL004 LP466,Zamora Pandacan,MANILA,3,2,BARANGAY 844,,,14.587089,121.0018,,,,,,,24,2021-08-30,OSP
MNL004 LP467 NP1-2,MNL004,LP467,NP1-2,MNL004 LP467,Zamora Pandacan,MANILA,3,2,BARANGAY 844,,,14.587173,121.001489,,,,,,,16,2021-08-30,OSP
MNL004 LP457 NP3-5,MNL004,LP457,NP3-5,MNL004 LP457,Zamora Pandacan,MANILA,3,2,BARANGAY 844,,,14.587812,121.001044,,,,,,,24,2021-08-30,OSP
MNL004 LP457 NP6-8,MNL004,LP457,NP6-8,MNL004 LP457,Zamora Pandacan,MANILA,3,2,BARANGAY 844,,,14.587811,121.00104,,,,,,,24,2021-08-30,OSP
MNL004 LP458 NP1-2,MNL004,LP458,NP1-2,MNL004 LP458,Zamora Pandacan,MANILA,3,2,BARANGAY 844,,,14.587946,121.000775,,,,,,,16,2021-08-30,OSP
MNL004 LP458 NP3-5,MNL004,LP458,NP3-5,MNL004 LP458,Zamora Pandacan,MANILA,3,2,BARANGAY 844,,,14.587944,121.000771,,,,,,,24,2021-08-30,OSP
MNL004 LP458 NP6-8,MNL004,LP458,NP6-8,MNL004 LP458,Zamora Pandacan,MANILA,3,2,BARANGAY 844,,,14.587948,121.000765,,,,,,,24,2021-08-30,OSP
MNL004 LP459 NP1-2,MNL004,LP459,NP1-2,MNL004 LP459,Zamora Pandacan,MANILA,3,2,BARANGAY 844,,,14.588129,121.00064,,,,,,,16,2021-08-30,OSP
MNL004 LP459 NP3-5,MNL004,LP459,NP3-5,MNL004 LP459,Zamora Pandacan,MANILA,3,2,BARANGAY 844,,,14.588129,121.000637,,,,,,,24,2021-08-30,OSP
MNL004 LP459 NP6-8,MNL004,LP459,NP6-8,MNL004 LP459,Zamora Pandacan,MANILA,3,2,BARANGAY 844,,,14.588126,121.000637,,,,,,,24,2021-08-30,OSP
MNL004 LP460 NP1-2,MNL004,LP460,NP1-2,MNL004 LP460,Zamora Pandacan,MANILA,3,2,BARANGAY 844,,,14.588189,121.000593,,,,,,,16,2021-08-30,OSP
MNL004 LP460 NP3-5,MNL004,LP460,NP3-5,MNL004 LP460,Zamora Pandacan,MANILA,3,2,BARANGAY 844,,,14.588258,121.000595,,,,,,,24,2021-08-30,OSP
MNL004 LP460 NP6-8,MNL004,LP460,NP6-8,MNL004 LP460,Zamora Pandacan,MANILA,3,2,BARANGAY 844,,,14.588262,121.000596,,,,,,,24,2021-08-30,OSP
MNL004 LP461 NP1-2,MNL004,LP461,NP1-2,MNL004 LP461,Zamora Pandacan,MANILA,3,2,BARANGAY 844,,,14.588408,121.000652,,,,,,,16,2021-08-30,OSP
MNL004 LP461 NP3-5,MNL004,LP461,NP3-5,MNL004 LP461,Zamora Pandacan,MANILA,3,2,BARANGAY 844,,,14.588554,121.000709,,,,,,,24,2021-08-30,OSP
MNL004 LP455 NP1-2,MNL004,LP455,NP1-2,MNL004 LP455,Zamora Pandacan,MANILA,3,2,BARANGAY 844,,,14.587662,121.001785,,,,,,,16,2021-08-30,OSP
MNL004 LP455 NP3-5,MNL004,LP455,NP3-5,MNL004 LP455,Zamora Pandacan,MANILA,3,2,BARANGAY 844,,,14.587457,121.001786,,,,,,,24,2021-08-30,OSP
MNL004 LP455 NP6-8,MNL004,LP455,NP6-8,MNL004 LP455,Zamora Pandacan,MANILA,3,2,BARANGAY 844,,,14.587573,121.001663,,,,,,,24,2021-08-30,OSP
MNL004 LP456 NP1-2,MNL004,LP456,NP1-2,MNL004 LP456,Zamora Pandacan,MANILA,3,2,BARANGAY 844,,,14.58759,121.001497,,,,,,,16,2021-08-30,OSP
MNL004 LP456 NP3-5,MNL004,LP456,NP3-5,MNL004 LP456,Zamora Pandacan,MANILA,3,2,BARANGAY 844,,,14.587589,121.001493,,,,,,,24,2021-08-30,OSP
MNL004 LP456 NP6-8,MNL004,LP456,NP6-8,MNL004 LP456,Zamora Pandacan,MANILA,3,2,BARANGAY 844,,,14.587592,121.001496,,,,,,,24,2021-08-30,OSP
MNL004 LP457 NP1-2,MNL004,LP457,NP1-2,MNL004 LP457,Zamora Pandacan,MANILA,3,2,BARANGAY 844,,,14.587807,121.001049,,,,,,,16,2021-08-30,OSP
MNL004 LP447 NP3-5,MNL004,LP447,NP3-5,MNL004 LP447,Zamora Pandacan,MANILA,3,2,BARANGAY 844,,,14.589688,121.001306,,,,,,,24,2021-08-30,OSP
MNL004 LP444 NP3-5,MNL004,LP444,NP3-5,MNL004 LP444,Zamora Pandacan,MANILA,3,2,BARANGAY 844,,,14.588836,120.999438,,,,,,,24,2021-08-30,OSP
MNL004 LP444 NP6-8,MNL004,LP444,NP6-8,MNL004 LP444,Zamora Pandacan,MANILA,3,2,BARANGAY 844,,,14.58898,120.999848,,,,,,,24,2021-08-30,OSP
MNL004 LP445 NP1-2,MNL004,LP445,NP1-2,MNL004 LP445,Zamora Pandacan,MANILA,3,2,BARANGAY 844,,,14.588986,120.999845,,,,,,,16,2021-08-30,OSP
MNL004 LP445 NP3-5,MNL004,LP445,NP3-5,MNL004 LP445,Zamora Pandacan,MANILA,3,2,BARANGAY 844,,,14.589097,121.000127,,,,,,,24,2021-08-30,OSP
MNL004 LP445 NP6-8,MNL004,LP445,NP6-8,MNL004 LP445,Zamora Pandacan,MANILA,3,2,BARANGAY 844,,,14.589098,121.000137,,,,,,,24,2021-08-30,OSP
MNL004 LP446 NP1-2,MNL004,LP446,NP1-2,MNL004 LP446,Zamora Pandacan,MANILA,3,2,BARANGAY 844,,,14.589263,121.000594,,,,,,,16,2021-08-30,OSP
MNL004 LP446 NP3-5,MNL004,LP446,NP3-5,MNL004 LP446,Zamora Pandacan,MANILA,3,2,BARANGAY 844,,,14.589268,121.000604,,,,,,,24,2021-08-30,OSP
MNL004 LP446 NP6-8,MNL004,LP446,NP6-8,MNL004 LP446,Zamora Pandacan,MANILA,3,2,BARANGAY 844,,,14.589479,121.000993,,,,,,,24,2021-08-30,OSP
MNL004 LP447 NP1-2,MNL004,LP447,NP1-2,MNL004 LP447,Zamora Pandacan,MANILA,3,2,BARANGAY 844,,,14.58955,121.001123,,,,,,,16,2021-08-30,OSP
MNL004 LP437 NP3-5,MNL004,LP437,NP3-5,MNL004 LP437,Zamora Pandacan,MANILA,3,2,BARANGAY 844,,,14.588145,121.000201,,,,,,,24,2021-08-30,OSP
MNL004 LP437 NP6-8,MNL004,LP437,NP6-8,MNL004 LP437,Zamora Pandacan,MANILA,3,2,BARANGAY 844,,,14.588143,121.000208,,,,,,,24,2021-08-30,OSP
MNL004 LP438 NP1-2,MNL004,LP438,NP1-2,MNL004 LP438,Zamora Pandacan,MANILA,3,2,BARANGAY 844,,,14.588075,121.000292,,,,,,,16,2021-08-30,OSP
MNL004 LP438 NP3-5,MNL004,LP438,NP3-5,MNL004 LP438,Zamora Pandacan,MANILA,3,2,BARANGAY 844,,,14.588075,121.000297,,,,,,,24,2021-08-30,OSP
MNL004 LP438 NP6-8,MNL004,LP438,NP6-8,MNL004 LP438,Zamora Pandacan,MANILA,3,2,BARANGAY 844,,,14.58807,121.000292,,,,,,,24,2021-08-30,OSP
MNL004 LP436 NP3-5,MNL004,LP436,NP3-5,MNL004 LP436,Zamora Pandacan,MANILA,3,2,BARANGAY 844,,,14.588226,120.999992,,,,,,,24,2021-08-30,OSP
MNL004 LP436 NP6-8,MNL004,LP436,NP6-8,MNL004 LP436,Zamora Pandacan,MANILA,3,2,BARANGAY 844,,,14.588228,121,,,,,,,24,2021-08-30,OSP
MNL004 LP437 NP1-2,MNL004,LP437,NP1-2,MNL004 LP437,Zamora Pandacan,MANILA,3,2,BARANGAY 844,,,14.588149,121.000194,,,,,,,16,2021-08-30,OSP
MNL001 LP279 NP3-4,MNL001,LP279,NP3-4,MNL001 LP279,Zen Tower,MANILA,3,2,BARANGAY 844,,,14.58889557,121.000909,,,,,,,16,2019-08-02,OSP
MNL001 LP279 NP5-6,MNL001,LP279,NP5-6,MNL001 LP279,Zen Tower,MANILA,3,2,BARANGAY 844,,,14.58915238,121.0010795,,,,,,,16,2019-08-02,OSP
MNL001 LP389 NP5-6,MNL001,LP389,NP5-6,MNL001 LP389,Zen Tower,MANILA,3,2,BARANGAY 844,,,14.588808,120.999488,,,,,,,16,2020-09-29,OSP
MNL001 LP389 NP7-8,MNL001,LP389,NP7-8,MNL001 LP389,Zen Tower,MANILA,3,2,BARANGAY 844,,,14.58893,120.999833,,,,,,,16,2020-09-29,OSP
MNL001 LP390 NP1-2,MNL001,LP390,NP1-2,MNL001 LP390,Zen Tower,MANILA,3,2,BARANGAY 844,,,14.58916,121.000463,,,,,,,16,2020-09-29,OSP
MNL001 LP390 NP3-4,MNL001,LP390,NP3-4,MNL001 LP390,Zen Tower,MANILA,3,2,BARANGAY 844,,,14.589263,121.000675,,,,,,,16,2020-09-29,OSP
MNL001 LP390 NP5-6,MNL001,LP390,NP5-6,MNL001 LP390,Zen Tower,MANILA,3,2,BARANGAY 844,,,14.589423,121.00094,,,,,,,16,2020-09-29,OSP
MNL001 LP390 NP7-8,MNL001,LP390,NP7-8,MNL001 LP390,Zen Tower,MANILA,3,2,BARANGAY 844,,,14.589578,121.001202,,,,,,,16,2020-09-29,OSP
MNL001 LP277 NP3-4,MNL001,LP277,NP3-4,MNL001 LP277,Zen Tower,MANILA,3,2,BARANGAY 844,,,14.58705556,121.0018042,,,,,,,16,2019-08-02,OSP
MNL001 LP277 NP5-6,MNL001,LP277,NP5-6,MNL001 LP277,Zen Tower,MANILA,3,2,BARANGAY 844,,,14.58744893,121.0017917,,,,,,,16,2019-08-02,OSP
MNL001 LP277 NP7-8,MNL001,LP277,NP7-8,MNL001 LP277,Zen Tower,MANILA,3,2,BARANGAY 844,,,14.58758228,121.0015109,,,,,,,16,2019-08-02,OSP
MNL001 LP278 NP1-2,MNL001,LP278,NP1-2,MNL001 LP278,Zen Tower,MANILA,3,2,BARANGAY 844,,,14.58773611,121.0012012,,,,,,,16,2019-08-02,OSP
MNL001 LP278 NP3-4,MNL001,LP278,NP3-4,MNL001 LP278,Zen Tower,MANILA,3,2,BARANGAY 844,,,14.58782257,121.001015,,,,,,,16,2019-08-02,OSP
MNL001 LP278 NP5-6,MNL001,LP278,NP5-6,MNL001 LP278,Zen Tower,MANILA,3,2,BARANGAY 844,,,14.58794714,121.0007697,,,,,,,16,2019-08-02,OSP
MNL001 LP278 NP7-8,MNL001,LP278,NP7-8,MNL001 LP278,Zen Tower,MANILA,3,2,BARANGAY 844,,,14.58822141,121.0005785,,,,,,,16,2019-08-02,OSP
MNL001 LP279 NP1-2,MNL001,LP279,NP1-2,MNL001 LP279,Zen Tower,MANILA,3,2,BARANGAY 844,,,14.58865923,121.0007556,,,,,,,16,2019-08-02,OSP
MNL004 LP451 NP6-8,MNL004,LP451,NP6-8,MNL004 LP451,Zamora Pandacan,MANILA,3,2,BARANGAY 845,,,14.588691,121.001644,,,,,,,24,2021-08-30,OSP