Box Name,OLT,LCP,NAP,LCP Name,Node Name,Municipality,Cluster,Sector,Barangay,Subdivision,Building Name,Latitude,Longitude,Parent Site,Parent Floor,Parent Room,Additional Details,Remarks,Landmark,Capacity,Installation Date,OSP / ISP
MNL069 LP21 NP1-2,MNL069,LP21,NP1-2,MNL069 LP21,Baseco 2,MANILA,3,2,BARANGAY 649,,,14.593157,120.958981,,,,,,,16,2021-11-01,OSP
MNL069 LP21 NP3-4,MNL069,LP21,NP3-4,MNL069 LP21,Baseco 2,MANILA,3,2,BARANGAY 649,,,14.593157,120.958981,,,,,,,16,2021-11-01,OSP
MNL069 LP21 NP5-6,MNL069,LP21,NP5-6,MNL069 LP21,Baseco 2,MANILA,3,2,BARANGAY 649,,,14.593516,120.959039,,,,,,,16,2021-11-01,OSP
MNL069 LP21 NP7-8,MNL069,LP21,NP7-8,MNL069 LP21,Baseco 2,MANILA,3,2,BARANGAY 649,,,14.593516,120.959039,,,,,,,16,2021-11-01,OSP
MNL069 LP22 NP1-2,MNL069,LP22,NP1-2,MNL069 LP22,Baseco 2,MANILA,3,2,BARANGAY 649,,,14.593399,120.958625,,,,,,,16,2021-11-01,OSP
MNL069 LP22 NP3-4,MNL069,LP22,NP3-4,MNL069 LP22,Baseco 2,MANILA,3,2,BARANGAY 649,,,14.593399,120.958625,,,,,,,16,2021-11-01,OSP
MNL069 LP22 NP5-6,MNL069,LP22,NP5-6,MNL069 LP22,Baseco 2,MANILA,3,2,BARANGAY 649,,,14.593258,120.958681,,,,,,,16,2021-11-01,OSP
MNL069 LP22 NP7-8,MNL069,LP22,NP7-8,MNL069 LP22,Baseco 2,MANILA,3,2,BARANGAY 649,,,14.593258,120.958681,,,,,,,16,2021-11-01,OSP
MNL069 LP23 NP1-2,MNL069,LP23,NP1-2,MNL069 LP23,Baseco 2,MANILA,3,2,BARANGAY 649,,,14.593095,120.958751,,,,,,,16,2021-11-01,OSP
MNL069 LP23 NP3-4,MNL069,LP23,NP3-4,MNL069 LP23,Baseco 2,MANILA,3,2,BARANGAY 649,,,14.593095,120.958751,,,,,,,16,2021-11-01,OSP
MNL069 LP23 NP5-6,MNL069,LP23,NP5-6,MNL069 LP23,Baseco 2,MANILA,3,2,BARANGAY 649,,,14.592946,120.958357,,,,,,,16,2021-11-01,OSP
MNL069 LP87 NP6-8,MNL069,LP87,NP6-8,MNL069 LP87,Baseco 2,MANILA,3,2,BARANGAY 649,,,14.591312,120.969556,,,,,,,24,2021-11-18,OSP
MNL069 LP88 NP1-2,MNL069,LP88,NP1-2,MNL069 LP88,Baseco 2,MANILA,3,2,BARANGAY 649,,,14.591312,120.969556,,,,,,,16,2021-11-18,OSP
MNL069 LP9 NP1-2,MNL069,LP9,NP1-2,MNL069 LP9,Baseco 2,MANILA,3,2,BARANGAY 649,,,14.587232,120.957113,,,,,,,16,2021-11-17,OSP
MNL069 LP9 NP3-5,MNL069,LP9,NP3-5,MNL069 LP9,Baseco 2,MANILA,3,2,BARANGAY 649,,,14.587383,120.957288,,,,,,,24,2021-11-17,OSP
MNL069 LP9 NP6-8,MNL069,LP9,NP6-8,MNL069 LP9,Baseco 2,MANILA,3,2,BARANGAY 649,,,14.587383,120.957288,,,,,,,24,2021-11-17,OSP
MNL069 LP16 NP1-2,MNL069,LP16,NP1-2,MNL069 LP16,Baseco 2,MANILA,3,2,BARANGAY 649,,,14.5941,120.960256,,,,,,,16,2021-11-01,OSP
MNL069 LP16 NP3-4,MNL069,LP16,NP3-4,MNL069 LP16,Baseco 2,MANILA,3,2,BARANGAY 649,,,14.5941,120.960256,,,,,,,16,2021-11-01,OSP
MNL069 LP16 NP5-6,MNL069,LP16,NP5-6,MNL069 LP16,Baseco 2,MANILA,3,2,BARANGAY 649,,,14.594131,120.960024,,,,,,,16,2021-11-01,OSP
MNL069 LP16 NP7-8,MNL069,LP16,NP7-8,MNL069 LP16,Baseco 2,MANILA,3,2,BARANGAY 649,,,14.594131,120.960024,,,,,,,16,2021-11-01,OSP
MNL069 LP17 NP1-2,MNL069,LP17,NP1-2,MNL069 LP17,Baseco 2,MANILA,3,2,BARANGAY 649,,,14.594162,120.959886,,,,,,,16,2021-11-01,OSP
MNL069 LP17 NP3-4,MNL069,LP17,NP3-4,MNL069 LP17,Baseco 2,MANILA,3,2,BARANGAY 649,,,14.594162,120.959886,,,,,,,16,2021-11-01,OSP
MNL069 LP17 NP5-6,MNL069,LP17,NP5-6,MNL069 LP17,Baseco 2,MANILA,3,2,BARANGAY 649,,,14.593521,120.959146,,,,,,,16,2021-11-01,OSP
MNL069 LP17 NP7-8,MNL069,LP17,NP7-8,MNL069 LP17,Baseco 2,MANILA,3,2,BARANGAY 649,,,14.593521,120.959146,,,,,,,16,2021-11-01,OSP
MNL069 LP18 NP1-2,MNL069,LP18,NP1-2,MNL069 LP18,Baseco 2,MANILA,3,2,BARANGAY 649,,,14.593485,120.959434,,,,,,,16,2021-11-01,OSP
MNL069 LP18 NP3-4,MNL069,LP18,NP3-4,MNL069 LP18,Baseco 2,MANILA,3,2,BARANGAY 649,,,14.593485,120.959434,,,,,,,16,2021-11-01,OSP
MNL069 LP18 NP5-6,MNL069,LP18,NP5-6,MNL069 LP18,Baseco 2,MANILA,3,2,BARANGAY 649,,,14.593462,120.959585,,,,,,,16,2021-11-01,OSP
MNL069 LP18 NP7-8,MNL069,LP18,NP7-8,MNL069 LP18,Baseco 2,MANILA,3,2,BARANGAY 649,,,14.593462,120.959585,,,,,,,16,2021-11-01,OSP
MNL069 LP19 NP1-2,MNL069,LP19,NP1-2,MNL069 LP19,Baseco 2,MANILA,3,2,BARANGAY 649,,,14.593394,120.960054,,,,,,,16,2021-11-01,OSP
MNL069 LP19 NP3-4,MNL069,LP19,NP3-4,MNL069 LP19,Baseco 2,MANILA,3,2,BARANGAY 649,,,14.593394,120.960054,,,,,,,16,2021-11-01,OSP
MNL069 LP19 NP5-6,MNL069,LP19,NP5-6,MNL069 LP19,Baseco 2,MANILA,3,2,BARANGAY 649,,,14.593366,120.960209,,,,,,,16,2021-11-01,OSP
MNL069 LP19 NP7-8,MNL069,LP19,NP7-8,MNL069 LP19,Baseco 2,MANILA,3,2,BARANGAY 649,,,14.593366,120.960209,,,,,,,16,2021-11-01,OSP
MNL069 LP82 NP7-8,MNL069,LP82,NP7-8,MNL069 LP82,Baseco 2,MANILA,3,2,BARANGAY 649,,,14.586834,120.957948,,,,,,,16,2021-11-01,OSP
MNL069 LP83 NP1-2,MNL069,LP83,NP1-2,MNL069 LP83,Baseco 2,MANILA,3,2,BARANGAY 649,,,14.586659,120.958097,,,,,,,16,2021-11-01,OSP
MNL069 LP83 NP3-4,MNL069,LP83,NP3-4,MNL069 LP83,Baseco 2,MANILA,3,2,BARANGAY 649,,,14.586659,120.958097,,,,,,,16,2021-11-01,OSP
MNL069 LP83 NP5-6,MNL069,LP83,NP5-6,MNL069 LP83,Baseco 2,MANILA,3,2,BARANGAY 649,,,14.58654,120.958211,,,,,,,16,2021-11-01,OSP
MNL069 LP83 NP7-8,MNL069,LP83,NP7-8,MNL069 LP83,Baseco 2,MANILA,3,2,BARANGAY 649,,,14.58654,120.958211,,,,,,,16,2021-11-01,OSP
MNL069 LP84 NP1-2,MNL069,LP84,NP1-2,MNL069 LP84,Baseco 2,MANILA,3,2,BARANGAY 649,,,14.586458,120.958174,,,,,,,16,2021-11-01,OSP
MNL069 LP84 NP3-4,MNL069,LP84,NP3-4,MNL069 LP84,Baseco 2,MANILA,3,2,BARANGAY 649,,,14.586458,120.958174,,,,,,,16,2021-11-01,OSP
MNL069 LP84 NP5-6,MNL069,LP84,NP5-6,MNL069 LP84,Baseco 2,MANILA,3,2,BARANGAY 649,,,14.586059,120.958699,,,,,,,16,2021-11-01,OSP
MNL069 LP84 NP7-8,MNL069,LP84,NP7-8,MNL069 LP84,Baseco 2,MANILA,3,2,BARANGAY 649,,,14.586059,120.958699,,,,,,,16,2021-11-01,OSP
MNL069 LP85 NP1-2,MNL069,LP85,NP1-2,MNL069 LP85,Baseco 2,MANILA,3,2,BARANGAY 649,,,14.585861,120.959,,,,,,,16,2021-11-01,OSP
MNL069 LP85 NP3-4,MNL069,LP85,NP3-4,MNL069 LP85,Baseco 2,MANILA,3,2,BARANGAY 649,,,14.585861,120.959,,,,,,,16,2021-11-01,OSP
MNL069 LP85 NP5-6,MNL069,LP85,NP5-6,MNL069 LP85,Baseco 2,MANILA,3,2,BARANGAY 649,,,14.585775,120.959124,,,,,,,16,2021-11-01,OSP
MNL069 LP85 NP7-8,MNL069,LP85,NP7-8,MNL069 LP85,Baseco 2,MANILA,3,2,BARANGAY 649,,,14.585775,120.959124,,,,,,,16,2021-11-01,OSP
MNL069 LP86 NP1-2,MNL069,LP86,NP1-2,MNL069 LP86,Baseco 2,MANILA,3,2,BARANGAY 649,,,14.585705,120.95925,,,,,,,16,2021-11-01,OSP
MNL069 LP86 NP3-4,MNL069,LP86,NP3-4,MNL069 LP86,Baseco 2,MANILA,3,2,BARANGAY 649,,,14.585705,120.95925,,,,,,,16,2021-11-01,OSP
MNL069 LP86 NP5-6,MNL069,LP86,NP5-6,MNL069 LP86,Baseco 2,MANILA,3,2,BARANGAY 649,,,14.585647,120.959384,,,,,,,16,2021-11-01,OSP
MNL069 LP86 NP7-8,MNL069,LP86,NP7-8,MNL069 LP86,Baseco 2,MANILA,3,2,BARANGAY 649,,,14.585647,120.959384,,,,,,,16,2021-11-01,OSP
MNL069 LP11 NP1-2,MNL069,LP11,NP1-2,MNL069 LP11,Baseco 2,MANILA,3,2,BARANGAY 649,,,14.587149,120.957191,,,,,,,16,2021-11-17,OSP
MNL069 LP11 NP3-5,MNL069,LP11,NP3-5,MNL069 LP11,Baseco 2,MANILA,3,2,BARANGAY 649,,,14.586896,120.957479,,,,,,,24,2021-11-17,OSP
MNL069 LP11 NP6-8,MNL069,LP11,NP6-8,MNL069 LP11,Baseco 2,MANILA,3,2,BARANGAY 649,,,14.586896,120.957479,,,,,,,24,2021-11-17,OSP
MNL069 LP12 NP1-2,MNL069,LP12,NP1-2,MNL069 LP12,Baseco 2,MANILA,3,2,BARANGAY 649,,,14.58729,120.957423,,,,,,,16,2021-11-17,OSP
MNL069 LP12 NP3-5,MNL069,LP12,NP3-5,MNL069 LP12,Baseco 2,MANILA,3,2,BARANGAY 649,,,14.58729,120.957423,,,,,,,24,2021-11-17,OSP
MNL069 LP12 NP6-8,MNL069,LP12,NP6-8,MNL069 LP12,Baseco 2,MANILA,3,2,BARANGAY 649,,,14.587493,120.957607,,,,,,,24,2021-11-17,OSP
MNL069 LP13 NP1-2,MNL069,LP13,NP1-2,MNL069 LP13,Baseco 2,MANILA,3,2,BARANGAY 649,,,14.586623,120.957764,,,,,,,16,2021-11-17,OSP
MNL069 LP13 NP3-5,MNL069,LP13,NP3-5,MNL069 LP13,Baseco 2,MANILA,3,2,BARANGAY 649,,,14.586623,120.957764,,,,,,,24,2021-11-17,OSP
MNL069 LP13 NP6-8,MNL069,LP13,NP6-8,MNL069 LP13,Baseco 2,MANILA,3,2,BARANGAY 649,,,14.586321,120.958049,,,,,,,24,2021-11-17,OSP
MNL069 LP14 NP1-2,MNL069,LP14,NP1-2,MNL069 LP14,Baseco 2,MANILA,3,2,BARANGAY 649,,,14.586321,120.958049,,,,,,,16,2021-11-17,OSP
MNL069 LP14 NP3-5,MNL069,LP14,NP3-5,MNL069 LP14,Baseco 2,MANILA,3,2,BARANGAY 649,,,14.586038,120.958417,,,,,,,24,2021-11-17,OSP
MNL069 LP14 NP6-8,MNL069,LP14,NP6-8,MNL069 LP14,Baseco 2,MANILA,3,2,BARANGAY 649,,,14.586038,120.958417,,,,,,,24,2021-11-17,OSP
MNL069 LP15 NP1-2,MNL069,LP15,NP1-2,MNL069 LP15,Baseco 2,MANILA,3,2,BARANGAY 649,,,14.594055,120.960644,,,,,,,16,2021-11-01,OSP
MNL069 LP15 NP3-4,MNL069,LP15,NP3-4,MNL069 LP15,Baseco 2,MANILA,3,2,BARANGAY 649,,,14.594055,120.960644,,,,,,,16,2021-11-01,OSP
MNL069 LP15 NP5-6,MNL069,LP15,NP5-6,MNL069 LP15,Baseco 2,MANILA,3,2,BARANGAY 649,,,14.594067,120.96047,,,,,,,16,2021-11-01,OSP
MNL069 LP15 NP7-8,MNL069,LP15,NP7-8,MNL069 LP15,Baseco 2,MANILA,3,2,BARANGAY 649,,,14.594067,120.96047,,,,,,,16,2021-11-01,OSP
MNL069 LP10 NP1-2,MNL069,LP10,NP1-2,MNL069 LP10,Baseco 2,MANILA,3,2,BARANGAY 649,,,14.587337,120.956946,,,,,,,16,2021-11-17,OSP
MNL069 LP10 NP3-5,MNL069,LP10,NP3-5,MNL069 LP10,Baseco 2,MANILA,3,2,BARANGAY 649,,,14.587337,120.956946,,,,,,,24,2021-11-17,OSP
MNL069 LP10 NP6-8,MNL069,LP10,NP6-8,MNL069 LP10,Baseco 2,MANILA,3,2,BARANGAY 649,,,14.587232,120.957113,,,,,,,24,2021-11-17,OSP
MNL069 LP79 NP3-4,MNL069,LP79,NP3-4,MNL069 LP79,Baseco 2,MANILA,3,2,BARANGAY 649,,,14.587287,120.958272,,,,,,,16,2021-11-01,OSP
MNL069 LP79 NP5-6,MNL069,LP79,NP5-6,MNL069 LP79,Baseco 2,MANILA,3,2,BARANGAY 649,,,14.587492,120.958364,,,,,,,16,2021-11-01,OSP
MNL069 LP79 NP7-8,MNL069,LP79,NP7-8,MNL069 LP79,Baseco 2,MANILA,3,2,BARANGAY 649,,,14.587492,120.958364,,,,,,,16,2021-11-01,OSP
MNL069 LP8 NP1-2,MNL069,LP8,NP1-2,MNL069 LP8,Baseco 2,MANILA,3,2,BARANGAY 649,,,14.587645,120.95707,,,,,,,16,2021-11-17,OSP
MNL069 LP8 NP3-5,MNL069,LP8,NP3-5,MNL069 LP8,Baseco 2,MANILA,3,2,BARANGAY 649,,,14.587592,120.95713,,,,,,,24,2021-11-17,OSP
MNL069 LP8 NP6-8,MNL069,LP8,NP6-8,MNL069 LP8,Baseco 2,MANILA,3,2,BARANGAY 649,,,14.587592,120.95713,,,,,,,24,2021-11-17,OSP
MNL069 LP80 NP1-2,MNL069,LP80,NP1-2,MNL069 LP80,Baseco 2,MANILA,3,2,BARANGAY 649,,,14.58716,120.958092,,,,,,,16,2021-11-01,OSP
MNL069 LP80 NP3-4,MNL069,LP80,NP3-4,MNL069 LP80,Baseco 2,MANILA,3,2,BARANGAY 649,,,14.58716,120.958092,,,,,,,16,2021-11-01,OSP
MNL069 LP80 NP5-6,MNL069,LP80,NP5-6,MNL069 LP80,Baseco 2,MANILA,3,2,BARANGAY 649,,,14.586888,120.958393,,,,,,,16,2021-11-01,OSP
MNL069 LP80 NP7-8,MNL069,LP80,NP7-8,MNL069 LP80,Baseco 2,MANILA,3,2,BARANGAY 649,,,14.586888,120.958393,,,,,,,16,2021-11-01,OSP
MNL069 LP81 NP1-2,MNL069,LP81,NP1-2,MNL069 LP81,Baseco 2,MANILA,3,2,BARANGAY 649,,,14.586745,120.958552,,,,,,,16,2021-11-01,OSP
MNL069 LP81 NP3-4,MNL069,LP81,NP3-4,MNL069 LP81,Baseco 2,MANILA,3,2,BARANGAY 649,,,14.586745,120.958552,,,,,,,16,2021-11-01,OSP
MNL069 LP81 NP5-6,MNL069,LP81,NP5-6,MNL069 LP81,Baseco 2,MANILA,3,2,BARANGAY 649,,,14.586685,120.958716,,,,,,,16,2021-11-01,OSP
MNL069 LP81 NP7-8,MNL069,LP81,NP7-8,MNL069 LP81,Baseco 2,MANILA,3,2,BARANGAY 649,,,14.586685,120.958716,,,,,,,16,2021-11-01,OSP
MNL069 LP82 NP1-2,MNL069,LP82,NP1-2,MNL069 LP82,Baseco 2,MANILA,3,2,BARANGAY 649,,,14.58698,120.957865,,,,,,,16,2021-11-01,OSP
MNL069 LP82 NP3-4,MNL069,LP82,NP3-4,MNL069 LP82,Baseco 2,MANILA,3,2,BARANGAY 649,,,14.58698,120.957865,,,,,,,16,2021-11-01,OSP
MNL069 LP82 NP5-6,MNL069,LP82,NP5-6,MNL069 LP82,Baseco 2,MANILA,3,2,BARANGAY 649,,,14.586834,120.957948,,,,,,,16,2021-11-01,OSP
MNL069 LP1 NP1-2,MNL069,LP1,NP1-2,MNL069 LP1,Baseco 2,MANILA,3,2,BARANGAY 649,,,14.589513,120.955426,,,,,,,16,2021-11-17,OSP
MNL069 LP1 NP3-5,MNL069,LP1,NP3-5,MNL069 LP1,Baseco 2,MANILA,3,2,BARANGAY 649,,,14.589513,120.955426,,,,,,,24,2021-11-17,OSP
MNL069 LP1 NP6-8,MNL069,LP1,NP6-8,MNL069 LP1,Baseco 2,MANILA,3,2,BARANGAY 649,,,14.589265,120.955604,,,,,,,24,2021-11-17,OSP
MNL069 LP74 NP7-8,MNL069,LP74,NP7-8,MNL069 LP74,Baseco 2,MANILA,3,2,BARANGAY 649,,,14.58692,120.959237,,,,,,,16,2021-11-01,OSP
MNL069 LP75 NP1-2,MNL069,LP75,NP1-2,MNL069 LP75,Baseco 2,MANILA,3,2,BARANGAY 649,,,14.586742,120.959242,,,,,,,16,2021-11-01,OSP
MNL069 LP75 NP3-4,MNL069,LP75,NP3-4,MNL069 LP75,Baseco 2,MANILA,3,2,BARANGAY 649,,,14.586742,120.959242,,,,,,,16,2021-11-01,OSP
MNL069 LP75 NP5-6,MNL069,LP75,NP5-6,MNL069 LP75,Baseco 2,MANILA,3,2,BARANGAY 649,,,14.586649,120.959398,,,,,,,16,2021-11-01,OSP
MNL069 LP75 NP7-8,MNL069,LP75,NP7-8,MNL069 LP75,Baseco 2,MANILA,3,2,BARANGAY 649,,,14.586649,120.959398,,,,,,,16,2021-11-01,OSP
MNL069 LP76 NP3-4,MNL069,LP76,NP3-4,MNL069 LP76,Baseco 2,MANILA,3,2,BARANGAY 649,,,14.586531,120.959539,,,,,,,16,2021-11-01,OSP
MNL069 LP76 NP5-6,MNL069,LP76,NP5-6,MNL069 LP76,Baseco 2,MANILA,3,2,BARANGAY 649,,,14.586421,120.959461,,,,,,,16,2021-11-01,OSP
MNL069 LP76 NP7-8,MNL069,LP76,NP7-8,MNL069 LP76,Baseco 2,MANILA,3,2,BARANGAY 649,,,14.586421,120.959461,,,,,,,16,2021-11-01,OSP
MNL069 LP77 NP1-2,MNL069,LP77,NP1-2,MNL069 LP77,Baseco 2,MANILA,3,2,BARANGAY 649,,,14.586945,120.958961,,,,,,,16,2021-11-01,OSP
MNL069 LP77 NP3-4,MNL069,LP77,NP3-4,MNL069 LP77,Baseco 2,MANILA,3,2,BARANGAY 649,,,14.586945,120.958961,,,,,,,16,2021-11-01,OSP
MNL069 LP77 NP5-6,MNL069,LP77,NP5-6,MNL069 LP77,Baseco 2,MANILA,3,2,BARANGAY 649,,,14.586828,120.958775,,,,,,,16,2021-11-01,OSP
MNL069 LP77 NP7-8,MNL069,LP77,NP7-8,MNL069 LP77,Baseco 2,MANILA,3,2,BARANGAY 649,,,14.586828,120.958775,,,,,,,16,2021-11-01,OSP
MNL069 LP78 NP1-2,MNL069,LP78,NP1-2,MNL069 LP78,Baseco 2,MANILA,3,2,BARANGAY 649,,,14.587053,120.958532,,,,,,,16,2021-11-01,OSP
MNL069 LP78 NP3-4,MNL069,LP78,NP3-4,MNL069 LP78,Baseco 2,MANILA,3,2,BARANGAY 649,,,14.587053,120.958532,,,,,,,16,2021-11-01,OSP
MNL069 LP78 NP5-6,MNL069,LP78,NP5-6,MNL069 LP78,Baseco 2,MANILA,3,2,BARANGAY 649,,,14.587155,120.958379,,,,,,,16,2021-11-01,OSP
MNL069 LP78 NP7-8,MNL069,LP78,NP7-8,MNL069 LP78,Baseco 2,MANILA,3,2,BARANGAY 649,,,14.587155,120.958379,,,,,,,16,2021-11-01,OSP
MNL069 LP79 NP1-2,MNL069,LP79,NP1-2,MNL069 LP79,Baseco 2,MANILA,3,2,BARANGAY 649,,,14.587287,120.958272,,,,,,,16,2021-11-01,OSP
MNL069 LP70 NP5-6,MNL069,LP70,NP5-6,MNL069 LP70,Baseco 2,MANILA,3,2,BARANGAY 649,,,14.587549,120.958765,,,,,,,16,2021-11-01,OSP
MNL069 LP70 NP7-8,MNL069,LP70,NP7-8,MNL069 LP70,Baseco 2,MANILA,3,2,BARANGAY 649,,,14.587549,120.958765,,,,,,,16,2021-11-01,OSP
MNL069 LP71 NP1-2,MNL069,LP71,NP1-2,MNL069 LP71,Baseco 2,MANILA,3,2,BARANGAY 649,,,14.587421,120.958881,,,,,,,16,2021-11-01,OSP
MNL069 LP71 NP3-4,MNL069,LP71,NP3-4,MNL069 LP71,Baseco 2,MANILA,3,2,BARANGAY 649,,,14.587421,120.958881,,,,,,,16,2021-11-01,OSP
MNL069 LP71 NP5-6,MNL069,LP71,NP5-6,MNL069 LP71,Baseco 2,MANILA,3,2,BARANGAY 649,,,14.587302,120.958988,,,,,,,16,2021-11-01,OSP
MNL069 LP71 NP7-8,MNL069,LP71,NP7-8,MNL069 LP71,Baseco 2,MANILA,3,2,BARANGAY 649,,,14.587302,120.958988,,,,,,,16,2021-11-01,OSP
MNL069 LP72 NP1-2,MNL069,LP72,NP1-2,MNL069 LP72,Baseco 2,MANILA,3,2,BARANGAY 649,,,14.587177,120.959213,,,,,,,16,2021-11-01,OSP
MNL069 LP72 NP3-4,MNL069,LP72,NP3-4,MNL069 LP72,Baseco 2,MANILA,3,2,BARANGAY 649,,,14.587177,120.959213,,,,,,,16,2021-11-01,OSP
MNL069 LP72 NP5-6,MNL069,LP72,NP5-6,MNL069 LP72,Baseco 2,MANILA,3,2,BARANGAY 649,,,14.587116,120.959316,,,,,,,16,2021-11-01,OSP
MNL069 LP72 NP7-8,MNL069,LP72,NP7-8,MNL069 LP72,Baseco 2,MANILA,3,2,BARANGAY 649,,,14.587116,120.959316,,,,,,,16,2021-11-01,OSP
MNL069 LP73 NP1-2,MNL069,LP73,NP1-2,MNL069 LP73,Baseco 2,MANILA,3,2,BARANGAY 649,,,14.587057,120.959451,,,,,,,16,2021-11-01,OSP
MNL069 LP73 NP3-4,MNL069,LP73,NP3-4,MNL069 LP73,Baseco 2,MANILA,3,2,BARANGAY 649,,,14.587057,120.959451,,,,,,,16,2021-11-01,OSP
MNL069 LP73 NP5-6,MNL069,LP73,NP5-6,MNL069 LP73,Baseco 2,MANILA,3,2,BARANGAY 649,,,14.586987,120.959607,,,,,,,16,2021-11-01,OSP
MNL069 LP73 NP7-8,MNL069,LP73,NP7-8,MNL069 LP73,Baseco 2,MANILA,3,2,BARANGAY 649,,,14.586987,120.959607,,,,,,,16,2021-11-01,OSP
MNL069 LP74 NP1-2,MNL069,LP74,NP1-2,MNL069 LP74,Baseco 2,MANILA,3,2,BARANGAY 649,,,14.5871,120.959104,,,,,,,16,2021-11-01,OSP
MNL069 LP74 NP3-4,MNL069,LP74,NP3-4,MNL069 LP74,Baseco 2,MANILA,3,2,BARANGAY 649,,,14.5871,120.959104,,,,,,,16,2021-11-01,OSP
MNL069 LP74 NP5-6,MNL069,LP74,NP5-6,MNL069 LP74,Baseco 2,MANILA,3,2,BARANGAY 649,,,14.58692,120.959237,,,,,,,16,2021-11-01,OSP
MNL069 LP75 NP6-8,MNL069,LP75,NP6-8,MNL069 LP75,Baseco 2,MANILA,3,2,BARANGAY 649,,,14.591493,120.956672,,,,,,,24,2021-09-21,OSP
MNL069 LP76 NP1-2,MNL069,LP76,NP1-2,MNL069 LP76,Baseco 2,MANILA,3,2,BARANGAY 649,,,14.591493,120.956672,,,,,,,16,2021-09-21,OSP
MNL069 LP76 NP3-5,MNL069,LP76,NP3-5,MNL069 LP76,Baseco 2,MANILA,3,2,BARANGAY 649,,,14.591312,120.95686,,,,,,,24,2021-09-21,OSP
MNL069 LP76 NP6-8,MNL069,LP76,NP6-8,MNL069 LP76,Baseco 2,MANILA,3,2,BARANGAY 649,,,14.591312,120.95686,,,,,,,24,2021-09-21,OSP
MNL069 LP67 NP1-2,MNL069,LP67,NP1-2,MNL069 LP67,Baseco 2,MANILA,3,2,BARANGAY 649,,,14.587621,120.957806,,,,,,,16,2021-11-01,OSP
MNL069 LP67 NP3-4,MNL069,LP67,NP3-4,MNL069 LP67,Baseco 2,MANILA,3,2,BARANGAY 649,,,14.587621,120.957806,,,,,,,16,2021-11-01,OSP
MNL069 LP67 NP5-6,MNL069,LP67,NP5-6,MNL069 LP67,Baseco 2,MANILA,3,2,BARANGAY 649,,,14.587777,120.95803,,,,,,,16,2021-11-01,OSP
MNL069 LP67 NP7-8,MNL069,LP67,NP7-8,MNL069 LP67,Baseco 2,MANILA,3,2,BARANGAY 649,,,14.587777,120.95803,,,,,,,16,2021-11-01,OSP
MNL069 LP68 NP1-2,MNL069,LP68,NP1-2,MNL069 LP68,Baseco 2,MANILA,3,2,BARANGAY 649,,,14.587781,120.958273,,,,,,,16,2021-11-01,OSP
MNL069 LP68 NP3-4,MNL069,LP68,NP3-4,MNL069 LP68,Baseco 2,MANILA,3,2,BARANGAY 649,,,14.587781,120.958273,,,,,,,16,2021-11-01,OSP
MNL069 LP68 NP5-6,MNL069,LP68,NP5-6,MNL069 LP68,Baseco 2,MANILA,3,2,BARANGAY 649,,,14.58765,120.958413,,,,,,,16,2021-11-01,OSP
MNL069 LP68 NP7-8,MNL069,LP68,NP7-8,MNL069 LP68,Baseco 2,MANILA,3,2,BARANGAY 649,,,14.58765,120.958413,,,,,,,16,2021-11-01,OSP
MNL069 LP69 NP1-2,MNL069,LP69,NP1-2,MNL069 LP69,Baseco 2,MANILA,3,2,BARANGAY 649,,,14.587827,120.958399,,,,,,,16,2021-11-01,OSP
MNL069 LP69 NP3-4,MNL069,LP69,NP3-4,MNL069 LP69,Baseco 2,MANILA,3,2,BARANGAY 649,,,14.587827,120.958399,,,,,,,16,2021-11-01,OSP
MNL069 LP69 NP5-6,MNL069,LP69,NP5-6,MNL069 LP69,Baseco 2,MANILA,3,2,BARANGAY 649,,,14.588038,120.958529,,,,,,,16,2021-11-01,OSP
MNL069 LP69 NP7-8,MNL069,LP69,NP7-8,MNL069 LP69,Baseco 2,MANILA,3,2,BARANGAY 649,,,14.588038,120.958529,,,,,,,16,2021-11-01,OSP
MNL069 LP7 NP1-2,MNL069,LP7,NP1-2,MNL069 LP7,Baseco 2,MANILA,3,2,BARANGAY 649,,,14.587717,120.956964,,,,,,,16,2021-11-17,OSP
MNL069 LP7 NP3-5,MNL069,LP7,NP3-5,MNL069 LP7,Baseco 2,MANILA,3,2,BARANGAY 649,,,14.587717,120.956964,,,,,,,24,2021-11-17,OSP
MNL069 LP7 NP6-8,MNL069,LP7,NP6-8,MNL069 LP7,Baseco 2,MANILA,3,2,BARANGAY 649,,,14.587645,120.95707,,,,,,,24,2021-11-17,OSP
MNL069 LP70 NP1-2,MNL069,LP70,NP1-2,MNL069 LP70,Baseco 2,MANILA,3,2,BARANGAY 649,,,14.587596,120.95863,,,,,,,16,2021-11-01,OSP
MNL069 LP70 NP3-4,MNL069,LP70,NP3-4,MNL069 LP70,Baseco 2,MANILA,3,2,BARANGAY 649,,,14.587596,120.95863,,,,,,,16,2021-11-01,OSP
MNL069 LP75 NP3-5,MNL069,LP75,NP3-5,MNL069 LP75,Baseco 2,MANILA,3,2,BARANGAY 649,,,14.59139,120.956329,,,,,,,24,2021-09-21,OSP
MNL069 LP62 NP1-2,MNL069,LP62,NP1-2,MNL069 LP62,Baseco 2,MANILA,3,2,BARANGAY 649,,,14.588729,120.957888,,,,,,,16,2021-11-01,OSP
MNL069 LP62 NP3-5,MNL069,LP62,NP3-5,MNL069 LP62,Baseco 2,MANILA,3,2,BARANGAY 649,,,14.588585,120.958055,,,,,,,24,2021-11-01,OSP
MNL069 LP62 NP6-8,MNL069,LP62,NP6-8,MNL069 LP62,Baseco 2,MANILA,3,2,BARANGAY 649,,,14.588585,120.958055,,,,,,,24,2021-11-01,OSP
MNL069 LP63 NP1-2,MNL069,LP63,NP1-2,MNL069 LP63,Baseco 2,MANILA,3,2,BARANGAY 649,,,14.588776,120.958275,,,,,,,16,2021-11-01,OSP
MNL069 LP63 NP3-5,MNL069,LP63,NP3-5,MNL069 LP63,Baseco 2,MANILA,3,2,BARANGAY 649,,,14.588776,120.958275,,,,,,,24,2021-11-01,OSP
MNL069 LP63 NP6-8,MNL069,LP63,NP6-8,MNL069 LP63,Baseco 2,MANILA,3,2,BARANGAY 649,,,14.588856,120.958669,,,,,,,24,2021-11-01,OSP
MNL069 LP64 NP1-2,MNL069,LP64,NP1-2,MNL069 LP64,Baseco 2,MANILA,3,2,BARANGAY 649,,,14.588856,120.958669,,,,,,,16,2021-11-01,OSP
MNL069 LP64 NP3-5,MNL069,LP64,NP3-5,MNL069 LP64,Baseco 2,MANILA,3,2,BARANGAY 649,,,14.589001,120.959002,,,,,,,24,2021-11-01,OSP
MNL069 LP64 NP6-8,MNL069,LP64,NP6-8,MNL069 LP64,Baseco 2,MANILA,3,2,BARANGAY 649,,,14.589001,120.959002,,,,,,,24,2021-11-01,OSP
MNL069 LP65 NP1-2,MNL069,LP65,NP1-2,MNL069 LP65,Baseco 2,MANILA,3,2,BARANGAY 649,,,14.587989,120.957464,,,,,,,16,2021-11-01,OSP
MNL069 LP65 NP3-4,MNL069,LP65,NP3-4,MNL069 LP65,Baseco 2,MANILA,3,2,BARANGAY 649,,,14.587989,120.957464,,,,,,,16,2021-11-01,OSP
MNL069 LP65 NP5-6,MNL069,LP65,NP5-6,MNL069 LP65,Baseco 2,MANILA,3,2,BARANGAY 649,,,14.587626,120.957618,,,,,,,16,2021-11-01,OSP
MNL069 LP65 NP7-8,MNL069,LP65,NP7-8,MNL069 LP65,Baseco 2,MANILA,3,2,BARANGAY 649,,,14.587626,120.957618,,,,,,,16,2021-11-01,OSP
MNL069 LP66 NP1-2,MNL069,LP66,NP1-2,MNL069 LP66,Baseco 2,MANILA,3,2,BARANGAY 649,,,14.587493,120.957607,,,,,,,16,2021-11-01,OSP
MNL069 LP66 NP3-4,MNL069,LP66,NP3-4,MNL069 LP66,Baseco 2,MANILA,3,2,BARANGAY 649,,,14.587493,120.957607,,,,,,,16,2021-11-01,OSP
MNL069 LP66 NP5-6,MNL069,LP66,NP5-6,MNL069 LP66,Baseco 2,MANILA,3,2,BARANGAY 649,,,14.587177,120.957785,,,,,,,16,2021-11-01,OSP
MNL069 LP66 NP7-8,MNL069,LP66,NP7-8,MNL069 LP66,Baseco 2,MANILA,3,2,BARANGAY 649,,,14.587177,120.957785,,,,,,,16,2021-11-01,OSP
MNL069 LP57 NP7-8,MNL069,LP57,NP7-8,MNL069 LP57,Baseco 2,MANILA,3,2,BARANGAY 649,,,14.58887,120.957167,,,,,,,16,2021-11-01,OSP
MNL069 LP58 NP1-2,MNL069,LP58,NP1-2,MNL069 LP58,Baseco 2,MANILA,3,2,BARANGAY 649,,,14.589497,120.95732,,,,,,,16,2021-11-01,OSP
MNL069 LP58 NP3-5,MNL069,LP58,NP3-5,MNL069 LP58,Baseco 2,MANILA,3,2,BARANGAY 649,,,14.589497,120.95732,,,,,,,24,2021-11-01,OSP
MNL069 LP58 NP6-8,MNL069,LP58,NP6-8,MNL069 LP58,Baseco 2,MANILA,3,2,BARANGAY 649,,,14.589436,120.957474,,,,,,,24,2021-11-01,OSP
MNL069 LP59 NP1-2,MNL069,LP59,NP1-2,MNL069 LP59,Baseco 2,MANILA,3,2,BARANGAY 649,,,14.589436,120.957474,,,,,,,16,2021-11-01,OSP
MNL069 LP59 NP3-5,MNL069,LP59,NP3-5,MNL069 LP59,Baseco 2,MANILA,3,2,BARANGAY 649,,,14.589386,120.957663,,,,,,,24,2021-11-01,OSP
MNL069 LP59 NP6-8,MNL069,LP59,NP6-8,MNL069 LP59,Baseco 2,MANILA,3,2,BARANGAY 649,,,14.589386,120.957663,,,,,,,24,2021-11-01,OSP
MNL069 LP6 NP1-2,MNL069,LP6,NP1-2,MNL069 LP6,Baseco 2,MANILA,3,2,BARANGAY 649,,,14.587725,120.95668,,,,,,,16,2021-11-17,OSP
MNL069 LP6 NP3-5,MNL069,LP6,NP3-5,MNL069 LP6,Baseco 2,MANILA,3,2,BARANGAY 649,,,14.587597,120.956752,,,,,,,24,2021-11-17,OSP
MNL069 LP6 NP6-8,MNL069,LP6,NP6-8,MNL069 LP6,Baseco 2,MANILA,3,2,BARANGAY 649,,,14.587597,120.956752,,,,,,,24,2021-11-17,OSP
MNL069 LP60 NP1-2,MNL069,LP60,NP1-2,MNL069 LP60,Baseco 2,MANILA,3,2,BARANGAY 649,,,14.588569,120.957196,,,,,,,16,2021-11-01,OSP
MNL069 LP60 NP3-4,MNL069,LP60,NP3-4,MNL069 LP60,Baseco 2,MANILA,3,2,BARANGAY 649,,,14.588569,120.957196,,,,,,,16,2021-11-01,OSP
MNL069 LP60 NP5-6,MNL069,LP60,NP5-6,MNL069 LP60,Baseco 2,MANILA,3,2,BARANGAY 649,,,14.588271,120.957343,,,,,,,16,2021-11-01,OSP
MNL069 LP60 NP7-8,MNL069,LP60,NP7-8,MNL069 LP60,Baseco 2,MANILA,3,2,BARANGAY 649,,,14.588271,120.957343,,,,,,,16,2021-11-01,OSP
MNL069 LP61 NP1-2,MNL069,LP61,NP1-2,MNL069 LP61,Baseco 2,MANILA,3,2,BARANGAY 649,,,14.588909,120.957555,,,,,,,16,2021-11-01,OSP
MNL069 LP61 NP3-5,MNL069,LP61,NP3-5,MNL069 LP61,Baseco 2,MANILA,3,2,BARANGAY 649,,,14.588909,120.957555,,,,,,,24,2021-11-01,OSP
MNL069 LP61 NP6-8,MNL069,LP61,NP6-8,MNL069 LP61,Baseco 2,MANILA,3,2,BARANGAY 649,,,14.588729,120.957888,,,,,,,24,2021-11-01,OSP
MNL069 LP53 NP1-2,MNL069,LP53,NP1-2,MNL069 LP53,Baseco 2,MANILA,3,2,BARANGAY 649,,,14.591493,120.956672,,,,,,,16,2021-11-01,OSP
MNL069 LP53 NP3-5,MNL069,LP53,NP3-5,MNL069 LP53,Baseco 2,MANILA,3,2,BARANGAY 649,,,14.591493,120.956672,,,,,,,24,2021-11-01,OSP
MNL069 LP53 NP6-8,MNL069,LP53,NP6-8,MNL069 LP53,Baseco 2,MANILA,3,2,BARANGAY 649,,,14.59139,120.956329,,,,,,,24,2021-11-01,OSP
MNL069 LP54 NP1-2,MNL069,LP54,NP1-2,MNL069 LP54,Baseco 2,MANILA,3,2,BARANGAY 649,,,14.59139,120.956329,,,,,,,16,2021-11-01,OSP
MNL069 LP54 NP3-5,MNL069,LP54,NP3-5,MNL069 LP54,Baseco 2,MANILA,3,2,BARANGAY 649,,,14.59133,120.956096,,,,,,,24,2021-11-01,OSP
MNL069 LP54 NP6-8,MNL069,LP54,NP6-8,MNL069 LP54,Baseco 2,MANILA,3,2,BARANGAY 649,,,14.59133,120.956096,,,,,,,24,2021-11-01,OSP
MNL069 LP55 NP1-2,MNL069,LP55,NP1-2,MNL069 LP55,Baseco 2,MANILA,3,2,BARANGAY 649,,,14.590611,120.956749,,,,,,,16,2021-11-01,OSP
MNL069 LP55 NP3-4,MNL069,LP55,NP3-4,MNL069 LP55,Baseco 2,MANILA,3,2,BARANGAY 649,,,14.590611,120.956749,,,,,,,16,2021-11-01,OSP
MNL069 LP55 NP5-6,MNL069,LP55,NP5-6,MNL069 LP55,Baseco 2,MANILA,3,2,BARANGAY 649,,,14.590305,120.956758,,,,,,,16,2021-11-01,OSP
MNL069 LP55 NP7-8,MNL069,LP55,NP7-8,MNL069 LP55,Baseco 2,MANILA,3,2,BARANGAY 649,,,14.5896,120.956979,,,,,,,16,2021-11-01,OSP
MNL069 LP56 NP1-2,MNL069,LP56,NP1-2,MNL069 LP56,Baseco 2,MANILA,3,2,BARANGAY 649,,,14.589519,120.957092,,,,,,,16,2021-11-01,OSP
MNL069 LP56 NP3-4,MNL069,LP56,NP3-4,MNL069 LP56,Baseco 2,MANILA,3,2,BARANGAY 649,,,14.589519,120.957092,,,,,,,16,2021-11-01,OSP
MNL069 LP56 NP5-6,MNL069,LP56,NP5-6,MNL069 LP56,Baseco 2,MANILA,3,2,BARANGAY 649,,,14.589308,120.957059,,,,,,,16,2021-11-01,OSP
MNL069 LP56 NP7-8,MNL069,LP56,NP7-8,MNL069 LP56,Baseco 2,MANILA,3,2,BARANGAY 649,,,14.589308,120.957059,,,,,,,16,2021-11-01,OSP
MNL069 LP57 NP1-2,MNL069,LP57,NP1-2,MNL069 LP57,Baseco 2,MANILA,3,2,BARANGAY 649,,,14.589046,120.957133,,,,,,,16,2021-11-01,OSP
MNL069 LP57 NP3-4,MNL069,LP57,NP3-4,MNL069 LP57,Baseco 2,MANILA,3,2,BARANGAY 649,,,14.589046,120.957133,,,,,,,16,2021-11-01,OSP
MNL069 LP57 NP5-6,MNL069,LP57,NP5-6,MNL069 LP57,Baseco 2,MANILA,3,2,BARANGAY 649,,,14.58887,120.957167,,,,,,,16,2021-11-01,OSP
MNL069 LP48 NP3-5,MNL069,LP48,NP3-5,MNL069 LP48,Baseco 2,MANILA,3,2,BARANGAY 649,,,14.591878,120.958037,,,,,,,24,2021-11-01,OSP
MNL069 LP48 NP6-8,MNL069,LP48,NP6-8,MNL069 LP48,Baseco 2,MANILA,3,2,BARANGAY 649,,,14.591879,120.958258,,,,,,,24,2021-11-01,OSP
MNL069 LP49 NP1-2,MNL069,LP49,NP1-2,MNL069 LP49,Baseco 2,MANILA,3,2,BARANGAY 649,,,14.591879,120.958258,,,,,,,16,2021-11-01,OSP
MNL069 LP49 NP3-5,MNL069,LP49,NP3-5,MNL069 LP49,Baseco 2,MANILA,3,2,BARANGAY 649,,,14.591878,120.958437,,,,,,,24,2021-11-01,OSP
MNL069 LP49 NP6-8,MNL069,LP49,NP6-8,MNL069 LP49,Baseco 2,MANILA,3,2,BARANGAY 649,,,14.591878,120.958437,,,,,,,24,2021-11-01,OSP
MNL069 LP5 NP1-2,MNL069,LP5,NP1-2,MNL069 LP5,Baseco 2,MANILA,3,2,BARANGAY 649,,,14.588011,120.956736,,,,,,,16,2021-11-17,OSP
MNL069 LP5 NP3-5,MNL069,LP5,NP3-5,MNL069 LP5,Baseco 2,MANILA,3,2,BARANGAY 649,,,14.588011,120.956736,,,,,,,24,2021-11-17,OSP
MNL069 LP5 NP6-8,MNL069,LP5,NP6-8,MNL069 LP5,Baseco 2,MANILA,3,2,BARANGAY 649,,,14.587725,120.95668,,,,,,,24,2021-11-17,OSP
MNL069 LP50 NP1-2,MNL069,LP50,NP1-2,MNL069 LP50,Baseco 2,MANILA,3,2,BARANGAY 649,,,14.591314,120.957649,,,,,,,16,2021-11-01,OSP
MNL069 LP50 NP3-5,MNL069,LP50,NP3-5,MNL069 LP50,Baseco 2,MANILA,3,2,BARANGAY 649,,,14.591314,120.957649,,,,,,,24,2021-11-01,OSP
MNL069 LP50 NP6-8,MNL069,LP50,NP6-8,MNL069 LP50,Baseco 2,MANILA,3,2,BARANGAY 649,,,14.591313,120.957394,,,,,,,24,2021-11-01,OSP
MNL069 LP51 NP1-2,MNL069,LP51,NP1-2,MNL069 LP51,Baseco 2,MANILA,3,2,BARANGAY 649,,,14.591184,120.956825,,,,,,,16,2021-11-01,OSP
MNL069 LP51 NP3-5,MNL069,LP51,NP3-5,MNL069 LP51,Baseco 2,MANILA,3,2,BARANGAY 649,,,14.590853,120.956743,,,,,,,24,2021-11-01,OSP
MNL069 LP51 NP6-8,MNL069,LP51,NP6-8,MNL069 LP51,Baseco 2,MANILA,3,2,BARANGAY 649,,,14.590853,120.956743,,,,,,,24,2021-11-01,OSP
MNL069 LP52 NP1-2,MNL069,LP52,NP1-2,MNL069 LP52,Baseco 2,MANILA,3,2,BARANGAY 649,,,14.591184,120.956825,,,,,,,16,2021-11-01,OSP
MNL069 LP52 NP3-5,MNL069,LP52,NP3-5,MNL069 LP52,Baseco 2,MANILA,3,2,BARANGAY 649,,,14.591312,120.95686,,,,,,,24,2021-11-01,OSP
MNL069 LP52 NP6-8,MNL069,LP52,NP6-8,MNL069 LP52,Baseco 2,MANILA,3,2,BARANGAY 649,,,14.591312,120.95686,,,,,,,24,2021-11-01,OSP
MNL069 LP42 NP3-5,MNL069,LP42,NP3-5,MNL069 LP42,Baseco 2,MANILA,3,2,BARANGAY 649,,,14.591192,120.959361,,,,,,,24,2021-11-01,OSP
MNL069 LP42 NP6-8,MNL069,LP42,NP6-8,MNL069 LP42,Baseco 2,MANILA,3,2,BARANGAY 649,,,14.591189,120.959169,,,,,,,24,2021-11-01,OSP
MNL069 LP43 NP1-2,MNL069,LP43,NP1-2,MNL069 LP43,Baseco 2,MANILA,3,2,BARANGAY 649,,,14.591186,120.959003,,,,,,,16,2021-11-01,OSP
MNL069 LP43 NP3-5,MNL069,LP43,NP3-5,MNL069 LP43,Baseco 2,MANILA,3,2,BARANGAY 649,,,14.591042,120.958998,,,,,,,24,2021-11-01,OSP
MNL069 LP43 NP6-8,MNL069,LP43,NP6-8,MNL069 LP43,Baseco 2,MANILA,3,2,BARANGAY 649,,,14.590838,120.959001,,,,,,,24,2021-11-01,OSP
MNL069 LP44 NP1-2,MNL069,LP44,NP1-2,MNL069 LP44,Baseco 2,MANILA,3,2,BARANGAY 649,,,14.591182,120.957997,,,,,,,16,2021-09-20,OSP
MNL069 LP44 NP3-5,MNL069,LP44,NP3-5,MNL069 LP44,Baseco 2,MANILA,3,2,BARANGAY 649,,,14.591182,120.957997,,,,,,,24,2021-09-20,OSP
MNL069 LP45 NP1-2,MNL069,LP45,NP1-2,MNL069 LP45,Baseco 2,MANILA,3,2,BARANGAY 649,,,14.591315,120.957979,,,,,,,16,2021-11-01,OSP
MNL069 LP45 NP3-5,MNL069,LP45,NP3-5,MNL069 LP45,Baseco 2,MANILA,3,2,BARANGAY 649,,,14.59162,120.957798,,,,,,,24,2021-11-01,OSP
MNL069 LP45 NP6-8,MNL069,LP45,NP6-8,MNL069 LP45,Baseco 2,MANILA,3,2,BARANGAY 649,,,14.59162,120.957798,,,,,,,24,2021-11-01,OSP
MNL069 LP46 NP1-2,MNL069,LP46,NP1-2,MNL069 LP46,Baseco 2,MANILA,3,2,BARANGAY 649,,,14.591826,120.957576,,,,,,,16,2021-11-01,OSP
MNL069 LP46 NP3-5,MNL069,LP46,NP3-5,MNL069 LP46,Baseco 2,MANILA,3,2,BARANGAY 649,,,14.591975,120.957327,,,,,,,24,2021-11-01,OSP
MNL069 LP46 NP6-8,MNL069,LP46,NP6-8,MNL069 LP46,Baseco 2,MANILA,3,2,BARANGAY 649,,,14.591975,120.957327,,,,,,,24,2021-11-01,OSP
MNL069 LP47 NP1-2,MNL069,LP47,NP1-2,MNL069 LP47,Baseco 2,MANILA,3,2,BARANGAY 649,,,14.591826,120.957576,,,,,,,16,2021-11-01,OSP
MNL069 LP47 NP3-5,MNL069,LP47,NP3-5,MNL069 LP47,Baseco 2,MANILA,3,2,BARANGAY 649,,,14.591887,120.95778,,,,,,,24,2021-11-01,OSP
MNL069 LP47 NP6-8,MNL069,LP47,NP6-8,MNL069 LP47,Baseco 2,MANILA,3,2,BARANGAY 649,,,14.591887,120.95778,,,,,,,24,2021-11-01,OSP
MNL069 LP48 NP1-2,MNL069,LP48,NP1-2,MNL069 LP48,Baseco 2,MANILA,3,2,BARANGAY 649,,,14.591878,120.958037,,,,,,,16,2021-11-01,OSP
MNL069 LP37 NP6-8,MNL069,LP37,NP6-8,MNL069 LP37,Baseco 2,MANILA,3,2,BARANGAY 649,,,14.591512,120.959015,,,,,,,24,2021-11-01,OSP
MNL069 LP38 NP1-2,MNL069,LP38,NP1-2,MNL069 LP38,Baseco 2,MANILA,3,2,BARANGAY 649,,,14.591512,120.959015,,,,,,,16,2021-11-01,OSP
MNL069 LP38 NP3-5,MNL069,LP38,NP3-5,MNL069 LP38,Baseco 2,MANILA,3,2,BARANGAY 649,,,14.591515,120.959247,,,,,,,24,2021-11-01,OSP
MNL069 LP38 NP6-8,MNL069,LP38,NP6-8,MNL069 LP38,Baseco 2,MANILA,3,2,BARANGAY 649,,,14.591515,120.959247,,,,,,,24,2021-11-01,OSP
MNL069 LP39 NP1-2,MNL069,LP39,NP1-2,MNL069 LP39,Baseco 2,MANILA,3,2,BARANGAY 649,,,14.591473,120.960051,,,,,,,16,2021-11-01,OSP
MNL069 LP39 NP3-5,MNL069,LP39,NP3-5,MNL069 LP39,Baseco 2,MANILA,3,2,BARANGAY 649,,,14.591473,120.960051,,,,,,,24,2021-11-01,OSP
MNL069 LP39 NP6-8,MNL069,LP39,NP6-8,MNL069 LP39,Baseco 2,MANILA,3,2,BARANGAY 649,,,14.591468,120.960548,,,,,,,24,2021-11-01,OSP
MNL069 LP4 NP1-2,MNL069,LP4,NP1-2,MNL069 LP4,Baseco 2,MANILA,3,2,BARANGAY 649,,,14.588191,120.956376,,,,,,,16,2021-11-17,OSP
MNL069 LP4 NP3-5,MNL069,LP4,NP3-5,MNL069 LP4,Baseco 2,MANILA,3,2,BARANGAY 649,,,14.587918,120.956577,,,,,,,24,2021-11-17,OSP
MNL069 LP4 NP6-8,MNL069,LP4,NP6-8,MNL069 LP4,Baseco 2,MANILA,3,2,BARANGAY 649,,,14.587918,120.956577,,,,,,,24,2021-11-17,OSP
MNL069 LP40 NP1-2,MNL069,LP40,NP1-2,MNL069 LP40,Baseco 2,MANILA,3,2,BARANGAY 649,,,14.591468,120.960548,,,,,,,16,2021-11-01,OSP
MNL069 LP40 NP3-5,MNL069,LP40,NP3-5,MNL069 LP40,Baseco 2,MANILA,3,2,BARANGAY 649,,,14.591479,120.96095,,,,,,,24,2021-11-01,OSP
MNL069 LP40 NP6-8,MNL069,LP40,NP6-8,MNL069 LP40,Baseco 2,MANILA,3,2,BARANGAY 649,,,14.591479,120.96095,,,,,,,24,2021-11-01,OSP
MNL069 LP41 NP1-2,MNL069,LP41,NP1-2,MNL069 LP41,Baseco 2,MANILA,3,2,BARANGAY 649,,,14.591306,120.960143,,,,,,,16,2021-11-01,OSP
MNL069 LP41 NP3-5,MNL069,LP41,NP3-5,MNL069 LP41,Baseco 2,MANILA,3,2,BARANGAY 649,,,14.591306,120.960143,,,,,,,24,2021-11-01,OSP
MNL069 LP41 NP6-8,MNL069,LP41,NP6-8,MNL069 LP41,Baseco 2,MANILA,3,2,BARANGAY 649,,,14.591182,120.959536,,,,,,,24,2021-11-01,OSP
MNL069 LP42 NP1-2,MNL069,LP42,NP1-2,MNL069 LP42,Baseco 2,MANILA,3,2,BARANGAY 649,,,14.591182,120.959536,,,,,,,16,2021-11-01,OSP
MNL069 LP44 NP6-8,MNL069,LP44,NP6-8,MNL069 LP44,Baseco 2,MANILA,3,2,BARANGAY 649,,,14.591312,120.95797,,,,BASECO COMPOUND POI 3,,"HOUSE # 921 BLOCK 7 HABITAT, FRONT OF ALING MAMING STORE",24,2025-08-13,OSP
MNL001 LP304 NP5-6,MNL001,LP304,NP5-6,MNL001 LP304,Zen Tower,MANILA,3,2,BARANGAY 649,,,14.590522,120.960205,,,,,,,16,2020-03-24,OSP
MNL001 LP304 NP7-8,MNL001,LP304,NP7-8,MNL001 LP304,Zen Tower,MANILA,3,2,BARANGAY 649,,,14.590735,120.960586,,,,,,,16,2020-03-24,OSP
MNL001 LP305 NP1-2,MNL001,LP305,NP1-2,MNL001 LP305,Zen Tower,MANILA,3,2,BARANGAY 649,,,14.590295,120.960203,,,,,,,16,2020-03-24,OSP
MNL001 LP305 NP3-4,MNL001,LP305,NP3-4,MNL001 LP305,Zen Tower,MANILA,3,2,BARANGAY 649,,,14.590144,120.960201,,,,,,,16,2020-03-24,OSP
MNL001 LP305 NP5-6,MNL001,LP305,NP5-6,MNL001 LP305,Zen Tower,MANILA,3,2,BARANGAY 649,,,14.589938,120.96019,,,,,,,16,2020-03-24,OSP
MNL001 LP305 NP7-8,MNL001,LP305,NP7-8,MNL001 LP305,Zen Tower,MANILA,3,2,BARANGAY 649,,,14.589715,120.96019,,,,,,,16,2020-03-24,OSP
MNL001 LP306 NP1-2,MNL001,LP306,NP1-2,MNL001 LP306,Zen Tower,MANILA,3,2,BARANGAY 649,,,14.589435,120.960177,,,,,,,16,2020-03-24,OSP
MNL001 LP306 NP3-4,MNL001,LP306,NP3-4,MNL001 LP306,Zen Tower,MANILA,3,2,BARANGAY 649,,,14.589219,120.960181,,,,,,,16,2020-03-24,OSP
MNL001 LP306 NP5-6,MNL001,LP306,NP5-6,MNL001 LP306,Zen Tower,MANILA,3,2,BARANGAY 649,,,14.589006,120.960172,,,,,,,16,2020-03-24,OSP
MNL001 LP306 NP7-8,MNL001,LP306,NP7-8,MNL001 LP306,Zen Tower,MANILA,3,2,BARANGAY 649,,,14.588788,120.960168,,,,,,,16,2020-03-24,OSP
MNL001 LP307 NP1-2,MNL001,LP307,NP1-2,MNL001 LP307,Zen Tower,MANILA,3,2,BARANGAY 649,,,14.588784,120.960519,,,,,,,16,2020-03-24,OSP
MNL001 LP307 NP3-4,MNL001,LP307,NP3-4,MNL001 LP307,Zen Tower,MANILA,3,2,BARANGAY 649,,,14.588773,120.960979,,,,,,,16,2020-03-24,OSP
MNL001 LP307 NP5-6,MNL001,LP307,NP5-6,MNL001 LP307,Zen Tower,MANILA,3,2,BARANGAY 649,,,14.588982,120.961223,,,,,,,16,2020-03-24,OSP
MNL001 LP307 NP7-8,MNL001,LP307,NP7-8,MNL001 LP307,Zen Tower,MANILA,3,2,BARANGAY 649,,,14.589207,120.961238,,,,,,,16,2020-03-24,OSP
MNL001 LP308 NP1-2,MNL001,LP308,NP1-2,MNL001 LP308,Zen Tower,MANILA,3,2,BARANGAY 649,,,14.589406,120.961259,,,,,,,16,2020-03-24,OSP
MNL001 LP308 NP3-4,MNL001,LP308,NP3-4,MNL001 LP308,Zen Tower,MANILA,3,2,BARANGAY 649,,,14.589631,120.961272,,,,,,,16,2020-03-24,OSP
MNL001 LP308 NP5-6,MNL001,LP308,NP5-6,MNL001 LP308,Zen Tower,MANILA,3,2,BARANGAY 649,,,14.589849,120.961293,,,,,,,16,2020-03-24,OSP
MNL001 LP317 NP3-4,MNL001,LP317,NP3-4,MNL001 LP317,Zen Tower,MANILA,3,2,BARANGAY 649,,,14.591879,120.958468,,,,,,,16,2020-03-24,OSP
MNL001 LP317 NP5-6,MNL001,LP317,NP5-6,MNL001 LP317,Zen Tower,MANILA,3,2,BARANGAY 649,,,14.591886,120.95803,,,,,,,16,2020-03-24,OSP
MNL001 LP317 NP7-8,MNL001,LP317,NP7-8,MNL001 LP317,Zen Tower,MANILA,3,2,BARANGAY 649,,,14.591832,120.957592,,,,,,,16,2020-03-24,OSP
MNL001 LP318 NP1-2,MNL001,LP318,NP1-2,MNL001 LP318,Zen Tower,MANILA,3,2,BARANGAY 649,,,14.591522,120.958996,,,,,,,16,2020-03-24,OSP
MNL001 LP318 NP3-4,MNL001,LP318,NP3-4,MNL001 LP318,Zen Tower,MANILA,3,2,BARANGAY 649,,,14.591514,120.959485,,,,,,,16,2020-03-24,OSP
MNL001 LP318 NP5-6,MNL001,LP318,NP5-6,MNL001 LP318,Zen Tower,MANILA,3,2,BARANGAY 649,,,14.591473,120.960034,,,,,,,16,2020-03-24,OSP
MNL001 LP318 NP7-8,MNL001,LP318,NP7-8,MNL001 LP318,Zen Tower,MANILA,3,2,BARANGAY 649,,,14.591472,120.960545,,,,,,,16,2020-03-24,OSP
MNL001 LP319 NP1-2,MNL001,LP319,NP1-2,MNL001 LP319,Zen Tower,MANILA,3,2,BARANGAY 649,,,14.591201,120.958849,,,,,,,16,2020-03-24,OSP
MNL001 LP319 NP3-4,MNL001,LP319,NP3-4,MNL001 LP319,Zen Tower,MANILA,3,2,BARANGAY 649,,,14.591198,120.958469,,,,,,,16,2020-03-24,OSP
MNL001 LP319 NP5-6,MNL001,LP319,NP5-6,MNL001 LP319,Zen Tower,MANILA,3,2,BARANGAY 649,,,14.591198,120.957996,,,,,,,16,2020-03-24,OSP
MNL001 LP319 NP7-8,MNL001,LP319,NP7-8,MNL001 LP319,Zen Tower,MANILA,3,2,BARANGAY 649,,,14.591176,120.956819,,,,,,,16,2020-03-24,OSP
MNL001 LP320 NP1-2,MNL001,LP320,NP1-2,MNL001 LP320,Zen Tower,MANILA,3,2,BARANGAY 649,,,14.590934,120.956744,,,,,,,16,2020-03-24,OSP
MNL001 LP320 NP3-4,MNL001,LP320,NP3-4,MNL001 LP320,Zen Tower,MANILA,3,2,BARANGAY 649,,,14.590592,120.956752,,,,,,,16,2020-03-24,OSP
MNL001 LP320 NP5-6,MNL001,LP320,NP5-6,MNL001 LP320,Zen Tower,MANILA,3,2,BARANGAY 649,,,14.590314,120.956755,,,,,,,16,2020-03-24,OSP
MNL001 LP320 NP7-8,MNL001,LP320,NP7-8,MNL001 LP320,Zen Tower,MANILA,3,2,BARANGAY 649,,,14.589924,120.956842,,,,,,,16,2020-03-24,OSP
MNL001 LP321 NP1-2,MNL001,LP321,NP1-2,MNL001 LP321,Zen Tower,MANILA,3,2,BARANGAY 649,,,14.591493,120.956647,,,,,,,16,2020-03-24,OSP
MNL001 LP321 NP3-4,MNL001,LP321,NP3-4,MNL001 LP321,Zen Tower,MANILA,3,2,BARANGAY 649,,,14.591243,120.955877,,,,,,,16,2020-03-24,OSP
MNL001 LP301 NP1-2,MNL001,LP301,NP1-2,MNL001 LP301,Zen Tower,MANILA,3,2,BARANGAY 649,,,14.594056,120.967009,,,,,,,16,2020-03-24,OSP
MNL001 LP301 NP3-4,MNL001,LP301,NP3-4,MNL001 LP301,Zen Tower,MANILA,3,2,BARANGAY 649,,,14.593948,120.962938,,,,,,,16,2020-03-24,OSP
MNL001 LP301 NP5-6,MNL001,LP301,NP5-6,MNL001 LP301,Zen Tower,MANILA,3,2,BARANGAY 649,,,14.594173,120.961476,,,,,,,16,2020-03-24,OSP
MNL001 LP301 NP7-8,MNL001,LP301,NP7-8,MNL001 LP301,Zen Tower,MANILA,3,2,BARANGAY 649,,,14.593342,120.961156,,,,,,,16,2020-03-24,OSP
MNL001 LP302 NP1-2,MNL001,LP302,NP1-2,MNL001 LP302,Zen Tower,MANILA,3,2,BARANGAY 649,,,14.592989,120.961241,,,,,,,16,2020-03-24,OSP
MNL001 LP302 NP3-4,MNL001,LP302,NP3-4,MNL001 LP302,Zen Tower,MANILA,3,2,BARANGAY 649,,,14.592735,120.961583,,,,,,,16,2020-03-24,OSP
MNL001 LP302 NP5-6,MNL001,LP302,NP5-6,MNL001 LP302,Zen Tower,MANILA,3,2,BARANGAY 649,,,14.592079,120.961511,,,,,,,16,2020-03-24,OSP
MNL001 LP302 NP7-8,MNL001,LP302,NP7-8,MNL001 LP302,Zen Tower,MANILA,3,2,BARANGAY 649,,,14.591306,120.961211,,,,,,,16,2020-03-24,OSP
MNL001 LP303 NP1-2,MNL001,LP303,NP1-2,MNL001 LP303,Zen Tower,MANILA,3,2,BARANGAY 649,,,14.591304,120.960883,,,,,,,16,2020-03-24,OSP
MNL001 LP303 NP3-4,MNL001,LP303,NP3-4,MNL001 LP303,Zen Tower,MANILA,3,2,BARANGAY 649,,,14.591322,120.96055,,,,,,,16,2020-03-24,OSP
MNL001 LP303 NP5-6,MNL001,LP303,NP5-6,MNL001 LP303,Zen Tower,MANILA,3,2,BARANGAY 649,,,14.591319,120.960165,,,,,,,16,2020-03-24,OSP
MNL001 LP303 NP7-8,MNL001,LP303,NP7-8,MNL001 LP303,Zen Tower,MANILA,3,2,BARANGAY 649,,,14.590984,120.959723,,,,,,,16,2020-03-24,OSP
MNL001 LP304 NP1-2,MNL001,LP304,NP1-2,MNL001 LP304,Zen Tower,MANILA,3,2,BARANGAY 649,,,14.590968,120.960188,,,,,,,16,2020-03-24,OSP
MNL001 LP304 NP3-4,MNL001,LP304,NP3-4,MNL001 LP304,Zen Tower,MANILA,3,2,BARANGAY 649,,,14.590745,120.960191,,,,,,,16,2020-03-24,OSP
MNL001 LP313 NP1-2,MNL001,LP313,NP1-2,MNL001 LP313,Zen Tower,MANILA,3,2,BARANGAY 649,,,14.593162,120.95898,,,,,,,16,2020-03-24,OSP
MNL001 LP313 NP3-4,MNL001,LP313,NP3-4,MNL001 LP313,Zen Tower,MANILA,3,2,BARANGAY 649,,,14.593057,120.959485,,,,,,,16,2020-03-24,OSP
MNL001 LP313 NP5-6,MNL001,LP313,NP5-6,MNL001 LP313,Zen Tower,MANILA,3,2,BARANGAY 649,,,14.592991,120.960008,,,,,,,16,2020-03-24,OSP
MNL001 LP313 NP7-8,MNL001,LP313,NP7-8,MNL001 LP313,Zen Tower,MANILA,3,2,BARANGAY 649,,,14.592975,120.960538,,,,,,,16,2020-03-24,OSP
MNL001 LP314 NP1-2,MNL001,LP314,NP1-2,MNL001 LP314,Zen Tower,MANILA,3,2,BARANGAY 649,,,14.592613,120.960524,,,,,,,16,2020-03-24,OSP
MNL001 LP314 NP3-4,MNL001,LP314,NP3-4,MNL001 LP314,Zen Tower,MANILA,3,2,BARANGAY 649,,,14.592674,120.959967,,,,,,,16,2020-03-24,OSP
MNL001 LP314 NP5-6,MNL001,LP314,NP5-6,MNL001 LP314,Zen Tower,MANILA,3,2,BARANGAY 649,,,14.592733,120.959499,,,,,,,16,2020-03-24,OSP
MNL001 LP314 NP7-8,MNL001,LP314,NP7-8,MNL001 LP314,Zen Tower,MANILA,3,2,BARANGAY 649,,,14.592789,120.959028,,,,,,,16,2020-03-24,OSP
MNL001 LP315 NP1-2,MNL001,LP315,NP1-2,MNL001 LP315,Zen Tower,MANILA,3,2,BARANGAY 649,,,14.592174,120.958997,,,,,,,16,2020-03-24,OSP
MNL001 LP315 NP3-4,MNL001,LP315,NP3-4,MNL001 LP315,Zen Tower,MANILA,3,2,BARANGAY 649,,,14.592234,120.959525,,,,,,,16,2020-03-24,OSP
MNL001 LP315 NP5-6,MNL001,LP315,NP5-6,MNL001 LP315,Zen Tower,MANILA,3,2,BARANGAY 649,,,14.592246,120.960018,,,,,,,16,2020-03-24,OSP
MNL001 LP315 NP7-8,MNL001,LP315,NP7-8,MNL001 LP315,Zen Tower,MANILA,3,2,BARANGAY 649,,,14.592239,120.96056,,,,,,,16,2020-03-24,OSP
MNL001 LP316 NP1-2,MNL001,LP316,NP1-2,MNL001 LP316,Zen Tower,MANILA,3,2,BARANGAY 649,,,14.591876,120.96063,,,,,,,16,2020-03-24,OSP
MNL001 LP316 NP3-4,MNL001,LP316,NP3-4,MNL001 LP316,Zen Tower,MANILA,3,2,BARANGAY 649,,,14.591875,120.960184,,,,,,,16,2020-03-24,OSP
MNL001 LP316 NP5-6,MNL001,LP316,NP5-6,MNL001 LP316,Zen Tower,MANILA,3,2,BARANGAY 649,,,14.591823,120.959607,,,,,,,16,2020-03-24,OSP
MNL001 LP316 NP7-8,MNL001,LP316,NP7-8,MNL001 LP316,Zen Tower,MANILA,3,2,BARANGAY 649,,,14.591877,120.958997,,,,,,,16,2020-03-24,OSP
MNL001 LP317 NP1-2,MNL001,LP317,NP1-2,MNL001 LP317,Zen Tower,MANILA,3,2,BARANGAY 649,,,14.591828,120.958901,,,,,,,16,2020-03-24,OSP
MNL001 LP308 NP7-8,MNL001,LP308,NP7-8,MNL001 LP308,Zen Tower,MANILA,3,2,BARANGAY 649,,,14.590075,120.961313,,,,,,,16,2020-03-24,OSP
MNL001 LP309 NP1-2,MNL001,LP309,NP1-2,MNL001 LP309,Zen Tower,MANILA,3,2,BARANGAY 649,,,14.590273,120.961334,,,,,,,16,2020-03-24,OSP
MNL001 LP309 NP3-4,MNL001,LP309,NP3-4,MNL001 LP309,Zen Tower,MANILA,3,2,BARANGAY 649,,,14.590506,120.961354,,,,,,,16,2020-03-24,OSP
MNL001 LP309 NP5-6,MNL001,LP309,NP5-6,MNL001 LP309,Zen Tower,MANILA,3,2,BARANGAY 649,,,14.590714,120.961376,,,,,,,16,2020-03-24,OSP
MNL001 LP309 NP7-8,MNL001,LP309,NP7-8,MNL001 LP309,Zen Tower,MANILA,3,2,BARANGAY 649,,,14.590936,120.961412,,,,,,,16,2020-03-24,OSP
MNL001 LP310 NP1-2,MNL001,LP310,NP1-2,MNL001 LP310,Zen Tower,MANILA,3,2,BARANGAY 649,,,14.594243,120.96112,,,,,,,16,2020-03-24,OSP
MNL001 LP310 NP3-4,MNL001,LP310,NP3-4,MNL001 LP310,Zen Tower,MANILA,3,2,BARANGAY 649,,,14.59373,120.961011,,,,,,,16,2020-03-24,OSP
MNL001 LP310 NP5-6,MNL001,LP310,NP5-6,MNL001 LP310,Zen Tower,MANILA,3,2,BARANGAY 649,,,14.594309,120.960678,,,,,,,16,2020-03-24,OSP
MNL001 LP310 NP7-8,MNL001,LP310,NP7-8,MNL001 LP310,Zen Tower,MANILA,3,2,BARANGAY 649,,,14.594157,120.959876,,,,,,,16,2020-03-24,OSP
MNL001 LP311 NP1-2,MNL001,LP311,NP1-2,MNL001 LP311,Zen Tower,MANILA,3,2,BARANGAY 649,,,14.594103,120.960251,,,,,,,16,2020-03-24,OSP
MNL001 LP311 NP3-4,MNL001,LP311,NP3-4,MNL001 LP311,Zen Tower,MANILA,3,2,BARANGAY 649,,,14.594042,120.960647,,,,,,,16,2020-03-24,OSP
MNL001 LP311 NP5-6,MNL001,LP311,NP5-6,MNL001 LP311,Zen Tower,MANILA,3,2,BARANGAY 649,,,14.593673,120.960582,,,,,,,16,2020-03-24,OSP
MNL001 LP311 NP7-8,MNL001,LP311,NP7-8,MNL001 LP311,Zen Tower,MANILA,3,2,BARANGAY 649,,,14.59333,120.960538,,,,,,,16,2020-03-24,OSP
MNL001 LP312 NP1-2,MNL001,LP312,NP1-2,MNL001 LP312,Zen Tower,MANILA,3,2,BARANGAY 649,,,14.593367,120.960209,,,,,,,16,2020-03-24,OSP
MNL001 LP312 NP3-4,MNL001,LP312,NP3-4,MNL001 LP312,Zen Tower,MANILA,3,2,BARANGAY 649,,,14.593465,120.959527,,,,,,,16,2020-03-24,OSP
MNL001 LP312 NP5-6,MNL001,LP312,NP5-6,MNL001 LP312,Zen Tower,MANILA,3,2,BARANGAY 649,,,14.593506,120.95906,,,,,,,16,2020-03-24,OSP
MNL001 LP312 NP7-8,MNL001,LP312,NP7-8,MNL001 LP312,Zen Tower,MANILA,3,2,BARANGAY 649,,,14.593891,120.959221,,,,,,,16,2020-03-24,OSP
MNL001 LP321 NP5-6,MNL001,LP321,NP5-6,MNL001 LP321,Zen Tower,MANILA,3,2,BARANGAY 649,,,14.591688,120.955686,,,,,,,16,2020-03-24,OSP
MNL001 LP321 NP7-8,MNL001,LP321,NP7-8,MNL001 LP321,Zen Tower,MANILA,3,2,BARANGAY 649,,,14.591482,120.955236,,,,,,,16,2020-03-24,OSP
MNL001 LP322 NP1-2,MNL001,LP322,NP1-2,MNL001 LP322,Zen Tower,MANILA,3,2,BARANGAY 649,,,14.59205,120.955435,,,,,,,16,2020-03-24,OSP
MNL001 LP322 NP3-4,MNL001,LP322,NP3-4,MNL001 LP322,Zen Tower,MANILA,3,2,BARANGAY 649,,,14.592329,120.955142,,,,,,,16,2020-03-24,OSP
MNL001 LP322 NP5-6,MNL001,LP322,NP5-6,MNL001 LP322,Zen Tower,MANILA,3,2,BARANGAY 649,,,14.592592,120.955522,,,,,,,16,2020-03-24,OSP
MNL001 LP322 NP7-8,MNL001,LP322,NP7-8,MNL001 LP322,Zen Tower,MANILA,3,2,BARANGAY 649,,,14.592814,120.955854,,,,,,,16,2020-03-24,OSP
MNL001 LP323 NP1-2,MNL001,LP323,NP1-2,MNL001 LP323,Zen Tower,MANILA,3,2,BARANGAY 649,,,14.592979,120.956194,,,,,,,16,2020-03-24,OSP
MNL001 LP323 NP3-4,MNL001,LP323,NP3-4,MNL001 LP323,Zen Tower,MANILA,3,2,BARANGAY 649,,,14.593173,120.956649,,,,,,,16,2020-03-24,OSP
MNL001 LP323 NP5-6,MNL001,LP323,NP5-6,MNL001 LP323,Zen Tower,MANILA,3,2,BARANGAY 649,,,14.59352,120.957497,,,,,,,16,2020-03-24,OSP
MNL001 LP323 NP7-8,MNL001,LP323,NP7-8,MNL001 LP323,Zen Tower,MANILA,3,2,BARANGAY 649,,,14.593795,120.958229,,,,,,,16,2020-03-24,OSP
MNL069 LP91 NP6-8,MNL069,LP91,NP6-8,MNL069 LP91,Baseco 2,MANILA,3,2,BARANGAY 650,,,14.58881,120.96871,,,,,,,24,2021-11-18,OSP
MNL069 LP92 NP1-2,MNL069,LP92,NP1-2,MNL069 LP92,Baseco 2,MANILA,3,2,BARANGAY 650,,,14.588637,120.968525,,,,,,,16,2021-11-18,OSP
MNL069 LP92 NP3-5,MNL069,LP92,NP3-5,MNL069 LP92,Baseco 2,MANILA,3,2,BARANGAY 650,,,14.588487,120.968371,,,,,,,24,2021-11-18,OSP
MNL069 LP92 NP6-8,MNL069,LP92,NP6-8,MNL069 LP92,Baseco 2,MANILA,3,2,BARANGAY 650,,,14.588487,120.968371,,,,,,,24,2021-11-18,OSP
MNL069 LP87 NP1-2,MNL069,LP87,NP1-2,MNL069 LP87,Baseco 2,MANILA,3,2,BARANGAY 650,,,14.591691,120.970091,,,,,,,16,2021-11-18,OSP
MNL069 LP87 NP3-5,MNL069,LP87,NP3-5,MNL069 LP87,Baseco 2,MANILA,3,2,BARANGAY 650,,,14.591691,120.970091,,,,,,,24,2021-11-18,OSP
MNL069 LP88 NP3-5,MNL069,LP88,NP3-5,MNL069 LP88,Baseco 2,MANILA,3,2,BARANGAY 650,,,14.590996,120.969762,,,,,,,24,2021-11-18,OSP
MNL069 LP88 NP6-8,MNL069,LP88,NP6-8,MNL069 LP88,Baseco 2,MANILA,3,2,BARANGAY 650,,,14.590996,120.969762,,,,,,,24,2021-11-18,OSP
MNL069 LP89 NP1-2,MNL069,LP89,NP1-2,MNL069 LP89,Baseco 2,MANILA,3,2,BARANGAY 650,,,14.590801,120.96991,,,,,,,16,2021-11-18,OSP
MNL069 LP89 NP3-5,MNL069,LP89,NP3-5,MNL069 LP89,Baseco 2,MANILA,3,2,BARANGAY 650,,,14.590801,120.96991,,,,,,,24,2021-11-18,OSP
MNL069 LP89 NP6-8,MNL069,LP89,NP6-8,MNL069 LP89,Baseco 2,MANILA,3,2,BARANGAY 650,,,14.590178,120.970137,,,,,,,24,2021-11-18,OSP
MNL069 LP90 NP1-2,MNL069,LP90,NP1-2,MNL069 LP90,Baseco 2,MANILA,3,2,BARANGAY 650,,,14.590178,120.970137,,,,,,,16,2021-11-18,OSP
MNL069 LP90 NP3-5,MNL069,LP90,NP3-5,MNL069 LP90,Baseco 2,MANILA,3,2,BARANGAY 650,,,14.589905,120.969832,,,,,,,24,2021-11-18,OSP
MNL069 LP90 NP6-8,MNL069,LP90,NP6-8,MNL069 LP90,Baseco 2,MANILA,3,2,BARANGAY 650,,,14.589615,120.96953,,,,,,,24,2021-11-18,OSP
MNL069 LP91 NP1-2,MNL069,LP91,NP1-2,MNL069 LP91,Baseco 2,MANILA,3,2,BARANGAY 650,,,14.589044,120.968949,,,,,,,16,2021-11-18,OSP
MNL069 LP91 NP3-5,MNL069,LP91,NP3-5,MNL069 LP91,Baseco 2,MANILA,3,2,BARANGAY 650,,,14.589044,120.968949,,,,,,,24,2021-11-18,OSP
MNL069 LP97 NP3-5,MNL069,LP97,NP3-5,MNL069 LP97,Baseco 2,MANILA,3,2,BARANGAY 651,,,14.588759,120.971031,,,,,,,24,2021-11-18,OSP
MNL069 LP97 NP6-8,MNL069,LP97,NP6-8,MNL069 LP97,Baseco 2,MANILA,3,2,BARANGAY 651,,,14.588759,120.971031,,,,,,,24,2021-11-18,OSP
MNL069 LP98 NP1-2,MNL069,LP98,NP1-2,MNL069 LP98,Baseco 2,MANILA,3,2,BARANGAY 651,,,14.588382,120.971282,,,,,,,16,2021-11-18,OSP
MNL069 LP98 NP3-5,MNL069,LP98,NP3-5,MNL069 LP98,Baseco 2,MANILA,3,2,BARANGAY 651,,,14.588382,120.971282,,,,,,,24,2021-11-18,OSP
MNL069 LP98 NP6-8,MNL069,LP98,NP6-8,MNL069 LP98,Baseco 2,MANILA,3,2,BARANGAY 651,,,14.587768,120.971688,,,,,,,24,2021-11-18,OSP
MNL069 LP99 NP1-2,MNL069,LP99,NP1-2,MNL069 LP99,Baseco 2,MANILA,3,2,BARANGAY 651,,,14.587768,120.971688,,,,,,,16,2021-11-18,OSP
MNL069 LP99 NP3-5,MNL069,LP99,NP3-5,MNL069 LP99,Baseco 2,MANILA,3,2,BARANGAY 651,,,14.587395,120.971933,,,,,,,24,2021-11-18,OSP
MNL069 LP99 NP6-8,MNL069,LP99,NP6-8,MNL069 LP99,Baseco 2,MANILA,3,2,BARANGAY 651,,,14.587395,120.971933,,,,,,,24,2021-11-18,OSP
MNL069 LP93 NP1-2,MNL069,LP93,NP1-2,MNL069 LP93,Baseco 2,MANILA,3,2,BARANGAY 651,,,14.588436,120.969104,,,,,,,16,2021-11-18,OSP
MNL069 LP93 NP3-5,MNL069,LP93,NP3-5,MNL069 LP93,Baseco 2,MANILA,3,2,BARANGAY 651,,,14.588436,120.969104,,,,,,,24,2021-11-18,OSP
MNL069 LP93 NP6-8,MNL069,LP93,NP6-8,MNL069 LP93,Baseco 2,MANILA,3,2,BARANGAY 651,,,14.588185,120.96936,,,,,,,24,2021-11-18,OSP
MNL069 LP94 NP1-2,MNL069,LP94,NP1-2,MNL069 LP94,Baseco 2,MANILA,3,2,BARANGAY 651,,,14.588185,120.96936,,,,,,,16,2021-11-18,OSP
MNL069 LP94 NP3-5,MNL069,LP94,NP3-5,MNL069 LP94,Baseco 2,MANILA,3,2,BARANGAY 651,,,14.587674,120.969889,,,,,,,24,2021-11-18,OSP
MNL069 LP94 NP6-8,MNL069,LP94,NP6-8,MNL069 LP94,Baseco 2,MANILA,3,2,BARANGAY 651,,,14.587674,120.969889,,,,,,,24,2021-11-18,OSP
MNL069 LP95 NP1-2,MNL069,LP95,NP1-2,MNL069 LP95,Baseco 2,MANILA,3,2,BARANGAY 651,,,14.58802,120.970248,,,,,,,16,2021-11-18,OSP
MNL069 LP95 NP3-5,MNL069,LP95,NP3-5,MNL069 LP95,Baseco 2,MANILA,3,2,BARANGAY 651,,,14.58835,120.97059,,,,,,,24,2021-11-18,OSP
MNL069 LP95 NP6-8,MNL069,LP95,NP6-8,MNL069 LP95,Baseco 2,MANILA,3,2,BARANGAY 651,,,14.58835,120.97059,,,,,,,24,2021-11-18,OSP
MNL069 LP96 NP1-2,MNL069,LP96,NP1-2,MNL069 LP96,Baseco 2,MANILA,3,2,BARANGAY 651,,,14.589763,120.970386,,,,,,,16,2021-11-18,OSP
MNL069 LP96 NP3-5,MNL069,LP96,NP3-5,MNL069 LP96,Baseco 2,MANILA,3,2,BARANGAY 651,,,14.589763,120.970386,,,,,,,24,2021-11-18,OSP
MNL069 LP96 NP6-8,MNL069,LP96,NP6-8,MNL069 LP96,Baseco 2,MANILA,3,2,BARANGAY 651,,,14.589359,120.970655,,,,,,,24,2021-11-18,OSP
MNL069 LP97 NP1-2,MNL069,LP97,NP1-2,MNL069 LP97,Baseco 2,MANILA,3,2,BARANGAY 651,,,14.589359,120.970655,,,,,,,16,2021-11-18,OSP
MNL069 LP100 NP1-2,MNL069,LP100,NP1-2,MNL069 LP100,Baseco 2,MANILA,3,2,BARANGAY 651,,,14.586417,120.971136,,,,,,,16,2021-11-18,OSP
MNL069 LP100 NP3-5,MNL069,LP100,NP3-5,MNL069 LP100,Baseco 2,MANILA,3,2,BARANGAY 651,,,14.586673,120.970882,,,,,,,24,2021-11-18,OSP
MNL069 LP100 NP6-8,MNL069,LP100,NP6-8,MNL069 LP100,Baseco 2,MANILA,3,2,BARANGAY 652,,,14.586016,120.971549,,,,,,,24,2021-11-18,OSP
MNL069 LP101 NP1-2,MNL069,LP101,NP1-2,MNL069 LP101,Baseco 2,MANILA,3,2,BARANGAY 652,,,14.585719,120.971852,,,,,,,16,2021-11-18,OSP
MNL069 LP101 NP3-5,MNL069,LP101,NP3-5,MNL069 LP101,Baseco 2,MANILA,3,2,BARANGAY 652,,,14.585297,120.972281,,,,,,,24,2021-11-18,OSP
MNL069 LP101 NP6-8,MNL069,LP101,NP6-8,MNL069 LP101,Baseco 2,MANILA,3,2,BARANGAY 652,,,14.585297,120.972281,,,,,,,24,2021-11-18,OSP
MNL069 LP102 NP1-2,MNL069,LP102,NP1-2,MNL069 LP102,Baseco 2,MANILA,3,2,BARANGAY 652,,,14.586768,120.972327,,,,,,,16,2021-11-18,OSP
MNL069 LP102 NP3-5,MNL069,LP102,NP3-5,MNL069 LP102,Baseco 2,MANILA,3,2,BARANGAY 652,,,14.586417,120.97254,,,,,,,24,2021-11-18,OSP
MNL069 LP102 NP6-8,MNL069,LP102,NP6-8,MNL069 LP102,Baseco 2,MANILA,3,2,BARANGAY 652,,,14.586417,120.97254,,,,,,,24,2021-11-18,OSP
MNL069 LP104 NP6-8,MNL069,LP104,NP6-8,MNL069 LP104,Baseco 2,MANILA,3,2,BARANGAY 653,,,14.584532,120.973773,,,,,,,24,2021-11-18,OSP
MNL069 LP103 NP1-2,MNL069,LP103,NP1-2,MNL069 LP103,Baseco 2,MANILA,3,2,BARANGAY 653,,,14.585745,120.972985,,,,,,,16,2021-11-18,OSP
MNL069 LP103 NP3-5,MNL069,LP103,NP3-5,MNL069 LP103,Baseco 2,MANILA,3,2,BARANGAY 653,,,14.58537,120.97322,,,,,,,24,2021-11-18,OSP
MNL069 LP103 NP6-8,MNL069,LP103,NP6-8,MNL069 LP103,Baseco 2,MANILA,3,2,BARANGAY 653,,,14.58537,120.97322,,,,,,,24,2021-11-18,OSP
MNL069 LP104 NP1-2,MNL069,LP104,NP1-2,MNL069 LP104,Baseco 2,MANILA,3,2,BARANGAY 653,,,14.584992,120.973465,,,,,,,16,2021-11-18,OSP
MNL069 LP104 NP3-5,MNL069,LP104,NP3-5,MNL069 LP104,Baseco 2,MANILA,3,2,BARANGAY 653,,,14.584532,120.973773,,,,,,,24,2021-11-18,OSP
MNL001 LP392 NP5-6,MNL001,LP392,NP5-6,MNL001 LP392,Zen Tower,MANILA,3,2,BARANGAY 654,,,14.593129,120.975759,,,,,,,16,2020-09-25,OSP
MNL001 LP392 NP7-8,MNL001,LP392,NP7-8,MNL001 LP392,Zen Tower,MANILA,3,2,BARANGAY 654,,,14.591402,120.97632,,,,,,,16,2020-09-25,OSP
MNL001 LP393 NP1-2,MNL001,LP393,NP1-2,MNL001 LP393,Zen Tower,MANILA,3,2,BARANGAY 654,,,14.592902,120.976902,,,,,,,16,2020-09-25,OSP
MNL001 LP393 NP3-4,MNL001,LP393,NP3-4,MNL001 LP393,Zen Tower,MANILA,3,2,BARANGAY 654,,,14.591906,120.977482,,,,,,,16,2020-09-25,OSP
MNL001 LP116 NP3-4,MNL001,LP116,NP3-4,MNL001 LP116,Zen Tower,MANILA,3,2,BARANGAY 654,,,14.591908,120.975835,,,,,,,16,2018-04-17,OSP
MNL001 LP116 NP5-6,MNL001,LP116,NP5-6,MNL001 LP116,Zen Tower,MANILA,3,2,BARANGAY 654,,,14.592381,120.976378,,,,,,,16,2018-04-17,OSP
MNL001 LP116 NP7-8,MNL001,LP116,NP7-8,MNL001 LP116,Zen Tower,MANILA,3,2,BARANGAY 654,,,14.593372,120.977488,,,,,,,16,2018-04-17,OSP
MNL001 LP117 NP1-2,MNL001,LP117,NP1-2,MNL001 LP117,Zen Tower,MANILA,3,2,BARANGAY 654,,,14.593175,120.974757,,,,,,,16,2018-04-17,OSP
MNL001 LP118 NP1-2,MNL001,LP118,NP1-2,MNL001 LP118,Zen Tower,MANILA,3,2,BARANGAY 654,,,14.593542,120.974213,,,,,,,16,2018-04-17,OSP
MNL001 LP110 NP7-8,MNL001,LP110,NP7-8,MNL001 LP110,Zen Tower,MANILA,3,2,BARANGAY 654,,,14.592139,120.977704,,,,,,,16,2018-04-17,OSP
MNL001 LP395 NP1-2,MNL001,LP395,NP1-2,MNL001 LP395,Zen Tower,MANILA,3,2,BARANGAY 655,,,14.591074,120.975692,,,,,,,16,2020-09-25,OSP
MNL001 LP395 NP3-4,MNL001,LP395,NP3-4,MNL001 LP395,Zen Tower,MANILA,3,2,BARANGAY 655,,,14.592135,120.974706,,,,,,,16,2020-09-25,OSP
MNL001 LP114 NP5-6,MNL001,LP114,NP5-6,MNL001 LP114,Zen Tower,MANILA,3,2,BARANGAY 655,,,14.590007,120.973644,,,,,,,16,2018-04-17,OSP
MNL001 LP114 NP7-8,MNL001,LP114,NP7-8,MNL001 LP114,Zen Tower,MANILA,3,2,BARANGAY 655,,,14.589605,120.973114,,,,,,,16,2020-08-26,OSP
MNL001 LP115 NP1-2,MNL001,LP115,NP1-2,MNL001 LP115,Zen Tower,MANILA,3,2,BARANGAY 655,,,14.59097,120.97364,,,,,,,16,2018-04-17,OSP
MNL001 LP115 NP3-4,MNL001,LP115,NP3-4,MNL001 LP115,Zen Tower,MANILA,3,2,BARANGAY 655,,,14.590545,120.973178,,,,,,,16,2018-04-17,OSP
MNL001 LP115 NP5-6,MNL001,LP115,NP5-6,MNL001 LP115,Zen Tower,MANILA,3,2,BARANGAY 655,,,14.591214,120.972535,,,,,,,16,2018-04-17,OSP
MNL001 LP116 NP1-2,MNL001,LP116,NP1-2,MNL001 LP116,Zen Tower,MANILA,3,2,BARANGAY 655,,,14.592544,120.975204,,,,,,,16,2018-04-17,OSP
MNL001 LP117 NP3-4,MNL001,LP117,NP3-4,MNL001 LP117,Zen Tower,MANILA,3,2,BARANGAY 655,,,14.592559,120.974198,,,,,,,16,2018-04-17,OSP
MNL001 LP117 NP5-6,MNL001,LP117,NP5-6,MNL001 LP117,Zen Tower,MANILA,3,2,BARANGAY 655,,,14.592122,120.973739,,,,,,,16,2018-04-17,OSP
MNL001 LP117 NP7-8,MNL001,LP117,NP7-8,MNL001 LP117,Zen Tower,MANILA,3,2,BARANGAY 655,,,14.591626,120.974183,,,,,,,16,2018-04-17,OSP
MNL001 LP110 NP5-6,MNL001,LP110,NP5-6,MNL001 LP110,Zen Tower,MANILA,3,2,BARANGAY 655,,,14.591102,120.976576,,,,,,,16,2018-04-17,OSP
MNL001 LP111 NP5-6,MNL001,LP111,NP5-6,MNL001 LP111,Zen Tower,MANILA,3,2,BARANGAY 655,,,14.590663,120.976065,,,,,,,16,2018-04-17,OSP
MNL001 LP111 NP7-8,MNL001,LP111,NP7-8,MNL001 LP111,Zen Tower,MANILA,3,2,BARANGAY 655,,,14.591373,120.975277,,,,,,,16,2018-04-17,OSP
MNL001 LP112 NP5-6,MNL001,LP112,NP5-6,MNL001 LP112,Zen Tower,MANILA,3,2,BARANGAY 655,,,14.590099,120.975456,,,,,,,16,2018-04-17,OSP
MNL001 LP112 NP7-8,MNL001,LP112,NP7-8,MNL001 LP112,Zen Tower,MANILA,3,2,BARANGAY 655,,,14.590916,120.974732,,,,,,,16,2018-04-17,OSP
MNL001 LP114 NP1-2,MNL001,LP114,NP1-2,MNL001 LP114,Zen Tower,MANILA,3,2,BARANGAY 655,,,14.589602,120.974887,,,,,,,16,2018-04-17,OSP
MNL001 LP114 NP3-4,MNL001,LP114,NP3-4,MNL001 LP114,Zen Tower,MANILA,3,2,BARANGAY 655,,,14.589071,120.974411,,,,,,,16,2018-04-17,OSP
MNL001 LP392 NP1-2,MNL001,LP392,NP1-2,MNL001 LP392,Zen Tower,MANILA,3,2,BARANGAY 656,,,14.592494,120.972234,,,,,,,16,2020-09-25,OSP
MNL001 LP392 NP3-4,MNL001,LP392,NP3-4,MNL001 LP392,Zen Tower,MANILA,3,2,BARANGAY 656,,,14.593147,120.973669,,,,,,,16,2020-09-25,OSP
MNL001 LP118 NP7-8,MNL001,LP118,NP7-8,MNL001 LP118,Zen Tower,MANILA,3,2,BARANGAY 656,,,14.592278,120.972414,,,,,,,16,2018-04-17,OSP
MNL001 LP119 NP1-2,MNL001,LP119,NP1-2,MNL001 LP119,Zen Tower,MANILA,3,2,BARANGAY 656,,,14.594362,120.97516,,,,,,,16,2018-04-17,OSP
MNL001 LP119 NP3-4,MNL001,LP119,NP3-4,MNL001 LP119,Zen Tower,MANILA,3,2,BARANGAY 656,,,14.593729,120.975584,,,,,,,16,2018-04-17,OSP
MNL001 LP119 NP5-6,MNL001,LP119,NP5-6,MNL001 LP119,Zen Tower,MANILA,3,2,BARANGAY 656,,,14.593922,120.976634,,,,,,,16,2018-04-17,OSP
MNL001 LP119 NP7-8,MNL001,LP119,NP7-8,MNL001 LP119,Zen Tower,MANILA,3,2,BARANGAY 656,,,14.594022,120.977178,,,,,,,16,2020-08-26,OSP
MNL001 LP120 NP1-2,MNL001,LP120,NP1-2,MNL001 LP120,Zen Tower,MANILA,3,2,BARANGAY 656,,,14.594515,120.976414,,,,,,,16,2018-04-17,OSP
MNL001 LP120 NP3-4,MNL001,LP120,NP3-4,MNL001 LP120,Zen Tower,MANILA,3,2,BARANGAY 656,,,14.594726,120.977692,,,,,,,16,2018-04-17,OSP
MNL001 LP115 NP7-8,MNL001,LP115,NP7-8,MNL001 LP115,Zen Tower,MANILA,3,2,BARANGAY 656,,,14.591925,120.972256,,,,,,,16,2018-04-17,OSP
MNL001 LP118 NP3-4,MNL001,LP118,NP3-4,MNL001 LP118,Zen Tower,MANILA,3,2,BARANGAY 656,,,14.593265,120.973602,,,,,,,16,2018-04-17,OSP
MNL001 LP118 NP5-6,MNL001,LP118,NP5-6,MNL001 LP118,Zen Tower,MANILA,3,2,BARANGAY 656,,,14.592825,120.973063,,,,,,,16,2018-04-17,OSP
MNL001 LP424 NP1-2,MNL001,LP424,NP1-2,MNL001 LP424,Zen Tower,MANILA,3,2,BARANGAY 656,,FEMII BUILDING (MAIN BUILDING),14.593131,120.973201,MNL072,GF,MDF ROOM,,,,,2021-12-30,ISP
MNL001 LP424 NP4,MNL001,LP424,NP4,MNL001 LP424,Zen Tower,MANILA,3,2,BARANGAY 656,,FEMII BUILDING (MAIN BUILDING),14.593131,120.973201,MNL072,3F,EE ROOM BUILDING A,,,,,2021-12-30,ISP
MNL001 LP424 NP3,MNL001,LP424,NP3,MNL001 LP424,Zen Tower,MANILA,3,2,BARANGAY 656,,FEMII BUILDING (MAIN BUILDING),14.593131,120.973201,MNL072,2F,EE ROOM BUILDING A,,,,,2021-12-30,ISP
MNL001 LP424 NP5-6,MNL001,LP424,NP5-6,MNL001 LP424,Zen Tower,MANILA,3,2,BARANGAY 656,,FEMII BUILDING (MAIN BUILDING),14.593131,120.973201,,4F,EE ROOM BUILDING A,MNL072,,,,2021-12-30,ISP
MNL001 LP426 NP1-8,MNL001,LP426,NP1-8,MNL001 LP426,Zen Tower,MANILA,3,2,BARANGAY 656,,DANTE ANG BUILDING,14.593530,120.973500,MNL077,3F,EE ROOM,,,,,2022-08-30,ISP
MNL001 LP424 NP7-8,MNL001,LP424,NP7-8,MNL001 LP424,Zen Tower,MANILA,3,2,BARANGAY 656,,FEMII BUILDING (MAIN BUILDING),14.593131,120.973201,,5F,EE ROOM BUILDING A,MNL072,,,,2021-12-30,ISP
MNL001 LP394 NP3-4,MNL001,LP394,NP3-4,MNL001 LP394,Zen Tower,MANILA,3,2,BARANGAY 657,,,14.588219,120.97824,,,,,,,16,2020-09-25,OSP
MNL001 LP394 NP5-6,MNL001,LP394,NP5-6,MNL001 LP394,Zen Tower,MANILA,3,2,BARANGAY 657,,,14.587932,120.977899,,,,,,,16,2020-09-25,OSP
MNL001 LP111 NP1-2,MNL001,LP111,NP1-2,MNL001 LP111,Zen Tower,MANILA,3,2,BARANGAY 657,,,14.58878,120.977682,,,,,,,16,2018-04-17,OSP
MNL001 LP109 NP3-4,MNL001,LP109,NP3-4,MNL001 LP109,Zen Tower,MANILA,3,2,BARANGAY 657,,,14.588386,120.978816,,,,,,,16,2018-04-17,OSP
MNL001 LP109 NP5-6,MNL001,LP109,NP5-6,MNL001 LP109,Zen Tower,MANILA,3,2,BARANGAY 657,,,14.586943,120.978408,,,,,,,16,2018-04-17,OSP
MNL001 LP109 NP7-8,MNL001,LP109,NP7-8,MNL001 LP109,Zen Tower,MANILA,3,2,BARANGAY 657,,,14.586468,120.977648,,,,,,,16,2018-04-17,OSP
MNL001 LP393 NP5-6,MNL001,LP393,NP5-6,MNL001 LP393,Zen Tower,MANILA,3,2,BARANGAY 658,,,14.590676,120.977003,,,,,,,16,2020-09-25,OSP
MNL001 LP393 NP7-8,MNL001,LP393,NP7-8,MNL001 LP393,Zen Tower,MANILA,3,2,BARANGAY 658,,,14.589867,120.977827,,,,,,,16,2020-09-25,OSP
MNL001 LP394 NP1-2,MNL001,LP394,NP1-2,MNL001 LP394,Zen Tower,MANILA,3,2,BARANGAY 658,,,14.588993,120.977472,,,,,,,16,2020-09-25,OSP
MNL001 LP394 NP7-8,MNL001,LP394,NP7-8,MNL001 LP394,Zen Tower,MANILA,3,2,BARANGAY 658,,,14.590065,120.976604,,,,,,,16,2020-09-25,OSP
MNL001 LP110 NP3-4,MNL001,LP110,NP3-4,MNL001 LP110,Zen Tower,MANILA,3,2,BARANGAY 658,,,14.590229,120.977478,,,,,,,16,2018-04-17,OSP
MNL001 LP111 NP3-4,MNL001,LP111,NP3-4,MNL001 LP111,Zen Tower,MANILA,3,2,BARANGAY 658,,,14.58972,120.976821,,,,,,,16,2018-04-17,OSP
MNL001 LP112 NP1-2,MNL001,LP112,NP1-2,MNL001 LP112,Zen Tower,MANILA,3,2,BARANGAY 658,,,14.588381,120.977055,,,,,,,16,2018-04-17,OSP
MNL001 LP112 NP3-4,MNL001,LP112,NP3-4,MNL001 LP112,Zen Tower,MANILA,3,2,BARANGAY 658,,,14.58926,120.976228,,,,,,,16,2018-04-17,OSP
MNL001 LP113 NP1-2,MNL001,LP113,NP1-2,MNL001 LP113,Zen Tower,MANILA,3,2,BARANGAY 658,,,14.588803,120.975653,,,,,,,16,2018-04-17,OSP
MNL001 LP113 NP3-4,MNL001,LP113,NP3-4,MNL001 LP113,Zen Tower,MANILA,3,2,BARANGAY 658,,,14.588255,120.975275,,,,,,,16,2018-04-17,OSP
MNL001 LP113 NP5-6,MNL001,LP113,NP5-6,MNL001 LP113,Zen Tower,MANILA,3,2,BARANGAY 658,,,14.587118,120.975264,,,,,,,16,2018-04-17,OSP
MNL001 LP113 NP7-8,MNL001,LP113,NP7-8,MNL001 LP113,Zen Tower,MANILA,3,2,BARANGAY 658,,,14.587415,120.975841,,,,,,,16,2020-08-07,OSP
MNL001 LP109 NP1-2,MNL001,LP109,NP1-2,MNL001 LP109,Zen Tower,MANILA,3,2,BARANGAY 658,,,14.589663,120.97895,,,,,,,16,2018-04-17,OSP
MNL001 LP110 NP1-2,MNL001,LP110,NP1-2,MNL001 LP110,Zen Tower,MANILA,3,2,BARANGAY 658,,,14.589242,120.978237,,,,,,,16,2018-04-17,OSP
MNL001 LP226 NP1-2,MNL001,LP226,NP1-2,MNL001 LP226,Zen Tower,MANILA,3,2,BARANGAY 659,,,14.59031872,120.98397,,,,,,,16,2019-05-04,OSP
MNL001 LP351 NP3-4,MNL001,LP351,NP3-4,MNL001 LP351,Zen Tower,MANILA,3,2,BARANGAY 659,,,14.589495,120.985078,,,,,,,16,2020-03-19,OSP
MNL001 LP86 NP5,MNL001,LP86,NP5,MNL001 LP86,Zen Tower,MANILA,3,2,BARANGAY 659,,,14.590207,120.984049,,,,,,,8,2015-07-22,OSP
MNL001 LP101 NP1,MNL001,LP101,NP1,MNL001 LP101,Zen Tower,MANILA,3,2,BARANGAY 659,,MANILA CITY HALL,14.589775,120.981565,MNL93P,3F,HALLWAY,,,,,2019-12-27,ISP
MNL001 LP101 NP2,MNL001,LP101,NP2,MNL001 LP101,Zen Tower,MANILA,3,2,BARANGAY 659,,MANILA CITY HALL,14.589775,120.981565,MNL93P,3F,HALLWAY,,,,,2019-12-27,ISP
MNL093 LP5 NP1,MNL093,LP5,NP1,MNL093 LP5,Suntrust Solana Tower 1&2,MANILA,3,2,BARANGAY 659-A,,SUNTRUST SOLANA TOWER 2,14.590694,120.985794,,16F,EE ROOM,,,,8,2025-03-14,ISP
MNL093 LP1 NP5,MNL093,LP1,NP5,MNL093 LP1,Suntrust Solana Tower 1&2,MANILA,3,2,BARANGAY 659-A,,SUNTRUST SOLANA TOWER 1,14.590581,120.985614,,12F,EE ROOM,,,,8,2025-03-14,ISP
MNL093 LP4 NP2,MNL093,LP4,NP2,MNL093 LP4,Suntrust Solana Tower 1&2,MANILA,3,2,BARANGAY 659-A,,SUNTRUST SOLANA TOWER 2,14.590694,120.985794,,7F,EE ROOM,,,,8,2025-03-14,ISP
MNL093 LP2 NP5,MNL093,LP2,NP5,MNL093 LP2,Suntrust Solana Tower 1&2,MANILA,3,2,BARANGAY 659-A,,SUNTRUST SOLANA TOWER 1,14.590581,120.985614,,21F,EE ROOM,,,,8,2025-03-14,ISP
MNL093 LP2 NP1,MNL093,LP2,NP1,MNL093 LP2,Suntrust Solana Tower 1&2,MANILA,3,2,BARANGAY 659-A,,SUNTRUST SOLANA TOWER 1,14.590581,120.985614,,14F,EE ROOM,,,,8,2025-03-14,ISP
MNL093 LP1 NP2,MNL093,LP1,NP2,MNL093 LP1,Suntrust Solana Tower 1&2,MANILA,3,2,BARANGAY 659-A,,SUNTRUST SOLANA TOWER 1,14.590581,120.985614,,7F,EE ROOM,,,,8,2025-03-14,ISP
MNL093 LP5 NP5,MNL093,LP5,NP5,MNL093 LP5,Suntrust Solana Tower 1&2,MANILA,3,2,BARANGAY 659-A,,SUNTRUST SOLANA TOWER 2,14.590694,120.985794,,24F,EE ROOM,,,,8,2025-03-14,ISP
MNL093 LP1 NP1,MNL093,LP1,NP1,MNL093 LP1,Suntrust Solana Tower 1&2,MANILA,3,2,BARANGAY 659-A,,SUNTRUST SOLANA TOWER 1,14.590581,120.985614,,5F,EE ROOM,,,,8,2025-03-14,ISP
MNL093 LP3 NP3,MNL093,LP3,NP3,MNL093 LP3,Suntrust Solana Tower 1&2,MANILA,3,2,BARANGAY 659-A,,SUNTRUST SOLANA TOWER 1,14.590581,120.985614,,26F,EE ROOM,,,,8,2025-03-14,ISP
MNL093 LP4 NP3,MNL093,LP4,NP3,MNL093 LP4,Suntrust Solana Tower 1&2,MANILA,3,2,BARANGAY 659-A,,SUNTRUST SOLANA TOWER 2,14.590694,120.985794,,9F,EE ROOM,,,,8,2025-03-14,ISP
MNL093 LP2 NP2,MNL093,LP2,NP2,MNL093 LP2,Suntrust Solana Tower 1&2,MANILA,3,2,BARANGAY 659-A,,SUNTRUST SOLANA TOWER 1,14.590581,120.985614,,16F,EE ROOM,,,,8,2025-03-14,ISP
MNL093 LP3 NP4,MNL093,LP3,NP4,MNL093 LP3,Suntrust Solana Tower 1&2,MANILA,3,2,BARANGAY 659-A,,SUNTRUST SOLANA TOWER 1,14.590581,120.985614,,28F,EE ROOM,,,,8,2025-03-14,ISP
MNL093 LP1 NP4,MNL093,LP1,NP4,MNL093 LP1,Suntrust Solana Tower 1&2,MANILA,3,2,BARANGAY 659-A,,SUNTRUST SOLANA TOWER 1,14.590581,120.985614,,10F,EE ROOM,,,,8,2025-03-14,ISP
MNL093 LP3 NP1,MNL093,LP3,NP1,MNL093 LP3,Suntrust Solana Tower 1&2,MANILA,3,2,BARANGAY 659-A,,SUNTRUST SOLANA TOWER 1,14.590581,120.985614,,23F,EE ROOM,,,,8,2025-03-14,ISP
MNL093 LP3 NP5,MNL093,LP3,NP5,MNL093 LP3,Suntrust Solana Tower 1&2,MANILA,3,2,BARANGAY 659-A,,SUNTRUST SOLANA TOWER 1,14.590581,120.985614,,30F,EE ROOM,,,,8,2025-03-14,ISP
MNL093 LP4 NP5,MNL093,LP4,NP5,MNL093 LP4,Suntrust Solana Tower 1&2,MANILA,3,2,BARANGAY 659-A,,SUNTRUST SOLANA TOWER 2,14.590694,120.985794,,14F,EE ROOM,,,,8,2025-03-14,ISP
MNL093 LP5 NP4,MNL093,LP5,NP4,MNL093 LP5,Suntrust Solana Tower 1&2,MANILA,3,2,BARANGAY 659-A,,SUNTRUST SOLANA TOWER 2,14.590694,120.985794,,23F,EE ROOM,,,,8,2025-03-14,ISP
MNL093 LP1 NP3,MNL093,LP1,NP3,MNL093 LP1,Suntrust Solana Tower 1&2,MANILA,3,2,BARANGAY 659-A,,SUNTRUST SOLANA TOWER 1,14.590581,120.985614,,8F,EE ROOM,,,,8,2025-03-14,ISP
MNL093 LP5 NP2,MNL093,LP5,NP2,MNL093 LP5,Suntrust Solana Tower 1&2,MANILA,3,2,BARANGAY 659-A,,SUNTRUST SOLANA TOWER 2,14.590694,120.985794,,18F,EE ROOM,,,,8,2025-03-14,ISP
MNL093 LP3 NP2,MNL093,LP3,NP2,MNL093 LP3,Suntrust Solana Tower 1&2,MANILA,3,2,BARANGAY 659-A,,SUNTRUST SOLANA TOWER 1,14.590581,120.985614,,25F,EE ROOM,,,,8,2025-03-14,ISP
MNL093 LP2 NP3,MNL093,LP2,NP3,MNL093 LP2,Suntrust Solana Tower 1&2,MANILA,3,2,BARANGAY 659-A,,SUNTRUST SOLANA TOWER 1,14.590581,120.985614,,18F,EE ROOM,,,,8,2025-03-14,ISP
MNL093 LP2 NP4,MNL093,LP2,NP4,MNL093 LP2,Suntrust Solana Tower 1&2,MANILA,3,2,BARANGAY 659-A,,SUNTRUST SOLANA TOWER 1,14.590581,120.985614,,19F,EE ROOM,,,,8,2025-03-14,ISP
MNL093 LP4 NP1,MNL093,LP4,NP1,MNL093 LP4,Suntrust Solana Tower 1&2,MANILA,3,2,BARANGAY 659-A,,SUNTRUST SOLANA TOWER 2,14.590694,120.985794,,5F,EE ROOM,,,,8,2025-03-14,ISP
MNL093 LP5 NP3,MNL093,LP5,NP3,MNL093 LP5,Suntrust Solana Tower 1&2,MANILA,3,2,BARANGAY 659-A,,SUNTRUST SOLANA TOWER 2,14.590694,120.985794,,18F,EE ROOM,,,,8,2025-03-14,ISP
MNL093 LP4 NP4,MNL093,LP4,NP4,MNL093 LP4,Suntrust Solana Tower 1&2,MANILA,3,2,BARANGAY 659-A,,SUNTRUST SOLANA TOWER 2,14.590694,120.985794,,11F,EE ROOM,,,,8,2025-03-14,ISP
MNL001 LP351 NP1-2,MNL001,LP351,NP1-2,MNL001 LP351,Zen Tower,MANILA,3,2,BARANGAY 659-A,,,14.590302,120.985667,,,,,,,16,2020-03-19,OSP
MNL001 LP351 NP5-6,MNL001,LP351,NP5-6,MNL001 LP351,Zen Tower,MANILA,3,2,BARANGAY 659-A,,,14.590545,120.981852,,,,,,,16,2020-03-19,OSP
MNL001 LP351 NP7-8,MNL001,LP351,NP7-8,MNL001 LP351,Zen Tower,MANILA,3,2,BARANGAY 659-A,,,14.592862,120.981865,,,,,,,16,2020-03-19,OSP
MNL001 LP30 NP1,MNL001,LP30,NP1,MNL001 LP30,Zen Tower,MANILA,3,2,BARANGAY 659-A,,ZEN TOWERS,14.590579,120.984039,,9F,CONVERGE ROOM,MNL001,,,,2019-01-28,ISP
MNL001 LP128 NP3,MNL001,LP128,NP3,MNL001 LP128,Zen Tower,MANILA,3,2,BARANGAY 659-A,,GOTESCO REGENCY TWIN TOWERS (TOWER C),14.591337,120.984838,MNL95P,9F,TTC ROOM,,,,,2018-06-29,ISP
MNL001 LP31 NP6,MNL001,LP31,NP6,MNL001 LP31,Zen Tower,MANILA,3,2,BARANGAY 659-A,,ZEN TOWERS,14.590579,120.984039,,23F,CONVERGE ROOM,MNL001,,,,2019-01-28,ISP
MNL001 LP100 NP7,MNL001,LP100,NP7,MNL001 LP100,Zen Tower,MANILA,3,2,BARANGAY 659-A,,MANILA REAL RESIDENCES,14.590588,120.985065,MNL96P,9F,EE ROOM BUILDING A,,,,,2018-08-07,ISP
MNL001 LP130 NP4,MNL001,LP130,NP4,MNL001 LP130,Zen Tower,MANILA,3,2,BARANGAY 659-A,,GOTESCO REGENCY TWIN TOWERS (TOWER B),14.591137,120.985195,,20F,TTC ROOM,MNL94P,,,,2018-06-29,ISP
MNL001 LP129 NP6,MNL001,LP129,NP6,MNL001 LP129,Zen Tower,MANILA,3,2,BARANGAY 659-A,,GOTESCO REGENCY TWIN TOWERS (TOWER C),14.591337,120.984838,MNL95P,24F,TTC ROOM,,,,,2018-06-29,ISP
MNL001 LP130 NP6,MNL001,LP130,NP6,MNL001 LP130,Zen Tower,MANILA,3,2,BARANGAY 659-A,,GOTESCO REGENCY TWIN TOWERS (TOWER B),14.591137,120.985195,MNL94P,25F,TTC ROOM,,,,,2018-06-29,ISP
MNL001 LP427 NP6,MNL001,LP427,NP6,MNL001 LP427,Zen Tower,MANILA,3,2,BARANGAY 659-A,,ZEN TOWERS,14.590579,120.984039,,5F,CONVERGE ROOM,MNL001,,,,2022-11-30,ISP
MNL001 LP29 NP6,MNL001,LP29,NP6,MNL001 LP29,Zen Tower,MANILA,3,2,BARANGAY 659-A,,ZEN TOWERS,14.590579,120.984039,,5F,CONVERGE ROOM,MNL001,,,,2022-11-30,ISP
MNL001 LP31 NP2,MNL001,LP31,NP2,MNL001 LP31,Zen Tower,MANILA,3,2,BARANGAY 659-A,,ZEN TOWERS,14.590579,120.984039,,19F,CONVERGE ROOM,MNL001,,,,2019-01-28,ISP
MNL001 LP30 NP6,MNL001,LP30,NP6,MNL001 LP30,Zen Tower,MANILA,3,2,BARANGAY 659-A,,ZEN TOWERS,14.590579,120.984039,MNL001,15F,CONVERGE ROOM,,,,,2019-01-28,ISP
MNL001 LP128 NP2,MNL001,LP128,NP2,MNL001 LP128,Zen Tower,MANILA,3,2,BARANGAY 659-A,,GOTESCO REGENCY TWIN TOWERS (TOWER C),14.591337,120.984838,MNL95P,7F,TTC ROOM,,,,,2018-06-29,ISP
MNL001 LP29 NP2,MNL001,LP29,NP2,MNL001 LP29,Zen Tower,MANILA,3,2,BARANGAY 659-A,,ZEN TOWERS,14.590579,120.984039,MNL001,6F,CONVERGE ROOM,,,,,2019-01-28,ISP
MNL001 LP128 NP5,MNL001,LP128,NP5,MNL001 LP128,Zen Tower,MANILA,3,2,BARANGAY 659-A,,GOTESCO REGENCY TWIN TOWERS (TOWER B),14.591137,120.985195,MNL94P,5F,TTC ROOM,,,,,2018-06-29,ISP
MNL001 LP427 NP1,MNL001,LP427,NP1,MNL001 LP427,Zen Tower,MANILA,3,2,BARANGAY 659-A,,ZEN TOWERS,14.590579,120.984039,,5F,CONVERGE ROOM,MNL001,,,,2022-11-30,ISP
MNL001 LP427 NP5,MNL001,LP427,NP5,MNL001 LP427,Zen Tower,MANILA,3,2,BARANGAY 659-A,,ZEN TOWERS,14.590579,120.984039,,5F,CONVERGE ROOM,MNL001,,,,2022-11-30,ISP
MNL001 LP129 NP1,MNL001,LP129,NP1,MNL001 LP129,Zen Tower,MANILA,3,2,BARANGAY 659-A,,GOTESCO REGENCY TWIN TOWERS (TOWER C),14.591337,120.984838,MNL95P,14F,TTC ROOM,,,,,2018-06-29,ISP
MNL001 LP30 NP4,MNL001,LP30,NP4,MNL001 LP30,Zen Tower,MANILA,3,2,BARANGAY 659-A,,ZEN TOWERS,14.590579,120.984039,MNL001,12F,CONVERGE ROOM,,,,,2019-01-28,ISP
MNL001 LP31 NP7,MNL001,LP31,NP7,MNL001 LP31,Zen Tower,MANILA,3,2,BARANGAY 659-A,,ZEN TOWERS,14.590579,120.984039,MNL001,24F,CONVERGE ROOM,,,,,2019-01-28,ISP
MNL001 LP31 NP1,MNL001,LP31,NP1,MNL001 LP31,Zen Tower,MANILA,3,2,BARANGAY 659-A,,ZEN TOWERS,14.590579,120.984039,MNL001,18F,CONVERGE ROOM,,,,,2019-01-28,ISP
MNL001 LP129 NP4,MNL001,LP129,NP4,MNL001 LP129,Zen Tower,MANILA,3,2,BARANGAY 659-A,,GOTESCO REGENCY TWIN TOWERS (TOWER C),14.591337,120.984838,MNL95P,20F,TTC ROOM,,,,,2018-06-29,ISP
MNL001 LP130 NP3,MNL001,LP130,NP3,MNL001 LP130,Zen Tower,MANILA,3,2,BARANGAY 659-A,,GOTESCO REGENCY TWIN TOWERS (TOWER B),14.591137,120.985195,MNL94P,18F,TTC ROOM,,,,,2018-06-29,ISP
MNL001 LP427 NP4,MNL001,LP427,NP4,MNL001 LP427,Zen Tower,MANILA,3,2,BARANGAY 659-A,,ZEN TOWERS,14.590579,120.984039,,5F,CONVERGE ROOM,MNL001,,,,2022-11-30,ISP
MNL001 LP29 NP7,MNL001,LP29,NP7,MNL001 LP29,Zen Tower,MANILA,3,2,BARANGAY 659-A,,ZEN TOWERS,14.590579,120.984039,,5F,CONVERGE ROOM,MNL001,,,,2022-11-30,ISP
MNL001 LP128 NP8,MNL001,LP128,NP8,MNL001 LP128,Zen Tower,MANILA,3,2,BARANGAY 659-A,,GOTESCO REGENCY TWIN TOWERS (TOWER B),14.591137,120.985195,MNL94P,11F,TTC ROOM,,,,,2018-06-29,ISP
MNL001 LP128 NP1,MNL001,LP128,NP1,MNL001 LP128,Zen Tower,MANILA,3,2,BARANGAY 659-A,,GOTESCO REGENCY TWIN TOWERS (TOWER C),14.591337,120.984838,MNL95P,GF,TTC ROOM,,,,,2018-06-29,ISP
MNL001 LP30 NP3,MNL001,LP30,NP3,MNL001 LP30,Zen Tower,MANILA,3,2,BARANGAY 659-A,,ZEN TOWERS,14.590579,120.984039,MNL001,11F,CONVERGE ROOM,,,,,2019-01-28,ISP
MNL001 LP31 NP3,MNL001,LP31,NP3,MNL001 LP31,Zen Tower,MANILA,3,2,BARANGAY 659-A,,ZEN TOWERS,14.590579,120.984039,,20F,CONVERGE ROOM,MNL001,,,,2019-01-28,ISP
MNL001 LP29 NP1,MNL001,LP29,NP1,MNL001 LP29,Zen Tower,MANILA,3,2,BARANGAY 659-A,,ZEN TOWERS,14.590579,120.984039,,5F,CONVERGE ROOM,MNL001,,,,2019-01-28,ISP
MNL001 LP100 NP1,MNL001,LP100,NP1,MNL001 LP100,Zen Tower,MANILA,3,2,BARANGAY 659-A,,MANILA REAL RESIDENCES,14.590588,120.985065,MNL96P,3F,EE ROOM BUILDING A,,,,,2018-08-07,ISP
MNL001 LP130 NP2,MNL001,LP130,NP2,MNL001 LP130,Zen Tower,MANILA,3,2,BARANGAY 659-A,,GOTESCO REGENCY TWIN TOWERS (TOWER B),14.591137,120.985195,MNL94P,16F,TTC ROOM,,,,,2018-06-29,ISP
MNL001 LP128 NP6,MNL001,LP128,NP6,MNL001 LP128,Zen Tower,MANILA,3,2,BARANGAY 659-A,,GOTESCO REGENCY TWIN TOWERS (TOWER B),14.591137,120.985195,MNL94P,7F,TTC ROOM,,,,,2018-06-29,ISP
MNL001 LP31 NP4,MNL001,LP31,NP4,MNL001 LP31,Zen Tower,MANILA,3,2,BARANGAY 659-A,,ZEN TOWERS,14.590579,120.984039,MNL001,21F,CONVERGE ROOM,,,,,2019-01-28,ISP
MNL001 LP30 NP7,MNL001,LP30,NP7,MNL001 LP30,Zen Tower,MANILA,3,2,BARANGAY 659-A,,ZEN TOWERS,14.590579,120.984039,MNL001,16F,CONVERGE ROOM,,,,,2019-01-28,ISP
MNL001 LP129 NP2,MNL001,LP129,NP2,MNL001 LP129,Zen Tower,MANILA,3,2,BARANGAY 659-A,,GOTESCO REGENCY TWIN TOWERS (TOWER C),14.591337,120.984838,MNL95P,16F,TTC ROOM,,,,,2018-06-29,ISP
MNL001 LP30 NP5,MNL001,LP30,NP5,MNL001 LP30,Zen Tower,MANILA,3,2,BARANGAY 659-A,,ZEN TOWERS,14.590579,120.984039,MNL001,14F,CONVERGE ROOM,,,,,2019-01-28,ISP
MNL001 LP100 NP8,MNL001,LP100,NP8,MNL001 LP100,Zen Tower,MANILA,3,2,BARANGAY 659-A,,MANILA REAL RESIDENCES,14.590588,120.985065,MNL96P,10F,EE ROOM BUILDING A,,,,,2018-08-07,ISP
MNL001 LP128 NP4,MNL001,LP128,NP4,MNL001 LP128,Zen Tower,MANILA,3,2,BARANGAY 659-A,,GOTESCO REGENCY TWIN TOWERS (TOWER C),14.591337,120.984838,,11F,TTC ROOM,MNL95P,,,,2018-06-29,ISP
MNL001 LP100 NP4,MNL001,LP100,NP4,MNL001 LP100,Zen Tower,MANILA,3,2,BARANGAY 659-A,,MANILA REAL RESIDENCES,14.590588,120.985065,,6F,EE ROOM BUILDING A,MNL96P,,,,2018-08-07,ISP
MNL001 LP31 NP8,MNL001,LP31,NP8,MNL001 LP31,Zen Tower,MANILA,3,2,BARANGAY 659-A,,ZEN TOWERS,14.590579,120.984039,MNL001,25F,CONVERGE ROOM,,,,,2019-01-28,ISP
MNL001 LP427 NP3,MNL001,LP427,NP3,MNL001 LP427,Zen Tower,MANILA,3,2,BARANGAY 659-A,,ZEN TOWERS,14.590579,120.984039,,5F,CONVERGE ROOM,MNL001,,,,2022-11-30,ISP
MNL001 LP29 NP5,MNL001,LP29,NP5,MNL001 LP29,Zen Tower,MANILA,3,2,BARANGAY 659-A,,ZEN TOWERS,14.590579,120.984039,,5F,CONVERGE ROOM,MNL001,,,,2022-11-30,ISP
MNL001 LP30 NP8,MNL001,LP30,NP8,MNL001 LP30,Zen Tower,MANILA,3,2,BARANGAY 659-A,,ZEN TOWERS,14.590579,120.984039,MNL001,17F,CONVERGE ROOM,,,,,2019-01-28,ISP
MNL001 LP128 NP7,MNL001,LP128,NP7,MNL001 LP128,Zen Tower,MANILA,3,2,BARANGAY 659-A,,GOTESCO REGENCY TWIN TOWERS (TOWER B),14.591137,120.985195,,9F,TTC ROOM,MNL94P,,,,2018-06-29,ISP
MNL001 LP427 NP2,MNL001,LP427,NP2,MNL001 LP427,Zen Tower,MANILA,3,2,BARANGAY 659-A,,ZEN TOWERS,14.590579,120.984039,,5F,CONVERGE ROOM,MNL001,,,,2022-11-30,ISP
MNL001 LP100 NP3,MNL001,LP100,NP3,MNL001 LP100,Zen Tower,MANILA,3,2,BARANGAY 659-A,,MANILA REAL RESIDENCES,14.590588,120.985065,MNL96P,5F,EE ROOM BUILDING A,,,,,2018-08-07,ISP
MNL001 LP29 NP8,MNL001,LP29,NP8,MNL001 LP29,Zen Tower,MANILA,3,2,BARANGAY 659-A,,ZEN TOWERS,14.590579,120.984039,,5F,CONVERGE ROOM,MNL001,,,,2022-11-30,ISP
MNL001 LP129 NP5,MNL001,LP129,NP5,MNL001 LP129,Zen Tower,MANILA,3,2,BARANGAY 659-A,,GOTESCO REGENCY TWIN TOWERS (TOWER C),14.591337,120.984838,MNL95P,22F,TTC ROOM,,,,,2018-06-29,ISP
MNL001 LP427 NP7,MNL001,LP427,NP7,MNL001 LP427,Zen Tower,MANILA,3,2,BARANGAY 659-A,,ZEN TOWERS,14.590579,120.984039,,5F,CONVERGE ROOM,MNL001,,,,2022-11-30,ISP
MNL001 LP30 NP2,MNL001,LP30,NP2,MNL001 LP30,Zen Tower,MANILA,3,2,BARANGAY 659-A,,ZEN TOWERS,14.590579,120.984039,MNL001,10F,CONVERGE ROOM,,,,,2019-01-28,ISP
MNL001 LP130 NP5,MNL001,LP130,NP5,MNL001 LP130,Zen Tower,MANILA,3,2,BARANGAY 659-A,,GOTESCO REGENCY TWIN TOWERS (TOWER B),14.591137,120.985195,MNL94P,22F,TTC ROOM,,,,,2018-06-29,ISP
MNL001 LP100 NP6,MNL001,LP100,NP6,MNL001 LP100,Zen Tower,MANILA,3,2,BARANGAY 659-A,,MANILA REAL RESIDENCES,14.590588,120.985065,,8F,EE ROOM BUILDING A,MNL96P,,,,2018-08-07,ISP
MNL001 LP130 NP1,MNL001,LP130,NP1,MNL001 LP130,Zen Tower,MANILA,3,2,BARANGAY 659-A,,GOTESCO REGENCY TWIN TOWERS (TOWER B),14.591137,120.985195,MNL94P,14F,TTC ROOM,,,,,2018-06-29,ISP
MNL001 LP29 NP3,MNL001,LP29,NP3,MNL001 LP29,Zen Tower,MANILA,3,2,BARANGAY 659-A,,ZEN TOWERS,14.590579,120.984039,MNL001,7F,CONVERGE ROOM,,,,,2019-01-28,ISP
MNL001 LP100 NP5,MNL001,LP100,NP5,MNL001 LP100,Zen Tower,MANILA,3,2,BARANGAY 659-A,,MANILA REAL RESIDENCES,14.590588,120.985065,,7F,EE ROOM BUILDING A,MNL96P,,,,2018-08-07,ISP
MNL001 LP129 NP3,MNL001,LP129,NP3,MNL001 LP129,Zen Tower,MANILA,3,2,BARANGAY 659-A,,GOTESCO REGENCY TWIN TOWERS (TOWER C),14.591337,120.984838,,18F,TTC ROOM,MNL95P,,,,2018-06-29,ISP
MNL001 LP31 NP5,MNL001,LP31,NP5,MNL001 LP31,Zen Tower,MANILA,3,2,BARANGAY 659-A,,ZEN TOWERS,14.590579,120.984039,,22F,CONVERGE ROOM,MNL001,,,,2019-01-28,ISP
MNL001 LP100 NP2,MNL001,LP100,NP2,MNL001 LP100,Zen Tower,MANILA,3,2,BARANGAY 659-A,,MANILA REAL RESIDENCES,14.590588,120.985065,MNL96P,4F,EE ROOM BUILDING A,,,,,2018-08-07,ISP
MNL001 LP29 NP4,MNL001,LP29,NP4,MNL001 LP29,Zen Tower,MANILA,3,2,BARANGAY 659-A,,ZEN TOWERS,14.590579,120.984039,,8F,CONVERGE ROOM,MNL001,,,,2019-01-28,ISP
MNL001 LP352 NP1-2,MNL001,LP352,NP1-2,MNL001 LP352,Zen Tower,MANILA,3,2,BARANGAY 660,,,14.588562,120.98462,,,,,,,16,2020-03-19,OSP
MNL001 LP352 NP3-4,MNL001,LP352,NP3-4,MNL001 LP352,Zen Tower,MANILA,3,2,BARANGAY 660,,,14.588148,120.985071,,,,,,,16,2020-03-19,OSP
MNL001 LP353 NP1-2,MNL001,LP353,NP1-2,MNL001 LP353,Zen Tower,MANILA,3,2,BARANGAY 660,,,14.588337,120.98566,,,,,,,16,2020-03-19,OSP
MNL034 LP410 NP5-6,MNL034,LP410,NP5-6,MNL034 LP410,Benitez,MANILA,3,2,BARANGAY 660-A,,,14.582953,120.986396,,,,,,,16,2023-06-05,OSP
MNL026 LP16 NP3,MNL026,LP16,NP3,MNL026 LP16,Torre De Manila,MANILA,3,2,BARANGAY 660-A,,TORRE DE MANILA,14.585269,120.984584,,43F,EE ROOM BUILDING A,MNL026,,,,2020-07-15,ISP
MNL026 LP6 NP7-8,MNL026,LP6,NP7-8,MNL026 LP6,Torre De Manila,MANILA,3,2,BARANGAY 660-A,,TORRE DE MANILA,14.585269,120.984584,,35F,EE ROOM BUILDING A,MNL026,,,,2020-07-15,ISP
MNL026 LP10 NP7-8,MNL026,LP10,NP7-8,MNL026 LP10,Torre De Manila,MANILA,3,2,BARANGAY 660-A,,TORRE DE MANILA,14.585269,120.984584,,14F,EE ROOM BUILDING A,MNL026,,,,2020-07-15,ISP
MNL026 LP12 NP6-7,MNL026,LP12,NP6-7,MNL026 LP12,Torre De Manila,MANILA,3,2,BARANGAY 660-A,,TORRE DE MANILA,14.585269,120.984584,,24F,EE ROOM BUILDING A,MNL026,,,,2020-07-15,ISP
MNL026 LP13 NP3-4,MNL026,LP13,NP3-4,MNL026 LP13,Torre De Manila,MANILA,3,2,BARANGAY 660-A,,TORRE DE MANILA,14.585269,120.984584,,27F,EE ROOM BUILDING A,MNL026,,,,2020-07-15,ISP
MNL026 LP3 NP5-6,MNL026,LP3,NP5-6,MNL026 LP3,Torre De Manila,MANILA,3,2,BARANGAY 660-A,,TORRE DE MANILA,14.585269,120.984584,,18F,EE ROOM BUILDING A,MNL026,,,,2020-07-15,ISP
MNL026 LP15 NP3-4,MNL026,LP15,NP3-4,MNL026 LP15,Torre De Manila,MANILA,3,2,BARANGAY 660-A,,TORRE DE MANILA,14.585269,120.984584,,38F,EE ROOM BUILDING A,MNL026,,,,2020-07-15,ISP
MNL026 LP11 NP7,MNL026,LP11,NP7,MNL026 LP11,Torre De Manila,MANILA,3,2,BARANGAY 660-A,,TORRE DE MANILA,14.585269,120.984584,,19F,EE ROOM BUILDING A,MNL026,,,,2020-07-15,ISP
MNL026 LP5 NP8,MNL026,LP5,NP8,MNL026 LP5,Torre De Manila,MANILA,3,2,BARANGAY 660-A,,TORRE DE MANILA,14.585269,120.984584,,30F,EE ROOM BUILDING A,MNL026,,,,2020-07-15,ISP
MNL026 LP11 NP4,MNL026,LP11,NP4,MNL026 LP11,Torre De Manila,MANILA,3,2,BARANGAY 660-A,,TORRE DE MANILA,14.585269,120.984584,,17F,EE ROOM BUILDING A,MNL026,,,,2020-07-15,ISP
MNL026 LP2 NP1,MNL026,LP2,NP1,MNL026 LP2,Torre De Manila,MANILA,3,2,BARANGAY 660-A,,TORRE DE MANILA,14.585269,120.984584,,9F,EE ROOM BUILDING A,MNL026,,,,2020-07-15,ISP
MNL026 LP2 NP7-8,MNL026,LP2,NP7-8,MNL026 LP2,Torre De Manila,MANILA,3,2,BARANGAY 660-A,,TORRE DE MANILA,14.585269,120.984584,,14F,EE ROOM BUILDING A,MNL026,,,,2020-07-15,ISP
MNL026 LP10 NP4,MNL026,LP10,NP4,MNL026 LP10,Torre De Manila,MANILA,3,2,BARANGAY 660-A,,TORRE DE MANILA,14.585269,120.984584,,11F,EE ROOM BUILDING A,MNL026,,,,2020-07-15,ISP
MNL026 LP16 NP4-5,MNL026,LP16,NP4-5,MNL026 LP16,Torre De Manila,MANILA,3,2,BARANGAY 660-A,,TORRE DE MANILA,14.585269,120.984584,,44F,EE ROOM BUILDING A,MNL026,,,,2020-07-15,ISP
MNL026 LP6 NP3,MNL026,LP6,NP3,MNL026 LP6,Torre De Manila,MANILA,3,2,BARANGAY 660-A,,TORRE DE MANILA,14.585269,120.984584,,32F,EE ROOM BUILDING A,MNL026,,,,2020-07-15,ISP
MNL026 LP16 NP7-8,MNL026,LP16,NP7-8,MNL026 LP16,Torre De Manila,MANILA,3,2,BARANGAY 660-A,,TORRE DE MANILA,14.585269,120.984584,,PH,EE ROOM BUILDING A,MNL026,,,,2020-07-15,ISP
MNL026 LP12 NP8,MNL026,LP12,NP8,MNL026 LP12,Torre De Manila,MANILA,3,2,BARANGAY 660-A,,TORRE DE MANILA,14.585269,120.984584,,25F,EE ROOM BUILDING A,MNL026,,,,2020-07-15,ISP
MNL026 LP14 NP3,MNL026,LP14,NP3,MNL026 LP14,Torre De Manila,MANILA,3,2,BARANGAY 660-A,,TORRE DE MANILA,14.585269,120.984584,,32F,EE ROOM BUILDING A,MNL026,,,,2020-07-15,ISP
MNL026 LP9 NP5-6,MNL026,LP9,NP5-6,MNL026 LP9,Torre De Manila,MANILA,3,2,BARANGAY 660-A,,TORRE DE MANILA,14.585269,120.984584,,8F,EE ROOM BUILDING A,MNL026,,,,2020-07-15,ISP
MNL026 LP7 NP5,MNL026,LP7,NP5,MNL026 LP7,Torre De Manila,MANILA,3,2,BARANGAY 660-A,,TORRE DE MANILA,14.585269,120.984584,,39F,EE ROOM BUILDING A,MNL026,,,,2020-07-15,ISP
MNL026 LP2 NP5-6,MNL026,LP2,NP5-6,MNL026 LP2,Torre De Manila,MANILA,3,2,BARANGAY 660-A,,TORRE DE MANILA,14.585269,120.984584,,12F,EE ROOM BUILDING A,MNL026,,,,2020-07-15,ISP
MNL026 LP6 NP6,MNL026,LP6,NP6,MNL026 LP6,Torre De Manila,MANILA,3,2,BARANGAY 660-A,,TORRE DE MANILA,14.585269,120.984584,,34F,EE ROOM BUILDING A,MNL026,,,,2020-07-15,ISP
MNL026 LP6 NP4-5,MNL026,LP6,NP4-5,MNL026 LP6,Torre De Manila,MANILA,3,2,BARANGAY 660-A,,TORRE DE MANILA,14.585269,120.984584,,33F,EE ROOM BUILDING A,MNL026,,,,2020-07-15,ISP
MNL026 LP13 NP1-2,MNL026,LP13,NP1-2,MNL026 LP13,Torre De Manila,MANILA,3,2,BARANGAY 660-A,,TORRE DE MANILA,14.585269,120.984584,,26F,EE ROOM BUILDING A,MNL026,,,,2020-07-15,ISP
MNL026 LP16 NP1-2,MNL026,LP16,NP1-2,MNL026 LP16,Torre De Manila,MANILA,3,2,BARANGAY 660-A,,TORRE DE MANILA,14.585269,120.984584,,42F,EE ROOM BUILDING A,MNL026,,,,2020-07-15,ISP
MNL026 LP14 NP6,MNL026,LP14,NP6,MNL026 LP14,Torre De Manila,MANILA,3,2,BARANGAY 660-A,,TORRE DE MANILA,14.585269,120.984584,,34F,EE ROOM BUILDING A,MNL026,,,,2020-07-15,ISP
MNL026 LP10 NP2-3,MNL026,LP10,NP2-3,MNL026 LP10,Torre De Manila,MANILA,3,2,BARANGAY 660-A,,TORRE DE MANILA,14.585269,120.984584,,10F,EE ROOM BUILDING A,MNL026,,,,2020-07-15,ISP
MNL026 LP15 NP5,MNL026,LP15,NP5,MNL026 LP15,Torre De Manila,MANILA,3,2,BARANGAY 660-A,,TORRE DE MANILA,14.585269,120.984584,,39F,EE ROOM BUILDING A,MNL026,,,,2020-07-15,ISP
MNL026 LP4 NP3-4,MNL026,LP4,NP3-4,MNL026 LP4,Torre De Manila,MANILA,3,2,BARANGAY 660-A,,TORRE DE MANILA,14.585269,120.984584,,22F,EE ROOM BUILDING A,MNL026,,,,2020-07-15,ISP
MNL026 LP5 NP3-4,MNL026,LP5,NP3-4,MNL026 LP5,Torre De Manila,MANILA,3,2,BARANGAY 660-A,,TORRE DE MANILA,14.585269,120.984584,,27F,EE ROOM BUILDING A,MNL026,,,,2020-07-15,ISP
MNL026 LP1 NP3,MNL026,LP1,NP3,MNL026 LP1,Torre De Manila,MANILA,3,2,BARANGAY 660-A,,TORRE DE MANILA,14.585269,120.984584,,7F,EE ROOM BUILDING A,MNL026,,,,2020-07-15,ISP
MNL026 LP8 NP7-8,MNL026,LP8,NP7-8,MNL026 LP8,Torre De Manila,MANILA,3,2,BARANGAY 660-A,,TORRE DE MANILA,14.585269,120.984584,,PH,EE ROOM BUILDING A,MNL026,,,,2020-07-15,ISP
MNL026 LP1 NP1-2,MNL026,LP1,NP1-2,MNL026 LP1,Torre De Manila,MANILA,3,2,BARANGAY 660-A,,TORRE DE MANILA,14.585269,120.984584,,6F,EE ROOM BUILDING A,MNL026,,,,2020-07-15,ISP
MNL026 LP14 NP1-2,MNL026,LP14,NP1-2,MNL026 LP14,Torre De Manila,MANILA,3,2,BARANGAY 660-A,,TORRE DE MANILA,14.585269,120.984584,,31F,EE ROOM BUILDING A,MNL026,,,,2020-07-15,ISP
MNL026 LP12 NP1-2,MNL026,LP12,NP1-2,MNL026 LP12,Torre De Manila,MANILA,3,2,BARANGAY 660-A,,TORRE DE MANILA,14.585269,120.984584,,21F,EE ROOM BUILDING A,MNL026,,,,2020-07-15,ISP
MNL026 LP3 NP4,MNL026,LP3,NP4,MNL026 LP3,Torre De Manila,MANILA,3,2,BARANGAY 660-A,,TORRE DE MANILA,14.585269,120.984584,,17F,EE ROOM BUILDING A,MNL026,,,,2020-07-15,ISP
MNL026 LP4 NP1-2,MNL026,LP4,NP1-2,MNL026 LP4,Torre De Manila,MANILA,3,2,BARANGAY 660-A,,TORRE DE MANILA,14.585269,120.984584,,21F,EE ROOM BUILDING A,MNL026,,,,2020-07-15,ISP
MNL026 LP13 NP6-7,MNL026,LP13,NP6-7,MNL026 LP13,Torre De Manila,MANILA,3,2,BARANGAY 660-A,,TORRE DE MANILA,14.585269,120.984584,,29F,EE ROOM BUILDING A,MNL026,,,,2020-07-15,ISP
MNL026 LP1 NP4-5,MNL026,LP1,NP4-5,MNL026 LP1,Torre De Manila,MANILA,3,2,BARANGAY 660-A,,TORRE DE MANILA,14.585269,120.984584,,8F,EE ROOM BUILDING A,MNL026,,,,2020-07-15,ISP
MNL026 LP9 NP2-3,MNL026,LP9,NP2-3,MNL026 LP9,Torre De Manila,MANILA,3,2,BARANGAY 660-A,,TORRE DE MANILA,14.585269,120.984584,,6F,EE ROOM BUILDING A,MNL026,,,,2020-07-15,ISP
MNL026 LP9 NP4,MNL026,LP9,NP4,MNL026 LP9,Torre De Manila,MANILA,3,2,BARANGAY 660-A,,TORRE DE MANILA,14.585269,120.984584,,7F,EE ROOM BUILDING A,MNL026,,,,2020-07-15,ISP
MNL026 LP16 NP6,MNL026,LP16,NP6,MNL026 LP16,Torre De Manila,MANILA,3,2,BARANGAY 660-A,,TORRE DE MANILA,14.585269,120.984584,,45F,EE ROOM BUILDING A,MNL026,,,,2020-07-15,ISP
MNL026 LP4 NP5,MNL026,LP4,NP5,MNL026 LP4,Torre De Manila,MANILA,3,2,BARANGAY 660-A,,TORRE DE MANILA,14.585269,120.984584,,23F,EE ROOM BUILDING A,MNL026,,,,2020-07-15,ISP
MNL026 LP15 NP2,MNL026,LP15,NP2,MNL026 LP15,Torre De Manila,MANILA,3,2,BARANGAY 660-A,,TORRE DE MANILA,14.585269,120.984584,,37F,EE ROOM BUILDING A,MNL026,,,,2020-07-15,ISP
MNL026 LP11 NP5-6,MNL026,LP11,NP5-6,MNL026 LP11,Torre De Manila,MANILA,3,2,BARANGAY 660-A,,TORRE DE MANILA,14.585269,120.984584,,18F,EE ROOM BUILDING A,MNL026,,,,2020-07-15,ISP
MNL026 LP15 NP6-7,MNL026,LP15,NP6-7,MNL026 LP15,Torre De Manila,MANILA,3,2,BARANGAY 660-A,,TORRE DE MANILA,14.585269,120.984584,,40F,EE ROOM BUILDING A,MNL026,,,,2020-07-15,ISP
MNL026 LP6 NP1-2,MNL026,LP6,NP1-2,MNL026 LP6,Torre De Manila,MANILA,3,2,BARANGAY 660-A,,TORRE DE MANILA,14.585269,120.984584,,31F,EE ROOM BUILDING A,MNL026,,,,2020-07-15,ISP
MNL026 LP7 NP2,MNL026,LP7,NP2,MNL026 LP7,Torre De Manila,MANILA,3,2,BARANGAY 660-A,,TORRE DE MANILA,14.585269,120.984584,,37F,EE ROOM BUILDING A,MNL026,,,,2020-07-15,ISP
MNL026 LP11 NP8,MNL026,LP11,NP8,MNL026 LP11,Torre De Manila,MANILA,3,2,BARANGAY 660-A,,TORRE DE MANILA,14.585269,120.984584,,20F,EE ROOM BUILDING A,MNL026,,,,2020-07-15,ISP
MNL026 LP8 NP3,MNL026,LP8,NP3,MNL026 LP8,Torre De Manila,MANILA,3,2,BARANGAY 660-A,,TORRE DE MANILA,14.585269,120.984584,,43F,EE ROOM BUILDING A,MNL026,,,,2020-07-15,ISP
MNL026 LP2 NP2-3,MNL026,LP2,NP2-3,MNL026 LP2,Torre De Manila,MANILA,3,2,BARANGAY 660-A,,TORRE DE MANILA,14.585269,120.984584,,10F,EE ROOM BUILDING A,MNL026,,,,2020-07-15,ISP
MNL026 LP7 NP6-7,MNL026,LP7,NP6-7,MNL026 LP7,Torre De Manila,MANILA,3,2,BARANGAY 660-A,,TORRE DE MANILA,14.585269,120.984584,,40F,EE ROOM BUILDING A,MNL026,,,,2020-07-15,ISP
MNL026 LP11 NP1,MNL026,LP11,NP1,MNL026 LP11,Torre De Manila,MANILA,3,2,BARANGAY 660-A,,TORRE DE MANILA,14.585269,120.984584,,15F,EE ROOM BUILDING A,MNL026,,,,2020-07-15,ISP
MNL026 LP7 NP8,MNL026,LP7,NP8,MNL026 LP7,Torre De Manila,MANILA,3,2,BARANGAY 660-A,,TORRE DE MANILA,14.585269,120.984584,,41F,EE ROOM BUILDING A,MNL026,,,,2020-07-15,ISP
MNL026 LP5 NP6-7,MNL026,LP5,NP6-7,MNL026 LP5,Torre De Manila,MANILA,3,2,BARANGAY 660-A,,TORRE DE MANILA,14.585269,120.984584,,29F,EE ROOM BUILDING A,MNL026,,,,2020-07-15,ISP
MNL026 LP15 NP8,MNL026,LP15,NP8,MNL026 LP15,Torre De Manila,MANILA,3,2,BARANGAY 660-A,,TORRE DE MANILA,14.585269,120.984584,,41F,EE ROOM BUILDING A,MNL026,,,,2020-07-15,ISP
MNL026 LP10 NP1,MNL026,LP10,NP1,MNL026 LP10,Torre De Manila,MANILA,3,2,BARANGAY 660-A,,TORRE DE MANILA,14.585269,120.984584,,9F,EE ROOM BUILDING A,MNL026,,,,2020-07-15,ISP
MNL026 LP12 NP5,MNL026,LP12,NP5,MNL026 LP12,Torre De Manila,MANILA,3,2,BARANGAY 660-A,,TORRE DE MANILA,14.585269,120.984584,,23F,EE ROOM BUILDING A,MNL026,,,,2020-07-15,ISP
MNL026 LP15 NP1,MNL026,LP15,NP1,MNL026 LP15,Torre De Manila,MANILA,3,2,BARANGAY 660-A,,TORRE DE MANILA,14.585269,120.984584,,36F,EE ROOM BUILDING A,MNL026,,,,2020-07-15,ISP
MNL026 LP3 NP7,MNL026,LP3,NP7,MNL026 LP3,Torre De Manila,MANILA,3,2,BARANGAY 660-A,,TORRE DE MANILA,14.585269,120.984584,,19F,EE ROOM BUILDING A,MNL026,,,,2020-07-15,ISP
MNL026 LP2 NP4,MNL026,LP2,NP4,MNL026 LP2,Torre De Manila,MANILA,3,2,BARANGAY 660-A,,TORRE DE MANILA,14.585269,120.984584,,11F,EE ROOM BUILDING A,MNL026,,,,2020-07-15,ISP
MNL026 LP5 NP5,MNL026,LP5,NP5,MNL026 LP5,Torre De Manila,MANILA,3,2,BARANGAY 660-A,,TORRE DE MANILA,14.585269,120.984584,,28F,EE ROOM BUILDING A,MNL026,,,,2020-07-15,ISP
MNL026 LP9 NP1,MNL026,LP9,NP1,MNL026 LP9,Torre De Manila,MANILA,3,2,BARANGAY 660-A,,TORRE DE MANILA,14.585269,120.984584,,MZ,EE ROOM BUILDING A,MNL026,,,,2020-07-15,ISP
MNL026 LP3 NP8,MNL026,LP3,NP8,MNL026 LP3,Torre De Manila,MANILA,3,2,BARANGAY 660-A,,TORRE DE MANILA,14.585269,120.984584,,20F,EE ROOM BUILDING A,MNL026,,,,2020-07-15,ISP
MNL026 LP3 NP1,MNL026,LP3,NP1,MNL026 LP3,Torre De Manila,MANILA,3,2,BARANGAY 660-A,,TORRE DE MANILA,14.585269,120.984584,,15F,EE ROOM BUILDING A,MNL026,,,,2020-07-15,ISP
MNL026 LP8 NP6,MNL026,LP8,NP6,MNL026 LP8,Torre De Manila,MANILA,3,2,BARANGAY 660-A,,TORRE DE MANILA,14.585269,120.984584,,45F,EE ROOM BUILDING A,MNL026,,,,2020-07-15,ISP
MNL026 LP13 NP5,MNL026,LP13,NP5,MNL026 LP13,Torre De Manila,MANILA,3,2,BARANGAY 660-A,,TORRE DE MANILA,14.585269,120.984584,,28F,EE ROOM BUILDING A,MNL026,,,,2020-07-15,ISP
MNL026 LP8 NP4-5,MNL026,LP8,NP4-5,MNL026 LP8,Torre De Manila,MANILA,3,2,BARANGAY 660-A,,TORRE DE MANILA,14.585269,120.984584,,44F,EE ROOM BUILDING A,MNL026,,,,2020-07-15,ISP
MNL026 LP14 NP7-8,MNL026,LP14,NP7-8,MNL026 LP14,Torre De Manila,MANILA,3,2,BARANGAY 660-A,,TORRE DE MANILA,14.585269,120.984584,,35F,EE ROOM BUILDING A,MNL026,,,,2020-07-15,ISP
MNL026 LP3 NP2-3,MNL026,LP3,NP2-3,MNL026 LP3,Torre De Manila,MANILA,3,2,BARANGAY 660-A,,TORRE DE MANILA,14.585269,120.984584,,16F,EE ROOM BUILDING A,MNL026,,,,2020-07-15,ISP
MNL026 LP8 NP1-2,MNL026,LP8,NP1-2,MNL026 LP8,Torre De Manila,MANILA,3,2,BARANGAY 660-A,,TORRE DE MANILA,14.585269,120.984584,,42F,EE ROOM BUILDING A,MNL026,,,,2020-07-15,ISP
MNL026 LP11 NP2-3,MNL026,LP11,NP2-3,MNL026 LP11,Torre De Manila,MANILA,3,2,BARANGAY 660-A,,TORRE DE MANILA,14.585269,120.984584,,16F,EE ROOM BUILDING A,MNL026,,,,2020-07-15,ISP
MNL026 LP12 NP3-4,MNL026,LP12,NP3-4,MNL026 LP12,Torre De Manila,MANILA,3,2,BARANGAY 660-A,,TORRE DE MANILA,14.585269,120.984584,,22F,EE ROOM BUILDING A,MNL026,,,,2020-07-15,ISP
MNL026 LP7 NP3-4,MNL026,LP7,NP3-4,MNL026 LP7,Torre De Manila,MANILA,3,2,BARANGAY 660-A,,TORRE DE MANILA,14.585269,120.984584,,38F,EE ROOM BUILDING A,MNL026,,,,2020-07-15,ISP
MNL026 LP14 NP4-5,MNL026,LP14,NP4-5,MNL026 LP14,Torre De Manila,MANILA,3,2,BARANGAY 660-A,,TORRE DE MANILA,14.585269,120.984584,,33F,EE ROOM BUILDING A,MNL026,,,,2020-07-15,ISP
MNL026 LP4 NP6-7,MNL026,LP4,NP6-7,MNL026 LP4,Torre De Manila,MANILA,3,2,BARANGAY 660-A,,TORRE DE MANILA,14.585269,120.984584,,24F,EE ROOM BUILDING A,MNL026,,,,2020-07-15,ISP
MNL026 LP7 NP1,MNL026,LP7,NP1,MNL026 LP7,Torre De Manila,MANILA,3,2,BARANGAY 660-A,,TORRE DE MANILA,14.585269,120.984584,,36F,EE ROOM BUILDING A,MNL026,,,,2020-07-15,ISP
MNL026 LP4 NP8,MNL026,LP4,NP8,MNL026 LP4,Torre De Manila,MANILA,3,2,BARANGAY 660-A,,TORRE DE MANILA,14.585269,120.984584,,25F,EE ROOM BUILDING A,MNL026,,,,2020-07-15,ISP
MNL026 LP13 NP8,MNL026,LP13,NP8,MNL026 LP13,Torre De Manila,MANILA,3,2,BARANGAY 660-A,,TORRE DE MANILA,14.585269,120.984584,,30F,EE ROOM BUILDING A,MNL026,,,,2020-07-15,ISP
MNL026 LP10 NP5-6,MNL026,LP10,NP5-6,MNL026 LP10,Torre De Manila,MANILA,3,2,BARANGAY 660-A,,TORRE DE MANILA,14.585269,120.984584,,12F,EE ROOM BUILDING A,MNL026,,,,2020-07-15,ISP
MNL026 LP5 NP1-2,MNL026,LP5,NP1-2,MNL026 LP5,Torre De Manila,MANILA,3,2,BARANGAY 660-A,,TORRE DE MANILA,14.585269,120.984584,,26F,EE ROOM BUILDING A,MNL026,,,,2020-07-15,ISP
MNL001 LP4 NP7-8,MNL001,LP4,NP7-8,MNL001 LP4,Zen Tower,MANILA,3,2,BARANGAY 660-A,,,14.582956,120.986454,,,,,,,16,2015-07-22,OSP
MNL001 LP352 NP7-8,MNL001,LP352,NP7-8,MNL001 LP352,Zen Tower,MANILA,3,2,BARANGAY 660-A,,,14.584524,120.986194,,,,,,,16,2020-03-19,OSP
MNL001 LP355 NP1-2,MNL001,LP355,NP1-2,MNL001 LP355,Zen Tower,MANILA,3,2,BARANGAY 660-A,,,14.583583,120.984503,,,,,,,16,2020-03-19,OSP
MNL001 LP226 NP3-4,MNL001,LP226,NP3-4,MNL001 LP226,Zen Tower,MANILA,3,2,BARANGAY 661,,,14.58694224,120.9853597,,,,,,,16,2019-05-04,OSP
MNL001 LP353 NP3-4,MNL001,LP353,NP3-4,MNL001 LP353,Zen Tower,MANILA,3,2,BARANGAY 661,,,14.5884,120.986138,,,,,,,16,2020-03-19,OSP
MNL001 LP353 NP5-6,MNL001,LP353,NP5-6,MNL001 LP353,Zen Tower,MANILA,3,2,BARANGAY 661,,,14.588126,120.986466,,,,,,,16,2020-03-19,OSP
MNL001 LP353 NP7-8,MNL001,LP353,NP7-8,MNL001 LP353,Zen Tower,MANILA,3,2,BARANGAY 661,,,14.587289,120.986503,,,,,,,16,2020-03-19,OSP
MNL004 LP240 NP6-7-8,MNL004,LP240,NP6-7-8,MNL004 LP240,Zamora Pandacan,MANILA,3,2,BARANGAY 662,,,14.585913,120.993984,,,,,,,24,2021-06-25,OSP
MNL001 LP227 NP5-6,MNL001,LP227,NP5-6,MNL001 LP227,Zen Tower,MANILA,3,2,BARANGAY 662,,,14.58540833,120.9932403,,,,,,,16,2019-05-04,OSP
MNL001 LP6 NP7-8,MNL001,LP6,NP7-8,MNL001 LP6,Zen Tower,MANILA,3,2,BARANGAY 662,,,14.586144,120.994256,,,,,,,16,2015-07-22,OSP
MNL001 LP328 NP1-2,MNL001,LP328,NP1-2,MNL001 LP328,Zen Tower,MANILA,3,2,BARANGAY 662,,,14.589231,120.99356,,,,,,,16,2020-03-16,OSP
MNL001 LP328 NP3-4-5,MNL001,LP328,NP3-4-5,MNL001 LP328,Zen Tower,MANILA,3,2,BARANGAY 662,,,14.588971,120.993193,,,,,,,24,2020-03-16,OSP
MNL001 LP328 NP6-7-8,MNL001,LP328,NP6-7-8,MNL001 LP328,Zen Tower,MANILA,3,2,BARANGAY 662,,,14.588535,120.992625,,,,,,,24,2020-03-16,OSP
MNL001 LP329 NP1-2,MNL001,LP329,NP1-2,MNL001 LP329,Zen Tower,MANILA,3,2,BARANGAY 662,,,14.589485,120.993431,,,,,,,16,2020-03-16,OSP
MNL001 LP329 NP3-4-5,MNL001,LP329,NP3-4-5,MNL001 LP329,Zen Tower,MANILA,3,2,BARANGAY 662,,,14.58917,120.993022,,,,,,,24,2020-03-16,OSP
MNL001 LP329 NP6-7-8,MNL001,LP329,NP6-7-8,MNL001 LP329,Zen Tower,MANILA,3,2,BARANGAY 662,,,14.588761,120.992494,,,,,,,24,2020-03-16,OSP
MNL001 LP187 NP7-8,MNL001,LP187,NP7-8,MNL001 LP187,Zen Tower,MANILA,3,2,BARANGAY 662,,,14.5897956,120.9935064,,,,,,,16,2019-05-04,OSP
MNL001 LP354 NP1-2,MNL001,LP354,NP1-2,MNL001 LP354,Zen Tower,MANILA,3,2,BARANGAY 663,,,14.588968,120.985412,,,,,,,16,2020-03-19,OSP
MNL001 LP354 NP3-4,MNL001,LP354,NP3-4,MNL001 LP354,Zen Tower,MANILA,3,2,BARANGAY 663,,,14.589141,120.985926,,,,,,,16,2020-03-19,OSP
MNL001 LP354 NP5-6,MNL001,LP354,NP5-6,MNL001 LP354,Zen Tower,MANILA,3,2,BARANGAY 663,,,14.589302,120.9853,,,,,,,16,2020-03-19,OSP
MNL001 LP354 NP7-8,MNL001,LP354,NP7-8,MNL001 LP354,Zen Tower,MANILA,3,2,BARANGAY 663,,,14.589539,120.985867,,,,,,,16,2020-03-19,OSP
MNL004 LP241 NP3-4-5,MNL004,LP241,NP3-4-5,MNL004 LP241,Zamora Pandacan,MANILA,3,2,BARANGAY 664,,,14.583995,120.989444,,,,,,,24,2021-06-25,OSP
MNL004 LP241 NP6-7-8,MNL004,LP241,NP6-7-8,MNL004 LP241,Zamora Pandacan,MANILA,3,2,BARANGAY 664,,,14.583611,120.988263,,,,,,,24,2021-06-25,OSP
MNL001 LP226 NP5-6,MNL001,LP226,NP5-6,MNL001 LP226,Zen Tower,MANILA,3,2,BARANGAY 664,,,14.58462175,120.9863821,,,,,,,16,2019-05-04,OSP
MNL001 LP226 NP7-8,MNL001,LP226,NP7-8,MNL001 LP226,Zen Tower,MANILA,3,2,BARANGAY 664,,,14.58371621,120.9881036,,,,,,,16,2019-05-04,OSP
MNL001 LP352 NP5-6,MNL001,LP352,NP5-6,MNL001 LP352,Zen Tower,MANILA,3,2,BARANGAY 664,,,14.586239,120.985675,,,,,,,16,2020-03-19,OSP
MNL001 LP356 NP3-4,MNL001,LP356,NP3-4,MNL001 LP356,Zen Tower,MANILA,3,2,BARANGAY 664,,,14.585109,120.987658,,,,,,,16,2020-03-19,OSP
MNL004 LP241 NP1-2,MNL004,LP241,NP1-2,MNL004 LP241,Zamora Pandacan,MANILA,3,2,BARANGAY 664-A,,,14.584722,120.99168,,,,,,,16,2021-06-25,OSP
MNL004 LP289 NP5-6,MNL004,LP289,NP5-6,MNL004 LP289,Zamora Pandacan,MANILA,3,2,BARANGAY 664-A,,,14.585528,120.9913,,,,,,,16,2021-06-25,OSP
MNL004 LP289 NP7-8,MNL004,LP289,NP7-8,MNL004 LP289,Zamora Pandacan,MANILA,3,2,BARANGAY 664-A,,,14.585618,120.989522,,,,,,,16,2021-06-25,OSP
MNL001 LP227 NP1-2,MNL001,LP227,NP1-2,MNL001 LP227,Zen Tower,MANILA,3,2,BARANGAY 664-A,,,14.58432425,120.9899821,,,,,,,16,2019-05-04,OSP
MNL001 LP227 NP3-4,MNL001,LP227,NP3-4,MNL001 LP227,Zen Tower,MANILA,3,2,BARANGAY 664-A,,,14.58478183,120.9913937,,,,,,,16,2019-05-04,OSP
MNL001 LP6 NP5-6,MNL001,LP6,NP5-6,MNL001 LP6,Zen Tower,MANILA,3,2,BARANGAY 664-A,,,14.584716,120.991719,,,,,,,16,2015-07-22,OSP
MNL001 LP4 NP1-2,MNL001,LP4,NP1-2,MNL001 LP4,Zen Tower,MANILA,3,2,BARANGAY 666,,,14.581889,120.983696,,,,,,,16,2015-07-22,OSP
MNL001 LP5 NP1-2,MNL001,LP5,NP1-2,MNL001 LP5,Zen Tower,MANILA,3,2,BARANGAY 666,,,14.582797,120.983219,,,,,,,16,2015-07-22,OSP
MNL001 LP5 NP3-4,MNL001,LP5,NP3-4,MNL001 LP5,Zen Tower,MANILA,3,2,BARANGAY 666,,,14.581795,120.9812,,,,,,,16,2015-07-22,OSP
MNL001 LP5 NP5-6,MNL001,LP5,NP5-6,MNL001 LP5,Zen Tower,MANILA,3,2,BARANGAY 666,,,14.580258,120.978543,,,,,,,16,2015-07-22,OSP
MNL001 LP80 NP7,MNL001,LP80,NP7,MNL001 LP80,Zen Tower,MANILA,3,2,BARANGAY 666,,SUNVIEW PALACE CONDOMINIUM,14.580272,120.979072,,36F,CONVERGE ROOM,MNL97P,,,,2015-10-14,ISP
MNL001 LP27 NP1,MNL001,LP27,NP1,MNL001 LP27,Zen Tower,MANILA,3,2,BARANGAY 666,,SUNVIEW PALACE CONDOMINIUM,14.580272,120.979072,MNL97P,12F,CONVERGE ROOM,,,,,2015-10-14,ISP
MNL001 LP26 NP8,MNL001,LP26,NP8,MNL001 LP26,Zen Tower,MANILA,3,2,BARANGAY 666,,SUNVIEW PALACE CONDOMINIUM,14.580272,120.979072,MNL97P,28F,CONVERGE ROOM,,,,,2015-10-14,ISP
MNL001 LP80 NP6,MNL001,LP80,NP6,MNL001 LP80,Zen Tower,MANILA,3,2,BARANGAY 666,,SUNVIEW PALACE CONDOMINIUM,14.580272,120.979072,MNL97P,34F,CONVERGE ROOM,,,,,2015-10-14,ISP
MNL001 LP80 NP3,MNL001,LP80,NP3,MNL001 LP80,Zen Tower,MANILA,3,2,BARANGAY 666,,SUNVIEW PALACE CONDOMINIUM,14.580272,120.979072,MNL97P,31F,CONVERGE ROOM,,,,,2015-10-14,ISP
MNL001 LP28 NP2,MNL001,LP28,NP2,MNL001 LP28,Zen Tower,MANILA,3,2,BARANGAY 666,,SUNVIEW PALACE CONDOMINIUM,14.580272,120.979072,MNL97P,11F,CONVERGE ROOM,,,,,2015-10-14,ISP
MNL001 LP28 NP1,MNL001,LP28,NP1,MNL001 LP28,Zen Tower,MANILA,3,2,BARANGAY 666,,SUNVIEW PALACE CONDOMINIUM,14.580272,120.979072,,9F,CONVERGE ROOM,MNL97P,,,,2015-10-14,ISP
MNL001 LP26 NP6,MNL001,LP26,NP6,MNL001 LP26,Zen Tower,MANILA,3,2,BARANGAY 666,,SUNVIEW PALACE CONDOMINIUM,14.580272,120.979072,MNL97P,26F,CONVERGE ROOM,,,,,2015-10-14,ISP
MNL001 LP26 NP7,MNL001,LP26,NP7,MNL001 LP26,Zen Tower,MANILA,3,2,BARANGAY 666,,SUNVIEW PALACE CONDOMINIUM,14.580272,120.979072,MNL97P,27F,CONVERGE ROOM,,,,,2015-10-14,ISP
MNL001 LP80 NP2,MNL001,LP80,NP2,MNL001 LP80,Zen Tower,MANILA,3,2,BARANGAY 666,,SUNVIEW PALACE CONDOMINIUM,14.580272,120.979072,,30F,CONVERGE ROOM,MNL97P,,,,2015-10-14,ISP
MNL001 LP26 NP5,MNL001,LP26,NP5,MNL001 LP26,Zen Tower,MANILA,3,2,BARANGAY 666,,SUNVIEW PALACE CONDOMINIUM,14.580272,120.979072,MNL97P,25F,CONVERGE ROOM,,,,,2015-10-14,ISP
MNL001 LP26 NP3,MNL001,LP26,NP3,MNL001 LP26,Zen Tower,MANILA,3,2,BARANGAY 666,,SUNVIEW PALACE CONDOMINIUM,14.580272,120.979072,,23F,CONVERGE ROOM,MNL97P,,,,2015-10-14,ISP
MNL001 LP27 NP5,MNL001,LP27,NP5,MNL001 LP27,Zen Tower,MANILA,3,2,BARANGAY 666,,SUNVIEW PALACE CONDOMINIUM,14.580272,120.979072,,17F,CONVERGE ROOM,MNL97P,,,,2015-10-14,ISP
MNL001 LP27 NP3,MNL001,LP27,NP3,MNL001 LP27,Zen Tower,MANILA,3,2,BARANGAY 666,,SUNVIEW PALACE CONDOMINIUM,14.580272,120.979072,MNL97P,15F,CONVERGE ROOM,,,,,2015-10-14,ISP
MNL001 LP80 NP4,MNL001,LP80,NP4,MNL001 LP80,Zen Tower,MANILA,3,2,BARANGAY 666,,SUNVIEW PALACE CONDOMINIUM,14.580272,120.979072,,32F,CONVERGE ROOM,MNL97P,,,,2015-10-14,ISP
MNL001 LP26 NP1,MNL001,LP26,NP1,MNL001 LP26,Zen Tower,MANILA,3,2,BARANGAY 666,,SUNVIEW PALACE CONDOMINIUM,14.580272,120.979072,MNL97P,21F,CONVERGE ROOM,,,,,2015-10-14,ISP
MNL001 LP80 NP5,MNL001,LP80,NP5,MNL001 LP80,Zen Tower,MANILA,3,2,BARANGAY 666,,SUNVIEW PALACE CONDOMINIUM,14.580272,120.979072,MNL97P,33F,CONVERGE ROOM,,,,,2015-10-14,ISP
MNL001 LP99 NP2,MNL001,LP99,NP2,MNL001 LP99,Zen Tower,MANILA,3,2,BARANGAY 666,,G.E. ANTONINO BUILDING,14.581208,120.980501,MNL98P,6F,EE ROOM BUILDING A,,,,,2018-06-12,ISP
MNL001 LP80 NP8,MNL001,LP80,NP8,MNL001 LP80,Zen Tower,MANILA,3,2,BARANGAY 666,,SUNVIEW PALACE CONDOMINIUM,14.580272,120.979072,MNL97P,38F,CONVERGE ROOM,,,,,2015-10-14,ISP
MNL001 LP26 NP4,MNL001,LP26,NP4,MNL001 LP26,Zen Tower,MANILA,3,2,BARANGAY 666,,SUNVIEW PALACE CONDOMINIUM,14.580272,120.979072,MNL97P,24F,CONVERGE ROOM,,,,,2015-10-14,ISP
MNL001 LP27 NP2,MNL001,LP27,NP2,MNL001 LP27,Zen Tower,MANILA,3,2,BARANGAY 666,,SUNVIEW PALACE CONDOMINIUM,14.580272,120.979072,MNL97P,14F,CONVERGE ROOM,,,,,2015-10-14,ISP
MNL001 LP27 NP8,MNL001,LP27,NP8,MNL001 LP27,Zen Tower,MANILA,3,2,BARANGAY 666,,SUNVIEW PALACE CONDOMINIUM,14.580272,120.979072,MNL97P,20F,CONVERGE ROOM,,,,,2015-10-14,ISP
MNL001 LP27 NP4,MNL001,LP27,NP4,MNL001 LP27,Zen Tower,MANILA,3,2,BARANGAY 666,,SUNVIEW PALACE CONDOMINIUM,14.580272,120.979072,,16F,CONVERGE ROOM,MNL97P,,,,2015-10-14,ISP
MNL001 LP27 NP7,MNL001,LP27,NP7,MNL001 LP27,Zen Tower,MANILA,3,2,BARANGAY 666,,SUNVIEW PALACE CONDOMINIUM,14.580272,120.979072,MNL97P,19F,CONVERGE ROOM,,,,,2015-10-14,ISP
MNL001 LP99 NP4-5,MNL001,LP99,NP4-5,MNL001 LP99,Zen Tower,MANILA,3,2,BARANGAY 666,,G.E. ANTONINO BUILDING,14.581208,120.980501,MNL98P,9F,EE ROOM BUILDING A,,,,,2021-10-19,ISP
MNL001 LP80 NP1,MNL001,LP80,NP1,MNL001 LP80,Zen Tower,MANILA,3,2,BARANGAY 666,,SUNVIEW PALACE CONDOMINIUM,14.580272,120.979072,MNL97P,29F,CONVERGE ROOM,,,,,2015-10-14,ISP
MNL001 LP27 NP6,MNL001,LP27,NP6,MNL001 LP27,Zen Tower,MANILA,3,2,BARANGAY 666,,SUNVIEW PALACE CONDOMINIUM,14.580272,120.979072,MNL97P,18F,CONVERGE ROOM,,,,,2015-10-14,ISP
MNL001 LP99 NP1,MNL001,LP99,NP1,MNL001 LP99,Zen Tower,MANILA,3,2,BARANGAY 666,,G.E. ANTONINO BUILDING,14.581208,120.980501,MNL98P,2F,EE ROOM BUILDING A,,,,,2018-06-12,ISP
MNL001 LP99 NP3,MNL001,LP99,NP3,MNL001 LP99,Zen Tower,MANILA,3,2,BARANGAY 666,,G.E. ANTONINO BUILDING,14.581208,120.980501,MNL98P,11F,EE ROOM BUILDING A,,,,,2018-06-12,ISP
MNL001 LP26 NP2,MNL001,LP26,NP2,MNL001 LP26,Zen Tower,MANILA,3,2,BARANGAY 666,,SUNVIEW PALACE CONDOMINIUM,14.580272,120.979072,MNL97P,22F,CONVERGE ROOM,,,,,2015-10-14,ISP
PSY002 LP24 NP3-4,PSY002,LP24,NP3-4,PSY002 LP24,Antel,MANILA,3,2,BARANGAY 667,,,14.57827,120.980944,,,,,,,16,2017-06-06,OSP
MNL034 LP262 NP3-4,MNL034,LP262,NP3-4,MNL034 LP262,Benitez,MANILA,3,2,BARANGAY 667,,,14.577088,120.980909,,,,,,,16,2021-07-27,OSP
MNL034 LP262 NP5-6,MNL034,LP262,NP5-6,MNL034 LP262,Benitez,MANILA,3,2,BARANGAY 667,,,14.577744,120.981816,,,,,,,16,2021-07-27,OSP
MNL002 LP392 NP8,MNL002,LP392,NP8,MNL002 LP392,Don Quintos,MANILA,3,2,BARANGAY 667,,MAYFAIR TOWER,14.579977,120.980509,MNL99P,8F,EE ROOM,,,,,2023-11-30,ISP
MNL002 LP392 NP1,MNL002,LP392,NP1,MNL002 LP392,Don Quintos,MANILA,3,2,BARANGAY 667,,MAYFAIR TOWER,14.579977,120.980509,MNL99P,8F,EE ROOM,,,,,2023-11-30,ISP
MNL002 LP393 NP4,MNL002,LP393,NP4,MNL002 LP393,Don Quintos,MANILA,3,2,BARANGAY 667,,MAYFAIR TOWER,14.579977,120.980509,MNL99P,8F,EE ROOM,,,,,2023-11-30,ISP
MNL002 LP392 NP5,MNL002,LP392,NP5,MNL002 LP392,Don Quintos,MANILA,3,2,BARANGAY 667,,MAYFAIR TOWER,14.579977,120.980509,MNL99P,8F,EE ROOM,,,,,2023-11-30,ISP
MNL002 LP392 NP2,MNL002,LP392,NP2,MNL002 LP392,Don Quintos,MANILA,3,2,BARANGAY 667,,MAYFAIR TOWER,14.579977,120.980509,MNL99P,8F,EE ROOM,,,,,2023-11-30,ISP
MNL002 LP392 NP4,MNL002,LP392,NP4,MNL002 LP392,Don Quintos,MANILA,3,2,BARANGAY 667,,MAYFAIR TOWER,14.579977,120.980509,MNL99P,8F,EE ROOM,,,,,2023-11-30,ISP
MNL002 LP392 NP3,MNL002,LP392,NP3,MNL002 LP392,Don Quintos,MANILA,3,2,BARANGAY 667,,MAYFAIR TOWER,14.579977,120.980509,MNL99P,8F,EE ROOM,,,,,2023-11-30,ISP
MNL002 LP393 NP1,MNL002,LP393,NP1,MNL002 LP393,Don Quintos,MANILA,3,2,BARANGAY 667,,MAYFAIR TOWER,14.579977,120.980509,MNL99P,8F,EE ROOM,,,,,2023-11-30,ISP
MNL002 LP392 NP6-7,MNL002,LP392,NP6-7,MNL002 LP392,Don Quintos,MANILA,3,2,BARANGAY 667,,MAYFAIR TOWER,14.579977,120.980509,MNL99P,8F,EE ROOM,,,,,2023-11-30,ISP
MNL002 LP393 NP2-3,MNL002,LP393,NP2-3,MNL002 LP393,Don Quintos,MANILA,3,2,BARANGAY 667,,MAYFAIR TOWER,14.579977,120.980509,MNL99P,8F,EE ROOM,,,,,2023-11-30,ISP
MNL001 LP4 NP5-6,MNL001,LP4,NP5-6,MNL001 LP4,Zen Tower,MANILA,3,2,BARANGAY 667,,,14.579233,120.978966,,,,,,,16,2015-07-22,OSP
MNL001 LP162 NP5,MNL001,LP162,NP5,MNL001 LP162,Zen Tower,MANILA,3,2,BARANGAY 667,,PEARL OF THE ORIENT,14.577043,120.979629,,20F,EE ROOM BUILDING A,MNL100P,,,,2019-02-27,ISP
MNL001 LP163 NP5,MNL001,LP163,NP5,MNL001 LP163,Zen Tower,MANILA,3,2,BARANGAY 667,,PEARL OF THE ORIENT,14.577043,120.979629,,28F,EE ROOM BUILDING A,MNL100P,,,,2019-02-27,ISP
MNL001 LP163 NP3,MNL001,LP163,NP3,MNL001 LP163,Zen Tower,MANILA,3,2,BARANGAY 667,,PEARL OF THE ORIENT,14.577043,120.979629,MNL100P,26F,EE ROOM BUILDING A,,,,,2019-02-27,ISP
MNL001 LP162 NP3,MNL001,LP162,NP3,MNL001 LP162,Zen Tower,MANILA,3,2,BARANGAY 667,,PEARL OF THE ORIENT,14.577043,120.979629,MNL100P,18F,EE ROOM BUILDING A,,,,,2019-02-27,ISP
MNL001 LP163 NP8,MNL001,LP163,NP8,MNL001 LP163,Zen Tower,MANILA,3,2,BARANGAY 667,,PEARL OF THE ORIENT,14.577043,120.979629,MNL100P,31F,EE ROOM BUILDING A,,,,,2019-02-27,ISP
MNL001 LP163 NP7,MNL001,LP163,NP7,MNL001 LP163,Zen Tower,MANILA,3,2,BARANGAY 667,,PEARL OF THE ORIENT,14.577043,120.979629,,30F,EE ROOM BUILDING A,MNL100P,,,,2019-02-27,ISP
MNL001 LP163 NP1,MNL001,LP163,NP1,MNL001 LP163,Zen Tower,MANILA,3,2,BARANGAY 667,,PEARL OF THE ORIENT,14.577043,120.979629,MNL100P,24F,EE ROOM BUILDING A,,,,,2019-02-27,ISP
MNL001 LP164 NP2,MNL001,LP164,NP2,MNL001 LP164,Zen Tower,MANILA,3,2,BARANGAY 667,,PEARL OF THE ORIENT,14.577043,120.979629,MNL100P,33F,EE ROOM BUILDING A,,,,,2019-02-27,ISP
MNL001 LP164 NP8,MNL001,LP164,NP8,MNL001 LP164,Zen Tower,MANILA,3,2,BARANGAY 667,,PEARL OF THE ORIENT,14.577043,120.979629,MNL100P,39F,EE ROOM BUILDING A,,,,,2019-02-27,ISP
MNL001 LP161 NP5,MNL001,LP161,NP5,MNL001 LP161,Zen Tower,MANILA,3,2,BARANGAY 667,,PEARL OF THE ORIENT,14.577043,120.979629,MNL100P,11F,EE ROOM BUILDING A,,,,,2019-02-27,ISP
MNL001 LP161 NP1,MNL001,LP161,NP1,MNL001 LP161,Zen Tower,MANILA,3,2,BARANGAY 667,,PEARL OF THE ORIENT,14.577043,120.979629,MNL100P,GF,EE ROOM BUILDING A,,,,,2019-02-27,ISP
MNL001 LP164 NP6,MNL001,LP164,NP6,MNL001 LP164,Zen Tower,MANILA,3,2,BARANGAY 667,,PEARL OF THE ORIENT,14.577043,120.979629,MNL100P,37F,EE ROOM BUILDING A,,,,,2019-02-27,ISP
MNL001 LP164 NP7,MNL001,LP164,NP7,MNL001 LP164,Zen Tower,MANILA,3,2,BARANGAY 667,,PEARL OF THE ORIENT,14.577043,120.979629,MNL100P,38F,EE ROOM BUILDING A,,,,,2019-02-27,ISP
MNL001 LP161 NP4,MNL001,LP161,NP4,MNL001 LP161,Zen Tower,MANILA,3,2,BARANGAY 667,,PEARL OF THE ORIENT,14.577043,120.979629,MNL100P,10F,EE ROOM BUILDING A,,,,,2019-02-27,ISP
MNL001 LP165 NP1,MNL001,LP165,NP1,MNL001 LP165,Zen Tower,MANILA,3,2,BARANGAY 667,,PEARL OF THE ORIENT,14.577043,120.979629,MNL100P,40F,EE ROOM BUILDING A,,,,,2019-02-27,ISP
MNL001 LP161 NP8,MNL001,LP161,NP8,MNL001 LP161,Zen Tower,MANILA,3,2,BARANGAY 667,,PEARL OF THE ORIENT,14.577043,120.979629,MNL100P,15F,EE ROOM BUILDING A,,,,,2019-02-27,ISP
MNL001 LP161 NP3,MNL001,LP161,NP3,MNL001 LP161,Zen Tower,MANILA,3,2,BARANGAY 667,,PEARL OF THE ORIENT,14.577043,120.979629,,9F,EE ROOM BUILDING A,MNL100P,,,,2019-02-27,ISP
MNL001 LP165 NP2,MNL001,LP165,NP2,MNL001 LP165,Zen Tower,MANILA,3,2,BARANGAY 667,,PEARL OF THE ORIENT,14.577043,120.979629,MNL100P,PH,EE ROOM BUILDING A,,,,,2019-02-27,ISP
MNL001 LP162 NP6,MNL001,LP162,NP6,MNL001 LP162,Zen Tower,MANILA,3,2,BARANGAY 667,,PEARL OF THE ORIENT,14.577043,120.979629,MNL100P,21F,EE ROOM BUILDING A,,,,,2019-02-27,ISP
MNL001 LP162 NP7,MNL001,LP162,NP7,MNL001 LP162,Zen Tower,MANILA,3,2,BARANGAY 667,,PEARL OF THE ORIENT,14.577043,120.979629,,22F,EE ROOM BUILDING A,MNL100P,,,,2019-02-27,ISP
MNL001 LP161 NP6,MNL001,LP161,NP6,MNL001 LP161,Zen Tower,MANILA,3,2,BARANGAY 667,,PEARL OF THE ORIENT,14.577043,120.979629,MNL100P,12F,EE ROOM BUILDING A,,,,,2019-02-27,ISP
MNL001 LP161 NP7,MNL001,LP161,NP7,MNL001 LP161,Zen Tower,MANILA,3,2,BARANGAY 667,,PEARL OF THE ORIENT,14.577043,120.979629,MNL100P,14F,EE ROOM BUILDING A,,,,,2019-02-27,ISP
MNL001 LP163 NP6,MNL001,LP163,NP6,MNL001 LP163,Zen Tower,MANILA,3,2,BARANGAY 667,,PEARL OF THE ORIENT,14.577043,120.979629,MNL100P,29F,EE ROOM BUILDING A,,,,,2019-02-27,ISP
MNL001 LP162 NP8,MNL001,LP162,NP8,MNL001 LP162,Zen Tower,MANILA,3,2,BARANGAY 667,,PEARL OF THE ORIENT,14.577043,120.979629,MNL100P,23F,EE ROOM BUILDING A,,,,,2019-02-27,ISP
MNL001 LP164 NP1,MNL001,LP164,NP1,MNL001 LP164,Zen Tower,MANILA,3,2,BARANGAY 667,,PEARL OF THE ORIENT,14.577043,120.979629,MNL100P,32F,EE ROOM BUILDING A,,,,,2019-02-27,ISP
MNL001 LP161 NP2,MNL001,LP161,NP2,MNL001 LP161,Zen Tower,MANILA,3,2,BARANGAY 667,,PEARL OF THE ORIENT,14.577043,120.979629,MNL100P,8F,EE ROOM BUILDING A,,,,,2019-02-27,ISP
MNL001 LP163 NP2,MNL001,LP163,NP2,MNL001 LP163,Zen Tower,MANILA,3,2,BARANGAY 667,,PEARL OF THE ORIENT,14.577043,120.979629,MNL100P,25F,EE ROOM BUILDING A,,,,,2019-02-27,ISP
MNL001 LP164 NP3,MNL001,LP164,NP3,MNL001 LP164,Zen Tower,MANILA,3,2,BARANGAY 667,,PEARL OF THE ORIENT,14.577043,120.979629,MNL100P,34F,EE ROOM BUILDING A,,,,,2019-02-27,ISP
MNL001 LP164 NP4,MNL001,LP164,NP4,MNL001 LP164,Zen Tower,MANILA,3,2,BARANGAY 667,,PEARL OF THE ORIENT,14.577043,120.979629,MNL100P,35F,EE ROOM BUILDING A,,,,,2019-02-27,ISP
MNL001 LP162 NP4,MNL001,LP162,NP4,MNL001 LP162,Zen Tower,MANILA,3,2,BARANGAY 667,,PEARL OF THE ORIENT,14.577043,120.979629,MNL100P,19F,EE ROOM BUILDING A,,,,,2019-02-27,ISP
MNL001 LP162 NP2,MNL001,LP162,NP2,MNL001 LP162,Zen Tower,MANILA,3,2,BARANGAY 667,,PEARL OF THE ORIENT,14.577043,120.979629,,17F,EE ROOM BUILDING A,MNL100P,,,,2019-02-27,ISP
MNL001 LP163 NP4,MNL001,LP163,NP4,MNL001 LP163,Zen Tower,MANILA,3,2,BARANGAY 667,,PEARL OF THE ORIENT,14.577043,120.979629,,27F,EE ROOM BUILDING A,MNL100P,,,,2019-02-27,ISP
MNL001 LP164 NP5,MNL001,LP164,NP5,MNL001 LP164,Zen Tower,MANILA,3,2,BARANGAY 667,,PEARL OF THE ORIENT,14.577043,120.979629,MNL100P,36F,EE ROOM BUILDING A,,,,,2019-02-27,ISP
MNL001 LP162 NP1,MNL001,LP162,NP1,MNL001 LP162,Zen Tower,MANILA,3,2,BARANGAY 667,,PEARL OF THE ORIENT,14.577043,120.979629,,16F,EE ROOM BUILDING A,MNL100P,,,,2019-02-27,ISP
PSY002 LP23 NP7-8,PSY002,LP23,NP7-8,PSY002 LP23,Antel,MANILA,3,2,BARANGAY 668,,,14.574334,120.982779,,,,,,,16,2017-06-06,OSP
PSY002 LP24 NP1-2,PSY002,LP24,NP1-2,PSY002 LP24,Antel,MANILA,3,2,BARANGAY 668,,,14.576066,120.981876,,,,,,,16,2017-06-06,OSP
MNL034 LP259 NP7-8,MNL034,LP259,NP7-8,MNL034 LP259,Benitez,MANILA,3,2,BARANGAY 668,,,14.573945,120.981979,,,,,,,16,2021-07-27,OSP
MNL034 LP260 NP1-2,MNL034,LP260,NP1-2,MNL034 LP260,Benitez,MANILA,3,2,BARANGAY 668,,,14.574767,120.981581,,,,,,,16,2021-07-27,OSP
MNL034 LP260 NP3-4,MNL034,LP260,NP3-4,MNL034 LP260,Benitez,MANILA,3,2,BARANGAY 668,,,14.57514,120.98229,,,,,,,16,2021-07-27,OSP
MNL034 LP260 NP5-6,MNL034,LP260,NP5-6,MNL034 LP260,Benitez,MANILA,3,2,BARANGAY 668,,,14.575601,120.982999,,,,,,,16,2021-07-27,OSP
MNL034 LP260 NP7-8,MNL034,LP260,NP7-8,MNL034 LP260,Benitez,MANILA,3,2,BARANGAY 668,,,14.575553,120.980807,,,,,,,16,2021-07-27,OSP
MNL034 LP261 NP1-2,MNL034,LP261,NP1-2,MNL034 LP261,Benitez,MANILA,3,2,BARANGAY 668,,,14.57579,120.982144,,,,,,,16,2021-07-27,OSP
MNL034 LP261 NP3-4,MNL034,LP261,NP3-4,MNL034 LP261,Benitez,MANILA,3,2,BARANGAY 668,,,14.576073,120.981876,,,,,,,16,2021-07-27,OSP
MNL034 LP261 NP5-6,MNL034,LP261,NP5-6,MNL034 LP261,Benitez,MANILA,3,2,BARANGAY 668,,,14.576356,120.981862,,,,,,,16,2021-07-27,OSP
MNL034 LP261 NP7-8,MNL034,LP261,NP7-8,MNL034 LP261,Benitez,MANILA,3,2,BARANGAY 668,,,14.577062,120.981543,,,,,,,16,2021-07-27,OSP
MNL034 LP262 NP1-2,MNL034,LP262,NP1-2,MNL034 LP262,Benitez,MANILA,3,2,BARANGAY 668,,,14.576892,120.980563,,,,,,,16,2021-07-27,OSP
MNL034 LP262 NP7-8,MNL034,LP262,NP7-8,MNL034 LP262,Benitez,MANILA,3,2,BARANGAY 668,,,14.576506,120.98248,,,,,,,16,2021-07-27,OSP
MNL001 LP3 NP7-8,MNL001,LP3,NP7-8,MNL001 LP3,Zen Tower,MANILA,3,2,BARANGAY 668,,,14.576394,120.979607,,,,,,,16,2015-07-22,OSP
MNL001 LP1 NP7-8,MNL001,LP1,NP7-8,MNL001 LP1,Zen Tower,MANILA,3,2,BARANGAY 668,,,14.57363,120.982072,,,,,,,16,2018-08-27,OSP
MNL001 LP50 NP5,MNL001,LP50,NP5,MNL001 LP50,Zen Tower,MANILA,3,2,BARANGAY 668,,1322 GOLDEN EMPIRE (TOWER 2),14.576561,120.980204,MNL102P,46F,CONVERGE ROOM,,,,,2016-01-07,ISP
MNL001 LP46 NP6,MNL001,LP46,NP6,MNL001 LP46,Zen Tower,MANILA,3,2,BARANGAY 668,,1322 GOLDEN EMPIRE (TOWER 2),14.576561,120.980204,MNL102P,19F,CONVERGE ROOM,,,,,2016-01-07,ISP
MNL001 LP47 NP4,MNL001,LP47,NP4,MNL001 LP47,Zen Tower,MANILA,3,2,BARANGAY 668,,1322 GOLDEN EMPIRE (TOWER 1),14.576561,120.980204,MNL101P,31F,CONVERGE ROOM,,,,,2016-01-07,ISP
MNL001 LP46 NP3,MNL001,LP46,NP3,MNL001 LP46,Zen Tower,MANILA,3,2,BARANGAY 668,,1322 GOLDEN EMPIRE (TOWER 2),14.576561,120.980204,MNL102P,18F,CONVERGE ROOM,,,,,2016-01-07,ISP
MNL001 LP48 NP2,MNL001,LP48,NP2,MNL001 LP48,Zen Tower,MANILA,3,2,BARANGAY 668,,1322 GOLDEN EMPIRE (TOWER 1),14.576561,120.980204,MNL101P,43F,CONVERGE ROOM,,,,,2016-01-07,ISP
MNL001 LP89 NP1,MNL001,LP89,NP1,MNL001 LP89,Zen Tower,MANILA,3,2,BARANGAY 668,,S & L BUILDING,14.574201,120.981088,MNL104P,GF,CONVERGE ROOM,,,,,2017-06-18,ISP
MNL001 LP47 NP6,MNL001,LP47,NP6,MNL001 LP47,Zen Tower,MANILA,3,2,BARANGAY 668,,1322 GOLDEN EMPIRE (TOWER 1),14.576561,120.980204,MNL101P,35F,CONVERGE ROOM,,,,,2016-01-07,ISP
MNL001 LP50 NP1,MNL001,LP50,NP1,MNL001 LP50,Zen Tower,MANILA,3,2,BARANGAY 668,,1322 GOLDEN EMPIRE (TOWER 2),14.576561,120.980204,MNL102P,37F,CONVERGE ROOM,,,,,2016-01-07,ISP
MNL001 LP46 NP1,MNL001,LP46,NP1,MNL001 LP46,Zen Tower,MANILA,3,2,BARANGAY 668,,1322 GOLDEN EMPIRE (TOWER 2),14.576561,120.980204,MNL102P,14F,CONVERGE ROOM,,,,,2016-01-07,ISP
MNL001 LP49 NP5,MNL001,LP49,NP5,MNL001 LP49,Zen Tower,MANILA,3,2,BARANGAY 668,,1322 GOLDEN EMPIRE (TOWER 2),14.576561,120.980204,,29F,CONVERGE ROOM,MNL102P,,,,2016-01-07,ISP
MNL001 LP97 NP2,MNL001,LP97,NP2,MNL001 LP97,Zen Tower,MANILA,3,2,BARANGAY 668,,L & S BUILDING,14.574657,120.980651,,4F,EE ROOM BUILDING A,MNL103P,,,,2017-12-21,ISP
MNL001 LP89 NP6,MNL001,LP89,NP6,MNL001 LP89,Zen Tower,MANILA,3,2,BARANGAY 668,,S & L BUILDING,14.574201,120.981088,MNL104P,6F,CONVERGE ROOM,,,,,2017-06-18,ISP
MNL001 LP47 NP3,MNL001,LP47,NP3,MNL001 LP47,Zen Tower,MANILA,3,2,BARANGAY 668,,1322 GOLDEN EMPIRE (TOWER 1),14.576561,120.980204,,29F,CONVERGE ROOM,MNL101P,,,,2016-01-07,ISP
MNL001 LP89 NP2,MNL001,LP89,NP2,MNL001 LP89,Zen Tower,MANILA,3,2,BARANGAY 668,,S & L BUILDING,14.574201,120.981088,MNL104P,2F,CONVERGE ROOM,,,,,2017-06-18,ISP
MNL001 LP47 NP8,MNL001,LP47,NP8,MNL001 LP47,Zen Tower,MANILA,3,2,BARANGAY 668,,1322 GOLDEN EMPIRE (TOWER 1),14.576561,120.980204,MNL101P,39F,CONVERGE ROOM,,,,,2016-01-07,ISP
MNL001 LP50 NP2,MNL001,LP50,NP2,MNL001 LP50,Zen Tower,MANILA,3,2,BARANGAY 668,,1322 GOLDEN EMPIRE (TOWER 2),14.576561,120.980204,,39F,CONVERGE ROOM,MNL102P,,,,2016-01-07,ISP
MNL001 LP46 NP5,MNL001,LP46,NP5,MNL001 LP46,Zen Tower,MANILA,3,2,BARANGAY 668,,1322 GOLDEN EMPIRE (TOWER 2),14.576561,120.980204,MNL102P,17F,CONVERGE ROOM,,,,,2016-01-07,ISP
MNL001 LP47 NP2,MNL001,LP47,NP2,MNL001 LP47,Zen Tower,MANILA,3,2,BARANGAY 668,,1322 GOLDEN EMPIRE (TOWER 1),14.576561,120.980204,MNL101P,27F,CONVERGE ROOM,,,,,2016-01-07,ISP
MNL001 LP48 NP4,MNL001,LP48,NP4,MNL001 LP48,Zen Tower,MANILA,3,2,BARANGAY 668,,1322 GOLDEN EMPIRE (TOWER 1),14.576561,120.980204,,48F,CONVERGE ROOM,MNL101P,,,,2016-01-07,ISP
MNL001 LP50 NP4,MNL001,LP50,NP4,MNL001 LP50,Zen Tower,MANILA,3,2,BARANGAY 668,,1322 GOLDEN EMPIRE (TOWER 2),14.576561,120.980204,MNL102P,43F,CONVERGE ROOM,,,,,2016-01-07,ISP
MNL001 LP49 NP6,MNL001,LP49,NP6,MNL001 LP49,Zen Tower,MANILA,3,2,BARANGAY 668,,1322 GOLDEN EMPIRE (TOWER 2),14.576561,120.980204,,31F,CONVERGE ROOM,MNL102P,,,,2016-01-07,ISP
MNL001 LP48 NP3,MNL001,LP48,NP3,MNL001 LP48,Zen Tower,MANILA,3,2,BARANGAY 668,,1322 GOLDEN EMPIRE (TOWER 1),14.576561,120.980204,,46F,CONVERGE ROOM,MNL101P,,,,2016-01-07,ISP
MNL001 LP50 NP6,MNL001,LP50,NP6,MNL001 LP50,Zen Tower,MANILA,3,2,BARANGAY 668,,1322 GOLDEN EMPIRE (TOWER 2),14.576561,120.980204,,48F,CONVERGE ROOM,MNL102P,,,,2016-01-07,ISP
MNL001 LP48 NP6,MNL001,LP48,NP6,MNL001 LP48,Zen Tower,MANILA,3,2,BARANGAY 668,,1322 GOLDEN EMPIRE (TOWER 1),14.576561,120.980204,MNL101P,52F,CONVERGE ROOM,,,,,2016-01-07,ISP
MNL001 LP47 NP7,MNL001,LP47,NP7,MNL001 LP47,Zen Tower,MANILA,3,2,BARANGAY 668,,1322 GOLDEN EMPIRE (TOWER 1),14.576561,120.980204,MNL101P,37F,CONVERGE ROOM,,,,,2016-01-07,ISP
MNL001 LP50 NP8,MNL001,LP50,NP8,MNL001 LP50,Zen Tower,MANILA,3,2,BARANGAY 668,,1322 GOLDEN EMPIRE (TOWER 2),14.576561,120.980204,MNL102P,52F,CONVERGE ROOM,,,,,2016-01-07,ISP
MNL001 LP48 NP8,MNL001,LP48,NP8,MNL001 LP48,Zen Tower,MANILA,3,2,BARANGAY 668,,1322 GOLDEN EMPIRE (TOWER 1),14.576561,120.980204,,56F,CONVERGE ROOM,MNL101P,,,,2016-01-07,ISP
MNL001 LP47 NP5,MNL001,LP47,NP5,MNL001 LP47,Zen Tower,MANILA,3,2,BARANGAY 668,,1322 GOLDEN EMPIRE (TOWER 1),14.576561,120.980204,MNL101P,33F,CONVERGE ROOM,,,,,2016-01-07,ISP
MNL001 LP97 NP3,MNL001,LP97,NP3,MNL001 LP97,Zen Tower,MANILA,3,2,BARANGAY 668,,L & S BUILDING,14.574657,120.980651,MNL103P,7F,EE ROOM BUILDING A,,,,,2017-12-21,ISP
MNL001 LP48 NP7,MNL001,LP48,NP7,MNL001 LP48,Zen Tower,MANILA,3,2,BARANGAY 668,,1322 GOLDEN EMPIRE (TOWER 1),14.576561,120.980204,MNL101P,54F,CONVERGE ROOM,,,,,2016-01-07,ISP
MNL001 LP49 NP1,MNL001,LP49,NP1,MNL001 LP49,Zen Tower,MANILA,3,2,BARANGAY 668,,1322 GOLDEN EMPIRE (TOWER 2),14.576561,120.980204,,21F,CONVERGE ROOM,MNL102P,,,,2016-01-07,ISP
MNL001 LP50 NP3,MNL001,LP50,NP3,MNL001 LP50,Zen Tower,MANILA,3,2,BARANGAY 668,,1322 GOLDEN EMPIRE (TOWER 2),14.576561,120.980204,MNL102P,41F,CONVERGE ROOM,,,,,2016-01-07,ISP
MNL001 LP89 NP4-5,MNL001,LP89,NP4-5,MNL001 LP89,Zen Tower,MANILA,3,2,BARANGAY 668,,S & L BUILDING,14.574201,120.981088,MNL104P,5F,CONVERGE ROOM,,,,,2017-06-18,ISP
MNL001 LP49 NP8,MNL001,LP49,NP8,MNL001 LP49,Zen Tower,MANILA,3,2,BARANGAY 668,,1322 GOLDEN EMPIRE (TOWER 2),14.576561,120.980204,,35F,CONVERGE ROOM,MNL102P,,,,2016-01-07,ISP
MNL001 LP47 NP1,MNL001,LP47,NP1,MNL001 LP47,Zen Tower,MANILA,3,2,BARANGAY 668,,1322 GOLDEN EMPIRE (TOWER 1),14.576561,120.980204,MNL101P,25F,CONVERGE ROOM,,,,,2016-01-07,ISP
MNL001 LP46 NP8,MNL001,LP46,NP8,MNL001 LP46,Zen Tower,MANILA,3,2,BARANGAY 668,,1322 GOLDEN EMPIRE (TOWER 2),14.576561,120.980204,MNL102P,23F,CONVERGE ROOM,,,,,2016-01-07,ISP
MNL001 LP49 NP2,MNL001,LP49,NP2,MNL001 LP49,Zen Tower,MANILA,3,2,BARANGAY 668,,1322 GOLDEN EMPIRE (TOWER 2),14.576561,120.980204,MNL102P,23F,CONVERGE ROOM,,,,,2016-01-07,ISP
MNL001 LP49 NP4,MNL001,LP49,NP4,MNL001 LP49,Zen Tower,MANILA,3,2,BARANGAY 668,,1322 GOLDEN EMPIRE (TOWER 2),14.576561,120.980204,MNL102P,27F,CONVERGE ROOM,,,,,2016-01-07,ISP
MNL001 LP46 NP2,MNL001,LP46,NP2,MNL001 LP46,Zen Tower,MANILA,3,2,BARANGAY 668,,1322 GOLDEN EMPIRE (TOWER 2),14.576561,120.980204,,16F,CONVERGE ROOM,MNL102P,,,,2016-01-07,ISP
MNL001 LP49 NP3,MNL001,LP49,NP3,MNL001 LP49,Zen Tower,MANILA,3,2,BARANGAY 668,,1322 GOLDEN EMPIRE (TOWER 2),14.576561,120.980204,MNL102P,25F,CONVERGE ROOM,,,,,2016-01-07,ISP
MNL001 LP89 NP3,MNL001,LP89,NP3,MNL001 LP89,Zen Tower,MANILA,3,2,BARANGAY 668,,S & L BUILDING,14.574201,120.981088,,3F,CONVERGE ROOM,MNL104P,,,,2017-06-18,ISP
MNL001 LP46 NP7,MNL001,LP46,NP7,MNL001 LP46,Zen Tower,MANILA,3,2,BARANGAY 668,,1322 GOLDEN EMPIRE (TOWER 2),14.576561,120.980204,,21F,CONVERGE ROOM,MNL102P,,,,2016-01-07,ISP
MNL001 LP97 NP1,MNL001,LP97,NP1,MNL001 LP97,Zen Tower,MANILA,3,2,BARANGAY 668,,L & S BUILDING,14.574657,120.980651,MNL103P,2F,EE ROOM BUILDING A,,,,,2017-12-21,ISP
MNL001 LP48 NP1,MNL001,LP48,NP1,MNL001 LP48,Zen Tower,MANILA,3,2,BARANGAY 668,,1322 GOLDEN EMPIRE (TOWER 1),14.576561,120.980204,,41F,CONVERGE ROOM,MNL101P,,,,2016-01-07,ISP
MNL001 LP89 NP7,MNL001,LP89,NP7,MNL001 LP89,Zen Tower,MANILA,3,2,BARANGAY 668,,S & L BUILDING,14.574201,120.981088,MNL104P,7F,CONVERGE ROOM,,,,,2017-06-18,ISP
MNL001 LP46 NP4,MNL001,LP46,NP4,MNL001 LP46,Zen Tower,MANILA,3,2,BARANGAY 668,,1322 GOLDEN EMPIRE (TOWER 2),14.576561,120.980204,MNL102P,15F,CONVERGE ROOM,,,,,2016-01-07,ISP
MNL001 LP49 NP7,MNL001,LP49,NP7,MNL001 LP49,Zen Tower,MANILA,3,2,BARANGAY 668,,1322 GOLDEN EMPIRE (TOWER 2),14.576561,120.980204,MNL102P,33F,CONVERGE ROOM,,,,,2016-01-07,ISP
MNL001 LP50 NP7,MNL001,LP50,NP7,MNL001 LP50,Zen Tower,MANILA,3,2,BARANGAY 668,,1322 GOLDEN EMPIRE (TOWER 2),14.576561,120.980204,MNL102P,50F,CONVERGE ROOM,,,,,2016-01-07,ISP
MNL001 LP48 NP5,MNL001,LP48,NP5,MNL001 LP48,Zen Tower,MANILA,3,2,BARANGAY 668,,1322 GOLDEN EMPIRE (TOWER 1),14.576561,120.980204,,50F,CONVERGE ROOM,MNL101P,,,,2016-01-07,ISP
MNL008 LP15 NP1,MNL008,LP15,NP1,MNL008 LP15,Adriatico Residences,MANILA,3,2,BARANGAY 669,,THE ADRIATICO RESIDENCES (TOWER 3),14.574483,120.983784,,30F,EE ROOM BUILDING A,MNL008,,,,2019-10-04,ISP
MNL008 LP2 NP6-7,MNL008,LP2,NP6-7,MNL008 LP2,Adriatico Residences,MANILA,3,2,BARANGAY 669,,THE ADRIATICO RESIDENCES (TOWER 1),14.574483,120.983784,,16F,EE ROOM BUILDING A,MNL105P,,,,2019-10-04,ISP
MNL008 LP14 NP4,MNL008,LP14,NP4,MNL008 LP14,Adriatico Residences,MANILA,3,2,BARANGAY 669,,THE ADRIATICO RESIDENCES (TOWER 3),14.574483,120.983784,,26F,EE ROOM BUILDING A,MNL008,,,,2019-10-04,ISP
MNL008 LP1 NP3-4,MNL008,LP1,NP3-4,MNL008 LP1,Adriatico Residences,MANILA,3,2,BARANGAY 669,,THE ADRIATICO RESIDENCES (TOWER 1),14.574483,120.983784,,8F,EE ROOM BUILDING A,MNL105P,,,,2019-10-04,ISP
MNL008 LP8 NP6-7,MNL008,LP8,NP6-7,MNL008 LP8,Adriatico Residences,MANILA,3,2,BARANGAY 669,,THE ADRIATICO RESIDENCES (TOWER 2),14.574483,120.983784,,22F,EE ROOM BUILDING A,MNL106P,,,,2019-10-04,ISP
MNL008 LP6 NP3-4,MNL008,LP6,NP3-4,MNL008 LP6,Adriatico Residences,MANILA,3,2,BARANGAY 669,,THE ADRIATICO RESIDENCES (TOWER 2),14.574483,120.983784,,8F,EE ROOM BUILDING A,MNL106P,,,,2019-10-04,ISP
MNL008 LP15 NP4,MNL008,LP15,NP4,MNL008 LP15,Adriatico Residences,MANILA,3,2,BARANGAY 669,,THE ADRIATICO RESIDENCES (TOWER 3),14.574483,120.983784,,33F,EE ROOM BUILDING A,MNL008,,,,2019-10-04,ISP
MNL008 LP10 NP7,MNL008,LP10,NP7,MNL008 LP10,Adriatico Residences,MANILA,3,2,BARANGAY 669,,THE ADRIATICO RESIDENCES (TOWER 2),14.574483,120.983784,,36F,EE ROOM BUILDING A,MNL106P,,,,2019-10-04,ISP
MNL008 LP14 NP1,MNL008,LP14,NP1,MNL008 LP14,Adriatico Residences,MANILA,3,2,BARANGAY 669,,THE ADRIATICO RESIDENCES (TOWER 3),14.574483,120.983784,,24F,EE ROOM BUILDING A,MNL008,,,,2019-10-04,ISP
MNL008 LP2 NP4,MNL008,LP2,NP4,MNL008 LP2,Adriatico Residences,MANILA,3,2,BARANGAY 669,,THE ADRIATICO RESIDENCES (TOWER 1),14.574483,120.983784,,14F,EE ROOM BUILDING A,MNL105P,,,,2019-10-04,ISP
MNL008 LP7 NP8,MNL008,LP7,NP8,MNL008 LP7,Adriatico Residences,MANILA,3,2,BARANGAY 669,,THE ADRIATICO RESIDENCES (TOWER 2),14.574483,120.983784,,17F,EE ROOM BUILDING A,MNL106P,,,,2019-10-04,ISP
MNL008 LP11 NP5,MNL008,LP11,NP5,MNL008 LP11,Adriatico Residences,MANILA,3,2,BARANGAY 669,,THE ADRIATICO RESIDENCES (TOWER 3),14.574483,120.983784,,9F,EE ROOM BUILDING A,MNL008,,,,2019-10-04,ISP
MNL008 LP15 NP6,MNL008,LP15,NP6,MNL008 LP15,Adriatico Residences,MANILA,3,2,BARANGAY 669,,THE ADRIATICO RESIDENCES (TOWER 3),14.574483,120.983784,,35F,EE ROOM BUILDING A,MNL008,,,,2019-10-04,ISP
MNL008 LP8 NP1,MNL008,LP8,NP1,MNL008 LP8,Adriatico Residences,MANILA,3,2,BARANGAY 669,,THE ADRIATICO RESIDENCES (TOWER 2),14.574483,120.983784,,18F,EE ROOM BUILDING A,MNL106P,,,,2019-10-04,ISP
MNL008 LP1 NP1,MNL008,LP1,NP1,MNL008 LP1,Adriatico Residences,MANILA,3,2,BARANGAY 669,,THE ADRIATICO RESIDENCES (TOWER 1),14.574483,120.983784,,6F,EE ROOM BUILDING A,MNL105P,,,,2019-10-04,ISP
MNL008 LP4 NP8,MNL008,LP4,NP8,MNL008 LP4,Adriatico Residences,MANILA,3,2,BARANGAY 669,,THE ADRIATICO RESIDENCES (TOWER 1),14.574483,120.983784,,29F,EE ROOM BUILDING A,MNL105P,,,,2019-10-04,ISP
MNL008 LP9 NP1,MNL008,LP9,NP1,MNL008 LP9,Adriatico Residences,MANILA,3,2,BARANGAY 669,,THE ADRIATICO RESIDENCES (TOWER 2),14.574483,120.983784,,24F,EE ROOM BUILDING A,MNL106P,,,,2019-10-04,ISP
MNL008 LP15 NP8,MNL008,LP15,NP8,MNL008 LP15,Adriatico Residences,MANILA,3,2,BARANGAY 669,,THE ADRIATICO RESIDENCES (TOWER 3),14.574483,120.983784,,37F,EE ROOM BUILDING A,MNL008,,,,2019-10-04,ISP
MNL008 LP7 NP4,MNL008,LP7,NP4,MNL008 LP7,Adriatico Residences,MANILA,3,2,BARANGAY 669,,THE ADRIATICO RESIDENCES (TOWER 2),14.574483,120.983784,,14F,EE ROOM BUILDING A,MNL106P,,,,2019-10-04,ISP
MNL008 LP5 NP3,MNL008,LP5,NP3,MNL008 LP5,Adriatico Residences,MANILA,3,2,BARANGAY 669,,THE ADRIATICO RESIDENCES (TOWER 1),14.574483,120.983784,,32F,EE ROOM BUILDING A,MNL105P,,,,2019-10-04,ISP
MNL008 LP10 NP3,MNL008,LP10,NP3,MNL008 LP10,Adriatico Residences,MANILA,3,2,BARANGAY 669,,THE ADRIATICO RESIDENCES (TOWER 2),14.574483,120.983784,,32F,EE ROOM BUILDING A,MNL106P,,,,2019-10-04,ISP
MNL008 LP7 NP6-7,MNL008,LP7,NP6-7,MNL008 LP7,Adriatico Residences,MANILA,3,2,BARANGAY 669,,THE ADRIATICO RESIDENCES (TOWER 2),14.574483,120.983784,,16F,EE ROOM BUILDING A,MNL106P,,,,2019-10-04,ISP
MNL008 LP6 NP2,MNL008,LP6,NP2,MNL008 LP6,Adriatico Residences,MANILA,3,2,BARANGAY 669,,THE ADRIATICO RESIDENCES (TOWER 2),14.574483,120.983784,,7F,EE ROOM BUILDING A,MNL106P,,,,2019-10-04,ISP
MNL008 LP3 NP1,MNL008,LP3,NP1,MNL008 LP3,Adriatico Residences,MANILA,3,2,BARANGAY 669,,THE ADRIATICO RESIDENCES (TOWER 1),14.574483,120.983784,,18F,EE ROOM BUILDING A,MNL105P,,,,2019-10-04,ISP
MNL008 LP13 NP1,MNL008,LP13,NP1,MNL008 LP13,Adriatico Residences,MANILA,3,2,BARANGAY 669,,THE ADRIATICO RESIDENCES (TOWER 3),14.574483,120.983784,,18F,EE ROOM BUILDING A,MNL008,,,,2019-10-04,ISP
MNL008 LP15 NP5,MNL008,LP15,NP5,MNL008 LP15,Adriatico Residences,MANILA,3,2,BARANGAY 669,,THE ADRIATICO RESIDENCES (TOWER 3),14.574483,120.983784,,34F,EE ROOM BUILDING A,MNL008,,,,2019-10-04,ISP
MNL008 LP7 NP2-3,MNL008,LP7,NP2-3,MNL008 LP7,Adriatico Residences,MANILA,3,2,BARANGAY 669,,THE ADRIATICO RESIDENCES (TOWER 2),14.574483,120.983784,,12F,EE ROOM BUILDING A,MNL106P,,,,2019-10-04,ISP
MNL008 LP9 NP4,MNL008,LP9,NP4,MNL008 LP9,Adriatico Residences,MANILA,3,2,BARANGAY 669,,THE ADRIATICO RESIDENCES (TOWER 2),14.574483,120.983784,,26F,EE ROOM BUILDING A,MNL106P,,,,2019-10-04,ISP
MNL008 LP9 NP8,MNL008,LP9,NP8,MNL008 LP9,Adriatico Residences,MANILA,3,2,BARANGAY 669,,THE ADRIATICO RESIDENCES (TOWER 2),14.574483,120.983784,,29F,EE ROOM BUILDING A,MNL106P,,,,2019-10-04,ISP
MNL008 LP4 NP6-7,MNL008,LP4,NP6-7,MNL008 LP4,Adriatico Residences,MANILA,3,2,BARANGAY 669,,THE ADRIATICO RESIDENCES (TOWER 1),14.574483,120.983784,,28F,EE ROOM BUILDING A,MNL105P,,,,2019-10-04,ISP
MNL008 LP9 NP2-3,MNL008,LP9,NP2-3,MNL008 LP9,Adriatico Residences,MANILA,3,2,BARANGAY 669,,THE ADRIATICO RESIDENCES (TOWER 2),14.574483,120.983784,,25F,EE ROOM BUILDING A,MNL106P,,,,2019-10-04,ISP
MNL008 LP13 NP2-3,MNL008,LP13,NP2-3,MNL008 LP13,Adriatico Residences,MANILA,3,2,BARANGAY 669,,THE ADRIATICO RESIDENCES (TOWER 3),14.574483,120.983784,,19F,EE ROOM BUILDING A,MNL008,,,,2019-10-04,ISP
MNL008 LP8 NP5,MNL008,LP8,NP5,MNL008 LP8,Adriatico Residences,MANILA,3,2,BARANGAY 669,,THE ADRIATICO RESIDENCES (TOWER 2),14.574483,120.983784,,21F,EE ROOM BUILDING A,MNL106P,,,,2019-10-04,ISP
MNL008 LP10 NP4,MNL008,LP10,NP4,MNL008 LP10,Adriatico Residences,MANILA,3,2,BARANGAY 669,,THE ADRIATICO RESIDENCES (TOWER 2),14.574483,120.983784,,33F,EE ROOM BUILDING A,MNL106P,,,,2019-10-04,ISP
MNL008 LP2 NP2-3,MNL008,LP2,NP2-3,MNL008 LP2,Adriatico Residences,MANILA,3,2,BARANGAY 669,,THE ADRIATICO RESIDENCES (TOWER 1),14.574483,120.983784,,12F,EE ROOM BUILDING A,MNL105P,,,,2019-10-04,ISP
MNL008 LP10 NP8,MNL008,LP10,NP8,MNL008 LP10,Adriatico Residences,MANILA,3,2,BARANGAY 669,,THE ADRIATICO RESIDENCES (TOWER 2),14.574483,120.983784,,37F,EE ROOM BUILDING A,MNL106P,,,,2019-10-04,ISP
MNL008 LP15 NP7,MNL008,LP15,NP7,MNL008 LP15,Adriatico Residences,MANILA,3,2,BARANGAY 669,,THE ADRIATICO RESIDENCES (TOWER 3),14.574483,120.983784,,36F,EE ROOM BUILDING A,MNL008,,,,2019-10-04,ISP
MNL008 LP5 NP4,MNL008,LP5,NP4,MNL008 LP5,Adriatico Residences,MANILA,3,2,BARANGAY 669,,THE ADRIATICO RESIDENCES (TOWER 1),14.574483,120.983784,,33F,EE ROOM BUILDING A,MNL105P,,,,2019-10-04,ISP
MNL008 LP5 NP1,MNL008,LP5,NP1,MNL008 LP5,Adriatico Residences,MANILA,3,2,BARANGAY 669,,THE ADRIATICO RESIDENCES (TOWER 1),14.574483,120.983784,,30F,EE ROOM BUILDING A,MNL105P,,,,2019-10-04,ISP
MNL008 LP8 NP2-3,MNL008,LP8,NP2-3,MNL008 LP8,Adriatico Residences,MANILA,3,2,BARANGAY 669,,THE ADRIATICO RESIDENCES (TOWER 2),14.574483,120.983784,,19F,EE ROOM BUILDING A,MNL106P,,,,2019-10-04,ISP
MNL008 LP12 NP8,MNL008,LP12,NP8,MNL008 LP12,Adriatico Residences,MANILA,3,2,BARANGAY 669,,THE ADRIATICO RESIDENCES (TOWER 3),14.574483,120.983784,,17F,EE ROOM BUILDING A,MNL008,,,,2019-10-04,ISP
MNL008 LP7 NP1,MNL008,LP7,NP1,MNL008 LP7,Adriatico Residences,MANILA,3,2,BARANGAY 669,,THE ADRIATICO RESIDENCES (TOWER 2),14.574483,120.983784,,11F,EE ROOM BUILDING A,MNL106P,,,,2019-10-04,ISP
MNL008 LP12 NP2-3,MNL008,LP12,NP2-3,MNL008 LP12,Adriatico Residences,MANILA,3,2,BARANGAY 669,,THE ADRIATICO RESIDENCES (TOWER 3),14.574483,120.983784,,12F,EE ROOM BUILDING A,MNL008,,,,2019-10-04,ISP
MNL008 LP3 NP5,MNL008,LP3,NP5,MNL008 LP3,Adriatico Residences,MANILA,3,2,BARANGAY 669,,THE ADRIATICO RESIDENCES (TOWER 1),14.574483,120.983784,,21F,EE ROOM BUILDING A,MNL105P,,,,2019-10-04,ISP
MNL008 LP4 NP1,MNL008,LP4,NP1,MNL008 LP4,Adriatico Residences,MANILA,3,2,BARANGAY 669,,THE ADRIATICO RESIDENCES (TOWER 1),14.574483,120.983784,,24F,EE ROOM BUILDING A,MNL105P,,,,2019-10-04,ISP
MNL008 LP14 NP2-3,MNL008,LP14,NP2-3,MNL008 LP14,Adriatico Residences,MANILA,3,2,BARANGAY 669,,THE ADRIATICO RESIDENCES (TOWER 3),14.574483,120.983784,,25F,EE ROOM BUILDING A,MNL008,,,,2019-10-04,ISP
MNL008 LP8 NP4,MNL008,LP8,NP4,MNL008 LP8,Adriatico Residences,MANILA,3,2,BARANGAY 669,,THE ADRIATICO RESIDENCES (TOWER 2),14.574483,120.983784,,20F,EE ROOM BUILDING A,MNL106P,,,,2019-10-04,ISP
MNL008 LP10 NP2,MNL008,LP10,NP2,MNL008 LP10,Adriatico Residences,MANILA,3,2,BARANGAY 669,,THE ADRIATICO RESIDENCES (TOWER 2),14.574483,120.983784,,31F,EE ROOM BUILDING A,MNL106P,,,,2019-10-04,ISP
MNL008 LP11 NP6-7,MNL008,LP11,NP6-7,MNL008 LP11,Adriatico Residences,MANILA,3,2,BARANGAY 669,,THE ADRIATICO RESIDENCES (TOWER 3),14.574483,120.983784,,10F,EE ROOM BUILDING A,MNL008,,,,2019-10-04,ISP
MNL008 LP15 NP2,MNL008,LP15,NP2,MNL008 LP15,Adriatico Residences,MANILA,3,2,BARANGAY 669,,THE ADRIATICO RESIDENCES (TOWER 3),14.574483,120.983784,,31F,EE ROOM BUILDING A,MNL008,,,,2019-10-04,ISP
MNL008 LP3 NP8,MNL008,LP3,NP8,MNL008 LP3,Adriatico Residences,MANILA,3,2,BARANGAY 669,,THE ADRIATICO RESIDENCES (TOWER 1),14.574483,120.983784,,23F,EE ROOM BUILDING A,MNL105P,,,,2019-10-04,ISP
MNL008 LP9 NP5,MNL008,LP9,NP5,MNL008 LP9,Adriatico Residences,MANILA,3,2,BARANGAY 669,,THE ADRIATICO RESIDENCES (TOWER 2),14.574483,120.983784,,27F,EE ROOM BUILDING A,MNL106P,,,,2019-10-04,ISP
MNL008 LP13 NP4,MNL008,LP13,NP4,MNL008 LP13,Adriatico Residences,MANILA,3,2,BARANGAY 669,,THE ADRIATICO RESIDENCES (TOWER 3),14.574483,120.983784,,20F,EE ROOM BUILDING A,MNL008,,,,2019-10-04,ISP
MNL008 LP4 NP2-3,MNL008,LP4,NP2-3,MNL008 LP4,Adriatico Residences,MANILA,3,2,BARANGAY 669,,THE ADRIATICO RESIDENCES (TOWER 1),14.574483,120.983784,,25F,EE ROOM BUILDING A,MNL105P,,,,2019-10-04,ISP
MNL008 LP3 NP6-7,MNL008,LP3,NP6-7,MNL008 LP3,Adriatico Residences,MANILA,3,2,BARANGAY 669,,THE ADRIATICO RESIDENCES (TOWER 1),14.574483,120.983784,,22F,EE ROOM BUILDING A,MNL105P,,,,2019-10-04,ISP
MNL008 LP14 NP5,MNL008,LP14,NP5,MNL008 LP14,Adriatico Residences,MANILA,3,2,BARANGAY 669,,THE ADRIATICO RESIDENCES (TOWER 3),14.574483,120.983784,,27F,EE ROOM BUILDING A,MNL008,,,,2019-10-04,ISP
MNL008 LP11 NP2,MNL008,LP11,NP2,MNL008 LP11,Adriatico Residences,MANILA,3,2,BARANGAY 669,,THE ADRIATICO RESIDENCES (TOWER 3),14.574483,120.983784,,7F,EE ROOM BUILDING A,MNL008,,,,2019-10-04,ISP
MNL008 LP10 NP6,MNL008,LP10,NP6,MNL008 LP10,Adriatico Residences,MANILA,3,2,BARANGAY 669,,THE ADRIATICO RESIDENCES (TOWER 2),14.574483,120.983784,,35F,EE ROOM BUILDING A,MNL106P,,,,2019-10-04,ISP
MNL008 LP5 NP5,MNL008,LP5,NP5,MNL008 LP5,Adriatico Residences,MANILA,3,2,BARANGAY 669,,THE ADRIATICO RESIDENCES (TOWER 1),14.574483,120.983784,,34F,EE ROOM BUILDING A,MNL105P,,,,2019-10-04,ISP
MNL008 LP13 NP5,MNL008,LP13,NP5,MNL008 LP13,Adriatico Residences,MANILA,3,2,BARANGAY 669,,THE ADRIATICO RESIDENCES (TOWER 3),14.574483,120.983784,,21F,EE ROOM BUILDING A,MNL008,,,,2019-10-04,ISP
MNL008 LP5 NP8,MNL008,LP5,NP8,MNL008 LP5,Adriatico Residences,MANILA,3,2,BARANGAY 669,,THE ADRIATICO RESIDENCES (TOWER 1),14.574483,120.983784,,37F,EE ROOM BUILDING A,MNL105P,,,,2019-10-04,ISP
MNL008 LP1 NP5,MNL008,LP1,NP5,MNL008 LP1,Adriatico Residences,MANILA,3,2,BARANGAY 669,,THE ADRIATICO RESIDENCES (TOWER 1),14.574483,120.983784,,9F,EE ROOM BUILDING A,MNL105P,,,,2019-10-04,ISP
MNL008 LP15 NP3,MNL008,LP15,NP3,MNL008 LP15,Adriatico Residences,MANILA,3,2,BARANGAY 669,,THE ADRIATICO RESIDENCES (TOWER 3),14.574483,120.983784,,32F,EE ROOM BUILDING A,MNL008,,,,2019-10-04,ISP
MNL008 LP5 NP7,MNL008,LP5,NP7,MNL008 LP5,Adriatico Residences,MANILA,3,2,BARANGAY 669,,THE ADRIATICO RESIDENCES (TOWER 1),14.574483,120.983784,,36F,EE ROOM BUILDING A,MNL105P,,,,2019-10-04,ISP
MNL008 LP12 NP6-7,MNL008,LP12,NP6-7,MNL008 LP12,Adriatico Residences,MANILA,3,2,BARANGAY 669,,THE ADRIATICO RESIDENCES (TOWER 3),14.574483,120.983784,,16F,EE ROOM BUILDING A,MNL008,,,,2019-10-04,ISP
MNL008 LP5 NP2,MNL008,LP5,NP2,MNL008 LP5,Adriatico Residences,MANILA,3,2,BARANGAY 669,,THE ADRIATICO RESIDENCES (TOWER 1),14.574483,120.983784,,31F,EE ROOM BUILDING A,MNL105P,,,,2019-10-04,ISP
MNL008 LP10 NP5,MNL008,LP10,NP5,MNL008 LP10,Adriatico Residences,MANILA,3,2,BARANGAY 669,,THE ADRIATICO RESIDENCES (TOWER 2),14.574483,120.983784,,34F,EE ROOM BUILDING A,MNL106P,,,,2019-10-04,ISP
MNL008 LP3 NP2-3,MNL008,LP3,NP2-3,MNL008 LP3,Adriatico Residences,MANILA,3,2,BARANGAY 669,,THE ADRIATICO RESIDENCES (TOWER 1),14.574483,120.983784,,19F,EE ROOM BUILDING A,MNL105P,,,,2019-10-04,ISP
MNL008 LP14 NP8,MNL008,LP14,NP8,MNL008 LP14,Adriatico Residences,MANILA,3,2,BARANGAY 669,,THE ADRIATICO RESIDENCES (TOWER 3),14.574483,120.983784,,29F,EE ROOM BUILDING A,MNL008,,,,2019-10-04,ISP
MNL008 LP12 NP5,MNL008,LP12,NP5,MNL008 LP12,Adriatico Residences,MANILA,3,2,BARANGAY 669,,THE ADRIATICO RESIDENCES (TOWER 3),14.574483,120.983784,,15F,EE ROOM BUILDING A,MNL008,,,,2019-10-04,ISP
MNL008 LP4 NP5,MNL008,LP4,NP5,MNL008 LP4,Adriatico Residences,MANILA,3,2,BARANGAY 669,,THE ADRIATICO RESIDENCES (TOWER 1),14.574483,120.983784,,27F,EE ROOM BUILDING A,MNL105P,,,,2019-10-04,ISP
MNL008 LP6 NP6-7,MNL008,LP6,NP6-7,MNL008 LP6,Adriatico Residences,MANILA,3,2,BARANGAY 669,,THE ADRIATICO RESIDENCES (TOWER 2),14.574483,120.983784,,10F,EE ROOM BUILDING A,MNL106P,,,,2019-10-04,ISP
MNL008 LP12 NP1,MNL008,LP12,NP1,MNL008 LP12,Adriatico Residences,MANILA,3,2,BARANGAY 669,,THE ADRIATICO RESIDENCES (TOWER 3),14.574483,120.983784,,11F,EE ROOM BUILDING A,MNL008,,,,2019-10-04,ISP
MNL008 LP5 NP6,MNL008,LP5,NP6,MNL008 LP5,Adriatico Residences,MANILA,3,2,BARANGAY 669,,THE ADRIATICO RESIDENCES (TOWER 1),14.574483,120.983784,,35F,EE ROOM BUILDING A,MNL105P,,,,2019-10-04,ISP
MNL008 LP2 NP8,MNL008,LP2,NP8,MNL008 LP2,Adriatico Residences,MANILA,3,2,BARANGAY 669,,THE ADRIATICO RESIDENCES (TOWER 1),14.574483,120.983784,,17F,EE ROOM BUILDING A,MNL105P,,,,2019-10-04,ISP
MNL008 LP1 NP2,MNL008,LP1,NP2,MNL008 LP1,Adriatico Residences,MANILA,3,2,BARANGAY 669,,THE ADRIATICO RESIDENCES (TOWER 1),14.574483,120.983784,,7F,EE ROOM BUILDING A,MNL105P,,,,2019-10-04,ISP
MNL008 LP6 NP5,MNL008,LP6,NP5,MNL008 LP6,Adriatico Residences,MANILA,3,2,BARANGAY 669,,THE ADRIATICO RESIDENCES (TOWER 2),14.574483,120.983784,,9F,EE ROOM BUILDING A,MNL106P,,,,2019-10-04,ISP
MNL008 LP2 NP5,MNL008,LP2,NP5,MNL008 LP2,Adriatico Residences,MANILA,3,2,BARANGAY 669,,THE ADRIATICO RESIDENCES (TOWER 1),14.574483,120.983784,,15F,EE ROOM BUILDING A,MNL105P,,,,2019-10-04,ISP
MNL008 LP9 NP6-7,MNL008,LP9,NP6-7,MNL008 LP9,Adriatico Residences,MANILA,3,2,BARANGAY 669,,THE ADRIATICO RESIDENCES (TOWER 2),14.574483,120.983784,,28F,EE ROOM BUILDING A,MNL106P,,,,2019-10-04,ISP
MNL008 LP10 NP1,MNL008,LP10,NP1,MNL008 LP10,Adriatico Residences,MANILA,3,2,BARANGAY 669,,THE ADRIATICO RESIDENCES (TOWER 2),14.574483,120.983784,,30F,EE ROOM BUILDING A,MNL106P,,,,2019-10-04,ISP
MNL008 LP11 NP1,MNL008,LP11,NP1,MNL008 LP11,Adriatico Residences,MANILA,3,2,BARANGAY 669,,THE ADRIATICO RESIDENCES (TOWER 3),14.574483,120.983784,,6F,EE ROOM BUILDING A,MNL008,,,,2019-10-04,ISP
MNL008 LP12 NP4,MNL008,LP12,NP4,MNL008 LP12,Adriatico Residences,MANILA,3,2,BARANGAY 669,,THE ADRIATICO RESIDENCES (TOWER 3),14.574483,120.983784,,14F,EE ROOM BUILDING A,MNL008,,,,2019-10-04,ISP
MNL008 LP4 NP4,MNL008,LP4,NP4,MNL008 LP4,Adriatico Residences,MANILA,3,2,BARANGAY 669,,THE ADRIATICO RESIDENCES (TOWER 1),14.574483,120.983784,,26F,EE ROOM BUILDING A,MNL105P,,,,2019-10-04,ISP
MNL008 LP7 NP5,MNL008,LP7,NP5,MNL008 LP7,Adriatico Residences,MANILA,3,2,BARANGAY 669,,THE ADRIATICO RESIDENCES (TOWER 2),14.574483,120.983784,,15F,EE ROOM BUILDING A,MNL106P,,,,2019-10-04,ISP
MNL008 LP3 NP4,MNL008,LP3,NP4,MNL008 LP3,Adriatico Residences,MANILA,3,2,BARANGAY 669,,THE ADRIATICO RESIDENCES (TOWER 1),14.574483,120.983784,,20F,EE ROOM BUILDING A,MNL105P,,,,2019-10-04,ISP
MNL008 LP8 NP8,MNL008,LP8,NP8,MNL008 LP8,Adriatico Residences,MANILA,3,2,BARANGAY 669,,THE ADRIATICO RESIDENCES (TOWER 2),14.574483,120.983784,,23F,EE ROOM BUILDING A,MNL106P,,,,2019-10-04,ISP
MNL008 LP13 NP6-7,MNL008,LP13,NP6-7,MNL008 LP13,Adriatico Residences,MANILA,3,2,BARANGAY 669,,THE ADRIATICO RESIDENCES (TOWER 3),14.574483,120.983784,,22F,EE ROOM BUILDING A,MNL008,,,,2019-10-04,ISP
MNL008 LP1 NP6-7,MNL008,LP1,NP6-7,MNL008 LP1,Adriatico Residences,MANILA,3,2,BARANGAY 669,,THE ADRIATICO RESIDENCES (TOWER 1),14.574483,120.983784,,10F,EE ROOM BUILDING A,MNL105P,,,,2019-10-04,ISP
MNL008 LP2 NP1,MNL008,LP2,NP1,MNL008 LP2,Adriatico Residences,MANILA,3,2,BARANGAY 669,,THE ADRIATICO RESIDENCES (TOWER 1),14.574483,120.983784,,11F,EE ROOM BUILDING A,MNL105P,,,,2019-10-04,ISP
MNL008 LP6 NP1,MNL008,LP6,NP1,MNL008 LP6,Adriatico Residences,MANILA,3,2,BARANGAY 669,,THE ADRIATICO RESIDENCES (TOWER 2),14.574483,120.983784,,6F,EE ROOM BUILDING A,MNL106P,,,,2019-10-04,ISP
MNL008 LP13 NP8,MNL008,LP13,NP8,MNL008 LP13,Adriatico Residences,MANILA,3,2,BARANGAY 669,,THE ADRIATICO RESIDENCES (TOWER 3),14.574483,120.983784,,23F,EE ROOM BUILDING A,MNL008,,,,2019-10-04,ISP
MNL008 LP11 NP3-4,MNL008,LP11,NP3-4,MNL008 LP11,Adriatico Residences,MANILA,3,2,BARANGAY 669,,THE ADRIATICO RESIDENCES (TOWER 3),14.574483,120.983784,,8F,EE ROOM BUILDING A,MNL008,,,,2019-10-04,ISP
MNL008 LP14 NP6-7,MNL008,LP14,NP6-7,MNL008 LP14,Adriatico Residences,MANILA,3,2,BARANGAY 669,,THE ADRIATICO RESIDENCES (TOWER 3),14.574483,120.983784,,28F,EE ROOM BUILDING A,MNL008,,,,2019-10-04,ISP
PSY002 LP7 NP7-8,PSY002,LP7,NP7-8,PSY002 LP7,Antel,MANILA,3,2,BARANGAY 669,,,14.57651,120.98792,,,,,,,16,2016-06-26,OSP
MNL034 LP223 NP3-4,MNL034,LP223,NP3-4,MNL034 LP223,Benitez,MANILA,3,2,BARANGAY 669,,,14.575427,120.986806,,,,,,,16,2021-02-18,OSP
MNL034 LP223 NP5-6,MNL034,LP223,NP5-6,MNL034 LP223,Benitez,MANILA,3,2,BARANGAY 669,,,14.575077,120.986031,,,,,,,16,2021-02-18,OSP
MNL034 LP231 NP3-4,MNL034,LP231,NP3-4,MNL034 LP231,Benitez,MANILA,3,2,BARANGAY 669,,,14.574746,120.985269,,,,,,,16,2021-02-18,OSP
MNL034 LP231 NP5-6,MNL034,LP231,NP5-6,MNL034 LP231,Benitez,MANILA,3,2,BARANGAY 669,,,14.574427,120.984503,,,,,,,16,2021-02-18,OSP
MNL034 LP263 NP1-2,MNL034,LP263,NP1-2,MNL034 LP263,Benitez,MANILA,3,2,BARANGAY 669,,,14.578063,120.982403,,,,,,,16,2021-07-27,OSP
MNL034 LP263 NP3-4,MNL034,LP263,NP3-4,MNL034 LP263,Benitez,MANILA,3,2,BARANGAY 669,,,14.577329,120.982992,,,,,,,16,2021-07-27,OSP
MNL001 LP3 NP5-6,MNL001,LP3,NP5-6,MNL001 LP3,Zen Tower,MANILA,3,2,BARANGAY 669,,,14.577992,120.982567,,,,,,,16,2015-07-22,OSP
MNL001 LP1 NP5-6,MNL001,LP1,NP5-6,MNL001 LP1,Zen Tower,MANILA,3,2,BARANGAY 669,,,14.574852,120.984937,,,,,,,16,2018-08-27,OSP
MNL001 LP4 NP3-4,MNL001,LP4,NP3-4,MNL001 LP4,Zen Tower,MANILA,3,2,BARANGAY 670,,,14.580849,120.982002,,,,,,,16,2015-07-22,OSP
MNL001 LP134 NP6,MNL001,LP134,NP6,MNL001 LP134,Zen Tower,MANILA,3,2,BARANGAY 670,,ROBINSONS PLACE RESIDENCES (TOWER 1),14.578321,120.983687,,35F,AUXILIARY ROOM,MNL107P,,,,2018-09-10,ISP
MNL001 LP133 NP8,MNL001,LP133,NP8,MNL001 LP133,Zen Tower,MANILA,3,2,BARANGAY 670,,ROBINSONS PLACE RESIDENCES (TOWER 1),14.578321,120.983687,MNL107P,29F,AUXILIARY ROOM,,,,,2018-09-10,ISP
MNL001 LP131 NP5,MNL001,LP131,NP5,MNL001 LP131,Zen Tower,MANILA,3,2,BARANGAY 670,,ROBINSONS PLACE RESIDENCES (TOWER 1),14.578321,120.983687,MNL107P,11F,AUXILIARY ROOM,,,,,2018-09-10,ISP
MNL001 LP131 NP4,MNL001,LP131,NP4,MNL001 LP131,Zen Tower,MANILA,3,2,BARANGAY 670,,ROBINSONS PLACE RESIDENCES (TOWER 1),14.578321,120.983687,MNL107P,10F,AUXILIARY ROOM,,,,,2018-09-10,ISP
MNL001 LP131 NP6,MNL001,LP131,NP6,MNL001 LP131,Zen Tower,MANILA,3,2,BARANGAY 670,,ROBINSONS PLACE RESIDENCES (TOWER 1),14.578321,120.983687,MNL107P,12F,AUXILIARY ROOM,,,,,2018-09-10,ISP
MNL001 LP136 NP3,MNL001,LP136,NP3,MNL001 LP136,Zen Tower,MANILA,3,2,BARANGAY 670,,ROBINSONS PLACE RESIDENCES (TOWER 2),14.578253,120.983276,,16F,AUXILIARY ROOM,MNL108P,,,,2018-09-10,ISP
MNL001 LP134 NP8,MNL001,LP134,NP8,MNL001 LP134,Zen Tower,MANILA,3,2,BARANGAY 670,,ROBINSONS PLACE RESIDENCES (TOWER 1),14.578321,120.983687,MNL107P,37F,AUXILIARY ROOM,,,,,2018-09-10,ISP
MNL001 LP132 NP5,MNL001,LP132,NP5,MNL001 LP132,Zen Tower,MANILA,3,2,BARANGAY 670,,ROBINSONS PLACE RESIDENCES (TOWER 1),14.578321,120.983687,,18F,AUXILIARY ROOM,MNL107P,,,,2018-09-10,ISP
MNL001 LP137 NP2,MNL001,LP137,NP2,MNL001 LP137,Zen Tower,MANILA,3,2,BARANGAY 670,,ROBINSONS PLACE RESIDENCES (TOWER 2),14.578253,120.983276,MNL108P,23F,AUXILIARY ROOM,,,,,2018-09-10,ISP
MNL001 LP132 NP7,MNL001,LP132,NP7,MNL001 LP132,Zen Tower,MANILA,3,2,BARANGAY 670,,ROBINSONS PLACE RESIDENCES (TOWER 1),14.578321,120.983687,MNL107P,20F,AUXILIARY ROOM,,,,,2018-09-10,ISP
MNL001 LP138 NP4,MNL001,LP138,NP4,MNL001 LP138,Zen Tower,MANILA,3,2,BARANGAY 670,,ROBINSONS PLACE RESIDENCES (TOWER 2),14.578253,120.983276,MNL108P,33F,AUXILIARY ROOM,,,,,2018-09-10,ISP
MNL001 LP134 NP7,MNL001,LP134,NP7,MNL001 LP134,Zen Tower,MANILA,3,2,BARANGAY 670,,ROBINSONS PLACE RESIDENCES (TOWER 1),14.578321,120.983687,,36F,AUXILIARY ROOM,MNL107P,,,,2018-09-10,ISP
MNL001 LP137 NP8,MNL001,LP137,NP8,MNL001 LP137,Zen Tower,MANILA,3,2,BARANGAY 670,,ROBINSONS PLACE RESIDENCES (TOWER 2),14.578253,120.983276,,29F,AUXILIARY ROOM,MNL108P,,,,2018-09-10,ISP
MNL001 LP135 NP5,MNL001,LP135,NP5,MNL001 LP135,Zen Tower,MANILA,3,2,BARANGAY 670,,ROBINSONS PLACE RESIDENCES (TOWER 2),14.578253,120.983276,MNL108P,11F,AUXILIARY ROOM,,,,,2018-09-10,ISP
MNL001 LP138 NP2,MNL001,LP138,NP2,MNL001 LP138,Zen Tower,MANILA,3,2,BARANGAY 670,,ROBINSONS PLACE RESIDENCES (TOWER 2),14.578253,120.983276,MNL108P,31F,AUXILIARY ROOM,,,,,2018-09-10,ISP
MNL001 LP133 NP2,MNL001,LP133,NP2,MNL001 LP133,Zen Tower,MANILA,3,2,BARANGAY 670,,ROBINSONS PLACE RESIDENCES (TOWER 1),14.578321,120.983687,MNL107P,23F,AUXILIARY ROOM,,,,,2018-09-10,ISP
MNL001 LP133 NP5,MNL001,LP133,NP5,MNL001 LP133,Zen Tower,MANILA,3,2,BARANGAY 670,,ROBINSONS PLACE RESIDENCES (TOWER 1),14.578321,120.983687,,26F,AUXILIARY ROOM,MNL107P,,,,2018-09-10,ISP
MNL001 LP138 NP7,MNL001,LP138,NP7,MNL001 LP138,Zen Tower,MANILA,3,2,BARANGAY 670,,ROBINSONS PLACE RESIDENCES (TOWER 2),14.578253,120.983276,MNL108P,36F,AUXILIARY ROOM,,,,,2018-09-10,ISP
MNL001 LP132 NP8,MNL001,LP132,NP8,MNL001 LP132,Zen Tower,MANILA,3,2,BARANGAY 670,,ROBINSONS PLACE RESIDENCES (TOWER 1),14.578321,120.983687,MNL107P,21F,AUXILIARY ROOM,,,,,2018-09-10,ISP
MNL001 LP137 NP6,MNL001,LP137,NP6,MNL001 LP137,Zen Tower,MANILA,3,2,BARANGAY 670,,ROBINSONS PLACE RESIDENCES (TOWER 2),14.578253,120.983276,MNL108P,27F,AUXILIARY ROOM,,,,,2018-09-10,ISP
MNL001 LP133 NP4,MNL001,LP133,NP4,MNL001 LP133,Zen Tower,MANILA,3,2,BARANGAY 670,,ROBINSONS PLACE RESIDENCES (TOWER 1),14.578321,120.983687,MNL107P,25F,AUXILIARY ROOM,,,,,2018-09-10,ISP
MNL001 LP134 NP2,MNL001,LP134,NP2,MNL001 LP134,Zen Tower,MANILA,3,2,BARANGAY 670,,ROBINSONS PLACE RESIDENCES (TOWER 1),14.578321,120.983687,MNL107P,31F,AUXILIARY ROOM,,,,,2018-09-10,ISP
MNL001 LP137 NP4,MNL001,LP137,NP4,MNL001 LP137,Zen Tower,MANILA,3,2,BARANGAY 670,,ROBINSONS PLACE RESIDENCES (TOWER 2),14.578253,120.983276,MNL108P,25F,AUXILIARY ROOM,,,,,2018-09-10,ISP
MNL001 LP135 NP4,MNL001,LP135,NP4,MNL001 LP135,Zen Tower,MANILA,3,2,BARANGAY 670,,ROBINSONS PLACE RESIDENCES (TOWER 2),14.578253,120.983276,,10F,AUXILIARY ROOM,MNL108P,,,,2018-09-10,ISP
MNL001 LP137 NP1,MNL001,LP137,NP1,MNL001 LP137,Zen Tower,MANILA,3,2,BARANGAY 670,,ROBINSONS PLACE RESIDENCES (TOWER 2),14.578253,120.983276,,22F,AUXILIARY ROOM,MNL108P,,,,2018-09-10,ISP
MNL001 LP137 NP3,MNL001,LP137,NP3,MNL001 LP137,Zen Tower,MANILA,3,2,BARANGAY 670,,ROBINSONS PLACE RESIDENCES (TOWER 2),14.578253,120.983276,MNL108P,24F,AUXILIARY ROOM,,,,,2018-09-10,ISP
MNL001 LP136 NP2,MNL001,LP136,NP2,MNL001 LP136,Zen Tower,MANILA,3,2,BARANGAY 670,,ROBINSONS PLACE RESIDENCES (TOWER 2),14.578253,120.983276,,15F,AUXILIARY ROOM,MNL108P,,,,2018-09-10,ISP
MNL001 LP132 NP1,MNL001,LP132,NP1,MNL001 LP132,Zen Tower,MANILA,3,2,BARANGAY 670,,ROBINSONS PLACE RESIDENCES (TOWER 1),14.578321,120.983687,MNL107P,14F,AUXILIARY ROOM,,,,,2018-09-10,ISP
MNL001 LP137 NP5,MNL001,LP137,NP5,MNL001 LP137,Zen Tower,MANILA,3,2,BARANGAY 670,,ROBINSONS PLACE RESIDENCES (TOWER 2),14.578253,120.983276,,26F,AUXILIARY ROOM,MNL108P,,,,2018-09-10,ISP
MNL001 LP133 NP3,MNL001,LP133,NP3,MNL001 LP133,Zen Tower,MANILA,3,2,BARANGAY 670,,ROBINSONS PLACE RESIDENCES (TOWER 1),14.578321,120.983687,MNL107P,24F,AUXILIARY ROOM,,,,,2018-09-10,ISP
MNL001 LP132 NP3,MNL001,LP132,NP3,MNL001 LP132,Zen Tower,MANILA,3,2,BARANGAY 670,,ROBINSONS PLACE RESIDENCES (TOWER 1),14.578321,120.983687,MNL107P,16F,AUXILIARY ROOM,,,,,2018-09-10,ISP
MNL001 LP136 NP4,MNL001,LP136,NP4,MNL001 LP136,Zen Tower,MANILA,3,2,BARANGAY 670,,ROBINSONS PLACE RESIDENCES (TOWER 2),14.578253,120.983276,,17F,AUXILIARY ROOM,MNL108P,,,,2018-09-10,ISP
MNL001 LP138 NP1,MNL001,LP138,NP1,MNL001 LP138,Zen Tower,MANILA,3,2,BARANGAY 670,,ROBINSONS PLACE RESIDENCES (TOWER 2),14.578253,120.983276,MNL108P,30F,AUXILIARY ROOM,,,,,2018-09-10,ISP
MNL001 LP136 NP8,MNL001,LP136,NP8,MNL001 LP136,Zen Tower,MANILA,3,2,BARANGAY 670,,ROBINSONS PLACE RESIDENCES (TOWER 2),14.578253,120.983276,MNL108P,21F,AUXILIARY ROOM,,,,,2018-09-10,ISP
MNL001 LP136 NP1,MNL001,LP136,NP1,MNL001 LP136,Zen Tower,MANILA,3,2,BARANGAY 670,,ROBINSONS PLACE RESIDENCES (TOWER 2),14.578253,120.983276,MNL108P,14F,AUXILIARY ROOM,,,,,2018-09-10,ISP
MNL001 LP132 NP6,MNL001,LP132,NP6,MNL001 LP132,Zen Tower,MANILA,3,2,BARANGAY 670,,ROBINSONS PLACE RESIDENCES (TOWER 1),14.578321,120.983687,,19F,AUXILIARY ROOM,MNL107P,,,,2018-09-10,ISP
MNL001 LP136 NP7,MNL001,LP136,NP7,MNL001 LP136,Zen Tower,MANILA,3,2,BARANGAY 670,,ROBINSONS PLACE RESIDENCES (TOWER 2),14.578253,120.983276,,20F,AUXILIARY ROOM,MNL108P,,,,2018-09-10,ISP
MNL001 LP134 NP5,MNL001,LP134,NP5,MNL001 LP134,Zen Tower,MANILA,3,2,BARANGAY 670,,ROBINSONS PLACE RESIDENCES (TOWER 1),14.578321,120.983687,MNL107P,34F,AUXILIARY ROOM,,,,,2018-09-10,ISP
MNL001 LP138 NP5,MNL001,LP138,NP5,MNL001 LP138,Zen Tower,MANILA,3,2,BARANGAY 670,,ROBINSONS PLACE RESIDENCES (TOWER 2),14.578253,120.983276,,34F,AUXILIARY ROOM,MNL108P,,,,2018-09-10,ISP
MNL001 LP135 NP3,MNL001,LP135,NP3,MNL001 LP135,Zen Tower,MANILA,3,2,BARANGAY 670,,ROBINSONS PLACE RESIDENCES (TOWER 2),14.578253,120.983276,,9F,AUXILIARY ROOM,MNL108P,,,,2018-09-10,ISP
MNL001 LP138 NP8,MNL001,LP138,NP8,MNL001 LP138,Zen Tower,MANILA,3,2,BARANGAY 670,,ROBINSONS PLACE RESIDENCES (TOWER 2),14.578253,120.983276,MNL108P,37F,AUXILIARY ROOM,,,,,2018-09-10,ISP
MNL001 LP136 NP6,MNL001,LP136,NP6,MNL001 LP136,Zen Tower,MANILA,3,2,BARANGAY 670,,ROBINSONS PLACE RESIDENCES (TOWER 2),14.578253,120.983276,MNL108P,19F,AUXILIARY ROOM,,,,,2018-09-10,ISP
MNL001 LP137 NP7,MNL001,LP137,NP7,MNL001 LP137,Zen Tower,MANILA,3,2,BARANGAY 670,,ROBINSONS PLACE RESIDENCES (TOWER 2),14.578253,120.983276,,28F,AUXILIARY ROOM,MNL108P,,,,2018-09-10,ISP
MNL001 LP134 NP1,MNL001,LP134,NP1,MNL001 LP134,Zen Tower,MANILA,3,2,BARANGAY 670,,ROBINSONS PLACE RESIDENCES (TOWER 1),14.578321,120.983687,,30F,AUXILIARY ROOM,MNL107P,,,,2018-09-10,ISP
MNL001 LP136 NP5,MNL001,LP136,NP5,MNL001 LP136,Zen Tower,MANILA,3,2,BARANGAY 670,,ROBINSONS PLACE RESIDENCES (TOWER 2),14.578253,120.983276,MNL108P,18F,AUXILIARY ROOM,,,,,2018-09-10,ISP
MNL001 LP132 NP4,MNL001,LP132,NP4,MNL001 LP132,Zen Tower,MANILA,3,2,BARANGAY 670,,ROBINSONS PLACE RESIDENCES (TOWER 1),14.578321,120.983687,MNL107P,17F,AUXILIARY ROOM,,,,,2018-09-10,ISP
MNL001 LP135 NP1-2,MNL001,LP135,NP1-2,MNL001 LP135,Zen Tower,MANILA,3,2,BARANGAY 670,,ROBINSONS PLACE RESIDENCES (TOWER 2),14.578253,120.983276,,8F,AUXILIARY ROOM,MNL108P,,,,2018-09-10,ISP
MNL001 LP134 NP3,MNL001,LP134,NP3,MNL001 LP134,Zen Tower,MANILA,3,2,BARANGAY 670,,ROBINSONS PLACE RESIDENCES (TOWER 1),14.578321,120.983687,MNL107P,32F,AUXILIARY ROOM,,,,,2018-09-10,ISP
MNL001 LP134 NP4,MNL001,LP134,NP4,MNL001 LP134,Zen Tower,MANILA,3,2,BARANGAY 670,,ROBINSONS PLACE RESIDENCES (TOWER 1),14.578321,120.983687,MNL107P,33F,AUXILIARY ROOM,,,,,2018-09-10,ISP
MNL001 LP135 NP6,MNL001,LP135,NP6,MNL001 LP135,Zen Tower,MANILA,3,2,BARANGAY 670,,ROBINSONS PLACE RESIDENCES (TOWER 2),14.578253,120.983276,MNL108P,12F,AUXILIARY ROOM,,,,,2018-09-10,ISP
MNL001 LP133 NP7,MNL001,LP133,NP7,MNL001 LP133,Zen Tower,MANILA,3,2,BARANGAY 670,,ROBINSONS PLACE RESIDENCES (TOWER 1),14.578321,120.983687,MNL107P,28F,AUXILIARY ROOM,,,,,2018-09-10,ISP
MNL001 LP131 NP1-2,MNL001,LP131,NP1-2,MNL001 LP131,Zen Tower,MANILA,3,2,BARANGAY 670,,ROBINSONS PLACE RESIDENCES (TOWER 1),14.578321,120.983687,,8F,AUXILIARY ROOM,MNL107P,,,,2018-09-10,ISP
MNL001 LP138 NP3,MNL001,LP138,NP3,MNL001 LP138,Zen Tower,MANILA,3,2,BARANGAY 670,,ROBINSONS PLACE RESIDENCES (TOWER 2),14.578253,120.983276,MNL108P,32F,AUXILIARY ROOM,,,,,2018-09-10,ISP
MNL001 LP131 NP3,MNL001,LP131,NP3,MNL001 LP131,Zen Tower,MANILA,3,2,BARANGAY 670,,ROBINSONS PLACE RESIDENCES (TOWER 1),14.578321,120.983687,MNL107P,9F,AUXILIARY ROOM,,,,,2018-09-10,ISP
MNL001 LP133 NP1,MNL001,LP133,NP1,MNL001 LP133,Zen Tower,MANILA,3,2,BARANGAY 670,,ROBINSONS PLACE RESIDENCES (TOWER 1),14.578321,120.983687,MNL107P,22F,AUXILIARY ROOM,,,,,2018-09-10,ISP
MNL001 LP132 NP2,MNL001,LP132,NP2,MNL001 LP132,Zen Tower,MANILA,3,2,BARANGAY 670,,ROBINSONS PLACE RESIDENCES (TOWER 1),14.578321,120.983687,,15F,AUXILIARY ROOM,MNL107P,,,,2018-09-10,ISP
MNL001 LP138 NP6,MNL001,LP138,NP6,MNL001 LP138,Zen Tower,MANILA,3,2,BARANGAY 670,,ROBINSONS PLACE RESIDENCES (TOWER 2),14.578253,120.983276,MNL108P,35F,AUXILIARY ROOM,,,,,2018-09-10,ISP
MNL001 LP133 NP6,MNL001,LP133,NP6,MNL001 LP133,Zen Tower,MANILA,3,2,BARANGAY 670,,ROBINSONS PLACE RESIDENCES (TOWER 1),14.578321,120.983687,,27F,AUXILIARY ROOM,MNL107P,,,,2018-09-10,ISP
MNL034 LP416 NP1-2,MNL034,LP416,NP1-2,MNL034 LP416,Benitez,MANILA,3,2,BARANGAY 671,,,14.581444,120.991735,,,,,,,16,2023-06-05,OSP
MNL034 LP416 NP6-8,MNL034,LP416,NP6-8,MNL034 LP416,Benitez,MANILA,3,2,BARANGAY 671,,,14.582064,120.99346,,,,,,,24,2023-06-05,OSP
MNL034 LP412 NP1-2,MNL034,LP412,NP1-2,MNL034 LP412,Benitez,MANILA,3,2,BARANGAY 671,,,14.580989,120.992013,,,,,,,16,2023-06-05,OSP
MNL004 LP307 NP3-4-5,MNL004,LP307,NP3-4-5,MNL004 LP307,Zamora Pandacan,MANILA,3,2,BARANGAY 671,,,14.580978,120.992006,,,,,,,24,2021-06-20,OSP
MNL004 LP307 NP6-7-8,MNL004,LP307,NP6-7-8,MNL004 LP307,Zamora Pandacan,MANILA,3,2,BARANGAY 671,,,14.581312,120.991888,,,,,,,24,2021-06-20,OSP
MNL004 LP309 NP1-2,MNL004,LP309,NP1-2,MNL004 LP309,Zamora Pandacan,MANILA,3,2,BARANGAY 671,,,14.581063,120.992577,,,,,,,16,2021-06-20,OSP
MNL004 LP309 NP3-4-5,MNL004,LP309,NP3-4-5,MNL004 LP309,Zamora Pandacan,MANILA,3,2,BARANGAY 671,,,14.581141,120.993097,,,,,,,24,2021-06-20,OSP
MNL004 LP309 NP6-7-8,MNL004,LP309,NP6-7-8,MNL004 LP309,Zamora Pandacan,MANILA,3,2,BARANGAY 671,,,14.581285,120.99399,,,,,,,24,2021-06-20,OSP
MNL004 LP310 NP1-2,MNL004,LP310,NP1-2,MNL004 LP310,Zamora Pandacan,MANILA,3,2,BARANGAY 671,,,14.581694,120.992706,,,,,,,16,2021-06-20,OSP
MNL004 LP310 NP3-4-5,MNL004,LP310,NP3-4-5,MNL004 LP310,Zamora Pandacan,MANILA,3,2,BARANGAY 671,,,14.58186,120.993074,,,,,,,24,2021-06-20,OSP
MNL004 LP310 NP6-7-8,MNL004,LP310,NP6-7-8,MNL004 LP310,Zamora Pandacan,MANILA,3,2,BARANGAY 671,,,14.582212,120.993612,,,,,,,24,2021-06-20,OSP
MNL001 LP366 NP3-4,MNL001,LP366,NP3-4,MNL001 LP366,Zen Tower,MANILA,3,2,BARANGAY 671,,,14.580981,120.992015,,,,,,,16,2020-07-16,OSP
MNL001 LP198 NP1-2,MNL001,LP198,NP1-2,MNL001 LP198,Zen Tower,MANILA,3,2,BARANGAY 671,,,14.58134358,120.9919022,,,,,,,16,2019-05-03,OSP
MNL001 LP198 NP3-4,MNL001,LP198,NP3-4,MNL001 LP198,Zen Tower,MANILA,3,2,BARANGAY 671,,,14.58156798,120.9923776,,,,,,,16,2019-05-03,OSP
MNL001 LP198 NP5-6,MNL001,LP198,NP5-6,MNL001 LP198,Zen Tower,MANILA,3,2,BARANGAY 671,,,14.58189705,120.9930892,,,,,,,16,2019-05-03,OSP
MNL001 LP198 NP7-8,MNL001,LP198,NP7-8,MNL001 LP198,Zen Tower,MANILA,3,2,BARANGAY 671,,,14.582148,120.993672,,,,,,,16,2020-10-06,OSP
MNL034 LP418 NP6-8,MNL034,LP418,NP6-8,MNL034 LP418,Benitez,MANILA,3,2,BARANGAY 672,,,14.582947,120.99303,,,,,,,24,2023-06-05,OSP
MNL034 LP416 NP3-5,MNL034,LP416,NP3-5,MNL034 LP416,Benitez,MANILA,3,2,BARANGAY 672,,,14.581877,120.99152,,,,,,,24,2023-06-05,OSP
MNL034 LP417 NP1-2,MNL034,LP417,NP1-2,MNL034 LP417,Benitez,MANILA,3,2,BARANGAY 672,,,14.581957,120.992189,,,,,,,16,2023-06-05,OSP
MNL034 LP417 NP3-5,MNL034,LP417,NP3-5,MNL034 LP417,Benitez,MANILA,3,2,BARANGAY 672,,,14.582458,120.991912,,,,,,,24,2023-06-05,OSP
MNL034 LP417 NP6-8,MNL034,LP417,NP6-8,MNL034 LP417,Benitez,MANILA,3,2,BARANGAY 672,,,14.582148,120.992544,,,,,,,24,2023-06-05,OSP
MNL034 LP418 NP1-2,MNL034,LP418,NP1-2,MNL034 LP418,Benitez,MANILA,3,2,BARANGAY 672,,,14.582422,120.992517,,,,,,,16,2023-06-05,OSP
MNL034 LP418 NP3-5,MNL034,LP418,NP3-5,MNL034 LP418,Benitez,MANILA,3,2,BARANGAY 672,,,14.582722,120.993017,,,,,,,24,2023-06-05,OSP
MNL004 LP304 NP3-4-5,MNL004,LP304,NP3-4-5,MNL004 LP304,Zamora Pandacan,MANILA,3,2,BARANGAY 672,,,14.582324,120.990636,,,,,,,24,2021-06-20,OSP
MNL004 LP311 NP1-2,MNL004,LP311,NP1-2,MNL004 LP311,Zamora Pandacan,MANILA,3,2,BARANGAY 672,,,14.581584,120.991722,,,,,,,16,2021-06-20,OSP
MNL004 LP311 NP3-4-5,MNL004,LP311,NP3-4-5,MNL004 LP311,Zamora Pandacan,MANILA,3,2,BARANGAY 672,,,14.582406,120.991109,,,,,,,24,2021-06-20,OSP