Box Name,OLT,LCP,NAP,LCP Name,Node Name,Municipality,Cluster,Sector,Barangay,Subdivision,Building Name,Latitude,Longitude,Parent Site,Parent Floor,Parent Room,Additional Details,Remarks,Landmark,Capacity,Installation Date,OSP / ISP
MNL035 LP505 NP1-2,MNL035,LP505,NP1-2,MNL035 LP505,Pureza (Legarda / Lacson),MANILA,3,1,BARANGAY 530,,,14.615903,121.00047,,,,,,,16,2023-04-30,OSP
MNL035 LP49 NP3-4,MNL035,LP49,NP3-4,MNL035 LP49,Pureza (Legarda / Lacson),MANILA,3,1,BARANGAY 530,,,14.616521,121.00155,,,,,,,16,2021-04-28,OSP
MNL035 LP49 NP5-6,MNL035,LP49,NP5-6,MNL035 LP49,Pureza (Legarda / Lacson),MANILA,3,1,BARANGAY 530,,,14.616114,121.001351,,,,,,,16,2021-04-28,OSP
MNL035 LP49 NP7-8,MNL035,LP49,NP7-8,MNL035 LP49,Pureza (Legarda / Lacson),MANILA,3,1,BARANGAY 530,,,14.61632,121.0009,,,,,,,16,2021-04-28,OSP
MNL035 LP505 NP3-4,MNL035,LP505,NP3-4,MNL035 LP505,Pureza (Legarda / Lacson),MANILA,3,1,BARANGAY 530,,,14.615903,121.00047,,,,,,,16,2023-04-30,OSP
MNL035 LP505 NP7-8,MNL035,LP505,NP7-8,MNL035 LP505,Pureza (Legarda / Lacson),MANILA,3,1,BARANGAY 530,,,14.615736,121.0009,,,,,,,16,2023-04-30,OSP
MNL035 LP506 NP1-2,MNL035,LP506,NP1-2,MNL035 LP506,Pureza (Legarda / Lacson),MANILA,3,1,BARANGAY 530,,,14.615574,121.00131,,,,,,,16,2023-04-30,OSP
MNL035 LP506 NP3-4,MNL035,LP506,NP3-4,MNL035 LP506,Pureza (Legarda / Lacson),MANILA,3,1,BARANGAY 530,,,14.615312,121.00134,,,,,,,16,2023-04-30,OSP
MNL035 LP51 NP1-2,MNL035,LP51,NP1-2,MNL035 LP51,Pureza (Legarda / Lacson),MANILA,3,1,BARANGAY 530,,,14.615624,121.001273,,,,,,,16,2021-04-28,OSP
MNL035 LP51 NP6-7-8,MNL035,LP51,NP6-7-8,MNL035 LP51,Pureza (Legarda / Lacson),MANILA,3,1,BARANGAY 530,,,14.615886,121.000404,,,,,,,24,2021-04-28,OSP
MNL002 LP105 NP3-4,MNL002,LP105,NP3-4,MNL002 LP105,Don Quintos,MANILA,3,1,BARANGAY 531,,,14.615318,121.002038,,,,,,,16,2018-05-10,OSP
MNL002 LP105 NP5-6,MNL002,LP105,NP5-6,MNL002 LP105,Don Quintos,MANILA,3,1,BARANGAY 531,,,14.61496,121.002837,,,,,,,16,2018-05-10,OSP
MNL002 LP103 NP1-2,MNL002,LP103,NP1-2,MNL002 LP103,Don Quintos,MANILA,3,1,BARANGAY 531,,,14.61482,121.003647,,,,,,,16,2018-05-10,OSP
MNL002 LP103 NP3-4,MNL002,LP103,NP3-4,MNL002 LP103,Don Quintos,MANILA,3,1,BARANGAY 531,,,14.615538,121.002741,,,,,,,16,2018-05-10,OSP
MNL002 LP103 NP5-6,MNL002,LP103,NP5-6,MNL002 LP103,Don Quintos,MANILA,3,1,BARANGAY 531,,,14.616065,121.002053,,,,,,,16,2018-05-10,OSP
MNL002 LP103 NP7-8,MNL002,LP103,NP7-8,MNL002 LP103,Don Quintos,MANILA,3,1,BARANGAY 531,,,14.61547,121.001774,,,,,,,16,2020-08-05,OSP
MNL002 LP347 NP3-4,MNL002,LP347,NP3-4,MNL002 LP347,Don Quintos,MANILA,3,1,BARANGAY 531,,,14.614458,121.003539,,,,,,,16,2020-03-16,OSP
MNL035 LP47 NP1-2,MNL035,LP47,NP1-2,MNL035 LP47,Pureza (Legarda / Lacson),MANILA,3,1,BARANGAY 531,,,14.614892,121.002911,,,,,,,16,2021-04-28,OSP
MNL035 LP47 NP3-4-5,MNL035,LP47,NP3-4-5,MNL035 LP47,Pureza (Legarda / Lacson),MANILA,3,1,BARANGAY 531,,,14.614821,121.003139,,,,,,,24,2021-04-28,OSP
MNL035 LP47 NP6-7-8,MNL035,LP47,NP6-7-8,MNL035 LP47,Pureza (Legarda / Lacson),MANILA,3,1,BARANGAY 531,,,14.615092,121.003377,,,,,,,24,2021-04-28,OSP
MNL035 LP48 NP1-2,MNL035,LP48,NP1-2,MNL035 LP48,Pureza (Legarda / Lacson),MANILA,3,1,BARANGAY 531,,,14.615317,121.0031,,,,,,,16,2021-04-28,OSP
MNL035 LP48 NP3-4-5,MNL035,LP48,NP3-4-5,MNL035 LP48,Pureza (Legarda / Lacson),MANILA,3,1,BARANGAY 531,,,14.615566,121.002766,,,,,,,24,2021-04-28,OSP
MNL035 LP48 NP6-7-8,MNL035,LP48,NP6-7-8,MNL035 LP48,Pureza (Legarda / Lacson),MANILA,3,1,BARANGAY 531,,,14.615821,121.002429,,,,,,,24,2021-04-28,OSP
MNL035 LP494 NP5-6,MNL035,LP494,NP5-6,MNL035 LP494,Pureza (Legarda / Lacson),MANILA,3,1,BARANGAY 531,,,14.614409,121.00349,,,,,,,16,2023-04-30,OSP
MNL035 LP494 NP7-8,MNL035,LP494,NP7-8,MNL035 LP494,Pureza (Legarda / Lacson),MANILA,3,1,BARANGAY 531,,,14.614409,121.00349,,,,,,,16,2023-04-30,OSP
MNL035 LP495 NP1-2,MNL035,LP495,NP1-2,MNL035 LP495,Pureza (Legarda / Lacson),MANILA,3,1,BARANGAY 531,,,14.614632,121.00362,,,,,,,16,2023-04-30,OSP
MNL035 LP495 NP3-4,MNL035,LP495,NP3-4,MNL035 LP495,Pureza (Legarda / Lacson),MANILA,3,1,BARANGAY 531,,,14.614632,121.00362,,,,,,,16,2023-04-30,OSP
MNL035 LP495 NP5-6,MNL035,LP495,NP5-6,MNL035 LP495,Pureza (Legarda / Lacson),MANILA,3,1,BARANGAY 531,,,14.614763,121.00371,,,,,,,16,2023-04-30,OSP
MNL035 LP495 NP7-8,MNL035,LP495,NP7-8,MNL035 LP495,Pureza (Legarda / Lacson),MANILA,3,1,BARANGAY 531,,,14.614763,121.00371,,,,,,,16,2023-04-30,OSP
MNL035 LP496 NP1-2,MNL035,LP496,NP1-2,MNL035 LP496,Pureza (Legarda / Lacson),MANILA,3,1,BARANGAY 531,,,14.614922,121.00355,,,,,,,16,2023-04-30,OSP
MNL035 LP496 NP3-4,MNL035,LP496,NP3-4,MNL035 LP496,Pureza (Legarda / Lacson),MANILA,3,1,BARANGAY 531,,,14.614922,121.00355,,,,,,,16,2023-04-30,OSP
MNL035 LP496 NP5-6,MNL035,LP496,NP5-6,MNL035 LP496,Pureza (Legarda / Lacson),MANILA,3,1,BARANGAY 531,,,14.615187,121.00329,,,,,,,16,2023-04-30,OSP
MNL035 LP496 NP7-8,MNL035,LP496,NP7-8,MNL035 LP496,Pureza (Legarda / Lacson),MANILA,3,1,BARANGAY 531,,,14.615187,121.00329,,,,,,,16,2023-04-30,OSP
MNL035 LP497 NP1-2,MNL035,LP497,NP1-2,MNL035 LP497,Pureza (Legarda / Lacson),MANILA,3,1,BARANGAY 531,,,14.615519,121.00279,,,,,,,16,2023-04-30,OSP
MNL035 LP497 NP3-4,MNL035,LP497,NP3-4,MNL035 LP497,Pureza (Legarda / Lacson),MANILA,3,1,BARANGAY 531,,,14.615519,121.00279,,,,,,,16,2023-04-30,OSP
MNL035 LP497 NP5-6,MNL035,LP497,NP5-6,MNL035 LP497,Pureza (Legarda / Lacson),MANILA,3,1,BARANGAY 531,,,14.615603,121.00269,,,,,,,16,2023-04-30,OSP
MNL035 LP497 NP7-8,MNL035,LP497,NP7-8,MNL035 LP497,Pureza (Legarda / Lacson),MANILA,3,1,BARANGAY 531,,,14.615603,121.00269,,,,,,,16,2023-04-30,OSP
MNL035 LP498 NP1-2,MNL035,LP498,NP1-2,MNL035 LP498,Pureza (Legarda / Lacson),MANILA,3,1,BARANGAY 531,,,14.61581,121.00245,,,,,,,16,2023-04-30,OSP
MNL035 LP498 NP3-4,MNL035,LP498,NP3-4,MNL035 LP498,Pureza (Legarda / Lacson),MANILA,3,1,BARANGAY 531,,,14.61581,121.00245,,,,,,,16,2023-04-30,OSP
MNL035 LP404 NP1-2,MNL035,LP404,NP1-2,MNL035 LP404,Pureza (Legarda / Lacson),MANILA,3,1,BARANGAY 531,,,14.614481,121.003547,,,,,,,16,2021-05-02,OSP
MNL035 LP404 NP3-4-5,MNL035,LP404,NP3-4-5,MNL035 LP404,Pureza (Legarda / Lacson),MANILA,3,1,BARANGAY 531,,,14.614784,121.003779,,,,,,,24,2021-05-02,OSP
MNL035 LP498 NP5-6,MNL035,LP498,NP5-6,MNL035 LP498,Pureza (Legarda / Lacson),MANILA,3,1,BARANGAY 531,,,14.615977,121.00226,,,,,,,16,2023-04-30,OSP
MNL035 LP498 NP7-8,MNL035,LP498,NP7-8,MNL035 LP498,Pureza (Legarda / Lacson),MANILA,3,1,BARANGAY 531,,,14.615977,121.00226,,,,,,,16,2023-04-30,OSP
MNL035 LP499 NP1-2,MNL035,LP499,NP1-2,MNL035 LP499,Pureza (Legarda / Lacson),MANILA,3,1,BARANGAY 531,,,14.614796,121.00308,,,,,,,16,2023-04-30,OSP
MNL035 LP499 NP3-4,MNL035,LP499,NP3-4,MNL035 LP499,Pureza (Legarda / Lacson),MANILA,3,1,BARANGAY 531,,,14.615277,121.00243,,,,,,,16,2023-04-30,OSP
MNL035 LP499 NP5-6,MNL035,LP499,NP5-6,MNL035 LP499,Pureza (Legarda / Lacson),MANILA,3,1,BARANGAY 531,,,14.615277,121.00243,,,,,,,16,2023-04-30,OSP
MNL035 LP499 NP7-8,MNL035,LP499,NP7-8,MNL035 LP499,Pureza (Legarda / Lacson),MANILA,3,1,BARANGAY 531,,,14.615361,121.00217,,,,,,,16,2023-04-30,OSP
MNL035 LP50 NP1-2,MNL035,LP50,NP1-2,MNL035 LP50,Pureza (Legarda / Lacson),MANILA,3,1,BARANGAY 531,,,14.615227,121.002598,,,,,,,16,2021-04-28,OSP
MNL035 LP50 NP3-4-5,MNL035,LP50,NP3-4-5,MNL035 LP50,Pureza (Legarda / Lacson),MANILA,3,1,BARANGAY 531,,,14.615404,121.002024,,,,,,,24,2021-04-28,OSP
MNL035 LP50 NP6-7-8,MNL035,LP50,NP6-7-8,MNL035 LP50,Pureza (Legarda / Lacson),MANILA,3,1,BARANGAY 531,,,14.615475,121.001766,,,,,,,24,2021-04-28,OSP
MNL035 LP500 NP1-2,MNL035,LP500,NP1-2,MNL035 LP500,Pureza (Legarda / Lacson),MANILA,3,1,BARANGAY 531,,,14.615431,121.00192,,,,,,,16,2023-04-30,OSP
MNL035 LP500 NP3-4,MNL035,LP500,NP3-4,MNL035 LP500,Pureza (Legarda / Lacson),MANILA,3,1,BARANGAY 531,,,14.615866,121.00192,,,,,,,16,2023-04-30,OSP
MNL035 LP500 NP5-6,MNL035,LP500,NP5-6,MNL035 LP500,Pureza (Legarda / Lacson),MANILA,3,1,BARANGAY 531,,,14.616122,121.00207,,,,,,,16,2023-04-30,OSP
MNL035 LP500 NP7-8,MNL035,LP500,NP7-8,MNL035 LP500,Pureza (Legarda / Lacson),MANILA,3,1,BARANGAY 531,,,14.616122,121.00207,,,,,,,16,2023-04-30,OSP
MNL035 LP49 NP1-2,MNL035,LP49,NP1-2,MNL035 LP49,Pureza (Legarda / Lacson),MANILA,3,1,BARANGAY 531,,,14.616139,121.002027,,,,,,,16,2021-04-28,OSP
MNL035 LP510 NP7-8,MNL035,LP510,NP7-8,MNL035 LP510,Pureza (Legarda / Lacson),MANILA,3,1,BARANGAY 531,,,14.615021,121.00226,,,,,,,16,2023-04-30,OSP
MNL035 LP512 NP3-4,MNL035,LP512,NP3-4,MNL035 LP512,Pureza (Legarda / Lacson),MANILA,3,1,BARANGAY 531,,,14.614871,121.00291,,,,,,,16,2023-04-30,OSP
MNL002 LP100 NP7-8,MNL002,LP100,NP7-8,MNL002 LP100,Don Quintos,MANILA,3,1,BARANGAY 532,,,14.612382,121.002016,,,,,,,16,2018-05-10,OSP
MNL002 LP350 NP5-6,MNL002,LP350,NP5-6,MNL002 LP350,Don Quintos,MANILA,3,1,BARANGAY 532,,,14.612625,121.00134,,,,,,,16,2020-03-16,OSP
MNL002 LP350 NP7-8,MNL002,LP350,NP7-8,MNL002 LP350,Don Quintos,MANILA,3,1,BARANGAY 532,,,14.612864,121.001592,,,,,,,16,2020-03-16,OSP
MNL002 LP351 NP1-2,MNL002,LP351,NP1-2,MNL002 LP351,Don Quintos,MANILA,3,1,BARANGAY 532,,,14.61242,121.001712,,,,,,,16,2020-03-16,OSP
MNL002 LP351 NP7-8,MNL002,LP351,NP7-8,MNL002 LP351,Don Quintos,MANILA,3,1,BARANGAY 532,,,14.61309,121.001884,,,,,,,16,2020-03-16,OSP
MNL035 LP519 NP1-2,MNL035,LP519,NP1-2,MNL035 LP519,Pureza (Legarda / Lacson),MANILA,3,1,BARANGAY 532,,,14.61312,121.00185,,,,,,,16,2023-04-30,OSP
MNL035 LP519 NP3-4,MNL035,LP519,NP3-4,MNL035 LP519,Pureza (Legarda / Lacson),MANILA,3,1,BARANGAY 532,,,14.612413,121.00203,,,,,,,16,2023-04-30,OSP
MNL035 LP519 NP5-6,MNL035,LP519,NP5-6,MNL035 LP519,Pureza (Legarda / Lacson),MANILA,3,1,BARANGAY 532,,,14.612791,121.00159,,,,,,,16,2023-04-30,OSP
MNL035 LP519 NP7-8,MNL035,LP519,NP7-8,MNL035 LP519,Pureza (Legarda / Lacson),MANILA,3,1,BARANGAY 532,,,14.613039,121.00154,,,,,,,16,2023-04-30,OSP
MNL035 LP520 NP1-2,MNL035,LP520,NP1-2,MNL035 LP520,Pureza (Legarda / Lacson),MANILA,3,1,BARANGAY 532,,,14.613192,121.00149,,,,,,,16,2023-04-30,OSP
MNL035 LP520 NP5-6,MNL035,LP520,NP5-6,MNL035 LP520,Pureza (Legarda / Lacson),MANILA,3,1,BARANGAY 532,,,14.61329,121.00105,,,,,,,16,2023-04-30,OSP
MNL035 LP520 NP7-8,MNL035,LP520,NP7-8,MNL035 LP520,Pureza (Legarda / Lacson),MANILA,3,1,BARANGAY 532,,,14.612688,121.00128,,,,,,,16,2023-04-30,OSP
MNL035 LP206 NP1-2,MNL035,LP206,NP1-2,MNL035 LP206,Pureza (Legarda / Lacson),MANILA,3,1,BARANGAY 532,,,14.612449,121.002025,,,,,,,16,2021-04-28,OSP
MNL035 LP207 NP3-4,MNL035,LP207,NP3-4,MNL035 LP207,Pureza (Legarda / Lacson),MANILA,3,1,BARANGAY 532,,,14.612877,121.001237,,,,,,,16,2021-04-28,OSP
MNL035 LP207 NP5-6,MNL035,LP207,NP5-6,MNL035 LP207,Pureza (Legarda / Lacson),MANILA,3,1,BARANGAY 532,,,14.612353,121.001101,,,,,,,16,2021-04-28,OSP
MNL002 LP100 NP5-6,MNL002,LP100,NP5-6,MNL002 LP100,Don Quintos,MANILA,3,1,BARANGAY 533,,,14.612472,121.002342,,,,,,,16,2018-05-10,OSP
MNL002 LP100 NP1-2,MNL002,LP100,NP1-2,MNL002 LP100,Don Quintos,MANILA,3,1,BARANGAY 533,,,14.612711,121.002957,,,,,,,16,2018-05-10,OSP
MNL002 LP100 NP3-4,MNL002,LP100,NP3-4,MNL002 LP100,Don Quintos,MANILA,3,1,BARANGAY 533,,,14.612574,121.002652,,,,,,,16,2018-05-10,OSP
MNL002 LP352 NP3-4,MNL002,LP352,NP3-4,MNL002 LP352,Don Quintos,MANILA,3,1,BARANGAY 533,,,14.612577,121.002352,,,,,,,16,2020-03-16,OSP
MNL002 LP353 NP1-2,MNL002,LP353,NP1-2,MNL002 LP353,Don Quintos,MANILA,3,1,BARANGAY 533,,,14.61287,121.002568,,,,,,,16,2020-03-16,OSP
MNL002 LP353 NP3-4,MNL002,LP353,NP3-4,MNL002 LP353,Don Quintos,MANILA,3,1,BARANGAY 533,,,14.613112,121.002824,,,,,,,16,2020-03-16,OSP
MNL002 LP346 NP7-8,MNL002,LP346,NP7-8,MNL002 LP346,Don Quintos,MANILA,3,1,BARANGAY 533,,,14.613272,121.00307,,,,,,,16,2020-03-16,OSP
MNL002 LP347 NP1-2,MNL002,LP347,NP1-2,MNL002 LP347,Don Quintos,MANILA,3,1,BARANGAY 533,,,14.61363,121.002923,,,,,,,16,2020-03-16,OSP
MNL002 LP346 NP5-6,MNL002,LP346,NP5-6,MNL002 LP346,Don Quintos,MANILA,3,1,BARANGAY 533,,,14.612945,121.003205,,,,,,,16,2020-03-16,OSP
MNL035 LP517 NP7-8,MNL035,LP517,NP7-8,MNL035 LP517,Pureza (Legarda / Lacson),MANILA,3,1,BARANGAY 533,,,14.612497,121.00236,,,,,,,16,2023-04-30,OSP
MNL035 LP518 NP1-2,MNL035,LP518,NP1-2,MNL035 LP518,Pureza (Legarda / Lacson),MANILA,3,1,BARANGAY 533,,,14.612898,121.00224,,,,,,,16,2023-04-30,OSP
MNL035 LP518 NP3-4,MNL035,LP518,NP3-4,MNL035 LP518,Pureza (Legarda / Lacson),MANILA,3,1,BARANGAY 533,,,14.613183,121.00219,,,,,,,16,2023-04-30,OSP
MNL035 LP202 NP3-4-5,MNL035,LP202,NP3-4-5,MNL035 LP202,Pureza (Legarda / Lacson),MANILA,3,1,BARANGAY 533,,,14.612789,121.002948,,,,,,,24,2021-04-28,OSP
MNL035 LP202 NP6-7-8,MNL035,LP202,NP6-7-8,MNL035 LP202,Pureza (Legarda / Lacson),MANILA,3,1,BARANGAY 533,,,14.612839,121.00326,,,,,,,24,2021-04-28,OSP
MNL035 LP204 NP3-4-5,MNL035,LP204,NP3-4-5,MNL035 LP204,Pureza (Legarda / Lacson),MANILA,3,1,BARANGAY 533,,,14.612663,121.002633,,,,,,,24,2021-04-28,OSP
MNL035 LP205 NP1-2,MNL035,LP205,NP1-2,MNL035 LP205,Pureza (Legarda / Lacson),MANILA,3,1,BARANGAY 533,,,14.612743,121.00229,,,,,,,16,2021-04-28,OSP
MNL035 LP515 NP5-6,MNL035,LP515,NP5-6,MNL035 LP515,Pureza (Legarda / Lacson),MANILA,3,1,BARANGAY 533,,,14.613101,121.0028,,,,,,,16,2023-04-30,OSP
MNL035 LP515 NP7-8,MNL035,LP515,NP7-8,MNL035 LP515,Pureza (Legarda / Lacson),MANILA,3,1,BARANGAY 533,,,14.612862,121.00289,,,,,,,16,2023-04-30,OSP
MNL035 LP516 NP1-2,MNL035,LP516,NP1-2,MNL035 LP516,Pureza (Legarda / Lacson),MANILA,3,1,BARANGAY 533,,,14.612747,121.00296,,,,,,,16,2023-04-30,OSP
MNL035 LP516 NP5-6,MNL035,LP516,NP5-6,MNL035 LP516,Pureza (Legarda / Lacson),MANILA,3,1,BARANGAY 533,,,14.612962,121.00324,,,,,,,16,2023-04-30,OSP
MNL035 LP516 NP7-8,MNL035,LP516,NP7-8,MNL035 LP516,Pureza (Legarda / Lacson),MANILA,3,1,BARANGAY 533,,,14.613296,121.00305,,,,,,,16,2023-04-30,OSP
MNL035 LP517 NP1-2,MNL035,LP517,NP1-2,MNL035 LP517,Pureza (Legarda / Lacson),MANILA,3,1,BARANGAY 533,,,14.612602,121.00266,,,,,,,16,2023-04-30,OSP
MNL035 LP517 NP3-4,MNL035,LP517,NP3-4,MNL035 LP517,Pureza (Legarda / Lacson),MANILA,3,1,BARANGAY 533,,,14.612915,121.00251,,,,,,,16,2023-04-30,OSP
MNL035 LP517 NP5-6,MNL035,LP517,NP5-6,MNL035 LP517,Pureza (Legarda / Lacson),MANILA,3,1,BARANGAY 533,,,14.613212,121.0024,,,,,,,16,2023-04-30,OSP
MNL035 LP12 NP1-2,MNL035,LP12,NP1-2,MNL035 LP12,Pureza (Legarda / Lacson),MANILA,3,1,BARANGAY 533,,,14.61327,121.003082,,,,,,,16,2021-04-28,OSP
MNL035 LP12 NP3-4,MNL035,LP12,NP3-4,MNL035 LP12,Pureza (Legarda / Lacson),MANILA,3,1,BARANGAY 533,,,14.613646,121.00292,,,,,,,16,2021-04-28,OSP
MNL002 LP108 NP1-2,MNL002,LP108,NP1-2,MNL002 LP108,Don Quintos,MANILA,3,1,BARANGAY 534,,,14.611468,121.002973,,,,,,,16,2018-05-10,OSP
MNL002 LP352 NP7-8,MNL002,LP352,NP7-8,MNL002 LP352,Don Quintos,MANILA,3,1,BARANGAY 534,,,14.612184,121.002847,,,,,,,16,2020-03-16,OSP
MNL002 LP353 NP5-6,MNL002,LP353,NP5-6,MNL002 LP353,Don Quintos,MANILA,3,1,BARANGAY 534,,,14.612392,121.003104,,,,,,,16,2020-03-16,OSP
MNL002 LP353 NP7-8,MNL002,LP353,NP7-8,MNL002 LP353,Don Quintos,MANILA,3,1,BARANGAY 534,,,14.612023,121.003201,,,,,,,16,2020-08-27,OSP
MNL002 LP99 NP1-2,MNL002,LP99,NP1-2,MNL002 LP99,Don Quintos,MANILA,3,1,BARANGAY 534,,,14.611629,121.003352,,,,,,,16,2018-05-10,OSP
MNL002 LP99 NP3-4,MNL002,LP99,NP3-4,MNL002 LP99,Don Quintos,MANILA,3,1,BARANGAY 534,,,14.612039,121.004009,,,,,,,16,2018-05-10,OSP
MNL002 LP99 NP5-6,MNL002,LP99,NP5-6,MNL002 LP99,Don Quintos,MANILA,3,1,BARANGAY 534,,,14.612362,121.00365,,,,,,,16,2018-05-10,OSP
MNL002 LP346 NP1-2,MNL002,LP346,NP1-2,MNL002 LP346,Don Quintos,MANILA,3,1,BARANGAY 534,,,14.612336,121.003598,,,,,,,16,2020-03-16,OSP
MNL002 LP346 NP3-4,MNL002,LP346,NP3-4,MNL002 LP346,Don Quintos,MANILA,3,1,BARANGAY 534,,,14.612508,121.003442,,,,,,,16,2020-03-16,OSP
MNL002 LP342 NP1-2,MNL002,LP342,NP1-2,MNL002 LP342,Don Quintos,MANILA,3,1,BARANGAY 534,,,14.611853,121.003639,,,,,,,16,2020-03-16,OSP
MNL002 LP342 NP3-4,MNL002,LP342,NP3-4,MNL002 LP342,Don Quintos,MANILA,3,1,BARANGAY 534,,,14.612056,121.003956,,,,,,,16,2020-03-16,OSP
MNL035 LP203 NP1-2,MNL035,LP203,NP1-2,MNL035 LP203,Pureza (Legarda / Lacson),MANILA,3,1,BARANGAY 534,,,14.612201,121.003154,,,,,,,16,2021-04-28,OSP
MNL035 LP203 NP3-4,MNL035,LP203,NP3-4,MNL035 LP203,Pureza (Legarda / Lacson),MANILA,3,1,BARANGAY 534,,,14.611671,121.003321,,,,,,,16,2021-04-28,OSP
MNL035 LP203 NP5-6,MNL035,LP203,NP5-6,MNL035 LP203,Pureza (Legarda / Lacson),MANILA,3,1,BARANGAY 534,,,14.611867,121.003638,,,,,,,16,2021-04-28,OSP
MNL035 LP204 NP1-2,MNL035,LP204,NP1-2,MNL035 LP204,Pureza (Legarda / Lacson),MANILA,3,1,BARANGAY 534,,,14.611841,121.002915,,,,,,,16,2021-04-28,OSP
MNL035 LP205 NP3-4-5,MNL035,LP205,NP3-4-5,MNL035 LP205,Pureza (Legarda / Lacson),MANILA,3,1,BARANGAY 534,,,14.612182,121.002463,,,,,,,24,2021-04-28,OSP
MNL035 LP516 NP3-4,MNL035,LP516,NP3-4,MNL035 LP516,Pureza (Legarda / Lacson),MANILA,3,1,BARANGAY 534,,,14.612819,121.00329,,,,,,,16,2023-04-30,OSP
MNL035 LP11 NP5-6,MNL035,LP11,NP5-6,MNL035 LP11,Pureza (Legarda / Lacson),MANILA,3,1,BARANGAY 534,,,14.612071,121.003954,,,,,,,16,2021-04-28,OSP
MNL035 LP11 NP7-8,MNL035,LP11,NP7-8,MNL035 LP11,Pureza (Legarda / Lacson),MANILA,3,1,BARANGAY 534,,,14.612337,121.003605,,,,,,,16,2021-04-28,OSP
MNL002 LP108 NP3-4,MNL002,LP108,NP3-4,MNL002 LP108,Don Quintos,MANILA,3,1,BARANGAY 535,,,14.611396,121.002686,,,,,,,16,2018-05-10,OSP
MNL002 LP108 NP5-6,MNL002,LP108,NP5-6,MNL002 LP108,Don Quintos,MANILA,3,1,BARANGAY 535,,,14.611307,121.002373,,,,,,,16,2018-05-10,OSP
MNL002 LP109 NP3-4,MNL002,LP109,NP3-4,MNL002 LP109,Don Quintos,MANILA,3,1,BARANGAY 535,,,14.612047,121.001381,,,,,,,16,2018-05-10,OSP
MNL002 LP351 NP3-4,MNL002,LP351,NP3-4,MNL002 LP351,Don Quintos,MANILA,3,1,BARANGAY 535,,,14.611659,121.001913,,,,,,,16,2020-03-16,OSP
MNL002 LP351 NP5-6,MNL002,LP351,NP5-6,MNL002 LP351,Don Quintos,MANILA,3,1,BARANGAY 535,,,14.61186,121.002256,,,,,,,16,2020-03-16,OSP
MNL002 LP352 NP5-6,MNL002,LP352,NP5-6,MNL002 LP352,Don Quintos,MANILA,3,1,BARANGAY 535,,,14.611945,121.002567,,,,,,,16,2020-03-16,OSP
MNL002 LP9 NP1-2,MNL002,LP9,NP1-2,MNL002 LP9,Don Quintos,MANILA,3,1,BARANGAY 535,,,14.611206,121.001871,,,,,,,16,2017-02-12,OSP
MNL002 LP313 NP1-2,MNL002,LP313,NP1-2,MNL002 LP313,Don Quintos,MANILA,3,1,BARANGAY 535,,,14.611209,121.001904,,,,,,,16,2019-12-26,OSP
MNL035 LP522 NP1-2,MNL035,LP522,NP1-2,MNL035 LP522,Pureza (Legarda / Lacson),MANILA,3,1,BARANGAY 535,,,14.61216,121.00137,,,,,,,16,2023-04-30,OSP
MNL035 LP205 NP6-7-8,MNL035,LP205,NP6-7-8,MNL035 LP205,Pureza (Legarda / Lacson),MANILA,3,1,BARANGAY 535,,,14.611578,121.002338,,,,,,,24,2021-04-28,OSP
MNL035 LP206 NP3-4,MNL035,LP206,NP3-4,MNL035 LP206,Pureza (Legarda / Lacson),MANILA,3,1,BARANGAY 535,,,14.61215,121.001761,,,,,,,16,2021-04-28,OSP
MNL035 LP206 NP5-6,MNL035,LP206,NP5-6,MNL035 LP206,Pureza (Legarda / Lacson),MANILA,3,1,BARANGAY 535,,,14.611297,121.002051,,,,,,,16,2021-04-28,OSP
MNL035 LP207 NP1-2,MNL035,LP207,NP1-2,MNL035 LP207,Pureza (Legarda / Lacson),MANILA,3,1,BARANGAY 535,,,14.612137,121.001394,,,,,,,16,2021-04-28,OSP
MNL002 LP99 NP7-8,MNL002,LP99,NP7-8,MNL002 LP99,Don Quintos,MANILA,3,1,BARANGAY 536,,,14.612753,121.004797,,,,,,,16,2020-08-05,OSP
MNL002 LP345 NP7-8,MNL002,LP345,NP7-8,MNL002 LP345,Don Quintos,MANILA,3,1,BARANGAY 536,,,14.61358,121.004043,,,,,,,16,2020-03-16,OSP
MNL035 LP203 NP7-8,MNL035,LP203,NP7-8,MNL035 LP203,Pureza (Legarda / Lacson),MANILA,3,1,BARANGAY 536,,,14.612075,121.003928,,,,,,,16,2021-04-28,OSP
MNL035 LP410 NP1-2,MNL035,LP410,NP1-2,MNL035 LP410,Pureza (Legarda / Lacson),MANILA,3,1,BARANGAY 536,,,14.612482,121.004534,,,,,,,16,2021-05-02,OSP
MNL035 LP407 NP3-4,MNL035,LP407,NP3-4,MNL035 LP407,Pureza (Legarda / Lacson),MANILA,3,1,BARANGAY 536,,,14.61281,121.003811,,,,,,,16,2021-05-02,OSP
MNL035 LP408 NP1-2,MNL035,LP408,NP1-2,MNL035 LP408,Pureza (Legarda / Lacson),MANILA,3,1,BARANGAY 536,,,14.612864,121.004256,,,,,,,16,2021-05-02,OSP
MNL035 LP408 NP3-4-5,MNL035,LP408,NP3-4-5,MNL035 LP408,Pureza (Legarda / Lacson),MANILA,3,1,BARANGAY 536,,,14.612864,121.004256,,,,,,,24,2021-05-02,OSP
MNL035 LP409 NP3-4-5,MNL035,LP409,NP3-4-5,MNL035 LP409,Pureza (Legarda / Lacson),MANILA,3,1,BARANGAY 536,,,14.612903,121.004899,,,,,,,24,2021-05-02,OSP
MNL035 LP409 NP6-7-8,MNL035,LP409,NP6-7-8,MNL035 LP409,Pureza (Legarda / Lacson),MANILA,3,1,BARANGAY 536,,,14.612702,121.004718,,,,,,,24,2021-05-02,OSP
MNL035 LP11 NP3-4,MNL035,LP11,NP3-4,MNL035 LP11,Pureza (Legarda / Lacson),MANILA,3,1,BARANGAY 536,,,14.61223,121.004172,,,,,,,16,2021-04-28,OSP
MNL002 LP102 NP1-2,MNL002,LP102,NP1-2,MNL002 LP102,Don Quintos,MANILA,3,1,BARANGAY 537,,,14.614134,121.003321,,,,,,,16,2018-05-10,OSP
MNL002 LP102 NP3-4,MNL002,LP102,NP3-4,MNL002 LP102,Don Quintos,MANILA,3,1,BARANGAY 537,,,14.613945,121.003584,,,,,,,16,2018-05-10,OSP
MNL002 LP102 NP5-6,MNL002,LP102,NP5-6,MNL002 LP102,Don Quintos,MANILA,3,1,BARANGAY 537,,,14.613771,121.003778,,,,,,,16,2018-05-10,OSP
MNL002 LP102 NP7-8,MNL002,LP102,NP7-8,MNL002 LP102,Don Quintos,MANILA,3,1,BARANGAY 537,,,14.614262,121.004162,,,,,,,16,2020-08-05,OSP
MNL035 LP404 NP6-7-8,MNL035,LP404,NP6-7-8,MNL035 LP404,Pureza (Legarda / Lacson),MANILA,3,1,BARANGAY 537,,,14.613968,121.003523,,,,,,,24,2021-05-02,OSP
MNL035 LP405 NP1-2,MNL035,LP405,NP1-2,MNL035 LP405,Pureza (Legarda / Lacson),MANILA,3,1,BARANGAY 537,,,14.614199,121.003735,,,,,,,16,2021-05-02,OSP
MNL035 LP405 NP3-4-5,MNL035,LP405,NP3-4-5,MNL035 LP405,Pureza (Legarda / Lacson),MANILA,3,1,BARANGAY 537,,,14.613725,121.003379,,,,,,,24,2021-05-02,OSP
MNL035 LP405 NP6-7-8,MNL035,LP405,NP6-7-8,MNL035 LP405,Pureza (Legarda / Lacson),MANILA,3,1,BARANGAY 537,,,14.613507,121.003562,,,,,,,24,2021-05-02,OSP
MNL035 LP406 NP1-2,MNL035,LP406,NP1-2,MNL035 LP406,Pureza (Legarda / Lacson),MANILA,3,1,BARANGAY 537,,,14.613783,121.003787,,,,,,,16,2021-05-02,OSP
MNL035 LP407 NP1-2,MNL035,LP407,NP1-2,MNL035 LP407,Pureza (Legarda / Lacson),MANILA,3,1,BARANGAY 537,,,14.613271,121.00366,,,,,,,16,2021-05-02,OSP
MNL002 LP345 NP1-2,MNL002,LP345,NP1-2,MNL002 LP345,Don Quintos,MANILA,3,1,BARANGAY 538,,,14.613252,121.004681,,,,,,,16,2020-03-16,OSP
MNL002 LP345 NP3-4,MNL002,LP345,NP3-4,MNL002 LP345,Don Quintos,MANILA,3,1,BARANGAY 538,,,14.613649,121.005241,,,,,,,16,2020-03-16,OSP
MNL002 LP345 NP5-6,MNL002,LP345,NP5-6,MNL002 LP345,Don Quintos,MANILA,3,1,BARANGAY 538,,,14.61335,121.00435,,,,,,,16,2020-03-16,OSP
MNL035 LP406 NP3-4-5,MNL035,LP406,NP3-4-5,MNL035 LP406,Pureza (Legarda / Lacson),MANILA,3,1,BARANGAY 538,,,14.61387,121.004186,,,,,,,24,2021-05-02,OSP
MNL035 LP406 NP6-7-8,MNL035,LP406,NP6-7-8,MNL035 LP406,Pureza (Legarda / Lacson),MANILA,3,1,BARANGAY 538,,,14.614286,121.004417,,,,,,,24,2021-05-02,OSP
MNL035 LP407 NP5-6,MNL035,LP407,NP5-6,MNL035 LP407,Pureza (Legarda / Lacson),MANILA,3,1,BARANGAY 538,,,14.613671,121.004461,,,,,,,16,2021-05-02,OSP
MNL035 LP407 NP7-8,MNL035,LP407,NP7-8,MNL035 LP407,Pureza (Legarda / Lacson),MANILA,3,1,BARANGAY 538,,,14.614159,121.00471,,,,,,,16,2021-05-02,OSP
MNL035 LP408 NP6-7-8,MNL035,LP408,NP6-7-8,MNL035 LP408,Pureza (Legarda / Lacson),MANILA,3,1,BARANGAY 538,,,14.613763,121.004923,,,,,,,24,2021-05-02,OSP
MNL035 LP409 NP1-2,MNL035,LP409,NP1-2,MNL035 LP409,Pureza (Legarda / Lacson),MANILA,3,1,BARANGAY 538,,,14.613421,121.005151,,,,,,,16,2021-05-02,OSP
MNL002 LP1 NP1-2,MNL002,LP1,NP1-2,MNL002 LP1,Don Quintos,MANILA,3,1,BARANGAY 539,,,14.611424,121.00558,,,,,,,16,2016-06-16,OSP
MNL002 LP70 NP1-2,MNL002,LP70,NP1-2,MNL002 LP70,Don Quintos,MANILA,3,1,BARANGAY 539,,,14.61043683,121.0046368,,,,,,,16,2018-03-08,OSP
MNL002 LP340 NP1-2,MNL002,LP340,NP1-2,MNL002 LP340,Don Quintos,MANILA,3,1,BARANGAY 539,,,14.61116,121.003815,,,,,,,16,2020-03-16,OSP
MNL002 LP340 NP3-4,MNL002,LP340,NP3-4,MNL002 LP340,Don Quintos,MANILA,3,1,BARANGAY 539,,,14.610873,121.00433,,,,,,,16,2020-03-16,OSP
MNL002 LP340 NP5-6,MNL002,LP340,NP5-6,MNL002 LP340,Don Quintos,MANILA,3,1,BARANGAY 539,,,14.611359,121.004456,,,,,,,16,2020-03-16,OSP
MNL002 LP340 NP7-8,MNL002,LP340,NP7-8,MNL002 LP340,Don Quintos,MANILA,3,1,BARANGAY 539,,,14.611425,121.005052,,,,,,,16,2020-03-16,OSP
MNL002 LP341 NP1-2,MNL002,LP341,NP1-2,MNL002 LP341,Don Quintos,MANILA,3,1,BARANGAY 539,,,14.611824,121.005195,,,,,,,16,2020-03-16,OSP
MNL002 LP341 NP3-4,MNL002,LP341,NP3-4,MNL002 LP341,Don Quintos,MANILA,3,1,BARANGAY 539,,,14.611795,121.004737,,,,,,,16,2020-03-16,OSP
MNL002 LP341 NP5-6,MNL002,LP341,NP5-6,MNL002 LP341,Don Quintos,MANILA,3,1,BARANGAY 539,,,14.611611,121.004106,,,,,,,16,2020-03-16,OSP
MNL002 LP341 NP7-8,MNL002,LP341,NP7-8,MNL002 LP341,Don Quintos,MANILA,3,1,BARANGAY 539,,,14.611407,121.003462,,,,,,,16,2020-03-16,OSP
MNL002 LP83 NP3-4,MNL002,LP83,NP3-4,MNL002 LP83,Don Quintos,MANILA,3,1,BARANGAY 539,,,14.610247,121.003342,,,,,,,16,2018-04-17,OSP
MNL002 LP83 NP5-6,MNL002,LP83,NP5-6,MNL002 LP83,Don Quintos,MANILA,3,1,BARANGAY 539,,,14.610117,121.002986,,,,,,,16,2018-04-17,OSP
MNL002 LP83 NP7-8,MNL002,LP83,NP7-8,MNL002 LP83,Don Quintos,MANILA,3,1,BARANGAY 539,,,14.60999,121.002623,,,,,,,16,2018-04-17,OSP
MNL035 LP9 NP7-8,MNL035,LP9,NP7-8,MNL035 LP9,Pureza (Legarda / Lacson),MANILA,3,1,BARANGAY 539,,,14.610145,121.004405,,,,,,,16,2021-04-28,OSP
MNL035 LP10 NP1-2,MNL035,LP10,NP1-2,MNL035 LP10,Pureza (Legarda / Lacson),MANILA,3,1,BARANGAY 539,,,14.610642,121.004887,,,,,,,16,2021-04-28,OSP
MNL035 LP188 NP6-7-8,MNL035,LP188,NP6-7-8,MNL035 LP188,Pureza (Legarda / Lacson),MANILA,3,1,BARANGAY 539,,,14.611434,121.005553,,,,,,,24,2021-05-18,OSP
MNL035 LP180 NP1-2,MNL035,LP180,NP1-2,MNL035 LP180,Pureza (Legarda / Lacson),MANILA,3,1,BARANGAY 539,,,14.610373,121.004624,,,,,,,16,2021-05-18,OSP
MNL035 LP224 NP5-6,MNL035,LP224,NP5-6,MNL035 LP224,Pureza (Legarda / Lacson),MANILA,3,1,BARANGAY 539,,,14.610726,121.003657,,,,,,,16,2021-04-28,OSP
MNL035 LP224 NP7-8,MNL035,LP224,NP7-8,MNL035 LP224,Pureza (Legarda / Lacson),MANILA,3,1,BARANGAY 539,,,14.610877,121.004357,,,,,,,16,2021-04-28,OSP
MNL035 LP225 NP1-2,MNL035,LP225,NP1-2,MNL035 LP225,Pureza (Legarda / Lacson),MANILA,3,1,BARANGAY 539,,,14.611091,121.003545,,,,,,,16,2021-04-28,OSP
MNL035 LP225 NP3-4,MNL035,LP225,NP3-4,MNL035 LP225,Pureza (Legarda / Lacson),MANILA,3,1,BARANGAY 539,,,14.611169,121.003838,,,,,,,16,2021-04-28,OSP
MNL035 LP225 NP5-6,MNL035,LP225,NP5-6,MNL035 LP225,Pureza (Legarda / Lacson),MANILA,3,1,BARANGAY 539,,,14.611432,121.004991,,,,,,,16,2021-04-28,OSP
MNL035 LP225 NP7-8,MNL035,LP225,NP7-8,MNL035 LP225,Pureza (Legarda / Lacson),MANILA,3,1,BARANGAY 539,,,14.611661,121.004303,,,,,,,16,2021-04-28,OSP
MNL003 LP295 NP3-4,MNL003,LP295,NP3-4,MNL003 LP295,City Square,MANILA,3,1,BARANGAY 54,,,14.616635,120.973093,,,,,,,16,2019-03-29,OSP
MNL003 LP295 NP5-6,MNL003,LP295,NP5-6,MNL003 LP295,City Square,MANILA,3,1,BARANGAY 54,,,14.616405,120.973758,,,,,,,16,2019-03-29,OSP
MNL003 LP297 NP1-2,MNL003,LP297,NP1-2,MNL003 LP297,City Square,MANILA,3,1,BARANGAY 54,,,14.616468,120.972317,,,,,,,16,2019-03-29,OSP
MNL003 LP26 NP1,MNL003,LP26,NP1,MNL003 LP26,City Square,MANILA,3,1,BARANGAY 54,,,14.617258,120.973931,,,,,,,8,2017-11-27,OSP
MNL036 LP50 NP1-2,MNL036,LP50,NP1-2,MNL036 LP50,Juan Luna/ Solis,MANILA,3,1,BARANGAY 54,,,14.61688,120.973822,,,,,,,16,2020-08-30,OSP
MNL036 LP50 NP3-4,MNL036,LP50,NP3-4,MNL036 LP50,Juan Luna/ Solis,MANILA,3,1,BARANGAY 54,,,14.617048,120.973105,,,,,,,16,2020-08-30,OSP
MNL036 LP50 NP5-6,MNL036,LP50,NP5-6,MNL036 LP50,Juan Luna/ Solis,MANILA,3,1,BARANGAY 54,,,14.61719,120.972466,,,,,,,16,2020-08-30,OSP
MNL036 LP50 NP7-8,MNL036,LP50,NP7-8,MNL036 LP50,Juan Luna/ Solis,MANILA,3,1,BARANGAY 54,,,14.616362,120.972927,,,,,,,16,2020-08-30,OSP
MNL036 LP51 NP1-2,MNL036,LP51,NP1-2,MNL036 LP51,Juan Luna/ Solis,MANILA,3,1,BARANGAY 54,,,14.616182,120.973702,,,,,,,16,2020-08-30,OSP
MNL036 LP51 NP3-4,MNL036,LP51,NP3-4,MNL036 LP51,Juan Luna/ Solis,MANILA,3,1,BARANGAY 54,,,14.615998,120.973428,,,,,,,16,2020-08-30,OSP
MNL045 LP466 NP1-2,MNL045,LP466,NP1-2,MNL045 LP466,Radial Road 10,MANILA,3,1,BARANGAY 54,,,14.61696641,120.97364,,,,,,,16,2022-03-10,OSP
MNL045 LP466 NP3-5,MNL045,LP466,NP3-5,MNL045 LP466,Radial Road 10,MANILA,3,1,BARANGAY 54,,,14.61701162,120.9734088,,,,,,,24,2022-03-10,OSP
MNL045 LP466 NP6-8,MNL045,LP466,NP6-8,MNL045 LP466,Radial Road 10,MANILA,3,1,BARANGAY 54,,,14.61711362,120.9728133,,,,,,,24,2022-03-10,OSP
MNL045 LP467 NP3-5,MNL045,LP467,NP3-5,MNL045 LP467,Radial Road 10,MANILA,3,1,BARANGAY 54,,,14.61675895,120.9723662,,,,,,,24,2022-03-10,OSP
MNL045 LP467 NP6-8,MNL045,LP467,NP6-8,MNL045 LP467,Radial Road 10,MANILA,3,1,BARANGAY 54,,,14.61670111,120.9730245,,,,,,,24,2022-03-10,OSP
MNL045 LP468 NP1-2,MNL045,LP468,NP1-2,MNL045 LP468,Radial Road 10,MANILA,3,1,BARANGAY 54,,,14.6166247,120.9733999,,,,,,,16,2022-03-10,OSP
MNL045 LP468 NP3-5,MNL045,LP468,NP3-5,MNL045 LP468,Radial Road 10,MANILA,3,1,BARANGAY 54,,,14.61620661,120.9737073,,,,,,,24,2022-03-10,OSP
MNL045 LP468 NP6-8,MNL045,LP468,NP6-8,MNL045 LP468,Radial Road 10,MANILA,3,1,BARANGAY 54,,,14.6163842,120.9729322,,,,,,,24,2022-03-10,OSP
MNL045 LP469 NP1-2,MNL045,LP469,NP1-2,MNL045 LP469,Radial Road 10,MANILA,3,1,BARANGAY 54,,,14.61646402,120.9725619,,,,,,,16,2022-03-10,OSP
MNL045 LP469 NP3-5,MNL045,LP469,NP3-5,MNL045 LP469,Radial Road 10,MANILA,3,1,BARANGAY 54,,,14.616255,120.9722652,,,,,,,24,2022-03-10,OSP
MNL045 LP469 NP6-8,MNL045,LP469,NP6-8,MNL045 LP469,Radial Road 10,MANILA,3,1,BARANGAY 54,,,14.61618219,120.972604,,,,,,,24,2022-03-10,OSP
MNL045 LP470 NP1-2,MNL045,LP470,NP1-2,MNL045 LP470,Radial Road 10,MANILA,3,1,BARANGAY 54,,,14.61603462,120.9733246,,,,,,,16,2022-03-10,OSP
MNL002 LP342 NP5-6,MNL002,LP342,NP5-6,MNL002 LP342,Don Quintos,MANILA,3,1,BARANGAY 540,,,14.612099,121.004575,,,,,,,16,2020-03-16,OSP
MNL002 LP342 NP7-8,MNL002,LP342,NP7-8,MNL002 LP342,Don Quintos,MANILA,3,1,BARANGAY 540,,,14.612057,121.005059,,,,,,,16,2020-03-16,OSP
MNL002 LP343 NP1-2,MNL002,LP343,NP1-2,MNL002 LP343,Don Quintos,MANILA,3,1,BARANGAY 540,,,14.612059,121.005411,,,,,,,16,2020-03-16,OSP
MNL002 LP344 NP1-2,MNL002,LP344,NP1-2,MNL002 LP344,Don Quintos,MANILA,3,1,BARANGAY 540,,,14.612779,121.005819,,,,,,,16,2020-03-16,OSP
MNL002 LP344 NP3-4,MNL002,LP344,NP3-4,MNL002 LP344,Don Quintos,MANILA,3,1,BARANGAY 540,,,14.612852,121.005557,,,,,,,16,2020-03-16,OSP
MNL002 LP344 NP5-6,MNL002,LP344,NP5-6,MNL002 LP344,Don Quintos,MANILA,3,1,BARANGAY 540,,,14.612907,121.005371,,,,,,,16,2020-03-16,OSP
MNL002 LP344 NP7-8,MNL002,LP344,NP7-8,MNL002 LP344,Don Quintos,MANILA,3,1,BARANGAY 540,,,14.613085,121.005069,,,,,,,16,2020-03-16,OSP
MNL035 LP410 NP3-4-5,MNL035,LP410,NP3-4-5,MNL035 LP410,Pureza (Legarda / Lacson),MANILA,3,1,BARANGAY 540,,,14.612362,121.004826,,,,,,,24,2021-05-02,OSP
MNL035 LP410 NP6-7-8,MNL035,LP410,NP6-7-8,MNL035 LP410,Pureza (Legarda / Lacson),MANILA,3,1,BARANGAY 540,,,14.612485,121.004913,,,,,,,24,2021-05-02,OSP
MNL035 LP411 NP1-2,MNL035,LP411,NP1-2,MNL035 LP411,Pureza (Legarda / Lacson),MANILA,3,1,BARANGAY 540,,,14.612413,121.00505,,,,,,,16,2021-05-02,OSP
MNL035 LP411 NP3-4-5,MNL035,LP411,NP3-4-5,MNL035 LP411,Pureza (Legarda / Lacson),MANILA,3,1,BARANGAY 540,,,14.613164,121.005454,,,,,,,24,2021-05-02,OSP
MNL035 LP411 NP6-7-8,MNL035,LP411,NP6-7-8,MNL035 LP411,Pureza (Legarda / Lacson),MANILA,3,1,BARANGAY 540,,,14.613415,121.005506,,,,,,,24,2021-05-02,OSP
MNL035 LP412 NP1-2,MNL035,LP412,NP1-2,MNL035 LP412,Pureza (Legarda / Lacson),MANILA,3,1,BARANGAY 540,,,14.613095,121.005604,,,,,,,16,2021-05-02,OSP
MNL035 LP412 NP3-4-5,MNL035,LP412,NP3-4-5,MNL035 LP412,Pureza (Legarda / Lacson),MANILA,3,1,BARANGAY 540,,,14.613409,121.005687,,,,,,,24,2021-05-02,OSP
MNL035 LP412 NP6-7-8,MNL035,LP412,NP6-7-8,MNL035 LP412,Pureza (Legarda / Lacson),MANILA,3,1,BARANGAY 540,,,14.612586,121.005385,,,,,,,24,2021-05-02,OSP
MNL035 LP413 NP1-2,MNL035,LP413,NP1-2,MNL035 LP413,Pureza (Legarda / Lacson),MANILA,3,1,BARANGAY 540,,,14.612484,121.005673,,,,,,,16,2021-05-02,OSP
MNL002 LP63 NP1-2,MNL002,LP63,NP1-2,MNL002 LP63,Don Quintos,MANILA,3,1,BARANGAY 541,,,14.61205294,121.0064787,,,,,,,16,2018-03-08,OSP
MNL002 LP64 NP1-2,MNL002,LP64,NP1-2,MNL002 LP64,Don Quintos,MANILA,3,1,BARANGAY 541,,,14.61227643,121.0067658,,,,,,,16,2018-03-08,OSP
MNL002 LP343 NP3-4,MNL002,LP343,NP3-4,MNL002 LP343,Don Quintos,MANILA,3,1,BARANGAY 541,,,14.612159,121.005921,,,,,,,16,2020-03-16,OSP
MNL002 LP343 NP5-6,MNL002,LP343,NP5-6,MNL002 LP343,Don Quintos,MANILA,3,1,BARANGAY 541,,,14.612472,121.00679,,,,,,,16,2020-03-16,OSP
MNL002 LP343 NP7-8,MNL002,LP343,NP7-8,MNL002 LP343,Don Quintos,MANILA,3,1,BARANGAY 541,,,14.612651,121.006238,,,,,,,16,2020-03-16,OSP
MNL002 LP61 NP1-2,MNL002,LP61,NP1-2,MNL002 LP61,Don Quintos,MANILA,3,1,BARANGAY 541,,,14.6116403,121.00585,,,,,,,16,2018-03-08,OSP
MNL002 LP62 NP1-2,MNL002,LP62,NP1-2,MNL002 LP62,Don Quintos,MANILA,3,1,BARANGAY 541,,,14.611857,121.0061802,,,,,,,16,2018-03-08,OSP
MNL002 LP62 NP7-8,MNL002,LP62,NP7-8,MNL002 LP62,Don Quintos,MANILA,3,1,BARANGAY 541,,,14.612006,121.006418,,,,,,,16,2020-08-04,OSP
MNL002 LP298 NP1-2,MNL002,LP298,NP1-2,MNL002 LP298,Don Quintos,MANILA,3,1,BARANGAY 541,,,14.612262,121.006745,,,,,,,16,2019-12-19,OSP
MNL035 LP10 NP5-6,MNL035,LP10,NP5-6,MNL035 LP10,Pureza (Legarda / Lacson),MANILA,3,1,BARANGAY 541,,,14.611662,121.005882,,,,,,,16,2021-04-28,OSP
MNL035 LP10 NP7-8,MNL035,LP10,NP7-8,MNL035 LP10,Pureza (Legarda / Lacson),MANILA,3,1,BARANGAY 541,,,14.611848,121.006148,,,,,,,16,2021-04-28,OSP
MNL035 LP199 NP1-2,MNL035,LP199,NP1-2,MNL035 LP199,Pureza (Legarda / Lacson),MANILA,3,1,BARANGAY 541,,,14.612256,121.006729,,,,,,,16,2021-05-18,OSP
MNL035 LP195 NP1-2,MNL035,LP195,NP1-2,MNL035 LP195,Pureza (Legarda / Lacson),MANILA,3,1,BARANGAY 541,,,14.612022,121.006447,,,,,,,16,2021-05-18,OSP
MNL035 LP413 NP6-7-8,MNL035,LP413,NP6-7-8,MNL035 LP413,Pureza (Legarda / Lacson),MANILA,3,1,BARANGAY 541,,,14.612572,121.006527,,,,,,,24,2021-05-02,OSP
MNL035 LP11 NP1-2,MNL035,LP11,NP1-2,MNL035 LP11,Pureza (Legarda / Lacson),MANILA,3,1,BARANGAY 541,,,14.612114,121.005756,,,,,,,16,2021-04-28,OSP
MNL002 LP87 NP1-2,MNL002,LP87,NP1-2,MNL002 LP87,Don Quintos,MANILA,3,1,BARANGAY 542,,,14.609068,121.001022,,,,,,,16,2018-04-17,OSP
MNL035 LP211 NP1-2,MNL035,LP211,NP1-2,MNL035 LP211,Pureza (Legarda / Lacson),MANILA,3,1,BARANGAY 542,,,14.609767,120.999974,,,,,,,16,2021-04-28,OSP
MNL035 LP211 NP3-4-5,MNL035,LP211,NP3-4-5,MNL035 LP211,Pureza (Legarda / Lacson),MANILA,3,1,BARANGAY 542,,,14.609189,121.000528,,,,,,,24,2021-04-28,OSP
MNL035 LP214 NP3-4,MNL035,LP214,NP3-4,MNL035 LP214,Pureza (Legarda / Lacson),MANILA,3,1,BARANGAY 542,,,14.609286,120.999922,,,,,,,16,2021-04-28,OSP
MNL002 LP363 NP3-4,MNL002,LP363,NP3-4,MNL002 LP363,Don Quintos,MANILA,3,1,BARANGAY 543,,,14.610429,120.998803,,,,,,,16,2020-03-16,OSP
MNL002 LP363 NP5-6,MNL002,LP363,NP5-6,MNL002 LP363,Don Quintos,MANILA,3,1,BARANGAY 543,,,14.609773,120.999447,,,,,,,16,2020-03-16,OSP
MNL002 LP192 NP3-4,MNL002,LP192,NP3-4,MNL002 LP192,Don Quintos,MANILA,3,1,BARANGAY 543,,,14.6105774,120.9992552,,,,,,,16,2019-05-31,OSP
MNL002 LP192 NP5-6,MNL002,LP192,NP5-6,MNL002 LP192,Don Quintos,MANILA,3,1,BARANGAY 543,,,14.61002089,120.999766,,,,,,,16,2019-05-31,OSP
MNL035 LP214 NP7-8,MNL035,LP214,NP7-8,MNL035 LP214,Pureza (Legarda / Lacson),MANILA,3,1,BARANGAY 543,,,14.610493,120.998763,,,,,,,16,2021-04-28,OSP
MNL035 LP210 NP6-7-8,MNL035,LP210,NP6-7-8,MNL035 LP210,Pureza (Legarda / Lacson),MANILA,3,1,BARANGAY 543,,,14.610753,120.999034,,,,,,,24,2021-04-28,OSP
MNL035 LP214 NP5-6,MNL035,LP214,NP5-6,MNL035 LP214,Pureza (Legarda / Lacson),MANILA,3,1,BARANGAY 543,,,14.61003,120.999204,,,,,,,16,2021-04-28,OSP
MNL002 LP274 NP3-4,MNL002,LP274,NP3-4,MNL002 LP274,Don Quintos,MANILA,3,1,BARANGAY 544,,,14.606516,121.002472,,,,,,,16,2019-11-14,OSP
MNL002 LP363 NP7-8,MNL002,LP363,NP7-8,MNL002 LP363,Don Quintos,MANILA,3,1,BARANGAY 544,,,14.608954,121.000181,,,,,,,16,2020-03-16,OSP
MNL002 LP364 NP1-2,MNL002,LP364,NP1-2,MNL002 LP364,Don Quintos,MANILA,3,1,BARANGAY 544,,,14.607973,121.00111,,,,,,,16,2020-03-16,OSP
MNL002 LP364 NP3-4,MNL002,LP364,NP3-4,MNL002 LP364,Don Quintos,MANILA,3,1,BARANGAY 544,,,14.607535,121.001552,,,,,,,16,2020-03-16,OSP
MNL002 LP364 NP5-6,MNL002,LP364,NP5-6,MNL002 LP364,Don Quintos,MANILA,3,1,BARANGAY 544,,,14.606638,121.002431,,,,,,,16,2020-03-16,OSP
MNL002 LP87 NP3-4,MNL002,LP87,NP3-4,MNL002 LP87,Don Quintos,MANILA,3,1,BARANGAY 544,,,14.608616,121.000504,,,,,,,16,2018-04-17,OSP
MNL002 LP85 NP7-8,MNL002,LP85,NP7-8,MNL002 LP85,Don Quintos,MANILA,3,1,BARANGAY 544,,,14.607539,121.001518,,,,,,,16,2018-04-17,OSP
MNL035 LP213 NP1-2,MNL035,LP213,NP1-2,MNL035 LP213,Pureza (Legarda / Lacson),MANILA,3,1,BARANGAY 544,,,14.606678,121.002514,,,,,,,16,2021-04-28,OSP
MNL035 LP213 NP3-4,MNL035,LP213,NP3-4,MNL035 LP213,Pureza (Legarda / Lacson),MANILA,3,1,BARANGAY 544,,,14.607075,121.00205,,,,,,,16,2021-04-28,OSP
MNL035 LP213 NP5-6,MNL035,LP213,NP5-6,MNL035 LP213,Pureza (Legarda / Lacson),MANILA,3,1,BARANGAY 544,,,14.607571,121.001578,,,,,,,16,2021-04-28,OSP
MNL035 LP213 NP7-8,MNL035,LP213,NP7-8,MNL035 LP213,Pureza (Legarda / Lacson),MANILA,3,1,BARANGAY 544,,,14.608265,121.000906,,,,,,,16,2021-04-28,OSP
MNL035 LP214 NP1-2,MNL035,LP214,NP1-2,MNL035 LP214,Pureza (Legarda / Lacson),MANILA,3,1,BARANGAY 544,,,14.608632,121.000552,,,,,,,16,2021-04-28,OSP
MNL002 LP194 NP3-4,MNL002,LP194,NP3-4,MNL002 LP194,Don Quintos,MANILA,3,1,BARANGAY 545,,,14.60858756,121.002129,,,,,,,16,2019-05-31,OSP
MNL002 LP85 NP1-2,MNL002,LP85,NP1-2,MNL002 LP85,Don Quintos,MANILA,3,1,BARANGAY 545,,,14.608354,121.002284,,,,,,,16,2018-04-17,OSP
MNL035 LP208 NP6-7-8,MNL035,LP208,NP6-7-8,MNL035 LP208,Pureza (Legarda / Lacson),MANILA,3,1,BARANGAY 545,,,14.608676,121.001554,,,,,,,24,2021-04-28,OSP
MNL035 LP222 NP5-6,MNL035,LP222,NP5-6,MNL035 LP222,Pureza (Legarda / Lacson),MANILA,3,1,BARANGAY 545,,,14.609176,121.002469,,,,,,,16,2021-04-28,OSP
MNL035 LP217 NP6-7-8,MNL035,LP217,NP6-7-8,MNL035 LP217,Pureza (Legarda / Lacson),MANILA,3,1,BARANGAY 545,,,14.608336,121.002302,,,,,,,24,2021-04-28,OSP
MNL035 LP219 NP1-2,MNL035,LP219,NP1-2,MNL035 LP219,Pureza (Legarda / Lacson),MANILA,3,1,BARANGAY 545,,,14.608728,121.002469,,,,,,,16,2021-04-28,OSP
MNL035 LP219 NP3-4-5,MNL035,LP219,NP3-4-5,MNL035 LP219,Pureza (Legarda / Lacson),MANILA,3,1,BARANGAY 545,,,14.608876,121.002331,,,,,,,24,2021-04-28,OSP
MNL002 LP97 NP1-2,MNL002,LP97,NP1-2,MNL002 LP97,Don Quintos,MANILA,3,1,BARANGAY 546,,,14.607559,121.00349,,,,,,,16,2018-05-22,OSP
MNL002 LP194 NP5-6,MNL002,LP194,NP5-6,MNL002 LP194,Don Quintos,MANILA,3,1,BARANGAY 546,,,14.60774475,121.0027896,,,,,,,16,2019-05-31,OSP
MNL002 LP194 NP7-8,MNL002,LP194,NP7-8,MNL002 LP194,Don Quintos,MANILA,3,1,BARANGAY 546,,,14.607791,121.002849,,,,,,,16,2022-06-22,OSP
MNL035 LP382 NP1-2,MNL035,LP382,NP1-2,MNL035 LP382,Pureza (Legarda / Lacson),MANILA,3,1,BARANGAY 546,,,14.607258,121.00342,,,,,,,16,2021-04-28,OSP
MNL035 LP218 NP1-2,MNL035,LP218,NP1-2,MNL035 LP218,Pureza (Legarda / Lacson),MANILA,3,1,BARANGAY 546,,,14.608123,121.002523,,,,,,,16,2021-04-28,OSP
MNL035 LP218 NP3-4-5,MNL035,LP218,NP3-4-5,MNL035 LP218,Pureza (Legarda / Lacson),MANILA,3,1,BARANGAY 546,,,14.607269,121.003426,,,,,,,24,2021-04-28,OSP
MNL035 LP218 NP6-7-8,MNL035,LP218,NP6-7-8,MNL035 LP218,Pureza (Legarda / Lacson),MANILA,3,1,BARANGAY 546,,,14.608138,121.003044,,,,,,,24,2021-04-28,OSP
MNL002 LP108 NP7-8,MNL002,LP108,NP7-8,MNL002 LP108,Don Quintos,MANILA,3,1,BARANGAY 547,,,14.611751,121.001692,,,,,,,16,2020-08-05,OSP
MNL002 LP109 NP1-2,MNL002,LP109,NP1-2,MNL002 LP109,Don Quintos,MANILA,3,1,BARANGAY 547,,,14.611146,121.001848,,,,,,,16,2018-05-10,OSP
MNL002 LP110 NP1-2,MNL002,LP110,NP1-2,MNL002 LP110,Don Quintos,MANILA,3,1,BARANGAY 547,,,14.611046,121.001468,,,,,,,16,2018-05-10,OSP
MNL002 LP110 NP3-4,MNL002,LP110,NP3-4,MNL002 LP110,Don Quintos,MANILA,3,1,BARANGAY 547,,,14.611557,121.001357,,,,,,,16,2018-05-10,OSP
MNL002 LP110 NP5-6,MNL002,LP110,NP5-6,MNL002 LP110,Don Quintos,MANILA,3,1,BARANGAY 547,,,14.61213,121.000897,,,,,,,16,2018-05-10,OSP
MNL002 LP110 NP7-8,MNL002,LP110,NP7-8,MNL002 LP110,Don Quintos,MANILA,3,1,BARANGAY 547,,,14.61158,121.000975,,,,,,,16,2020-08-05,OSP
MNL002 LP111 NP1-2,MNL002,LP111,NP1-2,MNL002 LP111,Don Quintos,MANILA,3,1,BARANGAY 547,,,14.61094,121.000796,,,,,,,16,2018-05-10,OSP
MNL002 LP111 NP3-4,MNL002,LP111,NP3-4,MNL002 LP111,Don Quintos,MANILA,3,1,BARANGAY 547,,,14.611959,121.000442,,,,,,,16,2018-05-10,OSP
MNL002 LP88 NP5-6,MNL002,LP88,NP5-6,MNL002 LP88,Don Quintos,MANILA,3,1,BARANGAY 547,,,14.610873,121.00035,,,,,,,16,2018-04-17,OSP
MNL002 LP313 NP3-4,MNL002,LP313,NP3-4,MNL002 LP313,Don Quintos,MANILA,3,1,BARANGAY 547,,,14.611009,121.001187,,,,,,,16,2019-12-26,OSP
MNL035 LP529 NP7-8,MNL035,LP529,NP7-8,MNL035 LP529,Pureza (Legarda / Lacson),MANILA,3,1,BARANGAY 547,,,14.611312,121.00072,,,,,,,16,2023-04-30,OSP
MNL035 LP530 NP1-2,MNL035,LP530,NP1-2,MNL035 LP530,Pureza (Legarda / Lacson),MANILA,3,1,BARANGAY 547,,,14.610944,121.00083,,,,,,,16,2023-04-30,OSP
MNL035 LP530 NP3-4,MNL035,LP530,NP3-4,MNL035 LP530,Pureza (Legarda / Lacson),MANILA,3,1,BARANGAY 547,,,14.611089,121.00119,,,,,,,16,2023-04-30,OSP
MNL035 LP530 NP5-6,MNL035,LP530,NP5-6,MNL035 LP530,Pureza (Legarda / Lacson),MANILA,3,1,BARANGAY 547,,,14.61152,121.00101,,,,,,,16,2023-04-30,OSP
MNL035 LP530 NP7-8,MNL035,LP530,NP7-8,MNL035 LP530,Pureza (Legarda / Lacson),MANILA,3,1,BARANGAY 547,,,14.612081,121.00075,,,,,,,16,2023-04-30,OSP
MNL035 LP531 NP1-2,MNL035,LP531,NP1-2,MNL035 LP531,Pureza (Legarda / Lacson),MANILA,3,1,BARANGAY 547,,,14.610757,121.00035,,,,,,,16,2023-04-30,OSP
MNL035 LP531 NP3-4,MNL035,LP531,NP3-4,MNL035 LP531,Pureza (Legarda / Lacson),MANILA,3,1,BARANGAY 547,,,14.611002,121.00036,,,,,,,16,2023-04-30,OSP
MNL035 LP531 NP5-6,MNL035,LP531,NP5-6,MNL035 LP531,Pureza (Legarda / Lacson),MANILA,3,1,BARANGAY 547,,,14.611279,121.00024,,,,,,,16,2023-04-30,OSP
MNL035 LP532 NP1-2,MNL035,LP532,NP1-2,MNL035 LP532,Pureza (Legarda / Lacson),MANILA,3,1,BARANGAY 547,,,14.611705,121.00001,,,,,,,16,2023-04-30,OSP
MNL035 LP532 NP3-4,MNL035,LP532,NP3-4,MNL035 LP532,Pureza (Legarda / Lacson),MANILA,3,1,BARANGAY 547,,,14.61189,120.99993,,,,,,,16,2023-04-30,OSP
MNL035 LP532 NP5-6,MNL035,LP532,NP5-6,MNL035 LP532,Pureza (Legarda / Lacson),MANILA,3,1,BARANGAY 547,,,14.61189,120.99993,,,,,,,16,2023-04-30,OSP
MNL035 LP529 NP5-6,MNL035,LP529,NP5-6,MNL035 LP529,Pureza (Legarda / Lacson),MANILA,3,1,BARANGAY 547,,,14.611912,121.0005,,,,,,,16,2023-04-30,OSP
MNL035 LP522 NP3-4,MNL035,LP522,NP3-4,MNL035 LP522,Pureza (Legarda / Lacson),MANILA,3,1,BARANGAY 547,,,14.611885,121.00162,,,,,,,16,2023-04-30,OSP
MNL035 LP522 NP5-6,MNL035,LP522,NP5-6,MNL035 LP522,Pureza (Legarda / Lacson),MANILA,3,1,BARANGAY 547,,,14.611468,121.00176,,,,,,,16,2023-04-30,OSP
MNL035 LP522 NP7-8,MNL035,LP522,NP7-8,MNL035 LP522,Pureza (Legarda / Lacson),MANILA,3,1,BARANGAY 547,,,14.611159,121.00179,,,,,,,16,2023-04-30,OSP
MNL035 LP523 NP1-2,MNL035,LP523,NP1-2,MNL035 LP523,Pureza (Legarda / Lacson),MANILA,3,1,BARANGAY 547,,,14.611128,121.00148,,,,,,,16,2023-04-30,OSP
MNL035 LP523 NP3-4,MNL035,LP523,NP3-4,MNL035 LP523,Pureza (Legarda / Lacson),MANILA,3,1,BARANGAY 547,,,14.611399,121.00146,,,,,,,16,2023-04-30,OSP
MNL035 LP523 NP5-6,MNL035,LP523,NP5-6,MNL035 LP523,Pureza (Legarda / Lacson),MANILA,3,1,BARANGAY 547,,,14.611637,121.00138,,,,,,,16,2023-04-30,OSP
MNL035 LP523 NP7-8,MNL035,LP523,NP7-8,MNL035 LP523,Pureza (Legarda / Lacson),MANILA,3,1,BARANGAY 547,,,14.612008,121.00106,,,,,,,16,2023-04-30,OSP
MNL035 LP524 NP1-2,MNL035,LP524,NP1-2,MNL035 LP524,Pureza (Legarda / Lacson),MANILA,3,1,BARANGAY 547,,,14.612137,121.00084,,,,,,,16,2023-04-30,OSP
MNL035 LP206 NP7-8,MNL035,LP206,NP7-8,MNL035 LP206,Pureza (Legarda / Lacson),MANILA,3,1,BARANGAY 547,,,14.611503,121.001787,,,,,,,16,2021-04-28,OSP
MNL035 LP220 NP6-7-8,MNL035,LP220,NP6-7-8,MNL035 LP220,Pureza (Legarda / Lacson),MANILA,3,1,BARANGAY 547,,,14.611224,121.001542,,,,,,,24,2021-04-28,OSP
MNL035 LP221 NP1-2,MNL035,LP221,NP1-2,MNL035 LP221,Pureza (Legarda / Lacson),MANILA,3,1,BARANGAY 547,,,14.611535,121.001432,,,,,,,16,2021-04-28,OSP
MNL035 LP221 NP3-4,MNL035,LP221,NP3-4,MNL035 LP221,Pureza (Legarda / Lacson),MANILA,3,1,BARANGAY 547,,,14.612142,121.00096,,,,,,,16,2021-04-28,OSP
MNL035 LP221 NP5-6,MNL035,LP221,NP5-6,MNL035 LP221,Pureza (Legarda / Lacson),MANILA,3,1,BARANGAY 547,,,14.611643,121.000593,,,,,,,16,2021-04-28,OSP
MNL035 LP221 NP7-8,MNL035,LP221,NP7-8,MNL035 LP221,Pureza (Legarda / Lacson),MANILA,3,1,BARANGAY 547,,,14.611026,121.001143,,,,,,,16,2021-04-28,OSP
MNL035 LP222 NP1-2,MNL035,LP222,NP1-2,MNL035 LP222,Pureza (Legarda / Lacson),MANILA,3,1,BARANGAY 547,,,14.610033,121.002206,,,,,,,16,2021-04-28,OSP
MNL002 LP192 NP7-8,MNL002,LP192,NP7-8,MNL002 LP192,Don Quintos,MANILA,3,1,BARANGAY 548,,,14.61069419,120.9996785,,,,,,,16,2019-05-31,OSP
MNL002 LP88 NP1-2,MNL002,LP88,NP1-2,MNL002 LP88,Don Quintos,MANILA,3,1,BARANGAY 548,,,14.610263,121.000109,,,,,,,16,2018-04-17,OSP
MNL002 LP88 NP3-4,MNL002,LP88,NP3-4,MNL002 LP88,Don Quintos,MANILA,3,1,BARANGAY 548,,,14.610442,121.000304,,,,,,,16,2018-04-17,OSP
MNL002 LP88 NP7-8,MNL002,LP88,NP7-8,MNL002 LP88,Don Quintos,MANILA,3,1,BARANGAY 548,,,14.611389,120.99987,,,,,,,16,2020-08-06,OSP
MNL035 LP531 NP7-8,MNL035,LP531,NP7-8,MNL035 LP531,Pureza (Legarda / Lacson),MANILA,3,1,BARANGAY 548,,,14.611553,121.00008,,,,,,,16,2023-04-30,OSP
MNL035 LP209 NP6-7-8,MNL035,LP209,NP6-7-8,MNL035 LP209,Pureza (Legarda / Lacson),MANILA,3,1,BARANGAY 548,,,14.610244,121.000057,,,,,,,24,2021-04-28,OSP
MNL035 LP215 NP1-2,MNL035,LP215,NP1-2,MNL035 LP215,Pureza (Legarda / Lacson),MANILA,3,1,BARANGAY 548,,,14.611369,120.999459,,,,,,,16,2021-04-28,OSP
MNL035 LP215 NP3-4,MNL035,LP215,NP3-4,MNL035 LP215,Pureza (Legarda / Lacson),MANILA,3,1,BARANGAY 548,,,14.611641,120.999744,,,,,,,16,2021-04-28,OSP
MNL035 LP215 NP5-6,MNL035,LP215,NP5-6,MNL035 LP215,Pureza (Legarda / Lacson),MANILA,3,1,BARANGAY 548,,,14.611262,121.000088,,,,,,,16,2021-04-28,OSP
MNL035 LP215 NP7-8,MNL035,LP215,NP7-8,MNL035 LP215,Pureza (Legarda / Lacson),MANILA,3,1,BARANGAY 548,,,14.610939,120.999858,,,,,,,16,2021-04-28,OSP
MNL035 LP216 NP1-2,MNL035,LP216,NP1-2,MNL035 LP216,Pureza (Legarda / Lacson),MANILA,3,1,BARANGAY 548,,,14.610503,121.000266,,,,,,,16,2021-04-28,OSP
MNL035 LP210 NP1-2,MNL035,LP210,NP1-2,MNL035 LP210,Pureza (Legarda / Lacson),MANILA,3,1,BARANGAY 548,,,14.610482,120.999836,,,,,,,16,2021-04-28,OSP
MNL002 LP91 NP1-2,MNL002,LP91,NP1-2,MNL002 LP91,Don Quintos,MANILA,3,1,BARANGAY 549,,,14.609429,121.003953,,,,,,,16,2018-04-17,OSP
MNL002 LP91 NP3-4,MNL002,LP91,NP3-4,MNL002 LP91,Don Quintos,MANILA,3,1,BARANGAY 549,,,14.60977,121.004134,,,,,,,16,2018-04-17,OSP
MNL002 LP91 NP5-6,MNL002,LP91,NP5-6,MNL002 LP91,Don Quintos,MANILA,3,1,BARANGAY 549,,,14.609738,121.003861,,,,,,,16,2020-08-06,OSP
MNL002 LP91 NP7-8,MNL002,LP91,NP7-8,MNL002 LP91,Don Quintos,MANILA,3,1,BARANGAY 549,,,14.610249,121.003717,,,,,,,16,2020-08-06,OSP
MNL002 LP83 NP1-2,MNL002,LP83,NP1-2,MNL002 LP83,Don Quintos,MANILA,3,1,BARANGAY 549,,,14.610368,121.003639,,,,,,,16,2018-04-17,OSP
MNL002 LP84 NP5-6,MNL002,LP84,NP5-6,MNL002 LP84,Don Quintos,MANILA,3,1,BARANGAY 549,,,14.60913,121.003727,,,,,,,16,2018-04-17,OSP
MNL002 LP84 NP7-8,MNL002,LP84,NP7-8,MNL002 LP84,Don Quintos,MANILA,3,1,BARANGAY 549,,,14.60972,121.003521,,,,,,,16,2020-08-06,OSP
MNL035 LP9 NP5-6,MNL035,LP9,NP5-6,MNL035 LP9,Pureza (Legarda / Lacson),MANILA,3,1,BARANGAY 549,,,14.609451,121.003964,,,,,,,16,2021-04-28,OSP
MNL035 LP224 NP1-2,MNL035,LP224,NP1-2,MNL035 LP224,Pureza (Legarda / Lacson),MANILA,3,1,BARANGAY 549,,,14.609898,121.003492,,,,,,,16,2021-04-28,OSP
MNL035 LP224 NP3-4,MNL035,LP224,NP3-4,MNL035 LP224,Pureza (Legarda / Lacson),MANILA,3,1,BARANGAY 549,,,14.6103,121.003677,,,,,,,16,2021-04-28,OSP
MNL035 LP223 NP5-6,MNL035,LP223,NP5-6,MNL035 LP223,Pureza (Legarda / Lacson),MANILA,3,1,BARANGAY 549,,,14.609058,121.003406,,,,,,,16,2021-04-28,OSP
MNL003 LP24 NP1,MNL003,LP24,NP1,MNL003 LP24,City Square,MANILA,3,1,BARANGAY 55,,,14.616437,120.972305,,,,,,,8,2017-11-27,OSP
MNL003 LP24 NP2,MNL003,LP24,NP2,MNL003 LP24,City Square,MANILA,3,1,BARANGAY 55,,,14.616144,120.972231,,,,,,,8,2017-11-27,OSP
MNL003 LP100 NP7-8,MNL003,LP100,NP7-8,MNL003 LP100,City Square,MANILA,3,1,BARANGAY 55,,,14.61753656,120.9725633,,,,,,,16,2018-11-25,OSP
MNL003 LP295 NP1-2,MNL003,LP295,NP1-2,MNL003 LP295,City Square,MANILA,3,1,BARANGAY 55,,,14.616709,120.972368,,,,,,,16,2019-03-29,OSP
MNL036 LP42 NP1-2,MNL036,LP42,NP1-2,MNL036 LP42,Juan Luna/ Solis,MANILA,3,1,BARANGAY 55,,,14.616896,120.971783,,,,,,,16,2020-07-30,OSP
MNL036 LP42 NP3-4,MNL036,LP42,NP3-4,MNL036 LP42,Juan Luna/ Solis,MANILA,3,1,BARANGAY 55,,,14.616845,120.972004,,,,,,,16,2020-07-30,OSP
MNL036 LP42 NP5-6,MNL036,LP42,NP5-6,MNL036 LP42,Juan Luna/ Solis,MANILA,3,1,BARANGAY 55,,,14.616268,120.971882,,,,,,,16,2020-07-30,OSP
MNL036 LP40 NP1-2,MNL036,LP40,NP1-2,MNL036 LP40,Juan Luna/ Solis,MANILA,3,1,BARANGAY 55,,,14.61714,120.971064,,,,,,,16,2020-07-30,OSP
MNL036 LP40 NP3-4,MNL036,LP40,NP3-4,MNL036 LP40,Juan Luna/ Solis,MANILA,3,1,BARANGAY 55,,,14.616981,120.971037,,,,,,,16,2020-07-30,OSP
MNL036 LP40 NP5-6,MNL036,LP40,NP5-6,MNL036 LP40,Juan Luna/ Solis,MANILA,3,1,BARANGAY 55,,,14.616854,120.971033,,,,,,,16,2020-07-30,OSP
MNL036 LP40 NP7-8,MNL036,LP40,NP7-8,MNL036 LP40,Juan Luna/ Solis,MANILA,3,1,BARANGAY 55,,,14.616936,120.971605,,,,,,,16,2020-07-30,OSP
MNL036 LP41 NP1-2,MNL036,LP41,NP1-2,MNL036 LP41,Juan Luna/ Solis,MANILA,3,1,BARANGAY 55,,,14.616379,120.971496,,,,,,,16,2020-07-30,OSP
MNL036 LP41 NP3-4,MNL036,LP41,NP3-4,MNL036 LP41,Juan Luna/ Solis,MANILA,3,1,BARANGAY 55,,,14.615757,120.971342,,,,,,,16,2020-07-30,OSP
MNL036 LP41 NP5-6,MNL036,LP41,NP5-6,MNL036 LP41,Juan Luna/ Solis,MANILA,3,1,BARANGAY 55,,,14.61571,120.971537,,,,,,,16,2020-07-30,OSP
MNL036 LP41 NP7-8,MNL036,LP41,NP7-8,MNL036 LP41,Juan Luna/ Solis,MANILA,3,1,BARANGAY 55,,,14.616377,120.971696,,,,,,,16,2020-07-30,OSP
MNL045 LP476 NP1-2,MNL045,LP476,NP1-2,MNL045 LP476,Radial Road 10,MANILA,3,1,BARANGAY 55,,,14.61662509,120.9715296,,,,,,,16,2022-03-10,OSP
MNL045 LP476 NP3-5,MNL045,LP476,NP3-5,MNL045 LP476,Radial Road 10,MANILA,3,1,BARANGAY 55,,,14.61677566,120.9715614,,,,,,,24,2022-03-10,OSP
MNL045 LP476 NP6-8,MNL045,LP476,NP6-8,MNL045 LP476,Radial Road 10,MANILA,3,1,BARANGAY 55,,,14.61693494,120.9715957,,,,,,,24,2022-03-10,OSP
MNL045 LP477 NP1-2,MNL045,LP477,NP1-2,MNL045 LP477,Radial Road 10,MANILA,3,1,BARANGAY 55,,,14.6169355,120.9710519,,,,,,,16,2022-03-10,OSP
MNL045 LP477 NP3-5,MNL045,LP477,NP3-5,MNL045 LP477,Radial Road 10,MANILA,3,1,BARANGAY 55,,,14.6167953,120.9710444,,,,,,,24,2022-03-10,OSP
MNL045 LP477 NP6-8,MNL045,LP477,NP6-8,MNL045 LP477,Radial Road 10,MANILA,3,1,BARANGAY 55,,,14.61605556,120.9710807,,,,,,,24,2022-03-10,OSP
MNL045 LP478 NP1-2,MNL045,LP478,NP1-2,MNL045 LP478,Radial Road 10,MANILA,3,1,BARANGAY 55,,,14.61580158,120.971089,,,,,,,16,2022-03-10,OSP
MNL045 LP478 NP3-5,MNL045,LP478,NP3-5,MNL045 LP478,Radial Road 10,MANILA,3,1,BARANGAY 55,,,14.61579972,120.9710922,,,,,,,24,2022-03-10,OSP
MNL045 LP471 NP6-8,MNL045,LP471,NP6-8,MNL045 LP471,Radial Road 10,MANILA,3,1,BARANGAY 55,,,14.61557997,120.9720925,,,,,,,24,2022-03-10,OSP
MNL045 LP472 NP1-2,MNL045,LP472,NP1-2,MNL045 LP472,Radial Road 10,MANILA,3,1,BARANGAY 55,,,14.61563425,120.9718538,,,,,,,16,2022-03-10,OSP
MNL045 LP472 NP3-5,MNL045,LP472,NP3-5,MNL045 LP472,Radial Road 10,MANILA,3,1,BARANGAY 55,,,14.61563524,120.9718531,,,,,,,24,2022-03-10,OSP
MNL045 LP472 NP6-8,MNL045,LP472,NP6-8,MNL045 LP472,Radial Road 10,MANILA,3,1,BARANGAY 55,,,14.61570564,120.9715412,,,,,,,24,2022-03-10,OSP
MNL045 LP473 NP1-2,MNL045,LP473,NP1-2,MNL045 LP473,Radial Road 10,MANILA,3,1,BARANGAY 55,,,14.61602351,120.9716057,,,,,,,16,2022-03-10,OSP
MNL045 LP473 NP3-5,MNL045,LP473,NP3-5,MNL045 LP473,Radial Road 10,MANILA,3,1,BARANGAY 55,,,14.6162871,120.9716744,,,,,,,24,2022-03-10,OSP
MNL045 LP473 NP6-8,MNL045,LP473,NP6-8,MNL045 LP473,Radial Road 10,MANILA,3,1,BARANGAY 55,,,14.61659137,120.9717424,,,,,,,24,2022-03-10,OSP
MNL045 LP474 NP1-2,MNL045,LP474,NP1-2,MNL045 LP474,Radial Road 10,MANILA,3,1,BARANGAY 55,,,14.61687154,120.9717882,,,,,,,16,2022-03-10,OSP
MNL045 LP474 NP3-5,MNL045,LP474,NP3-5,MNL045 LP474,Radial Road 10,MANILA,3,1,BARANGAY 55,,,14.61682271,120.9720139,,,,,,,24,2022-03-10,OSP
MNL045 LP474 NP6-8,MNL045,LP474,NP6-8,MNL045 LP474,Radial Road 10,MANILA,3,1,BARANGAY 55,,,14.61616984,120.9718768,,,,,,,24,2022-03-10,OSP
MNL045 LP475 NP1-2,MNL045,LP475,NP1-2,MNL045 LP475,Radial Road 10,MANILA,3,1,BARANGAY 55,,,14.61575419,120.9713399,,,,,,,16,2022-03-10,OSP
MNL045 LP475 NP3-5,MNL045,LP475,NP3-5,MNL045 LP475,Radial Road 10,MANILA,3,1,BARANGAY 55,,,14.6160001,120.9713941,,,,,,,24,2022-03-10,OSP
MNL045 LP475 NP6-8,MNL045,LP475,NP6-8,MNL045 LP475,Radial Road 10,MANILA,3,1,BARANGAY 55,,,14.61600259,120.971393,,,,,,,24,2022-03-10,OSP
MNL045 LP467 NP1-2,MNL045,LP467,NP1-2,MNL045 LP467,Radial Road 10,MANILA,3,1,BARANGAY 55,,,14.61720703,120.9724571,,,,,,,16,2022-03-10,OSP
MNL002 LP193 NP3-4,MNL002,LP193,NP3-4,MNL002 LP193,Don Quintos,MANILA,3,1,BARANGAY 550,,,14.60800002,121.0016022,,,,,,,16,2019-05-31,OSP
MNL002 LP193 NP1-2,MNL002,LP193,NP1-2,MNL002 LP193,Don Quintos,MANILA,3,1,BARANGAY 550,,,14.60885516,121.00092,,,,,,,16,2019-05-31,OSP
MNL002 LP87 NP7-8,MNL002,LP87,NP7-8,MNL002 LP87,Don Quintos,MANILA,3,1,BARANGAY 550,,,14.608147,121.00202,,,,,,,16,2020-08-06,OSP
MNL002 LP85 NP3-4,MNL002,LP85,NP3-4,MNL002 LP85,Don Quintos,MANILA,3,1,BARANGAY 550,,,14.608085,121.002089,,,,,,,16,2018-04-17,OSP
MNL002 LP85 NP5-6,MNL002,LP85,NP5-6,MNL002 LP85,Don Quintos,MANILA,3,1,BARANGAY 550,,,14.607851,121.001847,,,,,,,16,2018-04-17,OSP
MNL035 LP211 NP6-7-8,MNL035,LP211,NP6-7-8,MNL035 LP211,Pureza (Legarda / Lacson),MANILA,3,1,BARANGAY 550,,,14.608868,121.000835,,,,,,,24,2021-04-28,OSP
MNL035 LP212 NP1-2,MNL035,LP212,NP1-2,MNL035 LP212,Pureza (Legarda / Lacson),MANILA,3,1,BARANGAY 550,,,14.60846,121.001229,,,,,,,16,2021-04-28,OSP
MNL002 LP1 NP5-6,MNL002,LP1,NP5-6,MNL002 LP1,Don Quintos,MANILA,3,1,BARANGAY 551,,,14.606627,121.002624,,,,,,,16,2016-06-16,OSP
MNL002 LP274 NP1-2,MNL002,LP274,NP1-2,MNL002 LP274,Don Quintos,MANILA,3,1,BARANGAY 551,,,14.606829,121.00279,,,,,,,16,2019-11-14,OSP
MNL002 LP364 NP7-8,MNL002,LP364,NP7-8,MNL002 LP364,Don Quintos,MANILA,3,1,BARANGAY 551,,,14.607813,121.00185,,,,,,,16,2020-08-27,OSP
MNL002 LP193 NP5-6,MNL002,LP193,NP5-6,MNL002 LP193,Don Quintos,MANILA,3,1,BARANGAY 551,,,14.60702886,121.0024887,,,,,,,16,2019-05-31,OSP
SJC001 LP527 NP3-4,SJC001,LP527,NP3-4,SJC001 LP527,Greenhills Heights,MANILA,3,1,BARANGAY 551,,,14.606374,121.0028402,,,,,,,16,2021-01-24,OSP
MNL035 LP8 NP7-8,MNL035,LP8,NP7-8,MNL035 LP8,Pureza (Legarda / Lacson),MANILA,3,1,BARANGAY 551,,,14.606923,121.003197,,,,,,,16,2021-04-28,OSP
MNL035 LP208 NP1-2,MNL035,LP208,NP1-2,MNL035 LP208,Pureza (Legarda / Lacson),MANILA,3,1,BARANGAY 551,,,14.607609,121.002575,,,,,,,16,2021-04-28,OSP
MNL035 LP208 NP3-4-5,MNL035,LP208,NP3-4-5,MNL035 LP208,Pureza (Legarda / Lacson),MANILA,3,1,BARANGAY 551,,,14.608075,121.002127,,,,,,,24,2021-04-28,OSP
MNL035 LP212 NP3-4-5,MNL035,LP212,NP3-4-5,MNL035 LP212,Pureza (Legarda / Lacson),MANILA,3,1,BARANGAY 551,,,14.607804,121.001851,,,,,,,24,2021-04-28,OSP
MNL035 LP212 NP6-7-8,MNL035,LP212,NP6-7-8,MNL035 LP212,Pureza (Legarda / Lacson),MANILA,3,1,BARANGAY 551,,,14.607017,121.002607,,,,,,,24,2021-04-28,OSP
MNL002 LP195 NP3-4,MNL002,LP195,NP3-4,MNL002 LP195,Don Quintos,MANILA,3,1,BARANGAY 552,,,14.60908871,121.002933,,,,,,,16,2020-12-10,OSP
MNL002 LP92 NP1-2,MNL002,LP92,NP1-2,MNL002 LP92,Don Quintos,MANILA,3,1,BARANGAY 552,,,14.609053,121.003838,,,,,,,16,2018-04-17,OSP
MNL002 LP92 NP3-4,MNL002,LP92,NP3-4,MNL002 LP92,Don Quintos,MANILA,3,1,BARANGAY 552,,,14.608748,121.003763,,,,,,,16,2018-04-17,OSP
MNL002 LP92 NP5-6,MNL002,LP92,NP5-6,MNL002 LP92,Don Quintos,MANILA,3,1,BARANGAY 552,,,14.608338,121.003679,,,,,,,16,2018-04-16,OSP
MNL002 LP84 NP1-2,MNL002,LP84,NP1-2,MNL002 LP84,Don Quintos,MANILA,3,1,BARANGAY 552,,,14.608916,121.003042,,,,,,,16,2018-04-17,OSP
MNL002 LP84 NP3-4,MNL002,LP84,NP3-4,MNL002 LP84,Don Quintos,MANILA,3,1,BARANGAY 552,,,14.609025,121.003366,,,,,,,16,2018-04-17,OSP
MNL035 LP9 NP1-2,MNL035,LP9,NP1-2,MNL035 LP9,Pureza (Legarda / Lacson),MANILA,3,1,BARANGAY 552,,,14.60804,121.003635,,,,,,,16,2021-04-28,OSP
MNL035 LP223 NP7-8,MNL035,LP223,NP7-8,MNL035 LP223,Pureza (Legarda / Lacson),MANILA,3,1,BARANGAY 552,,,14.608235,121.0034,,,,,,,16,2021-04-28,OSP
MNL035 LP222 NP7-8,MNL035,LP222,NP7-8,MNL035 LP222,Pureza (Legarda / Lacson),MANILA,3,1,BARANGAY 552,,,14.608948,121.003029,,,,,,,16,2021-04-28,OSP
MNL035 LP223 NP1-2,MNL035,LP223,NP1-2,MNL035 LP223,Pureza (Legarda / Lacson),MANILA,3,1,BARANGAY 552,,,14.609774,121.002743,,,,,,,16,2021-04-28,OSP
MNL035 LP223 NP3-4,MNL035,LP223,NP3-4,MNL035 LP223,Pureza (Legarda / Lacson),MANILA,3,1,BARANGAY 552,,,14.609865,121.003139,,,,,,,16,2021-04-28,OSP
MNL002 LP194 NP1-2,MNL002,LP194,NP1-2,MNL002 LP194,Don Quintos,MANILA,3,1,BARANGAY 553,,,14.60912422,121.0016255,,,,,,,16,2019-05-31,OSP
MNL002 LP195 NP1-2,MNL002,LP195,NP1-2,MNL002 LP195,Don Quintos,MANILA,3,1,BARANGAY 553,,,14.60977787,121.0023478,,,,,,,16,2019-05-31,OSP
MNL002 LP86 NP3-4,MNL002,LP86,NP3-4,MNL002 LP86,Don Quintos,MANILA,3,1,BARANGAY 553,,,14.609568,121.001632,,,,,,,16,2018-04-17,OSP
MNL002 LP87 NP5-6,MNL002,LP87,NP5-6,MNL002 LP87,Don Quintos,MANILA,3,1,BARANGAY 553,,,14.608735,121.001446,,,,,,,16,2020-08-06,OSP
MNL002 LP86 NP1-2,MNL002,LP86,NP1-2,MNL002 LP86,Don Quintos,MANILA,3,1,BARANGAY 553,,,14.609415,121.001803,,,,,,,16,2018-04-17,OSP
MNL035 LP222 NP3-4,MNL035,LP222,NP3-4,MNL035 LP222,Pureza (Legarda / Lacson),MANILA,3,1,BARANGAY 553,,,14.609644,121.002367,,,,,,,16,2021-04-28,OSP
MNL035 LP217 NP1-2,MNL035,LP217,NP1-2,MNL035 LP217,Pureza (Legarda / Lacson),MANILA,3,1,BARANGAY 553,,,14.609334,121.001365,,,,,,,16,2021-04-28,OSP
MNL035 LP217 NP3-4-5,MNL035,LP217,NP3-4-5,MNL035 LP217,Pureza (Legarda / Lacson),MANILA,3,1,BARANGAY 553,,,14.609134,121.001548,,,,,,,24,2021-04-28,OSP
MNL035 LP219 NP6-7-8,MNL035,LP219,NP6-7-8,MNL035 LP219,Pureza (Legarda / Lacson),MANILA,3,1,BARANGAY 553,,,14.609378,121.001848,,,,,,,24,2021-04-28,OSP
MNL002 LP86 NP5-6,MNL002,LP86,NP5-6,MNL002 LP86,Don Quintos,MANILA,3,1,BARANGAY 554,,,14.609373,121.001353,,,,,,,16,2018-04-17,OSP
MNL002 LP86 NP7-8,MNL002,LP86,NP7-8,MNL002 LP86,Don Quintos,MANILA,3,1,BARANGAY 554,,,14.609956,121.000786,,,,,,,16,2020-08-06,OSP
MNL002 LP299 NP1-2,MNL002,LP299,NP1-2,MNL002 LP299,Don Quintos,MANILA,3,1,BARANGAY 554,,,14.6106,121.00037,,,,,,,16,2019-12-23,OSP
MNL035 LP209 NP1-2,MNL035,LP209,NP1-2,MNL035 LP209,Pureza (Legarda / Lacson),MANILA,3,1,BARANGAY 554,,,14.60914,121.001119,,,,,,,16,2021-04-28,OSP
MNL035 LP209 NP3-4-5,MNL035,LP209,NP3-4-5,MNL035 LP209,Pureza (Legarda / Lacson),MANILA,3,1,BARANGAY 554,,,14.60973,121.000548,,,,,,,24,2021-04-28,OSP
MNL035 LP220 NP1-2,MNL035,LP220,NP1-2,MNL035 LP220,Pureza (Legarda / Lacson),MANILA,3,1,BARANGAY 554,,,14.610128,121.001897,,,,,,,16,2021-04-28,OSP
MNL035 LP220 NP3-4-5,MNL035,LP220,NP3-4-5,MNL035 LP220,Pureza (Legarda / Lacson),MANILA,3,1,BARANGAY 554,,,14.610804,121.001672,,,,,,,24,2021-04-28,OSP
MNL035 LP216 NP3-4-5,MNL035,LP216,NP3-4-5,MNL035 LP216,Pureza (Legarda / Lacson),MANILA,3,1,BARANGAY 554,,,14.610304,121.000452,,,,,,,24,2021-04-28,OSP
MNL035 LP216 NP6-7-8,MNL035,LP216,NP6-7-8,MNL035 LP216,Pureza (Legarda / Lacson),MANILA,3,1,BARANGAY 554,,,14.609706,121.001014,,,,,,,24,2021-04-28,OSP
MNL002 LP65 NP3-4,MNL002,LP65,NP3-4,MNL002 LP65,Don Quintos,MANILA,3,1,BARANGAY 555,,,14.61131976,121.0079289,,,,,,,16,2018-03-08,OSP
MNL002 LP65 NP5-6,MNL002,LP65,NP5-6,MNL002 LP65,Don Quintos,MANILA,3,1,BARANGAY 555,,,14.61080926,121.008578,,,,,,,16,2018-03-08,OSP
MNL002 LP66 NP3-4,MNL002,LP66,NP3-4,MNL002 LP66,Don Quintos,MANILA,3,1,BARANGAY 555,,,14.61035769,121.0090299,,,,,,,16,2018-03-08,OSP
MNL002 LP298 NP3-4,MNL002,LP298,NP3-4,MNL002 LP298,Don Quintos,MANILA,3,1,BARANGAY 555,,,14.611549,121.007652,,,,,,,16,2019-12-19,OSP
MNL002 LP298 NP5-6,MNL002,LP298,NP5-6,MNL002 LP298,Don Quintos,MANILA,3,1,BARANGAY 555,,,14.611084,121.008293,,,,,,,16,2020-07-29,OSP
MNL002 LP298 NP7-8,MNL002,LP298,NP7-8,MNL002 LP298,Don Quintos,MANILA,3,1,BARANGAY 555,,,14.610633,121.008864,,,,,,,16,2020-07-29,OSP
MNL002 LP296 NP3-4,MNL002,LP296,NP3-4,MNL002 LP296,Don Quintos,MANILA,3,1,BARANGAY 555,,,14.610384,121.009044,,,,,,,16,2019-12-19,OSP
MNL035 LP198 NP1-2,MNL035,LP198,NP1-2,MNL035 LP198,Pureza (Legarda / Lacson),MANILA,3,1,BARANGAY 555,,,14.610639,121.008863,,,,,,,16,2021-05-18,OSP
MNL035 LP198 NP3-4-5,MNL035,LP198,NP3-4-5,MNL035 LP198,Pureza (Legarda / Lacson),MANILA,3,1,BARANGAY 555,,,14.611209,121.008131,,,,,,,24,2021-05-18,OSP
MNL035 LP198 NP6-7-8,MNL035,LP198,NP6-7-8,MNL035 LP198,Pureza (Legarda / Lacson),MANILA,3,1,BARANGAY 555,,,14.611686,121.007515,,,,,,,24,2021-05-18,OSP
MNL002 LP63 NP3-4,MNL002,LP63,NP3-4,MNL002 LP63,Don Quintos,MANILA,3,1,BARANGAY 556,,,14.61157075,121.0070246,,,,,,,16,2018-03-08,OSP
MNL002 LP63 NP5-6,MNL002,LP63,NP5-6,MNL002 LP63,Don Quintos,MANILA,3,1,BARANGAY 556,,,14.61100094,121.0077429,,,,,,,16,2018-03-08,OSP
MNL002 LP63 NP7-8,MNL002,LP63,NP7-8,MNL002 LP63,Don Quintos,MANILA,3,1,BARANGAY 556,,,14.610487,121.008408,,,,,,,16,2020-08-04,OSP
MNL002 LP66 NP5-6,MNL002,LP66,NP5-6,MNL002 LP66,Don Quintos,MANILA,3,1,BARANGAY 556,,,14.61008349,121.0087968,,,,,,,16,2018-03-08,OSP
MNL002 LP62 NP5-6,MNL002,LP62,NP5-6,MNL002 LP62,Don Quintos,MANILA,3,1,BARANGAY 556,,,14.611083,121.007666,,,,,,,16,2020-08-04,OSP
MNL002 LP187 NP1-2,MNL002,LP187,NP1-2,MNL002 LP187,Don Quintos,MANILA,3,1,BARANGAY 556,,,14.61070707,121.0080124,,,,,,,16,2019-05-31,OSP
MNL002 LP296 NP1-2,MNL002,LP296,NP1-2,MNL002 LP296,Don Quintos,MANILA,3,1,BARANGAY 556,,,14.610068,121.008801,,,,,,,16,2019-12-19,OSP
MNL035 LP195 NP3-4-5,MNL035,LP195,NP3-4-5,MNL035 LP195,Pureza (Legarda / Lacson),MANILA,3,1,BARANGAY 556,,,14.611627,121.006954,,,,,,,24,2021-05-18,OSP
MNL035 LP195 NP6-7-8,MNL035,LP195,NP6-7-8,MNL035 LP195,Pureza (Legarda / Lacson),MANILA,3,1,BARANGAY 556,,,14.611376,121.007266,,,,,,,24,2021-05-18,OSP
MNL035 LP196 NP1-2,MNL035,LP196,NP1-2,MNL035 LP196,Pureza (Legarda / Lacson),MANILA,3,1,BARANGAY 556,,,14.610884,121.007902,,,,,,,16,2021-05-18,OSP
MNL035 LP196 NP3-4-5,MNL035,LP196,NP3-4-5,MNL035 LP196,Pureza (Legarda / Lacson),MANILA,3,1,BARANGAY 556,,,14.610152,121.00885,,,,,,,24,2021-05-18,OSP
MNL002 LP62 NP3-4,MNL002,LP62,NP3-4,MNL002 LP62,Don Quintos,MANILA,3,1,BARANGAY 557,,,14.61079923,121.0074542,,,,,,,16,2018-03-08,OSP
MNL002 LP293 NP7-8,MNL002,LP293,NP7-8,MNL002 LP293,Don Quintos,MANILA,3,1,BARANGAY 557,,,14.610137,121.008284,,,,,,,16,2019-12-19,OSP
MNL002 LP293 NP3-4,MNL002,LP293,NP3-4,MNL002 LP293,Don Quintos,MANILA,3,1,BARANGAY 557,,,14.61179,121.006174,,,,,,,16,2019-12-19,OSP
MNL002 LP293 NP5-6,MNL002,LP293,NP5-6,MNL002 LP293,Don Quintos,MANILA,3,1,BARANGAY 557,,,14.610741,121.007472,,,,,,,16,2019-12-19,OSP
MNL035 LP193 NP6-7-8,MNL035,LP193,NP6-7-8,MNL035 LP193,Pureza (Legarda / Lacson),MANILA,3,1,BARANGAY 557,,,14.610152,121.008359,,,,,,,24,2021-05-18,OSP
MNL035 LP194 NP1-2,MNL035,LP194,NP1-2,MNL035 LP194,Pureza (Legarda / Lacson),MANILA,3,1,BARANGAY 557,,,14.610411,121.007936,,,,,,,16,2021-05-18,OSP
MNL035 LP194 NP3-4-5,MNL035,LP194,NP3-4-5,MNL035 LP194,Pureza (Legarda / Lacson),MANILA,3,1,BARANGAY 557,,,14.610799,121.007427,,,,,,,24,2021-05-18,OSP
MNL035 LP194 NP6-7-8,MNL035,LP194,NP6-7-8,MNL035 LP194,Pureza (Legarda / Lacson),MANILA,3,1,BARANGAY 557,,,14.611316,121.006852,,,,,,,24,2021-05-18,OSP
MNL002 LP66 NP7-8,MNL002,LP66,NP7-8,MNL002 LP66,Don Quintos,MANILA,3,1,BARANGAY 558,,,14.609638,121.008462,,,,,,,16,2018-03-08,OSP
MNL002 LP61 NP3-4,MNL002,LP61,NP3-4,MNL002 LP61,Don Quintos,MANILA,3,1,BARANGAY 558,,,14.6110602,121.0065433,,,,,,,16,2018-03-08,OSP
MNL002 LP61 NP5-6,MNL002,LP61,NP5-6,MNL002 LP61,Don Quintos,MANILA,3,1,BARANGAY 558,,,14.61054703,121.0072288,,,,,,,16,2018-03-08,OSP
MNL002 LP61 NP7-8,MNL002,LP61,NP7-8,MNL002 LP61,Don Quintos,MANILA,3,1,BARANGAY 558,,,14.61004724,121.0078566,,,,,,,16,2018-03-08,OSP
MNL002 LP188 NP7-8,MNL002,LP188,NP7-8,MNL002 LP188,Don Quintos,MANILA,3,1,BARANGAY 558,,,14.609683,121.008357,,,,,,,16,2020-08-06,OSP
MNL002 LP292 NP5-6,MNL002,LP292,NP5-6,MNL002 LP292,Don Quintos,MANILA,3,1,BARANGAY 558,,,14.610651,121.007017,,,,,,,16,2019-12-19,OSP
MNL002 LP292 NP7-8,MNL002,LP292,NP7-8,MNL002 LP292,Don Quintos,MANILA,3,1,BARANGAY 558,,,14.610196,121.007662,,,,,,,16,2019-12-19,OSP
MNL002 LP293 NP1-2,MNL002,LP293,NP1-2,MNL002 LP293,Don Quintos,MANILA,3,1,BARANGAY 558,,,14.61129,121.006195,,,,,,,16,2019-12-19,OSP
MNL035 LP191 NP3-4-5,MNL035,LP191,NP3-4-5,MNL035 LP191,Pureza (Legarda / Lacson),MANILA,3,1,BARANGAY 558,,,14.610782,121.007,,,,,,,24,2021-05-18,OSP
MNL035 LP191 NP6-7-8,MNL035,LP191,NP6-7-8,MNL035 LP191,Pureza (Legarda / Lacson),MANILA,3,1,BARANGAY 558,,,14.610396,121.007501,,,,,,,24,2021-05-18,OSP
MNL035 LP192 NP1-2,MNL035,LP192,NP1-2,MNL035 LP192,Pureza (Legarda / Lacson),MANILA,3,1,BARANGAY 558,,,14.610051,121.007953,,,,,,,16,2021-05-18,OSP
MNL035 LP192 NP3-4-5,MNL035,LP192,NP3-4-5,MNL035 LP192,Pureza (Legarda / Lacson),MANILA,3,1,BARANGAY 558,,,14.609642,121.008459,,,,,,,24,2021-05-18,OSP
MNL035 LP191 NP1-2,MNL035,LP191,NP1-2,MNL035 LP191,Pureza (Legarda / Lacson),MANILA,3,1,BARANGAY 558,,,14.611336,121.006301,,,,,,,16,2021-05-18,OSP
MNL002 LP291 NP7-8,MNL002,LP291,NP7-8,MNL002 LP291,Don Quintos,MANILA,3,1,BARANGAY 559,,,14.610884,121.006178,,,,,,,16,2019-12-19,OSP
MNL002 LP292 NP1-2,MNL002,LP292,NP1-2,MNL002 LP292,Don Quintos,MANILA,3,1,BARANGAY 559,,,14.61035,121.006793,,,,,,,16,2019-12-19,OSP
MNL002 LP292 NP3-4,MNL002,LP292,NP3-4,MNL002 LP292,Don Quintos,MANILA,3,1,BARANGAY 559,,,14.609827,121.007545,,,,,,,16,2019-12-19,OSP
MNL035 LP189 NP1-2,MNL035,LP189,NP1-2,MNL035 LP189,Pureza (Legarda / Lacson),MANILA,3,1,BARANGAY 559,,,14.611023,121.006006,,,,,,,16,2021-05-18,OSP
MNL035 LP189 NP3-4-5,MNL035,LP189,NP3-4-5,MNL035 LP189,Pureza (Legarda / Lacson),MANILA,3,1,BARANGAY 559,,,14.610715,121.006405,,,,,,,24,2021-05-18,OSP
MNL035 LP189 NP6-7-8,MNL035,LP189,NP6-7-8,MNL035 LP189,Pureza (Legarda / Lacson),MANILA,3,1,BARANGAY 559,,,14.610197,121.007077,,,,,,,24,2021-05-18,OSP
MNL035 LP190 NP1-2,MNL035,LP190,NP1-2,MNL035 LP190,Pureza (Legarda / Lacson),MANILA,3,1,BARANGAY 559,,,14.609654,121.00776,,,,,,,16,2021-05-18,OSP
MNL003 LP159 NP7-8,MNL003,LP159,NP7-8,MNL003 LP159,City Square,MANILA,3,1,BARANGAY 56,,,14.60958163,120.970331,,,,,,,16,2019-01-29,OSP
MNL003 LP293 NP1-2,MNL003,LP293,NP1-2,MNL003 LP293,City Square,MANILA,3,1,BARANGAY 56,,,14.611125,120.969474,,,,,,,16,2019-03-29,OSP
MNL003 LP293 NP7-8,MNL003,LP293,NP7-8,MNL003 LP293,City Square,MANILA,3,1,BARANGAY 56,,,14.611023,120.970009,,,,,,,16,2019-03-29,OSP
MNL005 LP183 NP7-8,MNL005,LP183,NP7-8,MNL005 LP183,Orchard Building (City Square 2),MANILA,3,1,BARANGAY 56,,,14.609503,120.970944,,,,,,,16,2020-12-29,OSP
MNL005 LP54 NP5-6,MNL005,LP54,NP5-6,MNL005 LP54,Orchard Building (City Square 2),MANILA,3,1,BARANGAY 56,,,14.60873,120.971214,,,,,,,16,2020-12-28,OSP
MNL005 LP71 NP5-6,MNL005,LP71,NP5-6,MNL005 LP71,Orchard Building (City Square 2),MANILA,3,1,BARANGAY 56,,,14.611132,120.971273,,,,,,,16,2020-12-20,OSP
MNL005 LP68 NP5-6,MNL005,LP68,NP5-6,MNL005 LP68,Orchard Building (City Square 2),MANILA,3,1,BARANGAY 56,,,14.611374,120.970203,,,,,,,16,2020-12-20,OSP
MNL005 LP68 NP7-8,MNL005,LP68,NP7-8,MNL005 LP68,Orchard Building (City Square 2),MANILA,3,1,BARANGAY 56,,,14.61104,120.970031,,,,,,,16,2020-12-20,OSP
MNL005 LP69 NP1-2,MNL005,LP69,NP1-2,MNL005 LP69,Orchard Building (City Square 2),MANILA,3,1,BARANGAY 56,,,14.610989,120.970296,,,,,,,16,2020-12-20,OSP
MNL005 LP69 NP3-4,MNL005,LP69,NP3-4,MNL005 LP69,Orchard Building (City Square 2),MANILA,3,1,BARANGAY 56,,,14.610942,120.970554,,,,,,,16,2020-12-20,OSP
MNL005 LP69 NP5-6,MNL005,LP69,NP5-6,MNL005 LP69,Orchard Building (City Square 2),MANILA,3,1,BARANGAY 56,,,14.610898,120.970835,,,,,,,16,2020-12-20,OSP
MNL005 LP69 NP7-8,MNL005,LP69,NP7-8,MNL005 LP69,Orchard Building (City Square 2),MANILA,3,1,BARANGAY 56,,,14.610853,120.971117,,,,,,,16,2020-12-20,OSP
MNL005 LP63 NP1-2,MNL005,LP63,NP1-2,MNL005 LP63,Orchard Building (City Square 2),MANILA,3,1,BARANGAY 56,,,14.610228,120.969278,,,,,,,16,2020-12-20,OSP
MNL005 LP63 NP3-4,MNL005,LP63,NP3-4,MNL005 LP63,Orchard Building (City Square 2),MANILA,3,1,BARANGAY 56,,,14.61009,120.96979,,,,,,,16,2020-12-20,OSP
MNL005 LP63 NP5-6,MNL005,LP63,NP5-6,MNL005 LP63,Orchard Building (City Square 2),MANILA,3,1,BARANGAY 56,,,14.610038,120.970485,,,,,,,16,2020-12-20,OSP
MNL005 LP63 NP7-8,MNL005,LP63,NP7-8,MNL005 LP63,Orchard Building (City Square 2),MANILA,3,1,BARANGAY 56,,,14.609932,120.971119,,,,,,,16,2020-12-20,OSP
MNL005 LP662 NP1,MNL005,LP662,NP1,MNL005 LP662,Orchard Building (City Square 2),MANILA,3,1,BARANGAY 56,,RYSSO TOWER,14.6105,120.969361,MNL165P,5F,EE ROOM,,,,8,2024-04-30,ISP
MNL045 LP460 NP1-2,MNL045,LP460,NP1-2,MNL045 LP460,Radial Road 10,MANILA,3,1,BARANGAY 56,,,14.610869,120.97108,,,,,,,16,2022-03-10,OSP
MNL045 LP460 NP3-5,MNL045,LP460,NP3-5,MNL045 LP460,Radial Road 10,MANILA,3,1,BARANGAY 56,,,14.610816,120.971242,,,,,,,24,2022-03-10,OSP
MNL045 LP460 NP6-8,MNL045,LP460,NP6-8,MNL045 LP460,Radial Road 10,MANILA,3,1,BARANGAY 56,,,14.610816,120.971244,,,,,,,24,2022-03-10,OSP
MNL045 LP463 NP3-5,MNL045,LP463,NP3-5,MNL045 LP463,Radial Road 10,MANILA,3,1,BARANGAY 56,,,14.610088,120.969806,,,,,,,24,2022-03-10,OSP
MNL045 LP463 NP6-8,MNL045,LP463,NP6-8,MNL045 LP463,Radial Road 10,MANILA,3,1,BARANGAY 56,,,14.610032,120.970446,,,,,,,24,2022-03-10,OSP
MNL045 LP464 NP1-2,MNL045,LP464,NP1-2,MNL045 LP464,Radial Road 10,MANILA,3,1,BARANGAY 56,,,14.609589,120.970335,,,,,,,16,2022-03-10,OSP
MNL045 LP464 NP3-5,MNL045,LP464,NP3-5,MNL045 LP464,Radial Road 10,MANILA,3,1,BARANGAY 56,,,14.609695,120.969573,,,,,,,24,2022-03-10,OSP
MNL045 LP456 NP6-8,MNL045,LP456,NP6-8,MNL045 LP456,Radial Road 10,MANILA,3,1,BARANGAY 56,,,14.611367,120.970213,,,,,,,24,2022-03-10,OSP
MNL045 LP457 NP1-2,MNL045,LP457,NP1-2,MNL045 LP457,Radial Road 10,MANILA,3,1,BARANGAY 56,,,14.611368,120.970207,,,,,,,16,2022-03-10,OSP
MNL045 LP457 NP3-5,MNL045,LP457,NP3-5,MNL045 LP457,Radial Road 10,MANILA,3,1,BARANGAY 56,,,14.611218,120.970142,,,,,,,24,2022-03-10,OSP
MNL045 LP457 NP6-8,MNL045,LP457,NP6-8,MNL045 LP457,Radial Road 10,MANILA,3,1,BARANGAY 56,,,14.611216,120.970142,,,,,,,24,2022-03-10,OSP
MNL045 LP458 NP1-2,MNL045,LP458,NP1-2,MNL045 LP458,Radial Road 10,MANILA,3,1,BARANGAY 56,,,14.611048,120.970015,,,,,,,16,2022-03-10,OSP
MNL045 LP458 NP3-5,MNL045,LP458,NP3-5,MNL045 LP458,Radial Road 10,MANILA,3,1,BARANGAY 56,,,14.611075,120.969863,,,,,,,24,2022-03-10,OSP
MNL045 LP458 NP6-8,MNL045,LP458,NP6-8,MNL045 LP458,Radial Road 10,MANILA,3,1,BARANGAY 56,,,14.611072,120.969865,,,,,,,24,2022-03-10,OSP
MNL045 LP459 NP1-2,MNL045,LP459,NP1-2,MNL045 LP459,Radial Road 10,MANILA,3,1,BARANGAY 56,,,14.610991,120.970329,,,,,,,16,2022-03-10,OSP
MNL045 LP459 NP3-5,MNL045,LP459,NP3-5,MNL045 LP459,Radial Road 10,MANILA,3,1,BARANGAY 56,,,14.610954,120.97056,,,,,,,24,2022-03-10,OSP
MNL045 LP459 NP6-8,MNL045,LP459,NP6-8,MNL045 LP459,Radial Road 10,MANILA,3,1,BARANGAY 56,,,14.6109,120.970862,,,,,,,24,2022-03-10,OSP
MNL001 LP20 NP3-4,MNL001,LP20,NP3-4,MNL001 LP20,Zen Tower,MANILA,3,1,BARANGAY 56,,,14.610155,120.969272,,,,,,,16,2015-07-27,OSP
MNL002 LP64 NP7-8,MNL002,LP64,NP7-8,MNL002 LP64,Don Quintos,MANILA,3,1,BARANGAY 560,,,14.609257,121.009961,,,,,,,16,2018-03-08,OSP
MNL002 LP65 NP7-8,MNL002,LP65,NP7-8,MNL002 LP65,Don Quintos,MANILA,3,1,BARANGAY 560,,,14.609997,121.009633,,,,,,,16,2020-08-04,OSP
MNL002 LP187 NP3-4,MNL002,LP187,NP3-4,MNL002 LP187,Don Quintos,MANILA,3,1,BARANGAY 560,,,14.60942868,121.0096408,,,,,,,16,2019-05-31,OSP
MNL002 LP296 NP5-6,MNL002,LP296,NP5-6,MNL002 LP296,Don Quintos,MANILA,3,1,BARANGAY 560,,,14.609759,121.009971,,,,,,,16,2019-12-19,OSP
MNL035 LP197 NP1-2,MNL035,LP197,NP1-2,MNL035 LP197,Pureza (Legarda / Lacson),MANILA,3,1,BARANGAY 560,,,14.609721,121.0094,,,,,,,16,2021-05-18,OSP
MNL035 LP197 NP3-4-5,MNL035,LP197,NP3-4-5,MNL035 LP197,Pureza (Legarda / Lacson),MANILA,3,1,BARANGAY 560,,,14.609862,121.00977,,,,,,,24,2021-05-18,OSP
MNL035 LP197 NP6-7-8,MNL035,LP197,NP6-7-8,MNL035 LP197,Pureza (Legarda / Lacson),MANILA,3,1,BARANGAY 560,,,14.610395,121.009096,,,,,,,24,2021-05-18,OSP
MNL035 LP196 NP6-7-8,MNL035,LP196,NP6-7-8,MNL035 LP196,Pureza (Legarda / Lacson),MANILA,3,1,BARANGAY 560,,,14.609935,121.009113,,,,,,,24,2021-05-18,OSP
MNL035 LP33 NP1-2,MNL035,LP33,NP1-2,MNL035 LP33,Pureza (Legarda / Lacson),MANILA,3,1,BARANGAY 560,,,14.609572,121.010147,,,,,,,16,2021-04-29,OSP
MNL035 LP32 NP1-2,MNL035,LP32,NP1-2,MNL035 LP32,Pureza (Legarda / Lacson),MANILA,3,1,BARANGAY 560,,,14.609357,121.009969,,,,,,,16,2021-04-29,OSP
MNL002 LP70 NP5-6,MNL002,LP70,NP5-6,MNL002 LP70,Don Quintos,MANILA,3,1,BARANGAY 561,,,14.61049708,121.0061309,,,,,,,16,2018-03-08,OSP
MNL002 LP70 NP7-8,MNL002,LP70,NP7-8,MNL002 LP70,Don Quintos,MANILA,3,1,BARANGAY 561,,,14.61118,121.005338,,,,,,,16,2020-08-04,OSP
MNL002 LP68 NP5-6,MNL002,LP68,NP5-6,MNL002 LP68,Don Quintos,MANILA,3,1,BARANGAY 561,,,14.60910261,121.0079871,,,,,,,16,2018-03-08,OSP
MNL002 LP69 NP3-4,MNL002,LP69,NP3-4,MNL002 LP69,Don Quintos,MANILA,3,1,BARANGAY 561,,,14.61016196,121.0066027,,,,,,,16,2018-03-08,OSP
MNL002 LP69 NP5-6,MNL002,LP69,NP5-6,MNL002 LP69,Don Quintos,MANILA,3,1,BARANGAY 561,,,14.60974503,121.0071179,,,,,,,16,2018-03-08,OSP
MNL002 LP69 NP7-8,MNL002,LP69,NP7-8,MNL002 LP69,Don Quintos,MANILA,3,1,BARANGAY 561,,,14.609323,121.007664,,,,,,,16,2020-08-04,OSP
MNL002 LP70 NP3-4,MNL002,LP70,NP3-4,MNL002 LP70,Don Quintos,MANILA,3,1,BARANGAY 561,,,14.61099176,121.0055159,,,,,,,16,2018-03-08,OSP
MNL002 LP6 NP1-2,MNL002,LP6,NP1-2,MNL002 LP6,Don Quintos,MANILA,3,1,BARANGAY 561,,,14.610742,121.005756,,,,,,,16,2017-02-12,OSP
MNL002 LP6 NP3-4,MNL002,LP6,NP3-4,MNL002 LP6,Don Quintos,MANILA,3,1,BARANGAY 561,,,14.610168,121.006485,,,,,,,16,2017-02-12,OSP
MNL002 LP6 NP5-6,MNL002,LP6,NP5-6,MNL002 LP6,Don Quintos,MANILA,3,1,BARANGAY 561,,,14.609579,121.00725,,,,,,,16,2017-02-12,OSP
MNL002 LP186 NP3-4,MNL002,LP186,NP3-4,MNL002 LP186,Don Quintos,MANILA,3,1,BARANGAY 561,,,14.60905556,121.0072851,,,,,,,16,2019-05-31,OSP
MNL002 LP186 NP5-6,MNL002,LP186,NP5-6,MNL002 LP186,Don Quintos,MANILA,3,1,BARANGAY 561,,,14.6098215,121.006396,,,,,,,16,2019-05-31,OSP
MNL002 LP186 NP7-8,MNL002,LP186,NP7-8,MNL002 LP186,Don Quintos,MANILA,3,1,BARANGAY 561,,,14.61058083,121.0054959,,,,,,,16,2019-05-31,OSP
MNL002 LP290 NP1-2,MNL002,LP290,NP1-2,MNL002 LP290,Don Quintos,MANILA,3,1,BARANGAY 561,,,14.61082,121.005063,,,,,,,16,2019-12-19,OSP
MNL002 LP291 NP1-2,MNL002,LP291,NP1-2,MNL002 LP291,Don Quintos,MANILA,3,1,BARANGAY 561,,,14.61005,121.006509,,,,,,,16,2019-12-19,OSP
MNL002 LP291 NP5-6,MNL002,LP291,NP5-6,MNL002 LP291,Don Quintos,MANILA,3,1,BARANGAY 561,,,14.609682,121.007174,,,,,,,16,2019-12-19,OSP
MNL035 LP10 NP3-4,MNL035,LP10,NP3-4,MNL035 LP10,Pureza (Legarda / Lacson),MANILA,3,1,BARANGAY 561,,,14.611181,121.00533,,,,,,,16,2021-04-28,OSP
MNL035 LP187 NP1-2,MNL035,LP187,NP1-2,MNL035 LP187,Pureza (Legarda / Lacson),MANILA,3,1,BARANGAY 561,,,14.60909,121.007994,,,,,,,16,2021-05-18,OSP
MNL035 LP187 NP3-4-5,MNL035,LP187,NP3-4-5,MNL035 LP187,Pureza (Legarda / Lacson),MANILA,3,1,BARANGAY 561,,,14.609419,121.007471,,,,,,,24,2021-05-18,OSP
MNL035 LP187 NP6-7-8,MNL035,LP187,NP6-7-8,MNL035 LP187,Pureza (Legarda / Lacson),MANILA,3,1,BARANGAY 561,,,14.609916,121.00684,,,,,,,24,2021-05-18,OSP
MNL035 LP188 NP1-2,MNL035,LP188,NP1-2,MNL035 LP188,Pureza (Legarda / Lacson),MANILA,3,1,BARANGAY 561,,,14.610119,121.006579,,,,,,,16,2021-05-18,OSP
MNL035 LP188 NP3-4-5,MNL035,LP188,NP3-4-5,MNL035 LP188,Pureza (Legarda / Lacson),MANILA,3,1,BARANGAY 561,,,14.611018,121.005428,,,,,,,24,2021-05-18,OSP
MNL035 LP184 NP6-7-8,MNL035,LP184,NP6-7-8,MNL035 LP184,Pureza (Legarda / Lacson),MANILA,3,1,BARANGAY 561,,,14.610719,121.005237,,,,,,,24,2021-05-18,OSP
MNL035 LP185 NP1-2,MNL035,LP185,NP1-2,MNL035 LP185,Pureza (Legarda / Lacson),MANILA,3,1,BARANGAY 561,,,14.610277,121.005888,,,,,,,16,2021-05-18,OSP
MNL035 LP185 NP3-4-5,MNL035,LP185,NP3-4-5,MNL035 LP185,Pureza (Legarda / Lacson),MANILA,3,1,BARANGAY 561,,,14.609498,121.006841,,,,,,,24,2021-05-18,OSP
MNL035 LP185 NP6-7-8,MNL035,LP185,NP6-7-8,MNL035 LP185,Pureza (Legarda / Lacson),MANILA,3,1,BARANGAY 561,,,14.60902,121.007446,,,,,,,24,2021-05-18,OSP
MNL035 LP186 NP1-2,MNL035,LP186,NP1-2,MNL035 LP186,Pureza (Legarda / Lacson),MANILA,3,1,BARANGAY 561,,,14.608819,121.007765,,,,,,,16,2021-05-18,OSP
MNL002 LP7 NP1-2,MNL002,LP7,NP1-2,MNL002 LP7,Don Quintos,MANILA,3,1,BARANGAY 562,,,14.60856,121.007583,,,,,,,16,2017-02-12,OSP
MNL002 LP290 NP3-4,MNL002,LP290,NP3-4,MNL002 LP290,Don Quintos,MANILA,3,1,BARANGAY 562,,,14.610258,121.005206,,,,,,,16,2019-12-19,OSP
MNL002 LP290 NP5-6,MNL002,LP290,NP5-6,MNL002 LP290,Don Quintos,MANILA,3,1,BARANGAY 562,,,14.609775,121.005851,,,,,,,16,2019-12-19,OSP
MNL002 LP291 NP3-4,MNL002,LP291,NP3-4,MNL002 LP291,Don Quintos,MANILA,3,1,BARANGAY 562,,,14.609041,121.006836,,,,,,,16,2019-12-19,OSP
MNL035 LP183 NP3-4-5,MNL035,LP183,NP3-4-5,MNL035 LP183,Pureza (Legarda / Lacson),MANILA,3,1,BARANGAY 562,,,14.608858,121.007185,,,,,,,24,2021-05-18,OSP
MNL035 LP183 NP6-7-8,MNL035,LP183,NP6-7-8,MNL035 LP183,Pureza (Legarda / Lacson),MANILA,3,1,BARANGAY 562,,,14.609487,121.006365,,,,,,,24,2021-05-18,OSP
MNL035 LP184 NP1-2,MNL035,LP184,NP1-2,MNL035 LP184,Pureza (Legarda / Lacson),MANILA,3,1,BARANGAY 562,,,14.609958,121.005758,,,,,,,16,2021-05-18,OSP
MNL035 LP184 NP3-4-5,MNL035,LP184,NP3-4-5,MNL035 LP184,Pureza (Legarda / Lacson),MANILA,3,1,BARANGAY 562,,,14.610241,121.005391,,,,,,,24,2021-05-18,OSP
MNL002 LP68 NP3-4,MNL002,LP68,NP3-4,MNL002 LP68,Don Quintos,MANILA,3,1,BARANGAY 563,,,14.60827534,121.0073145,,,,,,,16,2018-03-08,OSP
MNL002 LP185 NP1-2,MNL002,LP185,NP1-2,MNL002 LP185,Don Quintos,MANILA,3,1,BARANGAY 563,,,14.60998448,121.0051094,,,,,,,16,2019-05-31,OSP
MNL002 LP185 NP3-4,MNL002,LP185,NP3-4,MNL002 LP185,Don Quintos,MANILA,3,1,BARANGAY 563,,,14.60886738,121.006544,,,,,,,16,2019-05-31,OSP
MNL002 LP290 NP7-8,MNL002,LP290,NP7-8,MNL002 LP290,Don Quintos,MANILA,3,1,BARANGAY 563,,,14.609231,121.005921,,,,,,,16,2019-12-19,OSP
MNL035 LP181 NP3-4-5,MNL035,LP181,NP3-4-5,MNL035 LP181,Pureza (Legarda / Lacson),MANILA,3,1,BARANGAY 563,,,14.608611,121.006888,,,,,,,24,2021-05-18,OSP
MNL035 LP181 NP6-7-8,MNL035,LP181,NP6-7-8,MNL035 LP181,Pureza (Legarda / Lacson),MANILA,3,1,BARANGAY 563,,,14.608274,121.007326,,,,,,,24,2021-05-18,OSP
MNL035 LP180 NP3-4-5,MNL035,LP180,NP3-4-5,MNL035 LP180,Pureza (Legarda / Lacson),MANILA,3,1,BARANGAY 563,,,14.609855,121.005303,,,,,,,24,2021-05-18,OSP
MNL035 LP180 NP6-7-8,MNL035,LP180,NP6-7-8,MNL035 LP180,Pureza (Legarda / Lacson),MANILA,3,1,BARANGAY 563,,,14.609482,121.005779,,,,,,,24,2021-05-18,OSP
MNL035 LP181 NP1-2,MNL035,LP181,NP1-2,MNL035 LP181,Pureza (Legarda / Lacson),MANILA,3,1,BARANGAY 563,,,14.609172,121.006094,,,,,,,16,2021-05-18,OSP
MNL002 LP68 NP1-2,MNL002,LP68,NP1-2,MNL002 LP68,Don Quintos,MANILA,3,1,BARANGAY 564,,,14.6080146,121.007107,,,,,,,16,2018-03-08,OSP
MNL002 LP69 NP1-2,MNL002,LP69,NP1-2,MNL002 LP69,Don Quintos,MANILA,3,1,BARANGAY 564,,,14.60909786,121.0057548,,,,,,,16,2018-03-08,OSP
MNL002 LP7 NP3-4,MNL002,LP7,NP3-4,MNL002 LP7,Don Quintos,MANILA,3,1,BARANGAY 564,,,14.607904,121.007062,,,,,,,16,2017-02-12,OSP
MNL002 LP286 NP1-2,MNL002,LP286,NP1-2,MNL002 LP286,Don Quintos,MANILA,3,1,BARANGAY 564,,,14.609606,121.005014,,,,,,,16,2019-12-19,OSP
MNL002 LP286 NP3-4,MNL002,LP286,NP3-4,MNL002 LP286,Don Quintos,MANILA,3,1,BARANGAY 564,,,14.610117,121.004367,,,,,,,16,2019-12-19,OSP
MNL002 LP287 NP1-2,MNL002,LP287,NP1-2,MNL002 LP287,Don Quintos,MANILA,3,1,BARANGAY 564,,,14.609049,121.005741,,,,,,,16,2019-12-19,OSP
MNL002 LP287 NP3-4,MNL002,LP287,NP3-4,MNL002 LP287,Don Quintos,MANILA,3,1,BARANGAY 564,,,14.608581,121.006339,,,,,,,16,2019-12-19,OSP
MNL002 LP287 NP5-6,MNL002,LP287,NP5-6,MNL002 LP287,Don Quintos,MANILA,3,1,BARANGAY 564,,,14.607933,121.007056,,,,,,,16,2019-12-19,OSP
MNL035 LP178 NP3-4-5,MNL035,LP178,NP3-4-5,MNL035 LP178,Pureza (Legarda / Lacson),MANILA,3,1,BARANGAY 564,,,14.607949,121.007075,,,,,,,24,2021-05-18,OSP
MNL035 LP178 NP6-7-8,MNL035,LP178,NP6-7-8,MNL035 LP178,Pureza (Legarda / Lacson),MANILA,3,1,BARANGAY 564,,,14.608379,121.006665,,,,,,,24,2021-05-18,OSP
MNL035 LP179 NP1-2,MNL035,LP179,NP1-2,MNL035 LP179,Pureza (Legarda / Lacson),MANILA,3,1,BARANGAY 564,,,14.608824,121.006083,,,,,,,16,2021-05-18,OSP
MNL035 LP179 NP3-4-5,MNL035,LP179,NP3-4-5,MNL035 LP179,Pureza (Legarda / Lacson),MANILA,3,1,BARANGAY 564,,,14.609087,121.005724,,,,,,,24,2021-05-18,OSP
MNL035 LP179 NP6-7-8,MNL035,LP179,NP6-7-8,MNL035 LP179,Pureza (Legarda / Lacson),MANILA,3,1,BARANGAY 564,,,14.60969,121.004941,,,,,,,24,2021-05-18,OSP
MNL002 LP95 NP1-2,MNL002,LP95,NP1-2,MNL002 LP95,Don Quintos,MANILA,3,1,BARANGAY 565,,,14.607461,121.006645,,,,,,,16,2018-04-16,OSP
MNL002 LP95 NP3-4,MNL002,LP95,NP3-4,MNL002 LP95,Don Quintos,MANILA,3,1,BARANGAY 565,,,14.607706,121.006848,,,,,,,16,2018-04-16,OSP
MNL002 LP95 NP5-6,MNL002,LP95,NP5-6,MNL002 LP95,Don Quintos,MANILA,3,1,BARANGAY 565,,,14.608502,121.005819,,,,,,,16,2020-08-06,OSP
MNL002 LP95 NP7-8,MNL002,LP95,NP7-8,MNL002 LP95,Don Quintos,MANILA,3,1,BARANGAY 565,,,14.60951,121.004488,,,,,,,16,2020-08-06,OSP
MNL002 LP96 NP1-2,MNL002,LP96,NP1-2,MNL002 LP96,Don Quintos,MANILA,3,1,BARANGAY 565,,,14.606554,121.007846,,,,,,,16,2018-04-16,OSP
MNL002 LP96 NP3-4,MNL002,LP96,NP3-4,MNL002 LP96,Don Quintos,MANILA,3,1,BARANGAY 565,,,14.60683,121.008036,,,,,,,16,2018-04-16,OSP
MNL002 LP93 NP7-8,MNL002,LP93,NP7-8,MNL002 LP93,Don Quintos,MANILA,3,1,BARANGAY 565,,,14.60832,121.005459,,,,,,,16,2018-04-16,OSP
MNL002 LP189 NP1-2,MNL002,LP189,NP1-2,MNL002 LP189,Don Quintos,MANILA,3,1,BARANGAY 565,,,14.60919191,121.0050103,,,,,,,16,2019-05-31,OSP
MNL002 LP189 NP3-4,MNL002,LP189,NP3-4,MNL002 LP189,Don Quintos,MANILA,3,1,BARANGAY 565,,,14.60877239,121.0054979,,,,,,,16,2019-05-31,OSP
MNL002 LP189 NP5-6,MNL002,LP189,NP5-6,MNL002 LP189,Don Quintos,MANILA,3,1,BARANGAY 565,,,14.60799911,121.0063772,,,,,,,16,2019-05-31,OSP
MNL002 LP189 NP7-8,MNL002,LP189,NP7-8,MNL002 LP189,Don Quintos,MANILA,3,1,BARANGAY 565,,,14.60762972,121.0062722,,,,,,,16,2019-05-31,OSP
MNL002 LP286 NP5-6,MNL002,LP286,NP5-6,MNL002 LP286,Don Quintos,MANILA,3,1,BARANGAY 565,,,14.609487,121.004023,,,,,,,16,2019-12-19,OSP
MNL002 LP286 NP7-8,MNL002,LP286,NP7-8,MNL002 LP286,Don Quintos,MANILA,3,1,BARANGAY 565,,,14.608896,121.004774,,,,,,,16,2019-12-19,OSP
MNL002 LP288 NP3-4,MNL002,LP288,NP3-4,MNL002 LP288,Don Quintos,MANILA,3,1,BARANGAY 565,,,14.606839,121.007956,,,,,,,16,2019-12-19,OSP
MNL002 LP288 NP5-6,MNL002,LP288,NP5-6,MNL002 LP288,Don Quintos,MANILA,3,1,BARANGAY 565,,,14.607292,121.007431,,,,,,,16,2019-12-19,OSP
MNL002 LP288 NP7-8,MNL002,LP288,NP7-8,MNL002 LP288,Don Quintos,MANILA,3,1,BARANGAY 565,,,14.607705,121.006901,,,,,,,16,2019-12-19,OSP
MNL002 LP289 NP1-2,MNL002,LP289,NP1-2,MNL002 LP289,Don Quintos,MANILA,3,1,BARANGAY 565,,,14.607409,121.006623,,,,,,,16,2019-12-19,OSP
MNL002 LP289 NP3-4,MNL002,LP289,NP3-4,MNL002 LP289,Don Quintos,MANILA,3,1,BARANGAY 565,,,14.607099,121.007027,,,,,,,16,2019-12-19,OSP
MNL002 LP289 NP5-6,MNL002,LP289,NP5-6,MNL002 LP289,Don Quintos,MANILA,3,1,BARANGAY 565,,,14.606528,121.007724,,,,,,,16,2019-12-19,OSP
MNL035 LP6 NP5-6,MNL035,LP6,NP5-6,MNL035 LP6,Pureza (Legarda / Lacson),MANILA,3,1,BARANGAY 565,,,14.606558,121.007733,,,,,,,16,2021-04-29,OSP
MNL035 LP36 NP1-2,MNL035,LP36,NP1-2,MNL035 LP36,Pureza (Legarda / Lacson),MANILA,3,1,BARANGAY 565,,,14.608255,121.006119,,,,,,,16,2021-05-18,OSP
MNL035 LP36 NP3-4-5,MNL035,LP36,NP3-4-5,MNL035 LP36,Pureza (Legarda / Lacson),MANILA,3,1,BARANGAY 565,,,14.608515,121.005798,,,,,,,24,2021-05-18,OSP
MNL035 LP36 NP6-7-8,MNL035,LP36,NP6-7-8,MNL035 LP36,Pureza (Legarda / Lacson),MANILA,3,1,BARANGAY 565,,,14.609111,121.005087,,,,,,,24,2021-05-18,OSP
MNL035 LP38 NP1-2,MNL035,LP38,NP1-2,MNL035 LP38,Pureza (Legarda / Lacson),MANILA,3,1,BARANGAY 565,,,14.608471,121.00526,,,,,,,16,2021-05-18,OSP
MNL035 LP38 NP3-4,MNL035,LP38,NP3-4,MNL035 LP38,Pureza (Legarda / Lacson),MANILA,3,1,BARANGAY 565,,,14.608203,121.005597,,,,,,,16,2021-05-18,OSP
MNL035 LP38 NP5-6,MNL035,LP38,NP5-6,MNL035 LP38,Pureza (Legarda / Lacson),MANILA,3,1,BARANGAY 565,,,14.607695,121.006254,,,,,,,16,2021-05-18,OSP
MNL035 LP38 NP7-8,MNL035,LP38,NP7-8,MNL035 LP38,Pureza (Legarda / Lacson),MANILA,3,1,BARANGAY 565,,,14.60741,121.006625,,,,,,,16,2021-05-18,OSP
MNL035 LP35 NP1-2,MNL035,LP35,NP1-2,MNL035 LP35,Pureza (Legarda / Lacson),MANILA,3,1,BARANGAY 565,,,14.606862,121.007947,,,,,,,16,2021-05-18,OSP
MNL035 LP35 NP3-4-5,MNL035,LP35,NP3-4-5,MNL035 LP35,Pureza (Legarda / Lacson),MANILA,3,1,BARANGAY 565,,,14.607207,121.007566,,,,,,,24,2021-05-18,OSP
MNL035 LP35 NP6-7-8,MNL035,LP35,NP6-7-8,MNL035 LP35,Pureza (Legarda / Lacson),MANILA,3,1,BARANGAY 565,,,14.607726,121.006893,,,,,,,24,2021-05-18,OSP
MNL035 LP39 NP1-2,MNL035,LP39,NP1-2,MNL035 LP39,Pureza (Legarda / Lacson),MANILA,3,1,BARANGAY 565,,,14.607099,121.007027,,,,,,,16,2021-05-18,OSP
MNL035 LP39 NP3-4-5,MNL035,LP39,NP3-4-5,MNL035 LP39,Pureza (Legarda / Lacson),MANILA,3,1,BARANGAY 565,,,14.606927,121.007243,,,,,,,24,2021-05-18,OSP
MNL035 LP39 NP6-7-8,MNL035,LP39,NP6-7-8,MNL035 LP39,Pureza (Legarda / Lacson),MANILA,3,1,BARANGAY 565,,,14.606572,121.007702,,,,,,,24,2021-05-18,OSP
MNL035 LP37 NP1-2,MNL035,LP37,NP1-2,MNL035 LP37,Pureza (Legarda / Lacson),MANILA,3,1,BARANGAY 565,,,14.609363,121.004677,,,,,,,16,2021-05-18,OSP
MNL035 LP37 NP3-4,MNL035,LP37,NP3-4,MNL035 LP37,Pureza (Legarda / Lacson),MANILA,3,1,BARANGAY 565,,,14.609793,121.004193,,,,,,,16,2021-05-18,OSP
MNL035 LP37 NP5-6,MNL035,LP37,NP5-6,MNL035 LP37,Pureza (Legarda / Lacson),MANILA,3,1,BARANGAY 565,,,14.609315,121.00427,,,,,,,16,2021-05-18,OSP
MNL035 LP37 NP7-8,MNL035,LP37,NP7-8,MNL035 LP37,Pureza (Legarda / Lacson),MANILA,3,1,BARANGAY 565,,,14.608716,121.005072,,,,,,,16,2021-05-18,OSP
MNL002 LP67 NP3-4,MNL002,LP67,NP3-4,MNL002 LP67,Don Quintos,MANILA,3,1,BARANGAY 566,,,14.60817551,121.0090739,,,,,,,16,2018-03-08,OSP
MNL002 LP67 NP5-6,MNL002,LP67,NP5-6,MNL002 LP67,Don Quintos,MANILA,3,1,BARANGAY 566,,,14.60762747,121.0086234,,,,,,,16,2018-03-08,OSP
MNL002 LP67 NP7-8,MNL002,LP67,NP7-8,MNL002 LP67,Don Quintos,MANILA,3,1,BARANGAY 566,,,14.60710621,121.0082036,,,,,,,16,2018-03-08,OSP
MNL002 LP68 NP7-8,MNL002,LP68,NP7-8,MNL002 LP68,Don Quintos,MANILA,3,1,BARANGAY 566,,,14.608618,121.008546,,,,,,,16,2020-08-04,OSP
MNL002 LP7 NP5-6,MNL002,LP7,NP5-6,MNL002 LP7,Don Quintos,MANILA,3,1,BARANGAY 566,,,14.60711,121.008135,,,,,,,16,2017-02-12,OSP
MNL002 LP6 NP7-8,MNL002,LP6,NP7-8,MNL002 LP6,Don Quintos,MANILA,3,1,BARANGAY 566,,,14.609027,121.007976,,,,,,,16,2017-02-12,OSP
MNL002 LP185 NP5-6,MNL002,LP185,NP5-6,MNL002 LP185,Don Quintos,MANILA,3,1,BARANGAY 566,,,14.60758374,121.0081849,,,,,,,16,2019-05-31,OSP
MNL002 LP186 NP1-2,MNL002,LP186,NP1-2,MNL002 LP186,Don Quintos,MANILA,3,1,BARANGAY 566,,,14.6081227,121.0084985,,,,,,,16,2019-05-31,OSP
MNL002 LP294 NP5-6,MNL002,LP294,NP5-6,MNL002 LP294,Don Quintos,MANILA,3,1,BARANGAY 566,,,14.608156,121.009086,,,,,,,16,2019-12-19,OSP
MNL002 LP294 NP7-8,MNL002,LP294,NP7-8,MNL002 LP294,Don Quintos,MANILA,3,1,BARANGAY 566,,,14.609026,121.007979,,,,,,,16,2019-12-19,OSP
MNL002 LP295 NP1-2,MNL002,LP295,NP1-2,MNL002 LP295,Don Quintos,MANILA,3,1,BARANGAY 566,,,14.608527,121.008086,,,,,,,16,2019-12-19,OSP
MNL002 LP295 NP3-4,MNL002,LP295,NP3-4,MNL002 LP295,Don Quintos,MANILA,3,1,BARANGAY 566,,,14.607852,121.008834,,,,,,,16,2019-12-19,OSP
MNL002 LP295 NP5-6,MNL002,LP295,NP5-6,MNL002 LP295,Don Quintos,MANILA,3,1,BARANGAY 566,,,14.60778,121.008441,,,,,,,16,2019-12-19,OSP
MNL002 LP295 NP7-8,MNL002,LP295,NP7-8,MNL002 LP295,Don Quintos,MANILA,3,1,BARANGAY 566,,,14.608004,121.008172,,,,,,,16,2019-12-19,OSP
MNL002 LP287 NP7-8,MNL002,LP287,NP7-8,MNL002 LP287,Don Quintos,MANILA,3,1,BARANGAY 566,,,14.607446,121.00769,,,,,,,16,2019-12-19,OSP
MNL002 LP288 NP1-2,MNL002,LP288,NP1-2,MNL002 LP288,Don Quintos,MANILA,3,1,BARANGAY 566,,,14.607088,121.008125,,,,,,,16,2019-12-19,OSP
MNL035 LP6 NP7-8,MNL035,LP6,NP7-8,MNL035 LP6,Pureza (Legarda / Lacson),MANILA,3,1,BARANGAY 566,,,14.607074,121.008132,,,,,,,16,2021-04-29,OSP
MNL035 LP182 NP1-2,MNL035,LP182,NP1-2,MNL035 LP182,Pureza (Legarda / Lacson),MANILA,3,1,BARANGAY 566,,,14.607908,121.007802,,,,,,,16,2021-05-18,OSP
MNL035 LP182 NP3-4-5,MNL035,LP182,NP3-4-5,MNL035 LP182,Pureza (Legarda / Lacson),MANILA,3,1,BARANGAY 566,,,14.607627,121.008161,,,,,,,24,2021-05-18,OSP
MNL035 LP182 NP6-7-8,MNL035,LP182,NP6-7-8,MNL035 LP182,Pureza (Legarda / Lacson),MANILA,3,1,BARANGAY 566,,,14.607914,121.008274,,,,,,,24,2021-05-18,OSP
MNL035 LP183 NP1-2,MNL035,LP183,NP1-2,MNL035 LP183,Pureza (Legarda / Lacson),MANILA,3,1,BARANGAY 566,,,14.608396,121.007783,,,,,,,16,2021-05-18,OSP
MNL035 LP186 NP3-4-5,MNL035,LP186,NP3-4-5,MNL035 LP186,Pureza (Legarda / Lacson),MANILA,3,1,BARANGAY 566,,,14.60847,121.008159,,,,,,,24,2021-05-18,OSP
MNL035 LP178 NP1-2,MNL035,LP178,NP1-2,MNL035 LP178,Pureza (Legarda / Lacson),MANILA,3,1,BARANGAY 566,,,14.60762,121.007508,,,,,,,16,2021-05-18,OSP
MNL002 LP230 NP3-4,MNL002,LP230,NP3-4,MNL002 LP230,Don Quintos,MANILA,3,1,BARANGAY 567,,,14.607341,121.005715,,,,,,,16,2019-10-22,OSP
MNL002 LP230 NP5-6,MNL002,LP230,NP5-6,MNL002 LP230,Don Quintos,MANILA,3,1,BARANGAY 567,,,14.606449,121.006871,,,,,,,16,2019-10-22,OSP
MNL002 LP94 NP5-6,MNL002,LP94,NP5-6,MNL002 LP94,Don Quintos,MANILA,3,1,BARANGAY 567,,,14.607178,121.006406,,,,,,,16,2018-04-16,OSP
MNL002 LP94 NP7-8,MNL002,LP94,NP7-8,MNL002 LP94,Don Quintos,MANILA,3,1,BARANGAY 567,,,14.60757,121.005891,,,,,,,16,2020-08-06,OSP
MNL002 LP19 NP6,MNL002,LP19,NP6,MNL002 LP19,Don Quintos,MANILA,3,1,BARANGAY 567,,,14.60601,121.0073072,,,,,,,8,2018-09-24,OSP
MNL002 LP190 NP1-2,MNL002,LP190,NP1-2,MNL002 LP190,Don Quintos,MANILA,3,1,BARANGAY 567,,,14.60854379,121.0044754,,,,,,,16,2019-05-31,OSP
MNL002 LP190 NP3-4,MNL002,LP190,NP3-4,MNL002 LP190,Don Quintos,MANILA,3,1,BARANGAY 567,,,14.60791727,121.00527,,,,,,,16,2019-05-31,OSP
MNL002 LP190 NP5-6,MNL002,LP190,NP5-6,MNL002 LP190,Don Quintos,MANILA,3,1,BARANGAY 567,,,14.60651877,121.0072359,,,,,,,16,2019-05-31,OSP
MNL002 LP94 NP3-4,MNL002,LP94,NP3-4,MNL002 LP94,Don Quintos,MANILA,3,1,BARANGAY 567,,,14.606887,121.006199,,,,,,,16,2018-04-16,OSP
MNL002 LP19 NP2,MNL002,LP19,NP2,MNL002 LP19,Don Quintos,MANILA,3,1,BARANGAY 567,,,14.606008,121.007307,,,,,,,8,2017-08-09,OSP
MNL002 LP289 NP7-8,MNL002,LP289,NP7-8,MNL002 LP289,Don Quintos,MANILA,3,1,BARANGAY 567,,,14.606692,121.007047,,,,,,,16,2019-12-19,OSP
MNL035 LP6 NP3-4,MNL035,LP6,NP3-4,MNL035 LP6,Pureza (Legarda / Lacson),MANILA,3,1,BARANGAY 567,,,14.606027,121.007333,,,,,,,16,2021-04-29,OSP
MNL035 LP43 NP1-2,MNL035,LP43,NP1-2,MNL035 LP43,Pureza (Legarda / Lacson),MANILA,3,1,BARANGAY 567,,,14.607441,121.005562,,,,,,,16,2021-05-18,OSP
MNL035 LP43 NP3-4-5,MNL035,LP43,NP3-4-5,MNL035 LP43,Pureza (Legarda / Lacson),MANILA,3,1,BARANGAY 567,,,14.606943,121.006234,,,,,,,24,2021-05-18,OSP
MNL035 LP43 NP6-7-8,MNL035,LP43,NP6-7-8,MNL035 LP43,Pureza (Legarda / Lacson),MANILA,3,1,BARANGAY 567,,,14.606411,121.006936,,,,,,,24,2021-05-18,OSP
MNL035 LP40 NP1-2,MNL035,LP40,NP1-2,MNL035 LP40,Pureza (Legarda / Lacson),MANILA,3,1,BARANGAY 567,,,14.606565,121.007265,,,,,,,16,2021-05-18,OSP
MNL035 LP40 NP3-4,MNL035,LP40,NP3-4,MNL035 LP40,Pureza (Legarda / Lacson),MANILA,3,1,BARANGAY 567,,,14.60722,121.006315,,,,,,,16,2021-05-18,OSP
MNL035 LP40 NP5-6,MNL035,LP40,NP5-6,MNL035 LP40,Pureza (Legarda / Lacson),MANILA,3,1,BARANGAY 567,,,14.607436,121.006039,,,,,,,16,2021-05-18,OSP
MNL035 LP40 NP7-8,MNL035,LP40,NP7-8,MNL035 LP40,Pureza (Legarda / Lacson),MANILA,3,1,BARANGAY 567,,,14.607617,121.005813,,,,,,,16,2021-05-18,OSP
MNL035 LP41 NP1-2,MNL035,LP41,NP1-2,MNL035 LP41,Pureza (Legarda / Lacson),MANILA,3,1,BARANGAY 567,,,14.608191,121.005045,,,,,,,16,2021-05-18,OSP
MNL035 LP41 NP3-4-5,MNL035,LP41,NP3-4-5,MNL035 LP41,Pureza (Legarda / Lacson),MANILA,3,1,BARANGAY 567,,,14.60842,121.004747,,,,,,,24,2021-05-18,OSP
MNL035 LP41 NP6-7-8,MNL035,LP41,NP6-7-8,MNL035 LP41,Pureza (Legarda / Lacson),MANILA,3,1,BARANGAY 567,,,14.608805,121.00424,,,,,,,24,2021-05-18,OSP
MNL002 LP67 NP1-2,MNL002,LP67,NP1-2,MNL002 LP67,Don Quintos,MANILA,3,1,BARANGAY 568,,,14.60868182,121.0094965,,,,,,,16,2018-03-08,OSP
MNL002 LP187 NP5-6,MNL002,LP187,NP5-6,MNL002 LP187,Don Quintos,MANILA,3,1,BARANGAY 568,,,14.60897217,121.0093025,,,,,,,16,2019-05-31,OSP
MNL002 LP187 NP7-8,MNL002,LP187,NP7-8,MNL002 LP187,Don Quintos,MANILA,3,1,BARANGAY 568,,,14.60930996,121.0082433,,,,,,,16,2019-05-31,OSP
MNL002 LP188 NP1-2,MNL002,LP188,NP1-2,MNL002 LP188,Don Quintos,MANILA,3,1,BARANGAY 568,,,14.60881786,121.0087032,,,,,,,16,2019-05-31,OSP
MNL002 LP188 NP3-4,MNL002,LP188,NP3-4,MNL002 LP188,Don Quintos,MANILA,3,1,BARANGAY 568,,,14.608498,121.009233,,,,,,,16,2020-08-06,OSP
MNL002 LP188 NP5-6,MNL002,LP188,NP5-6,MNL002 LP188,Don Quintos,MANILA,3,1,BARANGAY 568,,,14.609269,121.008904,,,,,,,16,2020-08-06,OSP
MNL002 LP294 NP1-2,MNL002,LP294,NP1-2,MNL002 LP294,Don Quintos,MANILA,3,1,BARANGAY 568,,,14.609515,121.009105,,,,,,,16,2019-12-19,OSP
MNL002 LP294 NP3-4,MNL002,LP294,NP3-4,MNL002 LP294,Don Quintos,MANILA,3,1,BARANGAY 568,,,14.608659,121.009499,,,,,,,16,2019-12-19,OSP
MNL035 LP31 NP1-2,MNL035,LP31,NP1-2,MNL035 LP31,Pureza (Legarda / Lacson),MANILA,3,1,BARANGAY 568,,,14.609033,121.00971,,,,,,,16,2021-04-29,OSP
MNL035 LP192 NP6-7-8,MNL035,LP192,NP6-7-8,MNL035 LP192,Pureza (Legarda / Lacson),MANILA,3,1,BARANGAY 568,,,14.60908,121.009197,,,,,,,24,2021-05-18,OSP
MNL035 LP193 NP1-2,MNL035,LP193,NP1-2,MNL035 LP193,Pureza (Legarda / Lacson),MANILA,3,1,BARANGAY 568,,,14.609381,121.009238,,,,,,,16,2021-05-18,OSP
MNL035 LP193 NP3-4-5,MNL035,LP193,NP3-4-5,MNL035 LP193,Pureza (Legarda / Lacson),MANILA,3,1,BARANGAY 568,,,14.609874,121.008703,,,,,,,24,2021-05-18,OSP
MNL035 LP190 NP3-4-5,MNL035,LP190,NP3-4-5,MNL035 LP190,Pureza (Legarda / Lacson),MANILA,3,1,BARANGAY 568,,,14.609142,121.008444,,,,,,,24,2021-05-18,OSP
MNL035 LP190 NP6-7-8,MNL035,LP190,NP6-7-8,MNL035 LP190,Pureza (Legarda / Lacson),MANILA,3,1,BARANGAY 568,,,14.608779,121.008966,,,,,,,24,2021-05-18,OSP
MNL035 LP186 NP6-7-8,MNL035,LP186,NP6-7-8,MNL035 LP186,Pureza (Legarda / Lacson),MANILA,3,1,BARANGAY 568,,,14.608458,121.008733,,,,,,,24,2021-05-18,OSP
MNL035 LP30 NP1-2,MNL035,LP30,NP1-2,MNL035 LP30,Pureza (Legarda / Lacson),MANILA,3,1,BARANGAY 568,,,14.608816,121.009519,,,,,,,16,2021-04-29,OSP
MNL035 LP29 NP1-2,MNL035,LP29,NP1-2,MNL035 LP29,Pureza (Legarda / Lacson),MANILA,3,1,BARANGAY 568,,,14.608518,121.009278,,,,,,,16,2021-04-29,OSP
MNL035 LP28 NP3-4-5,MNL035,LP28,NP3-4-5,MNL035 LP28,Pureza (Legarda / Lacson),MANILA,3,1,BARANGAY 568,,,14.608219,121.009023,,,,,,,24,2021-04-29,OSP
MNL002 LP241 NP7-8,MNL002,LP241,NP7-8,MNL002 LP241,Don Quintos,MANILA,3,1,BARANGAY 569,,,14.60445,121.00849,,,,,,,16,2019-10-22,OSP
MNL002 LP242 NP1-2,MNL002,LP242,NP1-2,MNL002 LP242,Don Quintos,MANILA,3,1,BARANGAY 569,,,14.605091,121.008155,,,,,,,16,2019-10-22,OSP
MNL002 LP241 NP5-6,MNL002,LP241,NP5-6,MNL002 LP241,Don Quintos,MANILA,3,1,BARANGAY 569,,,14.604787,121.00766,,,,,,,16,2019-10-22,OSP
MNL002 LP19 NP7,MNL002,LP19,NP7,MNL002 LP19,Don Quintos,MANILA,3,1,BARANGAY 569,,,14.60546,121.00761,,,,,,,8,2018-09-24,OSP
MNL002 LP19 NP8,MNL002,LP19,NP8,MNL002 LP19,Don Quintos,MANILA,3,1,BARANGAY 569,,,14.60448,121.0087822,,,,,,,8,2018-09-24,OSP
MNL002 LP19 NP3,MNL002,LP19,NP3,MNL002 LP19,Don Quintos,MANILA,3,1,BARANGAY 569,,,14.60546,121.00761,,,,,,,8,2017-08-09,OSP
MNL002 LP19 NP4,MNL002,LP19,NP4,MNL002 LP19,Don Quintos,MANILA,3,1,BARANGAY 569,,,14.604483,121.008782,,,,,,,8,2017-08-09,OSP
MNL035 LP390 NP1-2,MNL035,LP390,NP1-2,MNL035 LP390,Pureza (Legarda / Lacson),MANILA,3,1,BARANGAY 569,,,14.604872,121.00846,,,,,,,16,2021-04-28,OSP
MNL035 LP390 NP3-4-5,MNL035,LP390,NP3-4-5,MNL035 LP390,Pureza (Legarda / Lacson),MANILA,3,1,BARANGAY 569,,,14.605415,121.00763,,,,,,,24,2021-04-28,OSP
MNL035 LP391 NP3-4-5,MNL035,LP391,NP3-4-5,MNL035 LP391,Pureza (Legarda / Lacson),MANILA,3,1,BARANGAY 569,,,14.604631,121.00791,,,,,,,24,2021-04-28,OSP
MNL035 LP391 NP6-7-8,MNL035,LP391,NP6-7-8,MNL035 LP391,Pureza (Legarda / Lacson),MANILA,3,1,BARANGAY 569,,,14.604507,121.0081,,,,,,,24,2021-04-28,OSP
MNL003 LP16 NP1-2,MNL003,LP16,NP1-2,MNL003 LP16,City Square,MANILA,3,1,BARANGAY 57,,,14.611059,120.96938,,,,,,,16,2017-11-27,OSP
MNL003 LP160 NP1-2,MNL003,LP160,NP1-2,MNL003 LP160,City Square,MANILA,3,1,BARANGAY 57,,,14.60974802,120.9678914,,,,,,,16,2019-01-29,OSP
MNL003 LP160 NP5-6,MNL003,LP160,NP5-6,MNL003 LP160,City Square,MANILA,3,1,BARANGAY 57,,,14.61062783,120.9681552,,,,,,,16,2019-01-29,OSP
MNL005 LP184 NP1-2,MNL005,LP184,NP1-2,MNL005 LP184,Orchard Building (City Square 2),MANILA,3,1,BARANGAY 57,,,14.609754,120.969188,,,,,,,16,2020-12-29,OSP
MNL005 LP184 NP3-4,MNL005,LP184,NP3-4,MNL005 LP184,Orchard Building (City Square 2),MANILA,3,1,BARANGAY 57,,,14.609726,120.967891,,,,,,,16,2020-12-29,OSP
MNL005 LP184 NP5-6,MNL005,LP184,NP5-6,MNL005 LP184,Orchard Building (City Square 2),MANILA,3,1,BARANGAY 57,,,14.610664,120.968192,,,,,,,16,2020-12-29,OSP
MNL005 LP234 NP1-2,MNL005,LP234,NP1-2,MNL005 LP234,Orchard Building (City Square 2),MANILA,3,1,BARANGAY 57,,,14.609724,120.96787,,,,,,,16,2021-09-25,OSP
MNL005 LP59 NP1-2,MNL005,LP59,NP1-2,MNL005 LP59,Orchard Building (City Square 2),MANILA,3,1,BARANGAY 57,,,14.609738,120.969195,,,,,,,16,2020-12-20,OSP
MNL005 LP64 NP1-2,MNL005,LP64,NP1-2,MNL005 LP64,Orchard Building (City Square 2),MANILA,3,1,BARANGAY 57,,,14.611154,120.96946,,,,,,,16,2020-12-20,OSP
MNL045 LP462 NP1-2,MNL045,LP462,NP1-2,MNL045 LP462,Radial Road 10,MANILA,3,1,BARANGAY 57,,,14.610879,120.9694,,,,,,,16,2022-03-10,OSP
MNL045 LP462 NP3-5,MNL045,LP462,NP3-5,MNL045 LP462,Radial Road 10,MANILA,3,1,BARANGAY 57,,,14.611206,120.969132,,,,,,,24,2022-03-10,OSP
MNL045 LP462 NP6-8,MNL045,LP462,NP6-8,MNL045 LP462,Radial Road 10,MANILA,3,1,BARANGAY 57,,,14.611273,120.968809,,,,,,,24,2022-03-10,OSP
MNL045 LP463 NP1-2,MNL045,LP463,NP1-2,MNL045 LP463,Radial Road 10,MANILA,3,1,BARANGAY 57,,,14.610524,120.969335,,,,,,,16,2022-03-10,OSP
MNL045 LP464 NP6-8,MNL045,LP464,NP6-8,MNL045 LP464,Radial Road 10,MANILA,3,1,BARANGAY 57,,,14.609744,120.969222,,,,,,,24,2022-03-10,OSP
MNL002 LP238 NP7-8,MNL002,LP238,NP7-8,MNL002 LP238,Don Quintos,MANILA,3,1,BARANGAY 570,,,14.604645,121.006322,,,,,,,16,2019-10-22,OSP
MNL002 LP239 NP7-8,MNL002,LP239,NP7-8,MNL002 LP239,Don Quintos,MANILA,3,1,BARANGAY 570,,,14.603852,121.005688,,,,,,,16,2019-10-22,OSP
MNL002 LP240 NP1-2,MNL002,LP240,NP1-2,MNL002 LP240,Don Quintos,MANILA,3,1,BARANGAY 570,,,14.604227,121.005988,,,,,,,16,2019-10-22,OSP
MNL002 LP240 NP3-4,MNL002,LP240,NP3-4,MNL002 LP240,Don Quintos,MANILA,3,1,BARANGAY 570,,,14.603661,121.006337,,,,,,,16,2019-10-22,OSP
MNL002 LP240 NP5-6,MNL002,LP240,NP5-6,MNL002 LP240,Don Quintos,MANILA,3,1,BARANGAY 570,,,14.603169,121.007697,,,,,,,16,2019-10-22,OSP
MNL002 LP241 NP1-2,MNL002,LP241,NP1-2,MNL002 LP241,Don Quintos,MANILA,3,1,BARANGAY 570,,,14.604961,121.006575,,,,,,,16,2019-10-22,OSP
MNL002 LP241 NP3-4,MNL002,LP241,NP3-4,MNL002 LP241,Don Quintos,MANILA,3,1,BARANGAY 570,,,14.605363,121.006884,,,,,,,16,2019-10-22,OSP
MNL002 LP21 NP1,MNL002,LP21,NP1,MNL002 LP21,Don Quintos,MANILA,3,1,BARANGAY 570,,,14.603939,121.006484,,,,,,,8,2017-08-09,OSP
MNL002 LP21 NP5,MNL002,LP21,NP5,MNL002 LP21,Don Quintos,MANILA,3,1,BARANGAY 570,,,14.60394,121.006484,,,,,,,8,2018-09-24,OSP
MNL002 LP20 NP8,MNL002,LP20,NP8,MNL002 LP20,Don Quintos,MANILA,3,1,BARANGAY 570,,,14.603296,121.007213,,,,,,,8,2018-09-24,OSP
MNL002 LP20 NP1,MNL002,LP20,NP1,MNL002 LP20,Don Quintos,MANILA,3,1,BARANGAY 570,,,14.60523,121.006997,,,,,,,8,2017-08-09,OSP
MNL002 LP20 NP4,MNL002,LP20,NP4,MNL002 LP20,Don Quintos,MANILA,3,1,BARANGAY 570,,,14.603296,121.007213,,,,,,,8,2017-08-09,OSP
MNL002 LP20 NP5,MNL002,LP20,NP5,MNL002 LP20,Don Quintos,MANILA,3,1,BARANGAY 570,,,14.60523,121.0070026,,,,,,,8,2018-09-24,OSP
MNL002 LP191 NP7-8,MNL002,LP191,NP7-8,MNL002 LP191,Don Quintos,MANILA,3,1,BARANGAY 570,,,14.60575503,121.0071495,,,,,,,16,2019-05-31,OSP
MNL002 LP18 NP2,MNL002,LP18,NP2,MNL002 LP18,Don Quintos,MANILA,3,1,BARANGAY 570,,,14.602998,121.008194,,,,,,,8,2017-08-09,OSP
MNL002 LP18 NP6,MNL002,LP18,NP6,MNL002 LP18,Don Quintos,MANILA,3,1,BARANGAY 570,,,14.60299834,121.008194,,,,,,,8,2018-09-24,OSP
MNL035 LP402 NP6-7-8,MNL035,LP402,NP6-7-8,MNL035 LP402,Pureza (Legarda / Lacson),MANILA,3,1,BARANGAY 570,,,14.603059,121.00819,,,,,,,24,2021-04-28,OSP
MNL035 LP387 NP4-5-6,MNL035,LP387,NP4-5-6,MNL035 LP387,Pureza (Legarda / Lacson),MANILA,3,1,BARANGAY 570,,,14.605247,121.00639,,,,,,,24,2021-04-28,OSP
MNL035 LP390 NP6-7-8,MNL035,LP390,NP6-7-8,MNL035 LP390,Pureza (Legarda / Lacson),MANILA,3,1,BARANGAY 570,,,14.605581,121.00737,,,,,,,24,2021-04-28,OSP
MNL035 LP391 NP1-2,MNL035,LP391,NP1-2,MNL035 LP391,Pureza (Legarda / Lacson),MANILA,3,1,BARANGAY 570,,,14.605229,121.00702,,,,,,,16,2021-04-28,OSP
MNL035 LP486 NP7-8,MNL035,LP486,NP7-8,MNL035 LP486,Pureza (Legarda / Lacson),MANILA,3,1,BARANGAY 570,,,14.604672,121.00633,,,,,,,16,2023-05-30,OSP
MNL035 LP487 NP1-2,MNL035,LP487,NP1-2,MNL035 LP487,Pureza (Legarda / Lacson),MANILA,3,1,BARANGAY 570,,,14.604954,121.00656,,,,,,,16,2023-05-30,OSP
MNL035 LP487 NP3-4,MNL035,LP487,NP3-4,MNL035 LP487,Pureza (Legarda / Lacson),MANILA,3,1,BARANGAY 570,,,14.604954,121.00656,,,,,,,16,2023-05-30,OSP
MNL035 LP487 NP5-6,MNL035,LP487,NP5-6,MNL035 LP487,Pureza (Legarda / Lacson),MANILA,3,1,BARANGAY 570,,,14.605115,121.00647,,,,,,,16,2023-05-30,OSP
MNL035 LP487 NP7-8,MNL035,LP487,NP7-8,MNL035 LP487,Pureza (Legarda / Lacson),MANILA,3,1,BARANGAY 570,,,14.605115,121.00647,,,,,,,16,2023-05-30,OSP
MNL035 LP488 NP1-2,MNL035,LP488,NP1-2,MNL035 LP488,Pureza (Legarda / Lacson),MANILA,3,1,BARANGAY 570,,,14.605495,121.00694,,,,,,,16,2023-05-30,OSP
MNL035 LP488 NP3-4,MNL035,LP488,NP3-4,MNL035 LP488,Pureza (Legarda / Lacson),MANILA,3,1,BARANGAY 570,,,14.605495,121.00694,,,,,,,16,2023-05-30,OSP
MNL035 LP488 NP5-6,MNL035,LP488,NP5-6,MNL035 LP488,Pureza (Legarda / Lacson),MANILA,3,1,BARANGAY 570,,,14.605802,121.00714,,,,,,,16,2023-05-30,OSP
MNL035 LP488 NP7-8,MNL035,LP488,NP7-8,MNL035 LP488,Pureza (Legarda / Lacson),MANILA,3,1,BARANGAY 570,,,14.605802,121.00714,,,,,,,16,2023-05-30,OSP
MNL035 LP386 NP3-4-5,MNL035,LP386,NP3-4-5,MNL035 LP386,Pureza (Legarda / Lacson),MANILA,3,1,BARANGAY 570,,,14.604632,121.00631,,,,,,,24,2021-04-28,OSP
MNL035 LP386 NP6-7-8,MNL035,LP386,NP6-7-8,MNL035 LP386,Pureza (Legarda / Lacson),MANILA,3,1,BARANGAY 570,,,14.60488,121.00678,,,,,,,24,2021-04-28,OSP
MNL035 LP387 NP1-2-3,MNL035,LP387,NP1-2-3,MNL035 LP387,Pureza (Legarda / Lacson),MANILA,3,1,BARANGAY 570,,,14.605186,121.00674,,,,,,,24,2021-04-28,OSP
MNL035 LP400 NP1-2,MNL035,LP400,NP1-2,MNL035 LP400,Pureza (Legarda / Lacson),MANILA,3,1,BARANGAY 570,,,14.603948,121.00655,,,,,,,16,2021-04-28,OSP
MNL035 LP400 NP3-4,MNL035,LP400,NP3-4,MNL035 LP400,Pureza (Legarda / Lacson),MANILA,3,1,BARANGAY 570,,,14.603519,121.00657,,,,,,,16,2021-04-28,OSP
MNL035 LP400 NP5-6,MNL035,LP400,NP5-6,MNL035 LP400,Pureza (Legarda / Lacson),MANILA,3,1,BARANGAY 570,,,14.603273,121.00734,,,,,,,16,2021-04-28,OSP
MNL035 LP486 NP1-2,MNL035,LP486,NP1-2,MNL035 LP486,Pureza (Legarda / Lacson),MANILA,3,1,BARANGAY 570,,,14.604835,121.00622,,,,,,,16,2023-05-30,OSP
MNL035 LP486 NP3-4,MNL035,LP486,NP3-4,MNL035 LP486,Pureza (Legarda / Lacson),MANILA,3,1,BARANGAY 570,,,14.604835,121.00622,,,,,,,16,2023-05-30,OSP
MNL035 LP486 NP5-6,MNL035,LP486,NP5-6,MNL035 LP486,Pureza (Legarda / Lacson),MANILA,3,1,BARANGAY 570,,,14.604672,121.00633,,,,,,,16,2023-05-30,OSP
MNL002 LP238 NP5-6,MNL002,LP238,NP5-6,MNL002 LP238,Don Quintos,MANILA,3,1,BARANGAY 571,,,14.604873,121.005104,,,,,,,16,2019-10-22,OSP
MNL002 LP237 NP5-6,MNL002,LP237,NP5-6,MNL002 LP237,Don Quintos,MANILA,3,1,BARANGAY 571,,,14.605508,121.0051,,,,,,,16,2019-10-22,OSP
MNL002 LP21 NP2,MNL002,LP21,NP2,MNL002 LP21,Don Quintos,MANILA,3,1,BARANGAY 571,,,14.604594,121.005456,,,,,,,8,2017-08-09,OSP
MNL002 LP21 NP3,MNL002,LP21,NP3,MNL002 LP21,Don Quintos,MANILA,3,1,BARANGAY 571,,,14.605102,121.004834,,,,,,,8,2017-08-09,OSP
MNL002 LP21 NP6,MNL002,LP21,NP6,MNL002 LP21,Don Quintos,MANILA,3,1,BARANGAY 571,,,14.60459,121.0054563,,,,,,,8,2018-09-24,OSP
MNL002 LP21 NP7,MNL002,LP21,NP7,MNL002 LP21,Don Quintos,MANILA,3,1,BARANGAY 571,,,14.6051,121.0048343,,,,,,,8,2018-09-24,OSP
MNL035 LP393 NP3-4-5,MNL035,LP393,NP3-4-5,MNL035 LP393,Pureza (Legarda / Lacson),MANILA,3,1,BARANGAY 571,,,14.606073,121.00554,,,,,,,24,2021-04-28,OSP
MNL035 LP492 NP1-2,MNL035,LP492,NP1-2,MNL035 LP492,Pureza (Legarda / Lacson),MANILA,3,1,BARANGAY 571,,,14.605741,121.00544,,,,,,,16,2023-05-30,OSP
MNL035 LP492 NP3-4,MNL035,LP492,NP3-4,MNL035 LP492,Pureza (Legarda / Lacson),MANILA,3,1,BARANGAY 571,,,14.605741,121.00544,,,,,,,16,2023-05-30,OSP
MNL035 LP492 NP5-6,MNL035,LP492,NP5-6,MNL035 LP492,Pureza (Legarda / Lacson),MANILA,3,1,BARANGAY 571,,,14.605664,121.00554,,,,,,,16,2023-05-30,OSP
MNL035 LP492 NP7-8,MNL035,LP492,NP7-8,MNL035 LP492,Pureza (Legarda / Lacson),MANILA,3,1,BARANGAY 571,,,14.605664,121.00554,,,,,,,16,2023-05-30,OSP
MNL035 LP383 NP3-4-5,MNL035,LP383,NP3-4-5,MNL035 LP383,Pureza (Legarda / Lacson),MANILA,3,1,BARANGAY 571,,,14.60582,121.00533,,,,,,,24,2021-04-28,OSP
MNL035 LP383 NP6-7-8,MNL035,LP383,NP6-7-8,MNL035 LP383,Pureza (Legarda / Lacson),MANILA,3,1,BARANGAY 571,,,14.60568,121.00555,,,,,,,24,2021-04-28,OSP
MNL035 LP384 NP1-2,MNL035,LP384,NP1-2,MNL035 LP384,Pureza (Legarda / Lacson),MANILA,3,1,BARANGAY 571,,,14.605493,121.0051,,,,,,,16,2021-04-28,OSP
MNL035 LP384 NP3-4-5,MNL035,LP384,NP3-4-5,MNL035 LP384,Pureza (Legarda / Lacson),MANILA,3,1,BARANGAY 571,,,14.605357,121.00533,,,,,,,24,2021-04-28,OSP
MNL035 LP384 NP6-7-8,MNL035,LP384,NP6-7-8,MNL035 LP384,Pureza (Legarda / Lacson),MANILA,3,1,BARANGAY 571,,,14.605116,121.00571,,,,,,,24,2021-04-28,OSP
MNL035 LP386 NP1-2,MNL035,LP386,NP1-2,MNL035 LP386,Pureza (Legarda / Lacson),MANILA,3,1,BARANGAY 571,,,14.604846,121.00602,,,,,,,16,2021-04-28,OSP
MNL035 LP399 NP1-2,MNL035,LP399,NP1-2,MNL035 LP399,Pureza (Legarda / Lacson),MANILA,3,1,BARANGAY 571,,,14.605064,121.0049,,,,,,,16,2021-04-28,OSP
MNL035 LP399 NP3-4-5,MNL035,LP399,NP3-4-5,MNL035 LP399,Pureza (Legarda / Lacson),MANILA,3,1,BARANGAY 571,,,14.604624,121.00541,,,,,,,24,2021-04-28,OSP
MNL035 LP399 NP6-7-8,MNL035,LP399,NP6-7-8,MNL035 LP399,Pureza (Legarda / Lacson),MANILA,3,1,BARANGAY 571,,,14.604399,121.00572,,,,,,,24,2021-04-28,OSP
MNL035 LP484 NP1-2,MNL035,LP484,NP1-2,MNL035 LP484,Pureza (Legarda / Lacson),MANILA,3,1,BARANGAY 571,,,14.605496,121.0051,,,,,,,16,2023-05-30,OSP
MNL035 LP484 NP3-4,MNL035,LP484,NP3-4,MNL035 LP484,Pureza (Legarda / Lacson),MANILA,3,1,BARANGAY 571,,,14.605496,121.0051,,,,,,,16,2023-05-30,OSP
MNL035 LP484 NP5-6,MNL035,LP484,NP5-6,MNL035 LP484,Pureza (Legarda / Lacson),MANILA,3,1,BARANGAY 571,,,14.605375,121.00537,,,,,,,16,2023-05-30,OSP
MNL035 LP484 NP7-8,MNL035,LP484,NP7-8,MNL035 LP484,Pureza (Legarda / Lacson),MANILA,3,1,BARANGAY 571,,,14.605375,121.00537,,,,,,,16,2023-05-30,OSP
MNL035 LP485 NP1-2,MNL035,LP485,NP1-2,MNL035 LP485,Pureza (Legarda / Lacson),MANILA,3,1,BARANGAY 571,,,14.60504096,121.0057355,,,,,,,16,2023-05-30,OSP
MNL035 LP485 NP3-4,MNL035,LP485,NP3-4,MNL035 LP485,Pureza (Legarda / Lacson),MANILA,3,1,BARANGAY 571,,,14.60504096,121.0057355,,,,,,,16,2023-05-30,OSP
MNL035 LP485 NP5-6,MNL035,LP485,NP5-6,MNL035 LP485,Pureza (Legarda / Lacson),MANILA,3,1,BARANGAY 571,,,14.604811,121.00611,,,,,,,16,2023-05-30,OSP
MNL035 LP485 NP7-8,MNL035,LP485,NP7-8,MNL035 LP485,Pureza (Legarda / Lacson),MANILA,3,1,BARANGAY 571,,,14.604811,121.00611,,,,,,,16,2023-05-30,OSP
MNL002 LP191 NP5-6,MNL002,LP191,NP5-6,MNL002 LP191,Don Quintos,MANILA,3,1,BARANGAY 572,,,14.60623442,121.0062878,,,,,,,16,2019-05-31,OSP
MNL035 LP393 NP6-7-8,MNL035,LP393,NP6-7-8,MNL035 LP393,Pureza (Legarda / Lacson),MANILA,3,1,BARANGAY 572,,,14.60578,121.00591,,,,,,,24,2021-04-28,OSP
MNL035 LP394 NP3-4-5,MNL035,LP394,NP3-4-5,MNL035 LP394,Pureza (Legarda / Lacson),MANILA,3,1,BARANGAY 572,,,14.606147,121.00594,,,,,,,24,2021-04-28,OSP
MNL035 LP394 NP6-7-8,MNL035,LP394,NP6-7-8,MNL035 LP394,Pureza (Legarda / Lacson),MANILA,3,1,BARANGAY 572,,,14.605911,121.00623,,,,,,,24,2021-04-28,OSP
MNL035 LP490 NP1-2,MNL035,LP490,NP1-2,MNL035 LP490,Pureza (Legarda / Lacson),MANILA,3,1,BARANGAY 572,,,14.606618,121.006,,,,,,,16,2023-05-30,OSP
MNL035 LP490 NP3-4,MNL035,LP490,NP3-4,MNL035 LP490,Pureza (Legarda / Lacson),MANILA,3,1,BARANGAY 572,,,14.606618,121.006,,,,,,,16,2023-05-30,OSP
MNL035 LP489 NP1-2,MNL035,LP489,NP1-2,MNL035 LP489,Pureza (Legarda / Lacson),MANILA,3,1,BARANGAY 572,,,14.605899,121.00685,,,,,,,16,2023-05-30,OSP
MNL035 LP489 NP3-4,MNL035,LP489,NP3-4,MNL035 LP489,Pureza (Legarda / Lacson),MANILA,3,1,BARANGAY 572,,,14.605899,121.00685,,,,,,,16,2023-05-30,OSP
MNL035 LP489 NP5-6,MNL035,LP489,NP5-6,MNL035 LP489,Pureza (Legarda / Lacson),MANILA,3,1,BARANGAY 572,,,14.606001,121.00672,,,,,,,16,2023-05-30,OSP
MNL035 LP489 NP7-8,MNL035,LP489,NP7-8,MNL035 LP489,Pureza (Legarda / Lacson),MANILA,3,1,BARANGAY 572,,,14.606001,121.00672,,,,,,,16,2023-05-30,OSP
MNL035 LP44 NP1-2,MNL035,LP44,NP1-2,MNL035 LP44,Pureza (Legarda / Lacson),MANILA,3,1,BARANGAY 572,,,14.606001,121.006737,,,,,,,16,2021-05-18,OSP
MNL035 LP44 NP3-4-5,MNL035,LP44,NP3-4-5,MNL035 LP44,Pureza (Legarda / Lacson),MANILA,3,1,BARANGAY 572,,,14.606445,121.006167,,,,,,,24,2021-05-18,OSP
MNL035 LP44 NP6-7-8,MNL035,LP44,NP6-7-8,MNL035 LP44,Pureza (Legarda / Lacson),MANILA,3,1,BARANGAY 572,,,14.606599,121.005967,,,,,,,24,2021-05-18,OSP
MNL002 LP238 NP1-2,MNL002,LP238,NP1-2,MNL002 LP238,Don Quintos,MANILA,3,1,BARANGAY 573,,,14.606392,121.003951,,,,,,,16,2019-10-22,OSP
MNL002 LP236 NP1-2,MNL002,LP236,NP1-2,MNL002 LP236,Don Quintos,MANILA,3,1,BARANGAY 573,,,14.60693,121.004389,,,,,,,16,2019-10-22,OSP
MNL002 LP236 NP3-4,MNL002,LP236,NP3-4,MNL002 LP236,Don Quintos,MANILA,3,1,BARANGAY 573,,,14.607266,121.003937,,,,,,,16,2019-10-22,OSP
MNL002 LP236 NP5-6,MNL002,LP236,NP5-6,MNL002 LP236,Don Quintos,MANILA,3,1,BARANGAY 573,,,14.60762,121.003567,,,,,,,16,2019-10-22,OSP
MNL002 LP236 NP7-8,MNL002,LP236,NP7-8,MNL002 LP236,Don Quintos,MANILA,3,1,BARANGAY 573,,,14.606708,121.004213,,,,,,,16,2019-10-22,OSP
MNL002 LP22 NP1-2,MNL002,LP22,NP1-2,MNL002 LP22,Don Quintos,MANILA,3,1,BARANGAY 573,,,14.607216,121.003542,,,,,,,16,2017-08-09,OSP
MNL002 LP22 NP5-6,MNL002,LP22,NP5-6,MNL002 LP22,Don Quintos,MANILA,3,1,BARANGAY 573,,,14.60722,121.0035419,,,,,,,16,2018-09-24,OSP
MNL002 LP97 NP3-4,MNL002,LP97,NP3-4,MNL002 LP97,Don Quintos,MANILA,3,1,BARANGAY 573,,,14.606867,121.00308,,,,,,,16,2018-05-22,OSP
MNL035 LP392 NP1-2,MNL035,LP392,NP1-2,MNL035 LP392,Pureza (Legarda / Lacson),MANILA,3,1,BARANGAY 573,,,14.607139,121.00413,,,,,,,16,2021-04-28,OSP
MNL035 LP382 NP3-4-5,MNL035,LP382,NP3-4-5,MNL035 LP382,Pureza (Legarda / Lacson),MANILA,3,1,BARANGAY 573,,,14.606949,121.00381,,,,,,,24,2021-04-28,OSP
MNL035 LP385 NP6-7-8,MNL035,LP385,NP6-7-8,MNL035 LP385,Pureza (Legarda / Lacson),MANILA,3,1,BARANGAY 573,,,14.606761,121.00352,,,,,,,24,2021-04-28,OSP
MNL002 LP235 NP5-6,MNL002,LP235,NP5-6,MNL002 LP235,Don Quintos,MANILA,3,1,BARANGAY 574,,,14.606114,121.005551,,,,,,,16,2019-10-22,OSP
MNL002 LP235 NP7-8,MNL002,LP235,NP7-8,MNL002 LP235,Don Quintos,MANILA,3,1,BARANGAY 574,,,14.606646,121.004773,,,,,,,16,2019-10-22,OSP
MNL002 LP237 NP1-2,MNL002,LP237,NP1-2,MNL002 LP237,Don Quintos,MANILA,3,1,BARANGAY 574,,,14.606395,121.004637,,,,,,,16,2019-10-22,OSP
MNL002 LP237 NP3-4,MNL002,LP237,NP3-4,MNL002 LP237,Don Quintos,MANILA,3,1,BARANGAY 574,,,14.605763,121.005309,,,,,,,16,2019-10-22,OSP
MNL002 LP237 NP7-8,MNL002,LP237,NP7-8,MNL002 LP237,Don Quintos,MANILA,3,1,BARANGAY 574,,,14.605964,121.004518,,,,,,,16,2019-10-22,OSP
MNL002 LP22 NP3-4,MNL002,LP22,NP3-4,MNL002 LP22,Don Quintos,MANILA,3,1,BARANGAY 574,,,14.605935,121.00519,,,,,,,16,2017-08-09,OSP
MNL002 LP22 NP7-8,MNL002,LP22,NP7-8,MNL002 LP22,Don Quintos,MANILA,3,1,BARANGAY 574,,,14.60594,121.0051895,,,,,,,16,2018-09-24,OSP
MNL035 LP392 NP3-4-5,MNL035,LP392,NP3-4-5,MNL035 LP392,Pureza (Legarda / Lacson),MANILA,3,1,BARANGAY 574,,,14.606696,121.00469,,,,,,,24,2021-04-28,OSP
MNL035 LP392 NP6-7-8,MNL035,LP392,NP6-7-8,MNL035 LP392,Pureza (Legarda / Lacson),MANILA,3,1,BARANGAY 574,,,14.606475,121.00497,,,,,,,24,2021-04-28,OSP
MNL035 LP393 NP1-2,MNL035,LP393,NP1-2,MNL035 LP393,Pureza (Legarda / Lacson),MANILA,3,1,BARANGAY 574,,,14.606342,121.005134,,,,,,,16,2021-04-28,OSP
MNL035 LP491 NP1-2,MNL035,LP491,NP1-2,MNL035 LP491,Pureza (Legarda / Lacson),MANILA,3,1,BARANGAY 574,,,14.606094,121.00555,,,,,,,16,2023-05-30,OSP
MNL035 LP491 NP3-4,MNL035,LP491,NP3-4,MNL035 LP491,Pureza (Legarda / Lacson),MANILA,3,1,BARANGAY 574,,,14.606094,121.00555,,,,,,,16,2023-05-30,OSP
MNL035 LP491 NP5-6,MNL035,LP491,NP5-6,MNL035 LP491,Pureza (Legarda / Lacson),MANILA,3,1,BARANGAY 574,,,14.605833,121.00534,,,,,,,16,2023-05-30,OSP
MNL035 LP491 NP7-8,MNL035,LP491,NP7-8,MNL035 LP491,Pureza (Legarda / Lacson),MANILA,3,1,BARANGAY 574,,,14.605833,121.00534,,,,,,,16,2023-05-30,OSP
MNL035 LP382 NP6-7-8,MNL035,LP382,NP6-7-8,MNL035 LP382,Pureza (Legarda / Lacson),MANILA,3,1,BARANGAY 574,,,14.606521,121.00439,,,,,,,24,2021-04-28,OSP
MNL035 LP383 NP1-2,MNL035,LP383,NP1-2,MNL035 LP383,Pureza (Legarda / Lacson),MANILA,3,1,BARANGAY 574,,,14.605933,121.0052,,,,,,,16,2021-04-28,OSP
MNL035 LP385 NP1-2,MNL035,LP385,NP1-2,MNL035 LP385,Pureza (Legarda / Lacson),MANILA,3,1,BARANGAY 574,,,14.605763,121.00476,,,,,,,16,2021-04-28,OSP
MNL035 LP385 NP3-4-5,MNL035,LP385,NP3-4-5,MNL035 LP385,Pureza (Legarda / Lacson),MANILA,3,1,BARANGAY 574,,,14.606335,121.00405,,,,,,,24,2021-04-28,OSP
MNL002 LP235 NP3-4,MNL002,LP235,NP3-4,MNL002 LP235,Don Quintos,MANILA,3,1,BARANGAY 575,,,14.606913,121.004976,,,,,,,16,2019-10-22,OSP
MNL002 LP191 NP3-4,MNL002,LP191,NP3-4,MNL002 LP191,Don Quintos,MANILA,3,1,BARANGAY 575,,,14.60726233,121.0051311,,,,,,,16,2019-05-31,OSP
MNL002 LP93 NP1-2,MNL002,LP93,NP1-2,MNL002 LP93,Don Quintos,MANILA,3,1,BARANGAY 575,,,14.60723,121.004653,,,,,,,16,2018-04-16,OSP
MNL002 LP93 NP3-4,MNL002,LP93,NP3-4,MNL002 LP93,Don Quintos,MANILA,3,1,BARANGAY 575,,,14.60747,121.004845,,,,,,,16,2018-04-16,OSP
MNL002 LP94 NP1-2,MNL002,LP94,NP1-2,MNL002 LP94,Don Quintos,MANILA,3,1,BARANGAY 575,,,14.606399,121.005789,,,,,,,16,2018-04-16,OSP
MNL035 LP394 NP1-2,MNL035,LP394,NP1-2,MNL035 LP394,Pureza (Legarda / Lacson),MANILA,3,1,BARANGAY 575,,,14.606354,121.0057,,,,,,,16,2021-04-28,OSP
MNL035 LP395 NP1-2,MNL035,LP395,NP1-2,MNL035 LP395,Pureza (Legarda / Lacson),MANILA,3,1,BARANGAY 575,,,14.606571,121.00541,,,,,,,16,2021-04-28,OSP
MNL035 LP45 NP1-2,MNL035,LP45,NP1-2,MNL035 LP45,Pureza (Legarda / Lacson),MANILA,3,1,BARANGAY 575,,,14.606835,121.005662,,,,,,,16,2021-05-18,OSP
MNL035 LP45 NP3-4-5,MNL035,LP45,NP3-4-5,MNL035 LP45,Pureza (Legarda / Lacson),MANILA,3,1,BARANGAY 575,,,14.607056,121.005374,,,,,,,24,2021-05-18,OSP
MNL035 LP45 NP6-7-8,MNL035,LP45,NP6-7-8,MNL035 LP45,Pureza (Legarda / Lacson),MANILA,3,1,BARANGAY 575,,,14.607497,121.00488,,,,,,,24,2021-05-18,OSP
MNL035 LP490 NP5-6,MNL035,LP490,NP5-6,MNL035 LP490,Pureza (Legarda / Lacson),MANILA,3,1,BARANGAY 575,,,14.606342,121.00568,,,,,,,16,2023-05-30,OSP
MNL035 LP490 NP7-8,MNL035,LP490,NP7-8,MNL035 LP490,Pureza (Legarda / Lacson),MANILA,3,1,BARANGAY 575,,,14.606342,121.00568,,,,,,,16,2023-05-30,OSP
MNL002 LP238 NP3-4,MNL002,LP238,NP3-4,MNL002 LP238,Don Quintos,MANILA,3,1,BARANGAY 576,,,14.606482,121.003456,,,,,,,16,2019-10-22,OSP
MNL002 LP239 NP1-2,MNL002,LP239,NP1-2,MNL002 LP239,Don Quintos,MANILA,3,1,BARANGAY 576,,,14.605517,121.00442,,,,,,,16,2019-10-22,OSP
MNL002 LP239 NP3-4,MNL002,LP239,NP3-4,MNL002 LP239,Don Quintos,MANILA,3,1,BARANGAY 576,,,14.605234,121.004137,,,,,,,16,2019-10-22,OSP
MNL002 LP239 NP5-6,MNL002,LP239,NP5-6,MNL002 LP239,Don Quintos,MANILA,3,1,BARANGAY 576,,,14.604625,121.004633,,,,,,,16,2019-10-22,OSP
MNL002 LP21 NP4,MNL002,LP21,NP4,MNL002 LP21,Don Quintos,MANILA,3,1,BARANGAY 576,,,14.606167,121.003737,,,,,,,8,2017-08-09,OSP
MNL002 LP21 NP8,MNL002,LP21,NP8,MNL002 LP21,Don Quintos,MANILA,3,1,BARANGAY 576,,,14.60617,121.0037369,,,,,,,8,2018-09-24,OSP
MNL035 LP396 NP1-2,MNL035,LP396,NP1-2,MNL035 LP396,Pureza (Legarda / Lacson),MANILA,3,1,BARANGAY 576,,,14.606532,121.0034,,,,,,,16,2021-04-28,OSP
MNL035 LP396 NP3-4-5,MNL035,LP396,NP3-4-5,MNL035 LP396,Pureza (Legarda / Lacson),MANILA,3,1,BARANGAY 576,,,14.606195,121.003749,,,,,,,24,2021-04-28,OSP
MNL035 LP396 NP6-7-8,MNL035,LP396,NP6-7-8,MNL035 LP396,Pureza (Legarda / Lacson),MANILA,3,1,BARANGAY 576,,,14.606085,121.00384,,,,,,,24,2021-04-28,OSP
MNL035 LP397 NP1-2,MNL035,LP397,NP1-2,MNL035 LP397,Pureza (Legarda / Lacson),MANILA,3,1,BARANGAY 576,,,14.605961,121.00396,,,,,,,16,2021-04-28,OSP
MNL035 LP397 NP3-4-5,MNL035,LP397,NP3-4-5,MNL035 LP397,Pureza (Legarda / Lacson),MANILA,3,1,BARANGAY 576,,,14.605801,121.00413,,,,,,,24,2021-04-28,OSP
MNL035 LP397 NP6-7-8,MNL035,LP397,NP6-7-8,MNL035 LP397,Pureza (Legarda / Lacson),MANILA,3,1,BARANGAY 576,,,14.605528,121.00441,,,,,,,24,2021-04-28,OSP
MNL035 LP480 NP1-2,MNL035,LP480,NP1-2,MNL035 LP480,Pureza (Legarda / Lacson),MANILA,3,1,BARANGAY 576,,,14.606551,121.00333,,,,,,,16,2023-05-30,OSP
MNL035 LP480 NP3-4,MNL035,LP480,NP3-4,MNL035 LP480,Pureza (Legarda / Lacson),MANILA,3,1,BARANGAY 576,,,14.606551,121.00333,,,,,,,16,2023-05-30,OSP
MNL035 LP480 NP5-6,MNL035,LP480,NP5-6,MNL035 LP480,Pureza (Legarda / Lacson),MANILA,3,1,BARANGAY 576,,,14.606443,121.00346,,,,,,,16,2023-05-30,OSP
MNL035 LP480 NP7-8,MNL035,LP480,NP7-8,MNL035 LP480,Pureza (Legarda / Lacson),MANILA,3,1,BARANGAY 576,,,14.606443,121.00346,,,,,,,16,2023-05-30,OSP
MNL035 LP481 NP1-2,MNL035,LP481,NP1-2,MNL035 LP481,Pureza (Legarda / Lacson),MANILA,3,1,BARANGAY 576,,,14.60615,121.00373,,,,,,,16,2023-05-30,OSP
MNL035 LP481 NP3-4,MNL035,LP481,NP3-4,MNL035 LP481,Pureza (Legarda / Lacson),MANILA,3,1,BARANGAY 576,,,14.60615,121.00373,,,,,,,16,2023-05-30,OSP
MNL035 LP481 NP5-6,MNL035,LP481,NP5-6,MNL035 LP481,Pureza (Legarda / Lacson),MANILA,3,1,BARANGAY 576,,,14.606014,121.00386,,,,,,,16,2023-05-30,OSP
MNL035 LP481 NP7-8,MNL035,LP481,NP7-8,MNL035 LP481,Pureza (Legarda / Lacson),MANILA,3,1,BARANGAY 576,,,14.606014,121.00386,,,,,,,16,2023-05-30,OSP
MNL035 LP482 NP1-2,MNL035,LP482,NP1-2,MNL035 LP482,Pureza (Legarda / Lacson),MANILA,3,1,BARANGAY 576,,,14.605609,121.0043,,,,,,,16,2023-05-30,OSP
MNL035 LP482 NP3-4,MNL035,LP482,NP3-4,MNL035 LP482,Pureza (Legarda / Lacson),MANILA,3,1,BARANGAY 576,,,14.605609,121.0043,,,,,,,16,2023-05-30,OSP
MNL035 LP398 NP1-2,MNL035,LP398,NP1-2,MNL035 LP398,Pureza (Legarda / Lacson),MANILA,3,1,BARANGAY 576,,,14.605232,121.0041,,,,,,,16,2021-04-28,OSP
MNL035 LP398 NP3-4-5,MNL035,LP398,NP3-4-5,MNL035 LP398,Pureza (Legarda / Lacson),MANILA,3,1,BARANGAY 576,,,14.604948,121.0043,,,,,,,24,2021-04-28,OSP
MNL035 LP398 NP6-7-8,MNL035,LP398,NP6-7-8,MNL035 LP398,Pureza (Legarda / Lacson),MANILA,3,1,BARANGAY 576,,,14.604145,121.00521,,,,,,,24,2021-04-28,OSP
MNL035 LP482 NP5-6,MNL035,LP482,NP5-6,MNL035 LP482,Pureza (Legarda / Lacson),MANILA,3,1,BARANGAY 576,,,14.605458,121.00447,,,,,,,16,2023-05-30,OSP
MNL035 LP482 NP7-8,MNL035,LP482,NP7-8,MNL035 LP482,Pureza (Legarda / Lacson),MANILA,3,1,BARANGAY 576,,,14.605458,121.00447,,,,,,,16,2023-05-30,OSP
MNL035 LP483 NP1-2,MNL035,LP483,NP1-2,MNL035 LP483,Pureza (Legarda / Lacson),MANILA,3,1,BARANGAY 576,,,14.605155,121.00472,,,,,,,16,2023-05-30,OSP
MNL035 LP483 NP3-4,MNL035,LP483,NP3-4,MNL035 LP483,Pureza (Legarda / Lacson),MANILA,3,1,BARANGAY 576,,,14.605155,121.00472,,,,,,,16,2023-05-30,OSP
MNL035 LP483 NP5-6,MNL035,LP483,NP5-6,MNL035 LP483,Pureza (Legarda / Lacson),MANILA,3,1,BARANGAY 576,,,14.6052655,121.0047832,,,,,,,16,2023-05-30,OSP
MNL035 LP483 NP7-8,MNL035,LP483,NP7-8,MNL035 LP483,Pureza (Legarda / Lacson),MANILA,3,1,BARANGAY 576,,,14.6052655,121.0047832,,,,,,,16,2023-05-30,OSP
MNL002 LP1 NP3-4,MNL002,LP1,NP3-4,MNL002 LP1,Don Quintos,MANILA,3,1,BARANGAY 577,,,14.608629,121.003776,,,,,,,16,2016-06-16,OSP
MNL002 LP235 NP1-2,MNL002,LP235,NP1-2,MNL002 LP235,Don Quintos,MANILA,3,1,BARANGAY 577,,,14.607872,121.00384,,,,,,,16,2019-10-22,OSP
MNL002 LP230 NP1-2,MNL002,LP230,NP1-2,MNL002 LP230,Don Quintos,MANILA,3,1,BARANGAY 577,,,14.608368,121.004246,,,,,,,16,2019-10-22,OSP
MNL002 LP191 NP1-2,MNL002,LP191,NP1-2,MNL002 LP191,Don Quintos,MANILA,3,1,BARANGAY 577,,,14.60801067,121.0042246,,,,,,,16,2019-05-31,OSP
MNL002 LP92 NP7-8,MNL002,LP92,NP7-8,MNL002 LP92,Don Quintos,MANILA,3,1,BARANGAY 577,,,14.60797,121.00361,,,,,,,16,2018-04-16,OSP
MNL002 LP93 NP5-6,MNL002,LP93,NP5-6,MNL002 LP93,Don Quintos,MANILA,3,1,BARANGAY 577,,,14.607752,121.005048,,,,,,,16,2018-04-16,OSP
MNL035 LP9 NP3-4,MNL035,LP9,NP3-4,MNL035 LP9,Pureza (Legarda / Lacson),MANILA,3,1,BARANGAY 577,,,14.608707,121.003795,,,,,,,16,2021-04-28,OSP
MNL035 LP395 NP3-4-5,MNL035,LP395,NP3-4-5,MNL035 LP395,Pureza (Legarda / Lacson),MANILA,3,1,BARANGAY 577,,,14.607233,121.00462,,,,,,,24,2021-04-28,OSP
MNL035 LP395 NP6-7-8,MNL035,LP395,NP6-7-8,MNL035 LP395,Pureza (Legarda / Lacson),MANILA,3,1,BARANGAY 577,,,14.60763,121.00409,,,,,,,24,2021-04-28,OSP
MNL035 LP46 NP1-2,MNL035,LP46,NP1-2,MNL035 LP46,Pureza (Legarda / Lacson),MANILA,3,1,BARANGAY 577,,,14.607698,121.004615,,,,,,,16,2021-05-18,OSP
MNL035 LP42 NP1-2,MNL035,LP42,NP1-2,MNL035 LP42,Pureza (Legarda / Lacson),MANILA,3,1,BARANGAY 577,,,14.608534,121.004012,,,,,,,16,2021-05-18,OSP
MNL035 LP42 NP3-4-5,MNL035,LP42,NP3-4-5,MNL035 LP42,Pureza (Legarda / Lacson),MANILA,3,1,BARANGAY 577,,,14.608196,121.00445,,,,,,,24,2021-05-18,OSP
MNL035 LP42 NP6-7-8,MNL035,LP42,NP6-7-8,MNL035 LP42,Pureza (Legarda / Lacson),MANILA,3,1,BARANGAY 577,,,14.607854,121.005014,,,,,,,24,2021-05-18,OSP
MNL035 LP46 NP3-4-5,MNL035,LP46,NP3-4-5,MNL035 LP46,Pureza (Legarda / Lacson),MANILA,3,1,BARANGAY 577,,,14.607923,121.004327,,,,,,,24,2021-05-18,OSP
MNL035 LP46 NP6-7-8,MNL035,LP46,NP6-7-8,MNL035 LP46,Pureza (Legarda / Lacson),MANILA,3,1,BARANGAY 577,,,14.60831,121.003827,,,,,,,24,2021-05-18,OSP
MNL002 LP231 NP3-4,MNL002,LP231,NP3-4,MNL002 LP231,Don Quintos,MANILA,3,1,BARANGAY 578,,,14.604434,121.009667,,,,,,,16,2019-10-22,OSP
MNL002 LP231 NP5-6,MNL002,LP231,NP5-6,MNL002 LP231,Don Quintos,MANILA,3,1,BARANGAY 578,,,14.603814,121.010188,,,,,,,16,2019-10-22,OSP
MNL002 LP232 NP1-2,MNL002,LP232,NP1-2,MNL002 LP232,Don Quintos,MANILA,3,1,BARANGAY 578,,,14.60369,121.008968,,,,,,,16,2019-10-22,OSP
MNL002 LP232 NP3-4,MNL002,LP232,NP3-4,MNL002 LP232,Don Quintos,MANILA,3,1,BARANGAY 578,,,14.603984,121.008127,,,,,,,16,2019-10-22,OSP
MNL002 LP232 NP5-6,MNL002,LP232,NP5-6,MNL002 LP232,Don Quintos,MANILA,3,1,BARANGAY 578,,,14.604156,121.009131,,,,,,,16,2019-10-22,OSP
MNL002 LP19 NP1,MNL002,LP19,NP1,MNL002 LP19,Don Quintos,MANILA,3,1,BARANGAY 578,,,14.604574,121.009428,,,,,,,8,2017-08-09,OSP
MNL002 LP19 NP5,MNL002,LP19,NP5,MNL002 LP19,Don Quintos,MANILA,3,1,BARANGAY 578,,,14.60457,121.0094275,,,,,,,8,2018-09-24,OSP
MNL002 LP18 NP4,MNL002,LP18,NP4,MNL002 LP18,Don Quintos,MANILA,3,1,BARANGAY 578,,,14.604,121.010217,,,,,,,8,2017-08-09,OSP
MNL002 LP18 NP8,MNL002,LP18,NP8,MNL002 LP18,Don Quintos,MANILA,3,1,BARANGAY 578,,,14.60400029,121.0102173,,,,,,,8,2018-09-24,OSP
MNL035 LP401 NP3-4,MNL035,LP401,NP3-4,MNL035 LP401,Pureza (Legarda / Lacson),MANILA,3,1,BARANGAY 578,,,14.603537,121.0083,,,,,,,16,2021-04-28,OSP
MNL035 LP401 NP5-6,MNL035,LP401,NP5-6,MNL035 LP401,Pureza (Legarda / Lacson),MANILA,3,1,BARANGAY 578,,,14.603625,121.00893,,,,,,,16,2021-04-28,OSP
MNL035 LP401 NP7-8,MNL035,LP401,NP7-8,MNL035 LP401,Pureza (Legarda / Lacson),MANILA,3,1,BARANGAY 578,,,14.603709,121.00963,,,,,,,16,2021-04-28,OSP
MNL035 LP388 NP6-7-8,MNL035,LP388,NP6-7-8,MNL035 LP388,Pureza (Legarda / Lacson),MANILA,3,1,BARANGAY 578,,,14.604048,121.00851,,,,,,,24,2021-04-28,OSP
MNL035 LP389 NP1-2,MNL035,LP389,NP1-2,MNL035 LP389,Pureza (Legarda / Lacson),MANILA,3,1,BARANGAY 578,,,14.604097,121.00893,,,,,,,16,2021-04-28,OSP
MNL035 LP389 NP3-4-5,MNL035,LP389,NP3-4-5,MNL035 LP389,Pureza (Legarda / Lacson),MANILA,3,1,BARANGAY 578,,,14.60413,121.00931,,,,,,,24,2021-04-28,OSP
MNL035 LP389 NP6-7-8,MNL035,LP389,NP6-7-8,MNL035 LP389,Pureza (Legarda / Lacson),MANILA,3,1,BARANGAY 578,,,14.60451,121.00893,,,,,,,24,2021-04-28,OSP
MNL035 LP5 NP5-6,MNL035,LP5,NP5-6,MNL035 LP5,Pureza (Legarda / Lacson),MANILA,3,1,BARANGAY 578,,,14.604583,121.009444,,,,,,,16,2021-04-29,OSP
MNL002 LP233 NP7-8,MNL002,LP233,NP7-8,MNL002 LP233,Don Quintos,MANILA,3,1,BARANGAY 579,,,14.603214,121.00955,,,,,,,16,2019-10-22,OSP
MNL002 LP234 NP1-2,MNL002,LP234,NP1-2,MNL002 LP234,Don Quintos,MANILA,3,1,BARANGAY 579,,,14.602447,121.010246,,,,,,,16,2019-10-22,OSP
MNL002 LP234 NP3-4,MNL002,LP234,NP3-4,MNL002 LP234,Don Quintos,MANILA,3,1,BARANGAY 579,,,14.602311,121.009004,,,,,,,16,2019-10-22,OSP
MNL002 LP233 NP3-4,MNL002,LP233,NP3-4,MNL002 LP233,Don Quintos,MANILA,3,1,BARANGAY 579,,,14.602682,121.008748,,,,,,,16,2019-10-22,OSP
MNL002 LP233 NP5-6,MNL002,LP233,NP5-6,MNL002 LP233,Don Quintos,MANILA,3,1,BARANGAY 579,,,14.602719,121.008247,,,,,,,16,2019-10-22,OSP
MNL002 LP18 NP1,MNL002,LP18,NP1,MNL002 LP18,Don Quintos,MANILA,3,1,BARANGAY 579,,,14.602759,121.009572,,,,,,,8,2017-08-09,OSP
MNL002 LP18 NP3,MNL002,LP18,NP3,MNL002 LP18,Don Quintos,MANILA,3,1,BARANGAY 579,,,14.603295,121.010242,,,,,,,8,2017-08-09,OSP
MNL002 LP18 NP5,MNL002,LP18,NP5,MNL002 LP18,Don Quintos,MANILA,3,1,BARANGAY 579,,,14.6027591,121.009572,,,,,,,8,2018-09-24,OSP
MNL002 LP18 NP7,MNL002,LP18,NP7,MNL002 LP18,Don Quintos,MANILA,3,1,BARANGAY 579,,,14.60329531,121.0102416,,,,,,,8,2018-09-24,OSP
MNL035 LP2 NP1-2,MNL035,LP2,NP1-2,MNL035 LP2,Pureza (Legarda / Lacson),MANILA,3,1,BARANGAY 579,,,14.602293,121.008712,,,,,,,16,2021-04-29,OSP
MNL035 LP2 NP3-4-5,MNL035,LP2,NP3-4-5,MNL035 LP2,Pureza (Legarda / Lacson),MANILA,3,1,BARANGAY 579,,,14.602385,121.010234,,,,,,,24,2021-04-29,OSP
MNL035 LP402 NP1-2,MNL035,LP402,NP1-2,MNL035 LP402,Pureza (Legarda / Lacson),MANILA,3,1,BARANGAY 579,,,14.603238,121.00969,,,,,,,16,2021-04-28,OSP
MNL035 LP402 NP3-4-5,MNL035,LP402,NP3-4-5,MNL035 LP402,Pureza (Legarda / Lacson),MANILA,3,1,BARANGAY 579,,,14.603143,121.00889,,,,,,,24,2021-04-28,OSP
MNL035 LP403 NP1-2,MNL035,LP403,NP1-2,MNL035 LP403,Pureza (Legarda / Lacson),MANILA,3,1,BARANGAY 579,,,14.602663,121.00863,,,,,,,16,2021-04-28,OSP
MNL035 LP403 NP3-4,MNL035,LP403,NP3-4,MNL035 LP403,Pureza (Legarda / Lacson),MANILA,3,1,BARANGAY 579,,,14.602766,121.00964,,,,,,,16,2021-04-28,OSP
MNL035 LP403 NP5-6,MNL035,LP403,NP5-6,MNL035 LP403,Pureza (Legarda / Lacson),MANILA,3,1,BARANGAY 579,,,14.60234,121.0098,,,,,,,16,2021-04-28,OSP
MNL035 LP403 NP7-8,MNL035,LP403,NP7-8,MNL035 LP403,Pureza (Legarda / Lacson),MANILA,3,1,BARANGAY 579,,,14.602274,121.00907,,,,,,,16,2021-04-28,OSP
MNL035 LP5 NP1-2,MNL035,LP5,NP1-2,MNL035 LP5,Pureza (Legarda / Lacson),MANILA,3,1,BARANGAY 579,,,14.603351,121.010236,,,,,,,16,2021-04-29,OSP
MNL003 LP293 NP3-4,MNL003,LP293,NP3-4,MNL003 LP293,City Square,MANILA,3,1,BARANGAY 58,,,14.612345,120.969688,,,,,,,16,2019-03-29,OSP
MNL003 LP293 NP5-6,MNL003,LP293,NP5-6,MNL003 LP293,City Square,MANILA,3,1,BARANGAY 58,,,14.612198,120.970615,,,,,,,16,2019-03-29,OSP
MNL005 LP71 NP1-2,MNL005,LP71,NP1-2,MNL005 LP71,Orchard Building (City Square 2),MANILA,3,1,BARANGAY 58,,,14.611927,120.971163,,,,,,,16,2020-12-20,OSP
MNL005 LP71 NP3-4,MNL005,LP71,NP3-4,MNL005 LP71,Orchard Building (City Square 2),MANILA,3,1,BARANGAY 58,,,14.611673,120.971204,,,,,,,16,2020-12-20,OSP
MNL005 LP67 NP7-8,MNL005,LP67,NP7-8,MNL005 LP67,Orchard Building (City Square 2),MANILA,3,1,BARANGAY 58,,,14.612315,120.970069,,,,,,,16,2020-12-20,OSP
MNL005 LP68 NP1-2,MNL005,LP68,NP1-2,MNL005 LP68,Orchard Building (City Square 2),MANILA,3,1,BARANGAY 58,,,14.611921,120.970476,,,,,,,16,2020-12-20,OSP
MNL005 LP68 NP3-4,MNL005,LP68,NP3-4,MNL005 LP68,Orchard Building (City Square 2),MANILA,3,1,BARANGAY 58,,,14.611653,120.970346,,,,,,,16,2020-12-20,OSP
MNL005 LP70 NP3-4,MNL005,LP70,NP3-4,MNL005 LP70,Orchard Building (City Square 2),MANILA,3,1,BARANGAY 58,,,14.612851,120.971022,,,,,,,16,2020-12-20,OSP
MNL005 LP70 NP5-6,MNL005,LP70,NP5-6,MNL005 LP70,Orchard Building (City Square 2),MANILA,3,1,BARANGAY 58,,,14.612469,120.971073,,,,,,,16,2020-12-20,OSP
MNL005 LP70 NP7-8,MNL005,LP70,NP7-8,MNL005 LP70,Orchard Building (City Square 2),MANILA,3,1,BARANGAY 58,,,14.612047,120.97114,,,,,,,16,2020-12-20,OSP
MNL005 LP65 NP7-8,MNL005,LP65,NP7-8,MNL005 LP65,Orchard Building (City Square 2),MANILA,3,1,BARANGAY 58,,,14.612803,120.970671,,,,,,,16,2020-12-20,OSP
MNL005 LP67 NP1-2,MNL005,LP67,NP1-2,MNL005 LP67,Orchard Building (City Square 2),MANILA,3,1,BARANGAY 58,,,14.61253,120.970619,,,,,,,16,2020-12-20,OSP
MNL005 LP67 NP3-4,MNL005,LP67,NP3-4,MNL005 LP67,Orchard Building (City Square 2),MANILA,3,1,BARANGAY 58,,,14.612208,120.970615,,,,,,,16,2020-12-20,OSP
MNL005 LP67 NP5-6,MNL005,LP67,NP5-6,MNL005 LP67,Orchard Building (City Square 2),MANILA,3,1,BARANGAY 58,,,14.612276,120.97032,,,,,,,16,2020-12-20,OSP
MNL045 LP455 NP6-8,MNL045,LP455,NP6-8,MNL045 LP455,Radial Road 10,MANILA,3,1,BARANGAY 58,,,14.612275,120.970325,,,,,,,24,2022-03-10,OSP
MNL045 LP456 NP1-2,MNL045,LP456,NP1-2,MNL045 LP456,Radial Road 10,MANILA,3,1,BARANGAY 58,,,14.611914,120.970477,,,,,,,16,2022-03-10,OSP
MNL045 LP456 NP3-5,MNL045,LP456,NP3-5,MNL045 LP456,Radial Road 10,MANILA,3,1,BARANGAY 58,,,14.611656,120.970353,,,,,,,24,2022-03-10,OSP
MNL045 LP453 NP3-5,MNL045,LP453,NP3-5,MNL045 LP453,Radial Road 10,MANILA,3,1,BARANGAY 58,,,14.612815,120.970666,,,,,,,24,2022-03-10,OSP
MNL045 LP453 NP6-8,MNL045,LP453,NP6-8,MNL045 LP453,Radial Road 10,MANILA,3,1,BARANGAY 58,,,14.612554,120.970607,,,,,,,24,2022-03-10,OSP
MNL045 LP454 NP1-2,MNL045,LP454,NP1-2,MNL045 LP454,Radial Road 10,MANILA,3,1,BARANGAY 58,,,14.612659,120.970104,,,,,,,16,2022-03-10,OSP
MNL045 LP454 NP3-5,MNL045,LP454,NP3-5,MNL045 LP454,Radial Road 10,MANILA,3,1,BARANGAY 58,,,14.612656,120.970109,,,,,,,24,2022-03-10,OSP
MNL045 LP454 NP6-8,MNL045,LP454,NP6-8,MNL045 LP454,Radial Road 10,MANILA,3,1,BARANGAY 58,,,14.612609,120.97033,,,,,,,24,2022-03-10,OSP
MNL045 LP455 NP1-2,MNL045,LP455,NP1-2,MNL045 LP455,Radial Road 10,MANILA,3,1,BARANGAY 58,,,14.612375,120.969684,,,,,,,16,2022-03-10,OSP
MNL045 LP455 NP3-5,MNL045,LP455,NP3-5,MNL045 LP455,Radial Road 10,MANILA,3,1,BARANGAY 58,,,14.612307,120.970121,,,,,,,24,2022-03-10,OSP
MNL002 LP240 NP7-8,MNL002,LP240,NP7-8,MNL002 LP240,Don Quintos,MANILA,3,1,BARANGAY 580,,,14.60371,121.007242,,,,,,,16,2019-10-22,OSP
MNL002 LP232 NP7-8,MNL002,LP232,NP7-8,MNL002 LP232,Don Quintos,MANILA,3,1,BARANGAY 580,,,14.604366,121.00758,,,,,,,16,2019-10-22,OSP
MNL002 LP20 NP7,MNL002,LP20,NP7,MNL002 LP20,Don Quintos,MANILA,3,1,BARANGAY 580,,,14.603479,121.008113,,,,,,,8,2018-09-24,OSP
MNL002 LP20 NP2,MNL002,LP20,NP2,MNL002 LP20,Don Quintos,MANILA,3,1,BARANGAY 580,,,14.604713,121.007083,,,,,,,8,2017-08-09,OSP
MNL002 LP20 NP3,MNL002,LP20,NP3,MNL002 LP20,Don Quintos,MANILA,3,1,BARANGAY 580,,,14.603479,121.008113,,,,,,,8,2017-08-09,OSP
MNL002 LP20 NP6,MNL002,LP20,NP6,MNL002 LP20,Don Quintos,MANILA,3,1,BARANGAY 580,,,14.604713,121.007083,,,,,,,8,2018-09-24,OSP
MNL035 LP400 NP7-8,MNL035,LP400,NP7-8,MNL035 LP400,Pureza (Legarda / Lacson),MANILA,3,1,BARANGAY 580,,,14.603768,121.00706,,,,,,,16,2021-04-28,OSP
MNL035 LP401 NP1-2,MNL035,LP401,NP1-2,MNL035 LP401,Pureza (Legarda / Lacson),MANILA,3,1,BARANGAY 580,,,14.60354,121.00789,,,,,,,16,2021-04-28,OSP
MNL035 LP388 NP1-2,MNL035,LP388,NP1-2,MNL035 LP388,Pureza (Legarda / Lacson),MANILA,3,1,BARANGAY 580,,,14.604708,121.00703,,,,,,,16,2021-04-28,OSP
MNL035 LP388 NP3-4-5,MNL035,LP388,NP3-4-5,MNL035 LP388,Pureza (Legarda / Lacson),MANILA,3,1,BARANGAY 580,,,14.604138,121.00794,,,,,,,24,2021-04-28,OSP
MNL002 LP7 NP7-8,MNL002,LP7,NP7-8,MNL002 LP7,Don Quintos,MANILA,3,1,BARANGAY 581,,,14.606432,121.009112,,,,,,,16,2017-02-12,OSP
MNL002 LP234 NP5-6,MNL002,LP234,NP5-6,MNL002 LP234,Don Quintos,MANILA,3,1,BARANGAY 581,,,14.602484,121.011004,,,,,,,16,2019-10-22,OSP
MNL002 LP234 NP7-8,MNL002,LP234,NP7-8,MNL002 LP234,Don Quintos,MANILA,3,1,BARANGAY 581,,,14.602625,121.013073,,,,,,,16,2020-08-05,OSP
MNL002 LP230 NP7-8,MNL002,LP230,NP7-8,MNL002 LP230,Don Quintos,MANILA,3,1,BARANGAY 581,,,14.605698,121.007791,,,,,,,16,2019-10-22,OSP
MNL002 LP231 NP1-2,MNL002,LP231,NP1-2,MNL002 LP231,Don Quintos,MANILA,3,1,BARANGAY 581,,,14.605044,121.008757,,,,,,,16,2019-10-22,OSP
MNL002 LP231 NP7-8,MNL002,LP231,NP7-8,MNL002 LP231,Don Quintos,MANILA,3,1,BARANGAY 581,,,14.602932,121.011055,,,,,,,16,2019-10-22,OSP
MNL002 LP233 NP1-2,MNL002,LP233,NP1-2,MNL002 LP233,Don Quintos,MANILA,3,1,BARANGAY 581,,,14.602851,121.010317,,,,,,,16,2019-10-22,OSP
MNL002 LP96 NP5-6,MNL002,LP96,NP5-6,MNL002 LP96,Don Quintos,MANILA,3,1,BARANGAY 581,,,14.606964,121.008343,,,,,,,16,2020-08-06,OSP
MNL002 LP96 NP7-8,MNL002,LP96,NP7-8,MNL002 LP96,Don Quintos,MANILA,3,1,BARANGAY 581,,,14.606761,121.008621,,,,,,,16,2020-08-06,OSP
MNL002 LP190 NP7-8,MNL002,LP190,NP7-8,MNL002 LP190,Don Quintos,MANILA,3,1,BARANGAY 581,,,14.605915,121.00749,,,,,,,16,2020-08-06,OSP
MNL002 LP8 NP1-2,MNL002,LP8,NP1-2,MNL002 LP8,Don Quintos,MANILA,3,1,BARANGAY 581,,,14.604519,121.011592,,,,,,,16,2017-02-12,OSP
MNL002 LP8 NP3-4,MNL002,LP8,NP3-4,MNL002 LP8,Don Quintos,MANILA,3,1,BARANGAY 581,,,14.603413,121.012237,,,,,,,16,2017-02-12,OSP
MNL002 LP8 NP5-6,MNL002,LP8,NP5-6,MNL002 LP8,Don Quintos,MANILA,3,1,BARANGAY 581,,,14.602767,121.01254,,,,,,,16,2017-02-12,OSP
MNL035 LP6 NP1-2,MNL035,LP6,NP1-2,MNL035 LP6,Pureza (Legarda / Lacson),MANILA,3,1,BARANGAY 581,,,14.605424,121.008194,,,,,,,16,2021-04-29,OSP
MNL035 LP2 NP6-7-8,MNL035,LP2,NP6-7-8,MNL035 LP2,Pureza (Legarda / Lacson),MANILA,3,1,BARANGAY 581,,,14.602491,121.011639,,,,,,,24,2021-04-29,OSP
MNL035 LP27 NP1-2,MNL035,LP27,NP1-2,MNL035 LP27,Pureza (Legarda / Lacson),MANILA,3,1,BARANGAY 581,,,14.606115,121.009459,,,,,,,16,2021-04-29,OSP
MNL035 LP27 NP3-4,MNL035,LP27,NP3-4,MNL035 LP27,Pureza (Legarda / Lacson),MANILA,3,1,BARANGAY 581,,,14.606488,121.008901,,,,,,,16,2021-04-29,OSP
MNL035 LP26 NP5-6,MNL035,LP26,NP5-6,MNL035 LP26,Pureza (Legarda / Lacson),MANILA,3,1,BARANGAY 581,,,14.60429,121.011797,,,,,,,16,2021-04-29,OSP
MNL035 LP26 NP7-8,MNL035,LP26,NP7-8,MNL035 LP26,Pureza (Legarda / Lacson),MANILA,3,1,BARANGAY 581,,,14.605446,121.010415,,,,,,,16,2021-04-29,OSP
MNL035 LP26 NP1-2,MNL035,LP26,NP1-2,MNL035 LP26,Pureza (Legarda / Lacson),MANILA,3,1,BARANGAY 581,,,14.603158,121.012255,,,,,,,16,2021-04-29,OSP
MNL035 LP26 NP3-4,MNL035,LP26,NP3-4,MNL035 LP26,Pureza (Legarda / Lacson),MANILA,3,1,BARANGAY 581,,,14.602961,121.011535,,,,,,,16,2021-04-29,OSP
MNL035 LP5 NP3-4,MNL035,LP5,NP3-4,MNL035 LP5,Pureza (Legarda / Lacson),MANILA,3,1,BARANGAY 581,,,14.604231,121.010105,,,,,,,16,2021-04-29,OSP
MNL035 LP5 NP7-8,MNL035,LP5,NP7-8,MNL035 LP5,Pureza (Legarda / Lacson),MANILA,3,1,BARANGAY 581,,,14.605062,121.008735,,,,,,,16,2021-04-29,OSP
MNL035 LP28 NP1-2,MNL035,LP28,NP1-2,MNL035 LP28,Pureza (Legarda / Lacson),MANILA,3,1,BARANGAY 581,,,14.607368,121.009051,,,,,,,16,2021-04-29,OSP
MNL035 LP28 NP6-7-8,MNL035,LP28,NP6-7-8,MNL035 LP28,Pureza (Legarda / Lacson),MANILA,3,1,BARANGAY 581,,,14.60782,121.009563,,,,,,,24,2021-04-29,OSP
MNL035 LP513 NP1-2,MNL035,LP513,NP1-2,MNL035 LP513,Pureza (Legarda / Lacson),MANILA,3,1,BARANGAY 581,,,14.602905,121.012485,,,,,,"ALONG MANGA AVENUE, BRGY. 581, SAMPALOC, MANILA, BESIDE CROSS POINT",16,2025-03-17,OSP
MNL035 LP513 NP3-4,MNL035,LP513,NP3-4,MNL035 LP513,Pureza (Legarda / Lacson),MANILA,3,1,BARANGAY 581,,,14.603171,121.012274,,,,,,"ALONG MANGA AVENUE, BRGY. 581, SAMPALOC, MANILA, BESIDE CROSS POINT",16,2025-03-17,OSP
MNL035 LP513 NP5-6,MNL035,LP513,NP5-6,MNL035 LP513,Pureza (Legarda / Lacson),MANILA,3,1,BARANGAY 581,,,14.604075,121.011939,,,,,,"ALONG MANGA AVENUE, BRGY. 581, SAMPALOC, MANILA, BESIDE UNITED ASIAN MULTIPURPOSE MISSION CENTER",16,2025-03-17,OSP
MNL035 LP513 NP7-8,MNL035,LP513,NP7-8,MNL035 LP513,Pureza (Legarda / Lacson),MANILA,3,1,BARANGAY 581,,,14.604865,121.011296,,,,,,"ALONG MANGA AVENUE, BRGY. 581, SAMPALOC, MANILA, BESIDE MANGGA TOWNHOMES",16,2025-03-17,OSP
MNL035 LP514 NP1-2,MNL035,LP514,NP1-2,MNL035 LP514,Pureza (Legarda / Lacson),MANILA,3,1,BARANGAY 581,,,14.60537,121.010569,,,,,,"ALONG MANGA AVENUE, BRGY. 581, SAMPALOC, MANILA, BESIDE 588 MANGGA RESIDENCES",16,2025-03-17,OSP
MNL035 LP514 NP3-4,MNL035,LP514,NP3-4,MNL035 LP514,Pureza (Legarda / Lacson),MANILA,3,1,BARANGAY 581,,,14.605742,121.009953,,,,,,"BESIDE 602 MANGA AVENUE, BRGY. 581, SAMPALOC, MANILA",16,2025-03-17,OSP
MNL035 LP514 NP5-6,MNL035,LP514,NP5-6,MNL035 LP514,Pureza (Legarda / Lacson),MANILA,3,1,BARANGAY 581,,,14.606468,121.009061,,,,,,"BESIDE 646 MANGA AVENUE COR BENITO, BRGY. 581, SAMPALOC, MANILA",16,2025-03-17,OSP
MNL035 LP514 NP7-8,MNL035,LP514,NP7-8,MNL035 LP514,Pureza (Legarda / Lacson),MANILA,3,1,BARANGAY 581,,,14.606711,121.008636,,,,,,"BESIDE 669B MANGA AVENUE COR ATIS, BRGY. 581, SAMPALOC, MANILA",16,2025-03-17,OSP
MNL035 LP33 NP3-4,MNL035,LP33,NP3-4,MNL035 LP33,Pureza (Legarda / Lacson),MANILA,3,1,BARANGAY 582,,,14.609431,121.010426,,,,,,,16,2021-04-29,OSP
MNL035 LP33 NP5-6,MNL035,LP33,NP5-6,MNL035 LP33,Pureza (Legarda / Lacson),MANILA,3,1,BARANGAY 582,,,14.609224,121.010684,,,,,,,16,2021-04-29,OSP
MNL035 LP33 NP7-8,MNL035,LP33,NP7-8,MNL035 LP33,Pureza (Legarda / Lacson),MANILA,3,1,BARANGAY 582,,,14.609089,121.010861,,,,,,,16,2021-04-29,OSP
MNL035 LP32 NP3-4-5,MNL035,LP32,NP3-4-5,MNL035 LP32,Pureza (Legarda / Lacson),MANILA,3,1,BARANGAY 582,,,14.608909,121.010455,,,,,,,24,2021-04-29,OSP
MNL035 LP32 NP6-7-8,MNL035,LP32,NP6-7-8,MNL035 LP32,Pureza (Legarda / Lacson),MANILA,3,1,BARANGAY 582,,,14.608737,121.010684,,,,,,,24,2021-04-29,OSP
MNL035 LP31 NP3-4-5,MNL035,LP31,NP3-4-5,MNL035 LP31,Pureza (Legarda / Lacson),MANILA,3,1,BARANGAY 583,,,14.608887,121.009971,,,,,,,24,2021-04-29,OSP
MNL035 LP31 NP6-7-8,MNL035,LP31,NP6-7-8,MNL035 LP31,Pureza (Legarda / Lacson),MANILA,3,1,BARANGAY 583,,,14.608675,121.010234,,,,,,,24,2021-04-29,OSP
MNL035 LP30 NP3-4-5,MNL035,LP30,NP3-4-5,MNL035 LP30,Pureza (Legarda / Lacson),MANILA,3,1,BARANGAY 583,,,14.608506,121.009815,,,,,,,24,2021-04-29,OSP
MNL035 LP30 NP6-7-8,MNL035,LP30,NP6-7-8,MNL035 LP30,Pureza (Legarda / Lacson),MANILA,3,1,BARANGAY 583,,,14.608291,121.010093,,,,,,,24,2021-04-29,OSP
MNL035 LP29 NP3-4-5,MNL035,LP29,NP3-4-5,MNL035 LP29,Pureza (Legarda / Lacson),MANILA,3,1,BARANGAY 583,,,14.608265,121.009543,,,,,,,24,2021-04-29,OSP
MNL035 LP29 NP6-7-8,MNL035,LP29,NP6-7-8,MNL035 LP29,Pureza (Legarda / Lacson),MANILA,3,1,BARANGAY 583,,,14.608066,121.00981,,,,,,,24,2021-04-29,OSP
MNL002 LP13 NP1,MNL002,LP13,NP1,MNL002 LP13,Don Quintos,MANILA,3,1,BARANGAY 584,,,14.606864,121.010057,,,,,,,8,2017-09-25,OSP
MNL002 LP13 NP2,MNL002,LP13,NP2,MNL002 LP13,Don Quintos,MANILA,3,1,BARANGAY 584,,,14.606631,121.010532,,,,,,,8,2017-09-25,OSP
MNL002 LP14 NP1,MNL002,LP14,NP1,MNL002 LP14,Don Quintos,MANILA,3,1,BARANGAY 584,,,14.606056,121.012145,,,,,,,8,2017-09-25,OSP
MNL002 LP14 NP2,MNL002,LP14,NP2,MNL002 LP14,Don Quintos,MANILA,3,1,BARANGAY 584,,,14.60621,121.012182,,,,,,,8,2017-09-25,OSP
MNL002 LP14 NP3,MNL002,LP14,NP3,MNL002 LP14,Don Quintos,MANILA,3,1,BARANGAY 584,,,14.606536,121.012494,,,,,,,8,2017-09-25,OSP
MNL002 LP14 NP4,MNL002,LP14,NP4,MNL002 LP14,Don Quintos,MANILA,3,1,BARANGAY 584,,,14.607148,121.013813,,,,,,,8,2017-09-25,OSP
MNL002 LP14 NP5-6,MNL002,LP14,NP5-6,MNL002 LP14,Don Quintos,MANILA,3,1,BARANGAY 584,,,14.606601,121.012991,,,,,,,16,2020-08-06,OSP
MNL002 LP15 NP1-2,MNL002,LP15,NP1-2,MNL002 LP15,Don Quintos,MANILA,3,1,BARANGAY 584,,,14.606716,121.014,,,,,,,16,2017-09-25,OSP
QCY004 LP260 NP1-2,QCY004,LP260,NP1-2,QCY004 LP260,G. Araneta,MANILA,3,1,BARANGAY 584,,,14.607161,121.01376,,,,,,,16,2021-09-15,OSP
QCY004 LP260 NP3-5,QCY004,LP260,NP3-5,QCY004 LP260,G. Araneta,MANILA,3,1,BARANGAY 584,,,14.607118,121.0134,,,,,,,24,2021-09-15,OSP
QCY004 LP260 NP6-8,QCY004,LP260,NP6-8,QCY004 LP260,G. Araneta,MANILA,3,1,BARANGAY 584,,,14.607157,121.01281,,,,,,,24,2021-09-15,OSP
SJC001 LP589 NP5-6,SJC001,LP589,NP5-6,SJC001 LP589,Greenhills Heights,MANILA,3,1,BARANGAY 584,,,14.606374,121.01312,,,,,,,16,2021-03-26,OSP
MNL035 LP21 NP1-2,MNL035,LP21,NP1-2,MNL035 LP21,Pureza (Legarda / Lacson),MANILA,3,1,BARANGAY 584,,,14.60706,121.013085,,,,,,,16,2021-04-29,OSP
MNL035 LP21 NP3-4-5,MNL035,LP21,NP3-4-5,MNL035 LP21,Pureza (Legarda / Lacson),MANILA,3,1,BARANGAY 584,,,14.607494,121.012806,,,,,,,24,2021-04-29,OSP
MNL035 LP27 NP5-6,MNL035,LP27,NP5-6,MNL035 LP27,Pureza (Legarda / Lacson),MANILA,3,1,BARANGAY 584,,,14.607162,121.009453,,,,,,,16,2021-04-29,OSP
MNL035 LP27 NP7-8,MNL035,LP27,NP7-8,MNL035 LP27,Pureza (Legarda / Lacson),MANILA,3,1,BARANGAY 584,,,14.606652,121.010409,,,,,,,16,2021-04-29,OSP
MNL035 LP25 NP1-2,MNL035,LP25,NP1-2,MNL035 LP25,Pureza (Legarda / Lacson),MANILA,3,1,BARANGAY 584,,,14.605959,121.012028,,,,,,,16,2021-04-29,OSP
MNL035 LP25 NP3-4,MNL035,LP25,NP3-4,MNL035 LP25,Pureza (Legarda / Lacson),MANILA,3,1,BARANGAY 584,,,14.606044,121.012963,,,,,,,16,2021-04-29,OSP
MNL035 LP24 NP1-2,MNL035,LP24,NP1-2,MNL035 LP24,Pureza (Legarda / Lacson),MANILA,3,1,BARANGAY 584,,,14.606698,121.01262,,,,,,,16,2021-04-29,OSP
MNL035 LP24 NP3-4-5,MNL035,LP24,NP3-4-5,MNL035 LP24,Pureza (Legarda / Lacson),MANILA,3,1,BARANGAY 584,,,14.606478,121.012451,,,,,,,24,2021-04-29,OSP
MNL035 LP24 NP6-7-8,MNL035,LP24,NP6-7-8,MNL035 LP24,Pureza (Legarda / Lacson),MANILA,3,1,BARANGAY 584,,,14.606172,121.012197,,,,,,,24,2021-04-29,OSP
MNL035 LP23 NP1-2,MNL035,LP23,NP1-2,MNL035 LP23,Pureza (Legarda / Lacson),MANILA,3,1,BARANGAY 584,,,14.608311,121.011717,,,,,,,16,2021-04-29,OSP
MNL035 LP23 NP3-4,MNL035,LP23,NP3-4,MNL035 LP23,Pureza (Legarda / Lacson),MANILA,3,1,BARANGAY 584,,,14.608554,121.011543,,,,,,,16,2021-04-29,OSP
MNL035 LP23 NP5-6,MNL035,LP23,NP5-6,MNL035 LP23,Pureza (Legarda / Lacson),MANILA,3,1,BARANGAY 584,,,14.608584,121.011837,,,,,,,16,2021-04-29,OSP
MNL035 LP4 NP3-4,MNL035,LP4,NP3-4,MNL035 LP4,Pureza (Legarda / Lacson),MANILA,3,1,BARANGAY 584,,,14.606184,121.014093,,,,,,,16,2021-04-29,OSP
MNL035 LP4 NP5-6,MNL035,LP4,NP5-6,MNL035 LP4,Pureza (Legarda / Lacson),MANILA,3,1,BARANGAY 584,,,14.606715,121.014047,,,,,,,16,2021-04-29,OSP
MNL035 LP4 NP7-8,MNL035,LP4,NP7-8,MNL035 LP4,Pureza (Legarda / Lacson),MANILA,3,1,BARANGAY 584,,,14.607135,121.013789,,,,,,,16,2021-04-29,OSP
MNL035 LP22 NP1-2,MNL035,LP22,NP1-2,MNL035 LP22,Pureza (Legarda / Lacson),MANILA,3,1,BARANGAY 584,,,14.607797,121.012391,,,,,,,16,2021-04-29,OSP
MNL035 LP22 NP3-4-5,MNL035,LP22,NP3-4-5,MNL035 LP22,Pureza (Legarda / Lacson),MANILA,3,1,BARANGAY 584,,,14.608008,121.012113,,,,,,,24,2021-04-29,OSP
MNL035 LP22 NP6-7-8,MNL035,LP22,NP6-7-8,MNL035 LP22,Pureza (Legarda / Lacson),MANILA,3,1,BARANGAY 584,,,14.608146,121.01194,,,,,,,24,2021-04-29,OSP