Box Name,OLT,LCP,NAP,LCP Name,Node Name,Municipality,Cluster,Sector,Barangay,Subdivision,Building Name,Latitude,Longitude,Parent Site,Parent Floor,Parent Room,Additional Details,Remarks,Landmark,Capacity,Installation Date,OSP / ISP
MNL035 LP475 NP1-2,MNL035,LP475,NP1-2,MNL035 LP475,Pureza (Legarda / Lacson),MANILA,3,1,BARANGAY 584,,,14.607132,121.01362,,,,,,,16,2023-04-30,OSP
MNL035 LP475 NP3-4,MNL035,LP475,NP3-4,MNL035 LP475,Pureza (Legarda / Lacson),MANILA,3,1,BARANGAY 584,,,14.60708708,121.0132308,,,,,,,16,2023-04-30,OSP
MNL035 LP475 NP5-6,MNL035,LP475,NP5-6,MNL035 LP475,Pureza (Legarda / Lacson),MANILA,3,1,BARANGAY 584,,,14.60713293,121.0128188,,,,,,,16,2023-04-30,OSP
MNL035 LP475 NP7-8,MNL035,LP475,NP7-8,MNL035 LP475,Pureza (Legarda / Lacson),MANILA,3,1,BARANGAY 584,,,14.60694155,121.0126218,,,,,,,16,2023-04-30,OSP
MNL035 LP476 NP1-2,MNL035,LP476,NP1-2,MNL035 LP476,Pureza (Legarda / Lacson),MANILA,3,1,BARANGAY 584,,,14.606542,121.01247,,,,,,,16,2023-04-30,OSP
MNL035 LP476 NP3-4,MNL035,LP476,NP3-4,MNL035 LP476,Pureza (Legarda / Lacson),MANILA,3,1,BARANGAY 584,,,14.606227,121.01223,,,,,,,16,2023-04-30,OSP
MNL035 LP476 NP5-6,MNL035,LP476,NP5-6,MNL035 LP476,Pureza (Legarda / Lacson),MANILA,3,1,BARANGAY 584,,,14.60595369,121.0120325,,,,,,,16,2023-04-30,OSP
MNL035 LP477 NP1-2,MNL035,LP477,NP1-2,MNL035 LP477,Pureza (Legarda / Lacson),MANILA,3,1,BARANGAY 584,,,14.60627,121.01121,,,,,,,16,2023-04-30,OSP
MNL035 LP477 NP3-4,MNL035,LP477,NP3-4,MNL035 LP477,Pureza (Legarda / Lacson),MANILA,3,1,BARANGAY 584,,,14.60672565,121.0103414,,,,,,,16,2023-04-30,OSP
MNL035 LP477 NP5-6,MNL035,LP477,NP5-6,MNL035 LP477,Pureza (Legarda / Lacson),MANILA,3,1,BARANGAY 584,,,14.60689731,121.0099372,,,,,,,16,2023-04-30,OSP
MNL035 LP477 NP7-8,MNL035,LP477,NP7-8,MNL035 LP477,Pureza (Legarda / Lacson),MANILA,3,1,BARANGAY 584,,,14.60714681,121.0094576,,,,,,,16,2023-04-30,OSP
MNL035 LP478 NP3-4,MNL035,LP478,NP3-4,MNL035 LP478,Pureza (Legarda / Lacson),MANILA,3,1,BARANGAY 584,,,14.606675,121.01362,,,,,,,16,2023-04-29,OSP
MNL035 LP21 NP6-7-8,MNL035,LP21,NP6-7-8,MNL035 LP21,Pureza (Legarda / Lacson),MANILA,3,1,BARANGAY 584,,,14.607643,121.012594,,,,,,,24,2021-04-29,OSP
MNL002 LP13 NP3,MNL002,LP13,NP3,MNL002 LP13,Don Quintos,MANILA,3,1,BARANGAY 585,,,14.604693,121.012729,,,,,,,8,2017-09-25,OSP
MNL002 LP13 NP4,MNL002,LP13,NP4,MNL002 LP13,Don Quintos,MANILA,3,1,BARANGAY 585,,,14.603308,121.013428,,,,,,,8,2017-09-25,OSP
MNL002 LP14 NP7-8,MNL002,LP14,NP7-8,MNL002 LP14,Don Quintos,MANILA,3,1,BARANGAY 585,,,14.605655,121.013245,,,,,,,16,2020-08-06,OSP
MNL002 LP15 NP3-4,MNL002,LP15,NP3-4,MNL002 LP15,Don Quintos,MANILA,3,1,BARANGAY 585,,,14.60542,121.013936,,,,,,,16,2017-09-25,OSP
MNL002 LP8 NP7-8,MNL002,LP8,NP7-8,MNL002 LP8,Don Quintos,MANILA,3,1,BARANGAY 585,,,14.602849,121.013542,,,,,,,16,2017-02-12,OSP
MNL035 LP479 NP1-2,MNL035,LP479,NP1-2,MNL035 LP479,Pureza (Legarda / Lacson),MANILA,3,1,BARANGAY 585,,,14.60583,121.01406,,,,,,,16,2023-04-29,OSP
MNL035 LP479 NP3-4,MNL035,LP479,NP3-4,MNL035 LP479,Pureza (Legarda / Lacson),MANILA,3,1,BARANGAY 585,,,14.605761,121.01358,,,,,,,16,2023-04-29,OSP
MNL035 LP479 NP5-6,MNL035,LP479,NP5-6,MNL035 LP479,Pureza (Legarda / Lacson),MANILA,3,1,BARANGAY 585,,,14.605353,121.01336,,,,,,,16,2023-04-29,OSP
MNL035 LP479 NP7-8,MNL035,LP479,NP7-8,MNL035 LP479,Pureza (Legarda / Lacson),MANILA,3,1,BARANGAY 585,,,14.605446,121.01408,,,,,,,16,2023-04-29,OSP
MNL035 LP3 NP1-2,MNL035,LP3,NP1-2,MNL035 LP3,Pureza (Legarda / Lacson),MANILA,3,1,BARANGAY 585,,,14.60259,121.013435,,,,,,,16,2021-04-29,OSP
MNL035 LP3 NP3-4,MNL035,LP3,NP3-4,MNL035 LP3,Pureza (Legarda / Lacson),MANILA,3,1,BARANGAY 585,,,14.603379,121.013789,,,,,,,16,2021-04-29,OSP
MNL035 LP3 NP7-8,MNL035,LP3,NP7-8,MNL035 LP3,Pureza (Legarda / Lacson),MANILA,3,1,BARANGAY 585,,,14.604894,121.01422,,,,,,,16,2021-04-29,OSP
MNL035 LP25 NP5-6,MNL035,LP25,NP5-6,MNL035 LP25,Pureza (Legarda / Lacson),MANILA,3,1,BARANGAY 585,,,14.60477,121.012685,,,,,,,16,2021-04-29,OSP
MNL035 LP25 NP7-8,MNL035,LP25,NP7-8,MNL035 LP25,Pureza (Legarda / Lacson),MANILA,3,1,BARANGAY 585,,,14.604024,121.013093,,,,,,,16,2021-04-29,OSP
MNL035 LP476 NP7-8,MNL035,LP476,NP7-8,MNL035 LP476,Pureza (Legarda / Lacson),MANILA,3,1,BARANGAY 585,,,14.60605462,121.0116129,,,,,,,16,2023-04-30,OSP
MNL035 LP478 NP5-6,MNL035,LP478,NP5-6,MNL035 LP478,Pureza (Legarda / Lacson),MANILA,3,1,BARANGAY 585,,,14.60600648,121.0129675,,,,,,,16,2023-04-29,OSP
MNL035 LP478 NP7-8,MNL035,LP478,NP7-8,MNL035 LP478,Pureza (Legarda / Lacson),MANILA,3,1,BARANGAY 585,,,14.60611769,121.0140116,,,,,,,16,2023-04-29,OSP
QCY012 LP209 NP7-8,QCY012,LP209,NP7-8,QCY012 LP209,Crown 88 Residences Old Room,MANILA,3,1,BARANGAY 586,,,14.60458,121.01652,,,,,,,16,2020-09-03,OSP
QCY012 LP209 NP5-6,QCY012,LP209,NP5-6,QCY012 LP209,Crown 88 Residences Old Room,MANILA,3,1,BARANGAY 586,,,14.604764,121.016414,,,,,,,16,2018-05-23,OSP
MNL002 LP13 NP5-6,MNL002,LP13,NP5-6,MNL002 LP13,Don Quintos,MANILA,3,1,BARANGAY 586,,,14.60393,121.014409,,,,,,,16,2020-08-06,OSP
MNL002 LP13 NP7-8,MNL002,LP13,NP7-8,MNL002 LP13,Don Quintos,MANILA,3,1,BARANGAY 586,,,14.603997,121.015374,,,,,,,16,2020-08-06,OSP
MNL002 LP15 NP5-6,MNL002,LP15,NP5-6,MNL002 LP15,Don Quintos,MANILA,3,1,BARANGAY 586,,,14.603935,121.015005,,,,,,,16,2017-09-25,OSP
MNL002 LP15 NP7,MNL002,LP15,NP7,MNL002 LP15,Don Quintos,MANILA,3,1,BARANGAY 586,,,14.604146,121.016962,,,,,,,8,2017-09-25,OSP
MNL035 LP20 NP1-2,MNL035,LP20,NP1-2,MNL035 LP20,Pureza (Legarda / Lacson),MANILA,3,1,BARANGAY 586,,,14.603986,121.015655,,,,,,,16,2021-05-02,OSP
MNL035 LP20 NP3-4,MNL035,LP20,NP3-4,MNL035 LP20,Pureza (Legarda / Lacson),MANILA,3,1,BARANGAY 586,,,14.604059,121.016412,,,,,,,16,2021-05-02,OSP
MNL035 LP20 NP5-6,MNL035,LP20,NP5-6,MNL035 LP20,Pureza (Legarda / Lacson),MANILA,3,1,BARANGAY 586,,,14.604821,121.015219,,,,,,,16,2021-05-02,OSP
MNL035 LP20 NP7-8,MNL035,LP20,NP7-8,MNL035 LP20,Pureza (Legarda / Lacson),MANILA,3,1,BARANGAY 586,,,14.605928,121.01517,,,,,,,16,2021-05-02,OSP
MNL035 LP19 NP1-2,MNL035,LP19,NP1-2,MNL035 LP19,Pureza (Legarda / Lacson),MANILA,3,1,BARANGAY 586,,,14.603918,121.014649,,,,,,,16,2021-05-02,OSP
MNL035 LP19 NP3-4-5,MNL035,LP19,NP3-4-5,MNL035 LP19,Pureza (Legarda / Lacson),MANILA,3,1,BARANGAY 586,,,14.603937,121.015085,,,,,,,24,2021-05-02,OSP
MNL035 LP19 NP6-7-8,MNL035,LP19,NP6-7-8,MNL035 LP19,Pureza (Legarda / Lacson),MANILA,3,1,BARANGAY 586,,,14.603468,121.01514,,,,,,,24,2021-05-02,OSP
MNL035 LP3 NP5-6,MNL035,LP3,NP5-6,MNL035 LP3,Pureza (Legarda / Lacson),MANILA,3,1,BARANGAY 586,,,14.604246,121.014179,,,,,,,16,2021-04-29,OSP
MNL035 LP4 NP1-2,MNL035,LP4,NP1-2,MNL035 LP4,Pureza (Legarda / Lacson),MANILA,3,1,BARANGAY 586,,,14.605864,121.014133,,,,,,,16,2021-04-29,OSP
MNL080 LP10 NP2,MNL080,LP10,NP2,MNL080 LP10,Sorrel Residences,MANILA,3,1,BARANGAY 586,,SORREL RESIDENCES,14.603950,121.015576,,2F,EE ROOM TOWER 1,MNL080,,,,2023-05-15,ISP
MNL080 LP2 NP5,MNL080,LP2,NP5,MNL080 LP2,Sorrel Residences,MANILA,3,1,BARANGAY 586,,SORREL RESIDENCES,14.603950,121.015576,,2F,EE ROOM TOWER 1,MNL080,,,,2023-05-15,ISP
MNL080 LP6 NP1,MNL080,LP6,NP1,MNL080 LP6,Sorrel Residences,MANILA,3,1,BARANGAY 586,,SORREL RESIDENCES,14.603950,121.015576,,2F,EE ROOM TOWER 1,MNL080,,,,2023-05-15,ISP
MNL080 LP8 NP3,MNL080,LP8,NP3,MNL080 LP8,Sorrel Residences,MANILA,3,1,BARANGAY 586,,SORREL RESIDENCES,14.603950,121.015576,,2F,EE ROOM TOWER 1,MNL080,,,,2023-05-15,ISP
MNL080 LP10 NP1,MNL080,LP10,NP1,MNL080 LP10,Sorrel Residences,MANILA,3,1,BARANGAY 586,,SORREL RESIDENCES,14.603950,121.015576,,2F,EE ROOM TOWER 1,MNL080,,,,2023-05-15,ISP
MNL080 LP6 NP2,MNL080,LP6,NP2,MNL080 LP6,Sorrel Residences,MANILA,3,1,BARANGAY 586,,SORREL RESIDENCES,14.603950,121.015576,,2F,EE ROOM TOWER 1,MNL080,,,,2023-05-15,ISP
MNL080 LP3 NP3,MNL080,LP3,NP3,MNL080 LP3,Sorrel Residences,MANILA,3,1,BARANGAY 586,,SORREL RESIDENCES,14.603950,121.015576,,2F,EE ROOM TOWER 1,MNL080,,,,2023-05-15,ISP
MNL080 LP8 NP2,MNL080,LP8,NP2,MNL080 LP8,Sorrel Residences,MANILA,3,1,BARANGAY 586,,SORREL RESIDENCES,14.603950,121.015576,,2F,EE ROOM TOWER 1,MNL080,,,,2023-05-15,ISP
MNL080 LP6 NP3,MNL080,LP6,NP3,MNL080 LP6,Sorrel Residences,MANILA,3,1,BARANGAY 586,,SORREL RESIDENCES,14.603950,121.015576,,2F,EE ROOM TOWER 1,MNL080,,,,2023-05-15,ISP
MNL080 LP5 NP2,MNL080,LP5,NP2,MNL080 LP5,Sorrel Residences,MANILA,3,1,BARANGAY 586,,SORREL RESIDENCES,14.603950,121.015576,,2F,EE ROOM TOWER 1,MNL080,,,,2023-05-15,ISP
MNL080 LP7 NP4,MNL080,LP7,NP4,MNL080 LP7,Sorrel Residences,MANILA,3,1,BARANGAY 586,,SORREL RESIDENCES,14.603950,121.015576,,2F,EE ROOM TOWER 1,MNL080,,,,2023-05-15,ISP
MNL080 LP9 NP2,MNL080,LP9,NP2,MNL080 LP9,Sorrel Residences,MANILA,3,1,BARANGAY 586,,SORREL RESIDENCES,14.603950,121.015576,,2F,EE ROOM TOWER 1,MNL080,,,,2023-05-15,ISP
MNL080 LP2 NP2,MNL080,LP2,NP2,MNL080 LP2,Sorrel Residences,MANILA,3,1,BARANGAY 586,,SORREL RESIDENCES,14.603950,121.015576,,2F,EE ROOM TOWER 1,MNL080,,,,2023-05-15,ISP
MNL080 LP9 NP5,MNL080,LP9,NP5,MNL080 LP9,Sorrel Residences,MANILA,3,1,BARANGAY 586,,SORREL RESIDENCES,14.603950,121.015576,,2F,EE ROOM TOWER 1,MNL080,,,,2023-05-15,ISP
MNL080 LP7 NP1,MNL080,LP7,NP1,MNL080 LP7,Sorrel Residences,MANILA,3,1,BARANGAY 586,,SORREL RESIDENCES,14.603950,121.015576,,2F,EE ROOM TOWER 1,MNL080,,,,2023-05-15,ISP
MNL080 LP9 NP4,MNL080,LP9,NP4,MNL080 LP9,Sorrel Residences,MANILA,3,1,BARANGAY 586,,SORREL RESIDENCES,14.603950,121.015576,,2F,EE ROOM TOWER 1,MNL080,,,,2023-05-15,ISP
MNL080 LP4 NP3,MNL080,LP4,NP3,MNL080 LP4,Sorrel Residences,MANILA,3,1,BARANGAY 586,,SORREL RESIDENCES,14.603950,121.015576,,2F,EE ROOM TOWER 1,MNL080,,,,2023-05-15,ISP
MNL080 LP1 NP1,MNL080,LP1,NP1,MNL080 LP1,Sorrel Residences,MANILA,3,1,BARANGAY 586,,SORREL RESIDENCES,14.603950,121.015576,,2F,EE ROOM TOWER 1,MNL080,,,,2023-05-15,ISP
MNL080 LP2 NP1,MNL080,LP2,NP1,MNL080 LP2,Sorrel Residences,MANILA,3,1,BARANGAY 586,,SORREL RESIDENCES,14.603950,121.015576,,2F,EE ROOM TOWER 1,MNL080,,,,2023-05-15,ISP
MNL080 LP4 NP4,MNL080,LP4,NP4,MNL080 LP4,Sorrel Residences,MANILA,3,1,BARANGAY 586,,SORREL RESIDENCES,14.603950,121.015576,,2F,EE ROOM TOWER 1,MNL080,,,,2023-05-15,ISP
MNL080 LP1 NP2,MNL080,LP1,NP2,MNL080 LP1,Sorrel Residences,MANILA,3,1,BARANGAY 586,,SORREL RESIDENCES,14.603950,121.015576,,2F,EE ROOM TOWER 1,MNL080,,,,2023-05-15,ISP
MNL080 LP3 NP1,MNL080,LP3,NP1,MNL080 LP3,Sorrel Residences,MANILA,3,1,BARANGAY 586,,SORREL RESIDENCES,14.603950,121.015576,,2F,EE ROOM TOWER 1,MNL080,,,,2023-05-15,ISP
MNL080 LP10 NP3,MNL080,LP10,NP3,MNL080 LP10,Sorrel Residences,MANILA,3,1,BARANGAY 586,,SORREL RESIDENCES,14.603950,121.015576,,2F,EE ROOM TOWER 1,MNL080,,,,2023-05-15,ISP
MNL080 LP3 NP2,MNL080,LP3,NP2,MNL080 LP3,Sorrel Residences,MANILA,3,1,BARANGAY 586,,SORREL RESIDENCES,14.603950,121.015576,,2F,EE ROOM TOWER 1,MNL080,,,,2023-05-15,ISP
MNL080 LP5 NP1,MNL080,LP5,NP1,MNL080 LP5,Sorrel Residences,MANILA,3,1,BARANGAY 586,,SORREL RESIDENCES,14.603950,121.015576,,2F,EE ROOM TOWER 1,MNL080,,,,2023-05-15,ISP
MNL080 LP1 NP3,MNL080,LP1,NP3,MNL080 LP1,Sorrel Residences,MANILA,3,1,BARANGAY 586,,SORREL RESIDENCES,14.603950,121.015576,,2F,EE ROOM TOWER 1,MNL080,,,,2023-05-15,ISP
MNL080 LP2 NP3,MNL080,LP2,NP3,MNL080 LP2,Sorrel Residences,MANILA,3,1,BARANGAY 586,,SORREL RESIDENCES,14.603950,121.015576,,2F,EE ROOM TOWER 1,MNL080,,,,2023-05-15,ISP
MNL080 LP2 NP4,MNL080,LP2,NP4,MNL080 LP2,Sorrel Residences,MANILA,3,1,BARANGAY 586,,SORREL RESIDENCES,14.603950,121.015576,,2F,EE ROOM TOWER 1,MNL080,,,,2023-05-15,ISP
MNL080 LP4 NP2,MNL080,LP4,NP2,MNL080 LP4,Sorrel Residences,MANILA,3,1,BARANGAY 586,,SORREL RESIDENCES,14.603950,121.015576,,2F,EE ROOM TOWER 1,MNL080,,,,2023-05-15,ISP
MNL080 LP4 NP1,MNL080,LP4,NP1,MNL080 LP4,Sorrel Residences,MANILA,3,1,BARANGAY 586,,SORREL RESIDENCES,14.603950,121.015576,,2F,EE ROOM TOWER 1,MNL080,,,,2023-05-15,ISP
MNL080 LP9 NP3,MNL080,LP9,NP3,MNL080 LP9,Sorrel Residences,MANILA,3,1,BARANGAY 586,,SORREL RESIDENCES,14.603950,121.015576,,2F,EE ROOM TOWER 1,MNL080,,,,2023-05-15,ISP
MNL080 LP7 NP3,MNL080,LP7,NP3,MNL080 LP7,Sorrel Residences,MANILA,3,1,BARANGAY 586,,SORREL RESIDENCES,14.603950,121.015576,,2F,EE ROOM TOWER 1,MNL080,,,,2023-05-15,ISP
MNL080 LP7 NP2,MNL080,LP7,NP2,MNL080 LP7,Sorrel Residences,MANILA,3,1,BARANGAY 586,,SORREL RESIDENCES,14.603950,121.015576,,2F,EE ROOM TOWER 1,MNL080,,,,2023-05-15,ISP
MNL080 LP7 NP5,MNL080,LP7,NP5,MNL080 LP7,Sorrel Residences,MANILA,3,1,BARANGAY 586,,SORREL RESIDENCES,14.603950,121.015576,,2F,EE ROOM TOWER 1,MNL080,,,,2023-05-15,ISP
MNL080 LP4 NP5,MNL080,LP4,NP5,MNL080 LP4,Sorrel Residences,MANILA,3,1,BARANGAY 586,,SORREL RESIDENCES,14.603950,121.015576,,2F,EE ROOM TOWER 1,MNL080,,,,2023-05-15,ISP
MNL080 LP9 NP1,MNL080,LP9,NP1,MNL080 LP9,Sorrel Residences,MANILA,3,1,BARANGAY 586,,SORREL RESIDENCES,14.603950,121.015576,,2F,EE ROOM TOWER 1,MNL080,,,,2023-05-15,ISP
MNL080 LP8 NP1,MNL080,LP8,NP1,MNL080 LP8,Sorrel Residences,MANILA,3,1,BARANGAY 586,,SORREL RESIDENCES,14.603950,121.015576,,2F,EE ROOM TOWER 1,MNL080,,,,2023-05-15,ISP
MNL003 LP16 NP3-4,MNL003,LP16,NP3-4,MNL003 LP16,City Square,MANILA,3,1,BARANGAY 59,,,14.613185,120.96982,,,,,,,16,2017-11-27,OSP
MNL003 LP294 NP3-4,MNL003,LP294,NP3-4,MNL003 LP294,City Square,MANILA,3,1,BARANGAY 59,,,14.613548,120.969926,,,,,,,16,2019-03-29,OSP
MNL005 LP64 NP3-4,MNL005,LP64,NP3-4,MNL005 LP64,Orchard Building (City Square 2),MANILA,3,1,BARANGAY 59,,,14.611721,120.969574,,,,,,,16,2020-12-20,OSP
MNL005 LP64 NP5-6,MNL005,LP64,NP5-6,MNL005 LP64,Orchard Building (City Square 2),MANILA,3,1,BARANGAY 59,,,14.611913,120.969619,,,,,,,16,2020-12-20,OSP
MNL005 LP64 NP7-8,MNL005,LP64,NP7-8,MNL005 LP64,Orchard Building (City Square 2),MANILA,3,1,BARANGAY 59,,,14.612738,120.969768,,,,,,,16,2020-12-20,OSP
MNL005 LP66 NP1-2,MNL005,LP66,NP1-2,MNL005 LP66,Orchard Building (City Square 2),MANILA,3,1,BARANGAY 59,,,14.613581,120.969922,,,,,,,16,2020-12-20,OSP
MNL005 LP66 NP3-4,MNL005,LP66,NP3-4,MNL005 LP66,Orchard Building (City Square 2),MANILA,3,1,BARANGAY 59,,,14.613703,120.969942,,,,,,,16,2020-12-20,OSP
MNL045 LP461 NP1-2,MNL045,LP461,NP1-2,MNL045 LP461,Radial Road 10,MANILA,3,1,BARANGAY 59,,,14.611659,120.969557,,,,,,,16,2022-03-10,OSP
MNL045 LP461 NP3-5,MNL045,LP461,NP3-5,MNL045 LP461,Radial Road 10,MANILA,3,1,BARANGAY 59,,,14.611773,120.969228,,,,,,,24,2022-03-10,OSP
MNL045 LP461 NP6-8,MNL045,LP461,NP6-8,MNL045 LP461,Radial Road 10,MANILA,3,1,BARANGAY 59,,,14.61182,120.969005,,,,,,,24,2022-03-10,OSP
MNL045 LP451 NP1-2,MNL045,LP451,NP1-2,MNL045 LP451,Radial Road 10,MANILA,3,1,BARANGAY 59,,,14.6131,120.969833,,,,,,,16,2022-03-10,OSP
MNL045 LP451 NP3-5,MNL045,LP451,NP3-5,MNL045 LP451,Radial Road 10,MANILA,3,1,BARANGAY 59,,,14.612954,120.969802,,,,,,,24,2022-03-10,OSP
MNL045 LP451 NP6-8,MNL045,LP451,NP6-8,MNL045 LP451,Radial Road 10,MANILA,3,1,BARANGAY 59,,,14.61295,120.969804,,,,,,,24,2022-03-10,OSP
MNL045 LP448 NP1-2,MNL045,LP448,NP1-2,MNL045 LP448,Radial Road 10,MANILA,3,1,BARANGAY 59,,,14.613518,120.969913,,,,,,,16,2022-03-10,OSP
MNL045 LP448 NP3-5,MNL045,LP448,NP3-5,MNL045 LP448,Radial Road 10,MANILA,3,1,BARANGAY 59,,,14.613524,120.969914,,,,,,,24,2022-03-10,OSP
MNL045 LP448 NP6-8,MNL045,LP448,NP6-8,MNL045 LP448,Radial Road 10,MANILA,3,1,BARANGAY 59,,,14.613523,120.969918,,,,,,,24,2022-03-10,OSP
MNL001 LP20 NP5-6,MNL001,LP20,NP5-6,MNL001 LP20,Zen Tower,MANILA,3,1,BARANGAY 59,,,14.61271,120.96975,,,,,,,16,2015-07-27,OSP
MNL003 LP163 NP1-2,MNL003,LP163,NP1-2,MNL003 LP163,City Square,MANILA,3,1,BARANGAY 6,,,14.60979352,120.9673927,,,,,,,16,2019-01-29,OSP
MNL003 LP189 NP1-2,MNL003,LP189,NP1-2,MNL003 LP189,City Square,MANILA,3,1,BARANGAY 6,,,14.60967739,120.9683905,,,,,,,16,2019-01-30,OSP
MNL003 LP189 NP3-4,MNL003,LP189,NP3-4,MNL003 LP189,City Square,MANILA,3,1,BARANGAY 6,,,14.60957617,120.9691548,,,,,,,16,2019-01-30,OSP
MNL003 LP189 NP5-6,MNL003,LP189,NP5-6,MNL003 LP189,City Square,MANILA,3,1,BARANGAY 6,,,14.60840346,120.9692406,,,,,,,16,2019-01-30,OSP
MNL003 LP191 NP5-6,MNL003,LP191,NP5-6,MNL003 LP191,City Square,MANILA,3,1,BARANGAY 6,,,14.60842069,120.9686354,,,,,,,16,2019-01-30,OSP
MNL003 LP202 NP1-2,MNL003,LP202,NP1-2,MNL003 LP202,City Square,MANILA,3,1,BARANGAY 6,,,14.60944979,120.9664578,,,,,,,16,2019-02-12,OSP
MNL005 LP1 NP1-2,MNL005,LP1,NP1-2,MNL005 LP1,Orchard Building (City Square 2),MANILA,3,1,BARANGAY 6,,,14.609088,120.968815,,,,,,,16,2020-08-30,OSP
MNL005 LP1 NP3-4,MNL005,LP1,NP3-4,MNL005 LP1,Orchard Building (City Square 2),MANILA,3,1,BARANGAY 6,,,14.609017,120.968121,,,,,,,16,2020-08-30,OSP
MNL005 LP1 NP5-6,MNL005,LP1,NP5-6,MNL005 LP1,Orchard Building (City Square 2),MANILA,3,1,BARANGAY 6,,,14.608928,120.967655,,,,,,,16,2020-08-30,OSP
MNL005 LP1 NP7-8,MNL005,LP1,NP7-8,MNL005 LP1,Orchard Building (City Square 2),MANILA,3,1,BARANGAY 6,,,14.608824,120.966972,,,,,,,16,2020-08-30,OSP
MNL005 LP261 NP1-2,MNL005,LP261,NP1-2,MNL005 LP261,Orchard Building (City Square 2),MANILA,3,1,BARANGAY 6,,,14.609077,120.968616,,,,,,,16,2021-10-21,OSP
MNL005 LP261 NP3-5,MNL005,LP261,NP3-5,MNL005 LP261,Orchard Building (City Square 2),MANILA,3,1,BARANGAY 6,,,14.609079,120.967907,,,,,,,24,2021-10-21,OSP
MNL005 LP261 NP6-8,MNL005,LP261,NP6-8,MNL005 LP261,Orchard Building (City Square 2),MANILA,3,1,BARANGAY 6,,,14.608931,120.967643,,,,,,,24,2021-10-21,OSP
MNL005 LP262 NP1-2,MNL005,LP262,NP1-2,MNL005 LP262,Orchard Building (City Square 2),MANILA,3,1,BARANGAY 6,,,14.608889,120.967377,,,,,,,16,2021-10-21,OSP
MNL005 LP263 NP6-8,MNL005,LP263,NP6-8,MNL005 LP263,Orchard Building (City Square 2),MANILA,3,1,BARANGAY 6,,,14.608279,120.967863,,,,,,,24,2021-10-21,OSP
MNL005 LP232 NP6-7-8,MNL005,LP232,NP6-7-8,MNL005 LP232,Orchard Building (City Square 2),MANILA,3,1,BARANGAY 6,,,14.60846,120.969227,,,,,,,24,2021-09-25,OSP
MNL005 LP233 NP1-2,MNL005,LP233,NP1-2,MNL005 LP233,Orchard Building (City Square 2),MANILA,3,1,BARANGAY 6,,,14.609168,120.969176,,,,,,,16,2021-09-25,OSP
MNL005 LP233 NP3-4-5,MNL005,LP233,NP3-4-5,MNL005 LP233,Orchard Building (City Square 2),MANILA,3,1,BARANGAY 6,,,14.609581,120.969144,,,,,,,24,2021-09-25,OSP
MNL005 LP233 NP6-7-8,MNL005,LP233,NP6-7-8,MNL005 LP233,Orchard Building (City Square 2),MANILA,3,1,BARANGAY 6,,,14.609666,120.968364,,,,,,,24,2021-09-25,OSP
MNL005 LP234 NP3-4-5,MNL005,LP234,NP3-4-5,MNL005 LP234,Orchard Building (City Square 2),MANILA,3,1,BARANGAY 6,,,14.609784,120.967321,,,,,,,24,2021-09-25,OSP
MNL005 LP234 NP6-7-8,MNL005,LP234,NP6-7-8,MNL005 LP234,Orchard Building (City Square 2),MANILA,3,1,BARANGAY 6,,,14.609833,120.966914,,,,,,,24,2021-09-25,OSP
MNL005 LP9 NP3-4,MNL005,LP9,NP3-4,MNL005 LP9,Orchard Building (City Square 2),MANILA,3,1,BARANGAY 6,,,14.608374,120.968455,,,,,,,16,2020-08-30,OSP
MNL003 LP294 NP1-2,MNL003,LP294,NP1-2,MNL003 LP294,City Square,MANILA,3,1,BARANGAY 60,,,14.613254,120.969885,,,,,,,16,2019-03-29,OSP
MNL036 LP88 NP3-4,MNL036,LP88,NP3-4,MNL036 LP88,Juan Luna/ Solis,MANILA,3,1,BARANGAY 60,,,14.61394,120.970462,,,,,,,16,2020-07-30,OSP
MNL005 LP62 NP1-2,MNL005,LP62,NP1-2,MNL005 LP62,Orchard Building (City Square 2),MANILA,3,1,BARANGAY 60,,,14.613481,120.970967,,,,,,,16,2020-12-20,OSP
MNL005 LP61 NP5-6,MNL005,LP61,NP5-6,MNL005 LP61,Orchard Building (City Square 2),MANILA,3,1,BARANGAY 60,,,14.613953,120.970395,,,,,,,16,2020-12-20,OSP
MNL005 LP61 NP7-8,MNL005,LP61,NP7-8,MNL005 LP61,Orchard Building (City Square 2),MANILA,3,1,BARANGAY 60,,,14.613926,120.970619,,,,,,,16,2020-12-20,OSP
MNL005 LP70 NP1-2,MNL005,LP70,NP1-2,MNL005 LP70,Orchard Building (City Square 2),MANILA,3,1,BARANGAY 60,,,14.613105,120.970988,,,,,,,16,2020-12-20,OSP
MNL005 LP65 NP1-2,MNL005,LP65,NP1-2,MNL005 LP65,Orchard Building (City Square 2),MANILA,3,1,BARANGAY 60,,,14.61324,120.969877,,,,,,,16,2020-12-20,OSP
MNL005 LP65 NP3-4,MNL005,LP65,NP3-4,MNL005 LP65,Orchard Building (City Square 2),MANILA,3,1,BARANGAY 60,,,14.613144,120.970508,,,,,,,16,2020-12-20,OSP
MNL005 LP65 NP5-6,MNL005,LP65,NP5-6,MNL005 LP65,Orchard Building (City Square 2),MANILA,3,1,BARANGAY 60,,,14.613108,120.970706,,,,,,,16,2020-12-20,OSP
MNL005 LP66 NP5-6,MNL005,LP66,NP5-6,MNL005 LP66,Orchard Building (City Square 2),MANILA,3,1,BARANGAY 60,,,14.613511,120.970268,,,,,,,16,2020-12-20,OSP
MNL005 LP66 NP7-8,MNL005,LP66,NP7-8,MNL005 LP66,Orchard Building (City Square 2),MANILA,3,1,BARANGAY 60,,,14.613469,120.970603,,,,,,,16,2020-12-20,OSP
MNL045 LP450 NP1-2,MNL045,LP450,NP1-2,MNL045 LP450,Radial Road 10,MANILA,3,1,BARANGAY 60,,,14.613473,120.970746,,,,,,,16,2022-03-10,OSP
MNL045 LP450 NP3-5,MNL045,LP450,NP3-5,MNL045 LP450,Radial Road 10,MANILA,3,1,BARANGAY 60,,,14.61347,120.970861,,,,,,,24,2022-03-10,OSP
MNL045 LP450 NP6-8,MNL045,LP450,NP6-8,MNL045 LP450,Radial Road 10,MANILA,3,1,BARANGAY 60,,,14.613469,120.970862,,,,,,,24,2022-03-10,OSP
MNL045 LP452 NP1-2,MNL045,LP452,NP1-2,MNL045 LP452,Radial Road 10,MANILA,3,1,BARANGAY 60,,,14.613213,120.970094,,,,,,,16,2022-03-10,OSP
MNL045 LP452 NP3-5,MNL045,LP452,NP3-5,MNL045 LP452,Radial Road 10,MANILA,3,1,BARANGAY 60,,,14.613174,120.970302,,,,,,,24,2022-03-10,OSP
MNL045 LP452 NP6-8,MNL045,LP452,NP6-8,MNL045 LP452,Radial Road 10,MANILA,3,1,BARANGAY 60,,,14.613173,120.9703,,,,,,,24,2022-03-10,OSP
MNL045 LP453 NP1-2,MNL045,LP453,NP1-2,MNL045 LP453,Radial Road 10,MANILA,3,1,BARANGAY 60,,,14.613094,120.970704,,,,,,,16,2022-03-10,OSP
MNL045 LP449 NP1-2,MNL045,LP449,NP1-2,MNL045 LP449,Radial Road 10,MANILA,3,1,BARANGAY 60,,,14.613505,120.970293,,,,,,,16,2022-03-10,OSP
MNL045 LP449 NP3-5,MNL045,LP449,NP3-5,MNL045 LP449,Radial Road 10,MANILA,3,1,BARANGAY 60,,,14.613484,120.970414,,,,,,,24,2022-03-10,OSP
MNL045 LP449 NP6-8,MNL045,LP449,NP6-8,MNL045 LP449,Radial Road 10,MANILA,3,1,BARANGAY 60,,,14.613488,120.970413,,,,,,,24,2022-03-10,OSP
MNL045 LP442 NP3-5,MNL045,LP442,NP3-5,MNL045 LP442,Radial Road 10,MANILA,3,1,BARANGAY 60,,,14.613919,120.970881,,,,,,,24,2022-03-10,OSP
MNL003 LP162 NP3-4,MNL003,LP162,NP3-4,MNL003 LP162,City Square,MANILA,3,1,BARANGAY 61,,,14.61564898,120.969914,,,,,,,16,2019-01-29,OSP
MNL003 LP294 NP5-6,MNL003,LP294,NP5-6,MNL003 LP294,City Square,MANILA,3,1,BARANGAY 61,,,14.614394,120.970083,,,,,,,16,2019-03-29,OSP
MNL003 LP294 NP7-8,MNL003,LP294,NP7-8,MNL003 LP294,City Square,MANILA,3,1,BARANGAY 61,,,14.615446,120.9703,,,,,,,16,2019-03-29,OSP
MNL036 LP89 NP3-4,MNL036,LP89,NP3-4,MNL036 LP89,Juan Luna/ Solis,MANILA,3,1,BARANGAY 61,,,14.616416,120.970472,,,,,,,16,2020-07-30,OSP
MNL036 LP88 NP1-2,MNL036,LP88,NP1-2,MNL036 LP88,Juan Luna/ Solis,MANILA,3,1,BARANGAY 61,,,14.614048,120.970019,,,,,,,16,2020-07-30,OSP
MNL036 LP88 NP5-6,MNL036,LP88,NP5-6,MNL036 LP88,Juan Luna/ Solis,MANILA,3,1,BARANGAY 61,,,14.614728,120.97013,,,,,,,16,2020-07-30,OSP
MNL036 LP88 NP7-8,MNL036,LP88,NP7-8,MNL036 LP88,Juan Luna/ Solis,MANILA,3,1,BARANGAY 61,,,14.614624,120.970551,,,,,,,16,2020-07-30,OSP
MNL036 LP89 NP1-2,MNL036,LP89,NP1-2,MNL036 LP89,Juan Luna/ Solis,MANILA,3,1,BARANGAY 61,,,14.615896,120.970366,,,,,,,16,2020-07-30,OSP
MNL005 LP61 NP1-2,MNL005,LP61,NP1-2,MNL005 LP61,Orchard Building (City Square 2),MANILA,3,1,BARANGAY 61,,,14.614148,120.969385,,,,,,,16,2020-12-20,OSP
MNL005 LP61 NP3-4,MNL005,LP61,NP3-4,MNL005 LP61,Orchard Building (City Square 2),MANILA,3,1,BARANGAY 61,,,14.614112,120.969896,,,,,,,16,2020-12-20,OSP
MNL005 LP672 NP1,MNL005,LP672,NP1,MNL005 LP672,Orchard Building (City Square 2),MANILA,3,1,BARANGAY 61,,RICHMOND SQUARE,14.61649542,120.970555,,3F,EE ROOM,,,,8,2025-07-25,ISP
MNL045 LP446 NP1-2,MNL045,LP446,NP1-2,MNL045 LP446,Radial Road 10,MANILA,3,1,BARANGAY 61,,,14.615458,120.970277,,,,,,,16,2022-03-10,OSP
MNL045 LP446 NP3-5,MNL045,LP446,NP3-5,MNL045 LP446,Radial Road 10,MANILA,3,1,BARANGAY 61,,,14.615383,120.970508,,,,,,,24,2022-03-10,OSP
MNL045 LP446 NP6-8,MNL045,LP446,NP6-8,MNL045 LP446,Radial Road 10,MANILA,3,1,BARANGAY 61,,,14.615332,120.970753,,,,,,,24,2022-03-10,OSP
MNL045 LP447 NP1-2,MNL045,LP447,NP1-2,MNL045 LP447,Radial Road 10,MANILA,3,1,BARANGAY 61,,,14.615918,120.970364,,,,,,,16,2022-03-10,OSP
MNL045 LP447 NP3-5,MNL045,LP447,NP3-5,MNL045 LP447,Radial Road 10,MANILA,3,1,BARANGAY 61,,,14.616173,120.970413,,,,,,,24,2022-03-10,OSP
MNL045 LP447 NP6-8,MNL045,LP447,NP6-8,MNL045 LP447,Radial Road 10,MANILA,3,1,BARANGAY 61,,,14.616627,120.970495,,,,,,,24,2022-03-10,OSP
MNL045 LP441 NP1-2,MNL045,LP441,NP1-2,MNL045 LP441,Radial Road 10,MANILA,3,1,BARANGAY 61,,,14.614061,120.970012,,,,,,,16,2022-03-10,OSP
MNL045 LP441 NP3-5,MNL045,LP441,NP3-5,MNL045 LP441,Radial Road 10,MANILA,3,1,BARANGAY 61,,,14.614059,120.970013,,,,,,,24,2022-03-10,OSP
MNL045 LP441 NP6-8,MNL045,LP441,NP6-8,MNL045 LP441,Radial Road 10,MANILA,3,1,BARANGAY 61,,,14.614062,120.970015,,,,,,,24,2022-03-10,OSP
MNL045 LP442 NP1-2,MNL045,LP442,NP1-2,MNL045 LP442,Radial Road 10,MANILA,3,1,BARANGAY 61,,,14.613988,120.970202,,,,,,,16,2022-03-10,OSP
MNL045 LP443 NP1-2,MNL045,LP443,NP1-2,MNL045 LP443,Radial Road 10,MANILA,3,1,BARANGAY 61,,,14.614442,120.970085,,,,,,,16,2022-03-10,OSP
MNL045 LP443 NP3-5,MNL045,LP443,NP3-5,MNL045 LP443,Radial Road 10,MANILA,3,1,BARANGAY 61,,,14.614751,120.970143,,,,,,,24,2022-03-10,OSP
MNL045 LP443 NP6-8,MNL045,LP443,NP6-8,MNL045 LP443,Radial Road 10,MANILA,3,1,BARANGAY 61,,,14.615087,120.970213,,,,,,,24,2022-03-10,OSP
MNL045 LP444 NP1-2,MNL045,LP444,NP1-2,MNL045 LP444,Radial Road 10,MANILA,3,1,BARANGAY 61,,,14.614726,120.970348,,,,,,,16,2022-03-10,OSP
MNL045 LP444 NP3-5,MNL045,LP444,NP3-5,MNL045 LP444,Radial Road 10,MANILA,3,1,BARANGAY 61,,,14.614639,120.970563,,,,,,,24,2022-03-10,OSP
MNL045 LP444 NP6-8,MNL045,LP444,NP6-8,MNL045 LP444,Radial Road 10,MANILA,3,1,BARANGAY 61,,,14.614623,120.970701,,,,,,,24,2022-03-10,OSP
MNL045 LP445 NP1-2,MNL045,LP445,NP1-2,MNL045 LP445,Radial Road 10,MANILA,3,1,BARANGAY 61,,,14.615042,120.970386,,,,,,,16,2022-03-10,OSP
MNL045 LP445 NP3-5,MNL045,LP445,NP3-5,MNL045 LP445,Radial Road 10,MANILA,3,1,BARANGAY 61,,,14.614987,120.970582,,,,,,,24,2022-03-10,OSP
MNL001 LP20 NP7-8,MNL001,LP20,NP7-8,MNL001 LP20,Zen Tower,MANILA,3,1,BARANGAY 61,,,14.616972,120.970586,,,,,,,16,2015-07-27,OSP
MNL003 LP168 NP1-2,MNL003,LP168,NP1-2,MNL003 LP168,City Square,MANILA,3,1,BARANGAY 62,,,14.61172834,120.9666932,,,,,,,16,2019-01-29,OSP
MNL003 LP168 NP5-6,MNL003,LP168,NP5-6,MNL003 LP168,City Square,MANILA,3,1,BARANGAY 62,,,14.61113639,120.9674541,,,,,,,16,2019-01-29,OSP
MNL003 LP168 NP7-8,MNL003,LP168,NP7-8,MNL003 LP168,City Square,MANILA,3,1,BARANGAY 62,,,14.6112193,120.9666558,,,,,,,16,2019-01-29,OSP
MNL003 LP169 NP1-2,MNL003,LP169,NP1-2,MNL003 LP169,City Square,MANILA,3,1,BARANGAY 62,,,14.61086548,120.9671242,,,,,,,16,2019-01-29,OSP
MNL003 LP169 NP3-4,MNL003,LP169,NP3-4,MNL003 LP169,City Square,MANILA,3,1,BARANGAY 62,,,14.61061224,120.9680535,,,,,,,16,2019-01-29,OSP
MNL003 LP169 NP5-6,MNL003,LP169,NP5-6,MNL003 LP169,City Square,MANILA,3,1,BARANGAY 62,,,14.61036612,120.9675827,,,,,,,16,2019-01-29,OSP
MNL005 LP59 NP5-6,MNL005,LP59,NP5-6,MNL005 LP59,Orchard Building (City Square 2),MANILA,3,1,BARANGAY 62,,,14.610923,120.968282,,,,,,,16,2020-12-20,OSP
MNL045 LP436 NP3-5,MNL045,LP436,NP3-5,MNL045 LP436,Radial Road 10,MANILA,3,1,BARANGAY 62,,,14.61099,120.968176,,,,,,,24,2021-12-15,OSP
MNL045 LP436 NP6-8,MNL045,LP436,NP6-8,MNL045 LP436,Radial Road 10,MANILA,3,1,BARANGAY 62,,,14.611102,120.96761,,,,,,,24,2021-12-15,OSP
MNL045 LP437 NP1-2,MNL045,LP437,NP1-2,MNL045 LP437,Radial Road 10,MANILA,3,1,BARANGAY 62,,,14.611157,120.967163,,,,,,,16,2021-12-15,OSP
MNL045 LP437 NP3-5,MNL045,LP437,NP3-5,MNL045 LP437,Radial Road 10,MANILA,3,1,BARANGAY 62,,,14.611279,120.966643,,,,,,,24,2021-12-15,OSP
MNL045 LP437 NP6-8,MNL045,LP437,NP6-8,MNL045 LP437,Radial Road 10,MANILA,3,1,BARANGAY 62,,,14.610886,120.966627,,,,,,,24,2021-12-15,OSP
MNL045 LP438 NP1-2,MNL045,LP438,NP1-2,MNL045 LP438,Radial Road 10,MANILA,3,1,BARANGAY 62,,,14.610872,120.967109,,,,,,,16,2021-12-15,OSP
MNL045 LP438 NP3-5,MNL045,LP438,NP3-5,MNL045 LP438,Radial Road 10,MANILA,3,1,BARANGAY 62,,,14.61074,120.967323,,,,,,,24,2021-12-15,OSP
MNL045 LP438 NP6-8,MNL045,LP438,NP6-8,MNL045 LP438,Radial Road 10,MANILA,3,1,BARANGAY 62,,,14.610627,120.968057,,,,,,,24,2021-12-15,OSP
MNL045 LP439 NP3-5,MNL045,LP439,NP3-5,MNL045 LP439,Radial Road 10,MANILA,3,1,BARANGAY 62,,,14.610445,120.967393,,,,,,,24,2021-12-15,OSP
MNL045 LP434 NP1-2,MNL045,LP434,NP1-2,MNL045 LP434,Radial Road 10,MANILA,3,1,BARANGAY 62,,,14.61196,120.96706,,,,,,,16,2021-12-15,OSP
MNL045 LP434 NP6-8,MNL045,LP434,NP6-8,MNL045 LP434,Radial Road 10,MANILA,3,1,BARANGAY 62,,,14.611732,120.966698,,,,,,,24,2021-12-15,OSP
MNL045 LP435 NP1-2,MNL045,LP435,NP1-2,MNL045 LP435,Radial Road 10,MANILA,3,1,BARANGAY 62,,,14.61166,120.966983,,,,,,,16,2021-12-15,OSP
MNL003 LP166 NP1-2,MNL003,LP166,NP1-2,MNL003 LP166,City Square,MANILA,3,1,BARANGAY 63,,,14.61238048,120.9681366,,,,,,,16,2019-01-29,OSP
MNL003 LP160 NP7-8,MNL003,LP160,NP7-8,MNL003 LP160,City Square,MANILA,3,1,BARANGAY 63,,,14.61135105,120.9684312,,,,,,,16,2019-01-29,OSP
MNL003 LP161 NP1-2,MNL003,LP161,NP1-2,MNL003 LP161,City Square,MANILA,3,1,BARANGAY 63,,,14.61191612,120.9686175,,,,,,,16,2019-01-29,OSP
MNL003 LP168 NP3-4,MNL003,LP168,NP3-4,MNL003 LP168,City Square,MANILA,3,1,BARANGAY 63,,,14.61147144,120.9678953,,,,,,,16,2019-01-29,OSP
MNL003 LP17 NP1,MNL003,LP17,NP1,MNL003 LP17,City Square,MANILA,3,1,BARANGAY 63,,,14.611531,120.967267,,,,,,,8,2017-11-27,OSP
MNL003 LP17 NP3-4,MNL003,LP17,NP3-4,MNL003 LP17,City Square,MANILA,3,1,BARANGAY 63,,,14.612175,120.967469,,,,,,,16,2017-11-27,OSP
MNL005 LP184 NP7-8,MNL005,LP184,NP7-8,MNL005 LP184,Orchard Building (City Square 2),MANILA,3,1,BARANGAY 63,,,14.611915,120.968624,,,,,,,16,2020-12-29,OSP
MNL005 LP60 NP1-2,MNL005,LP60,NP1-2,MNL005 LP60,Orchard Building (City Square 2),MANILA,3,1,BARANGAY 63,,,14.611921,120.968635,,,,,,,16,2020-12-20,OSP
MNL005 LP59 NP7-8,MNL005,LP59,NP7-8,MNL005 LP59,Orchard Building (City Square 2),MANILA,3,1,BARANGAY 63,,,14.611365,120.968429,,,,,,,16,2020-12-20,OSP
MNL045 LP435 NP3-5,MNL045,LP435,NP3-5,MNL045 LP435,Radial Road 10,MANILA,3,1,BARANGAY 63,,,14.611578,120.967386,,,,,,,24,2021-12-15,OSP
MNL045 LP435 NP6-8,MNL045,LP435,NP6-8,MNL045 LP435,Radial Road 10,MANILA,3,1,BARANGAY 63,,,14.611449,120.967987,,,,,,,24,2021-12-15,OSP
MNL045 LP436 NP1-2,MNL045,LP436,NP1-2,MNL045 LP436,Radial Road 10,MANILA,3,1,BARANGAY 63,,,14.611372,120.968288,,,,,,,16,2021-12-15,OSP
MNL045 LP432 NP1-2,MNL045,LP432,NP1-2,MNL045 LP432,Radial Road 10,MANILA,3,1,BARANGAY 63,,,14.612152,120.967805,,,,,,,16,2021-12-15,OSP
MNL045 LP432 NP3-5,MNL045,LP432,NP3-5,MNL045 LP432,Radial Road 10,MANILA,3,1,BARANGAY 63,,,14.61211,120.967959,,,,,,,24,2021-12-15,OSP
MNL045 LP432 NP6-8,MNL045,LP432,NP6-8,MNL045 LP432,Radial Road 10,MANILA,3,1,BARANGAY 63,,,14.611948,120.968515,,,,,,,24,2021-12-15,OSP
MNL045 LP433 NP1-2,MNL045,LP433,NP1-2,MNL045 LP433,Radial Road 10,MANILA,3,1,BARANGAY 63,,,14.611588,120.968387,,,,,,,16,2021-12-15,OSP
MNL045 LP433 NP3-5,MNL045,LP433,NP3-5,MNL045 LP433,Radial Road 10,MANILA,3,1,BARANGAY 63,,,14.611771,120.967807,,,,,,,24,2021-12-15,OSP
MNL045 LP433 NP6-8,MNL045,LP433,NP6-8,MNL045 LP433,Radial Road 10,MANILA,3,1,BARANGAY 63,,,14.611865,120.967482,,,,,,,24,2021-12-15,OSP
MNL045 LP429 NP1-2,MNL045,LP429,NP1-2,MNL045 LP429,Radial Road 10,MANILA,3,1,BARANGAY 63,,,14.612258,120.968644,,,,,,,16,2021-12-15,OSP
MNL045 LP429 NP3-5,MNL045,LP429,NP3-5,MNL045 LP429,Radial Road 10,MANILA,3,1,BARANGAY 63,,,14.612418,120.968078,,,,,,,24,2021-12-15,OSP
MNL045 LP429 NP6-8,MNL045,LP429,NP6-8,MNL045 LP429,Radial Road 10,MANILA,3,1,BARANGAY 63,,,14.61249,120.967818,,,,,,,24,2021-12-15,OSP
MNL003 LP16 NP5-6,MNL003,LP16,NP5-6,MNL003 LP16,City Square,MANILA,3,1,BARANGAY 64,,,14.609862,120.967887,,,,,,,16,2017-11-27,OSP
MNL003 LP160 NP3-4,MNL003,LP160,NP3-4,MNL003 LP160,City Square,MANILA,3,1,BARANGAY 64,,,14.61035374,120.9680711,,,,,,,16,2019-01-29,OSP
MNL005 LP59 NP3-4,MNL005,LP59,NP3-4,MNL005 LP59,Orchard Building (City Square 2),MANILA,3,1,BARANGAY 64,,,14.609959,120.967971,,,,,,,16,2020-12-20,OSP
MNL045 LP440 NP1-2,MNL045,LP440,NP1-2,MNL045 LP440,Radial Road 10,MANILA,3,1,BARANGAY 64,,,14.610498,120.966938,,,,,,,16,2021-12-15,OSP
MNL045 LP440 NP3-5,MNL045,LP440,NP3-5,MNL045 LP440,Radial Road 10,MANILA,3,1,BARANGAY 64,,,14.610493,120.966941,,,,,,,24,2021-12-15,OSP
MNL045 LP440 NP6-8,MNL045,LP440,NP6-8,MNL045 LP440,Radial Road 10,MANILA,3,1,BARANGAY 64,,,14.610132,120.966852,,,,,,,24,2021-12-15,OSP
MNL045 LP439 NP1-2,MNL045,LP439,NP1-2,MNL045 LP439,Radial Road 10,MANILA,3,1,BARANGAY 64,,,14.610305,120.967951,,,,,,,16,2021-12-15,OSP
MNL045 LP439 NP6-8,MNL045,LP439,NP6-8,MNL045 LP439,Radial Road 10,MANILA,3,1,BARANGAY 64,,,14.610468,120.967266,,,,,,,24,2021-12-15,OSP
MNL003 LP161 NP3-4,MNL003,LP161,NP3-4,MNL003 LP161,City Square,MANILA,3,1,BARANGAY 65,,,14.61302113,120.9690219,,,,,,,16,2019-01-29,OSP
MNL003 LP228 NP1-2,MNL003,LP228,NP1-2,MNL003 LP228,City Square,MANILA,3,1,BARANGAY 65,,,14.61308106,120.9681967,,,,,,,16,2019-02-27,OSP
MNL003 LP17 NP7,MNL003,LP17,NP7,MNL003 LP17,City Square,MANILA,3,1,BARANGAY 65,,,14.612503,120.968776,,,,,,,8,2017-11-27,OSP
MNL005 LP185 NP1-2,MNL005,LP185,NP1-2,MNL005 LP185,Orchard Building (City Square 2),MANILA,3,1,BARANGAY 65,,,14.61352,120.969204,,,,,,,16,2020-12-29,OSP
MNL005 LP60 NP3-4,MNL005,LP60,NP3-4,MNL005 LP60,Orchard Building (City Square 2),MANILA,3,1,BARANGAY 65,,,14.612579,120.968849,,,,,,,16,2020-12-20,OSP
MNL005 LP60 NP5-6,MNL005,LP60,NP5-6,MNL005 LP60,Orchard Building (City Square 2),MANILA,3,1,BARANGAY 65,,,14.613048,120.969019,,,,,,,16,2020-12-20,OSP
MNL005 LP60 NP7-8,MNL005,LP60,NP7-8,MNL005 LP60,Orchard Building (City Square 2),MANILA,3,1,BARANGAY 65,,,14.613566,120.96918,,,,,,,16,2020-12-20,OSP
MNL045 LP425 NP1-2,MNL045,LP425,NP1-2,MNL045 LP425,Radial Road 10,MANILA,3,1,BARANGAY 65,,,14.61293,120.968837,,,,,,,16,2021-12-15,OSP
MNL045 LP425 NP3-5,MNL045,LP425,NP3-5,MNL045 LP425,Radial Road 10,MANILA,3,1,BARANGAY 65,,,14.612997,120.968585,,,,,,,24,2021-12-15,OSP
MNL045 LP425 NP6-8,MNL045,LP425,NP6-8,MNL045 LP425,Radial Road 10,MANILA,3,1,BARANGAY 65,,,14.613155,120.968014,,,,,,,24,2021-12-15,OSP
MNL045 LP428 NP1-2,MNL045,LP428,NP1-2,MNL045 LP428,Radial Road 10,MANILA,3,1,BARANGAY 65,,,14.61282,120.967996,,,,,,,16,2021-12-15,OSP
MNL045 LP428 NP3-5,MNL045,LP428,NP3-5,MNL045 LP428,Radial Road 10,MANILA,3,1,BARANGAY 65,,,14.612714,120.968365,,,,,,,24,2021-12-15,OSP
MNL045 LP428 NP6-8,MNL045,LP428,NP6-8,MNL045 LP428,Radial Road 10,MANILA,3,1,BARANGAY 65,,,14.612664,120.968555,,,,,,,24,2021-12-15,OSP
MNL045 LP420 NP6-8,MNL045,LP420,NP6-8,MNL045 LP420,Radial Road 10,MANILA,3,1,BARANGAY 65,,,14.613805,120.968196,,,,,,,24,2021-12-15,OSP
MNL045 LP421 NP1-2,MNL045,LP421,NP1-2,MNL045 LP421,Radial Road 10,MANILA,3,1,BARANGAY 65,,,14.613804,120.968189,,,,,,,16,2021-12-15,OSP
MNL045 LP421 NP3-5,MNL045,LP421,NP3-5,MNL045 LP421,Radial Road 10,MANILA,3,1,BARANGAY 65,,,14.613691,120.968551,,,,,,,24,2021-12-15,OSP
MNL045 LP421 NP6-8,MNL045,LP421,NP6-8,MNL045 LP421,Radial Road 10,MANILA,3,1,BARANGAY 65,,,14.613692,120.968554,,,,,,,24,2021-12-15,OSP
MNL045 LP422 NP3-5,MNL045,LP422,NP3-5,MNL045 LP422,Radial Road 10,MANILA,3,1,BARANGAY 65,,,14.61415,120.96837,,,,,,,24,2021-12-15,OSP
MNL045 LP422 NP6-8,MNL045,LP422,NP6-8,MNL045 LP422,Radial Road 10,MANILA,3,1,BARANGAY 65,,,14.614077,120.968614,,,,,,,24,2021-12-15,OSP
MNL045 LP423 NP1-2,MNL045,LP423,NP1-2,MNL045 LP423,Radial Road 10,MANILA,3,1,BARANGAY 65,,,14.61408,120.96862,,,,,,,16,2021-12-15,OSP
MNL045 LP423 NP3-5,MNL045,LP423,NP3-5,MNL045 LP423,Radial Road 10,MANILA,3,1,BARANGAY 65,,,14.613966,120.96895,,,,,,,24,2021-12-15,OSP
MNL045 LP423 NP6-8,MNL045,LP423,NP6-8,MNL045 LP423,Radial Road 10,MANILA,3,1,BARANGAY 65,,,14.613964,120.968966,,,,,,,24,2021-12-15,OSP
MNL045 LP424 NP1-2,MNL045,LP424,NP1-2,MNL045 LP424,Radial Road 10,MANILA,3,1,BARANGAY 65,,,14.613477,120.968245,,,,,,,16,2021-12-15,OSP
MNL045 LP424 NP3-5,MNL045,LP424,NP3-5,MNL045 LP424,Radial Road 10,MANILA,3,1,BARANGAY 65,,,14.613373,120.968623,,,,,,,24,2021-12-15,OSP
MNL045 LP424 NP6-8,MNL045,LP424,NP6-8,MNL045 LP424,Radial Road 10,MANILA,3,1,BARANGAY 65,,,14.613193,120.968944,,,,,,,24,2021-12-15,OSP
MNL003 LP166 NP5-6,MNL003,LP166,NP5-6,MNL003 LP166,City Square,MANILA,3,1,BARANGAY 66,,,14.61302604,120.9659433,,,,,,,16,2019-01-29,OSP
MNL003 LP166 NP7-8,MNL003,LP166,NP7-8,MNL003 LP166,City Square,MANILA,3,1,BARANGAY 66,,,14.61319469,120.9652797,,,,,,,16,2019-01-29,OSP
MNL003 LP167 NP1-2,MNL003,LP167,NP1-2,MNL003 LP167,City Square,MANILA,3,1,BARANGAY 66,,,14.61316349,120.964289,,,,,,,16,2019-01-29,OSP
MNL003 LP176 NP3-4,MNL003,LP176,NP3-4,MNL003 LP176,City Square,MANILA,3,1,BARANGAY 66,,,14.61315206,120.9639442,,,,,,,16,2019-01-29,OSP
MNL003 LP176 NP5-6,MNL003,LP176,NP5-6,MNL003 LP176,City Square,MANILA,3,1,BARANGAY 66,,,14.61317231,120.9637735,,,,,,,16,2019-01-29,OSP
MNL003 LP176 NP7-8,MNL003,LP176,NP7-8,MNL003 LP176,City Square,MANILA,3,1,BARANGAY 66,,,14.61319631,120.9636001,,,,,,,16,2019-01-29,OSP
MNL003 LP249 NP7-8,MNL003,LP249,NP7-8,MNL003 LP249,City Square,MANILA,3,1,BARANGAY 66,,,14.61330397,120.9659499,,,,,,,16,2019-02-27,OSP
MNL003 LP250 NP1-2,MNL003,LP250,NP1-2,MNL003 LP250,City Square,MANILA,3,1,BARANGAY 66,,,14.61352234,120.9650717,,,,,,,16,2019-02-27,OSP
MNL003 LP250 NP3-4,MNL003,LP250,NP3-4,MNL003 LP250,City Square,MANILA,3,1,BARANGAY 66,,,14.61370518,120.9644221,,,,,,,16,2019-02-27,OSP
MNL003 LP250 NP5-6,MNL003,LP250,NP5-6,MNL003 LP250,City Square,MANILA,3,1,BARANGAY 66,,,14.613977,120.964137,,,,,,,16,2019-02-27,OSP
MNL003 LP250 NP7-8,MNL003,LP250,NP7-8,MNL003 LP250,City Square,MANILA,3,1,BARANGAY 66,,,14.61396859,120.9634596,,,,,,,16,2019-02-27,OSP
MNL045 LP113 NP1-2,MNL045,LP113,NP1-2,MNL045 LP113,Radial Road 10,MANILA,3,1,BARANGAY 66,,,14.613958,120.963459,,,,,,,16,2021-08-30,OSP
MNL045 LP113 NP3-4,MNL045,LP113,NP3-4,MNL045 LP113,Radial Road 10,MANILA,3,1,BARANGAY 66,,,14.613958,120.963458,,,,,,,16,2021-08-30,OSP
MNL045 LP113 NP5-6,MNL045,LP113,NP5-6,MNL045 LP113,Radial Road 10,MANILA,3,1,BARANGAY 66,,,14.613915,120.963695,,,,,,,16,2021-08-30,OSP
MNL045 LP113 NP7-8,MNL045,LP113,NP7-8,MNL045 LP113,Radial Road 10,MANILA,3,1,BARANGAY 66,,,14.613918,120.963695,,,,,,,16,2021-08-30,OSP
MNL045 LP114 NP1-2,MNL045,LP114,NP1-2,MNL045 LP114,Radial Road 10,MANILA,3,1,BARANGAY 66,,,14.613833,120.964047,,,,,,,16,2021-08-30,OSP
MNL045 LP114 NP3-4-5,MNL045,LP114,NP3-4-5,MNL045 LP114,Radial Road 10,MANILA,3,1,BARANGAY 66,,,14.61364,120.963886,,,,,,,24,2021-08-30,OSP
MNL045 LP114 NP6-7-8,MNL045,LP114,NP6-7-8,MNL045 LP114,Radial Road 10,MANILA,3,1,BARANGAY 66,,,14.613576,120.964112,,,,,,,24,2021-08-30,OSP
MNL045 LP115 NP1-2,MNL045,LP115,NP1-2,MNL045 LP115,Radial Road 10,MANILA,3,1,BARANGAY 66,,,14.613718,120.964432,,,,,,,16,2021-08-30,OSP
MNL045 LP115 NP3-4-5,MNL045,LP115,NP3-4-5,MNL045 LP115,Radial Road 10,MANILA,3,1,BARANGAY 66,,,14.613721,120.964433,,,,,,,24,2021-08-30,OSP
MNL045 LP115 NP6-7-8,MNL045,LP115,NP6-7-8,MNL045 LP115,Radial Road 10,MANILA,3,1,BARANGAY 66,,,14.613549,120.965053,,,,,,,24,2021-08-30,OSP
MNL045 LP112 NP1-2,MNL045,LP112,NP1-2,MNL045 LP112,Radial Road 10,MANILA,3,1,BARANGAY 66,,,14.613946,120.963331,,,,,,,16,2021-08-30,OSP
MNL045 LP59 NP5-6,MNL045,LP59,NP5-6,MNL045 LP59,Radial Road 10,MANILA,3,1,BARANGAY 66,,,14.613186,120.965303,,,,,,,16,2021-08-30,OSP
MNL045 LP59 NP7-8,MNL045,LP59,NP7-8,MNL045 LP59,Radial Road 10,MANILA,3,1,BARANGAY 66,,,14.613185,120.965303,,,,,,,16,2021-08-30,OSP
MNL045 LP59 NP1-2,MNL045,LP59,NP1-2,MNL045 LP59,Radial Road 10,MANILA,3,1,BARANGAY 66,,,14.613094,120.965464,,,,,,,16,2021-08-30,OSP
MNL045 LP59 NP3-4,MNL045,LP59,NP3-4,MNL045 LP59,Radial Road 10,MANILA,3,1,BARANGAY 66,,,14.613094,120.965465,,,,,,,16,2021-08-30,OSP
MNL045 LP58 NP5-6,MNL045,LP58,NP5-6,MNL045 LP58,Radial Road 10,MANILA,3,1,BARANGAY 66,,,14.613026,120.965683,,,,,,,16,2021-08-30,OSP
MNL045 LP58 NP7-8,MNL045,LP58,NP7-8,MNL045 LP58,Radial Road 10,MANILA,3,1,BARANGAY 66,,,14.613026,120.965682,,,,,,,16,2021-08-30,OSP
MNL045 LP57 NP3-4-5,MNL045,LP57,NP3-4-5,MNL045 LP57,Radial Road 10,MANILA,3,1,BARANGAY 66,,,14.613363,120.96568,,,,,,,24,2021-08-30,OSP
MNL045 LP57 NP6-7-8,MNL045,LP57,NP6-7-8,MNL045 LP57,Radial Road 10,MANILA,3,1,BARANGAY 66,,,14.613538,120.965079,,,,,,,24,2021-08-30,OSP
MNL045 LP57 NP1-2,MNL045,LP57,NP1-2,MNL045 LP57,Radial Road 10,MANILA,3,1,BARANGAY 66,,,14.613321,120.965909,,,,,,,16,2021-08-30,OSP
MNL045 LP56 NP3-4-5,MNL045,LP56,NP3-4-5,MNL045 LP56,Radial Road 10,MANILA,3,1,BARANGAY 66,,,14.613591,120.965962,,,,,,,24,2021-08-30,OSP
MNL045 LP56 NP6-7-8,MNL045,LP56,NP6-7-8,MNL045 LP56,Radial Road 10,MANILA,3,1,BARANGAY 66,,,14.613591,120.965963,,,,,,,24,2021-08-30,OSP
MNL045 LP56 NP1-2,MNL045,LP56,NP1-2,MNL045 LP56,Radial Road 10,MANILA,3,1,BARANGAY 66,,,14.613761,120.965956,,,,,,,16,2021-08-30,OSP
MNL045 LP64 NP5-6,MNL045,LP64,NP5-6,MNL045 LP64,Radial Road 10,MANILA,3,1,BARANGAY 66,,,14.61307,120.964329,,,,,,,16,2021-08-30,OSP
MNL045 LP64 NP7-8,MNL045,LP64,NP7-8,MNL045 LP64,Radial Road 10,MANILA,3,1,BARANGAY 66,,,14.61307,120.964327,,,,,,,16,2021-08-30,OSP
MNL045 LP65 NP1-2,MNL045,LP65,NP1-2,MNL045 LP65,Radial Road 10,MANILA,3,1,BARANGAY 66,,,14.613143,120.96395,,,,,,,16,2021-08-30,OSP
MNL045 LP65 NP3-4,MNL045,LP65,NP3-4,MNL045 LP65,Radial Road 10,MANILA,3,1,BARANGAY 66,,,14.613146,120.96395,,,,,,,16,2021-08-30,OSP
MNL045 LP65 NP5-6,MNL045,LP65,NP5-6,MNL045 LP65,Radial Road 10,MANILA,3,1,BARANGAY 66,,,14.613164,120.963762,,,,,,,16,2021-08-30,OSP
MNL045 LP65 NP7-8,MNL045,LP65,NP7-8,MNL045 LP65,Radial Road 10,MANILA,3,1,BARANGAY 66,,,14.613168,120.963762,,,,,,,16,2021-08-30,OSP
MNL045 LP66 NP1-2,MNL045,LP66,NP1-2,MNL045 LP66,Radial Road 10,MANILA,3,1,BARANGAY 66,,,14.613175,120.963686,,,,,,,16,2021-08-30,OSP
MNL045 LP66 NP3-4-5,MNL045,LP66,NP3-4-5,MNL045 LP66,Radial Road 10,MANILA,3,1,BARANGAY 66,,,14.613193,120.963405,,,,,,,24,2021-08-30,OSP
MNL045 LP66 NP6-7-8,MNL045,LP66,NP6-7-8,MNL045 LP66,Radial Road 10,MANILA,3,1,BARANGAY 66,,,14.613193,120.963404,,,,,,,24,2021-08-30,OSP
MNL045 LP60 NP1-2,MNL045,LP60,NP1-2,MNL045 LP60,Radial Road 10,MANILA,3,1,BARANGAY 66,,,14.613265,120.965047,,,,,,,16,2021-08-30,OSP
MNL045 LP60 NP3-4,MNL045,LP60,NP3-4,MNL045 LP60,Radial Road 10,MANILA,3,1,BARANGAY 66,,,14.613263,120.965047,,,,,,,16,2021-08-30,OSP
MNL045 LP60 NP5-6,MNL045,LP60,NP5-6,MNL045 LP60,Radial Road 10,MANILA,3,1,BARANGAY 66,,,14.613361,120.964727,,,,,,,16,2021-08-30,OSP
MNL045 LP60 NP7-8,MNL045,LP60,NP7-8,MNL045 LP60,Radial Road 10,MANILA,3,1,BARANGAY 66,,,14.613362,120.964727,,,,,,,16,2021-08-30,OSP
MNL045 LP61 NP1-2,MNL045,LP61,NP1-2,MNL045 LP61,Radial Road 10,MANILA,3,1,BARANGAY 66,,,14.613481,120.964399,,,,,,,16,2021-08-30,OSP
MNL045 LP61 NP3-4-5,MNL045,LP61,NP3-4-5,MNL045 LP61,Radial Road 10,MANILA,3,1,BARANGAY 66,,,14.613481,120.964398,,,,,,,24,2021-08-30,OSP
MNL045 LP61 NP6-7-8,MNL045,LP61,NP6-7-8,MNL045 LP61,Radial Road 10,MANILA,3,1,BARANGAY 66,,,14.613202,120.964293,,,,,,,24,2021-08-30,OSP
MNL003 LP248 NP7-8,MNL003,LP248,NP7-8,MNL003 LP248,City Square,MANILA,3,1,BARANGAY 67,,,14.61408047,120.9649863,,,,,,,16,2019-02-27,OSP
MNL003 LP249 NP1-2,MNL003,LP249,NP1-2,MNL003 LP249,City Square,MANILA,3,1,BARANGAY 67,,,14.61405126,120.9654302,,,,,,,16,2019-02-27,OSP
MNL003 LP249 NP3-4,MNL003,LP249,NP3-4,MNL003 LP249,City Square,MANILA,3,1,BARANGAY 67,,,14.61404647,120.9657679,,,,,,,16,2019-02-27,OSP
MNL003 LP249 NP5-6,MNL003,LP249,NP5-6,MNL003 LP249,City Square,MANILA,3,1,BARANGAY 67,,,14.61411188,120.9659629,,,,,,,16,2019-02-27,OSP
MNL003 LP245 NP3-4,MNL003,LP245,NP3-4,MNL003 LP245,City Square,MANILA,3,1,BARANGAY 67,,,14.61479067,120.9659657,,,,,,,16,2019-02-27,OSP
MNL036 LP74 NP5-6,MNL036,LP74,NP5-6,MNL036 LP74,Juan Luna/ Solis,MANILA,3,1,BARANGAY 67,,,14.614156,120.964756,,,,,,,16,2020-07-30,OSP
MNL045 LP48 NP3-4-5,MNL045,LP48,NP3-4-5,MNL045 LP48,Radial Road 10,MANILA,3,1,BARANGAY 67,,,14.614246,120.964437,,,,,,,24,2021-08-30,OSP
MNL045 LP48 NP6-7-8,MNL045,LP48,NP6-7-8,MNL045 LP48,Radial Road 10,MANILA,3,1,BARANGAY 67,,,14.614249,120.964436,,,,,,,24,2021-08-30,OSP
MNL045 LP55 NP1-2,MNL045,LP55,NP1-2,MNL045 LP55,Radial Road 10,MANILA,3,1,BARANGAY 67,,,14.614088,120.964777,,,,,,,16,2021-08-30,OSP
MNL045 LP55 NP3-4-5,MNL045,LP55,NP3-4-5,MNL045 LP55,Radial Road 10,MANILA,3,1,BARANGAY 67,,,14.614155,120.964767,,,,,,,24,2021-08-30,OSP
MNL045 LP55 NP6-7-8,MNL045,LP55,NP6-7-8,MNL045 LP55,Radial Road 10,MANILA,3,1,BARANGAY 67,,,14.614088,120.964776,,,,,,,24,2021-08-30,OSP
MNL045 LP54 NP1-2,MNL045,LP54,NP1-2,MNL045 LP54,Radial Road 10,MANILA,3,1,BARANGAY 67,,,14.614044,120.965766,,,,,,,16,2021-08-30,OSP
MNL045 LP54 NP3-4-5,MNL045,LP54,NP3-4-5,MNL045 LP54,Radial Road 10,MANILA,3,1,BARANGAY 67,,,14.614059,120.965429,,,,,,,24,2021-08-30,OSP
MNL045 LP54 NP6-7-8,MNL045,LP54,NP6-7-8,MNL045 LP54,Radial Road 10,MANILA,3,1,BARANGAY 67,,,14.61408,120.964988,,,,,,,24,2021-08-30,OSP
MNL045 LP53 NP1-2,MNL045,LP53,NP1-2,MNL045 LP53,Radial Road 10,MANILA,3,1,BARANGAY 67,,,14.614612,120.96595,,,,,,,16,2021-08-30,OSP
MNL045 LP53 NP6-7-8,MNL045,LP53,NP6-7-8,MNL045 LP53,Radial Road 10,MANILA,3,1,BARANGAY 67,,,14.614115,120.965955,,,,,,,24,2021-08-30,OSP
MNL003 LP167 NP3-4,MNL003,LP167,NP3-4,MNL003 LP167,City Square,MANILA,3,1,BARANGAY 68,,,14.61300086,120.9644711,,,,,,,16,2019-01-29,OSP
MNL045 LP62 NP7-8,MNL045,LP62,NP7-8,MNL045 LP62,Radial Road 10,MANILA,3,1,BARANGAY 68,,,14.612636,120.965814,,,,,,,16,2021-08-30,OSP
MNL045 LP63 NP1-2,MNL045,LP63,NP1-2,MNL045 LP63,Radial Road 10,MANILA,3,1,BARANGAY 68,,,14.612712,120.965477,,,,,,,16,2021-08-30,OSP
MNL045 LP63 NP3-4,MNL045,LP63,NP3-4,MNL045 LP63,Radial Road 10,MANILA,3,1,BARANGAY 68,,,14.612713,120.965478,,,,,,,16,2021-08-30,OSP
MNL045 LP63 NP5-6,MNL045,LP63,NP5-6,MNL045 LP63,Radial Road 10,MANILA,3,1,BARANGAY 68,,,14.612801,120.965109,,,,,,,16,2021-08-30,OSP
MNL045 LP63 NP7-8,MNL045,LP63,NP7-8,MNL045 LP63,Radial Road 10,MANILA,3,1,BARANGAY 68,,,14.6128,120.965109,,,,,,,16,2021-08-30,OSP
MNL045 LP64 NP1-2,MNL045,LP64,NP1-2,MNL045 LP64,Radial Road 10,MANILA,3,1,BARANGAY 68,,,14.612987,120.964721,,,,,,,16,2021-08-30,OSP
MNL045 LP64 NP3-4,MNL045,LP64,NP3-4,MNL045 LP64,Radial Road 10,MANILA,3,1,BARANGAY 68,,,14.612988,120.964721,,,,,,,16,2021-08-30,OSP
MNL045 LP62 NP1-2,MNL045,LP62,NP1-2,MNL045 LP62,Radial Road 10,MANILA,3,1,BARANGAY 68,,,14.612603,120.965967,,,,,,,16,2021-08-30,OSP
MNL045 LP62 NP3-4,MNL045,LP62,NP3-4,MNL045 LP62,Radial Road 10,MANILA,3,1,BARANGAY 68,,,14.612602,120.965968,,,,,,,16,2021-08-30,OSP
MNL045 LP62 NP5-6,MNL045,LP62,NP5-6,MNL045 LP62,Radial Road 10,MANILA,3,1,BARANGAY 68,,,14.612633,120.965814,,,,,,,16,2021-08-30,OSP
MNL003 LP171 NP7-8,MNL003,LP171,NP7-8,MNL003 LP171,City Square,MANILA,3,1,BARANGAY 69,,,14.61022692,120.9653766,,,,,,,16,2019-01-29,OSP
MNL003 LP172 NP1-2,MNL003,LP172,NP1-2,MNL003 LP172,City Square,MANILA,3,1,BARANGAY 69,,,14.61090062,120.9650466,,,,,,,16,2019-01-29,OSP
MNL003 LP174 NP1-2,MNL003,LP174,NP1-2,MNL003 LP174,City Square,MANILA,3,1,BARANGAY 69,,,14.61098924,120.9644522,,,,,,,16,2019-01-29,OSP
MNL003 LP174 NP3-4,MNL003,LP174,NP3-4,MNL003 LP174,City Square,MANILA,3,1,BARANGAY 69,,,14.61045188,120.9644423,,,,,,,16,2019-01-29,OSP
MNL003 LP395 NP7-8,MNL003,LP395,NP7-8,MNL003 LP395,City Square,MANILA,3,1,BARANGAY 69,,,14.609925,120.964667,,,,,,,16,2019-10-03,OSP
MNL003 LP396 NP1-2,MNL003,LP396,NP1-2,MNL003 LP396,City Square,MANILA,3,1,BARANGAY 69,,,14.610689,120.96467,,,,,,,16,2019-10-03,OSP
MNL003 LP396 NP3-4,MNL003,LP396,NP3-4,MNL003 LP396,City Square,MANILA,3,1,BARANGAY 69,,,14.611167,120.964678,,,,,,,16,2019-10-03,OSP
MNL003 LP396 NP5-6,MNL003,LP396,NP5-6,MNL003 LP396,City Square,MANILA,3,1,BARANGAY 69,,,14.611047,120.965497,,,,,,,16,2019-10-03,OSP
MNL003 LP396 NP7-8,MNL003,LP396,NP7-8,MNL003 LP396,City Square,MANILA,3,1,BARANGAY 69,,,14.610603,120.965553,,,,,,,16,2019-10-03,OSP
MNL005 LP435 NP6-8,MNL005,LP435,NP6-8,MNL005 LP435,Orchard Building (City Square 2),MANILA,3,1,BARANGAY 69,,,14.610882,120.964461,,,,,,,24,2021-11-28,OSP
MNL005 LP436 NP1-2,MNL005,LP436,NP1-2,MNL005 LP436,Orchard Building (City Square 2),MANILA,3,1,BARANGAY 69,,,14.610555,120.964446,,,,,,,16,2021-11-28,OSP
MNL005 LP436 NP3-5,MNL005,LP436,NP3-5,MNL005 LP436,Orchard Building (City Square 2),MANILA,3,1,BARANGAY 69,,,14.610099,120.964486,,,,,,,24,2021-11-28,OSP
MNL005 LP436 NP6-8,MNL005,LP436,NP6-8,MNL005 LP436,Orchard Building (City Square 2),MANILA,3,1,BARANGAY 69,,,14.610304,120.964296,,,,,,,24,2021-11-28,OSP
MNL005 LP437 NP1-2,MNL005,LP437,NP1-2,MNL005 LP437,Orchard Building (City Square 2),MANILA,3,1,BARANGAY 69,,,14.610475,120.964283,,,,,,,16,2021-11-28,OSP
MNL005 LP437 NP3-5,MNL005,LP437,NP3-5,MNL005 LP437,Orchard Building (City Square 2),MANILA,3,1,BARANGAY 69,,,14.611127,120.96427,,,,,,,24,2021-11-28,OSP
MNL005 LP430 NP1-2,MNL005,LP430,NP1-2,MNL005 LP430,Orchard Building (City Square 2),MANILA,3,1,BARANGAY 69,,,14.610239,120.964977,,,,,,,16,2021-11-28,OSP
MNL005 LP430 NP3-5,MNL005,LP430,NP3-5,MNL005 LP430,Orchard Building (City Square 2),MANILA,3,1,BARANGAY 69,,,14.610241,120.964977,,,,,,,24,2021-11-28,OSP
MNL005 LP430 NP6-8,MNL005,LP430,NP6-8,MNL005 LP430,Orchard Building (City Square 2),MANILA,3,1,BARANGAY 69,,,14.610309,120.964789,,,,,,,24,2021-11-28,OSP
MNL005 LP431 NP1-2,MNL005,LP431,NP1-2,MNL005 LP431,Orchard Building (City Square 2),MANILA,3,1,BARANGAY 69,,,14.610309,120.964788,,,,,,,16,2021-11-28,OSP
MNL005 LP431 NP3-5,MNL005,LP431,NP3-5,MNL005 LP431,Orchard Building (City Square 2),MANILA,3,1,BARANGAY 69,,,14.61038,120.964651,,,,,,,24,2021-11-28,OSP
MNL005 LP431 NP6-8,MNL005,LP431,NP6-8,MNL005 LP431,Orchard Building (City Square 2),MANILA,3,1,BARANGAY 69,,,14.61038,120.964652,,,,,,,24,2021-11-28,OSP
MNL005 LP432 NP1-2,MNL005,LP432,NP1-2,MNL005 LP432,Orchard Building (City Square 2),MANILA,3,1,BARANGAY 69,,,14.610594,120.964665,,,,,,,16,2021-11-28,OSP
MNL005 LP432 NP3-5,MNL005,LP432,NP3-5,MNL005 LP432,Orchard Building (City Square 2),MANILA,3,1,BARANGAY 69,,,14.610593,120.964666,,,,,,,24,2021-11-28,OSP
MNL005 LP432 NP6-8,MNL005,LP432,NP6-8,MNL005 LP432,Orchard Building (City Square 2),MANILA,3,1,BARANGAY 69,,,14.610743,120.964681,,,,,,,24,2021-11-28,OSP
MNL005 LP433 NP1-2,MNL005,LP433,NP1-2,MNL005 LP433,Orchard Building (City Square 2),MANILA,3,1,BARANGAY 69,,,14.610743,120.964681,,,,,,,16,2021-11-28,OSP
MNL005 LP433 NP3-5,MNL005,LP433,NP3-5,MNL005 LP433,Orchard Building (City Square 2),MANILA,3,1,BARANGAY 69,,,14.610986,120.964674,,,,,,,24,2021-11-28,OSP
MNL005 LP433 NP6-8,MNL005,LP433,NP6-8,MNL005 LP433,Orchard Building (City Square 2),MANILA,3,1,BARANGAY 69,,,14.610985,120.964675,,,,,,,24,2021-11-28,OSP
MNL005 LP424 NP3-5,MNL005,LP424,NP3-5,MNL005 LP424,Orchard Building (City Square 2),MANILA,3,1,BARANGAY 69,,,14.610381,120.965355,,,,,,,24,2021-11-28,OSP
MNL005 LP424 NP6-8,MNL005,LP424,NP6-8,MNL005 LP424,Orchard Building (City Square 2),MANILA,3,1,BARANGAY 69,,,14.610381,120.965356,,,,,,,24,2021-11-28,OSP
MNL005 LP425 NP1-2,MNL005,LP425,NP1-2,MNL005 LP425,Orchard Building (City Square 2),MANILA,3,1,BARANGAY 69,,,14.610782,120.965327,,,,,,,16,2021-11-28,OSP
MNL005 LP425 NP3-5,MNL005,LP425,NP3-5,MNL005 LP425,Orchard Building (City Square 2),MANILA,3,1,BARANGAY 69,,,14.610782,120.965325,,,,,,,24,2021-11-28,OSP
MNL005 LP425 NP6-8,MNL005,LP425,NP6-8,MNL005 LP425,Orchard Building (City Square 2),MANILA,3,1,BARANGAY 69,,,14.610783,120.965326,,,,,,,24,2021-11-28,OSP
MNL005 LP427 NP6-8,MNL005,LP427,NP6-8,MNL005 LP427,Orchard Building (City Square 2),MANILA,3,1,BARANGAY 69,,,14.610981,120.965047,,,,,,,24,2021-11-28,OSP
MNL005 LP428 NP1-2,MNL005,LP428,NP1-2,MNL005 LP428,Orchard Building (City Square 2),MANILA,3,1,BARANGAY 69,,,14.610979,120.965048,,,,,,,16,2021-11-28,OSP
MNL005 LP428 NP3-5,MNL005,LP428,NP3-5,MNL005 LP428,Orchard Building (City Square 2),MANILA,3,1,BARANGAY 69,,,14.610759,120.965102,,,,,,,24,2021-11-28,OSP
MNL005 LP428 NP6-8,MNL005,LP428,NP6-8,MNL005 LP428,Orchard Building (City Square 2),MANILA,3,1,BARANGAY 69,,,14.610429,120.965119,,,,,,,24,2021-11-28,OSP
MNL005 LP429 NP1-2,MNL005,LP429,NP1-2,MNL005 LP429,Orchard Building (City Square 2),MANILA,3,1,BARANGAY 69,,,14.610429,120.965117,,,,,,,16,2021-11-28,OSP
MNL005 LP429 NP3-5,MNL005,LP429,NP3-5,MNL005 LP429,Orchard Building (City Square 2),MANILA,3,1,BARANGAY 69,,,14.610233,120.96513,,,,,,,24,2021-11-28,OSP
MNL005 LP429 NP6-8,MNL005,LP429,NP6-8,MNL005 LP429,Orchard Building (City Square 2),MANILA,3,1,BARANGAY 69,,,14.610231,120.965131,,,,,,,24,2021-11-28,OSP
MNL005 LP421 NP3-5,MNL005,LP421,NP3-5,MNL005 LP421,Orchard Building (City Square 2),MANILA,3,1,BARANGAY 69,,,14.610963,120.965515,,,,,,,24,2021-11-28,OSP
MNL005 LP421 NP6-8,MNL005,LP421,NP6-8,MNL005 LP421,Orchard Building (City Square 2),MANILA,3,1,BARANGAY 69,,,14.61079,120.965535,,,,,,,24,2021-11-28,OSP
MNL005 LP422 NP1-2,MNL005,LP422,NP1-2,MNL005 LP422,Orchard Building (City Square 2),MANILA,3,1,BARANGAY 69,,,14.610788,120.965535,,,,,,,16,2021-11-28,OSP
MNL005 LP422 NP3-5,MNL005,LP422,NP3-5,MNL005 LP422,Orchard Building (City Square 2),MANILA,3,1,BARANGAY 69,,,14.610546,120.965562,,,,,,,24,2021-11-28,OSP
MNL005 LP422 NP6-8,MNL005,LP422,NP6-8,MNL005 LP422,Orchard Building (City Square 2),MANILA,3,1,BARANGAY 69,,,14.610545,120.965561,,,,,,,24,2021-11-28,OSP
MNL005 LP423 NP1-2,MNL005,LP423,NP1-2,MNL005 LP423,Orchard Building (City Square 2),MANILA,3,1,BARANGAY 69,,,14.610169,120.965601,,,,,,,16,2021-11-28,OSP
MNL005 LP423 NP3-5,MNL005,LP423,NP3-5,MNL005 LP423,Orchard Building (City Square 2),MANILA,3,1,BARANGAY 69,,,14.610168,120.965602,,,,,,,24,2021-11-28,OSP
MNL005 LP423 NP6-8,MNL005,LP423,NP6-8,MNL005 LP423,Orchard Building (City Square 2),MANILA,3,1,BARANGAY 69,,,14.610087,120.965372,,,,,,,24,2021-11-28,OSP
MNL005 LP424 NP1-2,MNL005,LP424,NP1-2,MNL005 LP424,Orchard Building (City Square 2),MANILA,3,1,BARANGAY 69,,,14.610088,120.965373,,,,,,,16,2021-11-28,OSP
MNL005 LP350 NP1-2,MNL005,LP350,NP1-2,MNL005 LP350,Orchard Building (City Square 2),MANILA,3,1,BARANGAY 69,,,14.610004,120.965561,,,,,,,16,2021-11-01,OSP
MNL005 LP350 NP3-5,MNL005,LP350,NP3-5,MNL005 LP350,Orchard Building (City Square 2),MANILA,3,1,BARANGAY 69,,,14.609973,120.965177,,,,,,,24,2021-11-01,OSP
MNL005 LP350 NP6-8,MNL005,LP350,NP6-8,MNL005 LP350,Orchard Building (City Square 2),MANILA,3,1,BARANGAY 69,,,14.609972,120.965179,,,,,,,24,2021-11-01,OSP
MNL005 LP351 NP1-2,MNL005,LP351,NP1-2,MNL005 LP351,Orchard Building (City Square 2),MANILA,3,1,BARANGAY 69,,,14.609948,120.964812,,,,,,,16,2021-11-01,OSP
MNL005 LP351 NP3-5,MNL005,LP351,NP3-5,MNL005 LP351,Orchard Building (City Square 2),MANILA,3,1,BARANGAY 69,,,14.609947,120.96481,,,,,,,24,2021-11-01,OSP
MNL005 LP351 NP6-8,MNL005,LP351,NP6-8,MNL005 LP351,Orchard Building (City Square 2),MANILA,3,1,BARANGAY 69,,,14.609948,120.96481,,,,,,,24,2021-11-01,OSP
MNL005 LP352 NP1-2,MNL005,LP352,NP1-2,MNL005 LP352,Orchard Building (City Square 2),MANILA,3,1,BARANGAY 69,,,14.609925,120.964506,,,,,,,16,2021-11-01,OSP
MNL005 LP352 NP3-5,MNL005,LP352,NP3-5,MNL005 LP352,Orchard Building (City Square 2),MANILA,3,1,BARANGAY 69,,,14.609925,120.964509,,,,,,,24,2021-11-01,OSP
MNL005 LP352 NP6-8,MNL005,LP352,NP6-8,MNL005 LP352,Orchard Building (City Square 2),MANILA,3,1,BARANGAY 69,,,14.609924,120.964507,,,,,,,24,2021-11-01,OSP
MNL005 LP349 NP6-8,MNL005,LP349,NP6-8,MNL005 LP349,Orchard Building (City Square 2),MANILA,3,1,BARANGAY 69,,,14.610006,120.965562,,,,,,,24,2021-11-01,OSP
MNL003 LP190 NP7-8,MNL003,LP190,NP7-8,MNL003 LP190,City Square,MANILA,3,1,BARANGAY 7,,,14.60646508,120.9685357,,,,,,,16,2019-01-30,OSP
MNL005 LP194 NP1-2,MNL005,LP194,NP1-2,MNL005 LP194,Orchard Building (City Square 2),MANILA,3,1,BARANGAY 7,,,14.607261,120.96909,,,,,,,16,2021-09-25,OSP
MNL005 LP194 NP3-5,MNL005,LP194,NP3-5,MNL005 LP194,Orchard Building (City Square 2),MANILA,3,1,BARANGAY 7,,,14.607045,120.96855,,,,,,,24,2021-09-25,OSP
MNL005 LP194 NP6-8,MNL005,LP194,NP6-8,MNL005 LP194,Orchard Building (City Square 2),MANILA,3,1,BARANGAY 7,,,14.606456,120.96857,,,,,,,24,2021-09-25,OSP
MNL005 LP195 NP1-2,MNL005,LP195,NP1-2,MNL005 LP195,Orchard Building (City Square 2),MANILA,3,1,BARANGAY 7,,,14.605897,120.96866,,,,,,,16,2021-09-25,OSP
MNL005 LP195 NP3-5,MNL005,LP195,NP3-5,MNL005 LP195,Orchard Building (City Square 2),MANILA,3,1,BARANGAY 7,,,14.605466,120.96918,,,,,,,24,2021-09-25,OSP
MNL005 LP195 NP6-8,MNL005,LP195,NP6-8,MNL005 LP195,Orchard Building (City Square 2),MANILA,3,1,BARANGAY 7,,,14.606301,120.96938,,,,,,,24,2021-09-25,OSP
MNL005 LP196 NP6-8,MNL005,LP196,NP6-8,MNL005 LP196,Orchard Building (City Square 2),MANILA,3,1,BARANGAY 7,,,14.606784,120.96777,,,,,,,24,2021-09-25,OSP
MNL005 LP189 NP3-4,MNL005,LP189,NP3-4,MNL005 LP189,Orchard Building (City Square 2),MANILA,3,1,BARANGAY 7,,,14.60508,120.96962,,,,,,,16,2021-08-30,OSP
MNL005 LP8 NP1-2,MNL005,LP8,NP1-2,MNL005 LP8,Orchard Building (City Square 2),MANILA,3,1,BARANGAY 7,,,14.606946,120.96824,,,,,,,16,2020-08-30,OSP
MNL005 LP8 NP3-4,MNL005,LP8,NP3-4,MNL005 LP8,Orchard Building (City Square 2),MANILA,3,1,BARANGAY 7,,,14.607218,120.968863,,,,,,,16,2020-08-30,OSP
MNL005 LP8 NP5-6,MNL005,LP8,NP5-6,MNL005 LP8,Orchard Building (City Square 2),MANILA,3,1,BARANGAY 7,,,14.606703,120.96796,,,,,,,16,2020-08-30,OSP
MNL005 LP7 NP1-2,MNL005,LP7,NP1-2,MNL005 LP7,Orchard Building (City Square 2),MANILA,3,1,BARANGAY 7,,,14.606265,120.968709,,,,,,,16,2020-08-30,OSP
MNL005 LP7 NP3-4,MNL005,LP7,NP3-4,MNL005 LP7,Orchard Building (City Square 2),MANILA,3,1,BARANGAY 7,,,14.605528,120.969103,,,,,,,16,2020-08-30,OSP
MNL005 LP7 NP5-6,MNL005,LP7,NP5-6,MNL005 LP7,Orchard Building (City Square 2),MANILA,3,1,BARANGAY 7,,,14.605201,120.969516,,,,,,,16,2020-08-30,OSP
MNL005 LP668 NP1,MNL005,LP668,NP1,MNL005 LP668,Orchard Building (City Square 2),MANILA,3,1,BARANGAY 7,,LION TOWER,14.605694,120.969717,,2F,EE ROOM,,,,8,2025-02-06,ISP
MNL005 LP668 NP3,MNL005,LP668,NP3,MNL005 LP668,Orchard Building (City Square 2),MANILA,3,1,BARANGAY 7,,LION TOWER,14.605694,120.969717,,2F,FIRE EXIT,,,,8,2025-06-27,ISP
MNL005 LP668 NP8,MNL005,LP668,NP8,MNL005 LP668,Orchard Building (City Square 2),MANILA,3,1,BARANGAY 7,,LION TOWER,14.605694,120.969717,,2F,FIRE EXIT,,,,8,2025-06-27,ISP
MNL005 LP668 NP2,MNL005,LP668,NP2,MNL005 LP668,Orchard Building (City Square 2),MANILA,3,1,BARANGAY 7,,LION TOWER,14.605694,120.969717,,2F,FIRE EXIT,,,,8,2025-06-27,ISP
MNL005 LP668 NP5,MNL005,LP668,NP5,MNL005 LP668,Orchard Building (City Square 2),MANILA,3,1,BARANGAY 7,,LION TOWER,14.605694,120.969717,,2F,FIRE EXIT,,,,8,2025-06-27,ISP
MNL005 LP668 NP6,MNL005,LP668,NP6,MNL005 LP668,Orchard Building (City Square 2),MANILA,3,1,BARANGAY 7,,LION TOWER,14.605694,120.969717,,2F,FIRE EXIT,,,,8,2025-06-27,ISP
MNL005 LP668 NP7,MNL005,LP668,NP7,MNL005 LP668,Orchard Building (City Square 2),MANILA,3,1,BARANGAY 7,,LION TOWER,14.605694,120.969717,,2F,FIRE EXIT,,,,8,2025-06-27,ISP
MNL005 LP668 NP4,MNL005,LP668,NP4,MNL005 LP668,Orchard Building (City Square 2),MANILA,3,1,BARANGAY 7,,LION TOWER,14.605694,120.969717,,2F,FIRE EXIT,,,,8,2025-06-27,ISP
MNL001 LP25 NP3-4,MNL001,LP25,NP3-4,MNL001 LP25,Zen Tower,MANILA,3,1,BARANGAY 7,,,14.606397,120.969623,,,,,,,16,2015-07-27,OSP
MNL001 LP19 NP3-4,MNL001,LP19,NP3-4,MNL001 LP19,Zen Tower,MANILA,3,1,BARANGAY 7,,,14.605805,120.970306,,,,,,,16,2015-07-27,OSP
MNL003 LP171 NP3-4,MNL003,LP171,NP3-4,MNL003 LP171,City Square,MANILA,3,1,BARANGAY 70,,,14.61161008,120.9653693,,,,,,,16,2019-01-29,OSP
MNL003 LP171 NP5-6,MNL003,LP171,NP5-6,MNL003 LP171,City Square,MANILA,3,1,BARANGAY 70,,,14.61117139,120.9653017,,,,,,,16,2019-01-29,OSP
MNL003 LP172 NP3-4,MNL003,LP172,NP3-4,MNL003 LP172,City Square,MANILA,3,1,BARANGAY 70,,,14.6111542,120.9650332,,,,,,,16,2019-01-29,OSP
MNL003 LP172 NP5-6,MNL003,LP172,NP5-6,MNL003 LP172,City Square,MANILA,3,1,BARANGAY 70,,,14.61162843,120.9650524,,,,,,,16,2019-01-29,OSP
MNL003 LP173 NP7-8,MNL003,LP173,NP7-8,MNL003 LP173,City Square,MANILA,3,1,BARANGAY 70,,,14.61125249,120.964474,,,,,,,16,2019-01-29,OSP
MNL005 LP434 NP3-5,MNL005,LP434,NP3-5,MNL005 LP434,Orchard Building (City Square 2),MANILA,3,1,BARANGAY 70,,,14.611232,120.964664,,,,,,,24,2021-11-28,OSP
MNL005 LP434 NP6-8,MNL005,LP434,NP6-8,MNL005 LP434,Orchard Building (City Square 2),MANILA,3,1,BARANGAY 70,,,14.611233,120.964664,,,,,,,24,2021-11-28,OSP
MNL005 LP435 NP1-2,MNL005,LP435,NP1-2,MNL005 LP435,Orchard Building (City Square 2),MANILA,3,1,BARANGAY 70,,,14.611277,120.964452,,,,,,,16,2021-11-28,OSP
MNL005 LP435 NP3-5,MNL005,LP435,NP3-5,MNL005 LP435,Orchard Building (City Square 2),MANILA,3,1,BARANGAY 70,,,14.611278,120.964451,,,,,,,24,2021-11-28,OSP
MNL005 LP439 NP3-5,MNL005,LP439,NP3-5,MNL005 LP439,Orchard Building (City Square 2),MANILA,3,1,BARANGAY 70,,,14.611972,120.964406,,,,,,,24,2021-11-28,OSP
MNL005 LP434 NP1-2,MNL005,LP434,NP1-2,MNL005 LP434,Orchard Building (City Square 2),MANILA,3,1,BARANGAY 70,,,14.611232,120.964665,,,,,,,16,2021-11-28,OSP
MNL005 LP426 NP1-2,MNL005,LP426,NP1-2,MNL005 LP426,Orchard Building (City Square 2),MANILA,3,1,BARANGAY 70,,,14.611114,120.965301,,,,,,,16,2021-11-28,OSP
MNL005 LP426 NP3-5,MNL005,LP426,NP3-5,MNL005 LP426,Orchard Building (City Square 2),MANILA,3,1,BARANGAY 70,,,14.611195,120.964884,,,,,,,24,2021-11-28,OSP
MNL005 LP426 NP6-8,MNL005,LP426,NP6-8,MNL005 LP426,Orchard Building (City Square 2),MANILA,3,1,BARANGAY 70,,,14.611198,120.964885,,,,,,,24,2021-11-28,OSP
MNL005 LP427 NP1-2,MNL005,LP427,NP1-2,MNL005 LP427,Orchard Building (City Square 2),MANILA,3,1,BARANGAY 70,,,14.611166,120.965044,,,,,,,16,2021-11-28,OSP
MNL005 LP427 NP3-5,MNL005,LP427,NP3-5,MNL005 LP427,Orchard Building (City Square 2),MANILA,3,1,BARANGAY 70,,,14.611166,120.965047,,,,,,,24,2021-11-28,OSP
MNL005 LP444 NP3-5,MNL005,LP444,NP3-5,MNL005 LP444,Orchard Building (City Square 2),MANILA,3,1,BARANGAY 70,,,14.611488,120.965332,,,,,,,24,2021-11-28,OSP
MNL005 LP444 NP6-8,MNL005,LP444,NP6-8,MNL005 LP444,Orchard Building (City Square 2),MANILA,3,1,BARANGAY 70,,,14.611489,120.965331,,,,,,,24,2021-11-28,OSP
MNL005 LP441 NP1-2,MNL005,LP441,NP1-2,MNL005 LP441,Orchard Building (City Square 2),MANILA,3,1,BARANGAY 70,,,14.611953,120.964576,,,,,,,16,2021-11-28,OSP
MNL005 LP441 NP3-5,MNL005,LP441,NP3-5,MNL005 LP441,Orchard Building (City Square 2),MANILA,3,1,BARANGAY 70,,,14.611952,120.964577,,,,,,,24,2021-11-28,OSP
MNL005 LP441 NP6-8,MNL005,LP441,NP6-8,MNL005 LP441,Orchard Building (City Square 2),MANILA,3,1,BARANGAY 70,,,14.611925,120.96479,,,,,,,24,2021-11-28,OSP
MNL005 LP442 NP1-2,MNL005,LP442,NP1-2,MNL005 LP442,Orchard Building (City Square 2),MANILA,3,1,BARANGAY 70,,,14.611888,120.965044,,,,,,,16,2021-11-28,OSP
MNL005 LP442 NP3-5,MNL005,LP442,NP3-5,MNL005 LP442,Orchard Building (City Square 2),MANILA,3,1,BARANGAY 70,,,14.611889,120.965045,,,,,,,24,2021-11-28,OSP
MNL005 LP442 NP6-8,MNL005,LP442,NP6-8,MNL005 LP442,Orchard Building (City Square 2),MANILA,3,1,BARANGAY 70,,,14.611888,120.965046,,,,,,,24,2021-11-28,OSP
MNL005 LP443 NP1-2,MNL005,LP443,NP1-2,MNL005 LP443,Orchard Building (City Square 2),MANILA,3,1,BARANGAY 70,,,14.611639,120.965026,,,,,,,16,2021-11-28,OSP
MNL005 LP443 NP3-5,MNL005,LP443,NP3-5,MNL005 LP443,Orchard Building (City Square 2),MANILA,3,1,BARANGAY 70,,,14.611237,120.965015,,,,,,,24,2021-11-28,OSP
MNL005 LP443 NP6-8,MNL005,LP443,NP6-8,MNL005 LP443,Orchard Building (City Square 2),MANILA,3,1,BARANGAY 70,,,14.611239,120.965016,,,,,,,24,2021-11-28,OSP
MNL003 LP16 NP7-8,MNL003,LP16,NP7-8,MNL003 LP16,City Square,MANILA,3,1,BARANGAY 71,,,14.60997,120.966319,,,,,,,16,2017-11-27,OSP
MNL003 LP170 NP5-6,MNL003,LP170,NP5-6,MNL003 LP170,City Square,MANILA,3,1,BARANGAY 71,,,14.61153905,120.9660724,,,,,,,16,2019-01-29,OSP
MNL003 LP170 NP7-8,MNL003,LP170,NP7-8,MNL003 LP170,City Square,MANILA,3,1,BARANGAY 71,,,14.61187237,120.965841,,,,,,,16,2019-01-29,OSP
MNL003 LP171 NP1-2,MNL003,LP171,NP1-2,MNL003 LP171,City Square,MANILA,3,1,BARANGAY 71,,,14.61200674,120.9654062,,,,,,,16,2019-01-29,OSP
MNL003 LP172 NP7-8,MNL003,LP172,NP7-8,MNL003 LP172,City Square,MANILA,3,1,BARANGAY 71,,,14.61213844,120.9651049,,,,,,,16,2019-01-29,OSP
MNL003 LP173 NP1-2,MNL003,LP173,NP1-2,MNL003 LP173,City Square,MANILA,3,1,BARANGAY 71,,,14.61217128,120.9648712,,,,,,,16,2019-01-29,OSP
MNL003 LP167 NP7-8,MNL003,LP167,NP7-8,MNL003 LP167,City Square,MANILA,3,1,BARANGAY 71,,,14.61207764,120.966643,,,,,,,16,2019-01-29,OSP
MNL003 LP169 NP7-8,MNL003,LP169,NP7-8,MNL003 LP169,City Square,MANILA,3,1,BARANGAY 71,,,14.61052363,120.9665927,,,,,,,16,2019-01-29,OSP
MNL003 LP170 NP1-2,MNL003,LP170,NP1-2,MNL003 LP170,City Square,MANILA,3,1,BARANGAY 71,,,14.6103405,120.9662338,,,,,,,16,2019-01-29,OSP
MNL003 LP170 NP3-4,MNL003,LP170,NP3-4,MNL003 LP170,City Square,MANILA,3,1,BARANGAY 71,,,14.61095694,120.9661482,,,,,,,16,2019-01-29,OSP
MNL005 LP419 NP6-8,MNL005,LP419,NP6-8,MNL005 LP419,Orchard Building (City Square 2),MANILA,3,1,BARANGAY 71,,,14.610612,120.966196,,,,,,,24,2021-11-28,OSP
MNL005 LP420 NP1-2,MNL005,LP420,NP1-2,MNL005 LP420,Orchard Building (City Square 2),MANILA,3,1,BARANGAY 71,,,14.611036,120.965767,,,,,,,16,2021-11-28,OSP
MNL005 LP420 NP3-5,MNL005,LP420,NP3-5,MNL005 LP420,Orchard Building (City Square 2),MANILA,3,1,BARANGAY 71,,,14.611034,120.965767,,,,,,,24,2021-11-28,OSP
MNL005 LP420 NP6-8,MNL005,LP420,NP6-8,MNL005 LP420,Orchard Building (City Square 2),MANILA,3,1,BARANGAY 71,,,14.611087,120.965498,,,,,,,24,2021-11-28,OSP
MNL005 LP421 NP1-2,MNL005,LP421,NP1-2,MNL005 LP421,Orchard Building (City Square 2),MANILA,3,1,BARANGAY 71,,,14.611085,120.965501,,,,,,,16,2021-11-28,OSP
MNL005 LP418 NP1-2,MNL005,LP418,NP1-2,MNL005 LP418,Orchard Building (City Square 2),MANILA,3,1,BARANGAY 71,,,14.610148,120.966471,,,,,,,16,2021-11-28,OSP
MNL005 LP418 NP3-5,MNL005,LP418,NP3-5,MNL005 LP418,Orchard Building (City Square 2),MANILA,3,1,BARANGAY 71,,,14.610965,120.966538,,,,,,,24,2021-11-28,OSP
MNL005 LP418 NP6-8,MNL005,LP418,NP6-8,MNL005 LP418,Orchard Building (City Square 2),MANILA,3,1,BARANGAY 71,,,14.611319,120.966578,,,,,,,24,2021-11-28,OSP
MNL005 LP419 NP1-2,MNL005,LP419,NP1-2,MNL005 LP419,Orchard Building (City Square 2),MANILA,3,1,BARANGAY 71,,,14.610965,120.966156,,,,,,,16,2021-11-28,OSP
MNL005 LP419 NP3-5,MNL005,LP419,NP3-5,MNL005 LP419,Orchard Building (City Square 2),MANILA,3,1,BARANGAY 71,,,14.610791,120.966178,,,,,,,24,2021-11-28,OSP
MNL005 LP348 NP1-2,MNL005,LP348,NP1-2,MNL005 LP348,Orchard Building (City Square 2),MANILA,3,1,BARANGAY 71,,,14.61015,120.966553,,,,,,,16,2021-11-01,OSP
MNL005 LP348 NP3-5,MNL005,LP348,NP3-5,MNL005 LP348,Orchard Building (City Square 2),MANILA,3,1,BARANGAY 71,,,14.61015,120.966553,,,,,,,24,2021-11-01,OSP
MNL005 LP348 NP6-8,MNL005,LP348,NP6-8,MNL005 LP348,Orchard Building (City Square 2),MANILA,3,1,BARANGAY 71,,,14.610091,120.966261,,,,,,,24,2021-11-01,OSP
MNL005 LP349 NP1-2,MNL005,LP349,NP1-2,MNL005 LP349,Orchard Building (City Square 2),MANILA,3,1,BARANGAY 71,,,14.61005,120.965918,,,,,,,16,2021-11-01,OSP
MNL005 LP349 NP3-5,MNL005,LP349,NP3-5,MNL005 LP349,Orchard Building (City Square 2),MANILA,3,1,BARANGAY 71,,,14.610052,120.965918,,,,,,,24,2021-11-01,OSP
MNL005 LP445 NP1-2,MNL005,LP445,NP1-2,MNL005 LP445,Orchard Building (City Square 2),MANILA,3,1,BARANGAY 71,,,14.611881,120.965533,,,,,,,16,2021-11-28,OSP
MNL005 LP445 NP3-5,MNL005,LP445,NP3-5,MNL005 LP445,Orchard Building (City Square 2),MANILA,3,1,BARANGAY 71,,,14.611858,120.965701,,,,,,,24,2021-11-28,OSP
MNL005 LP445 NP6-8,MNL005,LP445,NP6-8,MNL005 LP445,Orchard Building (City Square 2),MANILA,3,1,BARANGAY 71,,,14.611859,120.9657,,,,,,,24,2021-11-28,OSP
MNL005 LP446 NP1-2,MNL005,LP446,NP1-2,MNL005 LP446,Orchard Building (City Square 2),MANILA,3,1,BARANGAY 71,,,14.611844,120.965874,,,,,,,16,2021-11-28,OSP
MNL005 LP446 NP3-5,MNL005,LP446,NP3-5,MNL005 LP446,Orchard Building (City Square 2),MANILA,3,1,BARANGAY 71,,,14.611792,120.966062,,,,,,,24,2021-11-28,OSP
MNL005 LP446 NP6-8,MNL005,LP446,NP6-8,MNL005 LP446,Orchard Building (City Square 2),MANILA,3,1,BARANGAY 71,,,14.61179,120.966062,,,,,,,24,2021-11-28,OSP
MNL005 LP447 NP1-2,MNL005,LP447,NP1-2,MNL005 LP447,Orchard Building (City Square 2),MANILA,3,1,BARANGAY 71,,,14.611539,120.966083,,,,,,,16,2021-11-28,OSP
MNL005 LP447 NP3-5,MNL005,LP447,NP3-5,MNL005 LP447,Orchard Building (City Square 2),MANILA,3,1,BARANGAY 71,,,14.611398,120.966097,,,,,,,24,2021-11-28,OSP
MNL005 LP447 NP6-8,MNL005,LP447,NP6-8,MNL005 LP447,Orchard Building (City Square 2),MANILA,3,1,BARANGAY 71,,,14.611223,120.966125,,,,,,,24,2021-11-28,OSP
MNL005 LP444 NP1-2,MNL005,LP444,NP1-2,MNL005 LP444,Orchard Building (City Square 2),MANILA,3,1,BARANGAY 71,,,14.612017,120.965384,,,,,,,16,2021-11-28,OSP
MNL045 LP434 NP3-5,MNL045,LP434,NP3-5,MNL045 LP434,Radial Road 10,MANILA,3,1,BARANGAY 71,,,14.612113,120.966652,,,,,,,24,2021-12-15,OSP
MNL003 LP179 NP1-2,MNL003,LP179,NP1-2,MNL003 LP179,City Square,MANILA,3,1,BARANGAY 72,,,14.61078468,120.9628825,,,,,,,16,2019-01-29,OSP
MNL003 LP177 NP1-2,MNL003,LP177,NP1-2,MNL003 LP177,City Square,MANILA,3,1,BARANGAY 72,,,14.61151789,120.9633372,,,,,,,16,2019-01-29,OSP
MNL003 LP177 NP3-4,MNL003,LP177,NP3-4,MNL003 LP177,City Square,MANILA,3,1,BARANGAY 72,,,14.61178754,120.9633441,,,,,,,16,2019-01-29,OSP
MNL003 LP177 NP7-8,MNL003,LP177,NP7-8,MNL003 LP177,City Square,MANILA,3,1,BARANGAY 72,,,14.61199277,120.9630412,,,,,,,16,2019-01-29,OSP
MNL003 LP178 NP1-2,MNL003,LP178,NP1-2,MNL003 LP178,City Square,MANILA,3,1,BARANGAY 72,,,14.61150608,120.9630883,,,,,,,16,2019-01-29,OSP
MNL003 LP178 NP3-4,MNL003,LP178,NP3-4,MNL003 LP178,City Square,MANILA,3,1,BARANGAY 72,,,14.61079863,120.9631497,,,,,,,16,2019-01-29,OSP
MNL003 LP178 NP5-6,MNL003,LP178,NP5-6,MNL003 LP178,City Square,MANILA,3,1,BARANGAY 72,,,14.61075139,120.9634266,,,,,,,16,2019-01-29,OSP
MNL003 LP178 NP7-8,MNL003,LP178,NP7-8,MNL003 LP178,City Square,MANILA,3,1,BARANGAY 72,,,14.61077636,120.9636062,,,,,,,16,2019-01-29,OSP
MNL003 LP395 NP3-4,MNL003,LP395,NP3-4,MNL003 LP395,City Square,MANILA,3,1,BARANGAY 72,,,14.609822,120.96332,,,,,,,16,2019-10-03,OSP
MNL003 LP395 NP5-6,MNL003,LP395,NP5-6,MNL003 LP395,City Square,MANILA,3,1,BARANGAY 72,,,14.609855,120.963642,,,,,,,16,2019-10-03,OSP
MNL005 LP355 NP6-8,MNL005,LP355,NP6-8,MNL005 LP355,Orchard Building (City Square 2),MANILA,3,1,BARANGAY 72,,,14.609821,120.963249,,,,,,,24,2021-11-01,OSP
MNL005 LP356 NP1-2,MNL005,LP356,NP1-2,MNL005 LP356,Orchard Building (City Square 2),MANILA,3,1,BARANGAY 72,,,14.60982,120.96325,,,,,,,16,2021-11-01,OSP
MNL005 LP354 NP6-8,MNL005,LP354,NP6-8,MNL005 LP354,Orchard Building (City Square 2),MANILA,3,1,BARANGAY 72,,,14.609858,120.963648,,,,,,,24,2021-11-01,OSP
MNL005 LP355 NP1-2,MNL005,LP355,NP1-2,MNL005 LP355,Orchard Building (City Square 2),MANILA,3,1,BARANGAY 72,,,14.609857,120.96365,,,,,,,16,2021-11-01,OSP
MNL005 LP355 NP3-5,MNL005,LP355,NP3-5,MNL005 LP355,Orchard Building (City Square 2),MANILA,3,1,BARANGAY 72,,,14.609858,120.963648,,,,,,,24,2021-11-01,OSP
MNL005 LP466 NP3-5,MNL005,LP466,NP3-5,MNL005 LP466,Orchard Building (City Square 2),MANILA,3,1,BARANGAY 72,,,14.6115,120.963089,,,,,,,24,2021-11-28,OSP
MNL005 LP460 NP1-2,MNL005,LP460,NP1-2,MNL005 LP460,Orchard Building (City Square 2),MANILA,3,1,BARANGAY 72,,,14.610779,120.963349,,,,,,,16,2021-11-28,OSP
MNL005 LP460 NP3-5,MNL005,LP460,NP3-5,MNL005 LP460,Orchard Building (City Square 2),MANILA,3,1,BARANGAY 72,,,14.610801,120.963149,,,,,,,24,2021-11-28,OSP
MNL005 LP460 NP6-8,MNL005,LP460,NP6-8,MNL005 LP460,Orchard Building (City Square 2),MANILA,3,1,BARANGAY 72,,,14.611038,120.9631,,,,,,,24,2021-11-28,OSP
MNL005 LP461 NP1-2,MNL005,LP461,NP1-2,MNL005 LP461,Orchard Building (City Square 2),MANILA,3,1,BARANGAY 72,,,14.611349,120.963557,,,,,,,16,2021-11-28,OSP
MNL005 LP461 NP3-5,MNL005,LP461,NP3-5,MNL005 LP461,Orchard Building (City Square 2),MANILA,3,1,BARANGAY 72,,,14.611076,120.963578,,,,,,,24,2021-11-28,OSP
MNL005 LP461 NP6-8,MNL005,LP461,NP6-8,MNL005 LP461,Orchard Building (City Square 2),MANILA,3,1,BARANGAY 72,,,14.611078,120.963577,,,,,,,24,2021-11-28,OSP
MNL005 LP462 NP1-2,MNL005,LP462,NP1-2,MNL005 LP462,Orchard Building (City Square 2),MANILA,3,1,BARANGAY 72,,,14.611525,120.963367,,,,,,,16,2021-11-28,OSP
MNL005 LP462 NP3-5,MNL005,LP462,NP3-5,MNL005 LP462,Orchard Building (City Square 2),MANILA,3,1,BARANGAY 72,,,14.611803,120.963335,,,,,,,24,2021-11-28,OSP
MNL005 LP462 NP6-8,MNL005,LP462,NP6-8,MNL005 LP462,Orchard Building (City Square 2),MANILA,3,1,BARANGAY 72,,,14.61198,120.963322,,,,,,,24,2021-11-28,OSP
MNL005 LP463 NP1-2,MNL005,LP463,NP1-2,MNL005 LP463,Orchard Building (City Square 2),MANILA,3,1,BARANGAY 72,,,14.611982,120.963322,,,,,,,16,2021-11-28,OSP
MNL005 LP463 NP3-5,MNL005,LP463,NP3-5,MNL005 LP463,Orchard Building (City Square 2),MANILA,3,1,BARANGAY 72,,,14.612203,120.963304,,,,,,,24,2021-11-28,OSP
MNL005 LP463 NP6-8,MNL005,LP463,NP6-8,MNL005 LP463,Orchard Building (City Square 2),MANILA,3,1,BARANGAY 72,,,14.612204,120.963303,,,,,,,24,2021-11-28,OSP
MNL005 LP456 NP1-2,MNL005,LP456,NP1-2,MNL005 LP456,Orchard Building (City Square 2),MANILA,3,1,BARANGAY 72,,,14.61141,120.963657,,,,,,,16,2021-11-28,OSP
MNL005 LP456 NP3-5,MNL005,LP456,NP3-5,MNL005 LP456,Orchard Building (City Square 2),MANILA,3,1,BARANGAY 72,,,14.611412,120.963659,,,,,,,24,2021-11-28,OSP
MNL005 LP456 NP6-8,MNL005,LP456,NP6-8,MNL005 LP456,Orchard Building (City Square 2),MANILA,3,1,BARANGAY 72,,,14.611196,120.963683,,,,,,,24,2021-11-28,OSP
MNL005 LP457 NP1-2,MNL005,LP457,NP1-2,MNL005 LP457,Orchard Building (City Square 2),MANILA,3,1,BARANGAY 72,,,14.611197,120.963684,,,,,,,16,2021-11-28,OSP
MNL005 LP457 NP3-5,MNL005,LP457,NP3-5,MNL005 LP457,Orchard Building (City Square 2),MANILA,3,1,BARANGAY 72,,,14.610802,120.963736,,,,,,,24,2021-11-28,OSP
MNL005 LP457 NP6-8,MNL005,LP457,NP6-8,MNL005 LP457,Orchard Building (City Square 2),MANILA,3,1,BARANGAY 72,,,14.610804,120.963737,,,,,,,24,2021-11-28,OSP
MNL005 LP458 NP1-2,MNL005,LP458,NP1-2,MNL005 LP458,Orchard Building (City Square 2),MANILA,3,1,BARANGAY 72,,,14.610788,120.963603,,,,,,,16,2021-11-28,OSP
MNL005 LP458 NP3-5,MNL005,LP458,NP3-5,MNL005 LP458,Orchard Building (City Square 2),MANILA,3,1,BARANGAY 72,,,14.61082,120.963539,,,,,,,24,2021-11-28,OSP
MNL005 LP458 NP6-8,MNL005,LP458,NP6-8,MNL005 LP458,Orchard Building (City Square 2),MANILA,3,1,BARANGAY 72,,,14.61082,120.963537,,,,,,,24,2021-11-28,OSP
MNL005 LP459 NP1-2,MNL005,LP459,NP1-2,MNL005 LP459,Orchard Building (City Square 2),MANILA,3,1,BARANGAY 72,,,14.610563,120.963527,,,,,,,16,2021-11-28,OSP
MNL005 LP459 NP3-5,MNL005,LP459,NP3-5,MNL005 LP459,Orchard Building (City Square 2),MANILA,3,1,BARANGAY 72,,,14.610344,120.963541,,,,,,,24,2021-11-28,OSP
MNL005 LP459 NP6-8,MNL005,LP459,NP6-8,MNL005 LP459,Orchard Building (City Square 2),MANILA,3,1,BARANGAY 72,,,14.610343,120.963538,,,,,,,24,2021-11-28,OSP
MNL003 LP174 NP7-8,MNL003,LP174,NP7-8,MNL003 LP174,City Square,MANILA,3,1,BARANGAY 73,,,14.61062473,120.9640899,,,,,,,16,2019-01-29,OSP
MNL003 LP174 NP5-6,MNL003,LP174,NP5-6,MNL003 LP174,City Square,MANILA,3,1,BARANGAY 73,,,14.610161,120.9641279,,,,,,,16,2019-01-29,OSP
MNL005 LP353 NP1-2,MNL005,LP353,NP1-2,MNL005 LP353,Orchard Building (City Square 2),MANILA,3,1,BARANGAY 73,,,14.609905,120.964162,,,,,,,16,2021-11-01,OSP
MNL005 LP353 NP3-5,MNL005,LP353,NP3-5,MNL005 LP353,Orchard Building (City Square 2),MANILA,3,1,BARANGAY 73,,,14.609906,120.964162,,,,,,,24,2021-11-01,OSP
MNL005 LP353 NP6-8,MNL005,LP353,NP6-8,MNL005 LP353,Orchard Building (City Square 2),MANILA,3,1,BARANGAY 73,,,14.609905,120.964162,,,,,,,24,2021-11-01,OSP
MNL005 LP354 NP1-2,MNL005,LP354,NP1-2,MNL005 LP354,Orchard Building (City Square 2),MANILA,3,1,BARANGAY 73,,,14.60987,120.963789,,,,,,,16,2021-11-01,OSP
MNL005 LP354 NP3-5,MNL005,LP354,NP3-5,MNL005 LP354,Orchard Building (City Square 2),MANILA,3,1,BARANGAY 73,,,14.60987,120.963789,,,,,,,24,2021-11-01,OSP
MNL005 LP450 NP1-2,MNL005,LP450,NP1-2,MNL005 LP450,Orchard Building (City Square 2),MANILA,3,1,BARANGAY 73,,,14.610958,120.964078,,,,,,,16,2021-11-28,OSP
MNL005 LP450 NP3-5,MNL005,LP450,NP3-5,MNL005 LP450,Orchard Building (City Square 2),MANILA,3,1,BARANGAY 73,,,14.611121,120.96406,,,,,,,24,2021-11-28,OSP
MNL005 LP450 NP6-8,MNL005,LP450,NP6-8,MNL005 LP450,Orchard Building (City Square 2),MANILA,3,1,BARANGAY 73,,,14.611119,120.964059,,,,,,,24,2021-11-28,OSP
MNL005 LP451 NP1-2,MNL005,LP451,NP1-2,MNL005 LP451,Orchard Building (City Square 2),MANILA,3,1,BARANGAY 73,,,14.611336,120.964074,,,,,,,16,2021-11-28,OSP
MNL005 LP448 NP1-2,MNL005,LP448,NP1-2,MNL005 LP448,Orchard Building (City Square 2),MANILA,3,1,BARANGAY 73,,,14.610177,120.964126,,,,,,,16,2021-11-28,OSP
MNL005 LP448 NP3-5,MNL005,LP448,NP3-5,MNL005 LP448,Orchard Building (City Square 2),MANILA,3,1,BARANGAY 73,,,14.610454,120.964138,,,,,,,24,2021-11-28,OSP
MNL005 LP448 NP6-8,MNL005,LP448,NP6-8,MNL005 LP448,Orchard Building (City Square 2),MANILA,3,1,BARANGAY 73,,,14.610454,120.964136,,,,,,,24,2021-11-28,OSP
MNL005 LP449 NP1-2,MNL005,LP449,NP1-2,MNL005 LP449,Orchard Building (City Square 2),MANILA,3,1,BARANGAY 73,,,14.610613,120.964098,,,,,,,16,2021-11-28,OSP
MNL005 LP449 NP3-5,MNL005,LP449,NP3-5,MNL005 LP449,Orchard Building (City Square 2),MANILA,3,1,BARANGAY 73,,,14.610776,120.964087,,,,,,,24,2021-11-28,OSP
MNL005 LP449 NP6-8,MNL005,LP449,NP6-8,MNL005 LP449,Orchard Building (City Square 2),MANILA,3,1,BARANGAY 73,,,14.610777,120.964087,,,,,,,24,2021-11-28,OSP
MNL003 LP166 NP3-4,MNL003,LP166,NP3-4,MNL003 LP166,City Square,MANILA,3,1,BARANGAY 74,,,14.61276974,120.9666845,,,,,,,16,2019-01-29,OSP
MNL003 LP18 NP3-4,MNL003,LP18,NP3-4,MNL003 LP18,City Square,MANILA,3,1,BARANGAY 74,,,14.613927,120.966373,,,,,,,16,2017-11-27,OSP
MNL003 LP236 NP3-4,MNL003,LP236,NP3-4,MNL003 LP236,City Square,MANILA,3,1,BARANGAY 74,,,14.6142657,120.9667479,,,,,,,16,2019-02-27,OSP
MNL003 LP236 NP5-6,MNL003,LP236,NP5-6,MNL003 LP236,City Square,MANILA,3,1,BARANGAY 74,,,14.61387744,120.9667428,,,,,,,16,2019-02-27,OSP
MNL003 LP236 NP7-8,MNL003,LP236,NP7-8,MNL003 LP236,City Square,MANILA,3,1,BARANGAY 74,,,14.6134856,120.9667426,,,,,,,16,2019-02-27,OSP
MNL003 LP237 NP1-2,MNL003,LP237,NP1-2,MNL003 LP237,City Square,MANILA,3,1,BARANGAY 74,,,14.61313526,120.9667227,,,,,,,16,2019-02-27,OSP
MNL003 LP237 NP3-4,MNL003,LP237,NP3-4,MNL003 LP237,City Square,MANILA,3,1,BARANGAY 74,,,14.61323184,120.9664193,,,,,,,16,2019-02-27,OSP
MNL003 LP237 NP5-6,MNL003,LP237,NP5-6,MNL003 LP237,City Square,MANILA,3,1,BARANGAY 74,,,14.61354467,120.9664262,,,,,,,16,2019-02-27,OSP
MNL003 LP237 NP7-8,MNL003,LP237,NP7-8,MNL003 LP237,City Square,MANILA,3,1,BARANGAY 74,,,14.61396061,120.9664007,,,,,,,16,2019-02-27,OSP
MNL003 LP238 NP1-2,MNL003,LP238,NP1-2,MNL003 LP238,City Square,MANILA,3,1,BARANGAY 74,,,14.61440195,120.9664035,,,,,,,16,2019-02-27,OSP
MNL003 LP167 NP5-6,MNL003,LP167,NP5-6,MNL003 LP167,City Square,MANILA,3,1,BARANGAY 74,,,14.6123898,120.966669,,,,,,,16,2019-01-29,OSP
MNL003 LP17 NP5-6,MNL003,LP17,NP5-6,MNL003 LP17,City Square,MANILA,3,1,BARANGAY 74,,,14.613196,120.966383,,,,,,,16,2017-11-27,OSP
MNL045 LP58 NP1-2,MNL045,LP58,NP1-2,MNL045 LP58,Radial Road 10,MANILA,3,1,BARANGAY 74,,,14.613033,120.965959,,,,,,,16,2021-08-30,OSP
MNL045 LP58 NP3-4,MNL045,LP58,NP3-4,MNL045 LP58,Radial Road 10,MANILA,3,1,BARANGAY 74,,,14.613032,120.965956,,,,,,,16,2021-08-30,OSP
MNL045 LP430 NP6-8,MNL045,LP430,NP6-8,MNL045 LP430,Radial Road 10,MANILA,3,1,BARANGAY 74,,,14.612883,120.966408,,,,,,,24,2021-12-15,OSP
MNL045 LP431 NP1-2,MNL045,LP431,NP1-2,MNL045 LP431,Radial Road 10,MANILA,3,1,BARANGAY 74,,,14.612471,120.966423,,,,,,,16,2021-12-15,OSP
MNL045 LP53 NP3-4-5,MNL045,LP53,NP3-4-5,MNL045 LP53,Radial Road 10,MANILA,3,1,BARANGAY 74,,,14.614368,120.965947,,,,,,,24,2021-08-30,OSP
MNL045 LP426 NP6-8,MNL045,LP426,NP6-8,MNL045 LP426,Radial Road 10,MANILA,3,1,BARANGAY 74,,,14.613599,120.966404,,,,,,,24,2021-12-15,OSP
MNL045 LP427 NP1-2,MNL045,LP427,NP1-2,MNL045 LP427,Radial Road 10,MANILA,3,1,BARANGAY 74,,,14.613254,120.966426,,,,,,,16,2021-12-15,OSP
MNL045 LP427 NP3-5,MNL045,LP427,NP3-5,MNL045 LP427,Radial Road 10,MANILA,3,1,BARANGAY 74,,,14.613177,120.966728,,,,,,,24,2021-12-15,OSP
MNL045 LP416 NP1-2,MNL045,LP416,NP1-2,MNL045 LP416,Radial Road 10,MANILA,3,1,BARANGAY 74,,,14.614249,120.966771,,,,,,,16,2021-12-15,OSP
MNL045 LP416 NP3-5,MNL045,LP416,NP3-5,MNL045 LP416,Radial Road 10,MANILA,3,1,BARANGAY 74,,,14.614241,120.966765,,,,,,,24,2021-12-15,OSP
MNL045 LP416 NP6-8,MNL045,LP416,NP6-8,MNL045 LP416,Radial Road 10,MANILA,3,1,BARANGAY 74,,,14.61424,120.966769,,,,,,,24,2021-12-15,OSP
MNL045 LP417 NP1-2,MNL045,LP417,NP1-2,MNL045 LP417,Radial Road 10,MANILA,3,1,BARANGAY 74,,,14.613894,120.966789,,,,,,,16,2021-12-15,OSP
MNL045 LP418 NP3-5,MNL045,LP418,NP3-5,MNL045 LP418,Radial Road 10,MANILA,3,1,BARANGAY 74,,,14.614483,120.966381,,,,,,,24,2021-12-15,OSP
MNL045 LP418 NP6-8,MNL045,LP418,NP6-8,MNL045 LP418,Radial Road 10,MANILA,3,1,BARANGAY 74,,,14.614005,120.966407,,,,,,,24,2021-12-15,OSP
MNL003 LP18 NP1-2,MNL003,LP18,NP1-2,MNL003 LP18,City Square,MANILA,3,1,BARANGAY 75,,,14.61347,120.967896,,,,,,,16,2017-11-27,OSP
MNL003 LP228 NP3-4,MNL003,LP228,NP3-4,MNL003 LP228,City Square,MANILA,3,1,BARANGAY 75,,,14.61320517,120.9677392,,,,,,,16,2019-02-27,OSP
MNL003 LP228 NP5-6,MNL003,LP228,NP5-6,MNL003 LP228,City Square,MANILA,3,1,BARANGAY 75,,,14.61291704,120.9676348,,,,,,,16,2019-02-27,OSP
MNL003 LP228 NP7-8,MNL003,LP228,NP7-8,MNL003 LP228,City Square,MANILA,3,1,BARANGAY 75,,,14.6125692,120.9675404,,,,,,,16,2019-02-27,OSP
MNL003 LP229 NP1-2,MNL003,LP229,NP1-2,MNL003 LP229,City Square,MANILA,3,1,BARANGAY 75,,,14.61354934,120.9678356,,,,,,,16,2019-02-27,OSP
MNL003 LP229 NP3-4,MNL003,LP229,NP3-4,MNL003 LP229,City Square,MANILA,3,1,BARANGAY 75,,,14.61382187,120.967956,,,,,,,16,2019-02-27,OSP
MNL003 LP229 NP5-6,MNL003,LP229,NP5-6,MNL003 LP229,City Square,MANILA,3,1,BARANGAY 75,,,14.61411955,120.9680393,,,,,,,16,2019-02-27,OSP
MNL045 LP430 NP1-2,MNL045,LP430,NP1-2,MNL045 LP430,Radial Road 10,MANILA,3,1,BARANGAY 75,,,14.612674,120.967202,,,,,,,16,2021-12-15,OSP
MNL045 LP430 NP3-5,MNL045,LP430,NP3-5,MNL045 LP430,Radial Road 10,MANILA,3,1,BARANGAY 75,,,14.612786,120.966788,,,,,,,24,2021-12-15,OSP
MNL045 LP431 NP3-5,MNL045,LP431,NP3-5,MNL045 LP431,Radial Road 10,MANILA,3,1,BARANGAY 75,,,14.61241,120.966926,,,,,,,24,2021-12-15,OSP
MNL045 LP431 NP6-8,MNL045,LP431,NP6-8,MNL045 LP431,Radial Road 10,MANILA,3,1,BARANGAY 75,,,14.612265,120.96743,,,,,,,24,2021-12-15,OSP
MNL045 LP426 NP1-2,MNL045,LP426,NP1-2,MNL045 LP426,Radial Road 10,MANILA,3,1,BARANGAY 75,,,14.613355,120.967285,,,,,,,16,2021-12-15,OSP
MNL045 LP426 NP3-5,MNL045,LP426,NP3-5,MNL045 LP426,Radial Road 10,MANILA,3,1,BARANGAY 75,,,14.613431,120.967013,,,,,,,24,2021-12-15,OSP
MNL045 LP427 NP6-8,MNL045,LP427,NP6-8,MNL045 LP427,Radial Road 10,MANILA,3,1,BARANGAY 75,,,14.612994,120.967391,,,,,,,24,2021-12-15,OSP
MNL045 LP420 NP1-2,MNL045,LP420,NP1-2,MNL045 LP420,Radial Road 10,MANILA,3,1,BARANGAY 75,,,14.613879,120.967959,,,,,,,16,2021-12-15,OSP
MNL045 LP420 NP3-5,MNL045,LP420,NP3-5,MNL045 LP420,Radial Road 10,MANILA,3,1,BARANGAY 75,,,14.614062,120.968016,,,,,,,24,2021-12-15,OSP
MNL045 LP417 NP3-5,MNL045,LP417,NP3-5,MNL045 LP417,Radial Road 10,MANILA,3,1,BARANGAY 75,,,14.6138,120.967111,,,,,,,24,2021-12-15,OSP
MNL045 LP417 NP6-8,MNL045,LP417,NP6-8,MNL045 LP417,Radial Road 10,MANILA,3,1,BARANGAY 75,,,14.613974,120.967187,,,,,,,24,2021-12-15,OSP
MNL045 LP419 NP1-2,MNL045,LP419,NP1-2,MNL045 LP419,Radial Road 10,MANILA,3,1,BARANGAY 75,,,14.613689,120.96751,,,,,,,16,2021-12-15,OSP
MNL045 LP419 NP3-5,MNL045,LP419,NP3-5,MNL045 LP419,Radial Road 10,MANILA,3,1,BARANGAY 75,,,14.613598,120.967858,,,,,,,24,2021-12-15,OSP
MNL045 LP419 NP6-8,MNL045,LP419,NP6-8,MNL045 LP419,Radial Road 10,MANILA,3,1,BARANGAY 75,,,14.613594,120.967861,,,,,,,24,2021-12-15,OSP
MNL003 LP18 NP5-6,MNL003,LP18,NP5-6,MNL003 LP18,City Square,MANILA,3,1,BARANGAY 76,,,14.614891,120.96687,,,,,,,16,2017-11-27,OSP
MNL003 LP18 NP7-8,MNL003,LP18,NP7-8,MNL003 LP18,City Square,MANILA,3,1,BARANGAY 76,,,14.614461,120.968222,,,,,,,16,2017-11-27,OSP
MNL003 LP229 NP7-8,MNL003,LP229,NP7-8,MNL003 LP229,City Square,MANILA,3,1,BARANGAY 76,,,14.61453486,120.9681577,,,,,,,16,2019-02-27,OSP
MNL003 LP230 NP1-2,MNL003,LP230,NP1-2,MNL003 LP230,City Square,MANILA,3,1,BARANGAY 76,,,14.61490083,120.9682703,,,,,,,16,2019-02-27,OSP
MNL036 LP86 NP5-6,MNL036,LP86,NP5-6,MNL036 LP86,Juan Luna/ Solis,MANILA,3,1,BARANGAY 76,,,14.615003,120.967953,,,,,,,16,2020-07-30,OSP
MNL036 LP86 NP7-8,MNL036,LP86,NP7-8,MNL036 LP86,Juan Luna/ Solis,MANILA,3,1,BARANGAY 76,,,14.615207,120.967296,,,,,,,16,2020-07-30,OSP
MNL036 LP87 NP1-2,MNL036,LP87,NP1-2,MNL036 LP87,Juan Luna/ Solis,MANILA,3,1,BARANGAY 76,,,14.614883,120.967121,,,,,,,16,2020-07-30,OSP
MNL036 LP87 NP3-4,MNL036,LP87,NP3-4,MNL036 LP87,Juan Luna/ Solis,MANILA,3,1,BARANGAY 76,,,14.614654,120.967868,,,,,,,16,2020-07-30,OSP
MNL045 LP390 NP1-2,MNL045,LP390,NP1-2,MNL045 LP390,Radial Road 10,MANILA,3,1,BARANGAY 76,,,14.615207,120.967334,,,,,,,16,2021-12-15,OSP
MNL045 LP389 NP3-5,MNL045,LP389,NP3-5,MNL045 LP389,Radial Road 10,MANILA,3,1,BARANGAY 76,,,14.61491,120.968284,,,,,,,24,2021-12-15,OSP
MNL045 LP389 NP6-8,MNL045,LP389,NP6-8,MNL045 LP389,Radial Road 10,MANILA,3,1,BARANGAY 76,,,14.615124,120.967593,,,,,,,24,2021-12-15,OSP
MNL045 LP422 NP1-2,MNL045,LP422,NP1-2,MNL045 LP422,Radial Road 10,MANILA,3,1,BARANGAY 76,,,14.614251,120.968078,,,,,,,16,2021-12-15,OSP
MNL045 LP412 NP1-2,MNL045,LP412,NP1-2,MNL045 LP412,Radial Road 10,MANILA,3,1,BARANGAY 76,,,14.614649,120.967888,,,,,,,16,2021-12-15,OSP
MNL045 LP412 NP3-5,MNL045,LP412,NP3-5,MNL045 LP412,Radial Road 10,MANILA,3,1,BARANGAY 76,,,14.614753,120.967546,,,,,,,24,2021-12-15,OSP
MNL045 LP412 NP6-8,MNL045,LP412,NP6-8,MNL045 LP412,Radial Road 10,MANILA,3,1,BARANGAY 76,,,14.614757,120.967544,,,,,,,24,2021-12-15,OSP
MNL045 LP413 NP1-2,MNL045,LP413,NP1-2,MNL045 LP413,Radial Road 10,MANILA,3,1,BARANGAY 76,,,14.614798,120.967413,,,,,,,16,2021-12-15,OSP
MNL045 LP413 NP3-5,MNL045,LP413,NP3-5,MNL045 LP413,Radial Road 10,MANILA,3,1,BARANGAY 76,,,14.614801,120.967402,,,,,,,24,2021-12-15,OSP
MNL045 LP413 NP6-8,MNL045,LP413,NP6-8,MNL045 LP413,Radial Road 10,MANILA,3,1,BARANGAY 76,,,14.61489,120.967112,,,,,,,24,2021-12-15,OSP
MNL003 LP19 NP5-6,MNL003,LP19,NP5-6,MNL003 LP19,City Square,MANILA,3,1,BARANGAY 77,,,14.615905,120.967098,,,,,,,16,2017-11-27,OSP
MNL003 LP230 NP3-4,MNL003,LP230,NP3-4,MNL003 LP230,City Square,MANILA,3,1,BARANGAY 77,,,14.61518946,120.9683852,,,,,,,16,2019-02-27,OSP
MNL003 LP230 NP5-6,MNL003,LP230,NP5-6,MNL003 LP230,City Square,MANILA,3,1,BARANGAY 77,,,14.61550532,120.9684941,,,,,,,16,2019-02-27,OSP
MNL036 LP85 NP1-2,MNL036,LP85,NP1-2,MNL036 LP85,Juan Luna/ Solis,MANILA,3,1,BARANGAY 77,,,14.615546,120.967323,,,,,,,16,2020-07-30,OSP
MNL036 LP85 NP3-4,MNL036,LP85,NP3-4,MNL036 LP85,Juan Luna/ Solis,MANILA,3,1,BARANGAY 77,,,14.61534,120.968009,,,,,,,16,2020-07-30,OSP
MNL036 LP84 NP5-6,MNL036,LP84,NP5-6,MNL036 LP84,Juan Luna/ Solis,MANILA,3,1,BARANGAY 77,,,14.615654,120.968156,,,,,,,16,2020-07-30,OSP
MNL036 LP84 NP7-8,MNL036,LP84,NP7-8,MNL036 LP84,Juan Luna/ Solis,MANILA,3,1,BARANGAY 77,,,14.615888,120.967432,,,,,,,16,2020-07-30,OSP
MNL045 LP391 NP1-2,MNL045,LP391,NP1-2,MNL045 LP391,Radial Road 10,MANILA,3,1,BARANGAY 77,,,14.615621,120.967124,,,,,,,16,2021-12-15,OSP
MNL045 LP391 NP3-5,MNL045,LP391,NP3-5,MNL045 LP391,Radial Road 10,MANILA,3,1,BARANGAY 77,,,14.615537,120.967401,,,,,,,24,2021-12-15,OSP
MNL045 LP391 NP6-8,MNL045,LP391,NP6-8,MNL045 LP391,Radial Road 10,MANILA,3,1,BARANGAY 77,,,14.615339,120.968022,,,,,,,24,2021-12-15,OSP
MNL045 LP392 NP1-2,MNL045,LP392,NP1-2,MNL045 LP392,Radial Road 10,MANILA,3,1,BARANGAY 77,,,14.615224,120.968405,,,,,,,16,2021-12-15,OSP
MNL045 LP393 NP1-2,MNL045,LP393,NP1-2,MNL045 LP393,Radial Road 10,MANILA,3,1,BARANGAY 77,,,14.615553,120.968497,,,,,,,16,2021-12-15,OSP
MNL045 LP393 NP3-5,MNL045,LP393,NP3-5,MNL045 LP393,Radial Road 10,MANILA,3,1,BARANGAY 77,,,14.615769,120.967838,,,,,,,24,2021-12-15,OSP
MNL045 LP393 NP6-8,MNL045,LP393,NP6-8,MNL045 LP393,Radial Road 10,MANILA,3,1,BARANGAY 77,,,14.615887,120.967457,,,,,,,24,2021-12-15,OSP
MNL003 LP161 NP5-6,MNL003,LP161,NP5-6,MNL003 LP161,City Square,MANILA,3,1,BARANGAY 78,,,14.61384102,120.9692844,,,,,,,16,2019-01-29,OSP
MNL003 LP19 NP1-2,MNL003,LP19,NP1-2,MNL003 LP19,City Square,MANILA,3,1,BARANGAY 78,,,14.614439,120.969435,,,,,,,16,2017-11-27,OSP
MNL036 LP86 NP1-2,MNL036,LP86,NP1-2,MNL036 LP86,Juan Luna/ Solis,MANILA,3,1,BARANGAY 78,,,14.614614,120.969216,,,,,,,16,2020-07-30,OSP
MNL036 LP86 NP3-4,MNL036,LP86,NP3-4,MNL036 LP86,Juan Luna/ Solis,MANILA,3,1,BARANGAY 78,,,14.614779,120.968681,,,,,,,16,2020-07-30,OSP
MNL036 LP87 NP5-6,MNL036,LP87,NP5-6,MNL036 LP87,Juan Luna/ Solis,MANILA,3,1,BARANGAY 78,,,14.614457,120.968503,,,,,,,16,2020-07-30,OSP
MNL036 LP87 NP7-8,MNL036,LP87,NP7-8,MNL036 LP87,Juan Luna/ Solis,MANILA,3,1,BARANGAY 78,,,14.614291,120.969062,,,,,,,16,2020-07-30,OSP
MNL045 LP389 NP1-2,MNL045,LP389,NP1-2,MNL045 LP389,Radial Road 10,MANILA,3,1,BARANGAY 78,,,14.614709,120.968921,,,,,,,16,2021-12-15,OSP
MNL045 LP325 NP6-8,MNL045,LP325,NP6-8,MNL045 LP325,Radial Road 10,MANILA,3,1,BARANGAY 78,,,14.614562,120.969406,,,,,,,24,2021-12-16,OSP
MNL045 LP411 NP1-2,MNL045,LP411,NP1-2,MNL045 LP411,Radial Road 10,MANILA,3,1,BARANGAY 78,,,14.614296,120.969045,,,,,,,16,2021-12-15,OSP
MNL045 LP411 NP3-5,MNL045,LP411,NP3-5,MNL045 LP411,Radial Road 10,MANILA,3,1,BARANGAY 78,,,14.61438,120.968759,,,,,,,24,2021-12-15,OSP
MNL045 LP411 NP6-8,MNL045,LP411,NP6-8,MNL045 LP411,Radial Road 10,MANILA,3,1,BARANGAY 78,,,14.614458,120.968495,,,,,,,24,2021-12-15,OSP
MNL003 LP244 NP3-4,MNL003,LP244,NP3-4,MNL003 LP244,City Square,MANILA,3,1,BARANGAY 79,,,14.61571114,120.9647185,,,,,,,16,2019-02-27,OSP
MNL003 LP244 NP5-6,MNL003,LP244,NP5-6,MNL003 LP244,City Square,MANILA,3,1,BARANGAY 79,,,14.61566073,120.9651749,,,,,,,16,2019-02-27,OSP
MNL003 LP244 NP7-8,MNL003,LP244,NP7-8,MNL003 LP244,City Square,MANILA,3,1,BARANGAY 79,,,14.61572445,120.9659542,,,,,,,16,2019-02-27,OSP
MNL036 LP75 NP3-4,MNL036,LP75,NP3-4,MNL036 LP75,Juan Luna/ Solis,MANILA,3,1,BARANGAY 79,,,14.615663,120.965433,,,,,,,16,2020-07-30,OSP
MNL036 LP76 NP5-6,MNL036,LP76,NP5-6,MNL036 LP76,Juan Luna/ Solis,MANILA,3,1,BARANGAY 79,,,14.615952,120.96592,,,,,,,16,2020-07-30,OSP
MNL036 LP69 NP3-4,MNL036,LP69,NP3-4,MNL036 LP69,Juan Luna/ Solis,MANILA,3,1,BARANGAY 79,,,14.616202,120.964958,,,,,,,16,2020-07-30,OSP
MNL045 LP27 NP3-4-5,MNL045,LP27,NP3-4-5,MNL045 LP27,Radial Road 10,MANILA,3,1,BARANGAY 79,,,14.61572,120.964717,,,,,,,24,2021-08-30,OSP
MNL045 LP27 NP6-7-8,MNL045,LP27,NP6-7-8,MNL045 LP27,Radial Road 10,MANILA,3,1,BARANGAY 79,,,14.615722,120.964715,,,,,,,24,2021-08-30,OSP
MNL045 LP40 NP1-2,MNL045,LP40,NP1-2,MNL045 LP40,Radial Road 10,MANILA,3,1,BARANGAY 79,,,14.61572,120.965963,,,,,,,16,2021-08-30,OSP
MNL045 LP40 NP3-4,MNL045,LP40,NP3-4,MNL045 LP40,Radial Road 10,MANILA,3,1,BARANGAY 79,,,14.615716,120.965962,,,,,,,16,2021-08-30,OSP
MNL045 LP40 NP5-6,MNL045,LP40,NP5-6,MNL045 LP40,Radial Road 10,MANILA,3,1,BARANGAY 79,,,14.615684,120.965622,,,,,,,16,2021-08-30,OSP
MNL045 LP40 NP7-8,MNL045,LP40,NP7-8,MNL045 LP40,Radial Road 10,MANILA,3,1,BARANGAY 79,,,14.615684,120.965621,,,,,,,16,2021-08-30,OSP
MNL045 LP42 NP3-4-5,MNL045,LP42,NP3-4-5,MNL045 LP42,Radial Road 10,MANILA,3,1,BARANGAY 79,,,14.615708,120.96492,,,,,,,24,2021-08-30,OSP
MNL045 LP42 NP6-7-8,MNL045,LP42,NP6-7-8,MNL045 LP42,Radial Road 10,MANILA,3,1,BARANGAY 79,,,14.615709,120.964919,,,,,,,24,2021-08-30,OSP
MNL045 LP42 NP1-2,MNL045,LP42,NP1-2,MNL045 LP42,Radial Road 10,MANILA,3,1,BARANGAY 79,,,14.615669,120.965173,,,,,,,16,2021-08-30,OSP
MNL045 LP41 NP1-2,MNL045,LP41,NP1-2,MNL045 LP41,Radial Road 10,MANILA,3,1,BARANGAY 79,,,14.615658,120.965434,,,,,,,16,2021-08-30,OSP
MNL045 LP41 NP3-4-5,MNL045,LP41,NP3-4-5,MNL045 LP41,Radial Road 10,MANILA,3,1,BARANGAY 79,,,14.615658,120.965434,,,,,,,24,2021-08-30,OSP
MNL045 LP41 NP6-7-8,MNL045,LP41,NP6-7-8,MNL045 LP41,Radial Road 10,MANILA,3,1,BARANGAY 79,,,14.615668,120.965173,,,,,,,24,2021-08-30,OSP
MNL003 LP189 NP7-8,MNL003,LP189,NP7-8,MNL003 LP189,City Square,MANILA,3,1,BARANGAY 8,,,14.60793856,120.9693159,,,,,,,16,2019-01-30,OSP
MNL005 LP58 NP3-4,MNL005,LP58,NP3-4,MNL005 LP58,Orchard Building (City Square 2),MANILA,3,1,BARANGAY 8,,,14.607868,120.970819,,,,,,,16,2020-12-28,OSP
MNL005 LP58 NP5-6,MNL005,LP58,NP5-6,MNL005 LP58,Orchard Building (City Square 2),MANILA,3,1,BARANGAY 8,,,14.607737,120.970779,,,,,,,16,2020-12-28,OSP
MNL005 LP57 NP3-4,MNL005,LP57,NP3-4,MNL005 LP57,Orchard Building (City Square 2),MANILA,3,1,BARANGAY 8,,,14.608165,120.970943,,,,,,,16,2020-12-28,OSP
MNL005 LP57 NP5-6,MNL005,LP57,NP5-6,MNL005 LP57,Orchard Building (City Square 2),MANILA,3,1,BARANGAY 8,,,14.608238,120.970772,,,,,,,16,2020-12-28,OSP
MNL045 LP510 NP3-5,MNL045,LP510,NP3-5,MNL045 LP510,Radial Road 10,MANILA,3,1,BARANGAY 8,,,14.60818042,120.9709439,,,,,,,24,2022-03-10,OSP
MNL045 LP510 NP6-8,MNL045,LP510,NP6-8,MNL045 LP510,Radial Road 10,MANILA,3,1,BARANGAY 8,,,14.60822255,120.9708284,,,,,,,24,2022-03-10,OSP
MNL045 LP513 NP1-2,MNL045,LP513,NP1-2,MNL045 LP513,Radial Road 10,MANILA,3,1,BARANGAY 8,,,14.60784899,120.9709005,,,,,,,16,2022-03-10,OSP
MNL045 LP513 NP3-5,MNL045,LP513,NP3-5,MNL045 LP513,Radial Road 10,MANILA,3,1,BARANGAY 8,,,14.60784964,120.970898,,,,,,,24,2022-03-10,OSP
MNL045 LP513 NP6-8,MNL045,LP513,NP6-8,MNL045 LP513,Radial Road 10,MANILA,3,1,BARANGAY 8,,,14.60788649,120.9707532,,,,,,,24,2022-03-10,OSP
MNL003 LP245 NP5-6,MNL003,LP245,NP5-6,MNL003 LP245,City Square,MANILA,3,1,BARANGAY 80,,,14.61487903,120.9653317,,,,,,,16,2019-02-27,OSP
MNL003 LP245 NP7-8,MNL003,LP245,NP7-8,MNL003 LP245,City Square,MANILA,3,1,BARANGAY 80,,,14.61501838,120.9646682,,,,,,,16,2019-02-27,OSP
MNL036 LP76 NP1-2,MNL036,LP76,NP1-2,MNL036 LP76,Juan Luna/ Solis,MANILA,3,1,BARANGAY 80,,,14.614923,120.965074,,,,,,,16,2020-07-30,OSP
MNL036 LP76 NP3-4,MNL036,LP76,NP3-4,MNL036 LP76,Juan Luna/ Solis,MANILA,3,1,BARANGAY 80,,,14.614888,120.965584,,,,,,,16,2020-07-30,OSP
MNL045 LP46 NP1-2,MNL045,LP46,NP1-2,MNL045 LP46,Radial Road 10,MANILA,3,1,BARANGAY 80,,,14.614934,120.965082,,,,,,,16,2021-08-30,OSP
MNL045 LP46 NP3-4,MNL045,LP46,NP3-4,MNL045 LP46,Radial Road 10,MANILA,3,1,BARANGAY 80,,,14.614933,120.965079,,,,,,,16,2021-08-30,OSP
MNL045 LP45 NP1-2,MNL045,LP45,NP1-2,MNL045 LP45,Radial Road 10,MANILA,3,1,BARANGAY 80,,,14.614834,120.96535,,,,,,,16,2021-08-30,OSP
MNL045 LP45 NP3-4,MNL045,LP45,NP3-4,MNL045 LP45,Radial Road 10,MANILA,3,1,BARANGAY 80,,,14.614834,120.965351,,,,,,,16,2021-08-30,OSP
MNL045 LP45 NP5-6,MNL045,LP45,NP5-6,MNL045 LP45,Radial Road 10,MANILA,3,1,BARANGAY 80,,,14.614551,120.965366,,,,,,,16,2021-08-30,OSP
MNL045 LP45 NP7-8,MNL045,LP45,NP7-8,MNL045 LP45,Radial Road 10,MANILA,3,1,BARANGAY 80,,,14.614552,120.965366,,,,,,,16,2021-08-30,OSP
MNL045 LP44 NP7-8,MNL045,LP44,NP7-8,MNL045 LP44,Radial Road 10,MANILA,3,1,BARANGAY 80,,,14.614886,120.965401,,,,,,,16,2021-08-30,OSP
MNL045 LP44 NP3-4,MNL045,LP44,NP3-4,MNL045 LP44,Radial Road 10,MANILA,3,1,BARANGAY 80,,,14.614896,120.965632,,,,,,,16,2021-08-30,OSP
MNL045 LP44 NP5-6,MNL045,LP44,NP5-6,MNL045 LP44,Radial Road 10,MANILA,3,1,BARANGAY 80,,,14.614898,120.965632,,,,,,,16,2021-08-30,OSP
MNL003 LP235 NP3-4,MNL003,LP235,NP3-4,MNL003 LP235,City Square,MANILA,3,1,BARANGAY 81,,,14.61558838,120.9669254,,,,,,,16,2019-02-27,OSP
MNL003 LP235 NP5-6,MNL003,LP235,NP5-6,MNL003 LP235,City Square,MANILA,3,1,BARANGAY 81,,,14.61532076,120.9668174,,,,,,,16,2019-02-27,OSP
MNL003 LP235 NP7-8,MNL003,LP235,NP7-8,MNL003 LP235,City Square,MANILA,3,1,BARANGAY 81,,,14.61495884,120.9667818,,,,,,,16,2019-02-27,OSP
MNL003 LP236 NP1-2,MNL003,LP236,NP1-2,MNL003 LP236,City Square,MANILA,3,1,BARANGAY 81,,,14.6145858,120.9667494,,,,,,,16,2019-02-27,OSP
MNL003 LP238 NP3-4,MNL003,LP238,NP3-4,MNL003 LP238,City Square,MANILA,3,1,BARANGAY 81,,,14.61509896,120.9664026,,,,,,,16,2019-02-27,OSP
MNL003 LP238 NP5-6,MNL003,LP238,NP5-6,MNL003 LP238,City Square,MANILA,3,1,BARANGAY 81,,,14.61547962,120.9663914,,,,,,,16,2019-02-27,OSP
MNL003 LP238 NP7-8,MNL003,LP238,NP7-8,MNL003 LP238,City Square,MANILA,3,1,BARANGAY 81,,,14.61580262,120.9663323,,,,,,,16,2019-02-27,OSP
MNL003 LP239 NP1-2,MNL003,LP239,NP1-2,MNL003 LP239,City Square,MANILA,3,1,BARANGAY 81,,,14.61612555,120.9662868,,,,,,,16,2019-02-27,OSP
MNL003 LP245 NP1-2,MNL003,LP245,NP1-2,MNL003 LP245,City Square,MANILA,3,1,BARANGAY 81,,,14.61520582,120.9659324,,,,,,,16,2019-02-27,OSP
MNL045 LP398 NP1-2,MNL045,LP398,NP1-2,MNL045 LP398,Radial Road 10,MANILA,3,1,BARANGAY 81,,,14.615455,120.966545,,,,,,,16,2021-12-15,OSP
MNL045 LP398 NP3-5,MNL045,LP398,NP3-5,MNL045 LP398,Radial Road 10,MANILA,3,1,BARANGAY 81,,,14.615507,120.966369,,,,,,,24,2021-12-15,OSP
MNL045 LP390 NP3-5,MNL045,LP390,NP3-5,MNL045 LP390,Radial Road 10,MANILA,3,1,BARANGAY 81,,,14.615367,120.96684,,,,,,,24,2021-12-15,OSP
MNL045 LP390 NP6-8,MNL045,LP390,NP6-8,MNL045 LP390,Radial Road 10,MANILA,3,1,BARANGAY 81,,,14.615677,120.966931,,,,,,,24,2021-12-15,OSP
MNL045 LP44 NP1-2,MNL045,LP44,NP1-2,MNL045 LP44,Radial Road 10,MANILA,3,1,BARANGAY 81,,,14.61521,120.965936,,,,,,,16,2021-08-30,OSP
MNL045 LP43 NP6-7-8,MNL045,LP43,NP6-7-8,MNL045 LP43,Radial Road 10,MANILA,3,1,BARANGAY 81,,,14.615212,120.965937,,,,,,,24,2021-08-30,OSP
MNL045 LP43 NP1-2,MNL045,LP43,NP1-2,MNL045 LP43,Radial Road 10,MANILA,3,1,BARANGAY 81,,,14.615544,120.966001,,,,,,,16,2021-08-30,OSP
MNL045 LP43 NP3-4-5,MNL045,LP43,NP3-4-5,MNL045 LP43,Radial Road 10,MANILA,3,1,BARANGAY 81,,,14.615542,120.966001,,,,,,,24,2021-08-30,OSP
MNL045 LP414 NP6-8,MNL045,LP414,NP6-8,MNL045 LP414,Radial Road 10,MANILA,3,1,BARANGAY 81,,,14.615002,120.966783,,,,,,,24,2021-12-15,OSP
MNL045 LP415 NP1-2,MNL045,LP415,NP1-2,MNL045 LP415,Radial Road 10,MANILA,3,1,BARANGAY 81,,,14.614665,120.966796,,,,,,,16,2021-12-15,OSP
MNL045 LP415 NP3-5,MNL045,LP415,NP3-5,MNL045 LP415,Radial Road 10,MANILA,3,1,BARANGAY 81,,,14.614548,120.966792,,,,,,,24,2021-12-15,OSP
MNL045 LP415 NP6-8,MNL045,LP415,NP6-8,MNL045 LP415,Radial Road 10,MANILA,3,1,BARANGAY 81,,,14.614545,120.966794,,,,,,,24,2021-12-15,OSP
MNL045 LP418 NP1-2,MNL045,LP418,NP1-2,MNL045 LP418,Radial Road 10,MANILA,3,1,BARANGAY 81,,,14.615037,120.966358,,,,,,,16,2021-12-15,OSP
MNL045 LP414 NP1-2,MNL045,LP414,NP1-2,MNL045 LP414,Radial Road 10,MANILA,3,1,BARANGAY 81,,,14.614985,120.966793,,,,,,,16,2021-12-15,OSP
MNL045 LP414 NP3-5,MNL045,LP414,NP3-5,MNL045 LP414,Radial Road 10,MANILA,3,1,BARANGAY 81,,,14.614996,120.966788,,,,,,,24,2021-12-15,OSP
MNL003 LP234 NP5-6,MNL003,LP234,NP5-6,MNL003 LP234,City Square,MANILA,3,1,BARANGAY 82,,,14.6166531,120.9672468,,,,,,,16,2019-02-27,OSP
MNL003 LP234 NP7-8,MNL003,LP234,NP7-8,MNL003 LP234,City Square,MANILA,3,1,BARANGAY 82,,,14.61631852,120.9671501,,,,,,,16,2019-02-27,OSP
MNL003 LP235 NP1-2,MNL003,LP235,NP1-2,MNL003 LP235,City Square,MANILA,3,1,BARANGAY 82,,,14.61599793,120.9670405,,,,,,,16,2019-02-27,OSP
MNL003 LP239 NP5-6,MNL003,LP239,NP5-6,MNL003 LP239,City Square,MANILA,3,1,BARANGAY 82,,,14.61701383,120.966114,,,,,,,16,2019-02-27,OSP
MNL003 LP239 NP3-4,MNL003,LP239,NP3-4,MNL003 LP239,City Square,MANILA,3,1,BARANGAY 82,,,14.61658985,120.9662144,,,,,,,16,2019-02-27,OSP
MNL003 LP19 NP7-8,MNL003,LP19,NP7-8,MNL003 LP19,City Square,MANILA,3,1,BARANGAY 82,,,14.616963,120.966085,,,,,,,16,2017-11-27,OSP
MNL003 LP242 NP5-6,MNL003,LP242,NP5-6,MNL003 LP242,City Square,MANILA,3,1,BARANGAY 82,,,14.61717331,120.9657006,,,,,,,16,2019-02-27,OSP
MNL036 LP48 NP5-6,MNL036,LP48,NP5-6,MNL036 LP48,Juan Luna/ Solis,MANILA,3,1,BARANGAY 82,,,14.616731,120.967091,,,,,,,16,2020-07-30,OSP
MNL036 LP48 NP7-8,MNL036,LP48,NP7-8,MNL036 LP48,Juan Luna/ Solis,MANILA,3,1,BARANGAY 82,,,14.616908,120.966504,,,,,,,16,2020-07-30,OSP
MNL045 LP400 NP1-2,MNL045,LP400,NP1-2,MNL045 LP400,Radial Road 10,MANILA,3,1,BARANGAY 82,,,14.616914,120.96655,,,,,,,16,2021-12-15,OSP
MNL045 LP400 NP3-5,MNL045,LP400,NP3-5,MNL045 LP400,Radial Road 10,MANILA,3,1,BARANGAY 82,,,14.616862,120.966716,,,,,,,24,2021-12-15,OSP
MNL045 LP400 NP6-8,MNL045,LP400,NP6-8,MNL045 LP400,Radial Road 10,MANILA,3,1,BARANGAY 82,,,14.616765,120.967002,,,,,,,24,2021-12-15,OSP
MNL045 LP401 NP1-2,MNL045,LP401,NP1-2,MNL045 LP401,Radial Road 10,MANILA,3,1,BARANGAY 82,,,14.616695,120.967263,,,,,,,16,2021-12-15,OSP
MNL045 LP395 NP6-8,MNL045,LP395,NP6-8,MNL045 LP395,Radial Road 10,MANILA,3,1,BARANGAY 82,,,14.616169,120.966538,,,,,,,24,2021-12-15,OSP
MNL045 LP396 NP1-2,MNL045,LP396,NP1-2,MNL045 LP396,Radial Road 10,MANILA,3,1,BARANGAY 82,,,14.616397,120.966943,,,,,,,16,2021-12-15,OSP
MNL045 LP396 NP3-5,MNL045,LP396,NP3-5,MNL045 LP396,Radial Road 10,MANILA,3,1,BARANGAY 82,,,14.616398,120.966946,,,,,,,24,2021-12-15,OSP
MNL045 LP396 NP6-8,MNL045,LP396,NP6-8,MNL045 LP396,Radial Road 10,MANILA,3,1,BARANGAY 82,,,14.616453,120.966762,,,,,,,24,2021-12-15,OSP
MNL045 LP398 NP6-8,MNL045,LP398,NP6-8,MNL045 LP398,Radial Road 10,MANILA,3,1,BARANGAY 82,,,14.616182,120.966264,,,,,,,24,2021-12-15,OSP
MNL045 LP399 NP1-2,MNL045,LP399,NP1-2,MNL045 LP399,Radial Road 10,MANILA,3,1,BARANGAY 82,,,14.616405,120.966229,,,,,,,16,2021-12-15,OSP
MNL045 LP399 NP3-5,MNL045,LP399,NP3-5,MNL045 LP399,Radial Road 10,MANILA,3,1,BARANGAY 82,,,14.616594,120.96619,,,,,,,24,2021-12-15,OSP
MNL045 LP399 NP6-8,MNL045,LP399,NP6-8,MNL045 LP399,Radial Road 10,MANILA,3,1,BARANGAY 82,,,14.617054,120.966112,,,,,,,24,2021-12-15,OSP
MNL045 LP394 NP1-2,MNL045,LP394,NP1-2,MNL045 LP394,Radial Road 10,MANILA,3,1,BARANGAY 82,,,14.616022,120.967048,,,,,,,16,2021-12-15,OSP
MNL045 LP394 NP3-5,MNL045,LP394,NP3-5,MNL045 LP394,Radial Road 10,MANILA,3,1,BARANGAY 82,,,14.616341,120.967149,,,,,,,24,2021-12-15,OSP
MNL045 LP395 NP1-2,MNL045,LP395,NP1-2,MNL045 LP395,Radial Road 10,MANILA,3,1,BARANGAY 82,,,14.616111,120.966752,,,,,,,16,2021-12-15,OSP
MNL045 LP395 NP3-5,MNL045,LP395,NP3-5,MNL045 LP395,Radial Road 10,MANILA,3,1,BARANGAY 82,,,14.616116,120.966749,,,,,,,24,2021-12-15,OSP
MNL045 LP37 NP3-4-5,MNL045,LP37,NP3-4-5,MNL045 LP37,Radial Road 10,MANILA,3,1,BARANGAY 82,,,14.617173,120.965709,,,,,,,24,2021-08-30,OSP
MNL045 LP37 NP6-7-8,MNL045,LP37,NP6-7-8,MNL045 LP37,Radial Road 10,MANILA,3,1,BARANGAY 82,,,14.61717,120.965707,,,,,,,24,2021-08-30,OSP
MNL003 LP240 NP1-2,MNL003,LP240,NP1-2,MNL003 LP240,City Square,MANILA,3,1,BARANGAY 83,,,14.61818668,120.9659033,,,,,,,16,2019-02-27,OSP
MNL003 LP21 NP1-2,MNL003,LP21,NP1-2,MNL003 LP21,City Square,MANILA,3,1,BARANGAY 83,,,14.618599,120.965781,,,,,,,16,2017-11-27,OSP
MNL036 LP43 NP1-2,MNL036,LP43,NP1-2,MNL036 LP43,Juan Luna/ Solis,MANILA,3,1,BARANGAY 83,,,14.618049,120.966261,,,,,,,16,2020-07-30,OSP
MNL036 LP43 NP3-4,MNL036,LP43,NP3-4,MNL036 LP43,Juan Luna/ Solis,MANILA,3,1,BARANGAY 83,,,14.617802,120.967112,,,,,,,16,2020-07-30,OSP
MNL045 LP410 NP1-2,MNL045,LP410,NP1-2,MNL045 LP410,Radial Road 10,MANILA,3,1,BARANGAY 83,,,14.617753,120.967309,,,,,,,16,2021-12-15,OSP
MNL045 LP410 NP3-5,MNL045,LP410,NP3-5,MNL045 LP410,Radial Road 10,MANILA,3,1,BARANGAY 83,,,14.617952,120.966618,,,,,,,24,2021-12-15,OSP
MNL045 LP410 NP6-8,MNL045,LP410,NP6-8,MNL045 LP410,Radial Road 10,MANILA,3,1,BARANGAY 83,,,14.618202,120.965901,,,,,,,24,2021-12-15,OSP
MNL045 LP409 NP6-8,MNL045,LP409,NP6-8,MNL045 LP409,Radial Road 10,MANILA,3,1,BARANGAY 83,,,14.617682,120.967584,,,,,,,24,2021-12-15,OSP
MNL003 LP233 NP7-8,MNL003,LP233,NP7-8,MNL003 LP233,City Square,MANILA,3,1,BARANGAY 84,,,14.61761362,120.9675811,,,,,,,16,2019-02-27,OSP
MNL003 LP234 NP1-2,MNL003,LP234,NP1-2,MNL003 LP234,City Square,MANILA,3,1,BARANGAY 84,,,14.61734033,120.9674829,,,,,,,16,2019-02-27,OSP
MNL003 LP234 NP3-4,MNL003,LP234,NP3-4,MNL003 LP234,City Square,MANILA,3,1,BARANGAY 84,,,14.61698522,120.9673758,,,,,,,16,2019-02-27,OSP
MNL003 LP20 NP7-8,MNL003,LP20,NP7-8,MNL003 LP20,City Square,MANILA,3,1,BARANGAY 84,,,14.61722,120.967524,,,,,,,16,2017-11-27,OSP
MNL003 LP239 NP7-8,MNL003,LP239,NP7-8,MNL003 LP239,City Square,MANILA,3,1,BARANGAY 84,,,14.61737944,120.9660271,,,,,,,16,2019-02-27,OSP
MNL003 LP242 NP1-2,MNL003,LP242,NP1-2,MNL003 LP242,City Square,MANILA,3,1,BARANGAY 84,,,14.61781524,120.9659867,,,,,,,16,2019-02-27,OSP
MNL036 LP45 NP5-6,MNL036,LP45,NP5-6,MNL036 LP45,Juan Luna/ Solis,MANILA,3,1,BARANGAY 84,,,14.617481,120.967047,,,,,,,16,2020-07-30,OSP
MNL036 LP45 NP7-8,MNL036,LP45,NP7-8,MNL036 LP45,Juan Luna/ Solis,MANILA,3,1,BARANGAY 84,,,14.617683,120.966389,,,,,,,16,2020-07-30,OSP
MNL036 LP46 NP1-2,MNL036,LP46,NP1-2,MNL036 LP46,Juan Luna/ Solis,MANILA,3,1,BARANGAY 84,,,14.617268,120.966378,,,,,,,16,2020-07-30,OSP
MNL036 LP46 NP3-4,MNL036,LP46,NP3-4,MNL036 LP46,Juan Luna/ Solis,MANILA,3,1,BARANGAY 84,,,14.617093,120.967084,,,,,,,16,2020-07-30,OSP
MNL045 LP404 NP3-5,MNL045,LP404,NP3-5,MNL045 LP404,Radial Road 10,MANILA,3,1,BARANGAY 84,,,14.617014,120.967355,,,,,,,24,2021-12-15,OSP
MNL045 LP404 NP6-8,MNL045,LP404,NP6-8,MNL045 LP404,Radial Road 10,MANILA,3,1,BARANGAY 84,,,14.6171,120.967075,,,,,,,24,2021-12-15,OSP
MNL045 LP405 NP1-2,MNL045,LP405,NP1-2,MNL045 LP405,Radial Road 10,MANILA,3,1,BARANGAY 84,,,14.617188,120.966656,,,,,,,16,2021-12-15,OSP
MNL045 LP405 NP3-5,MNL045,LP405,NP3-5,MNL045 LP405,Radial Road 10,MANILA,3,1,BARANGAY 84,,,14.617408,120.966065,,,,,,,24,2021-12-15,OSP
MNL045 LP405 NP6-8,MNL045,LP405,NP6-8,MNL045 LP405,Radial Road 10,MANILA,3,1,BARANGAY 84,,,14.617806,120.965975,,,,,,,24,2021-12-15,OSP
MNL045 LP406 NP1-2,MNL045,LP406,NP1-2,MNL045 LP406,Radial Road 10,MANILA,3,1,BARANGAY 84,,,14.617657,120.966467,,,,,,,16,2021-12-15,OSP
MNL045 LP406 NP3-5,MNL045,LP406,NP3-5,MNL045 LP406,Radial Road 10,MANILA,3,1,BARANGAY 84,,,14.617593,120.966686,,,,,,,24,2021-12-15,OSP
MNL045 LP406 NP6-8,MNL045,LP406,NP6-8,MNL045 LP406,Radial Road 10,MANILA,3,1,BARANGAY 84,,,14.617489,120.967039,,,,,,,24,2021-12-15,OSP
MNL045 LP407 NP1-2,MNL045,LP407,NP1-2,MNL045 LP407,Radial Road 10,MANILA,3,1,BARANGAY 84,,,14.617363,120.967469,,,,,,,16,2021-12-15,OSP
MNL003 LP242 NP3-4,MNL003,LP242,NP3-4,MNL003 LP242,City Square,MANILA,3,1,BARANGAY 85,,,14.61795097,120.9655477,,,,,,,16,2019-02-27,OSP
MNL003 LP242 NP7-8,MNL003,LP242,NP7-8,MNL003 LP242,City Square,MANILA,3,1,BARANGAY 85,,,14.61627402,120.965854,,,,,,,16,2019-02-27,OSP
MNL003 LP243 NP1-2,MNL003,LP243,NP1-2,MNL003 LP243,City Square,MANILA,3,1,BARANGAY 85,,,14.61619282,120.9653349,,,,,,,16,2019-02-27,OSP
MNL003 LP243 NP3-4,MNL003,LP243,NP3-4,MNL003 LP243,City Square,MANILA,3,1,BARANGAY 85,,,14.6178264,120.9649362,,,,,,,16,2019-02-27,OSP
MNL003 LP243 NP5-6,MNL003,LP243,NP5-6,MNL003 LP243,City Square,MANILA,3,1,BARANGAY 85,,,14.6184013,120.964763,,,,,,,16,2019-02-27,OSP
MNL036 LP76 NP7-8,MNL036,LP76,NP7-8,MNL036 LP76,Juan Luna/ Solis,MANILA,3,1,BARANGAY 85,,,14.61681,120.965753,,,,,,,16,2020-07-30,OSP
MNL036 LP77 NP1-2,MNL036,LP77,NP1-2,MNL036 LP77,Juan Luna/ Solis,MANILA,3,1,BARANGAY 85,,,14.617641,120.965607,,,,,,,16,2020-07-30,OSP
MNL036 LP77 NP3-4,MNL036,LP77,NP3-4,MNL036 LP77,Juan Luna/ Solis,MANILA,3,1,BARANGAY 85,,,14.61824,120.965495,,,,,,,16,2020-07-30,OSP
MNL036 LP69 NP5-6,MNL036,LP69,NP5-6,MNL036 LP69,Juan Luna/ Solis,MANILA,3,1,BARANGAY 85,,,14.616196,120.965089,,,,,,,16,2020-07-30,OSP
MNL045 LP25 NP1-2,MNL045,LP25,NP1-2,MNL045 LP25,Radial Road 10,MANILA,3,1,BARANGAY 85,,,14.617672,120.964963,,,,,,,16,2021-08-30,OSP
MNL045 LP25 NP3-4-5,MNL045,LP25,NP3-4-5,MNL045 LP25,Radial Road 10,MANILA,3,1,BARANGAY 85,,,14.61725,120.965036,,,,,,,24,2021-08-30,OSP
MNL045 LP25 NP6-7-8,MNL045,LP25,NP6-7-8,MNL045 LP25,Radial Road 10,MANILA,3,1,BARANGAY 85,,,14.616343,120.964972,,,,,,,24,2021-08-30,OSP
MNL045 LP26 NP1-2,MNL045,LP26,NP1-2,MNL045 LP26,Radial Road 10,MANILA,3,1,BARANGAY 85,,,14.616338,120.964972,,,,,,,16,2021-08-30,OSP
MNL045 LP24 NP3-4-5,MNL045,LP24,NP3-4-5,MNL045 LP24,Radial Road 10,MANILA,3,1,BARANGAY 85,,,14.618244,120.96482,,,,,,,24,2021-08-30,OSP
MNL045 LP24 NP6-7-8,MNL045,LP24,NP6-7-8,MNL045 LP24,Radial Road 10,MANILA,3,1,BARANGAY 85,,,14.617828,120.964925,,,,,,,24,2021-08-30,OSP
MNL045 LP39 NP1-2,MNL045,LP39,NP1-2,MNL045 LP39,Radial Road 10,MANILA,3,1,BARANGAY 85,,,14.618318,120.965474,,,,,,,16,2021-08-30,OSP
MNL045 LP39 NP3-4,MNL045,LP39,NP3-4,MNL045 LP39,Radial Road 10,MANILA,3,1,BARANGAY 85,,,14.618318,120.965474,,,,,,,16,2021-08-30,OSP
MNL045 LP38 NP1-2,MNL045,LP38,NP1-2,MNL045 LP38,Radial Road 10,MANILA,3,1,BARANGAY 85,,,14.617618,120.965616,,,,,,,16,2021-08-30,OSP
MNL045 LP38 NP3-4,MNL045,LP38,NP3-4,MNL045 LP38,Radial Road 10,MANILA,3,1,BARANGAY 85,,,14.617618,120.965616,,,,,,,16,2021-08-30,OSP
MNL045 LP38 NP5-6,MNL045,LP38,NP5-6,MNL045 LP38,Radial Road 10,MANILA,3,1,BARANGAY 85,,,14.617825,120.965581,,,,,,,16,2021-08-30,OSP
MNL045 LP38 NP7-8,MNL045,LP38,NP7-8,MNL045 LP38,Radial Road 10,MANILA,3,1,BARANGAY 85,,,14.617827,120.965579,,,,,,,16,2021-08-30,OSP
MNL045 LP37 NP1-2,MNL045,LP37,NP1-2,MNL045 LP37,Radial Road 10,MANILA,3,1,BARANGAY 85,,,14.616535,120.96581,,,,,,,16,2021-08-30,OSP
MNL045 LP36 NP6-7-8,MNL045,LP36,NP6-7-8,MNL045 LP36,Radial Road 10,MANILA,3,1,BARANGAY 85,,,14.616279,120.965852,,,,,,,24,2021-08-30,OSP
MNL045 LP36 NP1-2,MNL045,LP36,NP1-2,MNL045 LP36,Radial Road 10,MANILA,3,1,BARANGAY 85,,,14.616196,120.965334,,,,,,,16,2021-08-30,OSP
MNL045 LP36 NP3-4-5,MNL045,LP36,NP3-4-5,MNL045 LP36,Radial Road 10,MANILA,3,1,BARANGAY 85,,,14.61623,120.96557,,,,,,,24,2021-08-30,OSP
MNL003 LP22 NP3-4,MNL003,LP22,NP3-4,MNL003 LP22,City Square,MANILA,3,1,BARANGAY 86,,,14.617284,120.970442,,,,,,,16,2017-11-27,OSP
MNL003 LP162 NP5-6,MNL003,LP162,NP5-6,MNL003 LP162,City Square,MANILA,3,1,BARANGAY 86,,,14.61648272,120.9702086,,,,,,,16,2019-01-29,OSP
MNL003 LP162 NP7-8,MNL003,LP162,NP7-8,MNL003 LP162,City Square,MANILA,3,1,BARANGAY 86,,,14.61695006,120.9703828,,,,,,,16,2019-01-29,OSP
MNL036 LP47 NP1-2,MNL036,LP47,NP1-2,MNL036 LP47,Juan Luna/ Solis,MANILA,3,1,BARANGAY 86,,,14.616456,120.969127,,,,,,,16,2020-07-30,OSP
MNL036 LP47 NP3-4,MNL036,LP47,NP3-4,MNL036 LP47,Juan Luna/ Solis,MANILA,3,1,BARANGAY 86,,,14.616264,120.969757,,,,,,,16,2020-07-30,OSP
MNL036 LP44 NP1-2,MNL036,LP44,NP1-2,MNL036 LP44,Juan Luna/ Solis,MANILA,3,1,BARANGAY 86,,,14.617164,120.969206,,,,,,,16,2020-07-30,OSP
MNL036 LP44 NP3-4,MNL036,LP44,NP3-4,MNL036 LP44,Juan Luna/ Solis,MANILA,3,1,BARANGAY 86,,,14.616783,120.969906,,,,,,,16,2020-07-30,OSP
MNL036 LP44 NP5-6,MNL036,LP44,NP5-6,MNL036 LP44,Juan Luna/ Solis,MANILA,3,1,BARANGAY 86,,,14.61663,120.969807,,,,,,,16,2020-07-30,OSP
MNL036 LP44 NP7-8,MNL036,LP44,NP7-8,MNL036 LP44,Juan Luna/ Solis,MANILA,3,1,BARANGAY 86,,,14.616836,120.969134,,,,,,,16,2020-07-30,OSP
MNL005 LP185 NP7-8,MNL005,LP185,NP7-8,MNL005 LP185,Orchard Building (City Square 2),MANILA,3,1,BARANGAY 86,,,14.616517,120.970216,,,,,,,16,2020-12-29,OSP
MNL045 LP402 NP6-8,MNL045,LP402,NP6-8,MNL045 LP402,Radial Road 10,MANILA,3,1,BARANGAY 86,,,14.616421,120.969261,,,,,,,24,2021-12-15,OSP
MNL045 LP323 NP6-8,MNL045,LP323,NP6-8,MNL045 LP323,Radial Road 10,MANILA,3,1,BARANGAY 86,,,14.617043,120.97032,,,,,,,24,2021-12-16,OSP
MNL045 LP324 NP1-2,MNL045,LP324,NP1-2,MNL045 LP324,Radial Road 10,MANILA,3,1,BARANGAY 86,,,14.616195,120.96999,,,,,,,16,2021-12-16,OSP
MNL045 LP408 NP1-2,MNL045,LP408,NP1-2,MNL045 LP408,Radial Road 10,MANILA,3,1,BARANGAY 86,,,14.616745,120.969411,,,,,,,16,2021-12-15,OSP
MNL045 LP408 NP3-5,MNL045,LP408,NP3-5,MNL045 LP408,Radial Road 10,MANILA,3,1,BARANGAY 86,,,14.617125,120.969273,,,,,,,24,2021-12-15,OSP
MNL003 LP22 NP1-2,MNL003,LP22,NP1-2,MNL003 LP22,City Square,MANILA,3,1,BARANGAY 87,,,14.617688,120.969098,,,,,,,16,2017-11-27,OSP
MNL003 LP231 NP3-4,MNL003,LP231,NP3-4,MNL003 LP231,City Square,MANILA,3,1,BARANGAY 87,,,14.61653612,120.9687829,,,,,,,16,2019-02-27,OSP
MNL003 LP231 NP5-6,MNL003,LP231,NP5-6,MNL003 LP231,City Square,MANILA,3,1,BARANGAY 87,,,14.61689105,120.9688381,,,,,,,16,2019-02-27,OSP
MNL003 LP231 NP7-8,MNL003,LP231,NP7-8,MNL003 LP231,City Square,MANILA,3,1,BARANGAY 87,,,14.61723421,120.9689383,,,,,,,16,2019-02-27,OSP
MNL003 LP232 NP1-2,MNL003,LP232,NP1-2,MNL003 LP232,City Square,MANILA,3,1,BARANGAY 87,,,14.61747455,120.9689718,,,,,,,16,2019-02-27,OSP
MNL003 LP20 NP5-6,MNL003,LP20,NP5-6,MNL003 LP20,City Square,MANILA,3,1,BARANGAY 87,,,14.616804,120.968898,,,,,,,16,2017-11-27,OSP
MNL036 LP46 NP5-6,MNL036,LP46,NP5-6,MNL036 LP46,Juan Luna/ Solis,MANILA,3,1,BARANGAY 87,,,14.616923,120.967631,,,,,,,16,2020-07-30,OSP
MNL036 LP46 NP7-8,MNL036,LP46,NP7-8,MNL036 LP46,Juan Luna/ Solis,MANILA,3,1,BARANGAY 87,,,14.61662,120.968595,,,,,,,16,2020-07-30,OSP
MNL036 LP43 NP5-6,MNL036,LP43,NP5-6,MNL036 LP43,Juan Luna/ Solis,MANILA,3,1,BARANGAY 87,,,14.617555,120.968063,,,,,,,16,2020-07-30,OSP
MNL036 LP43 NP7-8,MNL036,LP43,NP7-8,MNL036 LP43,Juan Luna/ Solis,MANILA,3,1,BARANGAY 87,,,14.617359,120.968702,,,,,,,16,2020-07-30,OSP
MNL036 LP45 NP1-2,MNL036,LP45,NP1-2,MNL036 LP45,Juan Luna/ Solis,MANILA,3,1,BARANGAY 87,,,14.616971,120.968688,,,,,,,16,2020-07-30,OSP
MNL036 LP45 NP3-4,MNL036,LP45,NP3-4,MNL036 LP45,Juan Luna/ Solis,MANILA,3,1,BARANGAY 87,,,14.617115,120.968247,,,,,,,16,2020-07-30,OSP
MNL045 LP403 NP1-2,MNL045,LP403,NP1-2,MNL045 LP403,Radial Road 10,MANILA,3,1,BARANGAY 87,,,14.616575,120.9688,,,,,,,16,2021-12-15,OSP
MNL045 LP403 NP3-5,MNL045,LP403,NP3-5,MNL045 LP403,Radial Road 10,MANILA,3,1,BARANGAY 87,,,14.616699,120.968396,,,,,,,24,2021-12-15,OSP
MNL045 LP403 NP6-8,MNL045,LP403,NP6-8,MNL045 LP403,Radial Road 10,MANILA,3,1,BARANGAY 87,,,14.616724,120.968298,,,,,,,24,2021-12-15,OSP
MNL045 LP404 NP1-2,MNL045,LP404,NP1-2,MNL045 LP404,Radial Road 10,MANILA,3,1,BARANGAY 87,,,14.616803,120.968027,,,,,,,16,2021-12-15,OSP
MNL045 LP407 NP3-5,MNL045,LP407,NP3-5,MNL045 LP407,Radial Road 10,MANILA,3,1,BARANGAY 87,,,14.617207,120.967925,,,,,,,24,2021-12-15,OSP
MNL045 LP407 NP6-8,MNL045,LP407,NP6-8,MNL045 LP407,Radial Road 10,MANILA,3,1,BARANGAY 87,,,14.617104,120.968256,,,,,,,24,2021-12-15,OSP
MNL045 LP408 NP6-8,MNL045,LP408,NP6-8,MNL045 LP408,Radial Road 10,MANILA,3,1,BARANGAY 87,,,14.617397,120.968575,,,,,,,24,2021-12-15,OSP
MNL045 LP409 NP1-2,MNL045,LP409,NP1-2,MNL045 LP409,Radial Road 10,MANILA,3,1,BARANGAY 87,,,14.617488,120.968273,,,,,,,16,2021-12-15,OSP
MNL045 LP409 NP3-5,MNL045,LP409,NP3-5,MNL045 LP409,Radial Road 10,MANILA,3,1,BARANGAY 87,,,14.617545,120.968059,,,,,,,24,2021-12-15,OSP
MNL003 LP161 NP7-8,MNL003,LP161,NP7-8,MNL003 LP161,City Square,MANILA,3,1,BARANGAY 88,,,14.61477796,120.9695964,,,,,,,16,2019-01-29,OSP
MNL003 LP162 NP1-2,MNL003,LP162,NP1-2,MNL003 LP162,City Square,MANILA,3,1,BARANGAY 88,,,14.61524489,120.9697593,,,,,,,16,2019-01-29,OSP
MNL003 LP19 NP3-4,MNL003,LP19,NP3-4,MNL003 LP19,City Square,MANILA,3,1,BARANGAY 88,,,14.615145,120.968452,,,,,,,16,2017-11-27,OSP
MNL036 LP85 NP5-6,MNL036,LP85,NP5-6,MNL036 LP85,Juan Luna/ Solis,MANILA,3,1,BARANGAY 88,,,14.61511,120.96872,,,,,,,16,2020-07-30,OSP
MNL036 LP85 NP7-8,MNL036,LP85,NP7-8,MNL036 LP85,Juan Luna/ Solis,MANILA,3,1,BARANGAY 88,,,14.614953,120.969236,,,,,,,16,2020-07-30,OSP
MNL036 LP84 NP1-2,MNL036,LP84,NP1-2,MNL036 LP84,Juan Luna/ Solis,MANILA,3,1,BARANGAY 88,,,14.615199,120.969612,,,,,,,16,2020-07-30,OSP
MNL036 LP84 NP3-4,MNL036,LP84,NP3-4,MNL036 LP84,Juan Luna/ Solis,MANILA,3,1,BARANGAY 88,,,14.615437,120.968814,,,,,,,16,2020-07-30,OSP
MNL005 LP185 NP3-4,MNL005,LP185,NP3-4,MNL005 LP185,Orchard Building (City Square 2),MANILA,3,1,BARANGAY 88,,,14.614782,120.96958,,,,,,,16,2020-12-29,OSP
MNL045 LP392 NP3-5,MNL045,LP392,NP3-5,MNL045 LP392,Radial Road 10,MANILA,3,1,BARANGAY 88,,,14.615052,120.968967,,,,,,,24,2021-12-15,OSP
MNL045 LP392 NP6-8,MNL045,LP392,NP6-8,MNL045 LP392,Radial Road 10,MANILA,3,1,BARANGAY 88,,,14.615457,120.968808,,,,,,,24,2021-12-15,OSP
MNL045 LP325 NP1-2,MNL045,LP325,NP1-2,MNL045 LP325,Radial Road 10,MANILA,3,1,BARANGAY 88,,,14.615144,120.969614,,,,,,,16,2021-12-16,OSP
MNL045 LP325 NP3-5,MNL045,LP325,NP3-5,MNL045 LP325,Radial Road 10,MANILA,3,1,BARANGAY 88,,,14.614886,120.96952,,,,,,,24,2021-12-16,OSP
MNL003 LP231 NP1-2,MNL003,LP231,NP1-2,MNL003 LP231,City Square,MANILA,3,1,BARANGAY 89,,,14.61620213,120.9687285,,,,,,,16,2019-02-27,OSP
MNL003 LP230 NP7-8,MNL003,LP230,NP7-8,MNL003 LP230,City Square,MANILA,3,1,BARANGAY 89,,,14.61584523,120.9686012,,,,,,,16,2019-02-27,OSP
MNL036 LP48 NP1-2,MNL036,LP48,NP1-2,MNL036 LP48,Juan Luna/ Solis,MANILA,3,1,BARANGAY 89,,,14.616332,120.968374,,,,,,,16,2020-07-30,OSP
MNL036 LP48 NP3-4,MNL036,LP48,NP3-4,MNL036 LP48,Juan Luna/ Solis,MANILA,3,1,BARANGAY 89,,,14.616555,120.967658,,,,,,,16,2020-07-30,OSP
MNL036 LP49 NP1-2,MNL036,LP49,NP1-2,MNL036 LP49,Juan Luna/ Solis,MANILA,3,1,BARANGAY 89,,,14.616204,120.967532,,,,,,,16,2020-07-30,OSP
MNL036 LP49 NP3-4,MNL036,LP49,NP3-4,MNL036 LP49,Juan Luna/ Solis,MANILA,3,1,BARANGAY 89,,,14.615937,120.968394,,,,,,,16,2020-07-30,OSP
MNL045 LP401 NP3-5,MNL045,LP401,NP3-5,MNL045 LP401,Radial Road 10,MANILA,3,1,BARANGAY 89,,,14.61646,120.968011,,,,,,,24,2021-12-15,OSP
MNL045 LP401 NP6-8,MNL045,LP401,NP6-8,MNL045 LP401,Radial Road 10,MANILA,3,1,BARANGAY 89,,,14.616392,120.968244,,,,,,,24,2021-12-15,OSP
MNL045 LP397 NP1-2,MNL045,LP397,NP1-2,MNL045 LP397,Radial Road 10,MANILA,3,1,BARANGAY 89,,,14.616004,120.968235,,,,,,,16,2021-12-15,OSP
MNL045 LP397 NP3-5,MNL045,LP397,NP3-5,MNL045 LP397,Radial Road 10,MANILA,3,1,BARANGAY 89,,,14.615893,120.968601,,,,,,,24,2021-12-15,OSP
MNL045 LP394 NP6-8,MNL045,LP394,NP6-8,MNL045 LP394,Radial Road 10,MANILA,3,1,BARANGAY 89,,,14.616133,120.967825,,,,,,,24,2021-12-15,OSP
MNL003 LP190 NP1-2,MNL003,LP190,NP1-2,MNL003 LP190,City Square,MANILA,3,1,BARANGAY 9,,,14.60738913,120.969548,,,,,,,16,2019-01-30,OSP
MNL003 LP190 NP3-4,MNL003,LP190,NP3-4,MNL003 LP190,City Square,MANILA,3,1,BARANGAY 9,,,14.60703645,120.9697501,,,,,,,16,2019-01-30,OSP
MNL005 LP232 NP1-2,MNL005,LP232,NP1-2,MNL005 LP232,Orchard Building (City Square 2),MANILA,3,1,BARANGAY 9,,,14.607401,120.969525,,,,,,,16,2021-09-25,OSP
MNL005 LP58 NP7-8,MNL005,LP58,NP7-8,MNL005 LP58,Orchard Building (City Square 2),MANILA,3,1,BARANGAY 9,,,14.607539,120.970729,,,,,,,16,2020-12-28,OSP
MNL005 LP648 NP1,MNL005,LP648,NP1,MNL005 LP648,Orchard Building (City Square 2),MANILA,3,1,BARANGAY 9,,THE ORCHARD TOWER RESIDENCES,14.606783,120.969516,,3F,EE ROOM,MNL005,,,,2022-12-18,ISP
MNL005 LP646 NP2-3,MNL005,LP646,NP2-3,MNL005 LP646,Orchard Building (City Square 2),MANILA,3,1,BARANGAY 9,,THE ORCHARD TOWER RESIDENCES,14.606783,120.969516,,3F,EE ROOM,MNL005,,,,2022-12-18,ISP
MNL005 LP647 NP4,MNL005,LP647,NP4,MNL005 LP647,Orchard Building (City Square 2),MANILA,3,1,BARANGAY 9,,THE ORCHARD TOWER RESIDENCES,14.606783,120.969516,,3F,EE ROOM,MNL005,,,,2022-12-18,ISP
MNL005 LP647 NP2,MNL005,LP647,NP2,MNL005 LP647,Orchard Building (City Square 2),MANILA,3,1,BARANGAY 9,,THE ORCHARD TOWER RESIDENCES,14.606783,120.969516,,3F,EE ROOM,MNL005,,,,2022-12-18,ISP
MNL005 LP648 NP4,MNL005,LP648,NP4,MNL005 LP648,Orchard Building (City Square 2),MANILA,3,1,BARANGAY 9,,THE ORCHARD TOWER RESIDENCES,14.606783,120.969516,,3F,EE ROOM,MNL005,,,,2022-12-18,ISP
MNL005 LP648 NP2-3,MNL005,LP648,NP2-3,MNL005 LP648,Orchard Building (City Square 2),MANILA,3,1,BARANGAY 9,,THE ORCHARD TOWER RESIDENCES,14.606783,120.969516,,3F,EE ROOM,MNL005,,,,2022-12-18,ISP
MNL005 LP646 NP4,MNL005,LP646,NP4,MNL005 LP646,Orchard Building (City Square 2),MANILA,3,1,BARANGAY 9,,THE ORCHARD TOWER RESIDENCES,14.606783,120.969516,,3F,EE ROOM,MNL005,,,,2022-12-18,ISP
MNL005 LP647 NP1,MNL005,LP647,NP1,MNL005 LP647,Orchard Building (City Square 2),MANILA,3,1,BARANGAY 9,,THE ORCHARD TOWER RESIDENCES,14.606783,120.969516,,3F,EE ROOM,MNL005,,,,2022-12-18,ISP
MNL005 LP647 NP3,MNL005,LP647,NP3,MNL005 LP647,Orchard Building (City Square 2),MANILA,3,1,BARANGAY 9,,THE ORCHARD TOWER RESIDENCES,14.606783,120.969516,,3F,EE ROOM,MNL005,,,,2022-12-18,ISP
MNL005 LP646 NP1,MNL005,LP646,NP1,MNL005 LP646,Orchard Building (City Square 2),MANILA,3,1,BARANGAY 9,,THE ORCHARD TOWER RESIDENCES,14.606783,120.969516,,3F,EE ROOM,MNL005,,,,2022-12-18,ISP
MNL045 LP517 NP1-2,MNL045,LP517,NP1-2,MNL045 LP517,Radial Road 10,MANILA,3,1,BARANGAY 9,,,14.6075259,120.9707965,,,,,,,16,2022-03-10,OSP
MNL045 LP517 NP3-5,MNL045,LP517,NP3-5,MNL045 LP517,Radial Road 10,MANILA,3,1,BARANGAY 9,,,14.60752541,120.9707953,,,,,,,24,2022-03-10,OSP
MNL045 LP517 NP6-8,MNL045,LP517,NP6-8,MNL045 LP517,Radial Road 10,MANILA,3,1,BARANGAY 9,,,14.6075743,120.9706204,,,,,,,24,2022-03-10,OSP
MNL001 LP20 NP1-2,MNL001,LP20,NP1-2,MNL001 LP20,Zen Tower,MANILA,3,1,BARANGAY 9,,,14.607368,120.96947,,,,,,,16,2015-07-27,OSP
MNL001 LP25 NP1-2,MNL001,LP25,NP1-2,MNL001 LP25,Zen Tower,MANILA,3,1,BARANGAY 9,,S&N BUILDING,14.606621,120.969652,MNL1P,GF,CONVERGE ROOM,,,,,2015-07-27,ISP
MNL003 LP20 NP1-2,MNL003,LP20,NP1-2,MNL003 LP20,City Square,MANILA,3,1,BARANGAY 90,,,14.616125,120.968745,,,,,,,16,2017-11-27,OSP
MNL003 LP20 NP3-4,MNL003,LP20,NP3-4,MNL003 LP20,City Square,MANILA,3,1,BARANGAY 90,,,14.615782,120.969917,,,,,,,16,2017-11-27,OSP
MNL036 LP47 NP5-6,MNL036,LP47,NP5-6,MNL036 LP47,Juan Luna/ Solis,MANILA,3,1,BARANGAY 90,,,14.615935,120.969672,,,,,,,16,2020-07-30,OSP
MNL036 LP47 NP7-8,MNL036,LP47,NP7-8,MNL036 LP47,Juan Luna/ Solis,MANILA,3,1,BARANGAY 90,,,14.616138,120.969011,,,,,,,16,2020-07-30,OSP
MNL036 LP49 NP5-6,MNL036,LP49,NP5-6,MNL036 LP49,Juan Luna/ Solis,MANILA,3,1,BARANGAY 90,,,14.615781,120.968916,,,,,,,16,2020-07-30,OSP
MNL036 LP49 NP7-8,MNL036,LP49,NP7-8,MNL036 LP49,Juan Luna/ Solis,MANILA,3,1,BARANGAY 90,,,14.615613,120.969486,,,,,,,16,2020-07-30,OSP
MNL005 LP185 NP5-6,MNL005,LP185,NP5-6,MNL005 LP185,Orchard Building (City Square 2),MANILA,3,1,BARANGAY 90,,,14.615633,120.969891,,,,,,,16,2020-12-29,OSP
MNL045 LP402 NP1-2,MNL045,LP402,NP1-2,MNL045 LP402,Radial Road 10,MANILA,3,1,BARANGAY 90,,,14.616239,120.968725,,,,,,,16,2021-12-15,OSP
MNL045 LP402 NP3-5,MNL045,LP402,NP3-5,MNL045 LP402,Radial Road 10,MANILA,3,1,BARANGAY 90,,,14.616108,120.969145,,,,,,,24,2021-12-15,OSP
MNL045 LP397 NP6-8,MNL045,LP397,NP6-8,MNL045 LP397,Radial Road 10,MANILA,3,1,BARANGAY 90,,,14.615708,120.969173,,,,,,,24,2021-12-15,OSP
MNL045 LP324 NP3-5,MNL045,LP324,NP3-5,MNL045 LP324,Radial Road 10,MANILA,3,1,BARANGAY 90,,,14.61581,120.96985,,,,,,,24,2021-12-16,OSP
MNL045 LP324 NP6-8,MNL045,LP324,NP6-8,MNL045 LP324,Radial Road 10,MANILA,3,1,BARANGAY 90,,,14.615532,120.969745,,,,,,,24,2021-12-16,OSP
MNL003 LP22 NP5-6,MNL003,LP22,NP5-6,MNL003 LP22,City Square,MANILA,3,1,BARANGAY 91,,,14.617553,120.969665,,,,,,,16,2020-08-07,OSP
MNL003 LP232 NP3-4,MNL003,LP232,NP3-4,MNL003 LP232,City Square,MANILA,3,1,BARANGAY 91,,,14.61823756,120.9692058,,,,,,,16,2019-02-27,OSP
MNL003 LP232 NP5-6,MNL003,LP232,NP5-6,MNL003 LP232,City Square,MANILA,3,1,BARANGAY 91,,,14.61851142,120.9691021,,,,,,,16,2019-02-27,OSP
MNL003 LP232 NP7-8,MNL003,LP232,NP7-8,MNL003 LP232,City Square,MANILA,3,1,BARANGAY 91,,,14.61880184,120.9688805,,,,,,,16,2019-02-27,OSP
MNL003 LP233 NP1-2,MNL003,LP233,NP1-2,MNL003 LP233,City Square,MANILA,3,1,BARANGAY 91,,,14.61885416,120.968638,,,,,,,16,2019-02-27,OSP
MNL003 LP233 NP3-4,MNL003,LP233,NP3-4,MNL003 LP233,City Square,MANILA,3,1,BARANGAY 91,,,14.61836498,120.9685221,,,,,,,16,2019-02-27,OSP
MNL003 LP233 NP5-6,MNL003,LP233,NP5-6,MNL003 LP233,City Square,MANILA,3,1,BARANGAY 91,,,14.61812619,120.9676585,,,,,,,16,2019-02-27,OSP
MNL003 LP241 NP1-2,MNL003,LP241,NP1-2,MNL003 LP241,City Square,MANILA,3,1,BARANGAY 91,,,14.61916899,120.9675642,,,,,,,16,2019-02-27,OSP
MNL003 LP241 NP7-8,MNL003,LP241,NP7-8,MNL003 LP241,City Square,MANILA,3,1,BARANGAY 91,,,14.619522,120.967789,,,,,,,16,2020-07-30,OSP
MNL003 LP22 NP7-8,MNL003,LP22,NP7-8,MNL003 LP22,City Square,MANILA,3,1,BARANGAY 91,,,14.617838,120.968737,,,,,,,16,2020-08-07,OSP
MNL036 LP142 NP3-4,MNL036,LP142,NP3-4,MNL036 LP142,Juan Luna/ Solis,MANILA,3,1,BARANGAY 91,,,14.617322,120.970392,,,,,,,16,2020-11-28,OSP
MNL036 LP142 NP5-6,MNL036,LP142,NP5-6,MNL036 LP142,Juan Luna/ Solis,MANILA,3,1,BARANGAY 91,,,14.617802,120.969132,,,,,,,16,2020-11-28,OSP
MNL036 LP142 NP7-8,MNL036,LP142,NP7-8,MNL036 LP142,Juan Luna/ Solis,MANILA,3,1,BARANGAY 91,,,14.618171,120.967762,,,,,,,16,2020-11-28,OSP
MNL036 LP11 NP5-6,MNL036,LP11,NP5-6,MNL036 LP11,Juan Luna/ Solis,MANILA,3,1,BARANGAY 91,,,14.6179,120.968743,,,,,,,16,2020-07-30,OSP
MNL036 LP17 NP1-2,MNL036,LP17,NP1-2,MNL036 LP17,Juan Luna/ Solis,MANILA,3,1,BARANGAY 91,,,14.618561,120.968427,,,,,,,16,2020-07-30,OSP
MNL036 LP17 NP3-4,MNL036,LP17,NP3-4,MNL036 LP17,Juan Luna/ Solis,MANILA,3,1,BARANGAY 91,,,14.618705,120.967936,,,,,,,16,2020-07-30,OSP
MNL036 LP16 NP1-2,MNL036,LP16,NP1-2,MNL036 LP16,Juan Luna/ Solis,MANILA,3,1,BARANGAY 91,,,14.619272,120.968912,,,,,,,16,2020-07-30,OSP
MNL036 LP16 NP3-4,MNL036,LP16,NP3-4,MNL036 LP16,Juan Luna/ Solis,MANILA,3,1,BARANGAY 91,,,14.619315,120.968574,,,,,,,16,2020-07-30,OSP
MNL036 LP16 NP5-6,MNL036,LP16,NP5-6,MNL036 LP16,Juan Luna/ Solis,MANILA,3,1,BARANGAY 91,,,14.619408,120.968226,,,,,,,16,2020-07-30,OSP
MNL036 LP16 NP7-8,MNL036,LP16,NP7-8,MNL036 LP16,Juan Luna/ Solis,MANILA,3,1,BARANGAY 91,,,14.619062,120.96807,,,,,,,16,2020-07-30,OSP
MNL045 LP370 NP1-2,MNL045,LP370,NP1-2,MNL045 LP370,Radial Road 10,MANILA,3,1,BARANGAY 91,,,14.618916,120.968601,,,,,,,16,2021-12-21,OSP
MNL045 LP370 NP3-5,MNL045,LP370,NP3-5,MNL045 LP370,Radial Road 10,MANILA,3,1,BARANGAY 91,,,14.619075,120.968009,,,,,,,24,2021-12-21,OSP
MNL045 LP370 NP6-8,MNL045,LP370,NP6-8,MNL045 LP370,Radial Road 10,MANILA,3,1,BARANGAY 91,,,14.618823,120.968897,,,,,,,24,2021-12-21,OSP
MNL045 LP371 NP1-2,MNL045,LP371,NP1-2,MNL045 LP371,Radial Road 10,MANILA,3,1,BARANGAY 91,,,14.618547,120.968832,,,,,,,16,2021-12-21,OSP
MNL045 LP371 NP3-5,MNL045,LP371,NP3-5,MNL045 LP371,Radial Road 10,MANILA,3,1,BARANGAY 91,,,14.618293,120.968787,,,,,,,24,2021-12-21,OSP
MNL045 LP371 NP6-8,MNL045,LP371,NP6-8,MNL045 LP371,Radial Road 10,MANILA,3,1,BARANGAY 91,,,14.618294,120.968787,,,,,,,24,2021-12-21,OSP
MNL045 LP365 NP3-5,MNL045,LP365,NP3-5,MNL045 LP365,Radial Road 10,MANILA,3,1,BARANGAY 91,,,14.618764,120.969023,,,,,,,24,2021-12-21,OSP
MNL045 LP365 NP6-8,MNL045,LP365,NP6-8,MNL045 LP365,Radial Road 10,MANILA,3,1,BARANGAY 91,,,14.618993,120.96897,,,,,,,24,2021-12-21,OSP
MNL045 LP366 NP1-2,MNL045,LP366,NP1-2,MNL045 LP366,Radial Road 10,MANILA,3,1,BARANGAY 91,,,14.619528,120.968717,,,,,,,16,2021-12-21,OSP
MNL045 LP366 NP3-5,MNL045,LP366,NP3-5,MNL045 LP366,Radial Road 10,MANILA,3,1,BARANGAY 91,,,14.619527,120.968717,,,,,,,24,2021-12-21,OSP
MNL045 LP366 NP6-8,MNL045,LP366,NP6-8,MNL045 LP366,Radial Road 10,MANILA,3,1,BARANGAY 91,,,14.619293,120.968569,,,,,,,24,2021-12-21,OSP
MNL045 LP367 NP1-2,MNL045,LP367,NP1-2,MNL045 LP367,Radial Road 10,MANILA,3,1,BARANGAY 91,,,14.619291,120.968568,,,,,,,16,2021-12-21,OSP
MNL045 LP367 NP3-5,MNL045,LP367,NP3-5,MNL045 LP367,Radial Road 10,MANILA,3,1,BARANGAY 91,,,14.619355,120.968368,,,,,,,24,2021-12-21,OSP
MNL045 LP367 NP6-8,MNL045,LP367,NP6-8,MNL045 LP367,Radial Road 10,MANILA,3,1,BARANGAY 91,,,14.619434,120.968096,,,,,,,24,2021-12-21,OSP
MNL045 LP368 NP1-2,MNL045,LP368,NP1-2,MNL045 LP368,Radial Road 10,MANILA,3,1,BARANGAY 91,,,14.619529,120.967771,,,,,,,16,2021-12-21,OSP
MNL045 LP369 NP3-5,MNL045,LP369,NP3-5,MNL045 LP369,Radial Road 10,MANILA,3,1,BARANGAY 91,,,14.618751,120.967988,,,,,,,24,2021-12-21,OSP
MNL045 LP369 NP6-8,MNL045,LP369,NP6-8,MNL045 LP369,Radial Road 10,MANILA,3,1,BARANGAY 91,,,14.618595,120.968444,,,,,,,24,2021-12-21,OSP
MNL045 LP365 NP1-2,MNL045,LP365,NP1-2,MNL045 LP365,Radial Road 10,MANILA,3,1,BARANGAY 91,,,14.618183,120.969192,,,,,,,16,2021-12-21,OSP
MNL045 LP321 NP6-8,MNL045,LP321,NP6-8,MNL045 LP321,Radial Road 10,MANILA,3,1,BARANGAY 91,,,14.618186,120.967756,,,,,,,24,2021-12-16,OSP
MNL045 LP322 NP1-2,MNL045,LP322,NP1-2,MNL045 LP322,Radial Road 10,MANILA,3,1,BARANGAY 91,,,14.618088,120.968103,,,,,,,16,2021-12-16,OSP
MNL045 LP322 NP3-5,MNL045,LP322,NP3-5,MNL045 LP322,Radial Road 10,MANILA,3,1,BARANGAY 91,,,14.618024,120.968342,,,,,,,24,2021-12-16,OSP
MNL045 LP322 NP6-8,MNL045,LP322,NP6-8,MNL045 LP322,Radial Road 10,MANILA,3,1,BARANGAY 91,,,14.617828,120.969051,,,,,,,24,2021-12-16,OSP
MNL045 LP323 NP1-2,MNL045,LP323,NP1-2,MNL045 LP323,Radial Road 10,MANILA,3,1,BARANGAY 91,,,14.617634,120.969342,,,,,,,16,2021-12-16,OSP
MNL045 LP323 NP3-5,MNL045,LP323,NP3-5,MNL045 LP323,Radial Road 10,MANILA,3,1,BARANGAY 91,,,14.617532,120.969684,,,,,,,24,2021-12-16,OSP
MNL003 LP240 NP3-4,MNL003,LP240,NP3-4,MNL003 LP240,City Square,MANILA,3,1,BARANGAY 92,,,14.61860149,120.9662003,,,,,,,16,2019-02-27,OSP
MNL003 LP240 NP5-6,MNL003,LP240,NP5-6,MNL003 LP240,City Square,MANILA,3,1,BARANGAY 92,,,14.61836391,120.9670628,,,,,,,16,2019-02-27,OSP
MNL003 LP240 NP7-8,MNL003,LP240,NP7-8,MNL003 LP240,City Square,MANILA,3,1,BARANGAY 92,,,14.61864521,120.9674422,,,,,,,16,2019-02-27,OSP
MNL003 LP241 NP3-4,MNL003,LP241,NP3-4,MNL003 LP241,City Square,MANILA,3,1,BARANGAY 92,,,14.61942306,120.9676119,,,,,,,16,2019-02-27,OSP
MNL003 LP140 NP5-6,MNL003,LP140,NP5-6,MNL003 LP140,City Square,MANILA,3,1,BARANGAY 92,,,14.61872349,120.9657687,,,,,,,16,2018-11-29,OSP
MNL003 LP21 NP3-4,MNL003,LP21,NP3-4,MNL003 LP21,City Square,MANILA,3,1,BARANGAY 92,,,14.618201,120.967311,,,,,,,16,2017-11-27,OSP
MNL036 LP12 NP1-2,MNL036,LP12,NP1-2,MNL036 LP12,Juan Luna/ Solis,MANILA,3,1,BARANGAY 92,,,14.618722,120.965813,,,,,,,16,2020-07-30,OSP
MNL036 LP11 NP7-8,MNL036,LP11,NP7-8,MNL036 LP11,Juan Luna/ Solis,MANILA,3,1,BARANGAY 92,,,14.618476,120.966661,,,,,,,16,2020-07-30,OSP
MNL036 LP19 NP3-4,MNL036,LP19,NP3-4,MNL036 LP19,Juan Luna/ Solis,MANILA,3,1,BARANGAY 92,,,14.619286,120.967286,,,,,,,16,2020-07-30,OSP
MNL036 LP19 NP1-2,MNL036,LP19,NP1-2,MNL036 LP19,Juan Luna/ Solis,MANILA,3,1,BARANGAY 92,,,14.619259,120.966796,,,,,,,16,2020-07-30,OSP
MNL036 LP18 NP1-2,MNL036,LP18,NP1-2,MNL036 LP18,Juan Luna/ Solis,MANILA,3,1,BARANGAY 92,,,14.618781,120.966755,,,,,,,16,2020-07-30,OSP
MNL036 LP18 NP3-4,MNL036,LP18,NP3-4,MNL036 LP18,Juan Luna/ Solis,MANILA,3,1,BARANGAY 92,,,14.618883,120.966376,,,,,,,16,2020-07-30,OSP
MNL036 LP18 NP7-8,MNL036,LP18,NP7-8,MNL036 LP18,Juan Luna/ Solis,MANILA,3,1,BARANGAY 92,,,14.619196,120.9657,,,,,,,16,2020-07-30,OSP
MNL005 LP141 NP3-4,MNL005,LP141,NP3-4,MNL005 LP141,Orchard Building (City Square 2),MANILA,3,1,BARANGAY 92,,,14.619233,120.965698,,,,,,,16,2021-08-30,OSP
MNL045 LP375 NP6-8,MNL045,LP375,NP6-8,MNL045 LP375,Radial Road 10,MANILA,3,1,BARANGAY 92,,,14.619276,120.966799,,,,,,,24,2021-12-21,OSP
MNL045 LP376 NP1-2,MNL045,LP376,NP1-2,MNL045 LP376,Radial Road 10,MANILA,3,1,BARANGAY 92,,,14.619291,120.967021,,,,,,,16,2021-12-21,OSP
MNL045 LP376 NP3-5,MNL045,LP376,NP3-5,MNL045 LP376,Radial Road 10,MANILA,3,1,BARANGAY 92,,,14.619288,120.96702,,,,,,,24,2021-12-21,OSP
MNL045 LP376 NP6-8,MNL045,LP376,NP6-8,MNL045 LP376,Radial Road 10,MANILA,3,1,BARANGAY 92,,,14.619307,120.967289,,,,,,,24,2021-12-21,OSP
MNL045 LP372 NP1-2,MNL045,LP372,NP1-2,MNL045 LP372,Radial Road 10,MANILA,3,1,BARANGAY 92,,,14.618437,120.967381,,,,,,,16,2021-12-21,OSP
MNL045 LP372 NP3-5,MNL045,LP372,NP3-5,MNL045 LP372,Radial Road 10,MANILA,3,1,BARANGAY 92,,,14.61876,120.966763,,,,,,,24,2021-12-21,OSP
MNL045 LP372 NP6-8,MNL045,LP372,NP6-8,MNL045 LP372,Radial Road 10,MANILA,3,1,BARANGAY 92,,,14.618873,120.966393,,,,,,,24,2021-12-21,OSP
MNL045 LP373 NP1-2,MNL045,LP373,NP1-2,MNL045 LP373,Radial Road 10,MANILA,3,1,BARANGAY 92,,,14.61894,120.96616,,,,,,,16,2021-12-21,OSP
MNL045 LP374 NP1-2,MNL045,LP374,NP1-2,MNL045 LP374,Radial Road 10,MANILA,3,1,BARANGAY 92,,,14.619219,120.965695,,,,,,,16,2021-12-21,OSP
MNL045 LP374 NP3-5,MNL045,LP374,NP3-5,MNL045 LP374,Radial Road 10,MANILA,3,1,BARANGAY 92,,,14.619233,120.966104,,,,,,,24,2021-12-21,OSP
MNL045 LP374 NP6-8,MNL045,LP374,NP6-8,MNL045 LP374,Radial Road 10,MANILA,3,1,BARANGAY 92,,,14.619232,120.966104,,,,,,,24,2021-12-21,OSP
MNL045 LP375 NP1-2,MNL045,LP375,NP1-2,MNL045 LP375,Radial Road 10,MANILA,3,1,BARANGAY 92,,,14.619258,120.966442,,,,,,,16,2021-12-21,OSP
MNL045 LP375 NP3-5,MNL045,LP375,NP3-5,MNL045 LP375,Radial Road 10,MANILA,3,1,BARANGAY 92,,,14.619277,120.966799,,,,,,,24,2021-12-21,OSP
MNL045 LP368 NP3-5,MNL045,LP368,NP3-5,MNL045 LP368,Radial Road 10,MANILA,3,1,BARANGAY 92,,,14.619507,120.967595,,,,,,,24,2021-12-21,OSP
MNL045 LP368 NP6-8,MNL045,LP368,NP6-8,MNL045 LP368,Radial Road 10,MANILA,3,1,BARANGAY 92,,,14.6192,120.967555,,,,,,,24,2021-12-21,OSP
MNL045 LP369 NP1-2,MNL045,LP369,NP1-2,MNL045 LP369,Radial Road 10,MANILA,3,1,BARANGAY 92,,,14.618887,120.967488,,,,,,,16,2021-12-21,OSP
MNL045 LP320 NP1-2,MNL045,LP320,NP1-2,MNL045 LP320,Radial Road 10,MANILA,3,1,BARANGAY 92,,,14.618646,120.966094,,,,,,,16,2021-12-16,OSP
MNL045 LP320 NP3-5,MNL045,LP320,NP3-5,MNL045 LP320,Radial Road 10,MANILA,3,1,BARANGAY 92,,,14.618582,120.966333,,,,,,,24,2021-12-16,OSP
MNL045 LP320 NP6-8,MNL045,LP320,NP6-8,MNL045 LP320,Radial Road 10,MANILA,3,1,BARANGAY 92,,,14.618492,120.966653,,,,,,,24,2021-12-16,OSP
MNL045 LP321 NP1-2,MNL045,LP321,NP1-2,MNL045 LP321,Radial Road 10,MANILA,3,1,BARANGAY 92,,,14.618415,120.966955,,,,,,,16,2021-12-16,OSP
MNL045 LP321 NP3-5,MNL045,LP321,NP3-5,MNL045 LP321,Radial Road 10,MANILA,3,1,BARANGAY 92,,,14.618297,120.96737,,,,,,,24,2021-12-16,OSP
MNL045 LP141 NP1-2,MNL045,LP141,NP1-2,MNL045 LP141,Radial Road 10,MANILA,3,1,BARANGAY 92,,,14.618738,120.965797,,,,MTF VELASQUEZ-H. LOPEZ BLVD.,,HERBOSA ST. COR. VELASQUEZ ST. CICTSI-NPT,16,2021-08-31,OSP
MNL045 LP141 NP3-4,MNL045,LP141,NP3-4,MNL045 LP141,Radial Road 10,MANILA,3,1,BARANGAY 92,,,14.619233,120.965698,,,,MTF VELASQUEZ-H. LOPEZ BLVD.,,1879 VELASQUEZ ST. CICTSI-NPT,16,2021-08-31,OSP
MNL003 LP241 NP5-6,MNL003,LP241,NP5-6,MNL003 LP241,City Square,MANILA,3,1,BARANGAY 93,,,14.619848,120.967637,,,,,,,16,2020-07-30,OSP
MNL003 LP140 NP3-4,MNL003,LP140,NP3-4,MNL003 LP140,City Square,MANILA,3,1,BARANGAY 93,,,14.6194805,120.965612,,,,,,,16,2018-11-29,OSP
MNL003 LP131 NP7-8,MNL003,LP131,NP7-8,MNL003 LP131,City Square,MANILA,3,1,BARANGAY 93,,,14.62081416,120.9653804,,,,,,,16,2018-11-29,OSP
MNL003 LP131 NP3-4,MNL003,LP131,NP3-4,MNL003 LP131,City Square,MANILA,3,1,BARANGAY 93,,,14.62067452,120.9664995,,,,,,,16,2018-11-29,OSP
MNL003 LP387 NP5-6,MNL003,LP387,NP5-6,MNL003 LP387,City Square,MANILA,3,1,BARANGAY 93,,,14.62095099,120.9661568,,,,,,,16,2019-06-16,OSP
MNL036 LP22 NP1-2,MNL036,LP22,NP1-2,MNL036 LP22,Juan Luna/ Solis,MANILA,3,1,BARANGAY 93,,,14.6209,120.965731,,,,,,,16,2020-07-30,OSP
MNL036 LP22 NP3-4,MNL036,LP22,NP3-4,MNL036 LP22,Juan Luna/ Solis,MANILA,3,1,BARANGAY 93,,,14.620958,120.966076,,,,,,,16,2020-07-30,OSP
MNL036 LP21 NP7-8,MNL036,LP21,NP7-8,MNL036 LP21,Juan Luna/ Solis,MANILA,3,1,BARANGAY 93,,,14.620447,120.96545,,,,,,,16,2020-07-30,OSP
MNL036 LP20 NP5-6,MNL036,LP20,NP5-6,MNL036 LP20,Juan Luna/ Solis,MANILA,3,1,BARANGAY 93,,,14.61967,120.96673,,,,,,,16,2020-07-30,OSP
MNL036 LP20 NP1-2,MNL036,LP20,NP1-2,MNL036 LP20,Juan Luna/ Solis,MANILA,3,1,BARANGAY 93,,,14.619494,120.965647,,,,,,,16,2020-07-30,OSP
MNL036 LP20 NP3-4,MNL036,LP20,NP3-4,MNL036 LP20,Juan Luna/ Solis,MANILA,3,1,BARANGAY 93,,,14.619604,120.966314,,,,,,,16,2020-07-30,OSP
MNL005 LP141 NP5-6,MNL005,LP141,NP5-6,MNL005 LP141,Orchard Building (City Square 2),MANILA,3,1,BARANGAY 93,,,14.619468,120.965658,,,,,,,16,2021-08-30,OSP
MNL005 LP141 NP7-8,MNL005,LP141,NP7-8,MNL005 LP141,Orchard Building (City Square 2),MANILA,3,1,BARANGAY 93,,,14.619561,120.965636,,,,,,,16,2021-08-30,OSP
MNL005 LP142 NP3-4,MNL005,LP142,NP3-4,MNL005 LP142,Orchard Building (City Square 2),MANILA,3,1,BARANGAY 93,,,14.620454,120.965507,,,,,,,16,2021-08-30,OSP
MNL005 LP142 NP5-6,MNL005,LP142,NP5-6,MNL005 LP142,Orchard Building (City Square 2),MANILA,3,1,BARANGAY 93,,,14.6208,120.965381,,,,,,,16,2021-08-30,OSP
MNL045 LP148 NP1-2,MNL045,LP148,NP1-2,MNL045 LP148,Radial Road 10,MANILA,3,1,BARANGAY 93,,,14.620436,120.965481,,,,,,,16,2022-01-27,OSP
MNL045 LP380 NP1-2,MNL045,LP380,NP1-2,MNL045 LP380,Radial Road 10,MANILA,3,1,BARANGAY 93,,,14.620565,120.966099,,,,,,,16,2021-12-21,OSP
MNL045 LP380 NP3-5,MNL045,LP380,NP3-5,MNL045 LP380,Radial Road 10,MANILA,3,1,BARANGAY 93,,,14.620643,120.966471,,,,,,,24,2021-12-21,OSP
MNL045 LP380 NP6-8,MNL045,LP380,NP6-8,MNL045 LP380,Radial Road 10,MANILA,3,1,BARANGAY 93,,,14.620648,120.966473,,,,,,,24,2021-12-21,OSP
MNL045 LP381 NP1-2,MNL045,LP381,NP1-2,MNL045 LP381,Radial Road 10,MANILA,3,1,BARANGAY 93,,,14.620819,120.966705,,,,,,,16,2021-12-21,OSP
MNL045 LP381 NP3-5,MNL045,LP381,NP3-5,MNL045 LP381,Radial Road 10,MANILA,3,1,BARANGAY 93,,,14.620821,120.966701,,,,,,,24,2021-12-21,OSP
MNL045 LP381 NP6-8,MNL045,LP381,NP6-8,MNL045 LP381,Radial Road 10,MANILA,3,1,BARANGAY 93,,,14.620819,120.966703,,,,,,,24,2021-12-21,OSP
MNL045 LP382 NP1-2,MNL045,LP382,NP1-2,MNL045 LP382,Radial Road 10,MANILA,3,1,BARANGAY 93,,,14.620925,120.967162,,,,,,,16,2021-12-21,OSP
MNL045 LP382 NP3-5,MNL045,LP382,NP3-5,MNL045 LP382,Radial Road 10,MANILA,3,1,BARANGAY 93,,,14.620924,120.967167,,,,,,,24,2021-12-21,OSP
MNL045 LP382 NP6-8,MNL045,LP382,NP6-8,MNL045 LP382,Radial Road 10,MANILA,3,1,BARANGAY 93,,,14.620926,120.967165,,,,,,,24,2021-12-21,OSP
MNL045 LP383 NP1-2,MNL045,LP383,NP1-2,MNL045 LP383,Radial Road 10,MANILA,3,1,BARANGAY 93,,,14.62088,120.965366,,,,,,,16,2021-12-21,OSP
MNL045 LP383 NP3-5,MNL045,LP383,NP3-5,MNL045 LP383,Radial Road 10,MANILA,3,1,BARANGAY 93,,,14.62088,120.965367,,,,,,,24,2021-12-21,OSP
MNL045 LP383 NP6-8,MNL045,LP383,NP6-8,MNL045 LP383,Radial Road 10,MANILA,3,1,BARANGAY 93,,,14.620897,120.96577,,,,,,,24,2021-12-21,OSP
MNL045 LP384 NP1-2,MNL045,LP384,NP1-2,MNL045 LP384,Radial Road 10,MANILA,3,1,BARANGAY 93,,,14.620953,120.966084,,,,,,,16,2021-12-21,OSP
MNL045 LP384 NP3-5,MNL045,LP384,NP3-5,MNL045 LP384,Radial Road 10,MANILA,3,1,BARANGAY 93,,,14.621109,120.966939,,,,,,,24,2021-12-21,OSP
MNL045 LP384 NP6-8,MNL045,LP384,NP6-8,MNL045 LP384,Radial Road 10,MANILA,3,1,BARANGAY 93,,,14.621109,120.966943,,,,,,,24,2021-12-21,OSP
MNL045 LP377 NP3-5,MNL045,LP377,NP3-5,MNL045 LP377,Radial Road 10,MANILA,3,1,BARANGAY 93,,,14.619506,120.96587,,,,,,,24,2021-12-21,OSP
MNL045 LP377 NP6-8,MNL045,LP377,NP6-8,MNL045 LP377,Radial Road 10,MANILA,3,1,BARANGAY 93,,,14.619615,120.966457,,,,,,,24,2021-12-21,OSP
MNL045 LP378 NP1-2,MNL045,LP378,NP1-2,MNL045 LP378,Radial Road 10,MANILA,3,1,BARANGAY 93,,,14.619672,120.966771,,,,,,,16,2021-12-21,OSP
MNL045 LP378 NP3-5,MNL045,LP378,NP3-5,MNL045 LP378,Radial Road 10,MANILA,3,1,BARANGAY 93,,,14.619721,120.967064,,,,,,,24,2021-12-21,OSP
MNL045 LP378 NP6-8,MNL045,LP378,NP6-8,MNL045 LP378,Radial Road 10,MANILA,3,1,BARANGAY 93,,,14.619727,120.967068,,,,,,,24,2021-12-21,OSP
MNL045 LP379 NP1-2,MNL045,LP379,NP1-2,MNL045 LP379,Radial Road 10,MANILA,3,1,BARANGAY 93,,,14.620435,120.965455,,,,,,,16,2021-12-21,OSP
MNL045 LP379 NP3-5,MNL045,LP379,NP3-5,MNL045 LP379,Radial Road 10,MANILA,3,1,BARANGAY 93,,,14.620509,120.965797,,,,,,,24,2021-12-21,OSP
MNL045 LP379 NP6-8,MNL045,LP379,NP6-8,MNL045 LP379,Radial Road 10,MANILA,3,1,BARANGAY 93,,,14.620508,120.965799,,,,,,,24,2021-12-21,OSP
MNL045 LP141 NP5-6,MNL045,LP141,NP5-6,MNL045 LP141,Radial Road 10,MANILA,3,1,BARANGAY 93,,,14.619468,120.965658,,,,MTF VELASQUEZ-H. LOPEZ BLVD.,,VELASQUEZ ST. COR. INOCENCIO ST. MECO J3-662,16,2021-08-31,OSP
MNL045 LP141 NP7-8,MNL045,LP141,NP7-8,MNL045 LP141,Radial Road 10,MANILA,3,1,BARANGAY 93,,,14.619561,120.965636,,,,MTF VELASQUEZ-H. LOPEZ BLVD.,,VELASQUEZ ST. CICTSI-NPT,16,2021-08-31,OSP
MNL045 LP142 NP3-4,MNL045,LP142,NP3-4,MNL045 LP142,Radial Road 10,MANILA,3,1,BARANGAY 93,,,14.620454,120.965507,,,,MTF VELASQUEZ-H. LOPEZ BLVD.,,VELASQUEZ ST. COR. CAPULONG ST. CICTSI-NPT,16,2021-08-31,OSP
MNL045 LP142 NP5-6,MNL045,LP142,NP5-6,MNL045 LP142,Radial Road 10,MANILA,3,1,BARANGAY 93,,,14.6208,120.965381,,,,MTF VELASQUEZ-H. LOPEZ BLVD.,,VELASQUEZ ST. COR. LALLANA ST. MECO K3-1429,16,2021-08-31,OSP
MNL003 LP132 NP1-2,MNL003,LP132,NP1-2,MNL003 LP132,City Square,MANILA,3,1,BARANGAY 94,,,14.62116409,120.9653214,,,,,,,16,2018-11-29,OSP
MNL003 LP132 NP5-6,MNL003,LP132,NP5-6,MNL003 LP132,City Square,MANILA,3,1,BARANGAY 94,,,14.62255329,120.9649731,,,,,,,16,2018-11-29,OSP
MNL003 LP132 NP7-8,MNL003,LP132,NP7-8,MNL003 LP132,City Square,MANILA,3,1,BARANGAY 94,,,14.62298384,120.9648491,,,,,,,16,2018-11-29,OSP
MNL003 LP387 NP7-8,MNL003,LP387,NP7-8,MNL003 LP387,City Square,MANILA,3,1,BARANGAY 94,,,14.62133342,120.9661348,,,,,,,16,2019-06-16,OSP
MNL003 LP388 NP1-2,MNL003,LP388,NP1-2,MNL003 LP388,City Square,MANILA,3,1,BARANGAY 94,,,14.62147648,120.9652461,,,,,,,16,2019-06-16,OSP
MNL003 LP388 NP3-4,MNL003,LP388,NP3-4,MNL003 LP388,City Square,MANILA,3,1,BARANGAY 94,,,14.62164447,120.9660387,,,,,,,16,2019-06-16,OSP
MNL036 LP24 NP1-2,MNL036,LP24,NP1-2,MNL036 LP24,Juan Luna/ Solis,MANILA,3,1,BARANGAY 94,,,14.621502,120.965238,,,,,,,16,2020-07-30,OSP
MNL036 LP24 NP3-4,MNL036,LP24,NP3-4,MNL036 LP24,Juan Luna/ Solis,MANILA,3,1,BARANGAY 94,,,14.62164,120.965928,,,,,,,16,2020-07-30,OSP
MNL036 LP24 NP5-6,MNL036,LP24,NP5-6,MNL036 LP24,Juan Luna/ Solis,MANILA,3,1,BARANGAY 94,,,14.621885,120.966998,,,,,,,16,2020-07-30,OSP
MNL036 LP23 NP5-6,MNL036,LP23,NP5-6,MNL036 LP23,Juan Luna/ Solis,MANILA,3,1,BARANGAY 94,,,14.621245,120.965634,,,,,,,16,2020-07-30,OSP
MNL036 LP23 NP7-8,MNL036,LP23,NP7-8,MNL036 LP23,Juan Luna/ Solis,MANILA,3,1,BARANGAY 94,,,14.621458,120.966644,,,,,,,16,2020-07-30,OSP
MNL036 LP30 NP7-8,MNL036,LP30,NP7-8,MNL036 LP30,Juan Luna/ Solis,MANILA,3,1,BARANGAY 94,,,14.624156,120.96453,,,,,,,16,2020-07-30,OSP
MNL005 LP142 NP7-8,MNL005,LP142,NP7-8,MNL005 LP142,Orchard Building (City Square 2),MANILA,3,1,BARANGAY 94,,,14.621171,120.965322,,,,,,,16,2021-08-30,OSP
MNL005 LP143 NP7-8,MNL005,LP143,NP7-8,MNL005 LP143,Orchard Building (City Square 2),MANILA,3,1,BARANGAY 94,,,14.622545,120.964976,,,,,,,16,2021-08-30,OSP
MNL045 LP518 NP1-2,MNL045,LP518,NP1-2,MNL045 LP518,Radial Road 10,MANILA,3,1,BARANGAY 94,,,14.621502,120.965234,,,,,,,16,2023-05-22,OSP
MNL045 LP518 NP6-8,MNL045,LP518,NP6-8,MNL045 LP518,Radial Road 10,MANILA,3,1,BARANGAY 94,,,14.622547,120.964984,,,,,,,24,2023-05-22,OSP
MNL045 LP519 NP1-2,MNL045,LP519,NP1-2,MNL045 LP519,Radial Road 10,MANILA,3,1,BARANGAY 94,,,14.622849,120.964897,,,,,,,16,2023-05-22,OSP
MNL045 LP385 NP6-8,MNL045,LP385,NP6-8,MNL045 LP385,Radial Road 10,MANILA,3,1,BARANGAY 94,,,14.621393,120.966372,,,,,,,24,2021-12-21,OSP
MNL045 LP386 NP1-2,MNL045,LP386,NP1-2,MNL045 LP386,Radial Road 10,MANILA,3,1,BARANGAY 94,,,14.621461,120.966616,,,,,,,16,2021-12-21,OSP
MNL045 LP386 NP3-5,MNL045,LP386,NP3-5,MNL045 LP386,Radial Road 10,MANILA,3,1,BARANGAY 94,,,14.62152,120.966938,,,,,,,24,2021-12-21,OSP
MNL045 LP386 NP6-8,MNL045,LP386,NP6-8,MNL045 LP386,Radial Road 10,MANILA,3,1,BARANGAY 94,,,14.621519,120.966939,,,,,,,24,2021-12-21,OSP
MNL045 LP387 NP1-2,MNL045,LP387,NP1-2,MNL045 LP387,Radial Road 10,MANILA,3,1,BARANGAY 94,,,14.621576,120.965587,,,,,,,16,2021-12-21,OSP
MNL045 LP387 NP3-5,MNL045,LP387,NP3-5,MNL045 LP387,Radial Road 10,MANILA,3,1,BARANGAY 94,,,14.621573,120.965592,,,,,,,24,2021-12-21,OSP
MNL045 LP387 NP6-8,MNL045,LP387,NP6-8,MNL045 LP387,Radial Road 10,MANILA,3,1,BARANGAY 94,,,14.621613,120.965761,,,,,,,24,2021-12-21,OSP
MNL045 LP388 NP1-2,MNL045,LP388,NP1-2,MNL045 LP388,Radial Road 10,MANILA,3,1,BARANGAY 94,,,14.621744,120.966366,,,,,,,16,2021-12-21,OSP
MNL045 LP388 NP3-5,MNL045,LP388,NP3-5,MNL045 LP388,Radial Road 10,MANILA,3,1,BARANGAY 94,,,14.621816,120.966686,,,,,,,24,2021-12-21,OSP