Box Name,OLT,LCP,NAP,LCP Name,Node Name,Municipality,Cluster,Sector,Barangay,Subdivision,Building Name,Latitude,Longitude,Parent Site,Parent Floor,Parent Room,Additional Details,Remarks,Landmark,Capacity,Installation Date,OSP / ISP
MNL037 LP485 NP1-2,MNL037,LP485,NP1-2,MNL037 LP485,Tayuman,MANILA,3,1,BARANGAY 344,,,14.617381,120.983733,,,,,,,16,2023-02-23,OSP
MNL037 LP485 NP3-4,MNL037,LP485,NP3-4,MNL037 LP485,Tayuman,MANILA,3,1,BARANGAY 344,,,14.617288,120.984286,,,,,,,16,2023-02-23,OSP
MNL037 LP485 NP5-6,MNL037,LP485,NP5-6,MNL037 LP485,Tayuman,MANILA,3,1,BARANGAY 344,,,14.617288,120.984286,,,,,,,16,2023-02-23,OSP
MNL037 LP485 NP7-8,MNL037,LP485,NP7-8,MNL037 LP485,Tayuman,MANILA,3,1,BARANGAY 344,,,14.617473,120.984297,,,,,,,16,2023-02-23,OSP
MNL037 LP488 NP1-2,MNL037,LP488,NP1-2,MNL037 LP488,Tayuman,MANILA,3,1,BARANGAY 344,,,14.617332,120.984812,,,,,,,16,2023-02-23,OSP
MNL037 LP55 NP5-6,MNL037,LP55,NP5-6,MNL037 LP55,Tayuman,MANILA,3,1,BARANGAY 344,,,14.617381,120.983734,,,,,,,16,2020-09-29,OSP
MNL037 LP55 NP7-8,MNL037,LP55,NP7-8,MNL037 LP55,Tayuman,MANILA,3,1,BARANGAY 344,,,14.617099,120.984413,,,,,,,16,2020-09-29,OSP
MNL037 LP7 NP3-4,MNL037,LP7,NP3-4,MNL037 LP7,Tayuman,MANILA,3,1,BARANGAY 344,,,14.617065,120.985479,,,,,,,16,2020-09-27,OSP
MNL037 LP346 NP7-8,MNL037,LP346,NP7-8,MNL037 LP346,Tayuman,MANILA,3,1,BARANGAY 344,,,14.616931,120.982849,,,,,,,16,2023-02-22,OSP
MNL037 LP346 NP5-6,MNL037,LP346,NP5-6,MNL037 LP346,Tayuman,MANILA,3,1,BARANGAY 344,,,14.617517,120.982861,,,,,,,16,2023-02-22,OSP
MNL037 LP6 NP7-8,MNL037,LP6,NP7-8,MNL037 LP6,Tayuman,MANILA,3,1,BARANGAY 344,,,14.617621,120.98482,,,,,,,16,2020-09-27,OSP
MNL037 LP436 NP1-2,MNL037,LP436,NP1-2,MNL037 LP436,Tayuman,MANILA,3,1,BARANGAY 344,,,14.616994,120.984806,,,,,,,16,2022-10-29,OSP
MNL037 LP427 NP7-8,MNL037,LP427,NP7-8,MNL037 LP427,Tayuman,MANILA,3,1,BARANGAY 344,,,14.616884,120.98385,,,,,,,16,2022-10-29,OSP
MNL003 LP326 NP5-6,MNL003,LP326,NP5-6,MNL003 LP326,City Square,MANILA,3,1,BARANGAY 345,,,14.61940315,120.9828725,,,,,,,16,2019-03-30,OSP
MNL003 LP326 NP7-8,MNL003,LP326,NP7-8,MNL003 LP326,City Square,MANILA,3,1,BARANGAY 345,,,14.61937918,120.9833829,,,,,,,16,2019-03-30,OSP
MNL003 LP327 NP1-2,MNL003,LP327,NP1-2,MNL003 LP327,City Square,MANILA,3,1,BARANGAY 345,,,14.61935395,120.9842928,,,,,,,16,2019-03-30,OSP
MNL037 LP234 NP3-4,MNL037,LP234,NP3-4,MNL037 LP234,Tayuman,MANILA,3,1,BARANGAY 345,,,14.620444,120.983944,,,,,,,16,2020-12-28,OSP
MNL037 LP234 NP7-8,MNL037,LP234,NP7-8,MNL037 LP234,Tayuman,MANILA,3,1,BARANGAY 345,,,14.61999,120.98336,,,,,,,16,2020-12-28,OSP
MNL037 LP235 NP3-4,MNL037,LP235,NP3-4,MNL037 LP235,Tayuman,MANILA,3,1,BARANGAY 345,,,14.620086,120.982921,,,,,,,16,2020-12-28,OSP
MNL037 LP230 NP1-2,MNL037,LP230,NP1-2,MNL037 LP230,Tayuman,MANILA,3,1,BARANGAY 345,,,14.61943,120.983389,,,,,,,16,2020-12-28,OSP
MNL037 LP230 NP3-4,MNL037,LP230,NP3-4,MNL037 LP230,Tayuman,MANILA,3,1,BARANGAY 345,,,14.619411,120.984307,,,,,,,16,2020-12-28,OSP
MNL037 LP230 NP5-6,MNL037,LP230,NP5-6,MNL037 LP230,Tayuman,MANILA,3,1,BARANGAY 345,,,14.619404,120.98474,,,,,,,16,2020-12-28,OSP
MNL037 LP232 NP5-6,MNL037,LP232,NP5-6,MNL037 LP232,Tayuman,MANILA,3,1,BARANGAY 345,,,14.620342,120.984345,,,,,,,16,2020-12-28,OSP
MNL037 LP232 NP7-8,MNL037,LP232,NP7-8,MNL037 LP232,Tayuman,MANILA,3,1,BARANGAY 345,,,14.619965,120.984325,,,,,,,16,2020-12-28,OSP
MNL037 LP486 NP1-2,MNL037,LP486,NP1-2,MNL037 LP486,Tayuman,MANILA,3,1,BARANGAY 345,,,14.619597,120.984319,,,,,,,16,2023-02-23,OSP
MNL037 LP487 NP3-4,MNL037,LP487,NP3-4,MNL037 LP487,Tayuman,MANILA,3,1,BARANGAY 345,,,14.620332,120.984896,,,,,,,16,2023-02-23,OSP
MNL037 LP487 NP5-6,MNL037,LP487,NP5-6,MNL037 LP487,Tayuman,MANILA,3,1,BARANGAY 345,,,14.619409,120.984874,,,,,,,16,2023-02-23,OSP
MNL037 LP480 NP7-8,MNL037,LP480,NP7-8,MNL037 LP480,Tayuman,MANILA,3,1,BARANGAY 345,,,14.619429,120.98338,,,,,,,16,2023-02-23,OSP
MNL037 LP481 NP1-2,MNL037,LP481,NP1-2,MNL037 LP481,Tayuman,MANILA,3,1,BARANGAY 345,,,14.619624,120.983381,,,,,,,16,2023-02-23,OSP
MNL037 LP483 NP5-6,MNL037,LP483,NP5-6,MNL037 LP483,Tayuman,MANILA,3,1,BARANGAY 345,,,14.61981,120.98381,,,,,,,16,2023-02-23,OSP
MNL037 LP483 NP7-8,MNL037,LP483,NP7-8,MNL037 LP483,Tayuman,MANILA,3,1,BARANGAY 345,,,14.619423,120.9838,,,,,,,16,2023-02-23,OSP
MNL037 LP342 NP1-2,MNL037,LP342,NP1-2,MNL037 LP342,Tayuman,MANILA,3,1,BARANGAY 345,,,14.619443,120.982913,,,,,,,16,2023-02-22,OSP
MNL037 LP342 NP3-4,MNL037,LP342,NP3-4,MNL037 LP342,Tayuman,MANILA,3,1,BARANGAY 345,,,14.620089,120.982925,,,,,,,16,2023-02-22,OSP
MNL037 LP6 NP1-2,MNL037,LP6,NP1-2,MNL037 LP6,Tayuman,MANILA,3,1,BARANGAY 345,,,14.619423,120.983791,,,,,,,16,2020-09-27,OSP
MNL003 LP325 NP7-8,MNL003,LP325,NP7-8,MNL003 LP325,City Square,MANILA,3,1,BARANGAY 346,,,14.61813596,120.9839221,,,,,,,16,2019-03-30,OSP
MNL003 LP326 NP1-2,MNL003,LP326,NP1-2,MNL003 LP326,City Square,MANILA,3,1,BARANGAY 346,,,14.61813926,120.9833432,,,,,,,16,2019-03-30,OSP
MNL003 LP326 NP3-4,MNL003,LP326,NP3-4,MNL003 LP326,City Square,MANILA,3,1,BARANGAY 346,,,14.618132,120.9828702,,,,,,,16,2019-03-30,OSP
MNL037 LP56 NP1-2,MNL037,LP56,NP1-2,MNL037 LP56,Tayuman,MANILA,3,1,BARANGAY 346,,,14.618179,120.983899,,,,,,,16,2020-09-29,OSP
MNL037 LP56 NP3-4,MNL037,LP56,NP3-4,MNL037 LP56,Tayuman,MANILA,3,1,BARANGAY 346,,,14.618168,120.984334,,,,,,,16,2020-09-29,OSP
MNL037 LP484 NP1-2,MNL037,LP484,NP1-2,MNL037 LP484,Tayuman,MANILA,3,1,BARANGAY 346,,,14.619103,120.983783,,,,,,,16,2023-02-23,OSP
MNL037 LP484 NP3-4,MNL037,LP484,NP3-4,MNL037 LP484,Tayuman,MANILA,3,1,BARANGAY 346,,,14.618999,120.983779,,,,,,,16,2023-02-23,OSP
MNL037 LP484 NP5-6,MNL037,LP484,NP5-6,MNL037 LP484,Tayuman,MANILA,3,1,BARANGAY 346,,,14.618373,120.983764,,,,,,,16,2023-02-23,OSP
MNL037 LP484 NP7-8,MNL037,LP484,NP7-8,MNL037 LP484,Tayuman,MANILA,3,1,BARANGAY 346,,,14.618178,120.983754,,,,,,,16,2023-02-23,OSP
MNL037 LP487 NP7-8,MNL037,LP487,NP7-8,MNL037 LP487,Tayuman,MANILA,3,1,BARANGAY 346,,,14.618485,120.984851,,,,,,,16,2023-02-23,OSP
MNL037 LP480 NP1-2,MNL037,LP480,NP1-2,MNL037 LP480,Tayuman,MANILA,3,1,BARANGAY 346,,,14.618192,120.983167,,,,,,,16,2023-02-23,OSP
MNL037 LP480 NP3-4,MNL037,LP480,NP3-4,MNL037 LP480,Tayuman,MANILA,3,1,BARANGAY 346,,,14.618187,120.983339,,,,,,,16,2023-02-23,OSP
MNL037 LP480 NP5-6,MNL037,LP480,NP5-6,MNL037 LP480,Tayuman,MANILA,3,1,BARANGAY 346,,,14.618922,120.983358,,,,,,,16,2023-02-23,OSP
MNL037 LP55 NP1-2,MNL037,LP55,NP1-2,MNL037 LP55,Tayuman,MANILA,3,1,BARANGAY 346,,,14.618182,120.98334,,,,,,,16,2020-09-29,OSP
MNL037 LP55 NP3-4,MNL037,LP55,NP3-4,MNL037 LP55,Tayuman,MANILA,3,1,BARANGAY 346,,,14.618182,120.983746,,,,,,,16,2020-09-29,OSP
MNL037 LP346 NP1-2,MNL037,LP346,NP1-2,MNL037 LP346,Tayuman,MANILA,3,1,BARANGAY 346,,,14.618938,120.982894,,,,,,,16,2023-02-22,OSP
MNL037 LP346 NP3-4,MNL037,LP346,NP3-4,MNL037 LP346,Tayuman,MANILA,3,1,BARANGAY 346,,,14.618195,120.982862,,,,,,,16,2023-02-22,OSP
MNL037 LP54 NP1-2,MNL037,LP54,NP1-2,MNL037 LP54,Tayuman,MANILA,3,1,BARANGAY 346,,,14.619087,120.983368,,,,,,,16,2020-09-29,OSP
MNL037 LP54 NP3-4,MNL037,LP54,NP3-4,MNL037 LP54,Tayuman,MANILA,3,1,BARANGAY 346,,,14.618727,120.983352,,,,,,,16,2020-09-29,OSP
MNL037 LP54 NP5-6,MNL037,LP54,NP5-6,MNL037 LP54,Tayuman,MANILA,3,1,BARANGAY 346,,,14.618193,120.982865,,,,,,,16,2020-09-29,OSP
MNL037 LP54 NP7-8,MNL037,LP54,NP7-8,MNL037 LP54,Tayuman,MANILA,3,1,BARANGAY 346,,,14.618553,120.982878,,,,,,,16,2020-09-29,OSP
MNL037 LP6 NP3-4,MNL037,LP6,NP3-4,MNL037 LP6,Tayuman,MANILA,3,1,BARANGAY 346,,,14.618553,120.983768,,,,,,,16,2020-09-27,OSP
MNL037 LP6 NP5-6,MNL037,LP6,NP5-6,MNL037 LP6,Tayuman,MANILA,3,1,BARANGAY 346,,,14.618142,120.984683,,,,,,,16,2020-09-27,OSP
MNL003 LP327 NP3-4,MNL003,LP327,NP3-4,MNL003 LP327,City Square,MANILA,3,1,BARANGAY 347,,,14.62060883,120.9843269,,,,,,,16,2019-03-30,OSP
MNL003 LP327 NP5-6,MNL003,LP327,NP5-6,MNL003 LP327,City Square,MANILA,3,1,BARANGAY 347,,,14.62063891,120.9838325,,,,,,,16,2019-03-30,OSP
MNL003 LP327 NP7-8,MNL003,LP327,NP7-8,MNL003 LP327,City Square,MANILA,3,1,BARANGAY 347,,,14.62064096,120.9833671,,,,,,,16,2019-03-30,OSP
MNL003 LP328 NP1-2,MNL003,LP328,NP1-2,MNL003 LP328,City Square,MANILA,3,1,BARANGAY 347,,,14.62066295,120.9829308,,,,,,,16,2019-03-30,OSP
MNL003 LP328 NP3-4,MNL003,LP328,NP3-4,MNL003 LP328,City Square,MANILA,3,1,BARANGAY 347,,,14.62178102,120.9829638,,,,,,,16,2019-03-30,OSP
MNL003 LP328 NP5-6,MNL003,LP328,NP5-6,MNL003 LP328,City Square,MANILA,3,1,BARANGAY 347,,,14.62177381,120.9834544,,,,,,,16,2019-03-30,OSP
MNL003 LP329 NP1-2,MNL003,LP329,NP1-2,MNL003 LP329,City Square,MANILA,3,1,BARANGAY 347,,,14.6217607,120.984933,,,,,,,16,2019-03-30,OSP
MNL037 LP234 NP1-2,MNL037,LP234,NP1-2,MNL037 LP234,Tayuman,MANILA,3,1,BARANGAY 347,,,14.620663,120.983955,,,,,,,16,2020-12-28,OSP
MNL037 LP234 NP5-6,MNL037,LP234,NP5-6,MNL037 LP234,Tayuman,MANILA,3,1,BARANGAY 347,,,14.620676,120.983371,,,,,,,16,2020-12-28,OSP
MNL037 LP235 NP1-2,MNL037,LP235,NP1-2,MNL037 LP235,Tayuman,MANILA,3,1,BARANGAY 347,,,14.620684,120.982943,,,,,,,16,2020-12-28,OSP
MNL037 LP235 NP5-6,MNL037,LP235,NP5-6,MNL037 LP235,Tayuman,MANILA,3,1,BARANGAY 347,,,14.621257,120.982948,,,,,,,16,2020-12-28,OSP
MNL037 LP235 NP7-8,MNL037,LP235,NP7-8,MNL037 LP235,Tayuman,MANILA,3,1,BARANGAY 347,,,14.621622,120.982968,,,,,,,16,2020-12-28,OSP
MNL037 LP236 NP5-6,MNL037,LP236,NP5-6,MNL037 LP236,Tayuman,MANILA,3,1,BARANGAY 347,,,14.621417,120.983429,,,,,,,16,2020-12-28,OSP
MNL037 LP236 NP7-8,MNL037,LP236,NP7-8,MNL037 LP236,Tayuman,MANILA,3,1,BARANGAY 347,,,14.621044,120.983422,,,,,,,16,2020-12-28,OSP
MNL037 LP230 NP7-8,MNL037,LP230,NP7-8,MNL037 LP230,Tayuman,MANILA,3,1,BARANGAY 347,,,14.620724,120.984906,,,,,,,16,2020-12-28,OSP
MNL037 LP232 NP1-2,MNL037,LP232,NP1-2,MNL037 LP232,Tayuman,MANILA,3,1,BARANGAY 347,,,14.621488,120.984369,,,,,,,16,2020-12-28,OSP
MNL037 LP232 NP3-4,MNL037,LP232,NP3-4,MNL037 LP232,Tayuman,MANILA,3,1,BARANGAY 347,,,14.621282,120.984368,,,,,,,16,2020-12-28,OSP
MNL037 LP233 NP5-6,MNL037,LP233,NP5-6,MNL037 LP233,Tayuman,MANILA,3,1,BARANGAY 347,,,14.621232,120.983967,,,,,,,16,2020-12-28,OSP
MNL037 LP233 NP7-8,MNL037,LP233,NP7-8,MNL037 LP233,Tayuman,MANILA,3,1,BARANGAY 347,,,14.621042,120.983959,,,,,,,16,2020-12-28,OSP
MNL037 LP486 NP3-4,MNL037,LP486,NP3-4,MNL037 LP486,Tayuman,MANILA,3,1,BARANGAY 347,,,14.620646,120.984344,,,,,,,16,2023-02-23,OSP
MNL037 LP486 NP5-6,MNL037,LP486,NP5-6,MNL037 LP486,Tayuman,MANILA,3,1,BARANGAY 347,,,14.621485,120.98438,,,,,,,16,2023-02-23,OSP
MNL037 LP481 NP3-4,MNL037,LP481,NP3-4,MNL037 LP481,Tayuman,MANILA,3,1,BARANGAY 347,,,14.620873,120.983376,,,,,,,16,2023-02-23,OSP
MNL037 LP483 NP3-4,MNL037,LP483,NP3-4,MNL037 LP483,Tayuman,MANILA,3,1,BARANGAY 347,,,14.621493,120.98398,,,,,,,16,2023-02-23,OSP
MNL037 LP342 NP5-6,MNL037,LP342,NP5-6,MNL037 LP342,Tayuman,MANILA,3,1,BARANGAY 347,,,14.620681,120.982948,,,,,,,16,2023-02-22,OSP
MNL037 LP342 NP7-8,MNL037,LP342,NP7-8,MNL037 LP342,Tayuman,MANILA,3,1,BARANGAY 347,,,14.621058,120.982953,,,,,,,16,2023-02-22,OSP
MNL003 LP329 NP5-6,MNL003,LP329,NP5-6,MNL003 LP329,City Square,MANILA,3,1,BARANGAY 348,,,14.62238879,120.9840077,,,,,,,16,2019-03-30,OSP
MNL003 LP329 NP7-8,MNL003,LP329,NP7-8,MNL003 LP329,City Square,MANILA,3,1,BARANGAY 348,,,14.62244327,120.9834542,,,,,,,16,2019-03-30,OSP
MNL003 LP328 NP7-8,MNL003,LP328,NP7-8,MNL003 LP328,City Square,MANILA,3,1,BARANGAY 348,,,14.62175764,120.9838596,,,,,,,16,2019-03-30,OSP
MNL037 LP237 NP3-4,MNL037,LP237,NP3-4,MNL037 LP237,Tayuman,MANILA,3,1,BARANGAY 348,,,14.622471,120.983464,,,,,,,16,2020-12-28,OSP
MNL037 LP236 NP1-2,MNL037,LP236,NP1-2,MNL037 LP236,Tayuman,MANILA,3,1,BARANGAY 348,,,14.621817,120.982982,,,,,,,16,2020-12-28,OSP
MNL037 LP236 NP3-4,MNL037,LP236,NP3-4,MNL037 LP236,Tayuman,MANILA,3,1,BARANGAY 348,,,14.621806,120.983405,,,,,,,16,2020-12-28,OSP
MNL037 LP237 NP1-2,MNL037,LP237,NP1-2,MNL037 LP237,Tayuman,MANILA,3,1,BARANGAY 348,,,14.622306,120.983416,,,,,,,16,2020-12-28,OSP
MNL037 LP231 NP1-2,MNL037,LP231,NP1-2,MNL037 LP231,Tayuman,MANILA,3,1,BARANGAY 348,,,14.621783,120.984931,,,,,,,16,2020-12-28,OSP
MNL037 LP231 NP5-6,MNL037,LP231,NP5-6,MNL037 LP231,Tayuman,MANILA,3,1,BARANGAY 348,,,14.622375,120.984477,,,,,,,16,2020-12-28,OSP
MNL037 LP231 NP7-8,MNL037,LP231,NP7-8,MNL037 LP231,Tayuman,MANILA,3,1,BARANGAY 348,,,14.622163,120.983994,,,,,,,16,2020-12-28,OSP
MNL037 LP233 NP1-2,MNL037,LP233,NP1-2,MNL037 LP233,Tayuman,MANILA,3,1,BARANGAY 348,,,14.621784,120.983988,,,,,,,16,2020-12-28,OSP
MNL037 LP233 NP3-4,MNL037,LP233,NP3-4,MNL037 LP233,Tayuman,MANILA,3,1,BARANGAY 348,,,14.622148,120.98427,,,,,,,16,2020-12-28,OSP
MNL037 LP486 NP7-8,MNL037,LP486,NP7-8,MNL037 LP486,Tayuman,MANILA,3,1,BARANGAY 348,,,14.621778,120.984429,,,,,,,16,2023-02-23,OSP
MNL037 LP481 NP5-6,MNL037,LP481,NP5-6,MNL037 LP481,Tayuman,MANILA,3,1,BARANGAY 348,,,14.621808,120.983407,,,,,,,16,2023-02-23,OSP
MNL037 LP481 NP7-8,MNL037,LP481,NP7-8,MNL037 LP481,Tayuman,MANILA,3,1,BARANGAY 348,,,14.622474,120.983461,,,,,,,16,2023-02-23,OSP
MNL037 LP482 NP1-2,MNL037,LP482,NP1-2,MNL037 LP482,Tayuman,MANILA,3,1,BARANGAY 348,,,14.622415,120.98401,,,,,,,16,2023-02-23,OSP
MNL037 LP482 NP3-4,MNL037,LP482,NP3-4,MNL037 LP482,Tayuman,MANILA,3,1,BARANGAY 348,,,14.622376,120.984478,,,,,,,16,2023-02-23,OSP
MNL037 LP483 NP1-2,MNL037,LP483,NP1-2,MNL037 LP483,Tayuman,MANILA,3,1,BARANGAY 348,,,14.621787,120.983991,,,,,,,16,2023-02-23,OSP
MNL037 LP343 NP1-2,MNL037,LP343,NP1-2,MNL037 LP343,Tayuman,MANILA,3,1,BARANGAY 348,,,14.621824,120.982983,,,,,,,16,2023-02-22,OSP
MNL100 LP3 NP3,MNL100,LP3,NP3,MNL100 LP3,Celadon Park Condominium,MANILA,3,1,BARANGAY 349,,CELADON PARK RESIDENCES(BUILDING 3),14.619484,120.98633,,36F,EE ROOM,,,,8,2025-07-29,ISP
MNL100 LP4 NP8,MNL100,LP4,NP8,MNL100 LP4,Celadon Park Condominium,MANILA,3,1,BARANGAY 349,,CELADON PARK RESIDENCES(BUILDING 2),14.620046,120.986091,,16F,EE ROOM,,,,8,2025-07-29,ISP
MNL100 LP7 NP5,MNL100,LP7,NP5,MNL100 LP7,Celadon Park Condominium,MANILA,3,1,BARANGAY 349,,CELADON PARK RESIDENCES(BUILDING 1),14.620341,120.986243,,19F,EE ROOM,,,,8,2025-07-29,ISP
MNL100 LP4 NP5,MNL100,LP4,NP5,MNL100 LP4,Celadon Park Condominium,MANILA,3,1,BARANGAY 349,,CELADON PARK RESIDENCES(BUILDING 2),14.620046,120.986091,,11F,EE ROOM,,,,8,2025-07-29,ISP
MNL100 LP7 NP8,MNL100,LP7,NP8,MNL100 LP7,Celadon Park Condominium,MANILA,3,1,BARANGAY 349,,CELADON PARK RESIDENCES(BUILDING 1),14.620341,120.986243,,22F,EE ROOM,,,,8,2025-07-29,ISP
MNL100 LP4 NP3,MNL100,LP4,NP3,MNL100 LP4,Celadon Park Condominium,MANILA,3,1,BARANGAY 349,,CELADON PARK RESIDENCES(BUILDING 2),14.620046,120.986091,,7F,EE ROOM,,,,8,2025-07-29,ISP
MNL100 LP6 NP4,MNL100,LP6,NP4,MNL100 LP6,Celadon Park Condominium,MANILA,3,1,BARANGAY 349,,CELADON PARK RESIDENCES(BUILDING 1),14.620341,120.986243,,8F,EE ROOM,,,,8,2025-07-29,ISP
MNL100 LP3 NP2,MNL100,LP3,NP2,MNL100 LP3,Celadon Park Condominium,MANILA,3,1,BARANGAY 349,,CELADON PARK RESIDENCES(BUILDING 3),14.619484,120.98633,,35F,EE ROOM,,,,8,2025-07-29,ISP
MNL100 LP2 NP3,MNL100,LP2,NP3,MNL100 LP2,Celadon Park Condominium,MANILA,3,1,BARANGAY 349,,CELADON PARK RESIDENCES(BUILDING 3),14.619484,120.98633,,27F,EE ROOM,,,,8,2025-07-29,ISP
MNL100 LP5 NP5,MNL100,LP5,NP5,MNL100 LP5,Celadon Park Condominium,MANILA,3,1,BARANGAY 349,,CELADON PARK RESIDENCES(BUILDING 2),14.620046,120.986091,,25F,EE ROOM,,,,8,2025-07-29,ISP
MNL100 LP5 NP7,MNL100,LP5,NP7,MNL100 LP5,Celadon Park Condominium,MANILA,3,1,BARANGAY 349,,CELADON PARK RESIDENCES(BUILDING 2),14.620046,120.986091,,27F,EE ROOM,,,,8,2025-07-29,ISP
MNL100 LP6 NP5,MNL100,LP6,NP5,MNL100 LP6,Celadon Park Condominium,MANILA,3,1,BARANGAY 349,,CELADON PARK RESIDENCES(BUILDING 1),14.620341,120.986243,,9F,EE ROOM,,,,8,2025-07-29,ISP
MNL100 LP6 NP1-2,MNL100,LP6,NP1-2,MNL100 LP6,Celadon Park Condominium,MANILA,3,1,BARANGAY 349,,CELADON PARK RESIDENCES(BUILDING 1),14.620341,120.986243,,5F,EE ROOM,,,,16,2025-07-29,ISP
MNL100 LP2 NP1,MNL100,LP2,NP1,MNL100 LP2,Celadon Park Condominium,MANILA,3,1,BARANGAY 349,,CELADON PARK RESIDENCES(BUILDING 3),14.619484,120.98633,,23F,EE ROOM,,,,8,2025-07-29,ISP
MNL100 LP5 NP6,MNL100,LP5,NP6,MNL100 LP5,Celadon Park Condominium,MANILA,3,1,BARANGAY 349,,CELADON PARK RESIDENCES(BUILDING 2),14.620046,120.986091,,26F,EE ROOM,,,,8,2025-07-29,ISP
MNL100 LP6 NP8,MNL100,LP6,NP8,MNL100 LP6,Celadon Park Condominium,MANILA,3,1,BARANGAY 349,,CELADON PARK RESIDENCES(BUILDING 1),14.620341,120.986243,,12F,EE ROOM,,,,8,2025-07-29,ISP
MNL100 LP5 NP2,MNL100,LP5,NP2,MNL100 LP5,Celadon Park Condominium,MANILA,3,1,BARANGAY 349,,CELADON PARK RESIDENCES(BUILDING 2),14.620046,120.986091,,19F,EE ROOM,,,,8,2025-07-29,ISP
MNL100 LP6 NP6,MNL100,LP6,NP6,MNL100 LP6,Celadon Park Condominium,MANILA,3,1,BARANGAY 349,,CELADON PARK RESIDENCES(BUILDING 1),14.620341,120.986243,,10F,EE ROOM,,,,8,2025-07-29,ISP
MNL100 LP1 NP7,MNL100,LP1,NP7,MNL100 LP1,Celadon Park Condominium,MANILA,3,1,BARANGAY 349,,CELADON PARK RESIDENCES(BUILDING 3),14.619484,120.98633,,20F,EE ROOM,,,,8,2025-07-29,ISP
MNL100 LP4 NP1-2,MNL100,LP4,NP1-2,MNL100 LP4,Celadon Park Condominium,MANILA,3,1,BARANGAY 349,,CELADON PARK RESIDENCES(BUILDING 2),14.620046,120.986091,,5F,EE ROOM,,,,16,2025-07-29,ISP
MNL100 LP7 NP2,MNL100,LP7,NP2,MNL100 LP7,Celadon Park Condominium,MANILA,3,1,BARANGAY 349,,CELADON PARK RESIDENCES(BUILDING 1),14.620341,120.986243,,16F,EE ROOM,,,,8,2025-07-29,ISP
MNL100 LP1 NP8,MNL100,LP1,NP8,MNL100 LP1,Celadon Park Condominium,MANILA,3,1,BARANGAY 349,,CELADON PARK RESIDENCES(BUILDING 3),14.619484,120.98633,,22F,EE ROOM,,,,8,2025-07-29,ISP
MNL100 LP1 NP4,MNL100,LP1,NP4,MNL100 LP1,Celadon Park Condominium,MANILA,3,1,BARANGAY 349,,CELADON PARK RESIDENCES(BUILDING 3),14.619484,120.98633,,12F,EE ROOM,,,,8,2025-07-29,ISP
MNL100 LP1 NP3,MNL100,LP1,NP3,MNL100 LP1,Celadon Park Condominium,MANILA,3,1,BARANGAY 349,,CELADON PARK RESIDENCES(BUILDING 3),14.619484,120.98633,,10F,EE ROOM,,,,8,2025-07-29,ISP
MNL100 LP5 NP3,MNL100,LP5,NP3,MNL100 LP5,Celadon Park Condominium,MANILA,3,1,BARANGAY 349,,CELADON PARK RESIDENCES(BUILDING 2),14.620046,120.986091,,21F,EE ROOM,,,,8,2025-07-29,ISP
MNL100 LP7 NP4,MNL100,LP7,NP4,MNL100 LP7,Celadon Park Condominium,MANILA,3,1,BARANGAY 349,,CELADON PARK RESIDENCES(BUILDING 1),14.620341,120.986243,,18F,EE ROOM,,,,8,2025-07-29,ISP
MNL100 LP3 NP1,MNL100,LP3,NP1,MNL100 LP3,Celadon Park Condominium,MANILA,3,1,BARANGAY 349,,CELADON PARK RESIDENCES(BUILDING 3),14.619484,120.98633,,33F,EE ROOM,,,,8,2025-07-29,ISP
MNL100 LP7 NP3,MNL100,LP7,NP3,MNL100 LP7,Celadon Park Condominium,MANILA,3,1,BARANGAY 349,,CELADON PARK RESIDENCES(BUILDING 1),14.620341,120.986243,,17F,EE ROOM,,,,8,2025-07-29,ISP
MNL100 LP1 NP5,MNL100,LP1,NP5,MNL100 LP1,Celadon Park Condominium,MANILA,3,1,BARANGAY 349,,CELADON PARK RESIDENCES(BUILDING 3),14.619484,120.98633,,16F,EE ROOM,,,,8,2025-07-29,ISP
MNL100 LP4 NP6,MNL100,LP4,NP6,MNL100 LP4,Celadon Park Condominium,MANILA,3,1,BARANGAY 349,,CELADON PARK RESIDENCES(BUILDING 2),14.620046,120.986091,,14F,EE ROOM,,,,8,2025-07-29,ISP
MNL100 LP5 NP1,MNL100,LP5,NP1,MNL100 LP5,Celadon Park Condominium,MANILA,3,1,BARANGAY 349,,CELADON PARK RESIDENCES(BUILDING 2),14.620046,120.986091,,17F,EE ROOM,,,,8,2025-07-29,ISP
MNL100 LP1 NP1-2,MNL100,LP1,NP1-2,MNL100 LP1,Celadon Park Condominium,MANILA,3,1,BARANGAY 349,,CELADON PARK RESIDENCES(BUILDING 3),14.619484,120.98633,,8F,EE ROOM,,,,16,2025-07-29,ISP
MNL100 LP4 NP4,MNL100,LP4,NP4,MNL100 LP4,Celadon Park Condominium,MANILA,3,1,BARANGAY 349,,CELADON PARK RESIDENCES(BUILDING 2),14.620046,120.986091,,9F,EE ROOM,,,,8,2025-07-29,ISP
MNL100 LP6 NP7,MNL100,LP6,NP7,MNL100 LP6,Celadon Park Condominium,MANILA,3,1,BARANGAY 349,,CELADON PARK RESIDENCES(BUILDING 1),14.620341,120.986243,,11F,EE ROOM,,,,8,2025-07-29,ISP
MNL100 LP7 NP6,MNL100,LP7,NP6,MNL100 LP7,Celadon Park Condominium,MANILA,3,1,BARANGAY 349,,CELADON PARK RESIDENCES(BUILDING 1),14.620341,120.986243,,20F,EE ROOM,,,,8,2025-07-29,ISP
MNL100 LP2 NP6,MNL100,LP2,NP6,MNL100 LP2,Celadon Park Condominium,MANILA,3,1,BARANGAY 349,,CELADON PARK RESIDENCES(BUILDING 3),14.619484,120.98633,,32F,EE ROOM,,,,8,2025-07-29,ISP
MNL100 LP2 NP5,MNL100,LP2,NP5,MNL100 LP2,Celadon Park Condominium,MANILA,3,1,BARANGAY 349,,CELADON PARK RESIDENCES(BUILDING 3),14.619484,120.98633,,31F,EE ROOM,,,,8,2025-07-29,ISP
MNL100 LP5 NP4,MNL100,LP5,NP4,MNL100 LP5,Celadon Park Condominium,MANILA,3,1,BARANGAY 349,,CELADON PARK RESIDENCES(BUILDING 2),14.620046,120.986091,,23F,EE ROOM,,,,8,2025-07-29,ISP
MNL100 LP2 NP2,MNL100,LP2,NP2,MNL100 LP2,Celadon Park Condominium,MANILA,3,1,BARANGAY 349,,CELADON PARK RESIDENCES(BUILDING 3),14.619484,120.98633,,25F,EE ROOM,,,,8,2025-07-29,ISP
MNL100 LP2 NP4,MNL100,LP2,NP4,MNL100 LP2,Celadon Park Condominium,MANILA,3,1,BARANGAY 349,,CELADON PARK RESIDENCES(BUILDING 3),14.619484,120.98633,,29F,EE ROOM,,,,8,2025-07-29,ISP
MNL100 LP4 NP7,MNL100,LP4,NP7,MNL100 LP4,Celadon Park Condominium,MANILA,3,1,BARANGAY 349,,CELADON PARK RESIDENCES(BUILDING 2),14.620046,120.986091,,15F,EE ROOM,,,,8,2025-07-29,ISP
MNL100 LP3 NP4-5,MNL100,LP3,NP4-5,MNL100 LP3,Celadon Park Condominium,MANILA,3,1,BARANGAY 349,,CELADON PARK RESIDENCES(BUILDING 3),14.619484,120.98633,,37F,EE ROOM,,,,16,2025-07-29,ISP
MNL100 LP5 NP8,MNL100,LP5,NP8,MNL100 LP5,Celadon Park Condominium,MANILA,3,1,BARANGAY 349,,CELADON PARK RESIDENCES(BUILDING 2),14.620046,120.986091,,28F,EE ROOM,,,,8,2025-07-29,ISP
MNL100 LP7 NP7,MNL100,LP7,NP7,MNL100 LP7,Celadon Park Condominium,MANILA,3,1,BARANGAY 349,,CELADON PARK RESIDENCES(BUILDING 1),14.620341,120.986243,,21F,EE ROOM,,,,8,2025-07-29,ISP
MNL100 LP6 NP3,MNL100,LP6,NP3,MNL100 LP6,Celadon Park Condominium,MANILA,3,1,BARANGAY 349,,CELADON PARK RESIDENCES(BUILDING 1),14.620341,120.986243,,7F,EE ROOM,,,,8,2025-07-29,ISP
MNL100 LP1 NP6,MNL100,LP1,NP6,MNL100 LP1,Celadon Park Condominium,MANILA,3,1,BARANGAY 349,,CELADON PARK RESIDENCES(BUILDING 3),14.619484,120.98633,,18F,EE ROOM,,,,8,2025-07-29,ISP
MNL100 LP7 NP1,MNL100,LP7,NP1,MNL100 LP7,Celadon Park Condominium,MANILA,3,1,BARANGAY 349,,CELADON PARK RESIDENCES(BUILDING 1),14.620341,120.986243,,15F,EE ROOM,,,,8,2025-07-29,ISP
MNL003 LP329 NP3-4,MNL003,LP329,NP3-4,MNL003 LP329,City Square,MANILA,3,1,BARANGAY 349,,,14.62228708,120.9849597,,,,,,,16,2019-03-30,OSP
MNL037 LP231 NP3-4,MNL037,LP231,NP3-4,MNL037 LP231,Tayuman,MANILA,3,1,BARANGAY 349,,,14.622327,120.984968,,,,,,,16,2020-12-28,OSP
MNL037 LP482 NP5-6,MNL037,LP482,NP5-6,MNL037 LP482,Tayuman,MANILA,3,1,BARANGAY 349,,,14.622284,120.985475,,,,,,,16,2023-02-23,OSP
MNL037 LP482 NP7-8,MNL037,LP482,NP7-8,MNL037 LP482,Tayuman,MANILA,3,1,BARANGAY 349,,,14.622255,120.985796,,,,,,,16,2023-02-23,OSP
MNL003 LP220 NP5-6,MNL003,LP220,NP5-6,MNL003 LP220,City Square,MANILA,3,1,BARANGAY 35,,,14.60562037,120.9643803,,,,,,,16,2019-02-12,OSP
MNL003 LP207 NP3-4,MNL003,LP207,NP3-4,MNL003 LP207,City Square,MANILA,3,1,BARANGAY 35,,,14.60633513,120.9644033,,,,,,,16,2019-02-12,OSP
MNL003 LP193 NP7-8,MNL003,LP193,NP7-8,MNL003 LP193,City Square,MANILA,3,1,BARANGAY 35,,,14.60630838,120.965418,,,,,,,16,2019-01-30,OSP
MNL003 LP401 NP1-2,MNL003,LP401,NP1-2,MNL003 LP401,City Square,MANILA,3,1,BARANGAY 35,,,14.606444,120.964935,,,,,,,16,2019-10-02,OSP
MNL003 LP401 NP3-4,MNL003,LP401,NP3-4,MNL003 LP401,City Square,MANILA,3,1,BARANGAY 35,,,14.606245,120.965399,,,,,,,16,2019-10-02,OSP
MNL003 LP401 NP5-6,MNL003,LP401,NP5-6,MNL003 LP401,City Square,MANILA,3,1,BARANGAY 35,,,14.605919,120.964791,,,,,,,16,2019-10-02,OSP
MNL005 LP252 NP3-4-5,MNL005,LP252,NP3-4-5,MNL005 LP252,Orchard Building (City Square 2),MANILA,3,1,BARANGAY 35,,,14.606233,120.96545,,,,,,,24,2021-09-25,OSP
MNL005 LP252 NP6-7-8,MNL005,LP252,NP6-7-8,MNL005 LP252,Orchard Building (City Square 2),MANILA,3,1,BARANGAY 35,,,14.605938,120.9649,,,,,,,24,2021-09-25,OSP
MNL005 LP253 NP1-2,MNL005,LP253,NP1-2,MNL005 LP253,Orchard Building (City Square 2),MANILA,3,1,BARANGAY 35,,,14.605882,120.96478,,,,,,,16,2021-09-25,OSP
MNL005 LP253 NP3-4-5,MNL005,LP253,NP3-4-5,MNL005 LP253,Orchard Building (City Square 2),MANILA,3,1,BARANGAY 35,,,14.605767,120.96455,,,,,,,24,2021-09-25,OSP
MNL005 LP253 NP6-7-8,MNL005,LP253,NP6-7-8,MNL005 LP253,Orchard Building (City Square 2),MANILA,3,1,BARANGAY 35,,,14.605597,120.96437,,,,,,,24,2021-09-25,OSP
MNL005 LP269 NP3-5,MNL005,LP269,NP3-5,MNL005 LP269,Orchard Building (City Square 2),MANILA,3,1,BARANGAY 35,,,14.60659,120.96541,,,,,,,24,2021-10-21,OSP
MNL005 LP269 NP6-8,MNL005,LP269,NP6-8,MNL005 LP269,Orchard Building (City Square 2),MANILA,3,1,BARANGAY 35,,,14.606468,120.965412,,,,,,,24,2021-10-21,OSP
MNL005 LP270 NP6-8,MNL005,LP270,NP6-8,MNL005 LP270,Orchard Building (City Square 2),MANILA,3,1,BARANGAY 35,,,14.606476,120.964943,,,,,,,24,2021-10-21,OSP
MNL005 LP271 NP1-2,MNL005,LP271,NP1-2,MNL005 LP271,Orchard Building (City Square 2),MANILA,3,1,BARANGAY 35,,,14.606428,120.964775,,,,,,,16,2021-10-21,OSP
MNL005 LP271 NP3-5,MNL005,LP271,NP3-5,MNL005 LP271,Orchard Building (City Square 2),MANILA,3,1,BARANGAY 35,,,14.606327,120.964433,,,,,,,24,2021-10-21,OSP
MNL005 LP271 NP6-8,MNL005,LP271,NP6-8,MNL005 LP271,Orchard Building (City Square 2),MANILA,3,1,BARANGAY 35,,,14.606549,120.96436,,,,,,,24,2021-10-21,OSP
MNL005 LP32 NP3-4,MNL005,LP32,NP3-4,MNL005 LP32,Orchard Building (City Square 2),MANILA,3,1,BARANGAY 35,,,14.606631,120.96432,,,,,,,16,2020-09-25,OSP
MNL005 LP46 NP3-4,MNL005,LP46,NP3-4,MNL005 LP46,Orchard Building (City Square 2),MANILA,3,1,BARANGAY 35,,,14.605601,120.964365,,,,,,,16,2020-09-25,OSP
MNL003 LP287 NP1-2,MNL003,LP287,NP1-2,MNL003 LP287,City Square,MANILA,3,1,BARANGAY 350,,,14.61709772,120.9867331,,,,,,,16,2019-03-14,OSP
MNL037 LP221 NP3-4,MNL037,LP221,NP3-4,MNL037 LP221,Tayuman,MANILA,3,1,BARANGAY 350,,,14.617134,120.987116,,,,,,,16,2020-11-25,OSP
MNL037 LP221 NP5-6,MNL037,LP221,NP5-6,MNL037 LP221,Tayuman,MANILA,3,1,BARANGAY 350,,,14.617107,120.986742,,,,,,,16,2020-11-25,OSP
MNL037 LP488 NP3-4,MNL037,LP488,NP3-4,MNL037 LP488,Tayuman,MANILA,3,1,BARANGAY 350,,,14.617111,120.986747,,,,,,,16,2023-02-23,OSP
MNL037 LP487 NP1-2,MNL037,LP487,NP1-2,MNL037 LP487,Tayuman,MANILA,3,1,BARANGAY 350,,,14.62117,120.984921,,,,,,,16,2023-02-23,OSP
MNL003 LP290 NP3-4,MNL003,LP290,NP3-4,MNL003 LP290,City Square,MANILA,3,1,BARANGAY 351,,,14.61927491,120.9879845,,,,,,,16,2019-03-14,OSP
MNL003 LP290 NP5-6,MNL003,LP290,NP5-6,MNL003 LP290,City Square,MANILA,3,1,BARANGAY 351,,,14.61998783,120.9878535,,,,,,,16,2019-03-14,OSP
MNL003 LP290 NP7-8,MNL003,LP290,NP7-8,MNL003 LP290,City Square,MANILA,3,1,BARANGAY 351,,,14.62103951,120.9877475,,,,,,,16,2019-03-14,OSP
MNL003 LP291 NP1-2,MNL003,LP291,NP1-2,MNL003 LP291,City Square,MANILA,3,1,BARANGAY 351,,,14.61827379,120.9883408,,,,,,,16,2019-03-14,OSP
MNL003 LP291 NP3-4,MNL003,LP291,NP3-4,MNL003 LP291,City Square,MANILA,3,1,BARANGAY 351,,,14.61960673,120.9882326,,,,,,,16,2019-03-14,OSP
MNL003 LP291 NP5-6,MNL003,LP291,NP5-6,MNL003 LP291,City Square,MANILA,3,1,BARANGAY 351,,,14.6199644,120.9882129,,,,,,,16,2019-03-14,OSP
MNL003 LP291 NP7-8,MNL003,LP291,NP7-8,MNL003 LP291,City Square,MANILA,3,1,BARANGAY 351,,,14.62086647,120.9881732,,,,,,,16,2019-03-14,OSP
MNL003 LP292 NP1-2,MNL003,LP292,NP1-2,MNL003 LP292,City Square,MANILA,3,1,BARANGAY 351,,,14.61828056,120.9885621,,,,,,,16,2019-03-14,OSP
MNL003 LP292 NP5-6,MNL003,LP292,NP5-6,MNL003 LP292,City Square,MANILA,3,1,BARANGAY 351,,,14.61945084,120.9885401,,,,,,,16,2019-03-14,OSP
MNL003 LP292 NP7-8,MNL003,LP292,NP7-8,MNL003 LP292,City Square,MANILA,3,1,BARANGAY 351,,,14.62017644,120.988563,,,,,,,16,2019-03-14,OSP
MNL037 LP222 NP3-4,MNL037,LP222,NP3-4,MNL037 LP222,Tayuman,MANILA,3,1,BARANGAY 351,,,14.618294,120.988104,,,,,,,16,2020-11-25,OSP
MNL037 LP222 NP5-6,MNL037,LP222,NP5-6,MNL037 LP222,Tayuman,MANILA,3,1,BARANGAY 351,,,14.618604,120.98806,,,,,,,16,2020-11-25,OSP
MNL037 LP222 NP7-8,MNL037,LP222,NP7-8,MNL037 LP222,Tayuman,MANILA,3,1,BARANGAY 351,,,14.619061,120.988011,,,,,,,16,2020-11-25,OSP
MNL037 LP223 NP1-2,MNL037,LP223,NP1-2,MNL037 LP223,Tayuman,MANILA,3,1,BARANGAY 351,,,14.619284,120.987987,,,,,,,16,2020-11-25,OSP
MNL037 LP223 NP3-4,MNL037,LP223,NP3-4,MNL037 LP223,Tayuman,MANILA,3,1,BARANGAY 351,,,14.619631,120.987903,,,,,,,16,2020-11-25,OSP
MNL037 LP223 NP5-6,MNL037,LP223,NP5-6,MNL037 LP223,Tayuman,MANILA,3,1,BARANGAY 351,,,14.620235,120.987832,,,,,,,16,2020-11-25,OSP
MNL037 LP223 NP7-8,MNL037,LP223,NP7-8,MNL037 LP223,Tayuman,MANILA,3,1,BARANGAY 351,,,14.62051,120.987806,,,,,,,16,2020-11-25,OSP
MNL037 LP224 NP1-2,MNL037,LP224,NP1-2,MNL037 LP224,Tayuman,MANILA,3,1,BARANGAY 351,,,14.61872,120.988258,,,,,,,16,2020-11-25,OSP
MNL037 LP224 NP3-4,MNL037,LP224,NP3-4,MNL037 LP224,Tayuman,MANILA,3,1,BARANGAY 351,,,14.619313,120.988236,,,,,,,16,2020-11-25,OSP
MNL037 LP224 NP5-6,MNL037,LP224,NP5-6,MNL037 LP224,Tayuman,MANILA,3,1,BARANGAY 351,,,14.619614,120.988221,,,,,,,16,2020-11-25,OSP
MNL037 LP226 NP5-6,MNL037,LP226,NP5-6,MNL037 LP226,Tayuman,MANILA,3,1,BARANGAY 351,,,14.618609,120.988565,,,,,,,16,2020-11-25,OSP
MNL037 LP226 NP7-8,MNL037,LP226,NP7-8,MNL037 LP226,Tayuman,MANILA,3,1,BARANGAY 351,,,14.619063,120.98858,,,,,,,16,2020-11-25,OSP
MNL037 LP227 NP1-2,MNL037,LP227,NP1-2,MNL037 LP227,Tayuman,MANILA,3,1,BARANGAY 351,,,14.619495,120.988535,,,,,,,16,2020-11-25,OSP
MNL037 LP227 NP3-4,MNL037,LP227,NP3-4,MNL037 LP227,Tayuman,MANILA,3,1,BARANGAY 351,,,14.61997,120.988557,,,,,,,16,2020-11-25,OSP
MNL037 LP227 NP5-6,MNL037,LP227,NP5-6,MNL037 LP227,Tayuman,MANILA,3,1,BARANGAY 351,,,14.620402,120.98857,,,,,,,16,2020-11-25,OSP
MNL037 LP227 NP7-8,MNL037,LP227,NP7-8,MNL037 LP227,Tayuman,MANILA,3,1,BARANGAY 351,,,14.619961,120.988857,,,,,,,16,2020-11-25,OSP
MNL037 LP228 NP1-2,MNL037,LP228,NP1-2,MNL037 LP228,Tayuman,MANILA,3,1,BARANGAY 351,,,14.619424,120.988843,,,,,,,16,2020-11-25,OSP
MNL037 LP228 NP3-4,MNL037,LP228,NP3-4,MNL037 LP228,Tayuman,MANILA,3,1,BARANGAY 351,,,14.619146,120.988872,,,,,,,16,2020-11-25,OSP
MNL037 LP229 NP1-2,MNL037,LP229,NP1-2,MNL037 LP229,Tayuman,MANILA,3,1,BARANGAY 351,,,14.619979,120.988214,,,,,,,16,2020-11-25,OSP
MNL037 LP229 NP3-4,MNL037,LP229,NP3-4,MNL037 LP229,Tayuman,MANILA,3,1,BARANGAY 351,,,14.620411,120.988194,,,,,,,16,2020-11-25,OSP
MNL037 LP229 NP5-6,MNL037,LP229,NP5-6,MNL037 LP229,Tayuman,MANILA,3,1,BARANGAY 351,,,14.620977,120.988173,,,,,,,16,2020-11-25,OSP
MNL037 LP496 NP1-2,MNL037,LP496,NP1-2,MNL037 LP496,Tayuman,MANILA,3,1,BARANGAY 351,,,14.61997,120.988862,,,,,,,16,2023-02-23,OSP
MNL037 LP496 NP3-5,MNL037,LP496,NP3-5,MNL037 LP496,Tayuman,MANILA,3,1,BARANGAY 351,,,14.619722,120.988543,,,,,,,24,2023-02-23,OSP
MNL037 LP496 NP6-8,MNL037,LP496,NP6-8,MNL037 LP496,Tayuman,MANILA,3,1,BARANGAY 351,,,14.619496,120.988538,,,,,,,24,2023-02-23,OSP
MNL037 LP492 NP3-4,MNL037,LP492,NP3-4,MNL037 LP492,Tayuman,MANILA,3,1,BARANGAY 351,,,14.618819,120.988042,,,,,,,16,2023-02-23,OSP
MNL037 LP492 NP5-6,MNL037,LP492,NP5-6,MNL037 LP492,Tayuman,MANILA,3,1,BARANGAY 351,,,14.61945,120.987919,,,,,,,16,2023-02-23,OSP
MNL037 LP492 NP7-8,MNL037,LP492,NP7-8,MNL037 LP492,Tayuman,MANILA,3,1,BARANGAY 351,,,14.619633,120.987902,,,,,,,16,2023-02-23,OSP
MNL037 LP493 NP1-2,MNL037,LP493,NP1-2,MNL037 LP493,Tayuman,MANILA,3,1,BARANGAY 351,,,14.620501,120.987809,,,,,,,16,2023-02-23,OSP
MNL037 LP493 NP3-4,MNL037,LP493,NP3-4,MNL037 LP493,Tayuman,MANILA,3,1,BARANGAY 351,,,14.620758,120.98783,,,,,,,16,2023-02-23,OSP
MNL037 LP493 NP5-6,MNL037,LP493,NP5-6,MNL037 LP493,Tayuman,MANILA,3,1,BARANGAY 351,,,14.620955,120.987749,,,,,,,16,2023-02-23,OSP
MNL037 LP493 NP7-8,MNL037,LP493,NP7-8,MNL037 LP493,Tayuman,MANILA,3,1,BARANGAY 351,,,14.62114,120.98773,,,,,,,16,2023-02-23,OSP
MNL037 LP494 NP1-2,MNL037,LP494,NP1-2,MNL037 LP494,Tayuman,MANILA,3,1,BARANGAY 351,,,14.619618,120.988224,,,,,,,16,2023-02-23,OSP
MNL037 LP494 NP3-5,MNL037,LP494,NP3-5,MNL037 LP494,Tayuman,MANILA,3,1,BARANGAY 351,,,14.618484,120.98832,,,,,,,24,2023-02-23,OSP
MNL037 LP494 NP6-8,MNL037,LP494,NP6-8,MNL037 LP494,Tayuman,MANILA,3,1,BARANGAY 351,,,14.618292,120.988331,,,,,,,24,2023-02-23,OSP
MNL037 LP495 NP5-6,MNL037,LP495,NP5-6,MNL037 LP495,Tayuman,MANILA,3,1,BARANGAY 351,,,14.618271,120.98885,,,,,,,16,2023-02-23,OSP
MNL037 LP495 NP7-8,MNL037,LP495,NP7-8,MNL037 LP495,Tayuman,MANILA,3,1,BARANGAY 351,,,14.619421,120.988848,,,,,,,16,2023-02-23,OSP
MNL003 LP287 NP3-4,MNL003,LP287,NP3-4,MNL003 LP287,City Square,MANILA,3,1,BARANGAY 352,,,14.61724734,120.9881682,,,,,,,16,2019-03-14,OSP
MNL003 LP287 NP5-6,MNL003,LP287,NP5-6,MNL003 LP287,City Square,MANILA,3,1,BARANGAY 352,,,14.61660048,120.9872787,,,,,,,16,2019-03-14,OSP
MNL003 LP290 NP1-2,MNL003,LP290,NP1-2,MNL003 LP290,City Square,MANILA,3,1,BARANGAY 352,,,14.61825899,120.9880968,,,,,,,16,2019-03-14,OSP
MNL003 LP292 NP3-4,MNL003,LP292,NP3-4,MNL003 LP292,City Square,MANILA,3,1,BARANGAY 352,,,14.61740649,120.9885245,,,,,,,16,2019-03-14,OSP
MNL037 LP220 NP3-4,MNL037,LP220,NP3-4,MNL037 LP220,Tayuman,MANILA,3,1,BARANGAY 352,,,14.616619,120.987283,,,,,,,16,2020-11-25,OSP
MNL037 LP220 NP5-6,MNL037,LP220,NP5-6,MNL037 LP220,Tayuman,MANILA,3,1,BARANGAY 352,,,14.616628,120.987835,,,,,,,16,2020-11-25,OSP
MNL037 LP220 NP7-8,MNL037,LP220,NP7-8,MNL037 LP220,Tayuman,MANILA,3,1,BARANGAY 352,,,14.617252,120.988164,,,,,,,16,2020-11-25,OSP
MNL037 LP221 NP1-2,MNL037,LP221,NP1-2,MNL037 LP221,Tayuman,MANILA,3,1,BARANGAY 352,,,14.617187,120.987881,,,,,,,16,2020-11-25,OSP
MNL037 LP222 NP1-2,MNL037,LP222,NP1-2,MNL037 LP222,Tayuman,MANILA,3,1,BARANGAY 352,,,14.617789,120.988162,,,,,,,16,2020-11-25,OSP
MNL037 LP225 NP7-8,MNL037,LP225,NP7-8,MNL037 LP225,Tayuman,MANILA,3,1,BARANGAY 352,,,14.616598,120.988496,,,,,,,16,2020-11-25,OSP
MNL037 LP226 NP1-2,MNL037,LP226,NP1-2,MNL037 LP226,Tayuman,MANILA,3,1,BARANGAY 352,,,14.617417,120.988518,,,,,,,16,2020-11-25,OSP
MNL037 LP226 NP3-4,MNL037,LP226,NP3-4,MNL037 LP226,Tayuman,MANILA,3,1,BARANGAY 352,,,14.617795,120.988528,,,,,,,16,2020-11-25,OSP
MNL037 LP491 NP5-6,MNL037,LP491,NP5-6,MNL037 LP491,Tayuman,MANILA,3,1,BARANGAY 352,,,14.616179,120.986796,,,,,,,16,2023-02-23,OSP
MNL037 LP491 NP7-8,MNL037,LP491,NP7-8,MNL037 LP491,Tayuman,MANILA,3,1,BARANGAY 352,,,14.616401,120.986568,,,,,,,16,2023-02-23,OSP
MNL037 LP492 NP1-2,MNL037,LP492,NP1-2,MNL037 LP492,Tayuman,MANILA,3,1,BARANGAY 352,,,14.618036,120.988124,,,,,,,16,2023-02-23,OSP
MNL037 LP495 NP1-2,MNL037,LP495,NP1-2,MNL037 LP495,Tayuman,MANILA,3,1,BARANGAY 352,,,14.617432,120.988521,,,,,,,16,2023-02-23,OSP
MNL037 LP495 NP3-4,MNL037,LP495,NP3-4,MNL037 LP495,Tayuman,MANILA,3,1,BARANGAY 352,,,14.617004,120.988783,,,,,,,16,2023-02-23,OSP
MNL037 LP488 NP5-6,MNL037,LP488,NP5-6,MNL037 LP488,Tayuman,MANILA,3,1,BARANGAY 352,,,14.617249,120.988163,,,,,,,16,2023-02-23,OSP
MNL037 LP488 NP7-8,MNL037,LP488,NP7-8,MNL037 LP488,Tayuman,MANILA,3,1,BARANGAY 352,,,14.61661,120.9885,,,,,,,16,2023-02-23,OSP
MNL037 LP489 NP5-6,MNL037,LP489,NP5-6,MNL037 LP489,Tayuman,MANILA,3,1,BARANGAY 352,,,14.616646,120.98782,,,,,,,16,2023-02-23,OSP
MNL037 LP489 NP7-8,MNL037,LP489,NP7-8,MNL037 LP489,Tayuman,MANILA,3,1,BARANGAY 352,,,14.616621,120.987284,,,,,,,16,2023-02-23,OSP
MNL037 LP444 NP7-8,MNL037,LP444,NP7-8,MNL037 LP444,Tayuman,MANILA,3,1,BARANGAY 352,,,14.616131,120.98653,,,,,,,16,2022-10-29,OSP
MNL003 LP264 NP3-4,MNL003,LP264,NP3-4,MNL003 LP264,City Square,MANILA,3,1,BARANGAY 353,,,14.61802622,120.9826811,,,,,,,16,2019-02-27,OSP
MNL003 LP416 NP7-8,MNL003,LP416,NP7-8,MNL003 LP416,City Square,MANILA,3,1,BARANGAY 353,,,14.61668262,120.9804652,,,,,,,16,2019-07-28,OSP
MNL003 LP417 NP1-2,MNL003,LP417,NP1-2,MNL003 LP417,City Square,MANILA,3,1,BARANGAY 353,,,14.61671381,120.9809409,,,,,,,16,2019-07-28,OSP
MNL003 LP417 NP3-4,MNL003,LP417,NP3-4,MNL003 LP417,City Square,MANILA,3,1,BARANGAY 353,,,14.61674938,120.9813808,,,,,,,16,2019-07-28,OSP
MNL003 LP417 NP5-6,MNL003,LP417,NP5-6,MNL003 LP417,City Square,MANILA,3,1,BARANGAY 353,,,14.61680672,120.9818605,,,,,,,16,2019-07-28,OSP
MNL003 LP417 NP7-8,MNL003,LP417,NP7-8,MNL003 LP417,City Square,MANILA,3,1,BARANGAY 353,,,14.61721841,120.9822833,,,,,,,16,2019-07-28,OSP
MNL003 LP66 NP5-6,MNL003,LP66,NP5-6,MNL003 LP66,City Square,MANILA,3,1,BARANGAY 353,,,14.61779963,120.9809686,,,,,,,16,2018-08-27,OSP
MNL003 LP66 NP7-8,MNL003,LP66,NP7-8,MNL003 LP66,City Square,MANILA,3,1,BARANGAY 353,,,14.6167387,120.9809167,,,,,,,16,2018-08-27,OSP
MNL003 LP67 NP5-6,MNL003,LP67,NP5-6,MNL003 LP67,City Square,MANILA,3,1,BARANGAY 353,,,14.61683445,120.9818556,,,,,,,16,2018-08-27,OSP
MNL003 LP67 NP7-8,MNL003,LP67,NP7-8,MNL003 LP67,City Square,MANILA,3,1,BARANGAY 353,,,14.61690454,120.9826158,,,,,,,16,2018-08-27,OSP
MNL037 LP101 NP1-2,MNL037,LP101,NP1-2,MNL037 LP101,Tayuman,MANILA,3,1,BARANGAY 353,,,14.617594,120.980489,,,,,,,16,2020-10-27,OSP
MNL037 LP101 NP3-4,MNL037,LP101,NP3-4,MNL037 LP101,Tayuman,MANILA,3,1,BARANGAY 353,,,14.617108,120.980424,,,,,,,16,2020-10-27,OSP
MNL037 LP101 NP5-6,MNL037,LP101,NP5-6,MNL037 LP101,Tayuman,MANILA,3,1,BARANGAY 353,,,14.616681,120.980452,,,,,,,16,2020-10-27,OSP
MNL037 LP104 NP1-2,MNL037,LP104,NP1-2,MNL037 LP104,Tayuman,MANILA,3,1,BARANGAY 353,,,14.617303,120.98007,,,,,,,16,2020-10-27,OSP
MNL037 LP475 NP5-6,MNL037,LP475,NP5-6,MNL037 LP475,Tayuman,MANILA,3,1,BARANGAY 353,,,14.61747,120.980062,,,,,,,16,2023-02-23,OSP
MNL037 LP469 NP5-6,MNL037,LP469,NP5-6,MNL037 LP469,Tayuman,MANILA,3,1,BARANGAY 353,,,14.617792,120.980991,,,,,,,16,2023-02-23,OSP
MNL037 LP469 NP7-8,MNL037,LP469,NP7-8,MNL037 LP469,Tayuman,MANILA,3,1,BARANGAY 353,,,14.616971,120.980975,,,,,,,16,2023-02-23,OSP
MNL037 LP470 NP1-2,MNL037,LP470,NP1-2,MNL037 LP470,Tayuman,MANILA,3,1,BARANGAY 353,,,14.6167,120.980469,,,,,,,16,2023-02-23,OSP
MNL037 LP470 NP3-4,MNL037,LP470,NP3-4,MNL037 LP470,Tayuman,MANILA,3,1,BARANGAY 353,,,14.616991,120.980424,,,,,,,16,2023-02-23,OSP
MNL037 LP470 NP5-6,MNL037,LP470,NP5-6,MNL037 LP470,Tayuman,MANILA,3,1,BARANGAY 353,,,14.617624,120.98047,,,,,,,16,2023-02-23,OSP
MNL037 LP462 NP7-8,MNL037,LP462,NP7-8,MNL037 LP462,Tayuman,MANILA,3,1,BARANGAY 353,,,14.61759,120.981891,,,,,,,16,2023-02-23,OSP
MNL037 LP463 NP1-2,MNL037,LP463,NP1-2,MNL037 LP463,Tayuman,MANILA,3,1,BARANGAY 353,,,14.617137,120.981872,,,,,,,16,2023-02-23,OSP
MNL037 LP463 NP3-4,MNL037,LP463,NP3-4,MNL037 LP463,Tayuman,MANILA,3,1,BARANGAY 353,,,14.616825,120.981873,,,,,,,16,2023-02-23,OSP
MNL037 LP463 NP5-6,MNL037,LP463,NP5-6,MNL037 LP463,Tayuman,MANILA,3,1,BARANGAY 353,,,14.616768,120.98138,,,,,,,16,2023-02-23,OSP
MNL037 LP463 NP7-8,MNL037,LP463,NP7-8,MNL037 LP463,Tayuman,MANILA,3,1,BARANGAY 353,,,14.617274,120.981384,,,,,,,16,2023-02-23,OSP
MNL037 LP464 NP1-2,MNL037,LP464,NP1-2,MNL037 LP464,Tayuman,MANILA,3,1,BARANGAY 353,,,14.617776,120.981362,,,,,,,16,2023-02-23,OSP
MNL037 LP457 NP3-4,MNL037,LP457,NP3-4,MNL037 LP457,Tayuman,MANILA,3,1,BARANGAY 353,,,14.617603,120.982291,,,,,,,16,2023-02-23,OSP
MNL037 LP457 NP5-6,MNL037,LP457,NP5-6,MNL037 LP457,Tayuman,MANILA,3,1,BARANGAY 353,,,14.617899,120.982305,,,,,,,16,2023-02-23,OSP
MNL037 LP457 NP7-8,MNL037,LP457,NP7-8,MNL037 LP457,Tayuman,MANILA,3,1,BARANGAY 353,,,14.618088,120.982319,,,,,,,16,2023-02-23,OSP
MNL037 LP97 NP5-6,MNL037,LP97,NP5-6,MNL037 LP97,Tayuman,MANILA,3,1,BARANGAY 353,,,14.617821,120.981406,,,,,,,16,2020-10-27,OSP
MNL037 LP97 NP7-8,MNL037,LP97,NP7-8,MNL037 LP97,Tayuman,MANILA,3,1,BARANGAY 353,,,14.617412,120.981395,,,,,,,16,2020-10-27,OSP
MNL037 LP98 NP1-2,MNL037,LP98,NP1-2,MNL037 LP98,Tayuman,MANILA,3,1,BARANGAY 353,,,14.616747,120.981379,,,,,,,16,2020-10-27,OSP
MNL037 LP98 NP3-4,MNL037,LP98,NP3-4,MNL037 LP98,Tayuman,MANILA,3,1,BARANGAY 353,,,14.616715,120.980935,,,,,,,16,2020-10-27,OSP
MNL037 LP98 NP5-6,MNL037,LP98,NP5-6,MNL037 LP98,Tayuman,MANILA,3,1,BARANGAY 353,,,14.617091,120.980965,,,,,,,16,2020-10-27,OSP
MNL037 LP98 NP7-8,MNL037,LP98,NP7-8,MNL037 LP98,Tayuman,MANILA,3,1,BARANGAY 353,,,14.617451,120.980987,,,,,,,16,2020-10-27,OSP
MNL037 LP456 NP7-8,MNL037,LP456,NP7-8,MNL037 LP456,Tayuman,MANILA,3,1,BARANGAY 353,,,14.617734,120.982693,,,,,,,16,2023-02-23,OSP
MNL037 LP457 NP1-2,MNL037,LP457,NP1-2,MNL037 LP457,Tayuman,MANILA,3,1,BARANGAY 353,,,14.617414,120.982682,,,,,,,16,2023-02-23,OSP
MNL037 LP93 NP7-8,MNL037,LP93,NP7-8,MNL037 LP93,Tayuman,MANILA,3,1,BARANGAY 353,,,14.618044,120.982328,,,,,,,16,2020-10-27,OSP
MNL037 LP94 NP1-2,MNL037,LP94,NP1-2,MNL037 LP94,Tayuman,MANILA,3,1,BARANGAY 353,,,14.617566,120.982304,,,,,,,16,2020-10-27,OSP
MNL037 LP94 NP3-4,MNL037,LP94,NP3-4,MNL037 LP94,Tayuman,MANILA,3,1,BARANGAY 353,,,14.617204,120.982296,,,,,,,16,2020-10-27,OSP
MNL037 LP94 NP5-6,MNL037,LP94,NP5-6,MNL037 LP94,Tayuman,MANILA,3,1,BARANGAY 353,,,14.616844,120.982302,,,,,,,16,2020-10-27,OSP
MNL037 LP94 NP7-8,MNL037,LP94,NP7-8,MNL037 LP94,Tayuman,MANILA,3,1,BARANGAY 353,,,14.616826,120.981865,,,,,,,16,2020-10-27,OSP
MNL037 LP95 NP1-2,MNL037,LP95,NP1-2,MNL037 LP95,Tayuman,MANILA,3,1,BARANGAY 353,,,14.617107,120.981858,,,,,,,16,2020-10-27,OSP
MNL037 LP95 NP3-4,MNL037,LP95,NP3-4,MNL037 LP95,Tayuman,MANILA,3,1,BARANGAY 353,,,14.617569,120.981887,,,,,,,16,2020-10-27,OSP
MNL037 LP88 NP3-4,MNL037,LP88,NP3-4,MNL037 LP88,Tayuman,MANILA,3,1,BARANGAY 353,,,14.617251,120.982683,,,,,,,16,2020-09-29,OSP
MNL037 LP411 NP1-2,MNL037,LP411,NP1-2,MNL037 LP411,Tayuman,MANILA,3,1,BARANGAY 353,,,14.616737,120.982237,,,,,,,16,2022-10-29,OSP
MNL037 LP411 NP3-4,MNL037,LP411,NP3-4,MNL037 LP411,Tayuman,MANILA,3,1,BARANGAY 353,,,14.616601,120.980944,,,,,,,16,2022-10-29,OSP
MNL003 LP414 NP1-2,MNL003,LP414,NP1-2,MNL003 LP414,City Square,MANILA,3,1,BARANGAY 354,,,14.61817927,120.9823241,,,,,,,16,2019-07-28,OSP
MNL003 LP414 NP3-4,MNL003,LP414,NP3-4,MNL003 LP414,City Square,MANILA,3,1,BARANGAY 354,,,14.61819366,120.9818967,,,,,,,16,2019-07-28,OSP
MNL003 LP414 NP5-6,MNL003,LP414,NP5-6,MNL003 LP414,City Square,MANILA,3,1,BARANGAY 354,,,14.61819909,120.9813626,,,,,,,16,2019-07-28,OSP
MNL003 LP414 NP7-8,MNL003,LP414,NP7-8,MNL003 LP414,City Square,MANILA,3,1,BARANGAY 354,,,14.61820919,120.9809825,,,,,,,16,2019-07-28,OSP
MNL003 LP415 NP1-2,MNL003,LP415,NP1-2,MNL003 LP415,City Square,MANILA,3,1,BARANGAY 354,,,14.61822789,120.9805128,,,,,,,16,2019-07-28,OSP
MNL003 LP415 NP3-4,MNL003,LP415,NP3-4,MNL003 LP415,City Square,MANILA,3,1,BARANGAY 354,,,14.61823707,120.9800891,,,,,,,16,2019-07-28,OSP
MNL003 LP65 NP3-4,MNL003,LP65,NP3-4,MNL003 LP65,City Square,MANILA,3,1,BARANGAY 354,,,14.61825631,120.9800647,,,,,,,16,2018-08-27,OSP
MNL003 LP66 NP3-4,MNL003,LP66,NP3-4,MNL003 LP66,City Square,MANILA,3,1,BARANGAY 354,,,14.61864354,120.9809904,,,,,,,16,2018-08-27,OSP
MNL003 LP67 NP3-4,MNL003,LP67,NP3-4,MNL003 LP67,City Square,MANILA,3,1,BARANGAY 354,,,14.61823479,120.9819003,,,,,,,16,2018-08-27,OSP
MNL037 LP104 NP5-6,MNL037,LP104,NP5-6,MNL037 LP104,Tayuman,MANILA,3,1,BARANGAY 354,,,14.618244,120.980094,,,,,,,16,2020-10-27,OSP
MNL037 LP100 NP3-4,MNL037,LP100,NP3-4,MNL037 LP100,Tayuman,MANILA,3,1,BARANGAY 354,,,14.619147,120.98048,,,,,,,16,2020-10-27,OSP
MNL037 LP100 NP5-6,MNL037,LP100,NP5-6,MNL037 LP100,Tayuman,MANILA,3,1,BARANGAY 354,,,14.618444,120.98046,,,,,,,16,2020-10-27,OSP
MNL037 LP100 NP7-8,MNL037,LP100,NP7-8,MNL037 LP100,Tayuman,MANILA,3,1,BARANGAY 354,,,14.61823,120.980506,,,,,,,16,2020-10-27,OSP
MNL037 LP475 NP3-4,MNL037,LP475,NP3-4,MNL037 LP475,Tayuman,MANILA,3,1,BARANGAY 354,,,14.618271,120.980086,,,,,,,16,2023-02-23,OSP
MNL037 LP469 NP1-2,MNL037,LP469,NP1-2,MNL037 LP469,Tayuman,MANILA,3,1,BARANGAY 354,,,14.619151,120.981028,,,,,,,16,2023-02-23,OSP
MNL037 LP469 NP3-4,MNL037,LP469,NP3-4,MNL037 LP469,Tayuman,MANILA,3,1,BARANGAY 354,,,14.618248,120.981003,,,,,,,16,2023-02-23,OSP
MNL037 LP470 NP7-8,MNL037,LP470,NP7-8,MNL037 LP470,Tayuman,MANILA,3,1,BARANGAY 354,,,14.618255,120.980503,,,,,,,16,2023-02-23,OSP
MNL037 LP471 NP1-2,MNL037,LP471,NP1-2,MNL037 LP471,Tayuman,MANILA,3,1,BARANGAY 354,,,14.618722,120.980478,,,,,,,16,2023-02-23,OSP
MNL037 LP464 NP7-8,MNL037,LP464,NP7-8,MNL037 LP464,Tayuman,MANILA,3,1,BARANGAY 354,,,14.619156,120.9814,,,,,,,16,2023-02-23,OSP
MNL037 LP462 NP1-2,MNL037,LP462,NP1-2,MNL037 LP462,Tayuman,MANILA,3,1,BARANGAY 354,,,14.618954,120.981927,,,,,,,16,2023-02-23,OSP
MNL037 LP462 NP3-4,MNL037,LP462,NP3-4,MNL037 LP462,Tayuman,MANILA,3,1,BARANGAY 354,,,14.618515,120.981918,,,,,,,16,2023-02-23,OSP
MNL037 LP462 NP5-6,MNL037,LP462,NP5-6,MNL037 LP462,Tayuman,MANILA,3,1,BARANGAY 354,,,14.618222,120.981909,,,,,,,16,2023-02-23,OSP
MNL037 LP464 NP3-4,MNL037,LP464,NP3-4,MNL037 LP464,Tayuman,MANILA,3,1,BARANGAY 354,,,14.618228,120.981369,,,,,,,16,2023-02-23,OSP
MNL037 LP464 NP5-6,MNL037,LP464,NP5-6,MNL037 LP464,Tayuman,MANILA,3,1,BARANGAY 354,,,14.618812,120.981387,,,,,,,16,2023-02-23,OSP
MNL037 LP458 NP1-2,MNL037,LP458,NP1-2,MNL037 LP458,Tayuman,MANILA,3,1,BARANGAY 354,,,14.618762,120.982298,,,,,,,16,2023-02-23,OSP
MNL037 LP458 NP3-4,MNL037,LP458,NP3-4,MNL037 LP458,Tayuman,MANILA,3,1,BARANGAY 354,,,14.619149,120.982307,,,,,,,16,2023-02-23,OSP
MNL037 LP97 NP1-2,MNL037,LP97,NP1-2,MNL037 LP97,Tayuman,MANILA,3,1,BARANGAY 354,,,14.61859,120.981381,,,,,,,16,2020-10-27,OSP
MNL037 LP97 NP3-4,MNL037,LP97,NP3-4,MNL037 LP97,Tayuman,MANILA,3,1,BARANGAY 354,,,14.618183,120.98137,,,,,,,16,2020-10-27,OSP
MNL037 LP99 NP1-2,MNL037,LP99,NP1-2,MNL037 LP99,Tayuman,MANILA,3,1,BARANGAY 354,,,14.618219,120.980996,,,,,,,16,2020-10-27,OSP
MNL037 LP99 NP3-4,MNL037,LP99,NP3-4,MNL037 LP99,Tayuman,MANILA,3,1,BARANGAY 354,,,14.618615,120.981004,,,,,,,16,2020-10-27,OSP
MNL037 LP99 NP5-6,MNL037,LP99,NP5-6,MNL037 LP99,Tayuman,MANILA,3,1,BARANGAY 354,,,14.619118,120.981027,,,,,,,16,2020-10-27,OSP
MNL037 LP456 NP3-4,MNL037,LP456,NP3-4,MNL037 LP456,Tayuman,MANILA,3,1,BARANGAY 354,,,14.619118,120.982732,,,,,,,16,2023-02-23,OSP
MNL037 LP456 NP5-6,MNL037,LP456,NP5-6,MNL037 LP456,Tayuman,MANILA,3,1,BARANGAY 354,,,14.618402,120.982713,,,,,,,16,2023-02-23,OSP
MNL037 LP93 NP3-4,MNL037,LP93,NP3-4,MNL037 LP93,Tayuman,MANILA,3,1,BARANGAY 354,,,14.618917,120.982293,,,,,,,16,2020-10-27,OSP
MNL037 LP93 NP5-6,MNL037,LP93,NP5-6,MNL037 LP93,Tayuman,MANILA,3,1,BARANGAY 354,,,14.61872,120.982286,,,,,,,16,2020-10-27,OSP
MNL037 LP95 NP5-6,MNL037,LP95,NP5-6,MNL037 LP95,Tayuman,MANILA,3,1,BARANGAY 354,,,14.618208,120.981896,,,,,,,16,2020-10-27,OSP
MNL037 LP95 NP7-8,MNL037,LP95,NP7-8,MNL037 LP95,Tayuman,MANILA,3,1,BARANGAY 354,,,14.618577,120.981934,,,,,,,16,2020-10-27,OSP
MNL037 LP96 NP1-2,MNL037,LP96,NP1-2,MNL037 LP96,Tayuman,MANILA,3,1,BARANGAY 354,,,14.618923,120.981939,,,,,,,16,2020-10-27,OSP
MNL037 LP96 NP3-4,MNL037,LP96,NP3-4,MNL037 LP96,Tayuman,MANILA,3,1,BARANGAY 354,,,14.61913,120.981939,,,,,,,16,2020-10-27,OSP
MNL037 LP96 NP7-8,MNL037,LP96,NP7-8,MNL037 LP96,Tayuman,MANILA,3,1,BARANGAY 354,,,14.619048,120.98138,,,,,,,16,2020-10-27,OSP
MNL037 LP88 NP1-2,MNL037,LP88,NP1-2,MNL037 LP88,Tayuman,MANILA,3,1,BARANGAY 354,,,14.618406,120.982711,,,,,,,16,2020-09-29,OSP
MNL003 LP416 NP1-2,MNL003,LP416,NP1-2,MNL003 LP416,City Square,MANILA,3,1,BARANGAY 355,,,14.61826749,120.978898,,,,,,,16,2019-07-28,OSP
MNL003 LP416 NP3-4,MNL003,LP416,NP3-4,MNL003 LP416,City Square,MANILA,3,1,BARANGAY 355,,,14.61776686,120.9795209,,,,,,,16,2019-07-28,OSP
MNL003 LP416 NP5-6,MNL003,LP416,NP5-6,MNL003 LP416,City Square,MANILA,3,1,BARANGAY 355,,,14.61697599,120.9800472,,,,,,,16,2019-07-28,OSP
MNL003 LP415 NP5-6,MNL003,LP415,NP5-6,MNL003 LP415,City Square,MANILA,3,1,BARANGAY 355,,,14.61823634,120.9796562,,,,,,,16,2019-07-28,OSP
MNL003 LP415 NP7-8,MNL003,LP415,NP7-8,MNL003 LP415,City Square,MANILA,3,1,BARANGAY 355,,,14.6182589,120.9792427,,,,,,,16,2019-07-28,OSP
MNL003 LP65 NP5-6,MNL003,LP65,NP5-6,MNL003 LP65,City Square,MANILA,3,1,BARANGAY 355,,,14.61781079,120.9800431,,,,,,,16,2018-08-27,OSP
MNL003 LP65 NP7-8,MNL003,LP65,NP7-8,MNL003 LP65,City Square,MANILA,3,1,BARANGAY 355,,,14.61666906,120.9800364,,,,,,,16,2018-08-27,OSP
MNL005 LP628 NP3-5,MNL005,LP628,NP3-5,MNL005 LP628,Orchard Building (City Square 2),MANILA,3,1,BARANGAY 355,,,14.617661,120.978582,,,,,,,24,2022-05-22,OSP
MNL005 LP628 NP6-8,MNL005,LP628,NP6-8,MNL005 LP628,Orchard Building (City Square 2),MANILA,3,1,BARANGAY 355,,,14.617665,120.978576,,,,,,,24,2022-05-22,OSP
MNL037 LP108 NP7-8,MNL037,LP108,NP7-8,MNL037 LP108,Tayuman,MANILA,3,1,BARANGAY 355,,,14.618986,120.978962,,,,,,,16,2020-10-27,OSP
MNL037 LP104 NP7-8,MNL037,LP104,NP7-8,MNL037 LP104,Tayuman,MANILA,3,1,BARANGAY 355,,,14.618633,120.980099,,,,,,,16,2020-10-27,OSP
MNL037 LP105 NP1-2,MNL037,LP105,NP1-2,MNL037 LP105,Tayuman,MANILA,3,1,BARANGAY 355,,,14.618978,120.980112,,,,,,,16,2020-10-27,OSP
MNL037 LP105 NP7-8,MNL037,LP105,NP7-8,MNL037 LP105,Tayuman,MANILA,3,1,BARANGAY 355,,,14.618881,120.979686,,,,,,,16,2020-10-27,OSP
MNL037 LP106 NP1-2,MNL037,LP106,NP1-2,MNL037 LP106,Tayuman,MANILA,3,1,BARANGAY 355,,,14.618552,120.979681,,,,,,,16,2020-10-27,OSP
MNL037 LP106 NP3-4,MNL037,LP106,NP3-4,MNL037 LP106,Tayuman,MANILA,3,1,BARANGAY 355,,,14.618241,120.979655,,,,,,,16,2020-10-27,OSP
MNL037 LP106 NP5-6,MNL037,LP106,NP5-6,MNL037 LP106,Tayuman,MANILA,3,1,BARANGAY 355,,,14.618273,120.979242,,,,,,,16,2020-10-27,OSP
MNL037 LP106 NP7-8,MNL037,LP106,NP7-8,MNL037 LP106,Tayuman,MANILA,3,1,BARANGAY 355,,,14.618274,120.978904,,,,,,,16,2020-10-27,OSP
MNL037 LP107 NP1-2,MNL037,LP107,NP1-2,MNL037 LP107,Tayuman,MANILA,3,1,BARANGAY 355,,,14.618177,120.978645,,,,,,,16,2020-10-27,OSP
MNL037 LP107 NP3-4,MNL037,LP107,NP3-4,MNL037 LP107,Tayuman,MANILA,3,1,BARANGAY 355,,,14.617819,120.978722,,,,,,,16,2020-10-27,OSP
MNL037 LP107 NP5-6,MNL037,LP107,NP5-6,MNL037 LP107,Tayuman,MANILA,3,1,BARANGAY 355,,,14.617784,120.979116,,,,,,,16,2020-10-27,OSP
MNL037 LP107 NP7-8,MNL037,LP107,NP7-8,MNL037 LP107,Tayuman,MANILA,3,1,BARANGAY 355,,,14.61777,120.979761,,,,,,,16,2020-10-27,OSP
MNL037 LP108 NP3-4,MNL037,LP108,NP3-4,MNL037 LP108,Tayuman,MANILA,3,1,BARANGAY 355,,,14.618833,120.979336,,,,,,,16,2020-10-27,OSP
MNL037 LP101 NP7-8,MNL037,LP101,NP7-8,MNL037 LP101,Tayuman,MANILA,3,1,BARANGAY 355,,,14.616688,120.980041,,,,,,,16,2020-10-27,OSP
MNL037 LP104 NP3-4,MNL037,LP104,NP3-4,MNL037 LP104,Tayuman,MANILA,3,1,BARANGAY 355,,,14.617779,120.980044,,,,,,,16,2020-10-27,OSP
MNL037 LP476 NP5-6,MNL037,LP476,NP5-6,MNL037 LP476,Tayuman,MANILA,3,1,BARANGAY 355,,,14.617807,120.979117,,,,,,,16,2023-02-23,OSP
MNL037 LP476 NP7-8,MNL037,LP476,NP7-8,MNL037 LP476,Tayuman,MANILA,3,1,BARANGAY 355,,,14.6183,120.978901,,,,,,,16,2023-02-23,OSP
MNL037 LP477 NP1-2,MNL037,LP477,NP1-2,MNL037 LP477,Tayuman,MANILA,3,1,BARANGAY 355,,,14.618914,120.978917,,,,,,,16,2023-02-23,OSP
MNL037 LP477 NP3-4,MNL037,LP477,NP3-4,MNL037 LP477,Tayuman,MANILA,3,1,BARANGAY 355,,,14.619258,120.978924,,,,,,,16,2023-02-23,OSP
MNL037 LP478 NP3-4,MNL037,LP478,NP3-4,MNL037 LP478,Tayuman,MANILA,3,1,BARANGAY 355,,,14.619022,120.979279,,,,,,,16,2023-02-23,OSP
MNL037 LP478 NP5-6,MNL037,LP478,NP5-6,MNL037 LP478,Tayuman,MANILA,3,1,BARANGAY 355,,,14.618584,120.979258,,,,,,,16,2023-02-23,OSP
MNL037 LP478 NP7-8,MNL037,LP478,NP7-8,MNL037 LP478,Tayuman,MANILA,3,1,BARANGAY 355,,,14.618298,120.979246,,,,,,,16,2023-02-23,OSP
MNL037 LP479 NP1-2,MNL037,LP479,NP1-2,MNL037 LP479,Tayuman,MANILA,3,1,BARANGAY 355,,,14.618583,120.979669,,,,,,,16,2023-02-23,OSP
MNL037 LP479 NP3-4,MNL037,LP479,NP3-4,MNL037 LP479,Tayuman,MANILA,3,1,BARANGAY 355,,,14.618896,120.979679,,,,,,,16,2023-02-23,OSP
MNL037 LP475 NP1-2,MNL037,LP475,NP1-2,MNL037 LP475,Tayuman,MANILA,3,1,BARANGAY 355,,,14.619001,120.980104,,,,,,,16,2023-02-23,OSP
MNL037 LP475 NP7-8,MNL037,LP475,NP7-8,MNL037 LP475,Tayuman,MANILA,3,1,BARANGAY 355,,,14.616704,120.980051,,,,,,,16,2023-02-23,OSP
MNL037 LP476 NP1-2,MNL037,LP476,NP1-2,MNL037 LP476,Tayuman,MANILA,3,1,BARANGAY 355,,,14.61782,120.980064,,,,,,,16,2023-02-23,OSP
MNL037 LP476 NP3-4,MNL037,LP476,NP3-4,MNL037 LP476,Tayuman,MANILA,3,1,BARANGAY 355,,,14.617799,120.979541,,,,,,,16,2023-02-23,OSP
MNL037 LP411 NP5-6,MNL037,LP411,NP5-6,MNL037 LP411,Tayuman,MANILA,3,1,BARANGAY 355,,,14.616555,120.980007,,,,,,,16,2022-10-29,OSP
MNL037 LP411 NP7-8,MNL037,LP411,NP7-8,MNL037 LP411,Tayuman,MANILA,3,1,BARANGAY 355,,,14.616544,120.979679,,,,,,,16,2022-10-29,OSP
MNL003 LP265 NP3-4,MNL003,LP265,NP3-4,MNL003 LP265,City Square,MANILA,3,1,BARANGAY 356,,,14.62231479,120.9828069,,,,,,,16,2019-02-27,OSP
MNL003 LP422 NP3-4,MNL003,LP422,NP3-4,MNL003 LP422,City Square,MANILA,3,1,BARANGAY 356,,,14.62184313,120.9810937,,,,,,,16,2019-07-28,OSP
MNL003 LP422 NP7-8,MNL003,LP422,NP7-8,MNL003 LP422,City Square,MANILA,3,1,BARANGAY 356,,,14.62181638,120.9820057,,,,,,,16,2019-07-28,OSP
MNL003 LP423 NP3-4,MNL003,LP423,NP3-4,MNL003 LP423,City Square,MANILA,3,1,BARANGAY 356,,,14.62259094,120.9820277,,,,,,,16,2019-07-28,OSP
MNL003 LP423 NP5-6,MNL003,LP423,NP5-6,MNL003 LP423,City Square,MANILA,3,1,BARANGAY 356,,,14.62267218,120.9811077,,,,,,,16,2019-07-28,OSP
MNL003 LP71 NP5-6,MNL003,LP71,NP5-6,MNL003 LP71,City Square,MANILA,3,1,BARANGAY 356,,,14.62268072,120.9811271,,,,,,,16,2018-08-27,OSP
MNL003 LP71 NP7-8,MNL003,LP71,NP7-8,MNL003 LP71,City Square,MANILA,3,1,BARANGAY 356,,,14.6226125,120.9820146,,,,,,,16,2018-08-27,OSP
MNL037 LP121 NP3-4,MNL037,LP121,NP3-4,MNL037 LP121,Tayuman,MANILA,3,1,BARANGAY 356,,,14.621839,120.982007,,,,,,,16,2020-11-28,OSP
MNL037 LP121 NP5-6,MNL037,LP121,NP5-6,MNL037 LP121,Tayuman,MANILA,3,1,BARANGAY 356,,,14.622159,120.982023,,,,,,,16,2020-11-28,OSP
MNL037 LP121 NP7-8,MNL037,LP121,NP7-8,MNL037 LP121,Tayuman,MANILA,3,1,BARANGAY 356,,,14.622605,120.98204,,,,,,,16,2020-11-28,OSP
MNL037 LP122 NP1-2,MNL037,LP122,NP1-2,MNL037 LP122,Tayuman,MANILA,3,1,BARANGAY 356,,,14.622148,120.982404,,,,,,,16,2020-11-28,OSP
MNL037 LP122 NP3-4,MNL037,LP122,NP3-4,MNL037 LP122,Tayuman,MANILA,3,1,BARANGAY 356,,,14.621836,120.982434,,,,,,,16,2020-11-28,OSP
MNL037 LP117 NP3-4,MNL037,LP117,NP3-4,MNL037 LP117,Tayuman,MANILA,3,1,BARANGAY 356,,,14.621862,120.981102,,,,,,,16,2020-11-28,OSP
MNL037 LP118 NP1-2,MNL037,LP118,NP1-2,MNL037 LP118,Tayuman,MANILA,3,1,BARANGAY 356,,,14.622645,120.98154,,,,,,,16,2020-11-28,OSP
MNL037 LP118 NP3-4,MNL037,LP118,NP3-4,MNL037 LP118,Tayuman,MANILA,3,1,BARANGAY 356,,,14.622367,120.981529,,,,,,,16,2020-11-28,OSP
MNL037 LP118 NP5-6,MNL037,LP118,NP5-6,MNL037 LP118,Tayuman,MANILA,3,1,BARANGAY 356,,,14.621854,120.981477,,,,,,,16,2020-11-28,OSP
MNL037 LP83 NP7-8,MNL037,LP83,NP7-8,MNL037 LP83,Tayuman,MANILA,3,1,BARANGAY 356,,,14.622329,120.982803,,,,,,,16,2020-09-27,OSP
MNL037 LP557 NP1-2,MNL037,LP557,NP1-2,MNL037 LP557,Tayuman,MANILA,3,1,BARANGAY 356,,,14.622241,120.982805,,,,,,,16,2022-06-26,OSP
MNL037 LP466 NP5-6,MNL037,LP466,NP5-6,MNL037 LP466,Tayuman,MANILA,3,1,BARANGAY 356,,,14.621848,120.981469,,,,,,,16,2023-02-23,OSP
MNL037 LP466 NP7-8,MNL037,LP466,NP7-8,MNL037 LP466,Tayuman,MANILA,3,1,BARANGAY 356,,,14.622658,120.981534,,,,,,,16,2023-02-23,OSP
MNL037 LP467 NP1-2,MNL037,LP467,NP1-2,MNL037 LP467,Tayuman,MANILA,3,1,BARANGAY 356,,,14.622691,120.981117,,,,,,,16,2023-02-23,OSP
MNL037 LP467 NP5-6,MNL037,LP467,NP5-6,MNL037 LP467,Tayuman,MANILA,3,1,BARANGAY 356,,,14.621858,120.98111,,,,,,,16,2023-02-23,OSP
MNL037 LP460 NP5-6,MNL037,LP460,NP5-6,MNL037 LP460,Tayuman,MANILA,3,1,BARANGAY 356,,,14.621838,120.982009,,,,,,,16,2023-02-23,OSP
MNL037 LP459 NP7-8,MNL037,LP459,NP7-8,MNL037 LP459,Tayuman,MANILA,3,1,BARANGAY 356,,,14.621833,120.982429,,,,,,,16,2023-02-23,OSP
MNL037 LP460 NP1-2,MNL037,LP460,NP1-2,MNL037 LP460,Tayuman,MANILA,3,1,BARANGAY 356,,,14.622147,120.982396,,,,,,,16,2023-02-23,OSP
MNL037 LP460 NP3-4,MNL037,LP460,NP3-4,MNL037 LP460,Tayuman,MANILA,3,1,BARANGAY 356,,,14.622605,120.982033,,,,,,,16,2023-02-23,OSP
MNL037 LP455 NP1-2,MNL037,LP455,NP1-2,MNL037 LP455,Tayuman,MANILA,3,1,BARANGAY 356,,,14.622331,120.982805,,,,,,,16,2023-02-23,OSP
MNL003 LP265 NP1-2,MNL003,LP265,NP1-2,MNL003 LP265,City Square,MANILA,3,1,BARANGAY 357,,,14.62179739,120.9827915,,,,,,,16,2019-02-27,OSP
MNL003 LP264 NP7-8,MNL003,LP264,NP7-8,MNL003 LP264,City Square,MANILA,3,1,BARANGAY 357,,,14.62067238,120.9827781,,,,,,,16,2019-02-27,OSP
MNL003 LP420 NP3-4,MNL003,LP420,NP3-4,MNL003 LP420,City Square,MANILA,3,1,BARANGAY 357,,,14.62056685,120.9823903,,,,,,,16,2019-07-28,OSP
MNL003 LP423 NP1-2,MNL003,LP423,NP1-2,MNL003 LP423,City Square,MANILA,3,1,BARANGAY 357,,,14.62180865,120.982424,,,,,,,16,2019-07-28,OSP
MNL003 LP68 NP1-2,MNL003,LP68,NP1-2,MNL003 LP68,City Square,MANILA,3,1,BARANGAY 357,,,14.62059693,120.9819693,,,,,,,16,2018-08-27,OSP
MNL037 LP120 NP5-6,MNL037,LP120,NP5-6,MNL037 LP120,Tayuman,MANILA,3,1,BARANGAY 357,,,14.620595,120.981978,,,,,,,16,2020-11-28,OSP
MNL037 LP120 NP7-8,MNL037,LP120,NP7-8,MNL037 LP120,Tayuman,MANILA,3,1,BARANGAY 357,,,14.621022,120.981989,,,,,,,16,2020-11-28,OSP
MNL037 LP121 NP1-2,MNL037,LP121,NP1-2,MNL037 LP121,Tayuman,MANILA,3,1,BARANGAY 357,,,14.621285,120.981994,,,,,,,16,2020-11-28,OSP
MNL037 LP122 NP5-6,MNL037,LP122,NP5-6,MNL037 LP122,Tayuman,MANILA,3,1,BARANGAY 357,,,14.621643,120.982371,,,,,,,16,2020-11-28,OSP
MNL037 LP122 NP7-8,MNL037,LP122,NP7-8,MNL037 LP122,Tayuman,MANILA,3,1,BARANGAY 357,,,14.621258,120.982375,,,,,,,16,2020-11-28,OSP
MNL037 LP123 NP1-2,MNL037,LP123,NP1-2,MNL037 LP123,Tayuman,MANILA,3,1,BARANGAY 357,,,14.620891,120.982364,,,,,,,16,2020-11-28,OSP
MNL037 LP123 NP3-4,MNL037,LP123,NP3-4,MNL037 LP123,Tayuman,MANILA,3,1,BARANGAY 357,,,14.620589,120.982394,,,,,,,16,2020-11-28,OSP
MNL037 LP83 NP3-4,MNL037,LP83,NP3-4,MNL037 LP83,Tayuman,MANILA,3,1,BARANGAY 357,,,14.620678,120.982778,,,,,,,16,2020-09-27,OSP
MNL037 LP83 NP5-6,MNL037,LP83,NP5-6,MNL037 LP83,Tayuman,MANILA,3,1,BARANGAY 357,,,14.621437,120.982794,,,,,,,16,2020-09-27,OSP
MNL037 LP556 NP3-5,MNL037,LP556,NP3-5,MNL037 LP556,Tayuman,MANILA,3,1,BARANGAY 357,,,14.621088,120.982771,,,,,,,24,2022-06-26,OSP
MNL037 LP556 NP6-8,MNL037,LP556,NP6-8,MNL037 LP556,Tayuman,MANILA,3,1,BARANGAY 357,,,14.621804,120.982793,,,,,,,24,2022-06-26,OSP
MNL037 LP460 NP7-8,MNL037,LP460,NP7-8,MNL037 LP460,Tayuman,MANILA,3,1,BARANGAY 357,,,14.621282,120.981995,,,,,,,16,2023-02-23,OSP
MNL037 LP461 NP1-2,MNL037,LP461,NP1-2,MNL037 LP461,Tayuman,MANILA,3,1,BARANGAY 357,,,14.621008,120.981986,,,,,,,16,2023-02-23,OSP
MNL037 LP461 NP3-4,MNL037,LP461,NP3-4,MNL037 LP461,Tayuman,MANILA,3,1,BARANGAY 357,,,14.620592,120.981981,,,,,,,16,2023-02-23,OSP
MNL037 LP459 NP3-4,MNL037,LP459,NP3-4,MNL037 LP459,Tayuman,MANILA,3,1,BARANGAY 357,,,14.620581,120.982393,,,,,,,16,2023-02-23,OSP
MNL037 LP459 NP5-6,MNL037,LP459,NP5-6,MNL037 LP459,Tayuman,MANILA,3,1,BARANGAY 357,,,14.621081,120.982368,,,,,,,16,2023-02-23,OSP
MNL037 LP455 NP3-4,MNL037,LP455,NP3-4,MNL037 LP455,Tayuman,MANILA,3,1,BARANGAY 357,,,14.621448,120.982788,,,,,,,16,2023-02-23,OSP
MNL037 LP455 NP5-6,MNL037,LP455,NP5-6,MNL037 LP455,Tayuman,MANILA,3,1,BARANGAY 357,,,14.621087,120.982785,,,,,,,16,2023-02-23,OSP
MNL003 LP264 NP5-6,MNL003,LP264,NP5-6,MNL003 LP264,City Square,MANILA,3,1,BARANGAY 358,,,14.61942998,120.9827235,,,,,,,16,2019-02-27,OSP
MNL003 LP420 NP5-6,MNL003,LP420,NP5-6,MNL003 LP420,City Square,MANILA,3,1,BARANGAY 358,,,14.62057156,120.9819676,,,,,,,16,2019-07-28,OSP
MNL003 LP419 NP7-8,MNL003,LP419,NP7-8,MNL003 LP419,City Square,MANILA,3,1,BARANGAY 358,,,14.61944104,120.9819448,,,,,,,16,2019-07-28,OSP
MNL003 LP420 NP1-2,MNL003,LP420,NP1-2,MNL003 LP420,City Square,MANILA,3,1,BARANGAY 358,,,14.61943531,120.9823081,,,,,,,16,2019-07-28,OSP
MNL003 LP67 NP1-2,MNL003,LP67,NP1-2,MNL003 LP67,City Square,MANILA,3,1,BARANGAY 358,,,14.61948667,120.9819347,,,,,,,16,2018-08-27,OSP
MNL037 LP119 NP7-8,MNL037,LP119,NP7-8,MNL037 LP119,Tayuman,MANILA,3,1,BARANGAY 358,,,14.619465,120.98169,,,,,,,16,2020-11-28,OSP
MNL037 LP120 NP1-2,MNL037,LP120,NP1-2,MNL037 LP120,Tayuman,MANILA,3,1,BARANGAY 358,,,14.619733,120.981949,,,,,,,16,2020-11-28,OSP
MNL037 LP120 NP3-4,MNL037,LP120,NP3-4,MNL037 LP120,Tayuman,MANILA,3,1,BARANGAY 358,,,14.620311,120.981967,,,,,,,16,2020-11-28,OSP
MNL037 LP1 NP1-2,MNL037,LP1,NP1-2,MNL037 LP1,Tayuman,MANILA,3,1,BARANGAY 358,,,14.619463,120.981956,,,,,,,16,2020-09-29,OSP
MNL037 LP83 NP1-2,MNL037,LP83,NP1-2,MNL037 LP83,Tayuman,MANILA,3,1,BARANGAY 358,,,14.619824,120.982754,,,,,,,16,2020-09-27,OSP
MNL037 LP556 NP1-2,MNL037,LP556,NP1-2,MNL037 LP556,Tayuman,MANILA,3,1,BARANGAY 358,,,14.620385,120.982745,,,,,,,16,2022-06-26,OSP
MNL037 LP461 NP5-6,MNL037,LP461,NP5-6,MNL037 LP461,Tayuman,MANILA,3,1,BARANGAY 358,,,14.620021,120.981968,,,,,,,16,2023-02-23,OSP
MNL037 LP461 NP7-8,MNL037,LP461,NP7-8,MNL037 LP461,Tayuman,MANILA,3,1,BARANGAY 358,,,14.61947,120.981944,,,,,,,16,2023-02-23,OSP
MNL037 LP458 NP5-6,MNL037,LP458,NP5-6,MNL037 LP458,Tayuman,MANILA,3,1,BARANGAY 358,,,14.619463,120.982313,,,,,,,16,2023-02-23,OSP
MNL037 LP458 NP7-8,MNL037,LP458,NP7-8,MNL037 LP458,Tayuman,MANILA,3,1,BARANGAY 358,,,14.620014,120.982334,,,,,,,16,2023-02-23,OSP
MNL037 LP459 NP1-2,MNL037,LP459,NP1-2,MNL037 LP459,Tayuman,MANILA,3,1,BARANGAY 358,,,14.620387,120.982337,,,,,,,16,2023-02-23,OSP
MNL037 LP455 NP7-8,MNL037,LP455,NP7-8,MNL037 LP455,Tayuman,MANILA,3,1,BARANGAY 358,,,14.620359,120.982766,,,,,,,16,2023-02-23,OSP
MNL037 LP456 NP1-2,MNL037,LP456,NP1-2,MNL037 LP456,Tayuman,MANILA,3,1,BARANGAY 358,,,14.619823,120.982752,,,,,,,16,2023-02-23,OSP
MNL037 LP93 NP1-2,MNL037,LP93,NP1-2,MNL037 LP93,Tayuman,MANILA,3,1,BARANGAY 358,,,14.619415,120.982314,,,,,,,16,2020-10-27,OSP
MNL003 LP421 NP7-8,MNL003,LP421,NP7-8,MNL003 LP421,City Square,MANILA,3,1,BARANGAY 359,,,14.6218688,120.9801786,,,,,,,16,2019-07-28,OSP
MNL003 LP423 NP7-8,MNL003,LP423,NP7-8,MNL003 LP423,City Square,MANILA,3,1,BARANGAY 359,,,14.62277357,120.9801007,,,,,,,16,2019-07-28,OSP
MNL003 LP71 NP3-4,MNL003,LP71,NP3-4,MNL003 LP71,City Square,MANILA,3,1,BARANGAY 359,,,14.62277851,120.980079,,,,,,,16,2018-08-27,OSP
MNL037 LP112 NP1-2,MNL037,LP112,NP1-2,MNL037 LP112,Tayuman,MANILA,3,1,BARANGAY 359,,,14.621948,120.979534,,,,,,,16,2020-11-28,OSP
MNL037 LP112 NP3-4,MNL037,LP112,NP3-4,MNL037 LP112,Tayuman,MANILA,3,1,BARANGAY 359,,,14.621884,120.980183,,,,,,,16,2020-11-28,OSP
MNL037 LP117 NP5-6,MNL037,LP117,NP5-6,MNL037 LP117,Tayuman,MANILA,3,1,BARANGAY 359,,,14.622097,120.981108,,,,,,,16,2020-11-28,OSP
MNL037 LP117 NP7-8,MNL037,LP117,NP7-8,MNL037 LP117,Tayuman,MANILA,3,1,BARANGAY 359,,,14.622357,120.981114,,,,,,,16,2020-11-28,OSP
MNL037 LP472 NP7-8,MNL037,LP472,NP7-8,MNL037 LP472,Tayuman,MANILA,3,1,BARANGAY 359,,,14.622196,120.980579,,,,,,,16,2023-02-23,OSP
MNL037 LP473 NP1-2,MNL037,LP473,NP1-2,MNL037 LP473,Tayuman,MANILA,3,1,BARANGAY 359,,,14.622749,120.980574,,,,,,,16,2023-02-23,OSP
MNL037 LP473 NP3-4,MNL037,LP473,NP3-4,MNL037 LP473,Tayuman,MANILA,3,1,BARANGAY 359,,,14.622586,120.980206,,,,,,,16,2023-02-23,OSP
MNL037 LP473 NP5-6,MNL037,LP473,NP5-6,MNL037 LP473,Tayuman,MANILA,3,1,BARANGAY 359,,,14.62188,120.980198,,,,,,,16,2023-02-23,OSP
MNL037 LP467 NP3-4,MNL037,LP467,NP3-4,MNL037 LP467,Tayuman,MANILA,3,1,BARANGAY 359,,,14.622357,120.981115,,,,,,,16,2023-02-23,OSP
MNL037 LP315 NP6-8,MNL037,LP315,NP6-8,MNL037 LP315,Tayuman,MANILA,3,1,BARANGAY 359,,,14.621959,120.97954,,,,,,,24,2022-01-17,OSP
MNL003 LP204 NP7-8,MNL003,LP204,NP7-8,MNL003 LP204,City Square,MANILA,3,1,BARANGAY 36,,,14.60693523,120.9654013,,,,,,,16,2019-02-12,OSP
MNL003 LP205 NP1-2,MNL003,LP205,NP1-2,MNL003 LP205,City Square,MANILA,3,1,BARANGAY 36,,,14.60688881,120.9649346,,,,,,,16,2019-02-12,OSP
MNL003 LP206 NP5-6,MNL003,LP206,NP5-6,MNL003 LP206,City Square,MANILA,3,1,BARANGAY 36,,,14.60753299,120.9641266,,,,,,,16,2019-02-12,OSP
MNL003 LP206 NP7-8,MNL003,LP206,NP7-8,MNL003 LP206,City Square,MANILA,3,1,BARANGAY 36,,,14.60722537,120.9642029,,,,,,,16,2019-02-12,OSP
MNL003 LP207 NP1-2,MNL003,LP207,NP1-2,MNL003 LP207,City Square,MANILA,3,1,BARANGAY 36,,,14.60684141,120.9642733,,,,,,,16,2019-02-12,OSP
MNL005 LP270 NP1-2,MNL005,LP270,NP1-2,MNL005 LP270,Orchard Building (City Square 2),MANILA,3,1,BARANGAY 36,,,14.60688,120.965104,,,,,,,16,2021-10-21,OSP
MNL005 LP270 NP3-5,MNL005,LP270,NP3-5,MNL005 LP270,Orchard Building (City Square 2),MANILA,3,1,BARANGAY 36,,,14.606876,120.964895,,,,,,,24,2021-10-21,OSP
MNL005 LP273 NP1-2,MNL005,LP273,NP1-2,MNL005 LP273,Orchard Building (City Square 2),MANILA,3,1,BARANGAY 36,,,14.606857,120.964276,,,,,,,16,2021-10-21,OSP
MNL005 LP273 NP3-5,MNL005,LP273,NP3-5,MNL005 LP273,Orchard Building (City Square 2),MANILA,3,1,BARANGAY 36,,,14.606896,120.964562,,,,,,,24,2021-10-21,OSP
MNL005 LP273 NP6-8,MNL005,LP273,NP6-8,MNL005 LP273,Orchard Building (City Square 2),MANILA,3,1,BARANGAY 36,,,14.606895,120.96456,,,,,,,24,2021-10-21,OSP
MNL005 LP33 NP5-6,MNL005,LP33,NP5-6,MNL005 LP33,Orchard Building (City Square 2),MANILA,3,1,BARANGAY 36,,,14.607552,120.964134,,,,,,,16,2020-09-25,OSP
MNL005 LP32 NP1-2,MNL005,LP32,NP1-2,MNL005 LP32,Orchard Building (City Square 2),MANILA,3,1,BARANGAY 36,,,14.606885,120.964633,,,,,,,16,2020-09-25,OSP
MNL005 LP290 NP1-2,MNL005,LP290,NP1-2,MNL005 LP290,Orchard Building (City Square 2),MANILA,3,1,BARANGAY 36,,,14.607238,120.964198,,,,,,,16,2021-11-17,OSP
MNL005 LP289 NP6-8,MNL005,LP289,NP6-8,MNL005 LP289,Orchard Building (City Square 2),MANILA,3,1,BARANGAY 36,,,14.607559,120.964127,,,,,,,24,2021-11-17,OSP
MNL001 LP25 NP5-6,MNL001,LP25,NP5-6,MNL001 LP25,Zen Tower,MANILA,3,1,BARANGAY 36,,,14.606914,120.965315,,,,,,,16,2015-07-27,OSP
MNL003 LP420 NP7-8,MNL003,LP420,NP7-8,MNL003 LP420,City Square,MANILA,3,1,BARANGAY 360,,,14.62059195,120.9814222,,,,,,,16,2019-07-28,OSP
MNL003 LP421 NP1-2,MNL003,LP421,NP1-2,MNL003 LP421,City Square,MANILA,3,1,BARANGAY 360,,,14.62059872,120.9810689,,,,,,,16,2019-07-28,OSP
MNL003 LP421 NP5-6,MNL003,LP421,NP5-6,MNL003 LP421,City Square,MANILA,3,1,BARANGAY 360,,,14.6206167,120.9801459,,,,,,,16,2019-07-28,OSP
MNL003 LP422 NP1-2,MNL003,LP422,NP1-2,MNL003 LP422,City Square,MANILA,3,1,BARANGAY 360,,,14.62185762,120.9805712,,,,,,,16,2019-07-28,OSP
MNL003 LP422 NP5-6,MNL003,LP422,NP5-6,MNL003 LP422,City Square,MANILA,3,1,BARANGAY 360,,,14.62182883,120.9815042,,,,,,,16,2019-07-28,OSP
MNL003 LP68 NP3-4,MNL003,LP68,NP3-4,MNL003 LP68,City Square,MANILA,3,1,BARANGAY 360,,,14.62063625,120.9810103,,,,,,,16,2018-08-27,OSP
MNL003 LP68 NP5-6,MNL003,LP68,NP5-6,MNL003 LP68,City Square,MANILA,3,1,BARANGAY 360,,,14.62064369,120.9801506,,,,,,,16,2018-08-27,OSP
MNL037 LP112 NP7-8,MNL037,LP112,NP7-8,MNL037 LP112,Tayuman,MANILA,3,1,BARANGAY 360,,,14.620651,120.979863,,,,,,,16,2020-11-28,OSP
MNL037 LP115 NP1-2,MNL037,LP115,NP1-2,MNL037 LP115,Tayuman,MANILA,3,1,BARANGAY 360,,,14.620638,120.980564,,,,,,,16,2020-11-28,OSP
MNL037 LP116 NP5-6,MNL037,LP116,NP5-6,MNL037 LP116,Tayuman,MANILA,3,1,BARANGAY 360,,,14.620619,120.981071,,,,,,,16,2020-11-28,OSP
MNL037 LP116 NP7-8,MNL037,LP116,NP7-8,MNL037 LP116,Tayuman,MANILA,3,1,BARANGAY 360,,,14.620935,120.981077,,,,,,,16,2020-11-28,OSP
MNL037 LP117 NP1-2,MNL037,LP117,NP1-2,MNL037 LP117,Tayuman,MANILA,3,1,BARANGAY 360,,,14.621132,120.981083,,,,,,,16,2020-11-28,OSP
MNL037 LP112 NP5-6,MNL037,LP112,NP5-6,MNL037 LP112,Tayuman,MANILA,3,1,BARANGAY 360,,,14.620642,120.980142,,,,,,,16,2020-11-28,OSP
MNL037 LP118 NP7-8,MNL037,LP118,NP7-8,MNL037 LP118,Tayuman,MANILA,3,1,BARANGAY 360,,,14.621029,120.981454,,,,,,,16,2020-11-28,OSP
MNL037 LP119 NP1-2,MNL037,LP119,NP1-2,MNL037 LP119,Tayuman,MANILA,3,1,BARANGAY 360,,,14.620626,120.981425,,,,,,,16,2020-11-28,OSP
MNL037 LP472 NP3-4,MNL037,LP472,NP3-4,MNL037 LP472,Tayuman,MANILA,3,1,BARANGAY 360,,,14.621124,120.980579,,,,,,,16,2023-02-23,OSP
MNL037 LP472 NP5-6,MNL037,LP472,NP5-6,MNL037 LP472,Tayuman,MANILA,3,1,BARANGAY 360,,,14.621487,120.980596,,,,,,,16,2023-02-23,OSP
MNL037 LP473 NP7-8,MNL037,LP473,NP7-8,MNL037 LP473,Tayuman,MANILA,3,1,BARANGAY 360,,,14.621499,120.980188,,,,,,,16,2023-02-23,OSP
MNL037 LP474 NP1-2,MNL037,LP474,NP1-2,MNL037 LP474,Tayuman,MANILA,3,1,BARANGAY 360,,,14.620641,120.980152,,,,,,,16,2023-02-23,OSP
MNL037 LP472 NP1-2,MNL037,LP472,NP1-2,MNL037 LP472,Tayuman,MANILA,3,1,BARANGAY 360,,,14.620637,120.980573,,,,,,,16,2023-02-23,OSP
MNL037 LP337 NP6-8,MNL037,LP337,NP6-8,MNL037 LP337,Tayuman,MANILA,3,1,BARANGAY 360,,,14.620724,120.979277,,,,,,,24,2022-01-17,OSP
MNL037 LP465 NP7-8,MNL037,LP465,NP7-8,MNL037 LP465,Tayuman,MANILA,3,1,BARANGAY 360,,,14.620614,120.981427,,,,,,,16,2023-02-23,OSP
MNL037 LP466 NP1-2,MNL037,LP466,NP1-2,MNL037 LP466,Tayuman,MANILA,3,1,BARANGAY 360,,,14.621116,120.981449,,,,,,,16,2023-02-23,OSP
MNL037 LP466 NP3-4,MNL037,LP466,NP3-4,MNL037 LP466,Tayuman,MANILA,3,1,BARANGAY 360,,,14.621481,120.981462,,,,,,,16,2023-02-23,OSP
MNL037 LP467 NP7-8,MNL037,LP467,NP7-8,MNL037 LP467,Tayuman,MANILA,3,1,BARANGAY 360,,,14.620931,120.981083,,,,,,,16,2023-02-23,OSP
MNL037 LP468 NP1-2,MNL037,LP468,NP1-2,MNL037 LP468,Tayuman,MANILA,3,1,BARANGAY 360,,,14.620614,120.981076,,,,,,,16,2023-02-23,OSP
MNL003 LP421 NP3-4,MNL003,LP421,NP3-4,MNL003 LP421,City Square,MANILA,3,1,BARANGAY 361,,,14.62061272,120.9805666,,,,,,,16,2019-07-28,OSP
MNL003 LP418 NP7-8,MNL003,LP418,NP7-8,MNL003 LP418,City Square,MANILA,3,1,BARANGAY 361,,,14.61949209,120.9801257,,,,,,,16,2019-07-28,OSP
MNL003 LP419 NP1-2,MNL003,LP419,NP1-2,MNL003 LP419,City Square,MANILA,3,1,BARANGAY 361,,,14.61947517,120.9805254,,,,,,,16,2019-07-28,OSP
MNL003 LP419 NP3-4,MNL003,LP419,NP3-4,MNL003 LP419,City Square,MANILA,3,1,BARANGAY 361,,,14.61947008,120.98103,,,,,,,16,2019-07-28,OSP
MNL003 LP419 NP5-6,MNL003,LP419,NP5-6,MNL003 LP419,City Square,MANILA,3,1,BARANGAY 361,,,14.61945171,120.9814504,,,,,,,16,2019-07-28,OSP
MNL003 LP65 NP1-2,MNL003,LP65,NP1-2,MNL003 LP65,City Square,MANILA,3,1,BARANGAY 361,,,14.61950092,120.9801097,,,,,,,16,2018-08-27,OSP
MNL003 LP66 NP1-2,MNL003,LP66,NP1-2,MNL003 LP66,City Square,MANILA,3,1,BARANGAY 361,,,14.61947811,120.9810211,,,,,,,16,2018-08-27,OSP
MNL037 LP115 NP3-4,MNL037,LP115,NP3-4,MNL037 LP115,Tayuman,MANILA,3,1,BARANGAY 361,,,14.620246,120.980552,,,,,,,16,2020-11-28,OSP
MNL037 LP115 NP5-6,MNL037,LP115,NP5-6,MNL037 LP115,Tayuman,MANILA,3,1,BARANGAY 361,,,14.619806,120.980509,,,,,,,16,2020-11-28,OSP
MNL037 LP115 NP7-8,MNL037,LP115,NP7-8,MNL037 LP115,Tayuman,MANILA,3,1,BARANGAY 361,,,14.619505,120.981028,,,,,,,16,2020-11-28,OSP
MNL037 LP116 NP1-2,MNL037,LP116,NP1-2,MNL037 LP116,Tayuman,MANILA,3,1,BARANGAY 361,,,14.620049,120.981054,,,,,,,16,2020-11-28,OSP
MNL037 LP116 NP3-4,MNL037,LP116,NP3-4,MNL037 LP116,Tayuman,MANILA,3,1,BARANGAY 361,,,14.620331,120.981057,,,,,,,16,2020-11-28,OSP
MNL037 LP100 NP1-2,MNL037,LP100,NP1-2,MNL037 LP100,Tayuman,MANILA,3,1,BARANGAY 361,,,14.619486,120.98049,,,,,,,16,2020-10-27,OSP
MNL037 LP119 NP3-4,MNL037,LP119,NP3-4,MNL037 LP119,Tayuman,MANILA,3,1,BARANGAY 361,,,14.620061,120.981422,,,,,,,16,2020-11-28,OSP
MNL037 LP119 NP5-6,MNL037,LP119,NP5-6,MNL037 LP119,Tayuman,MANILA,3,1,BARANGAY 361,,,14.619704,120.981404,,,,,,,16,2020-11-28,OSP
MNL037 LP1 NP3-4,MNL037,LP1,NP3-4,MNL037 LP1,Tayuman,MANILA,3,1,BARANGAY 361,,,14.619488,120.981039,,,,,,,16,2020-09-29,OSP
MNL037 LP1 NP5-6,MNL037,LP1,NP5-6,MNL037 LP1,Tayuman,MANILA,3,1,BARANGAY 361,,,14.619521,120.980133,,,,,,,16,2020-09-29,OSP
MNL037 LP474 NP7-8,MNL037,LP474,NP7-8,MNL037 LP474,Tayuman,MANILA,3,1,BARANGAY 361,,,14.619396,120.980117,,,,,,,16,2023-02-23,OSP
MNL037 LP471 NP3-4,MNL037,LP471,NP3-4,MNL037 LP471,Tayuman,MANILA,3,1,BARANGAY 361,,,14.61951,120.980496,,,,,,,16,2023-02-23,OSP
MNL037 LP471 NP5-6,MNL037,LP471,NP5-6,MNL037 LP471,Tayuman,MANILA,3,1,BARANGAY 361,,,14.619801,120.980504,,,,,,,16,2023-02-23,OSP
MNL037 LP471 NP7-8,MNL037,LP471,NP7-8,MNL037 LP471,Tayuman,MANILA,3,1,BARANGAY 361,,,14.620248,120.980553,,,,,,,16,2023-02-23,OSP
MNL037 LP465 NP1-2,MNL037,LP465,NP1-2,MNL037 LP465,Tayuman,MANILA,3,1,BARANGAY 361,,,14.61948,120.98145,,,,,,,16,2023-02-23,OSP
MNL037 LP465 NP3-4,MNL037,LP465,NP3-4,MNL037 LP465,Tayuman,MANILA,3,1,BARANGAY 361,,,14.61985,120.981418,,,,,,,16,2023-02-23,OSP
MNL037 LP465 NP5-6,MNL037,LP465,NP5-6,MNL037 LP465,Tayuman,MANILA,3,1,BARANGAY 361,,,14.620225,120.981427,,,,,,,16,2023-02-23,OSP
MNL037 LP468 NP3-4,MNL037,LP468,NP3-4,MNL037 LP468,Tayuman,MANILA,3,1,BARANGAY 361,,,14.620325,120.981057,,,,,,,16,2023-02-23,OSP
MNL037 LP468 NP5-6,MNL037,LP468,NP5-6,MNL037 LP468,Tayuman,MANILA,3,1,BARANGAY 361,,,14.620042,120.981051,,,,,,,16,2023-02-23,OSP
MNL037 LP468 NP7-8,MNL037,LP468,NP7-8,MNL037 LP468,Tayuman,MANILA,3,1,BARANGAY 361,,,14.619491,120.981036,,,,,,,16,2023-02-23,OSP
MNL037 LP99 NP7-8,MNL037,LP99,NP7-8,MNL037 LP99,Tayuman,MANILA,3,1,BARANGAY 361,,,14.619468,120.981026,,,,,,,16,2020-10-27,OSP
MNL037 LP96 NP5-6,MNL037,LP96,NP5-6,MNL037 LP96,Tayuman,MANILA,3,1,BARANGAY 361,,,14.619467,120.981446,,,,,,,16,2020-10-27,OSP
MNL003 LP64 NP5-6,MNL003,LP64,NP5-6,MNL003 LP64,City Square,MANILA,3,1,BARANGAY 362,,,14.61952363,120.9793777,,,,,,,16,2018-08-27,OSP
MNL003 LP418 NP1-2,MNL003,LP418,NP1-2,MNL003 LP418,City Square,MANILA,3,1,BARANGAY 362,,,14.61950975,120.9789971,,,,,,,16,2019-07-28,OSP
MNL003 LP418 NP3-4,MNL003,LP418,NP3-4,MNL003 LP418,City Square,MANILA,3,1,BARANGAY 362,,,14.61951129,120.9793488,,,,,,,16,2019-07-28,OSP
MNL003 LP418 NP5-6,MNL003,LP418,NP5-6,MNL003 LP418,City Square,MANILA,3,1,BARANGAY 362,,,14.6195096,120.979686,,,,,,,16,2019-07-28,OSP
MNL037 LP113 NP1-2,MNL037,LP113,NP1-2,MNL037 LP113,Tayuman,MANILA,3,1,BARANGAY 362,,,14.620446,120.980147,,,,,,,16,2020-11-28,OSP
MNL037 LP113 NP3-4,MNL037,LP113,NP3-4,MNL037 LP113,Tayuman,MANILA,3,1,BARANGAY 362,,,14.62027,120.980137,,,,,,,16,2020-11-28,OSP
MNL037 LP113 NP5-6,MNL037,LP113,NP5-6,MNL037 LP113,Tayuman,MANILA,3,1,BARANGAY 362,,,14.62026,120.979682,,,,,,,16,2020-11-28,OSP
MNL037 LP113 NP7-8,MNL037,LP113,NP7-8,MNL037 LP113,Tayuman,MANILA,3,1,BARANGAY 362,,,14.61982,120.979634,,,,,,,16,2020-11-28,OSP
MNL037 LP114 NP1-2,MNL037,LP114,NP1-2,MNL037 LP114,Tayuman,MANILA,3,1,BARANGAY 362,,,14.620269,120.979176,,,,,,,16,2020-11-28,OSP
MNL037 LP114 NP3-4,MNL037,LP114,NP3-4,MNL037 LP114,Tayuman,MANILA,3,1,BARANGAY 362,,,14.619882,120.979336,,,,,,,16,2020-11-28,OSP
MNL037 LP114 NP5-6,MNL037,LP114,NP5-6,MNL037 LP114,Tayuman,MANILA,3,1,BARANGAY 362,,,14.620062,120.979142,,,,,,,16,2020-11-28,OSP
MNL037 LP105 NP3-4,MNL037,LP105,NP3-4,MNL037 LP105,Tayuman,MANILA,3,1,BARANGAY 362,,,14.619495,120.979908,,,,,,,16,2020-10-27,OSP
MNL037 LP105 NP5-6,MNL037,LP105,NP5-6,MNL037 LP105,Tayuman,MANILA,3,1,BARANGAY 362,,,14.619503,120.979692,,,,,,,16,2020-10-27,OSP
MNL037 LP108 NP1-2,MNL037,LP108,NP1-2,MNL037 LP108,Tayuman,MANILA,3,1,BARANGAY 362,,,14.619509,120.97935,,,,,,,16,2020-10-27,OSP
MNL037 LP108 NP5-6,MNL037,LP108,NP5-6,MNL037 LP108,Tayuman,MANILA,3,1,BARANGAY 362,,,14.619488,120.978979,,,,,,,16,2020-10-27,OSP
MNL037 LP1 NP7-8,MNL037,LP1,NP7-8,MNL037 LP1,Tayuman,MANILA,3,1,BARANGAY 362,,,14.619545,120.979358,,,,,,,16,2020-09-29,OSP
MNL037 LP477 NP5-6,MNL037,LP477,NP5-6,MNL037 LP477,Tayuman,MANILA,3,1,BARANGAY 362,,,14.619541,120.978983,,,,,,,16,2023-02-23,OSP
MNL037 LP477 NP7-8,MNL037,LP477,NP7-8,MNL037 LP477,Tayuman,MANILA,3,1,BARANGAY 362,,,14.619839,120.979097,,,,,,,16,2023-02-23,OSP
MNL037 LP478 NP1-2,MNL037,LP478,NP1-2,MNL037 LP478,Tayuman,MANILA,3,1,BARANGAY 362,,,14.619546,120.979348,,,,,,,16,2023-02-23,OSP
MNL037 LP479 NP5-6,MNL037,LP479,NP5-6,MNL037 LP479,Tayuman,MANILA,3,1,BARANGAY 362,,,14.61953,120.979694,,,,,,,16,2023-02-23,OSP
MNL037 LP479 NP7-8,MNL037,LP479,NP7-8,MNL037 LP479,Tayuman,MANILA,3,1,BARANGAY 362,,,14.619707,120.979697,,,,,,,16,2023-02-23,OSP
MNL037 LP474 NP3-4,MNL037,LP474,NP3-4,MNL037 LP474,Tayuman,MANILA,3,1,BARANGAY 362,,,14.620269,120.980143,,,,,,,16,2023-02-23,OSP
MNL037 LP474 NP5-6,MNL037,LP474,NP5-6,MNL037 LP474,Tayuman,MANILA,3,1,BARANGAY 362,,,14.619886,120.98013,,,,,,,16,2023-02-23,OSP
MNL037 LP338 NP3-5,MNL037,LP338,NP3-5,MNL037 LP338,Tayuman,MANILA,3,1,BARANGAY 362,,,14.620273,120.978966,,,,,,,24,2022-01-17,OSP
MNL003 LP299 NP1-2,MNL003,LP299,NP1-2,MNL003 LP299,City Square,MANILA,3,1,BARANGAY 363,,,14.62330395,120.9836272,,,,,,,16,2019-03-28,OSP
MNL003 LP299 NP3-4,MNL003,LP299,NP3-4,MNL003 LP299,City Square,MANILA,3,1,BARANGAY 363,,,14.623648,120.984403,,,,,,,16,2019-03-28,OSP
MNL003 LP299 NP5-6,MNL003,LP299,NP5-6,MNL003 LP299,City Square,MANILA,3,1,BARANGAY 363,,,14.62373332,120.9849793,,,,,,,16,2019-03-28,OSP
MNL003 LP305 NP5-6,MNL003,LP305,NP5-6,MNL003 LP305,City Square,MANILA,3,1,BARANGAY 363,,,14.6241601,120.9844984,,,,,,,16,2019-03-28,OSP
MNL037 LP506 NP7-8,MNL037,LP506,NP7-8,MNL037 LP506,Tayuman,MANILA,3,1,BARANGAY 363,,,14.623931,120.984998,,,,,,,16,2023-02-23,OSP
MNL037 LP507 NP1-2,MNL037,LP507,NP1-2,MNL037 LP507,Tayuman,MANILA,3,1,BARANGAY 363,,,14.623931,120.984998,,,,,,,16,2023-02-23,OSP
MNL037 LP502 NP1-2,MNL037,LP502,NP1-2,MNL037 LP502,Tayuman,MANILA,3,1,BARANGAY 363,,,14.623563,120.984172,,,,,,,16,2023-02-23,OSP
MNL037 LP502 NP5-6,MNL037,LP502,NP5-6,MNL037 LP502,Tayuman,MANILA,3,1,BARANGAY 363,,,14.624174,120.984426,,,,,,,16,2023-02-23,OSP
MNL037 LP502 NP7-8,MNL037,LP502,NP7-8,MNL037 LP502,Tayuman,MANILA,3,1,BARANGAY 363,,,14.624174,120.984426,,,,,,,16,2023-02-23,OSP
MNL037 LP499 NP1-2,MNL037,LP499,NP1-2,MNL037 LP499,Tayuman,MANILA,3,1,BARANGAY 363,,,14.623323,120.983622,,,,,,,16,2023-02-23,OSP
MNL037 LP499 NP3-4,MNL037,LP499,NP3-4,MNL037 LP499,Tayuman,MANILA,3,1,BARANGAY 363,,,14.623447,120.983906,,,,,,,16,2023-02-23,OSP
MNL037 LP499 NP5-6,MNL037,LP499,NP5-6,MNL037 LP499,Tayuman,MANILA,3,1,BARANGAY 363,,,14.624074,120.983929,,,,,,,16,2023-02-23,OSP
MNL037 LP343 NP3-4,MNL037,LP343,NP3-4,MNL037 LP343,Tayuman,MANILA,3,1,BARANGAY 363,,,14.623069,120.983071,,,,,,,16,2023-02-22,OSP
MNL037 LP343 NP5-6,MNL037,LP343,NP5-6,MNL037 LP343,Tayuman,MANILA,3,1,BARANGAY 363,,,14.623422,120.983028,,,,,,,16,2023-02-22,OSP
MNL037 LP343 NP7-8,MNL037,LP343,NP7-8,MNL037 LP343,Tayuman,MANILA,3,1,BARANGAY 363,,,14.624017,120.983047,,,,,,,16,2023-02-22,OSP
MNL037 LP66 NP3-4,MNL037,LP66,NP3-4,MNL037 LP66,Tayuman,MANILA,3,1,BARANGAY 363,,,14.623874,120.985,,,,,,,16,2020-09-29,OSP
MNL037 LP66 NP5-6,MNL037,LP66,NP5-6,MNL037 LP66,Tayuman,MANILA,3,1,BARANGAY 363,,,14.623976,120.985204,,,,,,,16,2020-09-29,OSP
MNL037 LP62 NP1-2,MNL037,LP62,NP1-2,MNL037 LP62,Tayuman,MANILA,3,1,BARANGAY 363,,,14.624033,120.983916,,,,,,,16,2020-09-29,OSP
MNL037 LP62 NP3-4,MNL037,LP62,NP3-4,MNL037 LP62,Tayuman,MANILA,3,1,BARANGAY 363,,,14.623427,120.983927,,,,,,,16,2020-09-29,OSP
MNL037 LP62 NP5-6,MNL037,LP62,NP5-6,MNL037 LP62,Tayuman,MANILA,3,1,BARANGAY 363,,,14.624114,120.984454,,,,,,,16,2020-09-29,OSP
MNL037 LP59 NP5-6,MNL037,LP59,NP5-6,MNL037 LP59,Tayuman,MANILA,3,1,BARANGAY 363,,,14.623759,120.983444,,,,,,,16,2020-09-29,OSP
MNL037 LP59 NP7-8,MNL037,LP59,NP7-8,MNL037 LP59,Tayuman,MANILA,3,1,BARANGAY 363,,,14.623266,120.983623,,,,,,,16,2020-09-29,OSP
MNL037 LP508 NP1-2,MNL037,LP508,NP1-2,MNL037 LP508,Tayuman,MANILA,3,1,BARANGAY 363,,,14.624078,120.985332,,,,,,,16,2023-02-23,OSP
MNL003 LP304 NP7-8,MNL003,LP304,NP7-8,MNL003 LP304,City Square,MANILA,3,1,BARANGAY 364,,,14.62410258,120.9858152,,,,,,,16,2019-03-28,OSP
MNL037 LP73 NP3-4,MNL037,LP73,NP3-4,MNL037 LP73,Tayuman,MANILA,3,1,BARANGAY 364,,,14.623757,120.986644,,,,,,,16,2020-09-29,OSP
MNL037 LP73 NP5-6,MNL037,LP73,NP5-6,MNL037 LP73,Tayuman,MANILA,3,1,BARANGAY 364,,,14.623461,120.98663,,,,,,,16,2020-09-29,OSP
MNL037 LP73 NP7-8,MNL037,LP73,NP7-8,MNL037 LP73,Tayuman,MANILA,3,1,BARANGAY 364,,,14.622724,120.9866,,,,,,,16,2020-09-29,OSP
MNL037 LP74 NP1-2,MNL037,LP74,NP1-2,MNL037 LP74,Tayuman,MANILA,3,1,BARANGAY 364,,,14.624079,120.9862,,,,,,,16,2020-09-29,OSP
MNL037 LP74 NP3-4,MNL037,LP74,NP3-4,MNL037 LP74,Tayuman,MANILA,3,1,BARANGAY 364,,,14.623807,120.986184,,,,,,,16,2020-09-29,OSP
MNL037 LP74 NP5-6,MNL037,LP74,NP5-6,MNL037 LP74,Tayuman,MANILA,3,1,BARANGAY 364,,,14.623285,120.986173,,,,,,,16,2020-09-29,OSP
MNL037 LP68 NP3-4,MNL037,LP68,NP3-4,MNL037 LP68,Tayuman,MANILA,3,1,BARANGAY 364,,,14.623732,120.985797,,,,,,,16,2020-09-29,OSP
MNL037 LP68 NP5-6,MNL037,LP68,NP5-6,MNL037 LP68,Tayuman,MANILA,3,1,BARANGAY 364,,,14.623381,120.985797,,,,,,,16,2020-09-29,OSP
MNL037 LP68 NP7-8,MNL037,LP68,NP7-8,MNL037 LP68,Tayuman,MANILA,3,1,BARANGAY 364,,,14.62319,120.985789,,,,,,,16,2020-09-29,OSP
MNL037 LP515 NP7-8,MNL037,LP515,NP7-8,MNL037 LP515,Tayuman,MANILA,3,1,BARANGAY 364,,,14.622822,120.986602,,,,,,,16,2023-02-23,OSP
MNL037 LP511 NP5-6,MNL037,LP511,NP5-6,MNL037 LP511,Tayuman,MANILA,3,1,BARANGAY 364,,,14.624099,120.985821,,,,,,,16,2023-02-23,OSP
MNL037 LP512 NP1-2,MNL037,LP512,NP1-2,MNL037 LP512,Tayuman,MANILA,3,1,BARANGAY 364,,,14.623746,120.985809,,,,,,,16,2023-02-23,OSP
MNL037 LP512 NP3-4,MNL037,LP512,NP3-4,MNL037 LP512,Tayuman,MANILA,3,1,BARANGAY 364,,,14.623746,120.985809,,,,,,,16,2023-02-23,OSP
MNL037 LP512 NP5-6,MNL037,LP512,NP5-6,MNL037 LP512,Tayuman,MANILA,3,1,BARANGAY 364,,,14.623402,120.985796,,,,,,,16,2023-02-23,OSP
MNL037 LP512 NP7-8,MNL037,LP512,NP7-8,MNL037 LP512,Tayuman,MANILA,3,1,BARANGAY 364,,,14.623402,120.985796,,,,,,,16,2023-02-23,OSP
MNL037 LP513 NP1-2,MNL037,LP513,NP1-2,MNL037 LP513,Tayuman,MANILA,3,1,BARANGAY 364,,,14.623564,120.986166,,,,,,,16,2023-02-23,OSP
MNL037 LP513 NP3-4,MNL037,LP513,NP3-4,MNL037 LP513,Tayuman,MANILA,3,1,BARANGAY 364,,,14.623111,120.986157,,,,,,,16,2023-02-23,OSP
MNL037 LP515 NP5-6,MNL037,LP515,NP5-6,MNL037 LP515,Tayuman,MANILA,3,1,BARANGAY 364,,,14.623503,120.986622,,,,,,,16,2023-02-23,OSP
MNL003 LP299 NP7-8,MNL003,LP299,NP7-8,MNL003 LP299,City Square,MANILA,3,1,BARANGAY 365,,,14.62349594,120.9849783,,,,,,,16,2019-03-28,OSP
MNL003 LP300 NP1-2,MNL003,LP300,NP1-2,MNL003 LP300,City Square,MANILA,3,1,BARANGAY 365,,,14.62323337,120.9849664,,,,,,,16,2019-03-28,OSP
MNL003 LP300 NP3-4,MNL003,LP300,NP3-4,MNL003 LP300,City Square,MANILA,3,1,BARANGAY 365,,,14.62270417,120.9852607,,,,,,,16,2019-03-28,OSP
MNL037 LP507 NP3-4,MNL037,LP507,NP3-4,MNL037 LP507,Tayuman,MANILA,3,1,BARANGAY 365,,,14.62359,120.984986,,,,,,,16,2023-02-23,OSP
MNL037 LP502 NP3-4,MNL037,LP502,NP3-4,MNL037 LP502,Tayuman,MANILA,3,1,BARANGAY 365,,,14.623481,120.984429,,,,,,,16,2023-02-23,OSP
MNL037 LP66 NP7-8,MNL037,LP66,NP7-8,MNL037 LP66,Tayuman,MANILA,3,1,BARANGAY 365,,,14.623252,120.985309,,,,,,,16,2020-09-29,OSP
MNL037 LP67 NP1-2,MNL037,LP67,NP1-2,MNL037 LP67,Tayuman,MANILA,3,1,BARANGAY 365,,,14.622983,120.985301,,,,,,,16,2020-09-29,OSP
MNL037 LP507 NP5-6,MNL037,LP507,NP5-6,MNL037 LP507,Tayuman,MANILA,3,1,BARANGAY 365,,,14.623773,120.985352,,,,,,,16,2023-02-23,OSP
MNL037 LP507 NP7-8,MNL037,LP507,NP7-8,MNL037 LP507,Tayuman,MANILA,3,1,BARANGAY 365,,,14.623773,120.985352,,,,,,,16,2023-02-23,OSP
MNL003 LP305 NP7-8,MNL003,LP305,NP7-8,MNL003 LP305,City Square,MANILA,3,1,BARANGAY 366,,,14.62432717,120.9839419,,,,,,,16,2019-03-28,OSP
MNL003 LP306 NP1-2,MNL003,LP306,NP1-2,MNL003 LP306,City Square,MANILA,3,1,BARANGAY 366,,,14.62431829,120.9834485,,,,,,,16,2019-03-28,OSP
QCY012 LP103 NP7,QCY012,LP103,NP7,QCY012 LP103,Crown 88 Residences Old Room,MANILA,3,1,BARANGAY 366,,,14.624315,120.983078,,,,,,,8,2015-10-01,OSP
MNL037 LP503 NP1-2,MNL037,LP503,NP1-2,MNL037 LP503,Tayuman,MANILA,3,1,BARANGAY 366,,,14.624853,120.984464,,,,,,,16,2023-02-23,OSP
MNL037 LP500 NP1-2,MNL037,LP500,NP1-2,MNL037 LP500,Tayuman,MANILA,3,1,BARANGAY 366,,,14.625224,120.983953,,,,,,,16,2023-02-23,OSP
MNL037 LP498 NP5-6,MNL037,LP498,NP5-6,MNL037 LP498,Tayuman,MANILA,3,1,BARANGAY 366,,,14.625424,120.983504,,,,,,,16,2023-02-23,OSP
MNL037 LP498 NP7-8,MNL037,LP498,NP7-8,MNL037 LP498,Tayuman,MANILA,3,1,BARANGAY 366,,,14.624323,120.98347,,,,,,,16,2023-02-23,OSP
MNL037 LP499 NP7-8,MNL037,LP499,NP7-8,MNL037 LP499,Tayuman,MANILA,3,1,BARANGAY 366,,,14.624686,120.983948,,,,,,,16,2023-02-23,OSP
MNL037 LP344 NP1-2,MNL037,LP344,NP1-2,MNL037 LP344,Tayuman,MANILA,3,1,BARANGAY 366,,,14.624335,120.983053,,,,,,,16,2023-02-22,OSP
MNL037 LP344 NP3-4,MNL037,LP344,NP3-4,MNL037 LP344,Tayuman,MANILA,3,1,BARANGAY 366,,,14.625082,120.983074,,,,,,,16,2023-02-22,OSP
MNL037 LP63 NP1-2,MNL037,LP63,NP1-2,MNL037 LP63,Tayuman,MANILA,3,1,BARANGAY 366,,,14.625173,120.984471,,,,,,,16,2020-09-29,OSP
MNL037 LP61 NP3-4,MNL037,LP61,NP3-4,MNL037 LP61,Tayuman,MANILA,3,1,BARANGAY 366,,,14.625173,120.983947,,,,,,,16,2020-09-29,OSP
MNL037 LP61 NP5-6,MNL037,LP61,NP5-6,MNL037 LP61,Tayuman,MANILA,3,1,BARANGAY 366,,,14.62481,120.983956,,,,,,,16,2020-09-29,OSP
MNL037 LP61 NP7-8,MNL037,LP61,NP7-8,MNL037 LP61,Tayuman,MANILA,3,1,BARANGAY 366,,,14.624444,120.983935,,,,,,,16,2020-09-29,OSP
MNL037 LP62 NP7-8,MNL037,LP62,NP7-8,MNL037 LP62,Tayuman,MANILA,3,1,BARANGAY 366,,,14.624811,120.984462,,,,,,,16,2020-09-29,OSP
MNL037 LP59 NP1-2,MNL037,LP59,NP1-2,MNL037 LP59,Tayuman,MANILA,3,1,BARANGAY 366,,,14.62467,120.983486,,,,,,,16,2020-09-29,OSP
MNL037 LP59 NP3-4,MNL037,LP59,NP3-4,MNL037 LP59,Tayuman,MANILA,3,1,BARANGAY 366,,,14.62428,120.98347,,,,,,,16,2020-09-29,OSP
MNL037 LP58 NP5-6,MNL037,LP58,NP5-6,MNL037 LP58,Tayuman,MANILA,3,1,BARANGAY 366,,,14.62538,120.983503,,,,,,,16,2020-09-29,OSP
MNL037 LP58 NP7-8,MNL037,LP58,NP7-8,MNL037 LP58,Tayuman,MANILA,3,1,BARANGAY 366,,,14.625037,120.983489,,,,,,,16,2020-09-29,OSP
MNL003 LP307 NP1-2,MNL003,LP307,NP1-2,MNL003 LP307,City Square,MANILA,3,1,BARANGAY 367,,,14.62540115,120.9849295,,,,,,,16,2019-03-28,OSP
MNL003 LP307 NP3-4,MNL003,LP307,NP3-4,MNL003 LP307,City Square,MANILA,3,1,BARANGAY 367,,,14.62537548,120.9853608,,,,,,,16,2019-03-28,OSP
MNL003 LP307 NP5-6,MNL003,LP307,NP5-6,MNL003 LP307,City Square,MANILA,3,1,BARANGAY 367,,,14.62537294,120.9858474,,,,,,,16,2019-03-28,OSP
MNL003 LP307 NP7-8,MNL003,LP307,NP7-8,MNL003 LP307,City Square,MANILA,3,1,BARANGAY 367,,,14.625353,120.986224,,,,,,,16,2019-03-28,OSP
MNL003 LP308 NP1-2,MNL003,LP308,NP1-2,MNL003 LP308,City Square,MANILA,3,1,BARANGAY 367,,,14.62535261,120.9866811,,,,,,,16,2019-03-28,OSP
MNL003 LP304 NP5-6,MNL003,LP304,NP5-6,MNL003 LP304,City Square,MANILA,3,1,BARANGAY 367,,,14.624108,120.986213,,,,,,,16,2019-03-28,OSP
MNL003 LP305 NP1-2,MNL003,LP305,NP1-2,MNL003 LP305,City Square,MANILA,3,1,BARANGAY 367,,,14.62424678,120.9857049,,,,,,,16,2019-03-28,OSP
MNL003 LP305 NP3-4,MNL003,LP305,NP3-4,MNL003 LP305,City Square,MANILA,3,1,BARANGAY 367,,,14.62415968,120.9850086,,,,,,,16,2019-03-28,OSP
QCY012 LP103 NP5-6,QCY012,LP103,NP5-6,QCY012 LP103,Crown 88 Residences Old Room,MANILA,3,1,BARANGAY 367,,,14.624652,120.986412,,,,,,,16,2015-10-01,OSP
MNL037 LP164 NP3-4-5,MNL037,LP164,NP3-4-5,MNL037 LP164,Tayuman,MANILA,3,1,BARANGAY 367,,,14.624916,120.986204,,,,,,,24,2020-11-25,OSP
MNL037 LP164 NP6-7-8,MNL037,LP164,NP6-7-8,MNL037 LP164,Tayuman,MANILA,3,1,BARANGAY 367,,,14.624521,120.986159,,,,,,,24,2020-11-25,OSP
MNL037 LP506 NP5-6,MNL037,LP506,NP5-6,MNL037 LP506,Tayuman,MANILA,3,1,BARANGAY 367,,,14.624664,120.985015,,,,,,,16,2023-02-23,OSP
MNL037 LP72 NP1-2,MNL037,LP72,NP1-2,MNL037 LP72,Tayuman,MANILA,3,1,BARANGAY 367,,,14.625341,120.986232,,,,,,,16,2020-09-29,OSP
MNL037 LP72 NP3-4,MNL037,LP72,NP3-4,MNL037 LP72,Tayuman,MANILA,3,1,BARANGAY 367,,,14.625317,120.986684,,,,,,,16,2020-09-29,OSP
MNL037 LP72 NP5-6,MNL037,LP72,NP5-6,MNL037 LP72,Tayuman,MANILA,3,1,BARANGAY 367,,,14.625134,120.986676,,,,,,,16,2020-09-29,OSP
MNL037 LP68 NP1-2,MNL037,LP68,NP1-2,MNL037 LP68,Tayuman,MANILA,3,1,BARANGAY 367,,,14.62422,120.985704,,,,,,,16,2020-09-29,OSP
MNL037 LP69 NP1-2,MNL037,LP69,NP1-2,MNL037 LP69,Tayuman,MANILA,3,1,BARANGAY 367,,,14.624598,120.985844,,,,,,,16,2020-09-29,OSP
MNL037 LP69 NP3-4,MNL037,LP69,NP3-4,MNL037 LP69,Tayuman,MANILA,3,1,BARANGAY 367,,,14.625338,120.98583,,,,,,,16,2020-09-29,OSP
MNL037 LP69 NP5-6,MNL037,LP69,NP5-6,MNL037 LP69,Tayuman,MANILA,3,1,BARANGAY 367,,,14.625346,120.985362,,,,,,,16,2020-09-29,OSP
MNL037 LP69 NP7-8,MNL037,LP69,NP7-8,MNL037 LP69,Tayuman,MANILA,3,1,BARANGAY 367,,,14.624991,120.985362,,,,,,,16,2020-09-29,OSP
MNL037 LP70 NP1-2,MNL037,LP70,NP1-2,MNL037 LP70,Tayuman,MANILA,3,1,BARANGAY 367,,,14.624622,120.985379,,,,,,,16,2020-09-29,OSP
MNL037 LP65 NP7-8,MNL037,LP65,NP7-8,MNL037 LP65,Tayuman,MANILA,3,1,BARANGAY 367,,,14.625302,120.985047,,,,,,,16,2020-09-29,OSP
MNL037 LP66 NP1-2,MNL037,LP66,NP1-2,MNL037 LP66,Tayuman,MANILA,3,1,BARANGAY 367,,,14.624613,120.985025,,,,,,,16,2020-09-29,OSP
MNL037 LP511 NP3-4,MNL037,LP511,NP3-4,MNL037 LP511,Tayuman,MANILA,3,1,BARANGAY 367,,,14.624631,120.98583,,,,,,,16,2023-02-23,OSP
MNL037 LP511 NP7-8,MNL037,LP511,NP7-8,MNL037 LP511,Tayuman,MANILA,3,1,BARANGAY 367,,,14.624274,120.986119,,,,,,,16,2023-02-23,OSP
MNL037 LP513 NP5-6,MNL037,LP513,NP5-6,MNL037 LP513,Tayuman,MANILA,3,1,BARANGAY 367,,,14.624917,120.986206,,,,,,,16,2023-02-23,OSP
MNL037 LP515 NP1-2,MNL037,LP515,NP1-2,MNL037 LP515,Tayuman,MANILA,3,1,BARANGAY 367,,,14.624873,120.986661,,,,,,,16,2023-02-23,OSP
MNL037 LP515 NP3-4,MNL037,LP515,NP3-4,MNL037 LP515,Tayuman,MANILA,3,1,BARANGAY 367,,,14.624225,120.986638,,,,,,,16,2023-02-23,OSP
MNL037 LP508 NP3-5,MNL037,LP508,NP3-5,MNL037 LP508,Tayuman,MANILA,3,1,BARANGAY 367,,,14.624274,120.985375,,,,,,,24,2023-02-23,OSP
MNL037 LP508 NP6-8,MNL037,LP508,NP6-8,MNL037 LP508,Tayuman,MANILA,3,1,BARANGAY 367,,,14.62502,120.985362,,,,,,,24,2023-02-23,OSP
MNL003 LP300 NP7-8,MNL003,LP300,NP7-8,MNL003 LP300,City Square,MANILA,3,1,BARANGAY 368,,,14.62226693,120.9873991,,,,,,,16,2019-03-28,OSP
MNL003 LP301 NP1-2,MNL003,LP301,NP1-2,MNL003 LP301,City Square,MANILA,3,1,BARANGAY 368,,,14.62119891,120.9885074,,,,,,,16,2019-03-28,OSP
MNL003 LP301 NP3-4,MNL003,LP301,NP3-4,MNL003 LP301,City Square,MANILA,3,1,BARANGAY 368,,,14.62162601,120.9889159,,,,,,,16,2019-03-28,OSP
MNL037 LP80 NP7-8,MNL037,LP80,NP7-8,MNL037 LP80,Tayuman,MANILA,3,1,BARANGAY 368,,,14.622577,120.988253,,,,,,,16,2020-09-29,OSP
MNL037 LP81 NP1-2,MNL037,LP81,NP1-2,MNL037 LP81,Tayuman,MANILA,3,1,BARANGAY 368,,,14.62211,120.988255,,,,,,,16,2020-09-29,OSP
MNL037 LP81 NP3-4,MNL037,LP81,NP3-4,MNL037 LP81,Tayuman,MANILA,3,1,BARANGAY 368,,,14.621459,120.988232,,,,,,,16,2020-09-29,OSP
MNL037 LP81 NP5-6,MNL037,LP81,NP5-6,MNL037 LP81,Tayuman,MANILA,3,1,BARANGAY 368,,,14.621181,120.988499,,,,,,,16,2020-09-29,OSP
MNL037 LP81 NP7-8,MNL037,LP81,NP7-8,MNL037 LP81,Tayuman,MANILA,3,1,BARANGAY 368,,,14.62163,120.98857,,,,,,,16,2020-09-29,OSP
MNL037 LP82 NP1-2,MNL037,LP82,NP1-2,MNL037 LP82,Tayuman,MANILA,3,1,BARANGAY 368,,,14.62217,120.988578,,,,,,,16,2020-09-29,OSP
MNL037 LP78 NP5-6,MNL037,LP78,NP5-6,MNL037 LP78,Tayuman,MANILA,3,1,BARANGAY 368,,,14.621914,120.987763,,,,,,,16,2020-09-29,OSP
MNL037 LP78 NP7-8,MNL037,LP78,NP7-8,MNL037 LP78,Tayuman,MANILA,3,1,BARANGAY 368,,,14.622581,120.987764,,,,,,,16,2020-09-29,OSP
MNL037 LP523 NP5-6,MNL037,LP523,NP5-6,MNL037 LP523,Tayuman,MANILA,3,1,BARANGAY 368,,,14.621986,120.988971,,,,,,,16,2023-02-23,OSP
MNL037 LP523 NP7-8,MNL037,LP523,NP7-8,MNL037 LP523,Tayuman,MANILA,3,1,BARANGAY 368,,,14.6211,120.988938,,,,,,,16,2023-02-23,OSP
MNL037 LP520 NP3-4,MNL037,LP520,NP3-4,MNL037 LP520,Tayuman,MANILA,3,1,BARANGAY 368,,,14.621949,120.988231,,,,,,,16,2023-02-23,OSP
MNL037 LP520 NP5-6,MNL037,LP520,NP5-6,MNL037 LP520,Tayuman,MANILA,3,1,BARANGAY 368,,,14.622203,120.988594,,,,,,,16,2023-02-23,OSP
MNL037 LP520 NP7-8,MNL037,LP520,NP7-8,MNL037 LP520,Tayuman,MANILA,3,1,BARANGAY 368,,,14.622203,120.988594,,,,,,,16,2023-02-23,OSP
MNL003 LP300 NP5-6,MNL003,LP300,NP5-6,MNL003 LP300,City Square,MANILA,3,1,BARANGAY 369,,,14.62253599,120.9866091,,,,,,,16,2019-03-28,OSP
MNL003 LP302 NP3-4,MNL003,LP302,NP3-4,MNL003 LP302,City Square,MANILA,3,1,BARANGAY 369,,,14.62262654,120.9872989,,,,,,,16,2019-03-28,OSP
MNL003 LP302 NP5-6,MNL003,LP302,NP5-6,MNL003 LP302,City Square,MANILA,3,1,BARANGAY 369,,,14.622905,120.98693,,,,,,,16,2019-03-28,OSP
MNL003 LP302 NP7-8,MNL003,LP302,NP7-8,MNL003 LP302,City Square,MANILA,3,1,BARANGAY 369,,,14.62335695,120.9869586,,,,,,,16,2019-03-28,OSP
MNL037 LP77 NP5-6,MNL037,LP77,NP5-6,MNL037 LP77,Tayuman,MANILA,3,1,BARANGAY 369,,,14.624045,120.987325,,,,,,,16,2020-09-29,OSP
MNL037 LP77 NP7-8,MNL037,LP77,NP7-8,MNL037 LP77,Tayuman,MANILA,3,1,BARANGAY 369,,,14.622854,120.987285,,,,,,,16,2020-09-29,OSP
MNL037 LP78 NP1-2,MNL037,LP78,NP1-2,MNL037 LP78,Tayuman,MANILA,3,1,BARANGAY 369,,,14.622607,120.987286,,,,,,,16,2020-09-29,OSP
MNL037 LP78 NP3-4,MNL037,LP78,NP3-4,MNL037 LP78,Tayuman,MANILA,3,1,BARANGAY 369,,,14.622327,120.987277,,,,,,,16,2020-09-29,OSP
MNL037 LP75 NP5-6,MNL037,LP75,NP5-6,MNL037 LP75,Tayuman,MANILA,3,1,BARANGAY 369,,,14.623679,120.986953,,,,,,,16,2020-09-29,OSP
MNL037 LP75 NP7-8,MNL037,LP75,NP7-8,MNL037 LP75,Tayuman,MANILA,3,1,BARANGAY 369,,,14.623318,120.986938,,,,,,,16,2020-09-29,OSP
MNL037 LP76 NP1-2,MNL037,LP76,NP1-2,MNL037 LP76,Tayuman,MANILA,3,1,BARANGAY 369,,,14.622707,120.986981,,,,,,,16,2020-09-29,OSP
MNL037 LP516 NP1-2,MNL037,LP516,NP1-2,MNL037 LP516,Tayuman,MANILA,3,1,BARANGAY 369,,,14.623724,120.986958,,,,,,,16,2023-02-23,OSP
MNL037 LP516 NP3-4,MNL037,LP516,NP3-4,MNL037 LP516,Tayuman,MANILA,3,1,BARANGAY 369,,,14.623348,120.98695,,,,,,,16,2023-02-23,OSP
MNL037 LP516 NP5-6,MNL037,LP516,NP5-6,MNL037 LP516,Tayuman,MANILA,3,1,BARANGAY 369,,,14.623149,120.98694,,,,,,,16,2023-02-23,OSP
MNL037 LP516 NP7-8,MNL037,LP516,NP7-8,MNL037 LP516,Tayuman,MANILA,3,1,BARANGAY 369,,,14.622901,120.986932,,,,,,,16,2023-02-23,OSP
MNL037 LP517 NP1-2,MNL037,LP517,NP1-2,MNL037 LP517,Tayuman,MANILA,3,1,BARANGAY 369,,,14.62264,120.987292,,,,,,,16,2023-02-23,OSP
MNL037 LP518 NP1-2,MNL037,LP518,NP1-2,MNL037 LP518,Tayuman,MANILA,3,1,BARANGAY 369,,,14.62313,120.987308,,,,,,,16,2023-02-23,OSP
MNL037 LP518 NP3-4,MNL037,LP518,NP3-4,MNL037 LP518,Tayuman,MANILA,3,1,BARANGAY 369,,,14.623777,120.987331,,,,,,,16,2023-02-23,OSP
MNL003 LP214 NP7-8,MNL003,LP214,NP7-8,MNL003 LP214,City Square,MANILA,3,1,BARANGAY 37,,,14.60780483,120.9619249,,,,,,,16,2019-02-12,OSP
MNL003 LP215 NP1-2,MNL003,LP215,NP1-2,MNL003 LP215,City Square,MANILA,3,1,BARANGAY 37,,,14.60711081,120.9619741,,,,,,,16,2019-02-12,OSP
MNL003 LP403 NP5-6,MNL003,LP403,NP5-6,MNL003 LP403,City Square,MANILA,3,1,BARANGAY 37,,,14.606718,120.962425,,,,,,,16,2019-10-02,OSP
MNL003 LP403 NP7-8,MNL003,LP403,NP7-8,MNL003 LP403,City Square,MANILA,3,1,BARANGAY 37,,,14.607098,120.962387,,,,,,,16,2019-10-02,OSP
MNL003 LP404 NP1-2,MNL003,LP404,NP1-2,MNL003 LP404,City Square,MANILA,3,1,BARANGAY 37,,,14.607604,120.962361,,,,,,,16,2019-10-02,OSP
MNL005 LP40 NP1-2,MNL005,LP40,NP1-2,MNL005 LP40,Orchard Building (City Square 2),MANILA,3,1,BARANGAY 37,,,14.60676,120.962435,,,,,,,16,2020-09-25,OSP
MNL005 LP38 NP7-8,MNL005,LP38,NP7-8,MNL005 LP38,Orchard Building (City Square 2),MANILA,3,1,BARANGAY 37,,,14.607023,120.962408,,,,,,,16,2020-09-25,OSP
MNL005 LP38 NP5-6,MNL005,LP38,NP5-6,MNL005 LP38,Orchard Building (City Square 2),MANILA,3,1,BARANGAY 37,,,14.607349,120.962371,,,,,,,16,2020-09-25,OSP
MNL005 LP37 NP1-2,MNL005,LP37,NP1-2,MNL005 LP37,Orchard Building (City Square 2),MANILA,3,1,BARANGAY 37,,,14.607116,120.961964,,,,,,,16,2020-09-25,OSP
MNL005 LP37 NP3-4,MNL005,LP37,NP3-4,MNL005 LP37,Orchard Building (City Square 2),MANILA,3,1,BARANGAY 37,,,14.607286,120.961961,,,,,,,16,2020-09-25,OSP
MNL005 LP322 NP1-2,MNL005,LP322,NP1-2,MNL005 LP322,Orchard Building (City Square 2),MANILA,3,1,BARANGAY 37,,,14.607822,120.961881,,,,,,,16,2021-11-17,OSP
MNL005 LP322 NP3-5,MNL005,LP322,NP3-5,MNL005 LP322,Orchard Building (City Square 2),MANILA,3,1,BARANGAY 37,,,14.607822,120.961885,,,,,,,24,2021-11-17,OSP
MNL005 LP322 NP6-8,MNL005,LP322,NP6-8,MNL005 LP322,Orchard Building (City Square 2),MANILA,3,1,BARANGAY 37,,,14.607479,120.961931,,,,,,,24,2021-11-17,OSP
MNL005 LP323 NP1-2,MNL005,LP323,NP1-2,MNL005 LP323,Orchard Building (City Square 2),MANILA,3,1,BARANGAY 37,,,14.607094,120.961965,,,,,,,16,2021-11-17,OSP
MNL005 LP315 NP1-2,MNL005,LP315,NP1-2,MNL005 LP315,Orchard Building (City Square 2),MANILA,3,1,BARANGAY 37,,,14.607847,120.962325,,,,,,,16,2021-11-17,OSP
MNL005 LP315 NP3-5,MNL005,LP315,NP3-5,MNL005 LP315,Orchard Building (City Square 2),MANILA,3,1,BARANGAY 37,,,14.607495,120.962361,,,,,,,24,2021-11-17,OSP
MNL005 LP315 NP6-8,MNL005,LP315,NP6-8,MNL005 LP315,Orchard Building (City Square 2),MANILA,3,1,BARANGAY 37,,,14.607301,120.962378,,,,,,,24,2021-11-17,OSP
MNL005 LP316 NP1-2,MNL005,LP316,NP1-2,MNL005 LP316,Orchard Building (City Square 2),MANILA,3,1,BARANGAY 37,,,14.606972,120.962412,,,,,,,16,2021-11-17,OSP
MNL003 LP303 NP3-4,MNL003,LP303,NP3-4,MNL003 LP303,City Square,MANILA,3,1,BARANGAY 370,,,14.62406139,120.9885905,,,,,,,16,2019-03-28,OSP
MNL003 LP303 NP5-6,MNL003,LP303,NP5-6,MNL003 LP303,City Square,MANILA,3,1,BARANGAY 370,,,14.62408148,120.9878644,,,,,,,16,2019-03-28,OSP
MNL003 LP303 NP7-8,MNL003,LP303,NP7-8,MNL003 LP303,City Square,MANILA,3,1,BARANGAY 370,,,14.62407696,120.9874659,,,,,,,16,2019-03-28,OSP
MNL003 LP304 NP1-2,MNL003,LP304,NP1-2,MNL003 LP304,City Square,MANILA,3,1,BARANGAY 370,,,14.62409412,120.9870391,,,,,,,16,2019-03-28,OSP
MNL003 LP304 NP3-4,MNL003,LP304,NP3-4,MNL003 LP304,City Square,MANILA,3,1,BARANGAY 370,,,14.62409195,120.986645,,,,,,,16,2019-03-28,OSP
MNL037 LP77 NP3-4,MNL037,LP77,NP3-4,MNL037 LP77,Tayuman,MANILA,3,1,BARANGAY 370,,,14.62457,120.987483,,,,,,,16,2020-09-29,OSP
MNL037 LP79 NP5-6,MNL037,LP79,NP5-6,MNL037 LP79,Tayuman,MANILA,3,1,BARANGAY 370,,,14.624487,120.987871,,,,,,,16,2020-09-29,OSP
MNL037 LP79 NP7-8,MNL037,LP79,NP7-8,MNL037 LP79,Tayuman,MANILA,3,1,BARANGAY 370,,,14.624731,120.987815,,,,,,,16,2020-09-29,OSP
MNL037 LP72 NP7-8,MNL037,LP72,NP7-8,MNL037 LP72,Tayuman,MANILA,3,1,BARANGAY 370,,,14.624583,120.986659,,,,,,,16,2020-09-29,OSP
MNL037 LP73 NP1-2,MNL037,LP73,NP1-2,MNL037 LP73,Tayuman,MANILA,3,1,BARANGAY 370,,,14.624074,120.986641,,,,,,,16,2020-09-29,OSP
MNL037 LP75 NP1-2,MNL037,LP75,NP1-2,MNL037 LP75,Tayuman,MANILA,3,1,BARANGAY 370,,,14.625063,120.987042,,,,,,,16,2020-09-29,OSP
MNL037 LP75 NP3-4,MNL037,LP75,NP3-4,MNL037 LP75,Tayuman,MANILA,3,1,BARANGAY 370,,,14.624394,120.986971,,,,,,,16,2020-09-29,OSP
MNL037 LP77 NP1-2,MNL037,LP77,NP1-2,MNL037 LP77,Tayuman,MANILA,3,1,BARANGAY 370,,,14.62499,120.987488,,,,,,,16,2020-09-29,OSP
MNL037 LP518 NP7-8,MNL037,LP518,NP7-8,MNL037 LP518,Tayuman,MANILA,3,1,BARANGAY 370,,,14.625094,120.98705,,,,,,,16,2023-02-23,OSP
MNL037 LP519 NP1-2,MNL037,LP519,NP1-2,MNL037 LP519,Tayuman,MANILA,3,1,BARANGAY 370,,,14.624087,120.987813,,,,,,,16,2023-02-23,OSP
MNL037 LP519 NP5-6,MNL037,LP519,NP5-6,MNL037 LP519,Tayuman,MANILA,3,1,BARANGAY 370,,,14.624067,120.988286,,,,,,,16,2023-02-23,OSP
MNL003 LP301 NP5-6,MNL003,LP301,NP5-6,MNL003 LP301,City Square,MANILA,3,1,BARANGAY 371,,,14.62259156,120.9889771,,,,,,,16,2019-03-28,OSP
MNL003 LP301 NP7-8,MNL003,LP301,NP7-8,MNL003 LP301,City Square,MANILA,3,1,BARANGAY 371,,,14.62261726,120.9882369,,,,,,,16,2019-03-28,OSP
MNL003 LP302 NP1-2,MNL003,LP302,NP1-2,MNL003 LP302,City Square,MANILA,3,1,BARANGAY 371,,,14.62261958,120.9876534,,,,,,,16,2019-03-28,OSP
MNL037 LP80 NP5-6,MNL037,LP80,NP5-6,MNL037 LP80,Tayuman,MANILA,3,1,BARANGAY 371,,,14.622935,120.98826,,,,,,,16,2020-09-29,OSP
MNL037 LP82 NP3-4,MNL037,LP82,NP3-4,MNL037 LP82,Tayuman,MANILA,3,1,BARANGAY 371,,,14.623012,120.988663,,,,,,,16,2020-09-29,OSP
MNL037 LP82 NP5-6,MNL037,LP82,NP5-6,MNL037 LP82,Tayuman,MANILA,3,1,BARANGAY 371,,,14.62343,120.98866,,,,,,,16,2020-09-29,OSP
MNL037 LP82 NP7-8,MNL037,LP82,NP7-8,MNL037 LP82,Tayuman,MANILA,3,1,BARANGAY 371,,,14.624005,120.988631,,,,,,,16,2020-09-29,OSP
MNL037 LP79 NP1-2,MNL037,LP79,NP1-2,MNL037 LP79,Tayuman,MANILA,3,1,BARANGAY 371,,,14.623297,120.987794,,,,,,,16,2020-09-29,OSP
MNL037 LP79 NP3-4,MNL037,LP79,NP3-4,MNL037 LP79,Tayuman,MANILA,3,1,BARANGAY 371,,,14.623792,120.9878,,,,,,,16,2020-09-29,OSP
MNL037 LP80 NP1-2,MNL037,LP80,NP1-2,MNL037 LP80,Tayuman,MANILA,3,1,BARANGAY 371,,,14.624028,120.988289,,,,,,,16,2020-09-29,OSP
MNL037 LP80 NP3-4,MNL037,LP80,NP3-4,MNL037 LP80,Tayuman,MANILA,3,1,BARANGAY 371,,,14.623523,120.988285,,,,,,,16,2020-09-29,OSP
MNL037 LP523 NP3-4,MNL037,LP523,NP3-4,MNL037 LP523,Tayuman,MANILA,3,1,BARANGAY 371,,,14.622693,120.988994,,,,,,,16,2023-02-23,OSP
MNL037 LP520 NP1-2,MNL037,LP520,NP1-2,MNL037 LP520,Tayuman,MANILA,3,1,BARANGAY 371,,,14.62261,120.988245,,,,,,,16,2023-02-23,OSP
MNL037 LP521 NP1-2,MNL037,LP521,NP1-2,MNL037 LP521,Tayuman,MANILA,3,1,BARANGAY 371,,,14.622602,120.988653,,,,,,,16,2023-02-23,OSP
MNL037 LP521 NP3-4,MNL037,LP521,NP3-4,MNL037 LP521,Tayuman,MANILA,3,1,BARANGAY 371,,,14.623476,120.988666,,,,,,,16,2023-02-23,OSP
MNL037 LP521 NP5-6,MNL037,LP521,NP5-6,MNL037 LP521,Tayuman,MANILA,3,1,BARANGAY 371,,,14.624042,120.988625,,,,,,,16,2023-02-23,OSP
MNL037 LP523 NP1-2,MNL037,LP523,NP1-2,MNL037 LP523,Tayuman,MANILA,3,1,BARANGAY 371,,,14.623695,120.988948,,,,,,,16,2023-02-23,OSP
MNL037 LP517 NP3-4,MNL037,LP517,NP3-4,MNL037 LP517,Tayuman,MANILA,3,1,BARANGAY 371,,,14.622632,120.987602,,,,,,,16,2023-02-23,OSP
MNL037 LP517 NP5-6,MNL037,LP517,NP5-6,MNL037 LP517,Tayuman,MANILA,3,1,BARANGAY 371,,,14.622626,120.987776,,,,,,,16,2023-02-23,OSP
MNL037 LP517 NP7-8,MNL037,LP517,NP7-8,MNL037 LP517,Tayuman,MANILA,3,1,BARANGAY 371,,,14.622882,120.987784,,,,,,,16,2023-02-23,OSP
MNL037 LP519 NP7-8,MNL037,LP519,NP7-8,MNL037 LP519,Tayuman,MANILA,3,1,BARANGAY 371,,,14.623234,120.988269,,,,,,,16,2023-02-23,OSP
MNL003 LP303 NP1-2,MNL003,LP303,NP1-2,MNL003 LP303,City Square,MANILA,3,1,BARANGAY 372,,,14.623986,120.988704,,,,,,,16,2019-03-28,OSP
QCY012 LP103 NP3-4,QCY012,LP103,NP3-4,QCY012 LP103,Crown 88 Residences Old Room,MANILA,3,1,BARANGAY 372,,,14.625333,120.987898,,,,,,,16,2015-10-01,OSP
QCY012 LP323 NP1-2,QCY012,LP323,NP1-2,QCY012 LP323,Crown 88 Residences Old Room,MANILA,3,1,BARANGAY 372,,,14.63145713,120.9916564,,,,,,,16,2018-10-29,OSP
QCY071 LP45 NP5-6,QCY071,LP45,NP5-6,QCY071 LP45,Del Monte Ave.,MANILA,3,1,BARANGAY 372,,,14.631929,120.991799,,,,,,,16,2020-09-20,OSP
QCY071 LP39 NP1-2,QCY071,LP39,NP1-2,QCY071 LP39,Del Monte Ave.,MANILA,3,1,BARANGAY 372,,,14.634736,120.992751,,,,,,,16,2020-09-20,OSP
MNL002 LP386 NP5-6,MNL002,LP386,NP5-6,MNL002 LP386,Don Quintos,MANILA,3,1,BARANGAY 372,,BELLAGIO RESIDENCES DIMASALANG,14.624148,120.988854,MNL80P,2F,EE ROOM,,,,,2022-12-05,ISP
MNL002 LP386 NP3-4,MNL002,LP386,NP3-4,MNL002 LP386,Don Quintos,MANILA,3,1,BARANGAY 372,,BELLAGIO RESIDENCES DIMASALANG,14.624148,120.988854,MNL80P,2F,EE ROOM,,,,,2022-12-05,ISP
MNL002 LP387 NP1,MNL002,LP387,NP1,MNL002 LP387,Don Quintos,MANILA,3,1,BARANGAY 372,,BELLAGIO RESIDENCES DIMASALANG,14.624148,120.988854,MNL80P,2F,EE ROOM,,,,,2022-12-05,ISP
MNL002 LP386 NP7-8,MNL002,LP386,NP7-8,MNL002 LP386,Don Quintos,MANILA,3,1,BARANGAY 372,,BELLAGIO RESIDENCES DIMASALANG,14.624148,120.988854,MNL80P,2F,EE ROOM,,,,,2022-12-05,ISP
MNL002 LP386 NP1-2,MNL002,LP386,NP1-2,MNL002 LP386,Don Quintos,MANILA,3,1,BARANGAY 372,,BELLAGIO RESIDENCES DIMASALANG,14.624148,120.988854,MNL80P,2F,EE ROOM,,,,,2022-12-05,ISP
MNL035 LP363 NP1-2,MNL035,LP363,NP1-2,MNL035 LP363,Pureza (Legarda / Lacson),MANILA,3,1,BARANGAY 372,,,14.624652,120.989231,,,,,,,16,2021-04-28,OSP
MNL035 LP363 NP3-4-5,MNL035,LP363,NP3-4-5,MNL035 LP363,Pureza (Legarda / Lacson),MANILA,3,1,BARANGAY 372,,,14.625315,120.989238,,,,,,,24,2021-04-28,OSP
MNL035 LP363 NP6-7-8,MNL035,LP363,NP6-7-8,MNL035 LP363,Pureza (Legarda / Lacson),MANILA,3,1,BARANGAY 372,,,14.625906,120.989241,,,,,,,24,2021-04-28,OSP
MNL037 LP165 NP1-2,MNL037,LP165,NP1-2,MNL037 LP165,Tayuman,MANILA,3,1,BARANGAY 372,,,14.624211,120.988718,,,,,,,16,2020-11-25,OSP
MNL037 LP165 NP3-4-5,MNL037,LP165,NP3-4-5,MNL037 LP165,Tayuman,MANILA,3,1,BARANGAY 372,,,14.624803,120.988661,,,,,,,24,2020-11-25,OSP
MNL037 LP165 NP6-7-8,MNL037,LP165,NP6-7-8,MNL037 LP165,Tayuman,MANILA,3,1,BARANGAY 372,,,14.625048,120.98867,,,,,,,24,2020-11-25,OSP
MNL037 LP166 NP1-2,MNL037,LP166,NP1-2,MNL037 LP166,Tayuman,MANILA,3,1,BARANGAY 372,,,14.624274,120.989195,,,,,,,16,2020-11-25,OSP
MNL037 LP166 NP3-4,MNL037,LP166,NP3-4,MNL037 LP166,Tayuman,MANILA,3,1,BARANGAY 372,,,14.624977,120.989207,,,,,,,16,2020-11-25,OSP
MNL037 LP521 NP7-8,MNL037,LP521,NP7-8,MNL037 LP521,Tayuman,MANILA,3,1,BARANGAY 372,,,14.624378,120.988648,,,,,,,16,2023-02-23,OSP
MNL037 LP522 NP3-4,MNL037,LP522,NP3-4,MNL037 LP522,Tayuman,MANILA,3,1,BARANGAY 372,,,14.626153,120.989239,,,,,,,16,2023-02-23,OSP
MNL037 LP522 NP5-6,MNL037,LP522,NP5-6,MNL037 LP522,Tayuman,MANILA,3,1,BARANGAY 372,,,14.625346,120.989215,,,,,,,16,2023-02-23,OSP
MNL037 LP522 NP7-8,MNL037,LP522,NP7-8,MNL037 LP522,Tayuman,MANILA,3,1,BARANGAY 372,,,14.624659,120.989193,,,,,,,16,2023-02-23,OSP
MNL037 LP518 NP5-6,MNL037,LP518,NP5-6,MNL037 LP518,Tayuman,MANILA,3,1,BARANGAY 372,,,14.625033,120.987487,,,,,,,16,2023-02-23,OSP
MNL037 LP519 NP3-4,MNL037,LP519,NP3-4,MNL037 LP519,Tayuman,MANILA,3,1,BARANGAY 372,,,14.624513,120.988107,,,,,,,16,2023-02-23,OSP
MNL003 LP284 NP5-6,MNL003,LP284,NP5-6,MNL003 LP284,City Square,MANILA,3,1,BARANGAY 373,,,14.63006679,120.9831429,,,,,,,16,2019-03-14,OSP
MNL003 LP284 NP7-8,MNL003,LP284,NP7-8,MNL003 LP284,City Square,MANILA,3,1,BARANGAY 373,,,14.63043865,120.9831691,,,,,,,16,2019-03-14,OSP
MNL003 LP285 NP1-2,MNL003,LP285,NP1-2,MNL003 LP285,City Square,MANILA,3,1,BARANGAY 373,,,14.63069448,120.9831523,,,,,,,16,2019-03-14,OSP
MNL003 LP285 NP3-4,MNL003,LP285,NP3-4,MNL003 LP285,City Square,MANILA,3,1,BARANGAY 373,,,14.63098863,120.9831453,,,,,,,16,2019-03-14,OSP
MNL003 LP284 NP1-2,MNL003,LP284,NP1-2,MNL003 LP284,City Square,MANILA,3,1,BARANGAY 373,,,14.62939757,120.9827723,,,,,,,16,2019-03-14,OSP
MNL003 LP284 NP3-4,MNL003,LP284,NP3-4,MNL003 LP284,City Square,MANILA,3,1,BARANGAY 373,,,14.62973933,120.9831575,,,,,,,16,2019-03-14,OSP
MNL037 LP152 NP6-7-8,MNL037,LP152,NP6-7-8,MNL037 LP152,Tayuman,MANILA,3,1,BARANGAY 373,,,14.631043,120.983125,,,,,,,24,2020-11-25,OSP
MNL037 LP153 NP1-2,MNL037,LP153,NP1-2,MNL037 LP153,Tayuman,MANILA,3,1,BARANGAY 373,,,14.630699,120.983149,,,,,,,16,2020-11-25,OSP
MNL037 LP153 NP3-4-5,MNL037,LP153,NP3-4-5,MNL037 LP153,Tayuman,MANILA,3,1,BARANGAY 373,,,14.63045,120.983156,,,,,,,24,2020-11-25,OSP
MNL037 LP153 NP6-7-8,MNL037,LP153,NP6-7-8,MNL037 LP153,Tayuman,MANILA,3,1,BARANGAY 373,,,14.629983,120.983137,,,,,,,24,2020-11-25,OSP
MNL037 LP154 NP1-2,MNL037,LP154,NP1-2,MNL037 LP154,Tayuman,MANILA,3,1,BARANGAY 373,,,14.62974,120.983138,,,,,,,16,2020-11-25,OSP
MNL037 LP154 NP3-4-5,MNL037,LP154,NP3-4-5,MNL037 LP154,Tayuman,MANILA,3,1,BARANGAY 373,,,14.629635,120.982952,,,,,,,24,2020-11-25,OSP
MNL037 LP154 NP6-7-8,MNL037,LP154,NP6-7-8,MNL037 LP154,Tayuman,MANILA,3,1,BARANGAY 373,,,14.629404,120.982756,,,,,,,24,2020-11-25,OSP
MNL037 LP536 NP3-5,MNL037,LP536,NP3-5,MNL037 LP536,Tayuman,MANILA,3,1,BARANGAY 373,,,14.629686,120.983097,,,,,,,24,2023-02-23,OSP
MNL037 LP536 NP6-8,MNL037,LP536,NP6-8,MNL037 LP536,Tayuman,MANILA,3,1,BARANGAY 373,,,14.629686,120.983097,,,,,,,24,2023-02-23,OSP
MNL037 LP533 NP1-2,MNL037,LP533,NP1-2,MNL037 LP533,Tayuman,MANILA,3,1,BARANGAY 373,,,14.630689,120.983152,,,,,,,16,2023-02-23,OSP
MNL037 LP533 NP3-5,MNL037,LP533,NP3-5,MNL037 LP533,Tayuman,MANILA,3,1,BARANGAY 373,,,14.630689,120.983152,,,,,,,24,2023-02-23,OSP
MNL037 LP533 NP6-8,MNL037,LP533,NP6-8,MNL037 LP533,Tayuman,MANILA,3,1,BARANGAY 373,,,14.630689,120.983152,,,,,,,24,2023-02-23,OSP
MNL037 LP534 NP1-2,MNL037,LP534,NP1-2,MNL037 LP534,Tayuman,MANILA,3,1,BARANGAY 373,,,14.630082,120.983136,,,,,,,16,2023-02-23,OSP
MNL037 LP534 NP3-5,MNL037,LP534,NP3-5,MNL037 LP534,Tayuman,MANILA,3,1,BARANGAY 373,,,14.630082,120.983136,,,,,,,24,2023-02-23,OSP
MNL037 LP534 NP6-8,MNL037,LP534,NP6-8,MNL037 LP534,Tayuman,MANILA,3,1,BARANGAY 373,,,14.629984,120.983135,,,,,,,24,2023-02-23,OSP
MNL037 LP535 NP1-2,MNL037,LP535,NP1-2,MNL037 LP535,Tayuman,MANILA,3,1,BARANGAY 373,,,14.629984,120.983135,,,,,,,16,2023-02-23,OSP
MNL037 LP535 NP3-5,MNL037,LP535,NP3-5,MNL037 LP535,Tayuman,MANILA,3,1,BARANGAY 373,,,14.629984,120.983135,,,,,,,24,2023-02-23,OSP
MNL037 LP535 NP6-8,MNL037,LP535,NP6-8,MNL037 LP535,Tayuman,MANILA,3,1,BARANGAY 373,,,14.629686,120.983097,,,,,,,24,2023-02-23,OSP
MNL037 LP536 NP1-2,MNL037,LP536,NP1-2,MNL037 LP536,Tayuman,MANILA,3,1,BARANGAY 373,,,14.629686,120.983097,,,,,,,16,2023-02-23,OSP
MNL037 LP524 NP5-6,MNL037,LP524,NP5-6,MNL037 LP524,Tayuman,MANILA,3,1,BARANGAY 373,,,14.629407,120.982753,,,,,,,16,2023-02-23,OSP
MNL037 LP524 NP7-8,MNL037,LP524,NP7-8,MNL037 LP524,Tayuman,MANILA,3,1,BARANGAY 373,,,14.629407,120.982753,,,,,,,16,2023-02-23,OSP
MNL003 LP285 NP5-6,MNL003,LP285,NP5-6,MNL003 LP285,City Square,MANILA,3,1,BARANGAY 374,,,14.63127304,120.9827886,,,,,,,16,2019-03-14,OSP
MNL003 LP285 NP7-8,MNL003,LP285,NP7-8,MNL003 LP285,City Square,MANILA,3,1,BARANGAY 374,,,14.6307739,120.9826511,,,,,,,16,2019-03-14,OSP
MNL003 LP286 NP1-2,MNL003,LP286,NP1-2,MNL003 LP286,City Square,MANILA,3,1,BARANGAY 374,,,14.63099045,120.9824685,,,,,,,16,2019-03-14,OSP
MNL003 LP286 NP3-4,MNL003,LP286,NP3-4,MNL003 LP286,City Square,MANILA,3,1,BARANGAY 374,,,14.63109382,120.9819848,,,,,,,16,2019-03-14,OSP
MNL003 LP286 NP5-6,MNL003,LP286,NP5-6,MNL003 LP286,City Square,MANILA,3,1,BARANGAY 374,,,14.6306443,120.9820051,,,,,,,16,2019-03-14,OSP
MNL003 LP286 NP7-8,MNL003,LP286,NP7-8,MNL003 LP286,City Square,MANILA,3,1,BARANGAY 374,,,14.63036575,120.9822649,,,,,,,16,2019-03-14,OSP
MNL037 LP150 NP6-7-8,MNL037,LP150,NP6-7-8,MNL037 LP150,Tayuman,MANILA,3,1,BARANGAY 374,,,14.630989,120.98246,,,,,,,24,2020-11-25,OSP
MNL037 LP151 NP1-2,MNL037,LP151,NP1-2,MNL037 LP151,Tayuman,MANILA,3,1,BARANGAY 374,,,14.630201,120.982395,,,,,,,16,2020-11-25,OSP
MNL037 LP151 NP3-4-5,MNL037,LP151,NP3-4-5,MNL037 LP151,Tayuman,MANILA,3,1,BARANGAY 374,,,14.630509,120.982513,,,,,,,24,2020-11-25,OSP
MNL037 LP151 NP6-7-8,MNL037,LP151,NP6-7-8,MNL037 LP151,Tayuman,MANILA,3,1,BARANGAY 374,,,14.63078,120.982659,,,,,,,24,2020-11-25,OSP
MNL037 LP152 NP1-2,MNL037,LP152,NP1-2,MNL037 LP152,Tayuman,MANILA,3,1,BARANGAY 374,,,14.631005,120.982742,,,,,,,16,2020-11-25,OSP
MNL037 LP152 NP3-4-5,MNL037,LP152,NP3-4-5,MNL037 LP152,Tayuman,MANILA,3,1,BARANGAY 374,,,14.631271,120.982805,,,,,,,24,2020-11-25,OSP
MNL037 LP147 NP1-2,MNL037,LP147,NP1-2,MNL037 LP147,Tayuman,MANILA,3,1,BARANGAY 374,,,14.630746,120.981465,,,,,,,16,2020-11-25,OSP
MNL037 LP147 NP3-4-5,MNL037,LP147,NP3-4-5,MNL037 LP147,Tayuman,MANILA,3,1,BARANGAY 374,,,14.630188,120.981976,,,,,,,24,2020-11-25,OSP
MNL037 LP147 NP6-7-8,MNL037,LP147,NP6-7-8,MNL037 LP147,Tayuman,MANILA,3,1,BARANGAY 374,,,14.629916,120.982239,,,,,,,24,2020-11-25,OSP
MNL037 LP148 NP1-2,MNL037,LP148,NP1-2,MNL037 LP148,Tayuman,MANILA,3,1,BARANGAY 374,,,14.630977,120.981719,,,,,,,16,2020-11-25,OSP
MNL037 LP148 NP3-4-5,MNL037,LP148,NP3-4-5,MNL037 LP148,Tayuman,MANILA,3,1,BARANGAY 374,,,14.63064,120.982013,,,,,,,24,2020-11-25,OSP
MNL037 LP148 NP6-7-8,MNL037,LP148,NP6-7-8,MNL037 LP148,Tayuman,MANILA,3,1,BARANGAY 374,,,14.630368,120.982265,,,,,,,24,2020-11-25,OSP
MNL037 LP149 NP1-2,MNL037,LP149,NP1-2,MNL037 LP149,Tayuman,MANILA,3,1,BARANGAY 374,,,14.631094,120.981982,,,,,,,16,2020-11-25,OSP
MNL037 LP149 NP3-4-5,MNL037,LP149,NP3-4-5,MNL037 LP149,Tayuman,MANILA,3,1,BARANGAY 374,,,14.630821,120.982209,,,,,,,24,2020-11-25,OSP
MNL037 LP149 NP6-7-8,MNL037,LP149,NP6-7-8,MNL037 LP149,Tayuman,MANILA,3,1,BARANGAY 374,,,14.630548,120.982466,,,,,,,24,2020-11-25,OSP
MNL037 LP150 NP1-2,MNL037,LP150,NP1-2,MNL037 LP150,Tayuman,MANILA,3,1,BARANGAY 374,,,14.631207,120.982215,,,,,,,16,2020-11-25,OSP
MNL037 LP150 NP3-4-5,MNL037,LP150,NP3-4-5,MNL037 LP150,Tayuman,MANILA,3,1,BARANGAY 374,,,14.631325,120.982449,,,,,,,24,2020-11-25,OSP
MNL037 LP530 NP7-8,MNL037,LP530,NP7-8,MNL037 LP530,Tayuman,MANILA,3,1,BARANGAY 374,,,14.631009,120.982742,,,,,,,16,2023-02-23,OSP
MNL037 LP531 NP1-2,MNL037,LP531,NP1-2,MNL037 LP531,Tayuman,MANILA,3,1,BARANGAY 374,,,14.631273,120.982805,,,,,,,16,2023-02-23,OSP
MNL037 LP531 NP3-5,MNL037,LP531,NP3-5,MNL037 LP531,Tayuman,MANILA,3,1,BARANGAY 374,,,14.631273,120.982805,,,,,,,24,2023-02-23,OSP
MNL037 LP531 NP6-8,MNL037,LP531,NP6-8,MNL037 LP531,Tayuman,MANILA,3,1,BARANGAY 374,,,14.631154,120.983023,,,,,,,24,2023-02-23,OSP
MNL037 LP532 NP1-2,MNL037,LP532,NP1-2,MNL037 LP532,Tayuman,MANILA,3,1,BARANGAY 374,,,14.631154,120.983023,,,,,,,16,2023-02-23,OSP
MNL037 LP532 NP3-5,MNL037,LP532,NP3-5,MNL037 LP532,Tayuman,MANILA,3,1,BARANGAY 374,,,14.631154,120.983023,,,,,,,24,2023-02-23,OSP
MNL037 LP532 NP6-8,MNL037,LP532,NP6-8,MNL037 LP532,Tayuman,MANILA,3,1,BARANGAY 374,,,14.631154,120.983023,,,,,,,24,2023-02-23,OSP
MNL037 LP527 NP5-6,MNL037,LP527,NP5-6,MNL037 LP527,Tayuman,MANILA,3,1,BARANGAY 374,,,14.630642,120.982013,,,,,,,16,2023-02-23,OSP
MNL037 LP527 NP7-8,MNL037,LP527,NP7-8,MNL037 LP527,Tayuman,MANILA,3,1,BARANGAY 374,,,14.630642,120.982013,,,,,,,16,2023-02-23,OSP
MNL037 LP528 NP1-2,MNL037,LP528,NP1-2,MNL037 LP528,Tayuman,MANILA,3,1,BARANGAY 374,,,14.630389,120.982488,,,,,,,16,2023-02-23,OSP
MNL037 LP528 NP3-4,MNL037,LP528,NP3-4,MNL037 LP528,Tayuman,MANILA,3,1,BARANGAY 374,,,14.630389,120.982488,,,,,,,16,2023-02-23,OSP
MNL037 LP528 NP5-6,MNL037,LP528,NP5-6,MNL037 LP528,Tayuman,MANILA,3,1,BARANGAY 374,,,14.630544,120.98247,,,,,,,16,2023-02-23,OSP
MNL037 LP528 NP7-8,MNL037,LP528,NP7-8,MNL037 LP528,Tayuman,MANILA,3,1,BARANGAY 374,,,14.630544,120.98247,,,,,,,16,2023-02-23,OSP
MNL037 LP529 NP1-2,MNL037,LP529,NP1-2,MNL037 LP529,Tayuman,MANILA,3,1,BARANGAY 374,,,14.630911,120.982164,,,,,,,16,2023-02-23,OSP
MNL037 LP529 NP3-4,MNL037,LP529,NP3-4,MNL037 LP529,Tayuman,MANILA,3,1,BARANGAY 374,,,14.630911,120.982164,,,,,,,16,2023-02-23,OSP
MNL037 LP529 NP5-6,MNL037,LP529,NP5-6,MNL037 LP529,Tayuman,MANILA,3,1,BARANGAY 374,,,14.63121,120.982218,,,,,,,16,2023-02-23,OSP
MNL037 LP529 NP7-8,MNL037,LP529,NP7-8,MNL037 LP529,Tayuman,MANILA,3,1,BARANGAY 374,,,14.63121,120.982218,,,,,,,16,2023-02-23,OSP
MNL037 LP530 NP1-2,MNL037,LP530,NP1-2,MNL037 LP530,Tayuman,MANILA,3,1,BARANGAY 374,,,14.631054,120.9824,,,,,,,16,2023-02-23,OSP
MNL037 LP530 NP3-4,MNL037,LP530,NP3-4,MNL037 LP530,Tayuman,MANILA,3,1,BARANGAY 374,,,14.631054,120.9824,,,,,,,16,2023-02-23,OSP
MNL037 LP530 NP5-6,MNL037,LP530,NP5-6,MNL037 LP530,Tayuman,MANILA,3,1,BARANGAY 374,,,14.631009,120.982742,,,,,,,16,2023-02-23,OSP
MNL037 LP525 NP1-2,MNL037,LP525,NP1-2,MNL037 LP525,Tayuman,MANILA,3,1,BARANGAY 374,,,14.629733,120.982411,,,,,,,16,2023-02-23,OSP
MNL037 LP525 NP3-4,MNL037,LP525,NP3-4,MNL037 LP525,Tayuman,MANILA,3,1,BARANGAY 374,,,14.629733,120.982411,,,,,,,16,2023-02-23,OSP
MNL037 LP525 NP5-6,MNL037,LP525,NP5-6,MNL037 LP525,Tayuman,MANILA,3,1,BARANGAY 374,,,14.629951,120.982206,,,,,,,16,2023-02-23,OSP
MNL037 LP525 NP7-8,MNL037,LP525,NP7-8,MNL037 LP525,Tayuman,MANILA,3,1,BARANGAY 374,,,14.629951,120.982206,,,,,,,16,2023-02-23,OSP
MNL037 LP526 NP1-2,MNL037,LP526,NP1-2,MNL037 LP526,Tayuman,MANILA,3,1,BARANGAY 374,,,14.630196,120.98198,,,,,,,16,2023-02-23,OSP
MNL037 LP526 NP3-4,MNL037,LP526,NP3-4,MNL037 LP526,Tayuman,MANILA,3,1,BARANGAY 374,,,14.630196,120.98198,,,,,,,16,2023-02-23,OSP
MNL037 LP526 NP5-6,MNL037,LP526,NP5-6,MNL037 LP526,Tayuman,MANILA,3,1,BARANGAY 374,,,14.630536,120.981674,,,,,,,16,2023-02-23,OSP
MNL037 LP526 NP7-8,MNL037,LP526,NP7-8,MNL037 LP526,Tayuman,MANILA,3,1,BARANGAY 374,,,14.630536,120.981674,,,,,,,16,2023-02-23,OSP
MNL037 LP527 NP1-2,MNL037,LP527,NP1-2,MNL037 LP527,Tayuman,MANILA,3,1,BARANGAY 374,,,14.630977,120.98171,,,,,,,16,2023-02-23,OSP
MNL037 LP527 NP3-4,MNL037,LP527,NP3-4,MNL037 LP527,Tayuman,MANILA,3,1,BARANGAY 374,,,14.630977,120.98171,,,,,,,16,2023-02-23,OSP
MNL037 LP155 NP1-2,MNL037,LP155,NP1-2,MNL037 LP155,Tayuman,MANILA,3,1,BARANGAY 375,,,14.629142,120.983042,,,,,,,16,2020-11-25,OSP
MNL037 LP155 NP3-4-5,MNL037,LP155,NP3-4-5,MNL037 LP155,Tayuman,MANILA,3,1,BARANGAY 375,,,14.628881,120.983339,,,,,,,24,2020-11-25,OSP
MNL037 LP155 NP6-7-8,MNL037,LP155,NP6-7-8,MNL037 LP155,Tayuman,MANILA,3,1,BARANGAY 375,,,14.628939,120.983644,,,,,,,24,2020-11-25,OSP
MNL037 LP156 NP1-2,MNL037,LP156,NP1-2,MNL037 LP156,Tayuman,MANILA,3,1,BARANGAY 375,,,14.628636,120.983625,,,,,,,16,2020-11-25,OSP
MNL037 LP156 NP3-4-5,MNL037,LP156,NP3-4-5,MNL037 LP156,Tayuman,MANILA,3,1,BARANGAY 375,,,14.628433,120.983861,,,,,,,24,2020-11-25,OSP
MNL037 LP497 NP1-2,MNL037,LP497,NP1-2,MNL037 LP497,Tayuman,MANILA,3,1,BARANGAY 375,,,14.628638,120.983626,,,,,,,16,2023-02-23,OSP
MNL037 LP345 NP7-8,MNL037,LP345,NP7-8,MNL037 LP345,Tayuman,MANILA,3,1,BARANGAY 375,,,14.628938,120.983268,,,,,,,16,2023-02-22,OSP
MNL037 LP524 NP1-2,MNL037,LP524,NP1-2,MNL037 LP524,Tayuman,MANILA,3,1,BARANGAY 375,,,14.629142,120.98304,,,,,,,16,2023-02-23,OSP
MNL037 LP524 NP3-4,MNL037,LP524,NP3-4,MNL037 LP524,Tayuman,MANILA,3,1,BARANGAY 375,,,14.629142,120.98304,,,,,,,16,2023-02-23,OSP
MNL003 LP324 NP1-2,MNL003,LP324,NP1-2,MNL003 LP324,City Square,MANILA,3,1,BARANGAY 376,,,14.6274422,120.9859176,,,,,,,16,2019-05-23,OSP
MNL003 LP324 NP3-4,MNL003,LP324,NP3-4,MNL003 LP324,City Square,MANILA,3,1,BARANGAY 376,,,14.62637313,120.9862511,,,,,,,16,2019-05-23,OSP
MNL003 LP324 NP5-6,MNL003,LP324,NP5-6,MNL003 LP324,City Square,MANILA,3,1,BARANGAY 376,,,14.62596328,120.98669,,,,,,,16,2019-05-23,OSP
MNL003 LP324 NP7-8,MNL003,LP324,NP7-8,MNL003 LP324,City Square,MANILA,3,1,BARANGAY 376,,,14.62567879,120.9870481,,,,,,,16,2019-05-23,OSP
MNL003 LP308 NP5-6,MNL003,LP308,NP5-6,MNL003 LP308,City Square,MANILA,3,1,BARANGAY 376,,,14.62640374,120.9859232,,,,,,,16,2019-03-28,OSP
MNL037 LP161 NP3-4-5,MNL037,LP161,NP3-4-5,MNL037 LP161,Tayuman,MANILA,3,1,BARANGAY 376,,,14.627534,120.985916,,,,,,,24,2020-11-25,OSP
MNL037 LP161 NP6-7-8,MNL037,LP161,NP6-7-8,MNL037 LP161,Tayuman,MANILA,3,1,BARANGAY 376,,,14.62677,120.985897,,,,,,,24,2020-11-25,OSP
MNL037 LP162 NP1-2,MNL037,LP162,NP1-2,MNL037 LP162,Tayuman,MANILA,3,1,BARANGAY 376,,,14.626753,120.986257,,,,,,,16,2020-11-25,OSP
MNL037 LP162 NP3-4-5,MNL037,LP162,NP3-4-5,MNL037 LP162,Tayuman,MANILA,3,1,BARANGAY 376,,,14.626734,120.986438,,,,,,,24,2020-11-25,OSP
MNL037 LP162 NP6-7-8,MNL037,LP162,NP6-7-8,MNL037 LP162,Tayuman,MANILA,3,1,BARANGAY 376,,,14.626943,120.986266,,,,,,,24,2020-11-25,OSP
MNL037 LP163 NP1-2,MNL037,LP163,NP1-2,MNL037 LP163,Tayuman,MANILA,3,1,BARANGAY 376,,,14.626404,120.985919,,,,,,,16,2020-11-25,OSP
MNL037 LP163 NP6-7-8,MNL037,LP163,NP6-7-8,MNL037 LP163,Tayuman,MANILA,3,1,BARANGAY 376,,,14.62572,120.986711,,,,,,,24,2020-11-25,OSP
MNL037 LP522 NP1-2,MNL037,LP522,NP1-2,MNL037 LP522,Tayuman,MANILA,3,1,BARANGAY 376,,,14.625681,120.988396,,,,,,,16,2023-02-23,OSP
MNL037 LP514 NP3-5,MNL037,LP514,NP3-5,MNL037 LP514,Tayuman,MANILA,3,1,BARANGAY 376,,,14.625725,120.986693,,,,,,,24,2023-02-23,OSP
MNL037 LP510 NP1-2,MNL037,LP510,NP1-2,MNL037 LP510,Tayuman,MANILA,3,1,BARANGAY 376,,,14.627536,120.985917,,,,,,,16,2023-02-23,OSP
MNL037 LP510 NP3-5,MNL037,LP510,NP3-5,MNL037 LP510,Tayuman,MANILA,3,1,BARANGAY 376,,,14.62677,120.985893,,,,,,,24,2023-02-23,OSP
MNL037 LP161 NP1-2,MNL037,LP161,NP1-2,MNL037 LP161,Tayuman,MANILA,3,1,BARANGAY 376,,,14.62788,120.985842,,,,,,,16,2020-11-25,OSP
MNL003 LP309 NP1-2,MNL003,LP309,NP1-2,MNL003 LP309,City Square,MANILA,3,1,BARANGAY 377,,,14.62710906,120.9851088,,,,,,,16,2019-03-28,OSP
MNL037 LP160 NP6-7-8,MNL037,LP160,NP6-7-8,MNL037 LP160,Tayuman,MANILA,3,1,BARANGAY 377,,,14.627199,120.985415,,,,,,,24,2020-11-25,OSP
MNL037 LP160 NP1-2,MNL037,LP160,NP1-2,MNL037 LP160,Tayuman,MANILA,3,1,BARANGAY 377,,,14.627891,120.985431,,,,,,,16,2020-11-25,OSP
MNL037 LP160 NP3-4-5,MNL037,LP160,NP3-4-5,MNL037 LP160,Tayuman,MANILA,3,1,BARANGAY 377,,,14.627627,120.985427,,,,,,,24,2020-11-25,OSP
MNL037 LP509 NP5-6,MNL037,LP509,NP5-6,MNL037 LP509,Tayuman,MANILA,3,1,BARANGAY 377,,,14.627199,120.985419,,,,,,,16,2023-02-23,OSP
MNL037 LP509 NP7-8,MNL037,LP509,NP7-8,MNL037 LP509,Tayuman,MANILA,3,1,BARANGAY 377,,,14.627892,120.985433,,,,,,,16,2023-02-23,OSP
MNL003 LP323 NP1-2,MNL003,LP323,NP1-2,MNL003 LP323,City Square,MANILA,3,1,BARANGAY 378,,,14.62787037,120.9844804,,,,,,,16,2019-05-23,OSP
MNL003 LP323 NP3-4,MNL003,LP323,NP3-4,MNL003 LP323,City Square,MANILA,3,1,BARANGAY 378,,,14.62885373,120.984579,,,,,,,16,2019-05-23,OSP
MNL003 LP323 NP5-6,MNL003,LP323,NP5-6,MNL003 LP323,City Square,MANILA,3,1,BARANGAY 378,,,14.62784589,120.9851086,,,,,,,16,2019-05-23,OSP
MNL003 LP323 NP7-8,MNL003,LP323,NP7-8,MNL003 LP323,City Square,MANILA,3,1,BARANGAY 378,,,14.62866166,120.9851297,,,,,,,16,2019-05-23,OSP
MNL037 LP156 NP6-7-8,MNL037,LP156,NP6-7-8,MNL037 LP156,Tayuman,MANILA,3,1,BARANGAY 378,,,14.628621,120.984178,,,,,,,24,2020-11-25,OSP
MNL037 LP157 NP1-2,MNL037,LP157,NP1-2,MNL037 LP157,Tayuman,MANILA,3,1,BARANGAY 378,,,14.628189,120.984166,,,,,,,16,2020-11-25,OSP
MNL037 LP157 NP3-4-5,MNL037,LP157,NP3-4-5,MNL037 LP157,Tayuman,MANILA,3,1,BARANGAY 378,,,14.627912,120.984604,,,,,,,24,2020-11-25,OSP
MNL037 LP157 NP6-7-8,MNL037,LP157,NP6-7-8,MNL037 LP157,Tayuman,MANILA,3,1,BARANGAY 378,,,14.628293,120.984566,,,,,,,24,2020-11-25,OSP
MNL037 LP158 NP1-2,MNL037,LP158,NP1-2,MNL037 LP158,Tayuman,MANILA,3,1,BARANGAY 378,,,14.628584,120.984578,,,,,,,16,2020-11-25,OSP
MNL037 LP158 NP3-4-5,MNL037,LP158,NP3-4-5,MNL037 LP158,Tayuman,MANILA,3,1,BARANGAY 378,,,14.628975,120.984585,,,,,,,24,2020-11-25,OSP
MNL037 LP158 NP6-7-8,MNL037,LP158,NP6-7-8,MNL037 LP158,Tayuman,MANILA,3,1,BARANGAY 378,,,14.62927,120.984591,,,,,,,24,2020-11-25,OSP
MNL037 LP159 NP1-2,MNL037,LP159,NP1-2,MNL037 LP159,Tayuman,MANILA,3,1,BARANGAY 378,,,14.627892,120.985119,,,,,,,16,2020-11-25,OSP
MNL037 LP159 NP3-4-5,MNL037,LP159,NP3-4-5,MNL037 LP159,Tayuman,MANILA,3,1,BARANGAY 378,,,14.628565,120.985131,,,,,,,24,2020-11-25,OSP
MNL037 LP159 NP6-7-8,MNL037,LP159,NP6-7-8,MNL037 LP159,Tayuman,MANILA,3,1,BARANGAY 378,,,14.628584,120.984797,,,,,,,24,2020-11-25,OSP
MNL037 LP504 NP1-2,MNL037,LP504,NP1-2,MNL037 LP504,Tayuman,MANILA,3,1,BARANGAY 378,,,14.627915,120.98459,,,,,,,16,2023-02-23,OSP
MNL037 LP504 NP3-5,MNL037,LP504,NP3-5,MNL037 LP504,Tayuman,MANILA,3,1,BARANGAY 378,,,14.628297,120.984563,,,,,,,24,2023-02-23,OSP
MNL037 LP504 NP6-8,MNL037,LP504,NP6-8,MNL037 LP504,Tayuman,MANILA,3,1,BARANGAY 378,,,14.628975,120.984586,,,,,,,24,2023-02-23,OSP
MNL037 LP505 NP1-2,MNL037,LP505,NP1-2,MNL037 LP505,Tayuman,MANILA,3,1,BARANGAY 378,,,14.627894,120.985113,,,,,,,16,2023-02-23,OSP
MNL037 LP505 NP3-4,MNL037,LP505,NP3-4,MNL037 LP505,Tayuman,MANILA,3,1,BARANGAY 378,,,14.628872,120.98514,,,,,,,16,2023-02-23,OSP
MNL037 LP501 NP1-2,MNL037,LP501,NP1-2,MNL037 LP501,Tayuman,MANILA,3,1,BARANGAY 378,,,14.627905,120.984157,,,,,,,16,2023-02-23,OSP
MNL037 LP501 NP3-5,MNL037,LP501,NP3-5,MNL037 LP501,Tayuman,MANILA,3,1,BARANGAY 378,,,14.628174,120.984162,,,,,,,24,2023-02-23,OSP
MNL037 LP501 NP6-8,MNL037,LP501,NP6-8,MNL037 LP501,Tayuman,MANILA,3,1,BARANGAY 378,,,14.628621,120.984173,,,,,,,24,2023-02-23,OSP
MNL037 LP60 NP1-2,MNL037,LP60,NP1-2,MNL037 LP60,Tayuman,MANILA,3,1,BARANGAY 378,,,14.627871,120.984162,,,,,,,16,2020-09-29,OSP
MNL003 LP308 NP3-4,MNL003,LP308,NP3-4,MNL003 LP308,City Square,MANILA,3,1,BARANGAY 379,,,14.626103,120.986255,,,,,,,16,2019-03-28,OSP
MNL037 LP164 NP1-2,MNL037,LP164,NP1-2,MNL037 LP164,Tayuman,MANILA,3,1,BARANGAY 379,,,14.625693,120.986231,,,,,,,16,2020-11-25,OSP
MNL037 LP513 NP7-8,MNL037,LP513,NP7-8,MNL037 LP513,Tayuman,MANILA,3,1,BARANGAY 379,,,14.625697,120.986236,,,,,,,16,2023-02-23,OSP
MNL037 LP514 NP1-2,MNL037,LP514,NP1-2,MNL037 LP514,Tayuman,MANILA,3,1,BARANGAY 379,,,14.626117,120.986251,,,,,,,16,2023-02-23,OSP
MNL037 LP514 NP6-8,MNL037,LP514,NP6-8,MNL037 LP514,Tayuman,MANILA,3,1,BARANGAY 379,,,14.625365,120.986676,,,,,,,24,2023-02-23,OSP
MNL037 LP511 NP1-2,MNL037,LP511,NP1-2,MNL037 LP511,Tayuman,MANILA,3,1,BARANGAY 379,,,14.62538,120.985857,,,,,,,16,2023-02-23,OSP
MNL003 LP216 NP1-2,MNL003,LP216,NP1-2,MNL003 LP216,City Square,MANILA,3,1,BARANGAY 38,,,14.60550271,120.9619727,,,,,,,16,2019-02-12,OSP
MNL003 LP216 NP3-4,MNL003,LP216,NP3-4,MNL003 LP216,City Square,MANILA,3,1,BARANGAY 38,,,14.60504636,120.9620301,,,,,,,16,2019-02-12,OSP
MNL003 LP402 NP5-6,MNL003,LP402,NP5-6,MNL003 LP402,City Square,MANILA,3,1,BARANGAY 38,,,14.604844,120.962614,,,,,,,16,2019-10-02,OSP
MNL003 LP402 NP7-8,MNL003,LP402,NP7-8,MNL003 LP402,City Square,MANILA,3,1,BARANGAY 38,,,14.605132,120.962583,,,,,,,16,2019-10-02,OSP
MNL003 LP403 NP1-2,MNL003,LP403,NP1-2,MNL003 LP403,City Square,MANILA,3,1,BARANGAY 38,,,14.605839,120.962516,,,,,,,16,2019-10-02,OSP
MNL003 LP403 NP3-4,MNL003,LP403,NP3-4,MNL003 LP403,City Square,MANILA,3,1,BARANGAY 38,,,14.606118,120.962496,,,,,,,16,2019-10-02,OSP
MNL005 LP254 NP3-4-5,MNL005,LP254,NP3-4-5,MNL005 LP254,Orchard Building (City Square 2),MANILA,3,1,BARANGAY 38,,,14.604839,120.96262,,,,,,,24,2021-09-25,OSP
MNL005 LP40 NP3-4,MNL005,LP40,NP3-4,MNL005 LP40,Orchard Building (City Square 2),MANILA,3,1,BARANGAY 38,,,14.606444,120.962456,,,,,,,16,2020-09-25,OSP
MNL005 LP40 NP5-6,MNL005,LP40,NP5-6,MNL005 LP40,Orchard Building (City Square 2),MANILA,3,1,BARANGAY 38,,,14.605585,120.962544,,,,,,,16,2020-09-25,OSP
MNL005 LP40 NP7-8,MNL005,LP40,NP7-8,MNL005 LP40,Orchard Building (City Square 2),MANILA,3,1,BARANGAY 38,,,14.605304,120.962553,,,,,,,16,2020-09-25,OSP
MNL005 LP36 NP3-4,MNL005,LP36,NP3-4,MNL005 LP36,Orchard Building (City Square 2),MANILA,3,1,BARANGAY 38,,,14.60628,120.9619,,,,,,,16,2020-09-25,OSP
MNL005 LP36 NP5-6,MNL005,LP36,NP5-6,MNL005 LP36,Orchard Building (City Square 2),MANILA,3,1,BARANGAY 38,,,14.605513,120.961968,,,,,,,16,2020-09-25,OSP
MNL005 LP36 NP7-8,MNL005,LP36,NP7-8,MNL005 LP36,Orchard Building (City Square 2),MANILA,3,1,BARANGAY 38,,,14.605263,120.96201,,,,,,,16,2020-09-25,OSP
MNL005 LP320 NP1-2,MNL005,LP320,NP1-2,MNL005 LP320,Orchard Building (City Square 2),MANILA,3,1,BARANGAY 38,,,14.60511,120.962553,,,,,,,16,2021-11-17,OSP
MNL005 LP320 NP3-5,MNL005,LP320,NP3-5,MNL005 LP320,Orchard Building (City Square 2),MANILA,3,1,BARANGAY 38,,,14.605308,120.962539,,,,,,,24,2021-11-17,OSP
MNL005 LP320 NP6-8,MNL005,LP320,NP6-8,MNL005 LP320,Orchard Building (City Square 2),MANILA,3,1,BARANGAY 38,,,14.605585,120.96253,,,,,,,24,2021-11-17,OSP
MNL005 LP321 NP1-2,MNL005,LP321,NP1-2,MNL005 LP321,Orchard Building (City Square 2),MANILA,3,1,BARANGAY 38,,,14.605838,120.962512,,,,,,,16,2021-11-17,OSP
MNL005 LP321 NP3-5,MNL005,LP321,NP3-5,MNL005 LP321,Orchard Building (City Square 2),MANILA,3,1,BARANGAY 38,,,14.606095,120.962487,,,,,,,24,2021-11-17,OSP
MNL005 LP321 NP6-8,MNL005,LP321,NP6-8,MNL005 LP321,Orchard Building (City Square 2),MANILA,3,1,BARANGAY 38,,,14.606094,120.962488,,,,,,,24,2021-11-17,OSP
MNL005 LP316 NP3-5,MNL005,LP316,NP3-5,MNL005 LP316,Orchard Building (City Square 2),MANILA,3,1,BARANGAY 38,,,14.606607,120.962444,,,,,,,24,2021-11-17,OSP
MNL005 LP316 NP6-8,MNL005,LP316,NP6-8,MNL005 LP316,Orchard Building (City Square 2),MANILA,3,1,BARANGAY 38,,,14.606609,120.962443,,,,,,,24,2021-11-17,OSP
MNL005 LP319 NP1-2,MNL005,LP319,NP1-2,MNL005 LP319,Orchard Building (City Square 2),MANILA,3,1,BARANGAY 38,,,14.605506,120.961978,,,,,,,16,2021-11-17,OSP
MNL005 LP319 NP3-5,MNL005,LP319,NP3-5,MNL005 LP319,Orchard Building (City Square 2),MANILA,3,1,BARANGAY 38,,,14.60526,120.96201,,,,,,,24,2021-11-17,OSP
MNL005 LP319 NP6-8,MNL005,LP319,NP6-8,MNL005 LP319,Orchard Building (City Square 2),MANILA,3,1,BARANGAY 38,,,14.605261,120.962011,,,,,,,24,2021-11-17,OSP
MNL001 LP25 NP7-8,MNL001,LP25,NP7-8,MNL001 LP25,Zen Tower,MANILA,3,1,BARANGAY 38,,,14.606585,120.962448,,,,,,,16,2015-07-27,OSP
MNL003 LP308 NP7-8,MNL003,LP308,NP7-8,MNL003 LP308,City Square,MANILA,3,1,BARANGAY 380,,,14.626881,120.985386,,,,,,,16,2019-03-28,OSP
MNL037 LP163 NP3-4-5,MNL037,LP163,NP3-4-5,MNL037 LP163,Tayuman,MANILA,3,1,BARANGAY 380,,,14.625983,120.985871,,,,,,,24,2020-11-25,OSP
MNL037 LP506 NP3-4,MNL037,LP506,NP3-4,MNL037 LP506,Tayuman,MANILA,3,1,BARANGAY 380,,,14.625392,120.985035,,,,,,,16,2023-02-23,OSP
MNL037 LP71 NP1-2,MNL037,LP71,NP1-2,MNL037 LP71,Tayuman,MANILA,3,1,BARANGAY 380,,,14.625677,120.985372,,,,,,,16,2020-09-29,OSP
MNL037 LP71 NP3-4,MNL037,LP71,NP3-4,MNL037 LP71,Tayuman,MANILA,3,1,BARANGAY 380,,,14.625877,120.985434,,,,,,,16,2020-09-29,OSP
MNL037 LP71 NP5-6,MNL037,LP71,NP5-6,MNL037 LP71,Tayuman,MANILA,3,1,BARANGAY 380,,,14.626144,120.985385,,,,,,,16,2020-09-29,OSP
MNL037 LP71 NP7-8,MNL037,LP71,NP7-8,MNL037 LP71,Tayuman,MANILA,3,1,BARANGAY 380,,,14.626436,120.985455,,,,,,,16,2020-09-29,OSP
MNL037 LP509 NP1-2,MNL037,LP509,NP1-2,MNL037 LP509,Tayuman,MANILA,3,1,BARANGAY 380,,,14.625724,120.985383,,,,,,,16,2023-02-23,OSP
MNL037 LP509 NP3-4,MNL037,LP509,NP3-4,MNL037 LP509,Tayuman,MANILA,3,1,BARANGAY 380,,,14.62686,120.985408,,,,,,,16,2023-02-23,OSP
MNL037 LP510 NP6-8,MNL037,LP510,NP6-8,MNL037 LP510,Tayuman,MANILA,3,1,BARANGAY 380,,,14.626243,120.985871,,,,,,,24,2023-02-23,OSP
MNL003 LP306 NP3-4,MNL003,LP306,NP3-4,MNL003 LP306,City Square,MANILA,3,1,BARANGAY 381,,,14.62560796,120.9835001,,,,,,,16,2019-03-28,OSP
MNL003 LP306 NP5-6,MNL003,LP306,NP5-6,MNL003 LP306,City Square,MANILA,3,1,BARANGAY 381,,,14.6255571,120.9839776,,,,,,,16,2019-03-28,OSP
MNL003 LP306 NP7-8,MNL003,LP306,NP7-8,MNL003 LP306,City Square,MANILA,3,1,BARANGAY 381,,,14.62554909,120.9844735,,,,,,,16,2019-03-28,OSP
MNL037 LP503 NP3-4,MNL037,LP503,NP3-4,MNL037 LP503,Tayuman,MANILA,3,1,BARANGAY 381,,,14.625557,120.984482,,,,,,,16,2023-02-23,OSP
MNL037 LP503 NP5-6,MNL037,LP503,NP5-6,MNL037 LP503,Tayuman,MANILA,3,1,BARANGAY 381,,,14.626387,120.984549,,,,,,,16,2023-02-23,OSP
MNL037 LP505 NP7-8,MNL037,LP505,NP7-8,MNL037 LP505,Tayuman,MANILA,3,1,BARANGAY 381,,,14.626264,120.985066,,,,,,,16,2023-02-23,OSP
MNL037 LP506 NP1-2,MNL037,LP506,NP1-2,MNL037 LP506,Tayuman,MANILA,3,1,BARANGAY 381,,,14.626094,120.985062,,,,,,,16,2023-02-23,OSP
MNL037 LP57 NP7-8,MNL037,LP57,NP7-8,MNL037 LP57,Tayuman,MANILA,3,1,BARANGAY 381,,,14.62643,120.983534,,,,,,,16,2020-09-29,OSP
MNL037 LP500 NP3-4,MNL037,LP500,NP3-4,MNL037 LP500,Tayuman,MANILA,3,1,BARANGAY 381,,,14.625901,120.983972,,,,,,,16,2023-02-23,OSP
MNL037 LP498 NP1-2,MNL037,LP498,NP1-2,MNL037 LP498,Tayuman,MANILA,3,1,BARANGAY 381,,,14.626457,120.983533,,,,,,,16,2023-02-23,OSP
MNL037 LP498 NP3-4,MNL037,LP498,NP3-4,MNL037 LP498,Tayuman,MANILA,3,1,BARANGAY 381,,,14.625621,120.983511,,,,,,,16,2023-02-23,OSP
MNL037 LP344 NP5-6,MNL037,LP344,NP5-6,MNL037 LP344,Tayuman,MANILA,3,1,BARANGAY 381,,,14.625592,120.983078,,,,,,,16,2023-02-22,OSP
MNL037 LP344 NP7-8,MNL037,LP344,NP7-8,MNL037 LP344,Tayuman,MANILA,3,1,BARANGAY 381,,,14.626196,120.983113,,,,,,,16,2023-02-22,OSP
MNL037 LP63 NP3-4,MNL037,LP63,NP3-4,MNL037 LP63,Tayuman,MANILA,3,1,BARANGAY 381,,,14.625502,120.984482,,,,,,,16,2020-09-29,OSP
MNL037 LP63 NP5-6,MNL037,LP63,NP5-6,MNL037 LP63,Tayuman,MANILA,3,1,BARANGAY 381,,,14.626121,120.984498,,,,,,,16,2020-09-29,OSP
MNL037 LP65 NP1-2,MNL037,LP65,NP1-2,MNL037 LP65,Tayuman,MANILA,3,1,BARANGAY 381,,,14.626487,120.985082,,,,,,,16,2020-09-29,OSP
MNL037 LP65 NP3-4,MNL037,LP65,NP3-4,MNL037 LP65,Tayuman,MANILA,3,1,BARANGAY 381,,,14.626049,120.985076,,,,,,,16,2020-09-29,OSP
MNL037 LP65 NP5-6,MNL037,LP65,NP5-6,MNL037 LP65,Tayuman,MANILA,3,1,BARANGAY 381,,,14.625685,120.985065,,,,,,,16,2020-09-29,OSP
MNL037 LP61 NP1-2,MNL037,LP61,NP1-2,MNL037 LP61,Tayuman,MANILA,3,1,BARANGAY 381,,,14.625895,120.983961,,,,,,,16,2020-09-29,OSP
MNL037 LP58 NP1-2,MNL037,LP58,NP1-2,MNL037 LP58,Tayuman,MANILA,3,1,BARANGAY 381,,,14.626113,120.983527,,,,,,,16,2020-09-29,OSP
MNL037 LP58 NP3-4,MNL037,LP58,NP3-4,MNL037 LP58,Tayuman,MANILA,3,1,BARANGAY 381,,,14.62555,120.983496,,,,,,,16,2020-09-29,OSP
MNL003 LP309 NP3-4,MNL003,LP309,NP3-4,MNL003 LP309,City Square,MANILA,3,1,BARANGAY 382,,,14.62681386,120.9841394,,,,,,,16,2019-03-28,OSP
MNL003 LP309 NP5-6,MNL003,LP309,NP5-6,MNL003 LP309,City Square,MANILA,3,1,BARANGAY 382,,,14.62680882,120.9835307,,,,,,,16,2019-03-28,OSP
MNL003 LP309 NP7-8,MNL003,LP309,NP7-8,MNL003 LP309,City Square,MANILA,3,1,BARANGAY 382,,,14.62792309,120.9835604,,,,,,,16,2019-03-28,OSP
QCY012 LP103 NP8,QCY012,LP103,NP8,QCY012 LP103,Crown 88 Residences Old Room,MANILA,3,1,BARANGAY 382,,,14.626749,120.985039,,,,,,,8,2015-10-01,OSP
MNL037 LP503 NP7-8,MNL037,LP503,NP7-8,MNL037 LP503,Tayuman,MANILA,3,1,BARANGAY 382,,,14.626791,120.984559,,,,,,,16,2023-02-23,OSP
MNL037 LP505 NP5-6,MNL037,LP505,NP5-6,MNL037 LP505,Tayuman,MANILA,3,1,BARANGAY 382,,,14.627095,120.985091,,,,,,,16,2023-02-23,OSP
MNL037 LP57 NP1-2,MNL037,LP57,NP1-2,MNL037 LP57,Tayuman,MANILA,3,1,BARANGAY 382,,,14.627899,120.983561,,,,,,,16,2020-09-29,OSP
MNL037 LP57 NP3-4,MNL037,LP57,NP3-4,MNL037 LP57,Tayuman,MANILA,3,1,BARANGAY 382,,,14.627125,120.983595,,,,,,,16,2020-09-29,OSP
MNL037 LP57 NP5-6,MNL037,LP57,NP5-6,MNL037 LP57,Tayuman,MANILA,3,1,BARANGAY 382,,,14.62678,120.983527,,,,,,,16,2020-09-29,OSP
MNL037 LP500 NP5-6,MNL037,LP500,NP5-6,MNL037 LP500,Tayuman,MANILA,3,1,BARANGAY 382,,,14.626806,120.984134,,,,,,,16,2023-02-23,OSP
MNL037 LP500 NP7-8,MNL037,LP500,NP7-8,MNL037 LP500,Tayuman,MANILA,3,1,BARANGAY 382,,,14.627349,120.984144,,,,,,,16,2023-02-23,OSP
MNL037 LP497 NP3-4,MNL037,LP497,NP3-4,MNL037 LP497,Tayuman,MANILA,3,1,BARANGAY 382,,,14.627942,120.983573,,,,,,,16,2023-02-23,OSP
MNL037 LP497 NP5-6,MNL037,LP497,NP5-6,MNL037 LP497,Tayuman,MANILA,3,1,BARANGAY 382,,,14.627632,120.983565,,,,,,,16,2023-02-23,OSP
MNL037 LP497 NP7-8,MNL037,LP497,NP7-8,MNL037 LP497,Tayuman,MANILA,3,1,BARANGAY 382,,,14.626817,120.983539,,,,,,,16,2023-02-23,OSP
MNL037 LP345 NP1-2,MNL037,LP345,NP1-2,MNL037 LP345,Tayuman,MANILA,3,1,BARANGAY 382,,,14.626842,120.983113,,,,,,,16,2023-02-22,OSP
MNL037 LP345 NP3-4,MNL037,LP345,NP3-4,MNL037 LP345,Tayuman,MANILA,3,1,BARANGAY 382,,,14.627368,120.983129,,,,,,,16,2023-02-22,OSP
MNL037 LP345 NP5-6,MNL037,LP345,NP5-6,MNL037 LP345,Tayuman,MANILA,3,1,BARANGAY 382,,,14.628079,120.983163,,,,,,,16,2023-02-22,OSP
MNL037 LP63 NP7-8,MNL037,LP63,NP7-8,MNL037 LP63,Tayuman,MANILA,3,1,BARANGAY 382,,,14.626752,120.984569,,,,,,,16,2020-09-29,OSP
MNL037 LP64 NP1-2,MNL037,LP64,NP1-2,MNL037 LP64,Tayuman,MANILA,3,1,BARANGAY 382,,,14.627233,120.984533,,,,,,,16,2020-09-29,OSP
MNL037 LP64 NP3-4,MNL037,LP64,NP3-4,MNL037 LP64,Tayuman,MANILA,3,1,BARANGAY 382,,,14.627562,120.984545,,,,,,,16,2020-09-29,OSP
MNL037 LP64 NP5-6,MNL037,LP64,NP5-6,MNL037 LP64,Tayuman,MANILA,3,1,BARANGAY 382,,,14.627042,120.985092,,,,,,,16,2020-09-29,OSP
MNL037 LP64 NP7-8,MNL037,LP64,NP7-8,MNL037 LP64,Tayuman,MANILA,3,1,BARANGAY 382,,,14.626717,120.985082,,,,,,,16,2020-09-29,OSP
MNL037 LP60 NP3-4,MNL037,LP60,NP3-4,MNL037 LP60,Tayuman,MANILA,3,1,BARANGAY 382,,,14.627551,120.984139,,,,,,,16,2020-09-29,OSP
MNL037 LP60 NP5-6,MNL037,LP60,NP5-6,MNL037 LP60,Tayuman,MANILA,3,1,BARANGAY 382,,,14.627286,120.984148,,,,,,,16,2020-09-29,OSP
MNL037 LP60 NP7-8,MNL037,LP60,NP7-8,MNL037 LP60,Tayuman,MANILA,3,1,BARANGAY 382,,,14.626759,120.984161,,,,,,,16,2020-09-29,OSP
MNL046 LP184 NP5-6,MNL046,LP184,NP5-6,MNL046 LP184,Reten Apartment,MANILA,3,1,BARANGAY 383,,,14.59744,120.9841,,,,,,,16,2022-04-04,OSP
MNL046 LP184 NP7-8,MNL046,LP184,NP7-8,MNL046 LP184,Reten Apartment,MANILA,3,1,BARANGAY 383,,,14.59737,120.9844,,,,,,,16,2022-04-04,OSP
MNL046 LP185 NP1-2,MNL046,LP185,NP1-2,MNL046 LP185,Reten Apartment,MANILA,3,1,BARANGAY 383,,,14.59712,120.9843,,,,,,,16,2022-04-04,OSP
MNL001 LP478 NP7-8,MNL001,LP478,NP7-8,MNL001 LP478,Zen Tower,MANILA,3,1,BARANGAY 383,,,14.597239,120.985157,,,,,,,16,2019-12-17,OSP
MNL001 LP479 NP7-8,MNL001,LP479,NP7-8,MNL001 LP479,Zen Tower,MANILA,3,1,BARANGAY 383,,,14.596664,120.984283,,,,,,,16,2019-12-17,OSP
MNL001 LP480 NP1-2,MNL001,LP480,NP1-2,MNL001 LP480,Zen Tower,MANILA,3,1,BARANGAY 383,,,14.597592,120.984495,,,,,,,16,2019-12-17,OSP
MNL001 LP480 NP3-4,MNL001,LP480,NP3-4,MNL001 LP480,Zen Tower,MANILA,3,1,BARANGAY 383,,,14.597845,120.984453,,,,,,,16,2019-12-17,OSP
MNL001 LP10 NP7-8,MNL001,LP10,NP7-8,MNL001 LP10,Zen Tower,MANILA,3,1,BARANGAY 383,,,14.597347,120.984376,,,,,,,16,2015-07-27,OSP
MNL046 LP231 NP5-6,MNL046,LP231,NP5-6,MNL046 LP231,Reten Apartment,MANILA,3,1,BARANGAY 384,,,14.59567,120.9837,,,,,,,16,2022-04-04,OSP
MNL046 LP185 NP3-4,MNL046,LP185,NP3-4,MNL046 LP185,Reten Apartment,MANILA,3,1,BARANGAY 384,,,14.59642,120.9843,,,,,,,16,2022-04-04,OSP
MNL046 LP185 NP5-6,MNL046,LP185,NP5-6,MNL046 LP185,Reten Apartment,MANILA,3,1,BARANGAY 384,,,14.59635,120.9838,,,,,,,16,2022-04-04,OSP
MNL046 LP185 NP7-8,MNL046,LP185,NP7-8,MNL046 LP185,Reten Apartment,MANILA,3,1,BARANGAY 384,,,14.59604,120.9835,,,,,,,16,2022-04-04,OSP
MNL001 LP479 NP1-2,MNL001,LP479,NP1-2,MNL001 LP479,Zen Tower,MANILA,3,1,BARANGAY 384,,,14.596521,120.985055,,,,,,,16,2019-12-17,OSP
MNL001 LP479 NP3-4,MNL001,LP479,NP3-4,MNL001 LP479,Zen Tower,MANILA,3,1,BARANGAY 384,,,14.596253,120.984641,,,,,,,16,2019-12-17,OSP
MNL001 LP479 NP5-6,MNL001,LP479,NP5-6,MNL001 LP479,Zen Tower,MANILA,3,1,BARANGAY 384,,,14.596399,120.984293,,,,,,,16,2019-12-17,OSP
MNL001 LP9 NP1-2,MNL001,LP9,NP1-2,MNL001 LP9,Zen Tower,MANILA,3,1,BARANGAY 384,,,14.595665,120.983707,,,,,,,16,2015-07-22,OSP
MNL046 LP202 NP1-2,MNL046,LP202,NP1-2,MNL046 LP202,Reten Apartment,MANILA,3,1,BARANGAY 385,,,14.59619,120.9862,,,,,,,16,2022-04-04,OSP
MNL046 LP202 NP3-4,MNL046,LP202,NP3-4,MNL046 LP202,Reten Apartment,MANILA,3,1,BARANGAY 385,,,14.59644,120.9862,,,,,,,16,2022-04-04,OSP