Box Name,OLT,LCP,NAP,LCP Name,Node Name,Municipality,Cluster,Sector,Barangay,Subdivision,Building Name,Latitude,Longitude,Parent Site,Parent Floor,Parent Room,Additional Details,Remarks,Landmark,Capacity,Installation Date,OSP / ISP
MNL045 LP388 NP6-8,MNL045,LP388,NP6-8,MNL045 LP388,Radial Road 10,MANILA,3,1,BARANGAY 94,,,14.621888,120.966994,,,,,,,24,2021-12-21,OSP
MNL045 LP385 NP1-2,MNL045,LP385,NP1-2,MNL045 LP385,Radial Road 10,MANILA,3,1,BARANGAY 94,,,14.621152,120.965312,,,,,,,16,2021-12-21,OSP
MNL045 LP385 NP3-5,MNL045,LP385,NP3-5,MNL045 LP385,Radial Road 10,MANILA,3,1,BARANGAY 94,,,14.621307,120.965971,,,,,,,24,2021-12-21,OSP
MNL045 LP142 NP7-8,MNL045,LP142,NP7-8,MNL045 LP142,Radial Road 10,MANILA,3,1,BARANGAY 94,,,14.621171,120.965322,,,,MTF VELASQUEZ-H. LOPEZ BLVD.,,VELASQUEZ ST. COR. MALVAR. ST. MECO NPT,16,2021-08-31,OSP
MNL045 LP143 NP1-2,MNL045,LP143,NP1-2,MNL045 LP143,Radial Road 10,MANILA,3,1,BARANGAY 94,,,14.621504,120.965246,,,,MTF VELASQUEZ-H. LOPEZ BLVD.,,VELASQUEZ ST. COR. 350 NEPOMUCENO ST. CICTSI-NPT,16,2021-08-31,OSP
MNL045 LP143 NP7-8,MNL045,LP143,NP7-8,MNL045 LP143,Radial Road 10,MANILA,3,1,BARANGAY 94,,,14.622545,120.964976,,,,MTF VELASQUEZ-H. LOPEZ BLVD.,,INFRONT OF 2115 VELASQUEZ ST. MECO K3-745,16,2021-08-31,OSP
MNL045 LP144 NP1-2,MNL045,LP144,NP1-2,MNL045 LP144,Radial Road 10,MANILA,3,1,BARANGAY 94,,,14.622847,120.964895,,,,MTF VELASQUEZ-H. LOPEZ BLVD.,,VELASQUEZ ST. COR. SIMOUN ST. MECO K3-1538,16,2021-08-31,OSP
MNL003 LP140 NP1-2,MNL003,LP140,NP1-2,MNL003 LP140,City Square,MANILA,3,1,BARANGAY 95,,,14.61990777,120.9655496,,,,,,,16,2018-11-29,OSP
MNL003 LP140 NP7-8,MNL003,LP140,NP7-8,MNL003 LP140,City Square,MANILA,3,1,BARANGAY 95,,,14.61850032,120.9646171,,,,,,,16,2018-11-29,OSP
MNL003 LP131 NP5-6,MNL003,LP131,NP5-6,MNL003 LP131,City Square,MANILA,3,1,BARANGAY 95,,,14.62043546,120.9654409,,,,,,,16,2018-11-29,OSP
MNL003 LP150 NP1-2,MNL003,LP150,NP1-2,MNL003 LP150,City Square,MANILA,3,1,BARANGAY 95,,,14.62027152,120.9648385,,,,,,,16,2018-11-29,OSP
MNL003 LP150 NP3-4,MNL003,LP150,NP3-4,MNL003 LP150,City Square,MANILA,3,1,BARANGAY 95,,,14.62011716,120.9645126,,,,,,,16,2018-11-29,OSP
MNL003 LP386 NP3-4,MNL003,LP386,NP3-4,MNL003 LP386,City Square,MANILA,3,1,BARANGAY 95,,,14.61850887,120.9648288,,,,,,,16,2019-06-16,OSP
MNL003 LP385 NP1-2,MNL003,LP385,NP1-2,MNL003 LP385,City Square,MANILA,3,1,BARANGAY 95,,,14.62000607,120.965138,,,,,,,16,2019-06-16,OSP
MNL003 LP385 NP3-4,MNL003,LP385,NP3-4,MNL003 LP385,City Square,MANILA,3,1,BARANGAY 95,,,14.61973236,120.965192,,,,,,,16,2019-06-16,OSP
MNL003 LP385 NP5-6,MNL003,LP385,NP5-6,MNL003 LP385,City Square,MANILA,3,1,BARANGAY 95,,,14.61937192,120.9652647,,,,,,,16,2019-06-16,OSP
MNL003 LP385 NP7-8,MNL003,LP385,NP7-8,MNL003 LP385,City Square,MANILA,3,1,BARANGAY 95,,,14.61897573,120.9653471,,,,,,,16,2019-06-16,OSP
MNL003 LP386 NP1-2,MNL003,LP386,NP1-2,MNL003 LP386,City Square,MANILA,3,1,BARANGAY 95,,,14.61862039,120.9654202,,,,,,,16,2019-06-16,OSP
MNL036 LP143 NP1-2,MNL036,LP143,NP1-2,MNL036 LP143,Juan Luna/ Solis,MANILA,3,1,BARANGAY 95,,,14.618653,120.965419,,,,,,,16,2020-11-28,OSP
MNL036 LP143 NP3-4,MNL036,LP143,NP3-4,MNL036 LP143,Juan Luna/ Solis,MANILA,3,1,BARANGAY 95,,,14.618491,120.96463,,,,,,,16,2020-11-28,OSP
MNL036 LP107 NP7-8,MNL036,LP107,NP7-8,MNL036 LP107,Juan Luna/ Solis,MANILA,3,1,BARANGAY 95,,,14.618965,120.965338,,,,,,,16,2020-11-29,OSP
MNL036 LP108 NP1-2,MNL036,LP108,NP1-2,MNL036 LP108,Juan Luna/ Solis,MANILA,3,1,BARANGAY 95,,,14.619086,120.965319,,,,,,,16,2020-11-29,OSP
MNL036 LP108 NP3-4,MNL036,LP108,NP3-4,MNL036 LP108,Juan Luna/ Solis,MANILA,3,1,BARANGAY 95,,,14.619377,120.965267,,,,,,,16,2020-11-29,OSP
MNL036 LP108 NP5-6,MNL036,LP108,NP5-6,MNL036 LP108,Juan Luna/ Solis,MANILA,3,1,BARANGAY 95,,,14.619336,120.964993,,,,,,,16,2020-11-29,OSP
MNL036 LP108 NP7-8,MNL036,LP108,NP7-8,MNL036 LP108,Juan Luna/ Solis,MANILA,3,1,BARANGAY 95,,,14.619312,120.96464,,,,,,,16,2020-11-29,OSP
MNL036 LP21 NP3-4,MNL036,LP21,NP3-4,MNL036 LP21,Juan Luna/ Solis,MANILA,3,1,BARANGAY 95,,,14.620086,120.964426,,,,,,,16,2020-07-30,OSP
MNL036 LP21 NP5-6,MNL036,LP21,NP5-6,MNL036 LP21,Juan Luna/ Solis,MANILA,3,1,BARANGAY 95,,,14.620233,120.96473,,,,,,,16,2020-07-30,OSP
MNL036 LP18 NP5-6,MNL036,LP18,NP5-6,MNL036 LP18,Juan Luna/ Solis,MANILA,3,1,BARANGAY 95,,,14.619051,120.965726,,,,,,,16,2020-07-30,OSP
MNL045 LP150 NP1-2,MNL045,LP150,NP1-2,MNL045 LP150,Radial Road 10,MANILA,3,1,BARANGAY 95,,,14.620078,120.964447,,,,,,,16,2022-01-27,OSP
MNL045 LP24 NP1-2,MNL045,LP24,NP1-2,MNL045 LP24,Radial Road 10,MANILA,3,1,BARANGAY 95,,,14.618413,120.96478,,,,,,,16,2021-08-30,OSP
MNL045 LP13 NP1-2,MNL045,LP13,NP1-2,MNL045 LP13,Radial Road 10,MANILA,3,1,BARANGAY 95,,,14.618503,120.964613,,,,,,,16,2021-08-30,OSP
MNL045 LP148 NP3-5,MNL045,LP148,NP3-5,MNL045 LP148,Radial Road 10,MANILA,3,1,BARANGAY 95,,,14.620336,120.965089,,,,,,,24,2022-01-27,OSP
MNL045 LP148 NP6-8,MNL045,LP148,NP6-8,MNL045 LP148,Radial Road 10,MANILA,3,1,BARANGAY 95,,,14.620336,120.965089,,,,,,,24,2022-01-27,OSP
MNL045 LP149 NP1-2,MNL045,LP149,NP1-2,MNL045 LP149,Radial Road 10,MANILA,3,1,BARANGAY 95,,,14.620238,120.964798,,,,,,,16,2022-01-27,OSP
MNL045 LP149 NP3-5,MNL045,LP149,NP3-5,MNL045 LP149,Radial Road 10,MANILA,3,1,BARANGAY 95,,,14.620238,120.964798,,,,,,,24,2022-01-27,OSP
MNL045 LP149 NP6-8,MNL045,LP149,NP6-8,MNL045 LP149,Radial Road 10,MANILA,3,1,BARANGAY 95,,,14.620078,120.964447,,,,,,,24,2022-01-27,OSP
MNL045 LP39 NP5-6,MNL045,LP39,NP5-6,MNL045 LP39,Radial Road 10,MANILA,3,1,BARANGAY 95,,,14.618651,120.965418,,,,,,,16,2021-08-30,OSP
MNL045 LP39 NP7-8,MNL045,LP39,NP7-8,MNL045 LP39,Radial Road 10,MANILA,3,1,BARANGAY 95,,,14.618653,120.965418,,,,,,,16,2021-08-30,OSP
MNL045 LP377 NP1-2,MNL045,LP377,NP1-2,MNL045 LP377,Radial Road 10,MANILA,3,1,BARANGAY 95,,,14.619558,120.965627,,,,,,,16,2021-12-21,OSP
MNL045 LP373 NP3-5,MNL045,LP373,NP3-5,MNL045 LP373,Radial Road 10,MANILA,3,1,BARANGAY 95,,,14.619029,120.96585,,,,,,,24,2021-12-21,OSP
MNL045 LP373 NP6-8,MNL045,LP373,NP6-8,MNL045 LP373,Radial Road 10,MANILA,3,1,BARANGAY 95,,,14.61905,120.965731,,,,,,,24,2021-12-21,OSP
MNL045 LP316 NP3-5,MNL045,LP316,NP3-5,MNL045 LP316,Radial Road 10,MANILA,3,1,BARANGAY 95,,,14.620238,120.964798,,,,,,,24,2021-10-25,OSP
MNL045 LP317 NP1-2,MNL045,LP317,NP1-2,MNL045 LP317,Radial Road 10,MANILA,3,1,BARANGAY 95,,,14.619297,120.964664,,,,,,,16,2021-10-25,OSP
MNL045 LP317 NP3-5,MNL045,LP317,NP3-5,MNL045 LP317,Radial Road 10,MANILA,3,1,BARANGAY 95,,,14.619344,120.96497,,,,,,,24,2021-10-25,OSP
MNL045 LP317 NP6-8,MNL045,LP317,NP6-8,MNL045 LP317,Radial Road 10,MANILA,3,1,BARANGAY 95,,,14.619389,120.96526,,,,,,,24,2021-10-25,OSP
MNL045 LP318 NP1-2,MNL045,LP318,NP1-2,MNL045 LP318,Radial Road 10,MANILA,3,1,BARANGAY 95,,,14.618795,120.965378,,,,,,,16,2021-10-25,OSP
MNL045 LP318 NP3-5,MNL045,LP318,NP3-5,MNL045 LP318,Radial Road 10,MANILA,3,1,BARANGAY 95,,,14.618538,120.964829,,,,,,,24,2021-10-25,OSP
MNL045 LP318 NP6-8,MNL045,LP318,NP6-8,MNL045 LP318,Radial Road 10,MANILA,3,1,BARANGAY 95,,,14.618691,120.964782,,,,,,,24,2021-10-25,OSP
MNL045 LP319 NP1-2,MNL045,LP319,NP1-2,MNL045 LP319,Radial Road 10,MANILA,3,1,BARANGAY 95,,,14.619843,120.965178,,,,,,,16,2021-10-25,OSP
MNL045 LP319 NP3-5,MNL045,LP319,NP3-5,MNL045 LP319,Radial Road 10,MANILA,3,1,BARANGAY 95,,,14.619843,120.965178,,,,,,,24,2021-10-25,OSP
MNL045 LP319 NP6-8,MNL045,LP319,NP6-8,MNL045 LP319,Radial Road 10,MANILA,3,1,BARANGAY 95,,,14.620009,120.965075,,,,,,,24,2021-10-25,OSP
MNL045 LP142 NP1-2,MNL045,LP142,NP1-2,MNL045 LP142,Radial Road 10,MANILA,3,1,BARANGAY 95,,,14.619865,120.965562,,,,MTF VELASQUEZ-H. LOPEZ BLVD.,,1915 VELASQUEZ ST. CICTSI-NPT,16,2021-08-31,OSP
MNL003 LP157 NP3-4,MNL003,LP157,NP3-4,MNL003 LP157,City Square,MANILA,3,1,BARANGAY 96,,,14.62638077,120.9624955,,,,,,,16,2018-11-29,OSP
MNL003 LP133 NP1-2,MNL003,LP133,NP1-2,MNL003 LP133,City Square,MANILA,3,1,BARANGAY 96,,,14.62347608,120.9644687,,,,,,,16,2018-11-29,OSP
MNL003 LP133 NP3-4,MNL003,LP133,NP3-4,MNL003 LP133,City Square,MANILA,3,1,BARANGAY 96,,,14.62321754,120.9634761,,,,,,,16,2018-11-29,OSP
MNL003 LP389 NP3-4,MNL003,LP389,NP3-4,MNL003 LP389,City Square,MANILA,3,1,BARANGAY 96,,,14.62418017,120.963106,,,,,,,16,2019-06-16,OSP
MNL003 LP390 NP1-2,MNL003,LP390,NP1-2,MNL003 LP390,City Square,MANILA,3,1,BARANGAY 96,,,14.62312558,120.9643844,,,,,,,16,2019-06-16,OSP
MNL003 LP390 NP3-4,MNL003,LP390,NP3-4,MNL003 LP390,City Square,MANILA,3,1,BARANGAY 96,,,14.62240969,120.9645966,,,,,,,16,2019-06-16,OSP
MNL036 LP31 NP1-2,MNL036,LP31,NP1-2,MNL036 LP31,Juan Luna/ Solis,MANILA,3,1,BARANGAY 96,,,14.623779,120.964234,,,,,,,16,2020-07-30,OSP
MNL036 LP31 NP3-4,MNL036,LP31,NP3-4,MNL036 LP31,Juan Luna/ Solis,MANILA,3,1,BARANGAY 96,,,14.624034,120.964156,,,,,,,16,2020-07-30,OSP
MNL036 LP31 NP5-6,MNL036,LP31,NP5-6,MNL036 LP31,Juan Luna/ Solis,MANILA,3,1,BARANGAY 96,,,14.62434,120.964067,,,,,,,16,2020-07-30,OSP
MNL036 LP30 NP1-2,MNL036,LP30,NP1-2,MNL036 LP30,Juan Luna/ Solis,MANILA,3,1,BARANGAY 96,,,14.623788,120.963239,,,,,,,16,2020-07-30,OSP
MNL036 LP30 NP3-4,MNL036,LP30,NP3-4,MNL036 LP30,Juan Luna/ Solis,MANILA,3,1,BARANGAY 96,,,14.623202,120.963509,,,,,,,16,2020-07-30,OSP
MNL036 LP30 NP5-6,MNL036,LP30,NP5-6,MNL036 LP30,Juan Luna/ Solis,MANILA,3,1,BARANGAY 96,,,14.623359,120.964105,,,,,,,16,2020-07-30,OSP
MNL036 LP28 NP1-2,MNL036,LP28,NP1-2,MNL036 LP28,Juan Luna/ Solis,MANILA,3,1,BARANGAY 96,,,14.62288,120.963564,,,,,,,16,2020-07-30,OSP
MNL036 LP27 NP1-2,MNL036,LP27,NP1-2,MNL036 LP27,Juan Luna/ Solis,MANILA,3,1,BARANGAY 96,,,14.622222,120.96383,,,,,,,16,2020-07-30,OSP
MNL036 LP27 NP3-4,MNL036,LP27,NP3-4,MNL036 LP27,Juan Luna/ Solis,MANILA,3,1,BARANGAY 96,,,14.622326,120.964155,,,,,,,16,2020-07-30,OSP
MNL036 LP27 NP5-6,MNL036,LP27,NP5-6,MNL036 LP27,Juan Luna/ Solis,MANILA,3,1,BARANGAY 96,,,14.622743,120.964513,,,,,,,16,2020-07-30,OSP
MNL036 LP27 NP7-8,MNL036,LP27,NP7-8,MNL036 LP27,Juan Luna/ Solis,MANILA,3,1,BARANGAY 96,,,14.623053,120.964173,,,,,,,16,2020-07-30,OSP
MNL036 LP191 NP7-8,MNL036,LP191,NP7-8,MNL036 LP191,Juan Luna/ Solis,MANILA,3,1,BARANGAY 96,,DECA MALL,14.625051,120.963451,,GF,EE ROOM BUILDING A,MNL2P,,,,2022-05-30,ISP
MNL036 LP191 NP1-2,MNL036,LP191,NP1-2,MNL036 LP191,Juan Luna/ Solis,MANILA,3,1,BARANGAY 96,,DECA MALL,14.625051,120.963451,,2F,EE ROOM BUILDING A,MNL2P,,,,2022-05-30,ISP
MNL036 LP191 NP5-6,MNL036,LP191,NP5-6,MNL036 LP191,Juan Luna/ Solis,MANILA,3,1,BARANGAY 96,,DECA MALL,14.625051,120.963451,,GF,EE ROOM BUILDING A,MNL2P,,,,2022-05-30,ISP
MNL036 LP191 NP3-4,MNL036,LP191,NP3-4,MNL036 LP191,Juan Luna/ Solis,MANILA,3,1,BARANGAY 96,,DECA MALL,14.625051,120.963451,,2F,EE ROOM BUILDING A,MNL2P,,,,2022-05-30,ISP
MNL005 LP144 NP3-4,MNL005,LP144,NP3-4,MNL005 LP144,Orchard Building (City Square 2),MANILA,3,1,BARANGAY 96,,,14.623216,120.964787,,,,,,,16,2021-08-30,OSP
MNL005 LP144 NP5-6,MNL005,LP144,NP5-6,MNL005 LP144,Orchard Building (City Square 2),MANILA,3,1,BARANGAY 96,,,14.623553,120.964711,,,,,,,16,2021-08-30,OSP
MNL005 LP144 NP7-8,MNL005,LP144,NP7-8,MNL005 LP144,Orchard Building (City Square 2),MANILA,3,1,BARANGAY 96,,,14.624411,120.964481,,,,,,,16,2021-08-30,OSP
MNL045 LP231 NP5-6,MNL045,LP231,NP5-6,MNL045 LP231,Radial Road 10,MANILA,3,1,BARANGAY 96,,,14.624511,120.963967,,,,,,,16,2022-02-14,OSP
MNL045 LP231 NP7-8,MNL045,LP231,NP7-8,MNL045 LP231,Radial Road 10,MANILA,3,1,BARANGAY 96,,,14.624511,120.963967,,,,,,,16,2022-02-14,OSP
MNL045 LP232 NP1-2,MNL045,LP232,NP1-2,MNL045 LP232,Radial Road 10,MANILA,3,1,BARANGAY 96,,,14.623897,120.963501,,,,,,,16,2022-02-14,OSP
MNL045 LP232 NP3-4,MNL045,LP232,NP3-4,MNL045 LP232,Radial Road 10,MANILA,3,1,BARANGAY 96,,,14.623897,120.963501,,,,,,,16,2022-02-14,OSP
MNL045 LP232 NP5-6,MNL045,LP232,NP5-6,MNL045 LP232,Radial Road 10,MANILA,3,1,BARANGAY 96,,,14.623767,120.963247,,,,,,,16,2022-02-14,OSP
MNL045 LP232 NP7-8,MNL045,LP232,NP7-8,MNL045 LP232,Radial Road 10,MANILA,3,1,BARANGAY 96,,,14.623767,120.963247,,,,,,,16,2022-02-14,OSP
MNL045 LP233 NP1-2,MNL045,LP233,NP1-2,MNL045 LP233,Radial Road 10,MANILA,3,1,BARANGAY 96,,,14.623825,120.963229,,,,,,,16,2022-02-14,OSP
MNL045 LP233 NP3-4,MNL045,LP233,NP3-4,MNL045 LP233,Radial Road 10,MANILA,3,1,BARANGAY 96,,,14.623825,120.963229,,,,,,,16,2022-02-14,OSP
MNL045 LP233 NP5-6,MNL045,LP233,NP5-6,MNL045 LP233,Radial Road 10,MANILA,3,1,BARANGAY 96,,,14.623958,120.963262,,,,,,,16,2022-02-14,OSP
MNL045 LP233 NP7-8,MNL045,LP233,NP7-8,MNL045 LP233,Radial Road 10,MANILA,3,1,BARANGAY 96,,,14.623958,120.963262,,,,,,,16,2022-02-14,OSP
MNL045 LP234 NP1-2,MNL045,LP234,NP1-2,MNL045 LP234,Radial Road 10,MANILA,3,1,BARANGAY 96,,,14.624203,120.963116,,,,,,,16,2022-02-14,OSP
MNL045 LP234 NP3-4,MNL045,LP234,NP3-4,MNL045 LP234,Radial Road 10,MANILA,3,1,BARANGAY 96,,,14.624203,120.963116,,,,,,,16,2022-02-14,OSP
MNL045 LP235 NP1-2,MNL045,LP235,NP1-2,MNL045 LP235,Radial Road 10,MANILA,3,1,BARANGAY 96,,,14.624305,120.963161,,,,,,,16,2022-02-14,OSP
MNL045 LP235 NP3-4,MNL045,LP235,NP3-4,MNL045 LP235,Radial Road 10,MANILA,3,1,BARANGAY 96,,,14.624305,120.963161,,,,,,,16,2022-02-14,OSP
MNL045 LP235 NP5-6,MNL045,LP235,NP5-6,MNL045 LP235,Radial Road 10,MANILA,3,1,BARANGAY 96,,,14.624375,120.963392,,,,,,,16,2022-02-14,OSP
MNL045 LP264 NP6-8,MNL045,LP264,NP6-8,MNL045 LP264,Radial Road 10,MANILA,3,1,BARANGAY 96,,,14.622897,120.963555,,,,,,,24,2022-02-14,OSP
MNL045 LP265 NP1-2,MNL045,LP265,NP1-2,MNL045 LP265,Radial Road 10,MANILA,3,1,BARANGAY 96,,,14.622897,120.963555,,,,,,,16,2022-02-14,OSP
MNL045 LP265 NP3-5,MNL045,LP265,NP3-5,MNL045 LP265,Radial Road 10,MANILA,3,1,BARANGAY 96,,,14.622614,120.963659,,,,,,,24,2022-02-14,OSP
MNL045 LP265 NP6-8,MNL045,LP265,NP6-8,MNL045 LP265,Radial Road 10,MANILA,3,1,BARANGAY 96,,,14.622614,120.963659,,,,,,,24,2022-02-14,OSP
MNL045 LP220 NP1-2,MNL045,LP220,NP1-2,MNL045 LP220,Radial Road 10,MANILA,3,1,BARANGAY 96,,,14.622012,120.963833,,,,,,,16,2022-02-14,OSP
MNL045 LP220 NP3-4,MNL045,LP220,NP3-4,MNL045 LP220,Radial Road 10,MANILA,3,1,BARANGAY 96,,,14.622012,120.963833,,,,,,,16,2022-02-14,OSP
MNL045 LP220 NP5-6,MNL045,LP220,NP5-6,MNL045 LP220,Radial Road 10,MANILA,3,1,BARANGAY 96,,,14.622222,120.96377,,,,,,,16,2022-02-14,OSP
MNL045 LP220 NP7-8,MNL045,LP220,NP7-8,MNL045 LP220,Radial Road 10,MANILA,3,1,BARANGAY 96,,,14.622222,120.96377,,,,,,,16,2022-02-14,OSP
MNL045 LP221 NP1-2,MNL045,LP221,NP1-2,MNL045 LP221,Radial Road 10,MANILA,3,1,BARANGAY 96,,,14.622246,120.963873,,,,,,,16,2022-02-14,OSP
MNL045 LP221 NP3-4,MNL045,LP221,NP3-4,MNL045 LP221,Radial Road 10,MANILA,3,1,BARANGAY 96,,,14.622246,120.963873,,,,,,,16,2022-02-14,OSP
MNL045 LP221 NP5-6,MNL045,LP221,NP5-6,MNL045 LP221,Radial Road 10,MANILA,3,1,BARANGAY 96,,,14.62233,120.964144,,,,,,,16,2022-02-14,OSP
MNL045 LP221 NP7-8,MNL045,LP221,NP7-8,MNL045 LP221,Radial Road 10,MANILA,3,1,BARANGAY 96,,,14.62233,120.964144,,,,,,,16,2022-02-14,OSP
MNL045 LP222 NP1-2,MNL045,LP222,NP1-2,MNL045 LP222,Radial Road 10,MANILA,3,1,BARANGAY 96,,,14.622372,120.964326,,,,,,,16,2022-02-14,OSP
MNL045 LP222 NP3-4,MNL045,LP222,NP3-4,MNL045 LP222,Radial Road 10,MANILA,3,1,BARANGAY 96,,,14.622372,120.964326,,,,,,,16,2022-02-14,OSP
MNL045 LP222 NP5-6,MNL045,LP222,NP5-6,MNL045 LP222,Radial Road 10,MANILA,3,1,BARANGAY 96,,,14.622439,120.964586,,,,,,,16,2022-02-14,OSP
MNL045 LP222 NP7-8,MNL045,LP222,NP7-8,MNL045 LP222,Radial Road 10,MANILA,3,1,BARANGAY 96,,,14.622439,120.964586,,,,,,,16,2022-02-14,OSP
MNL045 LP223 NP1-2,MNL045,LP223,NP1-2,MNL045 LP223,Radial Road 10,MANILA,3,1,BARANGAY 96,,,14.622424,120.96459,,,,,,,16,2022-02-14,OSP
MNL045 LP223 NP3-4,MNL045,LP223,NP3-4,MNL045 LP223,Radial Road 10,MANILA,3,1,BARANGAY 96,,,14.622424,120.96459,,,,,,,16,2022-02-14,OSP
MNL045 LP235 NP7-8,MNL045,LP235,NP7-8,MNL045 LP235,Radial Road 10,MANILA,3,1,BARANGAY 96,,,14.624375,120.963392,,,,,,,16,2022-02-14,OSP
MNL045 LP227 NP5-6,MNL045,LP227,NP5-6,MNL045 LP227,Radial Road 10,MANILA,3,1,BARANGAY 96,,,14.623297,120.963794,,,,,,,16,2022-02-14,OSP
MNL045 LP227 NP7-8,MNL045,LP227,NP7-8,MNL045 LP227,Radial Road 10,MANILA,3,1,BARANGAY 96,,,14.623297,120.963794,,,,,,,16,2022-02-14,OSP
MNL045 LP228 NP1-2,MNL045,LP228,NP1-2,MNL045 LP228,Radial Road 10,MANILA,3,1,BARANGAY 96,,,14.623326,120.963412,,,,,,,16,2022-02-14,OSP
MNL045 LP228 NP3-4,MNL045,LP228,NP3-4,MNL045 LP228,Radial Road 10,MANILA,3,1,BARANGAY 96,,,14.623326,120.963412,,,,,,,16,2022-02-14,OSP
MNL045 LP228 NP5-6,MNL045,LP228,NP5-6,MNL045 LP228,Radial Road 10,MANILA,3,1,BARANGAY 96,,,14.623584,120.963314,,,,,,,16,2022-02-14,OSP
MNL045 LP228 NP7-8,MNL045,LP228,NP7-8,MNL045 LP228,Radial Road 10,MANILA,3,1,BARANGAY 96,,,14.623584,120.963314,,,,,,,16,2022-02-14,OSP
MNL045 LP229 NP1-2,MNL045,LP229,NP1-2,MNL045 LP229,Radial Road 10,MANILA,3,1,BARANGAY 96,,,14.623798,120.964226,,,,,,,16,2022-02-14,OSP
MNL045 LP229 NP3-4,MNL045,LP229,NP3-4,MNL045 LP229,Radial Road 10,MANILA,3,1,BARANGAY 96,,,14.623798,120.964226,,,,,,,16,2022-02-14,OSP
MNL045 LP229 NP5-6,MNL045,LP229,NP5-6,MNL045 LP229,Radial Road 10,MANILA,3,1,BARANGAY 96,,,14.624023,120.964164,,,,,,,16,2022-02-14,OSP
MNL045 LP229 NP7-8,MNL045,LP229,NP7-8,MNL045 LP229,Radial Road 10,MANILA,3,1,BARANGAY 96,,,14.624023,120.964164,,,,,,,16,2022-02-14,OSP
MNL045 LP230 NP1-2,MNL045,LP230,NP1-2,MNL045 LP230,Radial Road 10,MANILA,3,1,BARANGAY 96,,,14.623992,120.963937,,,,,,,16,2022-02-14,OSP
MNL045 LP230 NP3-4,MNL045,LP230,NP3-4,MNL045 LP230,Radial Road 10,MANILA,3,1,BARANGAY 96,,,14.623992,120.963937,,,,,,,16,2022-02-14,OSP
MNL045 LP230 NP5-6,MNL045,LP230,NP5-6,MNL045 LP230,Radial Road 10,MANILA,3,1,BARANGAY 96,,,14.623946,120.963766,,,,,,,16,2022-02-14,OSP
MNL045 LP230 NP7-8,MNL045,LP230,NP7-8,MNL045 LP230,Radial Road 10,MANILA,3,1,BARANGAY 96,,,14.623946,120.963766,,,,,,,16,2022-02-14,OSP
MNL045 LP231 NP1-2,MNL045,LP231,NP1-2,MNL045 LP231,Radial Road 10,MANILA,3,1,BARANGAY 96,,,14.624357,120.964075,,,,,,,16,2022-02-14,OSP
MNL045 LP231 NP3-4,MNL045,LP231,NP3-4,MNL045 LP231,Radial Road 10,MANILA,3,1,BARANGAY 96,,,14.624357,120.964075,,,,,,,16,2022-02-14,OSP
MNL045 LP224 NP1-2,MNL045,LP224,NP1-2,MNL045 LP224,Radial Road 10,MANILA,3,1,BARANGAY 96,,,14.622743,120.964508,,,,,,,16,2022-02-14,OSP
MNL045 LP224 NP3-4,MNL045,LP224,NP3-4,MNL045 LP224,Radial Road 10,MANILA,3,1,BARANGAY 96,,,14.622743,120.964508,,,,,,,16,2022-02-14,OSP
MNL045 LP224 NP5-6,MNL045,LP224,NP5-6,MNL045 LP224,Radial Road 10,MANILA,3,1,BARANGAY 96,,,14.62273,120.964441,,,,,,,16,2022-02-14,OSP
MNL045 LP224 NP7-8,MNL045,LP224,NP7-8,MNL045 LP224,Radial Road 10,MANILA,3,1,BARANGAY 96,,,14.62273,120.964441,,,,,,,16,2022-02-14,OSP
MNL045 LP225 NP1-2,MNL045,LP225,NP1-2,MNL045 LP225,Radial Road 10,MANILA,3,1,BARANGAY 96,,,14.623147,120.964398,,,,,,,16,2022-02-14,OSP
MNL045 LP225 NP3-4,MNL045,LP225,NP3-4,MNL045 LP225,Radial Road 10,MANILA,3,1,BARANGAY 96,,,14.623147,120.964398,,,,,,,16,2022-02-14,OSP
MNL045 LP225 NP5-6,MNL045,LP225,NP5-6,MNL045 LP225,Radial Road 10,MANILA,3,1,BARANGAY 96,,,14.623431,120.964324,,,,,,,16,2022-02-14,OSP
MNL045 LP225 NP7-8,MNL045,LP225,NP7-8,MNL045 LP225,Radial Road 10,MANILA,3,1,BARANGAY 96,,,14.623431,120.964324,,,,,,,16,2022-02-14,OSP
MNL045 LP226 NP1-2,MNL045,LP226,NP1-2,MNL045 LP226,Radial Road 10,MANILA,3,1,BARANGAY 96,,,14.623056,120.964166,,,,,,,16,2022-02-14,OSP
MNL045 LP226 NP3-4,MNL045,LP226,NP3-4,MNL045 LP226,Radial Road 10,MANILA,3,1,BARANGAY 96,,,14.623056,120.964166,,,,,,,16,2022-02-14,OSP
MNL045 LP226 NP5-6,MNL045,LP226,NP5-6,MNL045 LP226,Radial Road 10,MANILA,3,1,BARANGAY 96,,,14.622993,120.963818,,,,,,,16,2022-02-14,OSP
MNL045 LP226 NP7-8,MNL045,LP226,NP7-8,MNL045 LP226,Radial Road 10,MANILA,3,1,BARANGAY 96,,,14.622993,120.963818,,,,,,,16,2022-02-14,OSP
MNL045 LP227 NP1-2,MNL045,LP227,NP1-2,MNL045 LP227,Radial Road 10,MANILA,3,1,BARANGAY 96,,,14.62338,120.964093,,,,,,,16,2022-02-14,OSP
MNL045 LP227 NP3-4,MNL045,LP227,NP3-4,MNL045 LP227,Radial Road 10,MANILA,3,1,BARANGAY 96,,,14.62338,120.964093,,,,,,,16,2022-02-14,OSP
MNL045 LP519 NP3-5,MNL045,LP519,NP3-5,MNL045 LP519,Radial Road 10,MANILA,3,1,BARANGAY 96,,,14.623213,120.9648,,,,,,,24,2023-05-22,OSP
MNL045 LP519 NP6-8,MNL045,LP519,NP6-8,MNL045 LP519,Radial Road 10,MANILA,3,1,BARANGAY 96,,,14.623548,120.964715,,,,,,,24,2023-05-22,OSP
MNL045 LP520 NP1-2,MNL045,LP520,NP1-2,MNL045 LP520,Radial Road 10,MANILA,3,1,BARANGAY 96,,,14.624009,120.964595,,,,,,,16,2023-05-22,OSP
MNL045 LP144 NP3-4,MNL045,LP144,NP3-4,MNL045 LP144,Radial Road 10,MANILA,3,1,BARANGAY 96,,,14.623216,120.964787,,,,MTF VELASQUEZ-H. LOPEZ BLVD.,,VELASQUEZ ST. NEAR GM LITE TRADING MECO K3-2693,16,2021-08-31,OSP
MNL045 LP144 NP5-6,MNL045,LP144,NP5-6,MNL045 LP144,Radial Road 10,MANILA,3,1,BARANGAY 96,,,14.623553,120.964711,,,,MTF VELASQUEZ-H. LOPEZ BLVD.,,VELASQUEZ ST. COR. UGBO ST. BESIDE FIRST TONDO COMPLEX ENTRANCE MECO NPT,16,2021-08-31,OSP
MNL045 LP144 NP7-8,MNL045,LP144,NP7-8,MNL045 LP144,Radial Road 10,MANILA,3,1,BARANGAY 96,,,14.624411,120.964481,,,,MTF VELASQUEZ-H. LOPEZ BLVD.,,2237 VELASQUEZ ST. MECO K3-0034,16,2021-08-31,OSP
MNL051 LP14 NP3-4-5,MNL051,LP14,NP3-4-5,MNL051 LP14,Urban Deca Homes Manila,MANILA,3,1,BARANGAY 96,,URBAN DECA HOMES MANILA (BUILDING 10),14.625860,120.963215,,8F,EE ROOM BUILDING A,MNL3P,,,,2021-01-28,ISP
MNL051 LP30 NP3-4-5,MNL051,LP30,NP3-4-5,MNL051 LP30,Urban Deca Homes Manila,MANILA,3,1,BARANGAY 96,,URBAN DECA HOMES MANILA (BUILDING 13),14.625917,120.963859,,5F,EE ROOM BUILDING A,MNL5P,,,,2021-01-28,ISP
MNL051 LP5 NP6-7-8,MNL051,LP5,NP6-7-8,MNL051 LP5,Urban Deca Homes Manila,MANILA,3,1,BARANGAY 96,,URBAN DECA HOMES MANILA (BUILDING 9),14.626320,120.962968,,9F,EE ROOM BUILDING A,MNL051,,,,2021-01-28,ISP
MNL051 LP30 NP1-2,MNL051,LP30,NP1-2,MNL051 LP30,Urban Deca Homes Manila,MANILA,3,1,BARANGAY 96,,URBAN DECA HOMES MANILA (BUILDING 13),14.625917,120.963859,,5F,EE ROOM BUILDING A,MNL5P,,,,2021-01-28,ISP
MNL051 LP35 NP3-4-5,MNL051,LP35,NP3-4-5,MNL051 LP35,Urban Deca Homes Manila,MANILA,3,1,BARANGAY 96,,URBAN DECA HOMES MANILA (BUILDING 13),14.625917,120.963859,,14F,EE ROOM BUILDING A,MNL5P,,,,2021-01-28,ISP
MNL051 LP34 NP3-4-5,MNL051,LP34,NP3-4-5,MNL051 LP34,Urban Deca Homes Manila,MANILA,3,1,BARANGAY 96,,URBAN DECA HOMES MANILA (BUILDING 13),14.625917,120.963859,,11F,EE ROOM BUILDING A,MNL5P,,,,2021-01-28,ISP
MNL051 LP16 NP6-7-8,MNL051,LP16,NP6-7-8,MNL051 LP16,Urban Deca Homes Manila,MANILA,3,1,BARANGAY 96,,URBAN DECA HOMES MANILA (BUILDING 10),14.625860,120.963215,,12F,EE ROOM BUILDING A,MNL3P,,,,2021-01-28,ISP
MNL051 LP32 NP6-7-8,MNL051,LP32,NP6-7-8,MNL051 LP32,Urban Deca Homes Manila,MANILA,3,1,BARANGAY 96,,URBAN DECA HOMES MANILA (BUILDING 13),14.625917,120.963859,,9F,EE ROOM BUILDING A,MNL5P,,,,2021-01-28,ISP
MNL051 LP2 NP1-2,MNL051,LP2,NP1-2,MNL051 LP2,Urban Deca Homes Manila,MANILA,3,1,BARANGAY 96,,URBAN DECA HOMES MANILA (BUILDING 9),14.626320,120.962968,,3F,EE ROOM BUILDING A,MNL051,,,,2021-01-28,ISP
MNL051 LP21 NP3-4-5,MNL051,LP21,NP3-4-5,MNL051 LP21,Urban Deca Homes Manila,MANILA,3,1,BARANGAY 96,,URBAN DECA HOMES MANILA (BUILDING 12),14.626667,120.963526,,5F,EE ROOM BUILDING A,MNL4P,,,,2021-01-28,ISP
MNL051 LP8 NP6-7-8,MNL051,LP8,NP6-7-8,MNL051 LP8,Urban Deca Homes Manila,MANILA,3,1,BARANGAY 96,,URBAN DECA HOMES MANILA (BUILDING 9),14.626320,120.962968,,14F,EE ROOM BUILDING A,MNL051,,,,2021-01-28,ISP
MNL051 LP20 NP1-2,MNL051,LP20,NP1-2,MNL051 LP20,Urban Deca Homes Manila,MANILA,3,1,BARANGAY 96,,URBAN DECA HOMES MANILA (BUILDING 12),14.626667,120.963526,,3F,EE ROOM BUILDING A,MNL4P,,,,2021-01-28,ISP
MNL051 LP23 NP6-7-8,MNL051,LP23,NP6-7-8,MNL051 LP23,Urban Deca Homes Manila,MANILA,3,1,BARANGAY 96,,URBAN DECA HOMES MANILA (BUILDING 12),14.626667,120.963526,,9F,EE ROOM BUILDING A,MNL4P,,,,2021-01-28,ISP
MNL051 LP10 NP6-7-8,MNL051,LP10,NP6-7-8,MNL051 LP10,Urban Deca Homes Manila,MANILA,3,1,BARANGAY 96,,URBAN DECA HOMES MANILA (BUILDING 10),14.625860,120.963215,,3F,EE ROOM BUILDING A,MNL3P,,,,2021-01-28,ISP
MNL051 LP13 NP3-4-5,MNL051,LP13,NP3-4-5,MNL051 LP13,Urban Deca Homes Manila,MANILA,3,1,BARANGAY 96,,URBAN DECA HOMES MANILA (BUILDING 10),14.625860,120.963215,,7F,EE ROOM BUILDING A,MNL3P,,,,2021-01-28,ISP
MNL051 LP24 NP1-2,MNL051,LP24,NP1-2,MNL051 LP24,Urban Deca Homes Manila,MANILA,3,1,BARANGAY 96,,URBAN DECA HOMES MANILA (BUILDING 12),14.626667,120.963526,,9F,EE ROOM BUILDING A,MNL4P,,,,2021-01-28,ISP
MNL051 LP7 NP3-4-5,MNL051,LP7,NP3-4-5,MNL051 LP7,Urban Deca Homes Manila,MANILA,3,1,BARANGAY 96,,URBAN DECA HOMES MANILA (BUILDING 9),14.626320,120.962968,,11F,EE ROOM BUILDING A,MNL051,,,,2021-01-28,ISP
MNL051 LP26 NP1-2,MNL051,LP26,NP1-2,MNL051 LP26,Urban Deca Homes Manila,MANILA,3,1,BARANGAY 96,,URBAN DECA HOMES MANILA (BUILDING 12),14.626667,120.963526,,12F,EE ROOM BUILDING A,MNL4P,,,,2021-01-28,ISP
MNL051 LP16 NP1-2,MNL051,LP16,NP1-2,MNL051 LP16,Urban Deca Homes Manila,MANILA,3,1,BARANGAY 96,,URBAN DECA HOMES MANILA (BUILDING 10),14.625860,120.963215,,11F,EE ROOM BUILDING A,MNL3P,,,,2021-01-28,ISP
MNL051 LP28 NP3-4-5,MNL051,LP28,NP3-4-5,MNL051 LP28,Urban Deca Homes Manila,MANILA,3,1,BARANGAY 96,,URBAN DECA HOMES MANILA (BUILDING 13),14.625917,120.963859,,2F,EE ROOM BUILDING A,MNL5P,,,,2021-01-28,ISP
MNL051 LP4 NP3-4-5,MNL051,LP4,NP3-4-5,MNL051 LP4,Urban Deca Homes Manila,MANILA,3,1,BARANGAY 96,,URBAN DECA HOMES MANILA (BUILDING 9),14.626320,120.962968,,7F,EE ROOM BUILDING A,MNL051,,,,2021-01-28,ISP
MNL051 LP4 NP1-2,MNL051,LP4,NP1-2,MNL051 LP4,Urban Deca Homes Manila,MANILA,3,1,BARANGAY 96,,URBAN DECA HOMES MANILA (BUILDING 9),14.626320,120.962968,,6F,EE ROOM BUILDING A,MNL051,,,,2021-01-28,ISP
MNL051 LP8 NP3-4-5,MNL051,LP8,NP3-4-5,MNL051 LP8,Urban Deca Homes Manila,MANILA,3,1,BARANGAY 96,,URBAN DECA HOMES MANILA (BUILDING 9),14.626320,120.962968,,14F,EE ROOM BUILDING A,MNL051,,,,2021-01-28,ISP
MNL051 LP12 NP6-7,MNL051,LP12,NP6-7,MNL051 LP12,Urban Deca Homes Manila,MANILA,3,1,BARANGAY 96,,URBAN DECA HOMES MANILA (BUILDING 10),14.625860,120.963215,,6F,EE ROOM BUILDING A,MNL3P,,,,2021-01-28,ISP
MNL051 LP33 NP1-2,MNL051,LP33,NP1-2,MNL051 LP33,Urban Deca Homes Manila,MANILA,3,1,BARANGAY 96,,URBAN DECA HOMES MANILA (BUILDING 13),14.625917,120.963859,,9F,EE ROOM BUILDING A,MNL5P,,,,2021-01-28,ISP
MNL051 LP15 NP1-2,MNL051,LP15,NP1-2,MNL051 LP15,Urban Deca Homes Manila,MANILA,3,1,BARANGAY 96,,URBAN DECA HOMES MANILA (BUILDING 10),14.625860,120.963215,,9F,EE ROOM BUILDING A,MNL3P,,,,2021-01-28,ISP
MNL051 LP34 NP1-2,MNL051,LP34,NP1-2,MNL051 LP34,Urban Deca Homes Manila,MANILA,3,1,BARANGAY 96,,URBAN DECA HOMES MANILA (BUILDING 13),14.625917,120.963859,,11F,EE ROOM BUILDING A,MNL5P,,,,2021-01-28,ISP
MNL051 LP32 NP1-2,MNL051,LP32,NP1-2,MNL051 LP32,Urban Deca Homes Manila,MANILA,3,1,BARANGAY 96,,URBAN DECA HOMES MANILA (BUILDING 13),14.625917,120.963859,,8F,EE ROOM BUILDING A,MNL5P,,,,2021-01-28,ISP
MNL051 LP33 NP3-4-5,MNL051,LP33,NP3-4-5,MNL051 LP33,Urban Deca Homes Manila,MANILA,3,1,BARANGAY 96,,URBAN DECA HOMES MANILA (BUILDING 13),14.625917,120.963859,,10F,EE ROOM BUILDING A,MNL5P,,,,2021-01-28,ISP
MNL051 LP6 NP3-4-5,MNL051,LP6,NP3-4-5,MNL051 LP6,Urban Deca Homes Manila,MANILA,3,1,BARANGAY 96,,URBAN DECA HOMES MANILA (BUILDING 9),14.626320,120.962968,,10F,EE ROOM BUILDING A,MNL051,,,,2021-01-28,ISP
MNL051 LP18 NP1-2,MNL051,LP18,NP1-2,MNL051 LP18,Urban Deca Homes Manila,MANILA,3,1,BARANGAY 96,,URBAN DECA HOMES MANILA (BUILDING 12),14.626667,120.963526,,2F,EE ROOM BUILDING A,MNL4P,,,,2021-01-28,ISP
MNL051 LP33 NP6-7-8,MNL051,LP33,NP6-7-8,MNL051 LP33,Urban Deca Homes Manila,MANILA,3,1,BARANGAY 96,,URBAN DECA HOMES MANILA (BUILDING 13),14.625917,120.963859,,10F,EE ROOM BUILDING A,MNL5P,,,,2021-01-28,ISP
MNL051 LP23 NP3-4-5,MNL051,LP23,NP3-4-5,MNL051 LP23,Urban Deca Homes Manila,MANILA,3,1,BARANGAY 96,,URBAN DECA HOMES MANILA (BUILDING 12),14.626667,120.963526,,8F,EE ROOM BUILDING A,MNL4P,,,,2021-01-28,ISP
MNL051 LP5 NP1-2,MNL051,LP5,NP1-2,MNL051 LP5,Urban Deca Homes Manila,MANILA,3,1,BARANGAY 96,,URBAN DECA HOMES MANILA (BUILDING 9),14.626320,120.962968,,8F,EE ROOM BUILDING A,MNL051,,,,2021-01-28,ISP
MNL051 LP28 NP1-2,MNL051,LP28,NP1-2,MNL051 LP28,Urban Deca Homes Manila,MANILA,3,1,BARANGAY 96,,URBAN DECA HOMES MANILA (BUILDING 13),14.625917,120.963859,,2F,EE ROOM BUILDING A,MNL5P,,,,2021-01-28,ISP
MNL051 LP20 NP6-7-8,MNL051,LP20,NP6-7-8,MNL051 LP20,Urban Deca Homes Manila,MANILA,3,1,BARANGAY 96,,URBAN DECA HOMES MANILA (BUILDING 12),14.626667,120.963526,,4F,EE ROOM BUILDING A,MNL4P,,,,2021-01-28,ISP
MNL051 LP13 NP6-7-8,MNL051,LP13,NP6-7-8,MNL051 LP13,Urban Deca Homes Manila,MANILA,3,1,BARANGAY 96,,URBAN DECA HOMES MANILA (BUILDING 10),14.625860,120.963215,,7F,EE ROOM BUILDING A,MNL3P,,,,2021-01-28,ISP
MNL051 LP19 NP3-4-5,MNL051,LP19,NP3-4-5,MNL051 LP19,Urban Deca Homes Manila,MANILA,3,1,BARANGAY 96,,URBAN DECA HOMES MANILA (BUILDING 12),14.626667,120.963526,,3F,EE ROOM BUILDING A,MNL4P,,,,2021-01-28,ISP
MNL051 LP6 NP6-7-8,MNL051,LP6,NP6-7-8,MNL051 LP6,Urban Deca Homes Manila,MANILA,3,1,BARANGAY 96,,URBAN DECA HOMES MANILA (BUILDING 9),14.626320,120.962968,,10F,EE ROOM BUILDING A,MNL051,,,,2021-01-28,ISP
MNL051 LP10 NP3-4-5,MNL051,LP10,NP3-4-5,MNL051 LP10,Urban Deca Homes Manila,MANILA,3,1,BARANGAY 96,,URBAN DECA HOMES MANILA (BUILDING 10),14.625860,120.963215,,2F,EE ROOM BUILDING A,MNL3P,,,,2021-01-28,ISP
MNL051 LP25 NP3-4-5,MNL051,LP25,NP3-4-5,MNL051 LP25,Urban Deca Homes Manila,MANILA,3,1,BARANGAY 96,,URBAN DECA HOMES MANILA (BUILDING 12),14.626667,120.963526,,11F,EE ROOM BUILDING A,MNL4P,,,,2021-01-28,ISP
MNL051 LP15 NP6-7-8,MNL051,LP15,NP6-7-8,MNL051 LP15,Urban Deca Homes Manila,MANILA,3,1,BARANGAY 96,,URBAN DECA HOMES MANILA (BUILDING 10),14.625860,120.963215,,10F,EE ROOM BUILDING A,MNL3P,,,,2021-01-28,ISP
MNL051 LP17 NP6-7-8,MNL051,LP17,NP6-7-8,MNL051 LP17,Urban Deca Homes Manila,MANILA,3,1,BARANGAY 96,,URBAN DECA HOMES MANILA (BUILDING 10),14.625860,120.963215,,14F,EE ROOM BUILDING A,MNL3P,,,,2021-01-28,ISP
MNL051 LP12 NP1-2,MNL051,LP12,NP1-2,MNL051 LP12,Urban Deca Homes Manila,MANILA,3,1,BARANGAY 96,,URBAN DECA HOMES MANILA (BUILDING 10),14.625860,120.963215,,5F,EE ROOM BUILDING A,MNL3P,,,,2021-01-28,ISP
MNL051 LP11 NP3-4-5,MNL051,LP11,NP3-4-5,MNL051 LP11,Urban Deca Homes Manila,MANILA,3,1,BARANGAY 96,,URBAN DECA HOMES MANILA (BUILDING 10),14.625860,120.963215,,4F,EE ROOM BUILDING A,MNL3P,,,,2021-01-28,ISP
MNL051 LP21 NP1-2,MNL051,LP21,NP1-2,MNL051 LP21,Urban Deca Homes Manila,MANILA,3,1,BARANGAY 96,,URBAN DECA HOMES MANILA (BUILDING 12),14.626667,120.963526,,5F,EE ROOM BUILDING A,MNL4P,,,,2021-01-28,ISP
MNL051 LP19 NP6-7-8,MNL051,LP19,NP6-7-8,MNL051 LP19,Urban Deca Homes Manila,MANILA,3,1,BARANGAY 96,,URBAN DECA HOMES MANILA (BUILDING 12),14.626667,120.963526,,3F,EE ROOM BUILDING A,MNL4P,,,,2021-01-28,ISP
MNL051 LP29 NP6-7-8,MNL051,LP29,NP6-7-8,MNL051 LP29,Urban Deca Homes Manila,MANILA,3,1,BARANGAY 96,,URBAN DECA HOMES MANILA (BUILDING 13),14.625917,120.963859,,4F,EE ROOM BUILDING A,MNL5P,,,,2021-01-28,ISP
MNL051 LP23 NP1-2,MNL051,LP23,NP1-2,MNL051 LP23,Urban Deca Homes Manila,MANILA,3,1,BARANGAY 96,,URBAN DECA HOMES MANILA (BUILDING 12),14.626667,120.963526,,8F,EE ROOM BUILDING A,MNL4P,,,,2021-01-28,ISP
MNL051 LP4 NP6-7-8,MNL051,LP4,NP6-7-8,MNL051 LP4,Urban Deca Homes Manila,MANILA,3,1,BARANGAY 96,,URBAN DECA HOMES MANILA (BUILDING 9),14.626320,120.962968,,7F,EE ROOM BUILDING A,MNL051,,,,2021-01-28,ISP
MNL051 LP21 NP6-7,MNL051,LP21,NP6-7,MNL051 LP21,Urban Deca Homes Manila,MANILA,3,1,BARANGAY 96,,URBAN DECA HOMES MANILA (BUILDING 12),14.626667,120.963526,,6F,EE ROOM BUILDING A,MNL4P,,,,2021-01-28,ISP
MNL051 LP20 NP3-4-5,MNL051,LP20,NP3-4-5,MNL051 LP20,Urban Deca Homes Manila,MANILA,3,1,BARANGAY 96,,URBAN DECA HOMES MANILA (BUILDING 12),14.626667,120.963526,,4F,EE ROOM BUILDING A,MNL4P,,,,2021-01-28,ISP
MNL051 LP15 NP3-4-5,MNL051,LP15,NP3-4-5,MNL051 LP15,Urban Deca Homes Manila,MANILA,3,1,BARANGAY 96,,URBAN DECA HOMES MANILA (BUILDING 10),14.625860,120.963215,,10F,EE ROOM BUILDING A,MNL3P,,,,2021-01-28,ISP
MNL051 LP13 NP1-2,MNL051,LP13,NP1-2,MNL051 LP13,Urban Deca Homes Manila,MANILA,3,1,BARANGAY 96,,URBAN DECA HOMES MANILA (BUILDING 10),14.625860,120.963215,,6F,EE ROOM BUILDING A,MNL3P,,,,2021-01-28,ISP
MNL051 LP1 NP6-7-8,MNL051,LP1,NP6-7-8,MNL051 LP1,Urban Deca Homes Manila,MANILA,3,1,BARANGAY 96,,URBAN DECA HOMES MANILA (BUILDING 9),14.626320,120.962968,,3F,EE ROOM BUILDING A,MNL051,,,,2021-01-28,ISP
MNL051 LP25 NP1-2,MNL051,LP25,NP1-2,MNL051 LP25,Urban Deca Homes Manila,MANILA,3,1,BARANGAY 96,,URBAN DECA HOMES MANILA (BUILDING 12),14.626667,120.963526,,11F,EE ROOM BUILDING A,MNL4P,,,,2021-01-28,ISP
MNL051 LP3 NP3-4-5,MNL051,LP3,NP3-4-5,MNL051 LP3,Urban Deca Homes Manila,MANILA,3,1,BARANGAY 96,,URBAN DECA HOMES MANILA (BUILDING 9),14.626320,120.962968,,5F,EE ROOM BUILDING A,MNL051,,,,2021-01-28,ISP
MNL051 LP24 NP3-4-5,MNL051,LP24,NP3-4-5,MNL051 LP24,Urban Deca Homes Manila,MANILA,3,1,BARANGAY 96,,URBAN DECA HOMES MANILA (BUILDING 12),14.626667,120.963526,,10F,EE ROOM BUILDING A,MNL4P,,,,2021-01-28,ISP
MNL051 LP35 NP1-2,MNL051,LP35,NP1-2,MNL051 LP35,Urban Deca Homes Manila,MANILA,3,1,BARANGAY 96,,URBAN DECA HOMES MANILA (BUILDING 13),14.625917,120.963859,,12F,EE ROOM BUILDING A,MNL5P,,,,2021-01-28,ISP
MNL051 LP1 NP3-4-5,MNL051,LP1,NP3-4-5,MNL051 LP1,Urban Deca Homes Manila,MANILA,3,1,BARANGAY 96,,URBAN DECA HOMES MANILA (BUILDING 9),14.626320,120.962968,,2F,EE ROOM BUILDING A,MNL051,,,,2021-01-28,ISP
MNL051 LP26 NP3-4-5,MNL051,LP26,NP3-4-5,MNL051 LP26,Urban Deca Homes Manila,MANILA,3,1,BARANGAY 96,,URBAN DECA HOMES MANILA (BUILDING 12),14.626667,120.963526,,14F,EE ROOM BUILDING A,MNL4P,,,,2021-01-28,ISP
MNL051 LP28 NP6-7-8,MNL051,LP28,NP6-7-8,MNL051 LP28,Urban Deca Homes Manila,MANILA,3,1,BARANGAY 96,,URBAN DECA HOMES MANILA (BUILDING 13),14.625917,120.963859,,3F,EE ROOM BUILDING A,MNL5P,,,,2021-01-28,ISP
MNL051 LP22 NP1-2,MNL051,LP22,NP1-2,MNL051 LP22,Urban Deca Homes Manila,MANILA,3,1,BARANGAY 96,,URBAN DECA HOMES MANILA (BUILDING 12),14.626667,120.963526,,6F,EE ROOM BUILDING A,MNL4P,,,,2021-01-28,ISP
MNL051 LP22 NP3-4-5,MNL051,LP22,NP3-4-5,MNL051 LP22,Urban Deca Homes Manila,MANILA,3,1,BARANGAY 96,,URBAN DECA HOMES MANILA (BUILDING 12),14.626667,120.963526,,7F,EE ROOM BUILDING A,MNL4P,,,,2021-01-28,ISP
MNL051 LP17 NP3-4-5,MNL051,LP17,NP3-4-5,MNL051 LP17,Urban Deca Homes Manila,MANILA,3,1,BARANGAY 96,,URBAN DECA HOMES MANILA (BUILDING 10),14.625860,120.963215,,14F,EE ROOM BUILDING A,MNL3P,,,,2021-01-28,ISP
MNL051 LP2 NP6-7-8,MNL051,LP2,NP6-7-8,MNL051 LP2,Urban Deca Homes Manila,MANILA,3,1,BARANGAY 96,,URBAN DECA HOMES MANILA (BUILDING 9),14.626320,120.962968,,4F,EE ROOM BUILDING A,MNL051,,,,2021-01-28,ISP
MNL051 LP12 NP3-4-5,MNL051,LP12,NP3-4-5,MNL051 LP12,Urban Deca Homes Manila,MANILA,3,1,BARANGAY 96,,URBAN DECA HOMES MANILA (BUILDING 10),14.625860,120.963215,,5F,EE ROOM BUILDING A,MNL3P,,,,2021-01-28,ISP
MNL051 LP7 NP6-7-8,MNL051,LP7,NP6-7-8,MNL051 LP7,Urban Deca Homes Manila,MANILA,3,1,BARANGAY 96,,URBAN DECA HOMES MANILA (BUILDING 9),14.626320,120.962968,,12F,EE ROOM BUILDING A,MNL051,,,,2021-01-28,ISP
MNL051 LP31 NP1-2,MNL051,LP31,NP1-2,MNL051 LP31,Urban Deca Homes Manila,MANILA,3,1,BARANGAY 96,,URBAN DECA HOMES MANILA (BUILDING 13),14.625917,120.963859,,6F,EE ROOM BUILDING A,MNL5P,,,,2021-01-28,ISP
MNL051 LP6 NP1-2,MNL051,LP6,NP1-2,MNL051 LP6,Urban Deca Homes Manila,MANILA,3,1,BARANGAY 96,,URBAN DECA HOMES MANILA (BUILDING 9),14.626320,120.962968,,9F,EE ROOM BUILDING A,MNL051,,,,2021-01-28,ISP
MNL051 LP30 NP6-7,MNL051,LP30,NP6-7,MNL051 LP30,Urban Deca Homes Manila,MANILA,3,1,BARANGAY 96,,URBAN DECA HOMES MANILA (BUILDING 13),14.625917,120.963859,,6F,EE ROOM BUILDING A,MNL5P,,,,2021-01-28,ISP
MNL051 LP1 NP1-2,MNL051,LP1,NP1-2,MNL051 LP1,Urban Deca Homes Manila,MANILA,3,1,BARANGAY 96,,URBAN DECA HOMES MANILA (BUILDING 9),14.626320,120.962968,,2F,EE ROOM BUILDING A,MNL051,,,,2021-01-28,ISP
MNL051 LP31 NP3-4-5,MNL051,LP31,NP3-4-5,MNL051 LP31,Urban Deca Homes Manila,MANILA,3,1,BARANGAY 96,,URBAN DECA HOMES MANILA (BUILDING 13),14.625917,120.963859,,7F,EE ROOM BUILDING A,MNL5P,,,,2021-01-28,ISP
MNL051 LP14 NP1-2,MNL051,LP14,NP1-2,MNL051 LP14,Urban Deca Homes Manila,MANILA,3,1,BARANGAY 96,,URBAN DECA HOMES MANILA (BUILDING 10),14.625860,120.963215,,8F,EE ROOM BUILDING A,MNL3P,,,,2021-01-28,ISP
MNL051 LP22 NP6-7-8,MNL051,LP22,NP6-7-8,MNL051 LP22,Urban Deca Homes Manila,MANILA,3,1,BARANGAY 96,,URBAN DECA HOMES MANILA (BUILDING 12),14.626667,120.963526,,7F,EE ROOM BUILDING A,MNL4P,,,,2021-01-28,ISP
MNL051 LP5 NP3-4-5,MNL051,LP5,NP3-4-5,MNL051 LP5,Urban Deca Homes Manila,MANILA,3,1,BARANGAY 96,,URBAN DECA HOMES MANILA (BUILDING 9),14.626320,120.962968,,8F,EE ROOM BUILDING A,MNL051,,,,2021-01-28,ISP
MNL051 LP11 NP6-7-8,MNL051,LP11,NP6-7-8,MNL051 LP11,Urban Deca Homes Manila,MANILA,3,1,BARANGAY 96,,URBAN DECA HOMES MANILA (BUILDING 10),14.625860,120.963215,,4F,EE ROOM BUILDING A,MNL3P,,,,2021-01-28,ISP
MNL051 LP27 NP1-2,MNL051,LP27,NP1-2,MNL051 LP27,Urban Deca Homes Manila,MANILA,3,1,BARANGAY 96,,URBAN DECA HOMES MANILA (BUILDING 13),14.625917,120.963859,,2F,EE ROOM BUILDING A,MNL5P,,,,2021-01-28,ISP
MNL051 LP3 NP1-2,MNL051,LP3,NP1-2,MNL051 LP3,Urban Deca Homes Manila,MANILA,3,1,BARANGAY 96,,URBAN DECA HOMES MANILA (BUILDING 9),14.626320,120.962968,,5F,EE ROOM BUILDING A,MNL051,,,,2021-01-28,ISP
MNL051 LP16 NP3-4-5,MNL051,LP16,NP3-4-5,MNL051 LP16,Urban Deca Homes Manila,MANILA,3,1,BARANGAY 96,,URBAN DECA HOMES MANILA (BUILDING 10),14.625860,120.963215,,11F,EE ROOM BUILDING A,MNL3P,,,,2021-01-28,ISP
MNL051 LP29 NP3-4-5,MNL051,LP29,NP3-4-5,MNL051 LP29,Urban Deca Homes Manila,MANILA,3,1,BARANGAY 96,,URBAN DECA HOMES MANILA (BUILDING 13),14.625917,120.963859,,4F,EE ROOM BUILDING A,MNL5P,,,,2021-01-28,ISP
MNL051 LP17 NP1-2,MNL051,LP17,NP1-2,MNL051 LP17,Urban Deca Homes Manila,MANILA,3,1,BARANGAY 96,,URBAN DECA HOMES MANILA (BUILDING 10),14.625860,120.963215,,12F,EE ROOM BUILDING A,MNL3P,,,,2021-01-28,ISP
MNL051 LP31 NP6-7-8,MNL051,LP31,NP6-7-8,MNL051 LP31,Urban Deca Homes Manila,MANILA,3,1,BARANGAY 96,,URBAN DECA HOMES MANILA (BUILDING 13),14.625917,120.963859,,7F,EE ROOM BUILDING A,MNL5P,,,,2021-01-28,ISP
MNL051 LP25 NP6-7-8,MNL051,LP25,NP6-7-8,MNL051 LP25,Urban Deca Homes Manila,MANILA,3,1,BARANGAY 96,,URBAN DECA HOMES MANILA (BUILDING 12),14.626667,120.963526,,12F,EE ROOM BUILDING A,MNL4P,,,,2021-01-28,ISP
MNL051 LP29 NP1-2,MNL051,LP29,NP1-2,MNL051 LP29,Urban Deca Homes Manila,MANILA,3,1,BARANGAY 96,,URBAN DECA HOMES MANILA (BUILDING 13),14.625917,120.963859,,3F,EE ROOM BUILDING A,MNL5P,,,,2021-01-28,ISP
MNL051 LP34 NP6-7-8,MNL051,LP34,NP6-7-8,MNL051 LP34,Urban Deca Homes Manila,MANILA,3,1,BARANGAY 96,,URBAN DECA HOMES MANILA (BUILDING 13),14.625917,120.963859,,12F,EE ROOM BUILDING A,MNL5P,,,,2021-01-28,ISP
MNL051 LP3 NP6-7-8,MNL051,LP3,NP6-7-8,MNL051 LP3,Urban Deca Homes Manila,MANILA,3,1,BARANGAY 96,,URBAN DECA HOMES MANILA (BUILDING 9),14.626320,120.962968,,6F,EE ROOM BUILDING A,MNL051,,,,2021-01-28,ISP
MNL051 LP7 NP1-2,MNL051,LP7,NP1-2,MNL051 LP7,Urban Deca Homes Manila,MANILA,3,1,BARANGAY 96,,URBAN DECA HOMES MANILA (BUILDING 9),14.626320,120.962968,,11F,EE ROOM BUILDING A,MNL051,,,,2021-01-28,ISP
MNL051 LP24 NP6-7-8,MNL051,LP24,NP6-7-8,MNL051 LP24,Urban Deca Homes Manila,MANILA,3,1,BARANGAY 96,,URBAN DECA HOMES MANILA (BUILDING 12),14.626667,120.963526,,10F,EE ROOM BUILDING A,MNL4P,,,,2021-01-28,ISP
MNL051 LP35 NP6-7-8,MNL051,LP35,NP6-7-8,MNL051 LP35,Urban Deca Homes Manila,MANILA,3,1,BARANGAY 96,,URBAN DECA HOMES MANILA (BUILDING 13),14.625917,120.963859,,14F,EE ROOM BUILDING A,MNL5P,,,,2021-01-28,ISP
MNL051 LP9 NP1-2,MNL051,LP9,NP1-2,MNL051 LP9,Urban Deca Homes Manila,MANILA,3,1,BARANGAY 96,,URBAN DECA HOMES MANILA (BUILDING 10),14.625860,120.963215,,2F,EE ROOM BUILDING A,MNL3P,,,,2021-01-28,ISP
MNL051 LP14 NP6-7-8,MNL051,LP14,NP6-7-8,MNL051 LP14,Urban Deca Homes Manila,MANILA,3,1,BARANGAY 96,,URBAN DECA HOMES MANILA (BUILDING 10),14.625860,120.963215,,9F,EE ROOM BUILDING A,MNL3P,,,,2021-01-28,ISP
MNL051 LP8 NP1-2,MNL051,LP8,NP1-2,MNL051 LP8,Urban Deca Homes Manila,MANILA,3,1,BARANGAY 96,,URBAN DECA HOMES MANILA (BUILDING 9),14.626320,120.962968,,12F,EE ROOM BUILDING A,MNL051,,,,2021-01-28,ISP
MNL051 LP19 NP1-2,MNL051,LP19,NP1-2,MNL051 LP19,Urban Deca Homes Manila,MANILA,3,1,BARANGAY 96,,URBAN DECA HOMES MANILA (BUILDING 12),14.626667,120.963526,,2F,EE ROOM BUILDING A,MNL4P,,,,2021-01-28,ISP
MNL051 LP10 NP1-2,MNL051,LP10,NP1-2,MNL051 LP10,Urban Deca Homes Manila,MANILA,3,1,BARANGAY 96,,URBAN DECA HOMES MANILA (BUILDING 10),14.625860,120.963215,,2F,EE ROOM BUILDING A,MNL3P,,,,2021-01-28,ISP
MNL051 LP2 NP3-4-5,MNL051,LP2,NP3-4-5,MNL051 LP2,Urban Deca Homes Manila,MANILA,3,1,BARANGAY 96,,URBAN DECA HOMES MANILA (BUILDING 9),14.626320,120.962968,,4F,EE ROOM BUILDING A,MNL051,,,,2021-01-28,ISP
MNL051 LP32 NP3-4-5,MNL051,LP32,NP3-4-5,MNL051 LP32,Urban Deca Homes Manila,MANILA,3,1,BARANGAY 96,,URBAN DECA HOMES MANILA (BUILDING 13),14.625917,120.963859,,8F,EE ROOM BUILDING A,MNL5P,,,,2021-01-28,ISP
MNL051 LP11 NP1-2,MNL051,LP11,NP1-2,MNL051 LP11,Urban Deca Homes Manila,MANILA,3,1,BARANGAY 96,,URBAN DECA HOMES MANILA (BUILDING 10),14.625860,120.963215,,3F,EE ROOM BUILDING A,MNL3P,,,,2021-01-28,ISP
MNL051 LP26 NP6-7-8,MNL051,LP26,NP6-7-8,MNL051 LP26,Urban Deca Homes Manila,MANILA,3,1,BARANGAY 96,,URBAN DECA HOMES MANILA (BUILDING 12),14.626667,120.963526,,14F,EE ROOM BUILDING A,MNL4P,,,,2021-01-28,ISP
MNL003 LP132 NP3-4,MNL003,LP132,NP3-4,MNL003 LP132,City Square,MANILA,3,1,BARANGAY 97,,,14.62185594,120.9651597,,,,,,,16,2018-11-29,OSP
MNL003 LP134 NP7-8,MNL003,LP134,NP7-8,MNL003 LP134,City Square,MANILA,3,1,BARANGAY 97,,,14.62085335,120.9638656,,,,,,,16,2018-11-29,OSP
MNL003 LP387 NP1-2,MNL003,LP387,NP1-2,MNL003 LP387,City Square,MANILA,3,1,BARANGAY 97,,,14.62109079,120.9649175,,,,,,,16,2019-06-16,OSP
MNL003 LP387 NP3-4,MNL003,LP387,NP3-4,MNL003 LP387,City Square,MANILA,3,1,BARANGAY 97,,,14.62073056,120.9650025,,,,,,,16,2019-06-16,OSP
MNL003 LP390 NP5-6,MNL003,LP390,NP5-6,MNL003 LP390,City Square,MANILA,3,1,BARANGAY 97,,,14.6217349,120.9647798,,,,,,,16,2019-06-16,OSP
MNL003 LP390 NP7-8,MNL003,LP390,NP7-8,MNL003 LP390,City Square,MANILA,3,1,BARANGAY 97,,,14.62139735,120.9648488,,,,,,,16,2019-06-16,OSP
MNL036 LP25 NP1-2,MNL036,LP25,NP1-2,MNL036 LP25,Juan Luna/ Solis,MANILA,3,1,BARANGAY 97,,,14.622073,120.964684,,,,,,,16,2020-07-30,OSP
MNL036 LP25 NP3-4,MNL036,LP25,NP3-4,MNL036 LP25,Juan Luna/ Solis,MANILA,3,1,BARANGAY 97,,,14.621706,120.964502,,,,,,,16,2020-07-30,OSP
MNL036 LP25 NP5-6,MNL036,LP25,NP5-6,MNL036 LP25,Juan Luna/ Solis,MANILA,3,1,BARANGAY 97,,,14.621536,120.963921,,,,,,,16,2020-07-30,OSP
MNL036 LP24 NP7-8,MNL036,LP24,NP7-8,MNL036 LP24,Juan Luna/ Solis,MANILA,3,1,BARANGAY 97,,,14.622186,120.965065,,,,,,,16,2020-07-30,OSP
MNL036 LP23 NP1-2,MNL036,LP23,NP1-2,MNL036 LP23,Juan Luna/ Solis,MANILA,3,1,BARANGAY 97,,,14.620972,120.964195,,,,,,,16,2020-07-30,OSP
MNL036 LP23 NP3-4,MNL036,LP23,NP3-4,MNL036 LP23,Juan Luna/ Solis,MANILA,3,1,BARANGAY 97,,,14.62105,120.964655,,,,,,,16,2020-07-30,OSP
MNL036 LP22 NP7-8,MNL036,LP22,NP7-8,MNL036 LP22,Juan Luna/ Solis,MANILA,3,1,BARANGAY 97,,,14.620589,120.964208,,,,,,,16,2020-07-30,OSP
MNL036 LP22 NP5-6,MNL036,LP22,NP5-6,MNL036 LP22,Juan Luna/ Solis,MANILA,3,1,BARANGAY 97,,,14.620688,120.964683,,,,,,,16,2020-07-30,OSP
MNL005 LP143 NP3-4,MNL005,LP143,NP3-4,MNL005 LP143,Orchard Building (City Square 2),MANILA,3,1,BARANGAY 97,,,14.621851,120.96514,,,,,,,16,2021-08-30,OSP
MNL005 LP143 NP5-6,MNL005,LP143,NP5-6,MNL005 LP143,Orchard Building (City Square 2),MANILA,3,1,BARANGAY 97,,,14.622193,120.965075,,,,,,,16,2021-08-30,OSP
MNL045 LP163 NP1-2,MNL045,LP163,NP1-2,MNL045 LP163,Radial Road 10,MANILA,3,1,BARANGAY 97,,,14.620551,120.963968,,,,,,,16,2022-01-27,OSP
MNL045 LP163 NP3-5,MNL045,LP163,NP3-5,MNL045 LP163,Radial Road 10,MANILA,3,1,BARANGAY 97,,,14.620551,120.963968,,,,,,,24,2022-01-27,OSP
MNL045 LP163 NP6-8,MNL045,LP163,NP6-8,MNL045 LP163,Radial Road 10,MANILA,3,1,BARANGAY 97,,,14.620701,120.964686,,,,,,,24,2022-01-27,OSP
MNL045 LP164 NP1-2,MNL045,LP164,NP1-2,MNL045 LP164,Radial Road 10,MANILA,3,1,BARANGAY 97,,,14.620701,120.964686,,,,,,,16,2022-01-27,OSP
MNL045 LP217 NP1-2,MNL045,LP217,NP1-2,MNL045 LP217,Radial Road 10,MANILA,3,1,BARANGAY 97,,,14.621418,120.964849,,,,,,,16,2022-02-14,OSP
MNL045 LP217 NP3-4,MNL045,LP217,NP3-4,MNL045 LP217,Radial Road 10,MANILA,3,1,BARANGAY 97,,,14.621418,120.964849,,,,,,,16,2022-02-14,OSP
MNL045 LP217 NP5-6,MNL045,LP217,NP5-6,MNL045 LP217,Radial Road 10,MANILA,3,1,BARANGAY 97,,,14.621761,120.964775,,,,,,,16,2022-02-14,OSP
MNL045 LP217 NP7-8,MNL045,LP217,NP7-8,MNL045 LP217,Radial Road 10,MANILA,3,1,BARANGAY 97,,,14.621761,120.964775,,,,,,,16,2022-02-14,OSP
MNL045 LP218 NP1-2,MNL045,LP218,NP1-2,MNL045 LP218,Radial Road 10,MANILA,3,1,BARANGAY 97,,,14.621717,120.964524,,,,,,,16,2022-02-14,OSP
MNL045 LP218 NP3-4,MNL045,LP218,NP3-4,MNL045 LP218,Radial Road 10,MANILA,3,1,BARANGAY 97,,,14.621717,120.964524,,,,,,,16,2022-02-14,OSP
MNL045 LP218 NP5-6,MNL045,LP218,NP5-6,MNL045 LP218,Radial Road 10,MANILA,3,1,BARANGAY 97,,,14.621655,120.964289,,,,,,,16,2022-02-14,OSP
MNL045 LP218 NP7-8,MNL045,LP218,NP7-8,MNL045 LP218,Radial Road 10,MANILA,3,1,BARANGAY 97,,,14.621655,120.964289,,,,,,,16,2022-02-14,OSP
MNL045 LP219 NP1-2,MNL045,LP219,NP1-2,MNL045 LP219,Radial Road 10,MANILA,3,1,BARANGAY 97,,,14.621539,120.96392,,,,,,,16,2022-02-14,OSP
MNL045 LP219 NP3-4,MNL045,LP219,NP3-4,MNL045 LP219,Radial Road 10,MANILA,3,1,BARANGAY 97,,,14.621539,120.96392,,,,,,,16,2022-02-14,OSP
MNL045 LP219 NP5-6,MNL045,LP219,NP5-6,MNL045 LP219,Radial Road 10,MANILA,3,1,BARANGAY 97,,,14.621885,120.963888,,,,,,,16,2022-02-14,OSP
MNL045 LP219 NP7-8,MNL045,LP219,NP7-8,MNL045 LP219,Radial Road 10,MANILA,3,1,BARANGAY 97,,,14.621885,120.963888,,,,,,,16,2022-02-14,OSP
MNL045 LP190 NP5-6,MNL045,LP190,NP5-6,MNL045 LP190,Radial Road 10,MANILA,3,1,BARANGAY 97,,,14.621016,120.963815,,,,,,,16,2022-01-27,OSP
MNL045 LP190 NP7-8,MNL045,LP190,NP7-8,MNL045 LP190,Radial Road 10,MANILA,3,1,BARANGAY 97,,,14.621016,120.963815,,,,,,,16,2022-01-27,OSP
MNL045 LP164 NP3-5,MNL045,LP164,NP3-5,MNL045 LP164,Radial Road 10,MANILA,3,1,BARANGAY 97,,,14.620753,120.965006,,,,,,,24,2022-01-27,OSP
MNL045 LP164 NP6-8,MNL045,LP164,NP6-8,MNL045 LP164,Radial Road 10,MANILA,3,1,BARANGAY 97,,,14.621105,120.96493,,,,,,,24,2022-01-27,OSP
MNL045 LP165 NP1-2,MNL045,LP165,NP1-2,MNL045 LP165,Radial Road 10,MANILA,3,1,BARANGAY 97,,,14.621105,120.96493,,,,,,,16,2022-01-27,OSP
MNL045 LP165 NP3-4,MNL045,LP165,NP3-4,MNL045 LP165,Radial Road 10,MANILA,3,1,BARANGAY 97,,,14.621053,120.964592,,,,,,,16,2022-01-27,OSP
MNL045 LP165 NP5-6,MNL045,LP165,NP5-6,MNL045 LP165,Radial Road 10,MANILA,3,1,BARANGAY 97,,,14.62101,120.964356,,,,,,,16,2022-01-27,OSP
MNL045 LP165 NP7-8,MNL045,LP165,NP7-8,MNL045 LP165,Radial Road 10,MANILA,3,1,BARANGAY 97,,,14.620976,120.964194,,,,,,,16,2022-01-27,OSP
MNL045 LP166 NP1-2,MNL045,LP166,NP1-2,MNL045 LP166,Radial Road 10,MANILA,3,1,BARANGAY 97,,,14.621016,120.963815,,,,,,,16,2022-01-27,OSP
MNL045 LP223 NP5-6,MNL045,LP223,NP5-6,MNL045 LP223,Radial Road 10,MANILA,3,1,BARANGAY 97,,,14.622071,120.964693,,,,,,,16,2022-02-14,OSP
MNL045 LP223 NP7-8,MNL045,LP223,NP7-8,MNL045 LP223,Radial Road 10,MANILA,3,1,BARANGAY 97,,,14.622071,120.964693,,,,,,,16,2022-02-14,OSP
MNL045 LP518 NP3-5,MNL045,LP518,NP3-5,MNL045 LP518,Radial Road 10,MANILA,3,1,BARANGAY 97,,,14.621858,120.965149,,,,,,,24,2023-05-22,OSP
MNL045 LP143 NP3-4,MNL045,LP143,NP3-4,MNL045 LP143,Radial Road 10,MANILA,3,1,BARANGAY 97,,,14.621851,120.96514,,,,MTF VELASQUEZ-H. LOPEZ BLVD.,,VELASQUEZ ST. MECO NPT,16,2021-08-31,OSP
MNL045 LP143 NP5-6,MNL045,LP143,NP5-6,MNL045 LP143,Radial Road 10,MANILA,3,1,BARANGAY 97,,,14.622193,120.965075,,,,MTF VELASQUEZ-H. LOPEZ BLVD.,,VELASQUEZ ST. MECO K3-1427,16,2021-08-31,OSP
MNL003 LP157 NP5-6,MNL003,LP157,NP5-6,MNL003 LP157,City Square,MANILA,3,1,BARANGAY 98,,,14.62662778,120.9623714,,,,,,,16,2018-11-29,OSP
MNL003 LP158 NP1-2,MNL003,LP158,NP1-2,MNL003 LP158,City Square,MANILA,3,1,BARANGAY 98,,,14.62775231,120.9617726,,,,,,,16,2018-11-29,OSP
MNL003 LP158 NP3-4,MNL003,LP158,NP3-4,MNL003 LP158,City Square,MANILA,3,1,BARANGAY 98,,,14.62801273,120.9617433,,,,,,,16,2018-11-29,OSP
MNL036 LP15 NP1-2,MNL036,LP15,NP1-2,MNL036 LP15,Juan Luna/ Solis,MANILA,3,1,BARANGAY 98,,,14.627286,120.962396,,,,,,,16,2020-07-30,OSP
MNL036 LP15 NP3-4-5,MNL036,LP15,NP3-4-5,MNL036 LP15,Juan Luna/ Solis,MANILA,3,1,BARANGAY 98,,,14.62759,120.962248,,,,,,,24,2020-07-30,OSP
MNL036 LP15 NP6-7-8,MNL036,LP15,NP6-7-8,MNL036 LP15,Juan Luna/ Solis,MANILA,3,1,BARANGAY 98,,,14.627949,120.962081,,,,,,,24,2020-07-30,OSP
MNL036 LP14 NP1-2,MNL036,LP14,NP1-2,MNL036 LP14,Juan Luna/ Solis,MANILA,3,1,BARANGAY 98,,,14.626626,120.962709,,,,,,,16,2020-07-30,OSP
MNL036 LP14 NP3-4-5,MNL036,LP14,NP3-4-5,MNL036 LP14,Juan Luna/ Solis,MANILA,3,1,BARANGAY 98,,,14.626872,120.962592,,,,,,,24,2020-07-30,OSP
MNL036 LP14 NP6-7-8,MNL036,LP14,NP6-7-8,MNL036 LP14,Juan Luna/ Solis,MANILA,3,1,BARANGAY 98,,,14.626998,120.962532,,,,,,,24,2020-07-30,OSP
MNL045 LP523 NP7-8,MNL045,LP523,NP7-8,MNL045 LP523,Radial Road 10,MANILA,3,1,BARANGAY 98,,,14.628008,120.961747,,,,,,,16,2023-05-08,OSP
MNL045 LP522 NP1-2,MNL045,LP522,NP1-2,MNL045 LP522,Radial Road 10,MANILA,3,1,BARANGAY 98,,,14.626455,120.962483,,,,,,,16,2023-05-08,OSP
MNL045 LP522 NP3-4,MNL045,LP522,NP3-4,MNL045 LP522,Radial Road 10,MANILA,3,1,BARANGAY 98,,,14.62708,120.962529,,,,,,,16,2023-05-08,OSP
MNL045 LP522 NP5-6,MNL045,LP522,NP5-6,MNL045 LP522,Radial Road 10,MANILA,3,1,BARANGAY 98,,,14.62734,120.96241,,,,,,,16,2023-05-08,OSP
MNL045 LP522 NP7-8,MNL045,LP522,NP7-8,MNL045 LP522,Radial Road 10,MANILA,3,1,BARANGAY 98,,,14.627597,120.962292,,,,,,,16,2023-05-08,OSP
MNL045 LP523 NP3-4,MNL045,LP523,NP3-4,MNL045 LP523,Radial Road 10,MANILA,3,1,BARANGAY 98,,,14.627276,120.961857,,,,,,,16,2023-05-08,OSP
MNL045 LP523 NP5-6,MNL045,LP523,NP5-6,MNL045 LP523,Radial Road 10,MANILA,3,1,BARANGAY 98,,,14.627662,120.961795,,,,,,,16,2023-05-08,OSP
MNL002 LP142 NP7-8,MNL002,LP142,NP7-8,MNL002 LP142,Don Quintos,MANILA,3,2,BARANGAY 587,,,14.60136693,121.0150042,,,,,,,16,2018-09-13,OSP
MNL002 LP143 NP3-4,MNL002,LP143,NP3-4,MNL002 LP143,Don Quintos,MANILA,3,2,BARANGAY 587,,,14.60048221,121.015781,,,,,,,16,2018-09-13,OSP
MNL002 LP227 NP5-6,MNL002,LP227,NP5-6,MNL002 LP227,Don Quintos,MANILA,3,2,BARANGAY 587,,,14.600772,121.013209,,,,,,,16,2019-10-02,OSP
MNL002 LP379 NP1-2,MNL002,LP379,NP1-2,MNL002 LP379,Don Quintos,MANILA,3,2,BARANGAY 587,,,14.602175,121.013087,,,,,,,16,2020-06-23,OSP
MNL002 LP379 NP5-6,MNL002,LP379,NP5-6,MNL002 LP379,Don Quintos,MANILA,3,2,BARANGAY 587,,,14.601444,121.012673,,,,,,,16,2020-06-23,OSP
MNL002 LP379 NP7-8,MNL002,LP379,NP7-8,MNL002 LP379,Don Quintos,MANILA,3,2,BARANGAY 587,,,14.599545,121.014996,,,,,,,16,2020-06-23,OSP
MNL002 LP380 NP1-2,MNL002,LP380,NP1-2,MNL002 LP380,Don Quintos,MANILA,3,2,BARANGAY 587,,,14.600543,121.013665,,,,,,,16,2020-06-23,OSP
MNL002 LP376 NP1-2,MNL002,LP376,NP1-2,MNL002 LP376,Don Quintos,MANILA,3,2,BARANGAY 587,,,14.601676,121.014904,,,,,,,16,2020-06-23,OSP
MNL002 LP376 NP3-4,MNL002,LP376,NP3-4,MNL002 LP376,Don Quintos,MANILA,3,2,BARANGAY 587,,,14.60157,121.014538,,,,,,,16,2020-06-23,OSP
MNL002 LP376 NP5-6,MNL002,LP376,NP5-6,MNL002 LP376,Don Quintos,MANILA,3,2,BARANGAY 587,,,14.601053,121.01474,,,,,,,16,2020-06-23,OSP
MNL002 LP376 NP7-8,MNL002,LP376,NP7-8,MNL002 LP376,Don Quintos,MANILA,3,2,BARANGAY 587,,,14.600594,121.014982,,,,,,,16,2020-06-23,OSP
MNL002 LP377 NP1-2,MNL002,LP377,NP1-2,MNL002 LP377,Don Quintos,MANILA,3,2,BARANGAY 587,,,14.601414,121.015007,,,,,,,16,2020-06-23,OSP
SJC001 LP20 NP5-6,SJC001,LP20,NP5-6,SJC001 LP20,Greenhills Heights,MANILA,3,2,BARANGAY 587,,,14.601355,121.012656,,,,,,,16,2015-11-29,OSP
SJC001 LP20 NP7-8,SJC001,LP20,NP7-8,SJC001 LP20,Greenhills Heights,MANILA,3,2,BARANGAY 587,,,14.601915,121.012095,,,,,,,16,2015-11-29,OSP
MNL035 LP54 NP5-6,MNL035,LP54,NP5-6,MNL035 LP54,Pureza (Legarda / Lacson),MANILA,3,2,BARANGAY 587,,,14.602219,121.011912,,,,,,,16,2021-05-29,OSP
MNL035 LP54 NP7-8,MNL035,LP54,NP7-8,MNL035 LP54,Pureza (Legarda / Lacson),MANILA,3,2,BARANGAY 587,,,14.60217,121.012879,,,,,,,16,2021-05-29,OSP
MNL035 LP55 NP1-2,MNL035,LP55,NP1-2,MNL035 LP55,Pureza (Legarda / Lacson),MANILA,3,2,BARANGAY 587,,,14.602405,121.013819,,,,,,,16,2021-05-29,OSP
MNL035 LP55 NP5-6,MNL035,LP55,NP5-6,MNL035 LP55,Pureza (Legarda / Lacson),MANILA,3,2,BARANGAY 587,,,14.601068,121.015112,,,,,,,16,2021-05-29,OSP
MNL035 LP288 NP3-4,MNL035,LP288,NP3-4,MNL035 LP288,Pureza (Legarda / Lacson),MANILA,3,2,BARANGAY 587,,,14.600257,121.015913,,,,,,,16,2021-05-29,OSP
MNL035 LP288 NP5-6,MNL035,LP288,NP5-6,MNL035 LP288,Pureza (Legarda / Lacson),MANILA,3,2,BARANGAY 587,,,14.599828,121.015929,,,,,,,16,2021-05-29,OSP
MNL035 LP288 NP7-8,MNL035,LP288,NP7-8,MNL035 LP288,Pureza (Legarda / Lacson),MANILA,3,2,BARANGAY 587,,,14.599676,121.015454,,,,,,,16,2021-05-29,OSP
MNL035 LP289 NP1-2,MNL035,LP289,NP1-2,MNL035 LP289,Pureza (Legarda / Lacson),MANILA,3,2,BARANGAY 587,,,14.599567,121.015042,,,,,,,16,2021-05-29,OSP
MNL035 LP289 NP3-4,MNL035,LP289,NP3-4,MNL035 LP289,Pureza (Legarda / Lacson),MANILA,3,2,BARANGAY 587,,,14.599805,121.014578,,,,,,,16,2021-05-29,OSP
MNL035 LP289 NP5-6,MNL035,LP289,NP5-6,MNL035 LP289,Pureza (Legarda / Lacson),MANILA,3,2,BARANGAY 587,,,14.600055,121.014221,,,,,,,16,2021-05-29,OSP
MNL035 LP289 NP7-8,MNL035,LP289,NP7-8,MNL035 LP289,Pureza (Legarda / Lacson),MANILA,3,2,BARANGAY 587,,,14.600236,121.013966,,,,,,,16,2021-05-29,OSP
MNL035 LP283 NP7-8,MNL035,LP283,NP7-8,MNL035 LP283,Pureza (Legarda / Lacson),MANILA,3,2,BARANGAY 587,,,14.601414,121.014997,,,,,,,16,2021-05-29,OSP
MNL035 LP284 NP1-2,MNL035,LP284,NP1-2,MNL035 LP284,Pureza (Legarda / Lacson),MANILA,3,2,BARANGAY 587,,,14.601574,121.01455,,,,,,,16,2021-05-29,OSP
MNL035 LP284 NP3-4,MNL035,LP284,NP3-4,MNL035 LP284,Pureza (Legarda / Lacson),MANILA,3,2,BARANGAY 587,,,14.601307,121.014667,,,,,,,16,2021-05-29,OSP
MNL035 LP284 NP5-6,MNL035,LP284,NP5-6,MNL035 LP284,Pureza (Legarda / Lacson),MANILA,3,2,BARANGAY 587,,,14.600838,121.014809,,,,,,,16,2021-05-29,OSP
MNL035 LP284 NP7-8,MNL035,LP284,NP7-8,MNL035 LP284,Pureza (Legarda / Lacson),MANILA,3,2,BARANGAY 587,,,14.600607,121.014983,,,,,,,16,2021-05-29,OSP
MNL035 LP283 NP5-6,MNL035,LP283,NP5-6,MNL035 LP283,Pureza (Legarda / Lacson),MANILA,3,2,BARANGAY 587,,,14.601679,121.014912,,,,,,,16,2021-05-29,OSP
MNL002 LP142 NP1-2,MNL002,LP142,NP1-2,MNL002 LP142,Don Quintos,MANILA,3,2,BARANGAY 587-A,,,14.60242747,121.0144921,,,,,,,16,2018-09-13,OSP
MNL002 LP142 NP3-4,MNL002,LP142,NP3-4,MNL002 LP142,Don Quintos,MANILA,3,2,BARANGAY 587-A,,,14.60262092,121.0155703,,,,,,,16,2018-09-13,OSP
MNL002 LP142 NP5-6,MNL002,LP142,NP5-6,MNL002 LP142,Don Quintos,MANILA,3,2,BARANGAY 587-A,,,14.60198274,121.014793,,,,,,,16,2018-09-13,OSP
MNL002 LP378 NP5-6,MNL002,LP378,NP5-6,MNL002 LP378,Don Quintos,MANILA,3,2,BARANGAY 587-A,,,14.602019,121.016021,,,,,,,16,2020-06-23,OSP
MNL002 LP378 NP7-8,MNL002,LP378,NP7-8,MNL002 LP378,Don Quintos,MANILA,3,2,BARANGAY 587-A,,,14.602293,121.015927,,,,,,,16,2020-06-23,OSP
SJC001 LP35 NP6,SJC001,LP35,NP6,SJC001 LP35,Greenhills Heights,MANILA,3,2,BARANGAY 587-A,,,14.601701,121.016167,,,,,,,8,2015-10-11,OSP
MNL035 LP55 NP3-4,MNL035,LP55,NP3-4,MNL035 LP55,Pureza (Legarda / Lacson),MANILA,3,2,BARANGAY 587-A,,,14.602144,121.014619,,,,,,,16,2021-05-29,OSP
MNL035 LP285 NP1-2,MNL035,LP285,NP1-2,MNL035 LP285,Pureza (Legarda / Lacson),MANILA,3,2,BARANGAY 587-A,,,14.601481,121.015344,,,,,,,16,2021-05-29,OSP
MNL035 LP285 NP3-4,MNL035,LP285,NP3-4,MNL035 LP285,Pureza (Legarda / Lacson),MANILA,3,2,BARANGAY 587-A,,,14.601634,121.01586,,,,,,,16,2021-05-29,OSP
MNL035 LP285 NP5-6,MNL035,LP285,NP5-6,MNL035 LP285,Pureza (Legarda / Lacson),MANILA,3,2,BARANGAY 587-A,,,14.601714,121.016186,,,,,,,16,2021-05-29,OSP
MNL035 LP282 NP1-2,MNL035,LP282,NP1-2,MNL035 LP282,Pureza (Legarda / Lacson),MANILA,3,2,BARANGAY 587-A,,,14.602099,121.015154,,,,,,,16,2021-05-29,OSP
MNL035 LP282 NP3-4,MNL035,LP282,NP3-4,MNL035 LP282,Pureza (Legarda / Lacson),MANILA,3,2,BARANGAY 587-A,,,14.602201,121.015495,,,,,,,16,2021-05-29,OSP
MNL035 LP282 NP5-6,MNL035,LP282,NP5-6,MNL035 LP282,Pureza (Legarda / Lacson),MANILA,3,2,BARANGAY 587-A,,,14.602292,121.015981,,,,,,,16,2021-05-29,OSP
MNL035 LP282 NP7-8,MNL035,LP282,NP7-8,MNL035 LP282,Pureza (Legarda / Lacson),MANILA,3,2,BARANGAY 587-A,,,14.601973,121.01584,,,,,,,16,2021-05-29,OSP
MNL035 LP283 NP1-2,MNL035,LP283,NP1-2,MNL035 LP283,Pureza (Legarda / Lacson),MANILA,3,2,BARANGAY 587-A,,,14.601881,121.015586,,,,,,,16,2021-05-29,OSP
MNL035 LP283 NP3-4,MNL035,LP283,NP3-4,MNL035 LP283,Pureza (Legarda / Lacson),MANILA,3,2,BARANGAY 587-A,,,14.601781,121.015242,,,,,,,16,2021-05-29,OSP
MNL002 LP143 NP1-2,MNL002,LP143,NP1-2,MNL002 LP143,Don Quintos,MANILA,3,2,BARANGAY 588,,,14.6008082,121.0152983,,,,,,,16,2018-09-13,OSP
MNL002 LP378 NP1-2,MNL002,LP378,NP1-2,MNL002 LP378,Don Quintos,MANILA,3,2,BARANGAY 588,,,14.601132,121.01635,,,,,,,16,2020-06-23,OSP
MNL002 LP378 NP3-4,MNL002,LP378,NP3-4,MNL002 LP378,Don Quintos,MANILA,3,2,BARANGAY 588,,,14.601409,121.016262,,,,,,,16,2020-06-23,OSP
MNL002 LP377 NP3-4,MNL002,LP377,NP3-4,MNL002 LP377,Don Quintos,MANILA,3,2,BARANGAY 588,,,14.600584,121.015547,,,,,,,16,2020-06-23,OSP
MNL002 LP377 NP5-6,MNL002,LP377,NP5-6,MNL002 LP377,Don Quintos,MANILA,3,2,BARANGAY 588,,,14.59995,121.016007,,,,,,,16,2020-06-23,OSP
SJC001 LP20 NP3-4,SJC001,LP20,NP3-4,SJC001 LP20,Greenhills Heights,MANILA,3,2,BARANGAY 588,,,14.599951,121.016151,,,,,,,16,2015-11-29,OSP
MNL035 LP55 NP7-8,MNL035,LP55,NP7-8,MNL035 LP55,Pureza (Legarda / Lacson),MANILA,3,2,BARANGAY 588,,,14.600585,121.01555,,,,,,,16,2021-05-29,OSP
MNL035 LP56 NP1-2,MNL035,LP56,NP1-2,MNL035 LP56,Pureza (Legarda / Lacson),MANILA,3,2,BARANGAY 588,,,14.599953,121.016005,,,,,,,16,2021-05-29,OSP
MNL035 LP56 NP3-4,MNL035,LP56,NP3-4,MNL035 LP56,Pureza (Legarda / Lacson),MANILA,3,2,BARANGAY 588,,,14.600067,121.016758,,,,,,,16,2021-05-29,OSP
MNL035 LP288 NP1-2,MNL035,LP288,NP1-2,MNL035 LP288,Pureza (Legarda / Lacson),MANILA,3,2,BARANGAY 588,,,14.60049,121.015759,,,,,,,16,2021-05-29,OSP
MNL035 LP291 NP1-2,MNL035,LP291,NP1-2,MNL035 LP291,Pureza (Legarda / Lacson),MANILA,3,2,BARANGAY 588,,,14.599975,121.01642,,,,,,,16,2021-05-29,OSP
MNL035 LP285 NP7-8,MNL035,LP285,NP7-8,MNL035 LP285,Pureza (Legarda / Lacson),MANILA,3,2,BARANGAY 588,,,14.601353,121.016046,,,,,,,16,2021-05-29,OSP
MNL035 LP286 NP1-2,MNL035,LP286,NP1-2,MNL035 LP286,Pureza (Legarda / Lacson),MANILA,3,2,BARANGAY 588,,,14.601258,121.015714,,,,,,,16,2021-05-29,OSP
MNL035 LP286 NP3-4,MNL035,LP286,NP3-4,MNL035 LP286,Pureza (Legarda / Lacson),MANILA,3,2,BARANGAY 588,,,14.601138,121.015342,,,,,,,16,2021-05-29,OSP
MNL035 LP286 NP5-6,MNL035,LP286,NP5-6,MNL035 LP286,Pureza (Legarda / Lacson),MANILA,3,2,BARANGAY 588,,,14.600794,121.015302,,,,,,,16,2021-05-29,OSP
MNL035 LP286 NP7-8,MNL035,LP286,NP7-8,MNL035 LP286,Pureza (Legarda / Lacson),MANILA,3,2,BARANGAY 588,,,14.600882,121.015584,,,,,,,16,2021-05-29,OSP
MNL035 LP287 NP1-2,MNL035,LP287,NP1-2,MNL035 LP287,Pureza (Legarda / Lacson),MANILA,3,2,BARANGAY 588,,,14.600987,121.015948,,,,,,,16,2021-05-29,OSP
MNL035 LP287 NP3-4,MNL035,LP287,NP3-4,MNL035 LP287,Pureza (Legarda / Lacson),MANILA,3,2,BARANGAY 588,,,14.601139,121.016363,,,,,,,16,2021-05-29,OSP
MNL035 LP287 NP5-6,MNL035,LP287,NP5-6,MNL035 LP287,Pureza (Legarda / Lacson),MANILA,3,2,BARANGAY 588,,,14.600712,121.016491,,,,,,,16,2021-05-29,OSP
MNL035 LP287 NP7-8,MNL035,LP287,NP7-8,MNL035 LP287,Pureza (Legarda / Lacson),MANILA,3,2,BARANGAY 588,,,14.600566,121.016291,,,,,,,16,2021-05-29,OSP
MNL002 LP143 NP5-6,MNL002,LP143,NP5-6,MNL002 LP143,Don Quintos,MANILA,3,2,BARANGAY 589,,,14.59978,121.01598,,,,,,,16,2018-09-13,OSP
MNL002 LP143 NP7-8,MNL002,LP143,NP7-8,MNL002 LP143,Don Quintos,MANILA,3,2,BARANGAY 589,,,14.59798292,121.0165239,,,,,,,16,2018-09-13,OSP
MNL002 LP144 NP1-2,MNL002,LP144,NP1-2,MNL002 LP144,Don Quintos,MANILA,3,2,BARANGAY 589,,,14.59741266,121.0166871,,,,,,,16,2018-09-13,OSP
MNL035 LP57 NP1-2,MNL035,LP57,NP1-2,MNL035 LP57,Pureza (Legarda / Lacson),MANILA,3,2,BARANGAY 589,,,14.597705,121.017442,,,,,,,16,2021-05-29,OSP
MNL035 LP57 NP3-4,MNL035,LP57,NP3-4,MNL035 LP57,Pureza (Legarda / Lacson),MANILA,3,2,BARANGAY 589,,,14.597422,121.016723,,,,,,,16,2021-05-29,OSP
MNL035 LP291 NP5-6,MNL035,LP291,NP5-6,MNL035 LP291,Pureza (Legarda / Lacson),MANILA,3,2,BARANGAY 589,,,14.599509,121.016581,,,,,,,16,2021-05-29,OSP
MNL035 LP291 NP7-8,MNL035,LP291,NP7-8,MNL035 LP291,Pureza (Legarda / Lacson),MANILA,3,2,BARANGAY 589,,,14.599274,121.016675,,,,,,,16,2021-05-29,OSP
MNL035 LP290 NP1-2,MNL035,LP290,NP1-2,MNL035 LP290,Pureza (Legarda / Lacson),MANILA,3,2,BARANGAY 589,,,14.599524,121.016043,,,,,,,16,2021-05-29,OSP
MNL035 LP290 NP3-4,MNL035,LP290,NP3-4,MNL035 LP290,Pureza (Legarda / Lacson),MANILA,3,2,BARANGAY 589,,,14.599168,121.016163,,,,,,,16,2021-05-29,OSP
MNL035 LP290 NP5-6,MNL035,LP290,NP5-6,MNL035 LP290,Pureza (Legarda / Lacson),MANILA,3,2,BARANGAY 589,,,14.598465,121.016366,,,,,,,16,2021-05-29,OSP
MNL035 LP290 NP7-8,MNL035,LP290,NP7-8,MNL035 LP290,Pureza (Legarda / Lacson),MANILA,3,2,BARANGAY 589,,,14.597802,121.016575,,,,,,,16,2021-05-29,OSP
MNL035 LP291 NP3-4,MNL035,LP291,NP3-4,MNL035 LP291,Pureza (Legarda / Lacson),MANILA,3,2,BARANGAY 589,,,14.599715,121.016502,,,,,,,16,2021-05-29,OSP
MNL002 LP226 NP3-4,MNL002,LP226,NP3-4,MNL002 LP226,Don Quintos,MANILA,3,2,BARANGAY 590,,,14.598573,121.014119,,,,,,,16,2019-10-02,OSP
MNL002 LP226 NP5-6,MNL002,LP226,NP5-6,MNL002 LP226,Don Quintos,MANILA,3,2,BARANGAY 590,,,14.598949,121.013835,,,,,,,16,2019-10-02,OSP
MNL002 LP381 NP1-2,MNL002,LP381,NP1-2,MNL002 LP381,Don Quintos,MANILA,3,2,BARANGAY 590,,,14.598645,121.014064,,,,,,,16,2020-06-23,OSP
MNL002 LP380 NP7-8,MNL002,LP380,NP7-8,MNL002 LP380,Don Quintos,MANILA,3,2,BARANGAY 590,,,14.597877,121.015273,,,,,,,16,2020-06-23,OSP
MNL035 LP66 NP3-4-5,MNL035,LP66,NP3-4-5,MNL035 LP66,Pureza (Legarda / Lacson),MANILA,3,2,BARANGAY 590,,,14.599234,121.013967,,,,,,,24,2021-05-29,OSP
MNL035 LP62 NP3-4,MNL035,LP62,NP3-4,MNL035 LP62,Pureza (Legarda / Lacson),MANILA,3,2,BARANGAY 590,,,14.598189,121.013441,,,,,,,16,2021-05-29,OSP
MNL035 LP62 NP5-6,MNL035,LP62,NP5-6,MNL035 LP62,Pureza (Legarda / Lacson),MANILA,3,2,BARANGAY 590,,,14.598402,121.013161,,,,,,,16,2021-05-29,OSP
MNL035 LP62 NP7-8,MNL035,LP62,NP7-8,MNL035 LP62,Pureza (Legarda / Lacson),MANILA,3,2,BARANGAY 590,,,14.598257,121.013981,,,,,,,16,2021-05-29,OSP
MNL035 LP63 NP1-2,MNL035,LP63,NP1-2,MNL035 LP63,Pureza (Legarda / Lacson),MANILA,3,2,BARANGAY 590,,,14.598428,121.014195,,,,,,,16,2021-05-29,OSP
MNL035 LP63 NP7-8,MNL035,LP63,NP7-8,MNL035 LP63,Pureza (Legarda / Lacson),MANILA,3,2,BARANGAY 590,,,14.598753,121.013994,,,,,,,16,2021-05-29,OSP
MNL035 LP66 NP1-2,MNL035,LP66,NP1-2,MNL035 LP66,Pureza (Legarda / Lacson),MANILA,3,2,BARANGAY 590,,,14.599065,121.013749,,,,,,,16,2021-05-29,OSP
MNL002 LP226 NP7-8,MNL002,LP226,NP7-8,MNL002 LP226,Don Quintos,MANILA,3,2,BARANGAY 591,,,14.599492,121.014153,,,,,,,16,2019-10-02,OSP
MNL002 LP227 NP1-2,MNL002,LP227,NP1-2,MNL002 LP227,Don Quintos,MANILA,3,2,BARANGAY 591,,,14.599419,121.013472,,,,,,,16,2019-10-02,OSP
MNL002 LP381 NP3-4,MNL002,LP381,NP3-4,MNL002 LP381,Don Quintos,MANILA,3,2,BARANGAY 591,,,14.599259,121.013598,,,,,,,16,2020-06-23,OSP
MNL002 LP380 NP3-4,MNL002,LP380,NP3-4,MNL002 LP380,Don Quintos,MANILA,3,2,BARANGAY 591,,,14.599392,121.01422,,,,,,,16,2020-06-23,OSP
MNL002 LP380 NP5-6,MNL002,LP380,NP5-6,MNL002 LP380,Don Quintos,MANILA,3,2,BARANGAY 591,,,14.598749,121.014681,,,,,,,16,2020-06-23,OSP
SJC001 LP37 NP1-2,SJC001,LP37,NP1-2,SJC001 LP37,Greenhills Heights,MANILA,3,2,BARANGAY 591,,,14.598714,121.014656,,,,,,,16,2015-11-29,OSP
MNL035 LP66 NP6-7-8,MNL035,LP66,NP6-7-8,MNL035 LP66,Pureza (Legarda / Lacson),MANILA,3,2,BARANGAY 591,,,14.599384,121.013512,,,,,,,24,2021-05-29,OSP
MNL035 LP67 NP1-2,MNL035,LP67,NP1-2,MNL035 LP67,Pureza (Legarda / Lacson),MANILA,3,2,BARANGAY 591,,,14.599118,121.013531,,,,,,,16,2021-05-29,OSP
MNL035 LP67 NP3-4-5,MNL035,LP67,NP3-4-5,MNL035 LP67,Pureza (Legarda / Lacson),MANILA,3,2,BARANGAY 591,,,14.598974,121.013375,,,,,,,24,2021-05-29,OSP
MNL035 LP67 NP6-7-8,MNL035,LP67,NP6-7-8,MNL035 LP67,Pureza (Legarda / Lacson),MANILA,3,2,BARANGAY 591,,,14.598883,121.013265,,,,,,,24,2021-05-29,OSP
MNL035 LP68 NP1-2,MNL035,LP68,NP1-2,MNL035 LP68,Pureza (Legarda / Lacson),MANILA,3,2,BARANGAY 591,,,14.599546,121.013404,,,,,,,16,2021-05-29,OSP
MNL035 LP68 NP3-4-5,MNL035,LP68,NP3-4-5,MNL035 LP68,Pureza (Legarda / Lacson),MANILA,3,2,BARANGAY 591,,,14.599734,121.013248,,,,,,,24,2021-05-29,OSP
MNL035 LP68 NP6-7-8,MNL035,LP68,NP6-7-8,MNL035 LP68,Pureza (Legarda / Lacson),MANILA,3,2,BARANGAY 591,,,14.599817,121.013151,,,,,,,24,2021-05-29,OSP
MNL035 LP63 NP3-4,MNL035,LP63,NP3-4,MNL035 LP63,Pureza (Legarda / Lacson),MANILA,3,2,BARANGAY 591,,,14.598747,121.014667,,,,,,,16,2021-05-29,OSP
MNL035 LP63 NP5-6,MNL035,LP63,NP5-6,MNL035 LP63,Pureza (Legarda / Lacson),MANILA,3,2,BARANGAY 591,,,14.598998,121.014486,,,,,,,16,2021-05-29,OSP
MNL035 LP64 NP1-2,MNL035,LP64,NP1-2,MNL035 LP64,Pureza (Legarda / Lacson),MANILA,3,2,BARANGAY 591,,,14.599347,121.014236,,,,,,,16,2021-05-29,OSP
MNL035 LP64 NP3-4,MNL035,LP64,NP3-4,MNL035 LP64,Pureza (Legarda / Lacson),MANILA,3,2,BARANGAY 591,,,14.599609,121.014071,,,,,,,16,2021-05-29,OSP
MNL035 LP64 NP5-6,MNL035,LP64,NP5-6,MNL035 LP64,Pureza (Legarda / Lacson),MANILA,3,2,BARANGAY 591,,,14.599821,121.013905,,,,,,,16,2021-05-29,OSP
MNL035 LP64 NP7-8,MNL035,LP64,NP7-8,MNL035 LP64,Pureza (Legarda / Lacson),MANILA,3,2,BARANGAY 591,,,14.600124,121.013707,,,,,,,16,2021-05-29,OSP
MNL035 LP65 NP1-2,MNL035,LP65,NP1-2,MNL035 LP65,Pureza (Legarda / Lacson),MANILA,3,2,BARANGAY 591,,,14.600197,121.013664,,,,,,,16,2021-05-29,OSP
MNL035 LP65 NP3-4,MNL035,LP65,NP3-4,MNL035 LP65,Pureza (Legarda / Lacson),MANILA,3,2,BARANGAY 591,,,14.600445,121.013472,,,,,,,16,2021-05-29,OSP
MNL002 LP229 NP7-8,MNL002,LP229,NP7-8,MNL002 LP229,Don Quintos,MANILA,3,2,BARANGAY 592,,,14.600975,121.01221,,,,,,,16,2020-07-30,OSP
MNL002 LP227 NP3-4,MNL002,LP227,NP3-4,MNL002 LP227,Don Quintos,MANILA,3,2,BARANGAY 592,,,14.600305,121.012783,,,,,,,16,2019-10-02,OSP
MNL002 LP227 NP7-8,MNL002,LP227,NP7-8,MNL002 LP227,Don Quintos,MANILA,3,2,BARANGAY 592,,,14.600084,121.01259,,,,,,,16,2019-10-02,OSP
MNL002 LP228 NP1-2,MNL002,LP228,NP1-2,MNL002 LP228,Don Quintos,MANILA,3,2,BARANGAY 592,,,14.599638,121.012177,,,,,,,16,2019-10-02,OSP
MNL002 LP228 NP3-4,MNL002,LP228,NP3-4,MNL002 LP228,Don Quintos,MANILA,3,2,BARANGAY 592,,,14.600063,121.011713,,,,,,,16,2019-10-02,OSP
MNL002 LP382 NP7-8,MNL002,LP382,NP7-8,MNL002 LP382,Don Quintos,MANILA,3,2,BARANGAY 592,,,14.600359,121.011316,,,,,,,16,2020-06-23,OSP
MNL002 LP383 NP1-2,MNL002,LP383,NP1-2,MNL002 LP383,Don Quintos,MANILA,3,2,BARANGAY 592,,,14.59986,121.011965,,,,,,,16,2020-06-23,OSP
MNL002 LP383 NP3-4,MNL002,LP383,NP3-4,MNL002 LP383,Don Quintos,MANILA,3,2,BARANGAY 592,,,14.599891,121.012432,,,,,,,16,2020-06-23,OSP
MNL002 LP383 NP5-6,MNL002,LP383,NP5-6,MNL002 LP383,Don Quintos,MANILA,3,2,BARANGAY 592,,,14.600974,121.012206,,,,,,,16,2020-06-23,OSP
MNL035 LP70 NP3-4,MNL035,LP70,NP3-4,MNL035 LP70,Pureza (Legarda / Lacson),MANILA,3,2,BARANGAY 592,,,14.600622,121.012373,,,,,,,16,2021-05-29,OSP
MNL035 LP70 NP5-6,MNL035,LP70,NP5-6,MNL035 LP70,Pureza (Legarda / Lacson),MANILA,3,2,BARANGAY 592,,,14.600837,121.0122,,,,,,,16,2021-05-29,OSP
MNL035 LP70 NP7-8,MNL035,LP70,NP7-8,MNL035 LP70,Pureza (Legarda / Lacson),MANILA,3,2,BARANGAY 592,,,14.600976,121.012216,,,,,,,16,2021-05-29,OSP
MNL035 LP71 NP1-2,MNL035,LP71,NP1-2,MNL035 LP71,Pureza (Legarda / Lacson),MANILA,3,2,BARANGAY 592,,,14.600148,121.012246,,,,,,,16,2021-05-29,OSP
MNL035 LP71 NP3-4,MNL035,LP71,NP3-4,MNL035 LP71,Pureza (Legarda / Lacson),MANILA,3,2,BARANGAY 592,,,14.599985,121.012135,,,,,,,16,2021-05-29,OSP
MNL035 LP71 NP5-6,MNL035,LP71,NP5-6,MNL035 LP71,Pureza (Legarda / Lacson),MANILA,3,2,BARANGAY 592,,,14.600161,121.011942,,,,,,,16,2021-05-29,OSP
MNL035 LP71 NP7-8,MNL035,LP71,NP7-8,MNL035 LP71,Pureza (Legarda / Lacson),MANILA,3,2,BARANGAY 592,,,14.600347,121.011745,,,,,,,16,2021-05-29,OSP
MNL035 LP72 NP1-2,MNL035,LP72,NP1-2,MNL035 LP72,Pureza (Legarda / Lacson),MANILA,3,2,BARANGAY 592,,,14.600522,121.011561,,,,,,,16,2021-05-29,OSP
MNL035 LP72 NP3-4-5,MNL035,LP72,NP3-4-5,MNL035 LP72,Pureza (Legarda / Lacson),MANILA,3,2,BARANGAY 592,,,14.600656,121.011863,,,,,,,24,2021-05-29,OSP
MNL035 LP72 NP6-7-8,MNL035,LP72,NP6-7-8,MNL035 LP72,Pureza (Legarda / Lacson),MANILA,3,2,BARANGAY 592,,,14.60084,121.012203,,,,,,,24,2021-05-29,OSP
MNL035 LP73 NP1-2,MNL035,LP73,NP1-2,MNL035 LP73,Pureza (Legarda / Lacson),MANILA,3,2,BARANGAY 592,,,14.59986,121.011964,,,,,,,16,2021-05-29,OSP
MNL035 LP73 NP3-4,MNL035,LP73,NP3-4,MNL035 LP73,Pureza (Legarda / Lacson),MANILA,3,2,BARANGAY 592,,,14.600129,121.01164,,,,,,,16,2021-05-29,OSP
MNL035 LP73 NP5-6,MNL035,LP73,NP5-6,MNL035 LP73,Pureza (Legarda / Lacson),MANILA,3,2,BARANGAY 592,,,14.600361,121.011327,,,,,,,16,2021-05-29,OSP
MNL035 LP69 NP1-2,MNL035,LP69,NP1-2,MNL035 LP69,Pureza (Legarda / Lacson),MANILA,3,2,BARANGAY 592,,,14.600302,121.012793,,,,,,,16,2021-05-29,OSP
MNL035 LP69 NP3-4,MNL035,LP69,NP3-4,MNL035 LP69,Pureza (Legarda / Lacson),MANILA,3,2,BARANGAY 592,,,14.6002,121.012712,,,,,,,16,2021-05-29,OSP
MNL035 LP69 NP5-6,MNL035,LP69,NP5-6,MNL035 LP69,Pureza (Legarda / Lacson),MANILA,3,2,BARANGAY 592,,,14.599853,121.0124,,,,,,,16,2021-05-29,OSP
MNL035 LP69 NP7-8,MNL035,LP69,NP7-8,MNL035 LP69,Pureza (Legarda / Lacson),MANILA,3,2,BARANGAY 592,,,14.599629,121.012182,,,,,,,16,2021-05-29,OSP
MNL035 LP70 NP1-2,MNL035,LP70,NP1-2,MNL035 LP70,Pureza (Legarda / Lacson),MANILA,3,2,BARANGAY 592,,,14.600521,121.012517,,,,,,,16,2021-05-29,OSP
MNL035 LP65 NP5-6,MNL035,LP65,NP5-6,MNL035 LP65,Pureza (Legarda / Lacson),MANILA,3,2,BARANGAY 592,,,14.60076,121.0132,,,,,,,16,2021-05-29,OSP
MNL035 LP65 NP7-8,MNL035,LP65,NP7-8,MNL035 LP65,Pureza (Legarda / Lacson),MANILA,3,2,BARANGAY 592,,,14.600569,121.013034,,,,,,,16,2021-05-29,OSP
MNL002 LP229 NP5-6,MNL002,LP229,NP5-6,MNL002 LP229,Don Quintos,MANILA,3,2,BARANGAY 593,,,14.601173,121.011842,,,,,,,16,2020-07-30,OSP
MNL002 LP228 NP5-6,MNL002,LP228,NP5-6,MNL002 LP228,Don Quintos,MANILA,3,2,BARANGAY 593,,,14.600522,121.011062,,,,,,,16,2019-10-02,OSP
MNL002 LP228 NP7-8,MNL002,LP228,NP7-8,MNL002 LP228,Don Quintos,MANILA,3,2,BARANGAY 593,,,14.601547,121.010429,,,,,,,16,2019-10-02,OSP
MNL002 LP229 NP1-2,MNL002,LP229,NP1-2,MNL002 LP229,Don Quintos,MANILA,3,2,BARANGAY 593,,,14.600921,121.011581,,,,,,,16,2019-10-02,OSP
MNL002 LP229 NP3-4,MNL002,LP229,NP3-4,MNL002 LP229,Don Quintos,MANILA,3,2,BARANGAY 593,,,14.601612,121.012287,,,,,,,16,2019-10-02,OSP
MNL002 LP382 NP1-2,MNL002,LP382,NP1-2,MNL002 LP382,Don Quintos,MANILA,3,2,BARANGAY 593,,,14.601991,121.010497,,,,,,,16,2020-06-23,OSP
MNL002 LP382 NP3-4,MNL002,LP382,NP3-4,MNL002 LP382,Don Quintos,MANILA,3,2,BARANGAY 593,,,14.601325,121.010516,,,,,,,16,2020-06-23,OSP
MNL002 LP382 NP5-6,MNL002,LP382,NP5-6,MNL002 LP382,Don Quintos,MANILA,3,2,BARANGAY 593,,,14.60099,121.010732,,,,,,,16,2020-06-23,OSP
MNL002 LP384 NP1-2,MNL002,LP384,NP1-2,MNL002 LP384,Don Quintos,MANILA,3,2,BARANGAY 593,,,14.601893,121.009241,,,,,,,16,2020-06-23,OSP
MNL002 LP379 NP3-4,MNL002,LP379,NP3-4,MNL002 LP379,Don Quintos,MANILA,3,2,BARANGAY 593,,,14.602161,121.011617,,,,,,,16,2020-06-23,OSP
MNL035 LP74 NP7-8,MNL035,LP74,NP7-8,MNL035 LP74,Pureza (Legarda / Lacson),MANILA,3,2,BARANGAY 593,,,14.601417,121.012087,,,,,,,16,2021-05-29,OSP
MNL035 LP75 NP1-2,MNL035,LP75,NP1-2,MNL035 LP75,Pureza (Legarda / Lacson),MANILA,3,2,BARANGAY 593,,,14.600757,121.010843,,,,,,,16,2021-05-29,OSP
MNL035 LP75 NP3-4-5,MNL035,LP75,NP3-4-5,MNL035 LP75,Pureza (Legarda / Lacson),MANILA,3,2,BARANGAY 593,,,14.600997,121.010728,,,,,,,24,2021-05-29,OSP
MNL035 LP75 NP6-7-8,MNL035,LP75,NP6-7-8,MNL035 LP75,Pureza (Legarda / Lacson),MANILA,3,2,BARANGAY 593,,,14.601331,121.010526,,,,,,,24,2021-05-29,OSP
MNL035 LP76 NP1-2,MNL035,LP76,NP1-2,MNL035 LP76,Pureza (Legarda / Lacson),MANILA,3,2,BARANGAY 593,,,14.601582,121.010385,,,,,,,16,2021-05-29,OSP
MNL035 LP76 NP3-4,MNL035,LP76,NP3-4,MNL035 LP76,Pureza (Legarda / Lacson),MANILA,3,2,BARANGAY 593,,,14.601507,121.010241,,,,,,,16,2021-05-29,OSP
MNL035 LP76 NP5-6,MNL035,LP76,NP5-6,MNL035 LP76,Pureza (Legarda / Lacson),MANILA,3,2,BARANGAY 593,,,14.601336,121.00991,,,,,,,16,2021-05-29,OSP
MNL035 LP76 NP7-8,MNL035,LP76,NP7-8,MNL035 LP76,Pureza (Legarda / Lacson),MANILA,3,2,BARANGAY 593,,,14.601666,121.010609,,,,,,,16,2021-05-29,OSP
MNL035 LP73 NP7-8,MNL035,LP73,NP7-8,MNL035 LP73,Pureza (Legarda / Lacson),MANILA,3,2,BARANGAY 593,,,14.600526,121.011078,,,,,,,16,2021-05-29,OSP
MNL035 LP74 NP1-2,MNL035,LP74,NP1-2,MNL035 LP74,Pureza (Legarda / Lacson),MANILA,3,2,BARANGAY 593,,,14.600666,121.011335,,,,,,,16,2021-05-29,OSP
MNL035 LP74 NP3-4,MNL035,LP74,NP3-4,MNL035 LP74,Pureza (Legarda / Lacson),MANILA,3,2,BARANGAY 593,,,14.600911,121.011569,,,,,,,16,2021-05-29,OSP
MNL035 LP74 NP5-6,MNL035,LP74,NP5-6,MNL035 LP74,Pureza (Legarda / Lacson),MANILA,3,2,BARANGAY 593,,,14.601194,121.011854,,,,,,,16,2021-05-29,OSP
MNL035 LP54 NP1-2,MNL035,LP54,NP1-2,MNL035 LP54,Pureza (Legarda / Lacson),MANILA,3,2,BARANGAY 593,,,14.601946,121.009901,,,,,,,16,2021-05-29,OSP
MNL035 LP54 NP3-4,MNL035,LP54,NP3-4,MNL035 LP54,Pureza (Legarda / Lacson),MANILA,3,2,BARANGAY 593,,,14.602005,121.010742,,,,,,,16,2021-05-29,OSP
MNL035 LP53 NP7-8,MNL035,LP53,NP7-8,MNL035 LP53,Pureza (Legarda / Lacson),MANILA,3,2,BARANGAY 593,,,14.601902,121.009226,,,,,,,16,2021-05-29,OSP
MNL002 LP179 NP5-6,MNL002,LP179,NP5-6,MNL002 LP179,Don Quintos,MANILA,3,2,BARANGAY 594,,,14.60321111,121.0175,,,,,,,16,2018-11-29,OSP
MNL002 LP179 NP7-8,MNL002,LP179,NP7-8,MNL002 LP179,Don Quintos,MANILA,3,2,BARANGAY 594,,,14.602978,121.017304,,,,,,,16,2020-11-24,OSP
MNL002 LP180 NP1-2,MNL002,LP180,NP1-2,MNL002 LP180,Don Quintos,MANILA,3,2,BARANGAY 594,,,14.6024,121.0168,,,,,,,16,2018-11-29,OSP
MNL002 LP179 NP1-2,MNL002,LP179,NP1-2,MNL002 LP179,Don Quintos,MANILA,3,2,BARANGAY 594,,,14.60239722,121.0161944,,,,,,,16,2018-11-29,OSP
MNL002 LP179 NP3-4,MNL002,LP179,NP3-4,MNL002 LP179,Don Quintos,MANILA,3,2,BARANGAY 594,,,14.60296389,121.0167,,,,,,,16,2018-11-29,OSP
SJC001 LP35 NP1-2,SJC001,LP35,NP1-2,SJC001 LP35,Greenhills Heights,MANILA,3,2,BARANGAY 594,,,14.602551,121.016208,,,,,,,16,2015-10-11,OSP
MNL035 LP88 NP1-2,MNL035,LP88,NP1-2,MNL035 LP88,Pureza (Legarda / Lacson),MANILA,3,2,BARANGAY 594,,,14.602726,121.01707,,,,,,,16,2021-05-29,OSP
MNL035 LP88 NP3-4,MNL035,LP88,NP3-4,MNL035 LP88,Pureza (Legarda / Lacson),MANILA,3,2,BARANGAY 594,,,14.602975,121.017263,,,,,,,16,2021-05-29,OSP
MNL035 LP88 NP5-6,MNL035,LP88,NP5-6,MNL035 LP88,Pureza (Legarda / Lacson),MANILA,3,2,BARANGAY 594,,,14.603229,121.017503,,,,,,,16,2021-05-29,OSP
MNL035 LP83 NP7-8,MNL035,LP83,NP7-8,MNL035 LP83,Pureza (Legarda / Lacson),MANILA,3,2,BARANGAY 594,,,14.603497,121.017321,,,,,,,16,2021-05-29,OSP
MNL035 LP84 NP1-2,MNL035,LP84,NP1-2,MNL035 LP84,Pureza (Legarda / Lacson),MANILA,3,2,BARANGAY 594,,,14.603476,121.017744,,,,,,,16,2021-05-29,OSP
MNL035 LP84 NP3-4,MNL035,LP84,NP3-4,MNL035 LP84,Pureza (Legarda / Lacson),MANILA,3,2,BARANGAY 594,,,14.603719,121.017959,,,,,,,16,2021-05-29,OSP
MNL035 LP86 NP7-8,MNL035,LP86,NP7-8,MNL035 LP86,Pureza (Legarda / Lacson),MANILA,3,2,BARANGAY 594,,,14.602426,121.0168,,,,,,,16,2021-05-29,OSP
MNL035 LP83 NP1-2,MNL035,LP83,NP1-2,MNL035 LP83,Pureza (Legarda / Lacson),MANILA,3,2,BARANGAY 594,,,14.602408,121.016209,,,,,,,16,2021-05-29,OSP
MNL035 LP83 NP3-4,MNL035,LP83,NP3-4,MNL035 LP83,Pureza (Legarda / Lacson),MANILA,3,2,BARANGAY 594,,,14.602615,121.01636,,,,,,,16,2021-05-29,OSP
MNL035 LP83 NP5-6,MNL035,LP83,NP5-6,MNL035 LP83,Pureza (Legarda / Lacson),MANILA,3,2,BARANGAY 594,,,14.602999,121.016764,,,,,,,16,2021-05-29,OSP
MNL002 LP212 NP3-4,MNL002,LP212,NP3-4,MNL002 LP212,Don Quintos,MANILA,3,2,BARANGAY 595,GARDENVILLE SUBDIVISION,,14.602758,121.019301,,,,,,,16,2019-08-30,OSP
MNL002 LP212 NP5-6,MNL002,LP212,NP5-6,MNL002 LP212,Don Quintos,MANILA,3,2,BARANGAY 595,GARDENVILLE SUBDIVISION,,14.602549,121.018659,,,,,,,16,2019-08-30,OSP
MNL002 LP212 NP7-8,MNL002,LP212,NP7-8,MNL002 LP212,Don Quintos,MANILA,3,2,BARANGAY 595,GARDENVILLE SUBDIVISION,,14.602278,121.018454,,,,,,,16,2019-08-30,OSP
MNL002 LP213 NP1-2,MNL002,LP213,NP1-2,MNL002 LP213,Don Quintos,MANILA,3,2,BARANGAY 595,GARDENVILLE SUBDIVISION,,14.602215,121.018786,,,,,,,16,2019-08-30,OSP
MNL002 LP324 NP1-2,MNL002,LP324,NP1-2,MNL002 LP324,Don Quintos,MANILA,3,2,BARANGAY 595,,,14.602277,121.01724,,,,,,,16,2020-02-12,OSP
MNL002 LP324 NP3-4,MNL002,LP324,NP3-4,MNL002 LP324,Don Quintos,MANILA,3,2,BARANGAY 595,,,14.60309,121.017874,,,,,,,16,2020-02-12,OSP
MNL002 LP324 NP5-6,MNL002,LP324,NP5-6,MNL002 LP324,Don Quintos,MANILA,3,2,BARANGAY 595,,,14.603415,121.0187,,,,,,,16,2020-02-12,OSP
MNL002 LP180 NP3-4,MNL002,LP180,NP3-4,MNL002 LP180,Don Quintos,MANILA,3,2,BARANGAY 595,,,14.602175,121.0176694,,,,,,,16,2018-11-29,OSP
MNL002 LP180 NP5-6,MNL002,LP180,NP5-6,MNL002 LP180,Don Quintos,MANILA,3,2,BARANGAY 595,,,14.60289722,121.0182889,,,,,,,16,2018-11-29,OSP
MNL002 LP212 NP1-2,MNL002,LP212,NP1-2,MNL002 LP212,Don Quintos,MANILA,3,2,BARANGAY 595,GARDENVILLE SUBDIVISION,,14.60295,121.018992,,,,,,,16,2019-08-30,OSP
MNL002 LP213 NP3-4,MNL002,LP213,NP3-4,MNL002 LP213,Don Quintos,MANILA,3,2,BARANGAY 595,GARDENVILLE SUBDIVISION,,14.60214,121.019154,,,,,,,16,2019-08-30,OSP
MNL035 LP85 NP1-2,MNL035,LP85,NP1-2,MNL035 LP85,Pureza (Legarda / Lacson),MANILA,3,2,BARANGAY 595,,,14.60343,121.0187,,,,,,,16,2021-05-29,OSP
MNL035 LP85 NP3-4,MNL035,LP85,NP3-4,MNL035 LP85,Pureza (Legarda / Lacson),MANILA,3,2,BARANGAY 595,,,14.603258,121.018516,,,,,,,16,2021-05-29,OSP
MNL035 LP85 NP5-6,MNL035,LP85,NP5-6,MNL035 LP85,Pureza (Legarda / Lacson),MANILA,3,2,BARANGAY 595,,,14.602999,121.018372,,,,,,,16,2021-05-29,OSP
MNL035 LP85 NP7-8,MNL035,LP85,NP7-8,MNL035 LP85,Pureza (Legarda / Lacson),MANILA,3,2,BARANGAY 595,,,14.602736,121.018135,,,,,,,16,2021-05-29,OSP
MNL035 LP86 NP1-2,MNL035,LP86,NP1-2,MNL035 LP86,Pureza (Legarda / Lacson),MANILA,3,2,BARANGAY 595,,,14.602487,121.017942,,,,,,,16,2021-05-29,OSP
MNL035 LP86 NP3-4,MNL035,LP86,NP3-4,MNL035 LP86,Pureza (Legarda / Lacson),MANILA,3,2,BARANGAY 595,,,14.602192,121.017668,,,,,,,16,2021-05-29,OSP
MNL035 LP86 NP5-6,MNL035,LP86,NP5-6,MNL035 LP86,Pureza (Legarda / Lacson),MANILA,3,2,BARANGAY 595,,,14.602285,121.017227,,,,,,,16,2021-05-29,OSP
MNL035 LP87 NP1-2,MNL035,LP87,NP1-2,MNL035 LP87,Pureza (Legarda / Lacson),MANILA,3,2,BARANGAY 595,,,14.602532,121.017345,,,,,,,16,2021-05-29,OSP
MNL035 LP87 NP3-4,MNL035,LP87,NP3-4,MNL035 LP87,Pureza (Legarda / Lacson),MANILA,3,2,BARANGAY 595,,,14.602793,121.017577,,,,,,,16,2021-05-29,OSP
MNL035 LP87 NP5-6,MNL035,LP87,NP5-6,MNL035 LP87,Pureza (Legarda / Lacson),MANILA,3,2,BARANGAY 595,,,14.602955,121.017728,,,,,,,16,2021-05-29,OSP
MNL035 LP87 NP7-8,MNL035,LP87,NP7-8,MNL035 LP87,Pureza (Legarda / Lacson),MANILA,3,2,BARANGAY 595,,,14.603141,121.0179,,,,,,,16,2021-05-29,OSP
MNL035 LP472 NP1-2,MNL035,LP472,NP1-2,MNL035 LP472,Pureza (Legarda / Lacson),MANILA,3,2,BARANGAY 595,GARDEN VILLE,,14.602973,121.019006,,,,,,,16,2021-05-29,OSP
MNL035 LP472 NP3-4,MNL035,LP472,NP3-4,MNL035 LP472,Pureza (Legarda / Lacson),MANILA,3,2,BARANGAY 595,GARDEN VILLE,,14.602811,121.018885,,,,,,,16,2021-05-29,OSP
MNL035 LP472 NP5-6,MNL035,LP472,NP5-6,MNL035 LP472,Pureza (Legarda / Lacson),MANILA,3,2,BARANGAY 595,GARDEN VILLE,,14.602257,121.01842,,,,,,,16,2021-05-29,OSP
MNL035 LP472 NP7-8,MNL035,LP472,NP7-8,MNL035 LP472,Pureza (Legarda / Lacson),MANILA,3,2,BARANGAY 595,GARDEN VILLE,,14.602038,121.019532,,,,,,,16,2021-05-29,OSP
MNL035 LP473 NP1-2,MNL035,LP473,NP1-2,MNL035 LP473,Pureza (Legarda / Lacson),MANILA,3,2,BARANGAY 595,GARDEN VILLE,,14.602559,121.018666,,,,,,,16,2021-05-29,OSP
MNL035 LP473 NP3-4,MNL035,LP473,NP3-4,MNL035 LP473,Pureza (Legarda / Lacson),MANILA,3,2,BARANGAY 595,GARDEN VILLE,,14.602708,121.018527,,,,,,,16,2021-05-29,OSP
MNL035 LP473 NP5-6,MNL035,LP473,NP5-6,MNL035 LP473,Pureza (Legarda / Lacson),MANILA,3,2,BARANGAY 595,GARDEN VILLE,,14.602805,121.018361,,,,,,,16,2021-05-29,OSP
MNL035 LP473 NP7-8,MNL035,LP473,NP7-8,MNL035 LP473,Pureza (Legarda / Lacson),MANILA,3,2,BARANGAY 595,GARDEN VILLE,,14.603058,121.018565,,,,,,,16,2021-05-29,OSP
MNL035 LP474 NP1-2,MNL035,LP474,NP1-2,MNL035 LP474,Pureza (Legarda / Lacson),MANILA,3,2,BARANGAY 595,GARDEN VILLE,,14.602185,121.018783,,,,,,,16,2021-05-29,OSP
MNL035 LP474 NP3-4,MNL035,LP474,NP3-4,MNL035 LP474,Pureza (Legarda / Lacson),MANILA,3,2,BARANGAY 595,GARDEN VILLE,,14.602418,121.018944,,,,,,,16,2021-05-29,OSP
MNL035 LP474 NP5-6,MNL035,LP474,NP5-6,MNL035 LP474,Pureza (Legarda / Lacson),MANILA,3,2,BARANGAY 595,GARDEN VILLE,,14.602609,121.019152,,,,,,,16,2021-05-29,OSP
MNL035 LP474 NP7-8,MNL035,LP474,NP7-8,MNL035 LP474,Pureza (Legarda / Lacson),MANILA,3,2,BARANGAY 595,GARDEN VILLE,,14.602753,121.019307,,,,,,,16,2021-05-29,OSP
MNL002 LP325 NP1-2,MNL002,LP325,NP1-2,MNL002 LP325,Don Quintos,MANILA,3,2,BARANGAY 596,,,14.601285,121.016586,,,,,,,16,2020-02-12,OSP
MNL002 LP325 NP3-4,MNL002,LP325,NP3-4,MNL002 LP325,Don Quintos,MANILA,3,2,BARANGAY 596,,,14.60086,121.016911,,,,,,,16,2020-02-12,OSP
MNL002 LP325 NP5-6,MNL002,LP325,NP5-6,MNL002 LP325,Don Quintos,MANILA,3,2,BARANGAY 596,,,14.600963,121.01727,,,,,,,16,2020-02-12,OSP
MNL002 LP325 NP7-8,MNL002,LP325,NP7-8,MNL002 LP325,Don Quintos,MANILA,3,2,BARANGAY 596,,,14.601568,121.017411,,,,,,,16,2020-02-12,OSP
MNL002 LP326 NP1-2,MNL002,LP326,NP1-2,MNL002 LP326,Don Quintos,MANILA,3,2,BARANGAY 596,,,14.601169,121.017933,,,,,,,16,2020-02-12,OSP
MNL002 LP326 NP3-4,MNL002,LP326,NP3-4,MNL002 LP326,Don Quintos,MANILA,3,2,BARANGAY 596,,,14.601478,121.018943,,,,,,,16,2020-02-12,OSP
MNL002 LP326 NP5-6,MNL002,LP326,NP5-6,MNL002 LP326,Don Quintos,MANILA,3,2,BARANGAY 596,,,14.601687,121.018119,,,,,,,16,2020-02-12,OSP
MNL002 LP326 NP7-8,MNL002,LP326,NP7-8,MNL002 LP326,Don Quintos,MANILA,3,2,BARANGAY 596,,,14.601576,121.017821,,,,,,,16,2020-02-12,OSP
MNL002 LP182 NP3-4,MNL002,LP182,NP3-4,MNL002 LP182,Don Quintos,MANILA,3,2,BARANGAY 596,,,14.60103029,121.0176022,,,,,,,16,2018-11-29,OSP
MNL002 LP181 NP1-2,MNL002,LP181,NP1-2,MNL002 LP181,Don Quintos,MANILA,3,2,BARANGAY 596,,,14.60194355,121.0163648,,,,,,,16,2018-11-29,OSP
MNL002 LP181 NP3-4,MNL002,LP181,NP3-4,MNL002 LP181,Don Quintos,MANILA,3,2,BARANGAY 596,,,14.60195482,121.0166818,,,,,,,16,2018-11-29,OSP
MNL002 LP181 NP5-6,MNL002,LP181,NP5-6,MNL002 LP181,Don Quintos,MANILA,3,2,BARANGAY 596,,,14.60187222,121.0170111,,,,,,,16,2018-11-29,OSP
MNL002 LP182 NP1-2,MNL002,LP182,NP1-2,MNL002 LP182,Don Quintos,MANILA,3,2,BARANGAY 596,,,14.60080031,121.0167021,,,,,,,16,2018-11-29,OSP
MNL035 LP79 NP6-7-8,MNL035,LP79,NP6-7-8,MNL035 LP79,Pureza (Legarda / Lacson),MANILA,3,2,BARANGAY 596,,,14.601602,121.017085,,,,,,,24,2021-05-29,OSP
MNL035 LP80 NP1-2,MNL035,LP80,NP1-2,MNL035 LP80,Pureza (Legarda / Lacson),MANILA,3,2,BARANGAY 596,,,14.601885,121.017036,,,,,,,16,2021-05-29,OSP
MNL035 LP80 NP3-4-5,MNL035,LP80,NP3-4-5,MNL035 LP80,Pureza (Legarda / Lacson),MANILA,3,2,BARANGAY 596,,,14.601801,121.017376,,,,,,,24,2021-05-29,OSP
MNL035 LP80 NP6-7-8,MNL035,LP80,NP6-7-8,MNL035 LP80,Pureza (Legarda / Lacson),MANILA,3,2,BARANGAY 596,,,14.601336,121.017523,,,,,,,24,2021-05-29,OSP
MNL035 LP81 NP1-2,MNL035,LP81,NP1-2,MNL035 LP81,Pureza (Legarda / Lacson),MANILA,3,2,BARANGAY 596,,,14.601025,121.017536,,,,,,,16,2021-05-29,OSP
MNL035 LP81 NP3-4-5,MNL035,LP81,NP3-4-5,MNL035 LP81,Pureza (Legarda / Lacson),MANILA,3,2,BARANGAY 596,,,14.601166,121.017978,,,,,,,24,2021-05-29,OSP
MNL035 LP81 NP6-7-8,MNL035,LP81,NP6-7-8,MNL035 LP81,Pureza (Legarda / Lacson),MANILA,3,2,BARANGAY 596,,,14.601665,121.017793,,,,,,,24,2021-05-29,OSP
MNL035 LP82 NP6-7-8,MNL035,LP82,NP6-7-8,MNL035 LP82,Pureza (Legarda / Lacson),MANILA,3,2,BARANGAY 596,,,14.601455,121.01897,,,,,,,24,2021-05-29,OSP
MNL035 LP77 NP1-2,MNL035,LP77,NP1-2,MNL035 LP77,Pureza (Legarda / Lacson),MANILA,3,2,BARANGAY 596,,,14.600797,121.016709,,,,,,,16,2021-05-29,OSP
MNL035 LP77 NP3-4,MNL035,LP77,NP3-4,MNL035 LP77,Pureza (Legarda / Lacson),MANILA,3,2,BARANGAY 596,,,14.600987,121.01664,,,,,,,16,2021-05-29,OSP
MNL035 LP77 NP5-6,MNL035,LP77,NP5-6,MNL035 LP77,Pureza (Legarda / Lacson),MANILA,3,2,BARANGAY 596,,,14.601414,121.016522,,,,,,,16,2021-05-29,OSP
MNL035 LP77 NP7-8,MNL035,LP77,NP7-8,MNL035 LP77,Pureza (Legarda / Lacson),MANILA,3,2,BARANGAY 596,,,14.601918,121.016362,,,,,,,16,2021-05-29,OSP
MNL035 LP78 NP1-2,MNL035,LP78,NP1-2,MNL035 LP78,Pureza (Legarda / Lacson),MANILA,3,2,BARANGAY 596,,,14.601956,121.016684,,,,,,,16,2021-05-29,OSP
MNL035 LP78 NP3-4-5,MNL035,LP78,NP3-4-5,MNL035 LP78,Pureza (Legarda / Lacson),MANILA,3,2,BARANGAY 596,,,14.601497,121.016777,,,,,,,24,2021-05-29,OSP
MNL035 LP78 NP6-7-8,MNL035,LP78,NP6-7-8,MNL035 LP78,Pureza (Legarda / Lacson),MANILA,3,2,BARANGAY 596,,,14.601072,121.016903,,,,,,,24,2021-05-29,OSP
MNL035 LP79 NP1-2,MNL035,LP79,NP1-2,MNL035 LP79,Pureza (Legarda / Lacson),MANILA,3,2,BARANGAY 596,,,14.600855,121.016975,,,,,,,16,2021-05-29,OSP
MNL035 LP79 NP3-4-5,MNL035,LP79,NP3-4-5,MNL035 LP79,Pureza (Legarda / Lacson),MANILA,3,2,BARANGAY 596,,,14.601263,121.017203,,,,,,,24,2021-05-29,OSP
MNL002 LP182 NP5-6,MNL002,LP182,NP5-6,MNL002 LP182,Don Quintos,MANILA,3,2,BARANGAY 597,,,14.60013431,121.0169015,,,,,,,16,2018-11-29,OSP
MNL002 LP183 NP1-2,MNL002,LP183,NP1-2,MNL002 LP183,Don Quintos,MANILA,3,2,BARANGAY 597,,,14.60035278,121.01765,,,,,,,16,2018-11-29,OSP
MNL002 LP183 NP7-8,MNL002,LP183,NP7-8,MNL002 LP183,Don Quintos,MANILA,3,2,BARANGAY 597,,,14.60091389,121.0193806,,,,,,,16,2018-11-29,OSP
MNL002 LP377 NP7-8,MNL002,LP377,NP7-8,MNL002 LP377,Don Quintos,MANILA,3,2,BARANGAY 597,,,14.600067,121.01676,,,,,,,16,2020-06-23,OSP
MNL035 LP94 NP1-2,MNL035,LP94,NP1-2,MNL035 LP94,Pureza (Legarda / Lacson),MANILA,3,2,BARANGAY 597,,,14.60067,121.018632,,,,,,,16,2021-05-29,OSP
MNL035 LP94 NP3-4-5,MNL035,LP94,NP3-4-5,MNL035 LP94,Pureza (Legarda / Lacson),MANILA,3,2,BARANGAY 597,,,14.600762,121.018922,,,,,,,24,2021-05-29,OSP
MNL035 LP94 NP6-7-8,MNL035,LP94,NP6-7-8,MNL035 LP94,Pureza (Legarda / Lacson),MANILA,3,2,BARANGAY 597,,,14.600891,121.019327,,,,,,,24,2021-05-29,OSP
MNL035 LP89 NP1-2,MNL035,LP89,NP1-2,MNL035 LP89,Pureza (Legarda / Lacson),MANILA,3,2,BARANGAY 597,,,14.600208,121.017183,,,,,,,16,2021-05-29,OSP
MNL035 LP89 NP3-4-5,MNL035,LP89,NP3-4-5,MNL035 LP89,Pureza (Legarda / Lacson),MANILA,3,2,BARANGAY 597,,,14.600304,121.017505,,,,,,,24,2021-05-29,OSP
MNL035 LP89 NP6-7-8,MNL035,LP89,NP6-7-8,MNL035 LP89,Pureza (Legarda / Lacson),MANILA,3,2,BARANGAY 597,,,14.600359,121.01768,,,,,,,24,2021-05-29,OSP
MNL035 LP82 NP1-2,MNL035,LP82,NP1-2,MNL035 LP82,Pureza (Legarda / Lacson),MANILA,3,2,BARANGAY 597,,,14.60124,121.01824,,,,,,,16,2021-05-29,OSP
MNL035 LP82 NP3-4-5,MNL035,LP82,NP3-4-5,MNL035 LP82,Pureza (Legarda / Lacson),MANILA,3,2,BARANGAY 597,,,14.601377,121.018736,,,,,,,24,2021-05-29,OSP
MNL035 LP130 NP6-7-8,MNL035,LP130,NP6-7-8,MNL035 LP130,Pureza (Legarda / Lacson),MANILA,3,2,BARANGAY 597,,,14.600102,121.017726,,,,,,,24,2021-05-29,OSP
MNL002 LP221 NP1-2,MNL002,LP221,NP1-2,MNL002 LP221,Don Quintos,MANILA,3,2,BARANGAY 598,,,14.59998,121.019243,,,,,,,16,2019-10-04,OSP
MNL002 LP221 NP3-4,MNL002,LP221,NP3-4,MNL002 LP221,Don Quintos,MANILA,3,2,BARANGAY 598,,,14.599864,121.02002,,,,,,,16,2019-10-04,OSP
MNL002 LP221 NP5-6,MNL002,LP221,NP5-6,MNL002 LP221,Don Quintos,MANILA,3,2,BARANGAY 598,,,14.599547,121.020577,,,,,,,16,2019-10-04,OSP
MNL002 LP221 NP7-8,MNL002,LP221,NP7-8,MNL002 LP221,Don Quintos,MANILA,3,2,BARANGAY 598,,,14.599207,121.020485,,,,,,,16,2019-10-04,OSP
MNL002 LP222 NP7-8,MNL002,LP222,NP7-8,MNL002 LP222,Don Quintos,MANILA,3,2,BARANGAY 598,,,14.599552,121.019274,,,,,,,16,2019-10-04,OSP
MNL002 LP223 NP1-2,MNL002,LP223,NP1-2,MNL002 LP223,Don Quintos,MANILA,3,2,BARANGAY 598,,,14.599598,121.021072,,,,,,,16,2019-10-04,OSP
MNL002 LP223 NP3-4,MNL002,LP223,NP3-4,MNL002 LP223,Don Quintos,MANILA,3,2,BARANGAY 598,,,14.598956,121.02096,,,,,,,16,2019-10-04,OSP
MNL002 LP223 NP5-6,MNL002,LP223,NP5-6,MNL002 LP223,Don Quintos,MANILA,3,2,BARANGAY 598,,,14.59947,121.021598,,,,,,,16,2019-10-04,OSP
MNL002 LP223 NP7-8,MNL002,LP223,NP7-8,MNL002 LP223,Don Quintos,MANILA,3,2,BARANGAY 598,,,14.599945,121.021198,,,,,,,16,2019-10-04,OSP
MNL002 LP224 NP1-2,MNL002,LP224,NP1-2,MNL002 LP224,Don Quintos,MANILA,3,2,BARANGAY 598,,,14.600365,121.021175,,,,,,,16,2019-10-04,OSP
MNL002 LP224 NP3-4,MNL002,LP224,NP3-4,MNL002 LP224,Don Quintos,MANILA,3,2,BARANGAY 598,,,14.600685,121.020683,,,,,,,16,2019-10-04,OSP
MNL002 LP224 NP5-6,MNL002,LP224,NP5-6,MNL002 LP224,Don Quintos,MANILA,3,2,BARANGAY 598,,,14.601112,121.020016,,,,,,,16,2019-10-04,OSP
MNL002 LP224 NP7-8,MNL002,LP224,NP7-8,MNL002 LP224,Don Quintos,MANILA,3,2,BARANGAY 598,,,14.601112,121.020016,,,,,,,16,2019-10-04,OSP
SJC001 LP20 NP1-2,SJC001,LP20,NP1-2,SJC001 LP20,Greenhills Heights,MANILA,3,2,BARANGAY 598,,,14.599712,121.020599,,,,,,,16,2015-11-29,OSP
MNL035 LP98 NP1-2,MNL035,LP98,NP1-2,MNL035 LP98,Pureza (Legarda / Lacson),MANILA,3,2,BARANGAY 598,,,14.600079,121.021217,,,,,,,16,2021-05-29,OSP
MNL035 LP98 NP3-4-5,MNL035,LP98,NP3-4-5,MNL035 LP98,Pureza (Legarda / Lacson),MANILA,3,2,BARANGAY 598,,,14.600126,121.021037,,,,,,,24,2021-05-29,OSP
MNL035 LP98 NP6-7-8,MNL035,LP98,NP6-7-8,MNL035 LP98,Pureza (Legarda / Lacson),MANILA,3,2,BARANGAY 598,,,14.599999,121.021434,,,,,,,24,2021-05-29,OSP
MNL035 LP99 NP1-2,MNL035,LP99,NP1-2,MNL035 LP99,Pureza (Legarda / Lacson),MANILA,3,2,BARANGAY 598,,,14.599939,121.021685,,,,,,,16,2021-05-29,OSP
MNL035 LP99 NP3-4-5,MNL035,LP99,NP3-4-5,MNL035 LP99,Pureza (Legarda / Lacson),MANILA,3,2,BARANGAY 598,,,14.600325,121.021775,,,,,,,24,2021-05-29,OSP
MNL035 LP99 NP6-7-8,MNL035,LP99,NP6-7-8,MNL035 LP99,Pureza (Legarda / Lacson),MANILA,3,2,BARANGAY 598,,,14.600186,121.021985,,,,,,,24,2021-05-29,OSP
MNL035 LP95 NP1-2,MNL035,LP95,NP1-2,MNL035 LP95,Pureza (Legarda / Lacson),MANILA,3,2,BARANGAY 598,,,14.601017,121.019779,,,,,,,16,2021-05-29,OSP
MNL035 LP95 NP3-4-5,MNL035,LP95,NP3-4-5,MNL035 LP95,Pureza (Legarda / Lacson),MANILA,3,2,BARANGAY 598,,,14.601133,121.020054,,,,,,,24,2021-05-29,OSP
MNL035 LP95 NP6-7-8,MNL035,LP95,NP6-7-8,MNL035 LP95,Pureza (Legarda / Lacson),MANILA,3,2,BARANGAY 598,,,14.600946,121.02031,,,,,,,24,2021-05-29,OSP
MNL035 LP96 NP1-2,MNL035,LP96,NP1-2,MNL035 LP96,Pureza (Legarda / Lacson),MANILA,3,2,BARANGAY 598,,,14.600863,121.020377,,,,,,,16,2021-05-29,OSP
MNL035 LP96 NP3-4-5,MNL035,LP96,NP3-4-5,MNL035 LP96,Pureza (Legarda / Lacson),MANILA,3,2,BARANGAY 598,,,14.600743,121.020597,,,,,,,24,2021-05-29,OSP
MNL035 LP96 NP6-7-8,MNL035,LP96,NP6-7-8,MNL035 LP96,Pureza (Legarda / Lacson),MANILA,3,2,BARANGAY 598,,,14.600675,121.020878,,,,,,,24,2021-05-29,OSP
MNL035 LP97 NP1-2,MNL035,LP97,NP1-2,MNL035 LP97,Pureza (Legarda / Lacson),MANILA,3,2,BARANGAY 598,,,14.600498,121.021062,,,,,,,16,2021-05-29,OSP
MNL035 LP97 NP3-4-5,MNL035,LP97,NP3-4-5,MNL035 LP97,Pureza (Legarda / Lacson),MANILA,3,2,BARANGAY 598,,,14.600362,121.0212,,,,,,,24,2021-05-29,OSP
MNL035 LP97 NP6-7-8,MNL035,LP97,NP6-7-8,MNL035 LP97,Pureza (Legarda / Lacson),MANILA,3,2,BARANGAY 598,,,14.600185,121.021244,,,,,,,24,2021-05-29,OSP
MNL035 LP100 NP1-2,MNL035,LP100,NP1-2,MNL035 LP100,Pureza (Legarda / Lacson),MANILA,3,2,BARANGAY 598,,,14.599933,121.021176,,,,,,,16,2021-05-29,OSP
MNL035 LP100 NP3-4-5,MNL035,LP100,NP3-4-5,MNL035 LP100,Pureza (Legarda / Lacson),MANILA,3,2,BARANGAY 598,,,14.600035,121.020745,,,,,,,24,2021-05-29,OSP
MNL035 LP100 NP6-7-8,MNL035,LP100,NP6-7-8,MNL035 LP100,Pureza (Legarda / Lacson),MANILA,3,2,BARANGAY 598,,,14.599856,121.021429,,,,,,,24,2021-05-29,OSP
MNL035 LP101 NP1-2,MNL035,LP101,NP1-2,MNL035 LP101,Pureza (Legarda / Lacson),MANILA,3,2,BARANGAY 598,,,14.599794,121.021656,,,,,,,16,2021-05-29,OSP
MNL035 LP101 NP3-4-5,MNL035,LP101,NP3-4-5,MNL035 LP101,Pureza (Legarda / Lacson),MANILA,3,2,BARANGAY 598,,,14.599709,121.021963,,,,,,,24,2021-05-29,OSP
MNL035 LP101 NP6-7-8,MNL035,LP101,NP6-7-8,MNL035 LP101,Pureza (Legarda / Lacson),MANILA,3,2,BARANGAY 598,,,14.599832,121.022032,,,,,,,24,2021-05-29,OSP
MNL035 LP102 NP1-2,MNL035,LP102,NP1-2,MNL035 LP102,Pureza (Legarda / Lacson),MANILA,3,2,BARANGAY 598,,,14.599557,121.021874,,,,,,,16,2021-05-29,OSP
MNL035 LP102 NP3-4-5,MNL035,LP102,NP3-4-5,MNL035 LP102,Pureza (Legarda / Lacson),MANILA,3,2,BARANGAY 598,,,14.599647,121.021611,,,,,,,24,2021-05-29,OSP
MNL035 LP102 NP6-7-8,MNL035,LP102,NP6-7-8,MNL035 LP102,Pureza (Legarda / Lacson),MANILA,3,2,BARANGAY 598,,,14.599696,121.021391,,,,,,,24,2021-05-29,OSP
MNL035 LP103 NP1-2,MNL035,LP103,NP1-2,MNL035 LP103,Pureza (Legarda / Lacson),MANILA,3,2,BARANGAY 598,,,14.599413,121.021797,,,,,,,16,2021-05-29,OSP
MNL035 LP103 NP3-4-5,MNL035,LP103,NP3-4-5,MNL035 LP103,Pureza (Legarda / Lacson),MANILA,3,2,BARANGAY 598,,,14.59949,121.021539,,,,,,,24,2021-05-29,OSP
MNL035 LP125 NP6-7-8,MNL035,LP125,NP6-7-8,MNL035 LP125,Pureza (Legarda / Lacson),MANILA,3,2,BARANGAY 598,,,14.599342,121.019231,,,,,,,24,2021-05-29,OSP
MNL035 LP126 NP1-2,MNL035,LP126,NP1-2,MNL035 LP126,Pureza (Legarda / Lacson),MANILA,3,2,BARANGAY 598,,,14.599533,121.019246,,,,,,,16,2021-05-29,OSP
MNL035 LP126 NP3-4-5,MNL035,LP126,NP3-4-5,MNL035 LP126,Pureza (Legarda / Lacson),MANILA,3,2,BARANGAY 598,,,14.599498,121.019497,,,,,,,24,2021-05-29,OSP
MNL035 LP126 NP6-7-8,MNL035,LP126,NP6-7-8,MNL035 LP126,Pureza (Legarda / Lacson),MANILA,3,2,BARANGAY 598,,,14.59943,121.019733,,,,,,,24,2021-05-29,OSP
MNL035 LP127 NP1-2,MNL035,LP127,NP1-2,MNL035 LP127,Pureza (Legarda / Lacson),MANILA,3,2,BARANGAY 598,,,14.599425,121.019832,,,,,,,16,2021-05-29,OSP
MNL035 LP127 NP3-4-5,MNL035,LP127,NP3-4-5,MNL035 LP127,Pureza (Legarda / Lacson),MANILA,3,2,BARANGAY 598,,,14.599362,121.020019,,,,,,,24,2021-05-29,OSP
MNL035 LP127 NP6-7-8,MNL035,LP127,NP6-7-8,MNL035 LP127,Pureza (Legarda / Lacson),MANILA,3,2,BARANGAY 598,,,14.599324,121.020212,,,,,,,24,2021-05-29,OSP
MNL035 LP120 NP3-4-5,MNL035,LP120,NP3-4-5,MNL035 LP120,Pureza (Legarda / Lacson),MANILA,3,2,BARANGAY 598,,,14.598905,121.019786,,,,,,,24,2021-05-29,OSP
MNL035 LP120 NP6-7-8,MNL035,LP120,NP6-7-8,MNL035 LP120,Pureza (Legarda / Lacson),MANILA,3,2,BARANGAY 598,,,14.599024,121.019697,,,,,,,24,2021-05-29,OSP
MNL035 LP113 NP6-7-8,MNL035,LP113,NP6-7-8,MNL035 LP113,Pureza (Legarda / Lacson),MANILA,3,2,BARANGAY 598,,,14.599382,121.020511,,,,,,,24,2021-05-29,OSP
MNL035 LP114 NP1-2,MNL035,LP114,NP1-2,MNL035 LP114,Pureza (Legarda / Lacson),MANILA,3,2,BARANGAY 598,,,14.599319,121.020732,,,,,,,16,2021-05-29,OSP
MNL035 LP114 NP3-4-5,MNL035,LP114,NP3-4-5,MNL035 LP114,Pureza (Legarda / Lacson),MANILA,3,2,BARANGAY 598,,,14.599223,121.021041,,,,,,,24,2021-05-29,OSP
MNL035 LP114 NP6-7-8,MNL035,LP114,NP6-7-8,MNL035 LP114,Pureza (Legarda / Lacson),MANILA,3,2,BARANGAY 598,,,14.599088,121.021,,,,,,,24,2021-05-29,OSP
MNL035 LP115 NP1-2,MNL035,LP115,NP1-2,MNL035 LP115,Pureza (Legarda / Lacson),MANILA,3,2,BARANGAY 598,,,14.599191,121.020683,,,,,,,16,2021-05-29,OSP
MNL035 LP115 NP3-4-5,MNL035,LP115,NP3-4-5,MNL035 LP115,Pureza (Legarda / Lacson),MANILA,3,2,BARANGAY 598,,,14.599244,121.020502,,,,,,,24,2021-05-29,OSP
MNL035 LP115 NP6-7-8,MNL035,LP115,NP6-7-8,MNL035 LP115,Pureza (Legarda / Lacson),MANILA,3,2,BARANGAY 598,,,14.599078,121.020448,,,,,,,24,2021-05-29,OSP
MNL035 LP116 NP1-2,MNL035,LP116,NP1-2,MNL035 LP116,Pureza (Legarda / Lacson),MANILA,3,2,BARANGAY 598,,,14.599054,121.020613,,,,,,,16,2021-05-29,OSP
MNL035 LP116 NP3-4-5,MNL035,LP116,NP3-4-5,MNL035 LP116,Pureza (Legarda / Lacson),MANILA,3,2,BARANGAY 598,,,14.599016,121.020764,,,,,,,24,2021-05-29,OSP
MNL035 LP116 NP6-7-8,MNL035,LP116,NP6-7-8,MNL035 LP116,Pureza (Legarda / Lacson),MANILA,3,2,BARANGAY 598,,,14.598942,121.020962,,,,,,,24,2021-05-29,OSP
MNL035 LP117 NP1-2,MNL035,LP117,NP1-2,MNL035 LP117,Pureza (Legarda / Lacson),MANILA,3,2,BARANGAY 598,,,14.598927,121.020412,,,,,,,16,2021-05-29,OSP
MNL035 LP117 NP3-4-5,MNL035,LP117,NP3-4-5,MNL035 LP117,Pureza (Legarda / Lacson),MANILA,3,2,BARANGAY 598,,,14.598884,121.020659,,,,,,,24,2021-05-29,OSP
MNL035 LP117 NP6-7-8,MNL035,LP117,NP6-7-8,MNL035 LP117,Pureza (Legarda / Lacson),MANILA,3,2,BARANGAY 598,,,14.598799,121.020922,,,,,,,24,2021-05-29,OSP
MNL035 LP118 NP3-4-5,MNL035,LP118,NP3-4-5,MNL035 LP118,Pureza (Legarda / Lacson),MANILA,3,2,BARANGAY 598,,,14.598737,121.020617,,,,,,,24,2021-05-29,OSP
MNL035 LP118 NP6-7-8,MNL035,LP118,NP6-7-8,MNL035 LP118,Pureza (Legarda / Lacson),MANILA,3,2,BARANGAY 598,,,14.598665,121.020862,,,,,,,24,2021-05-29,OSP
MNL035 LP109 NP3-4-5,MNL035,LP109,NP3-4-5,MNL035 LP109,Pureza (Legarda / Lacson),MANILA,3,2,BARANGAY 598,,,14.600032,121.019163,,,,,,,24,2021-05-29,OSP
MNL035 LP109 NP6-7-8,MNL035,LP109,NP6-7-8,MNL035 LP109,Pureza (Legarda / Lacson),MANILA,3,2,BARANGAY 598,,,14.600076,121.019096,,,,,,,24,2021-05-29,OSP
MNL035 LP110 NP1-2,MNL035,LP110,NP1-2,MNL035 LP110,Pureza (Legarda / Lacson),MANILA,3,2,BARANGAY 598,,,14.600141,121.018997,,,,,,,16,2021-05-29,OSP
MNL035 LP110 NP3-4-5,MNL035,LP110,NP3-4-5,MNL035 LP110,Pureza (Legarda / Lacson),MANILA,3,2,BARANGAY 598,,,14.600302,121.018764,,,,,,,24,2021-05-29,OSP
MNL035 LP110 NP6-7-8,MNL035,LP110,NP6-7-8,MNL035 LP110,Pureza (Legarda / Lacson),MANILA,3,2,BARANGAY 598,,,14.600452,121.01866,,,,,,,24,2021-05-29,OSP
MNL035 LP111 NP1-2,MNL035,LP111,NP1-2,MNL035 LP111,Pureza (Legarda / Lacson),MANILA,3,2,BARANGAY 598,,,14.600129,121.019375,,,,,,,16,2021-05-29,OSP
MNL035 LP111 NP3-4-5,MNL035,LP111,NP3-4-5,MNL035 LP111,Pureza (Legarda / Lacson),MANILA,3,2,BARANGAY 598,,,14.600315,121.019464,,,,,,,24,2021-05-29,OSP
MNL035 LP111 NP6-7-8,MNL035,LP111,NP6-7-8,MNL035 LP111,Pureza (Legarda / Lacson),MANILA,3,2,BARANGAY 598,,,14.600441,121.019568,,,,,,,24,2021-05-29,OSP
MNL035 LP112 NP1-2,MNL035,LP112,NP1-2,MNL035 LP112,Pureza (Legarda / Lacson),MANILA,3,2,BARANGAY 598,,,14.600571,121.01965,,,,,,,16,2021-05-29,OSP
MNL035 LP112 NP3-4-5,MNL035,LP112,NP3-4-5,MNL035 LP112,Pureza (Legarda / Lacson),MANILA,3,2,BARANGAY 598,,,14.600479,121.019795,,,,,,,24,2021-05-29,OSP
MNL035 LP112 NP6-7-8,MNL035,LP112,NP6-7-8,MNL035 LP112,Pureza (Legarda / Lacson),MANILA,3,2,BARANGAY 598,,,14.600393,121.019931,,,,,,,24,2021-05-29,OSP
MNL035 LP113 NP1-2,MNL035,LP113,NP1-2,MNL035 LP113,Pureza (Legarda / Lacson),MANILA,3,2,BARANGAY 598,,,14.599535,121.020559,,,,,,,16,2021-05-29,OSP
MNL035 LP113 NP3-4-5,MNL035,LP113,NP3-4-5,MNL035 LP113,Pureza (Legarda / Lacson),MANILA,3,2,BARANGAY 598,,,14.599484,121.020804,,,,,,,24,2021-05-29,OSP
MNL035 LP103 NP6-7-8,MNL035,LP103,NP6-7-8,MNL035 LP103,Pureza (Legarda / Lacson),MANILA,3,2,BARANGAY 598,,,14.599559,121.021296,,,,,,,24,2021-05-29,OSP
MNL035 LP104 NP1-2,MNL035,LP104,NP1-2,MNL035 LP104,Pureza (Legarda / Lacson),MANILA,3,2,BARANGAY 598,,,14.599773,121.021134,,,,,,,16,2021-05-29,OSP
MNL035 LP104 NP3-4-5,MNL035,LP104,NP3-4-5,MNL035 LP104,Pureza (Legarda / Lacson),MANILA,3,2,BARANGAY 598,,,14.599827,121.020903,,,,,,,24,2021-05-29,OSP
MNL035 LP104 NP6-7-8,MNL035,LP104,NP6-7-8,MNL035 LP104,Pureza (Legarda / Lacson),MANILA,3,2,BARANGAY 598,,,14.599619,121.021079,,,,,,,24,2021-05-29,OSP
MNL035 LP105 NP1-2,MNL035,LP105,NP1-2,MNL035 LP105,Pureza (Legarda / Lacson),MANILA,3,2,BARANGAY 598,,,14.599868,121.020678,,,,,,,16,2021-05-29,OSP
MNL035 LP105 NP3-4-5,MNL035,LP105,NP3-4-5,MNL035 LP105,Pureza (Legarda / Lacson),MANILA,3,2,BARANGAY 598,,,14.599937,121.020399,,,,,,,24,2021-05-29,OSP
MNL035 LP105 NP6-7-8,MNL035,LP105,NP6-7-8,MNL035 LP105,Pureza (Legarda / Lacson),MANILA,3,2,BARANGAY 598,,,14.599995,121.020142,,,,,,,24,2021-05-29,OSP
MNL035 LP106 NP1-2,MNL035,LP106,NP1-2,MNL035 LP106,Pureza (Legarda / Lacson),MANILA,3,2,BARANGAY 598,,,14.599664,121.020897,,,,,,,16,2021-05-29,OSP
MNL035 LP106 NP3-4-5,MNL035,LP106,NP3-4-5,MNL035 LP106,Pureza (Legarda / Lacson),MANILA,3,2,BARANGAY 598,,,14.599727,121.020634,,,,,,,24,2021-05-29,OSP
MNL035 LP106 NP6-7-8,MNL035,LP106,NP6-7-8,MNL035 LP106,Pureza (Legarda / Lacson),MANILA,3,2,BARANGAY 598,,,14.599815,121.020301,,,,,,,24,2021-05-29,OSP
MNL035 LP107 NP1-2,MNL035,LP107,NP1-2,MNL035 LP107,Pureza (Legarda / Lacson),MANILA,3,2,BARANGAY 598,,,14.599894,121.02002,,,,,,,16,2021-05-29,OSP
MNL035 LP107 NP3-4-5,MNL035,LP107,NP3-4-5,MNL035 LP107,Pureza (Legarda / Lacson),MANILA,3,2,BARANGAY 598,,,14.599963,121.019772,,,,,,,24,2021-05-29,OSP
MNL035 LP107 NP6-7-8,MNL035,LP107,NP6-7-8,MNL035 LP107,Pureza (Legarda / Lacson),MANILA,3,2,BARANGAY 598,,,14.60003,121.019539,,,,,,,24,2021-05-29,OSP
MNL035 LP108 NP1-2,MNL035,LP108,NP1-2,MNL035 LP108,Pureza (Legarda / Lacson),MANILA,3,2,BARANGAY 598,,,14.599711,121.019996,,,,,,,16,2021-05-29,OSP
MNL035 LP108 NP3-4-5,MNL035,LP108,NP3-4-5,MNL035 LP108,Pureza (Legarda / Lacson),MANILA,3,2,BARANGAY 598,,,14.599543,121.019953,,,,,,,24,2021-05-29,OSP
MNL035 LP108 NP6-7-8,MNL035,LP108,NP6-7-8,MNL035 LP108,Pureza (Legarda / Lacson),MANILA,3,2,BARANGAY 598,,,14.599471,121.020239,,,,,,,24,2021-05-29,OSP
MNL035 LP109 NP1-2,MNL035,LP109,NP1-2,MNL035 LP109,Pureza (Legarda / Lacson),MANILA,3,2,BARANGAY 598,,,14.600011,121.019233,,,,,,,16,2021-05-29,OSP
MNL002 LP216 NP1-2,MNL002,LP216,NP1-2,MNL002 LP216,Don Quintos,MANILA,3,2,BARANGAY 599,,,14.599475,121.016969,,,,,,,16,2019-10-04,OSP
MNL002 LP183 NP3-4,MNL002,LP183,NP3-4,MNL002 LP183,Don Quintos,MANILA,3,2,BARANGAY 599,,,14.60046667,121.0180611,,,,,,,16,2018-11-29,OSP
MNL002 LP183 NP5-6,MNL002,LP183,NP5-6,MNL002 LP183,Don Quintos,MANILA,3,2,BARANGAY 599,,,14.60059167,121.0183611,,,,,,,16,2018-11-29,OSP
MNL035 LP92 NP3-4-5,MNL035,LP92,NP3-4-5,MNL035 LP92,Pureza (Legarda / Lacson),MANILA,3,2,BARANGAY 599,,,14.600385,121.018404,,,,,,,24,2021-05-29,OSP
MNL035 LP92 NP6-7-8,MNL035,LP92,NP6-7-8,MNL035 LP92,Pureza (Legarda / Lacson),MANILA,3,2,BARANGAY 599,,,14.600279,121.018565,,,,,,,24,2021-05-29,OSP
MNL035 LP93 NP1-2,MNL035,LP93,NP1-2,MNL035 LP93,Pureza (Legarda / Lacson),MANILA,3,2,BARANGAY 599,,,14.600122,121.018743,,,,,,,16,2021-05-29,OSP
MNL035 LP93 NP3-4-5,MNL035,LP93,NP3-4-5,MNL035 LP93,Pureza (Legarda / Lacson),MANILA,3,2,BARANGAY 599,,,14.60002,121.018886,,,,,,,24,2021-05-29,OSP
MNL035 LP93 NP6-7-8,MNL035,LP93,NP6-7-8,MNL035 LP93,Pureza (Legarda / Lacson),MANILA,3,2,BARANGAY 599,,,14.599918,121.019052,,,,,,,24,2021-05-29,OSP
MNL035 LP90 NP1-2,MNL035,LP90,NP1-2,MNL035 LP90,Pureza (Legarda / Lacson),MANILA,3,2,BARANGAY 599,,,14.600496,121.018062,,,,,,,16,2021-05-29,OSP
MNL035 LP90 NP3-4-5,MNL035,LP90,NP3-4-5,MNL035 LP90,Pureza (Legarda / Lacson),MANILA,3,2,BARANGAY 599,,,14.600207,121.018337,,,,,,,24,2021-05-29,OSP
MNL035 LP90 NP6-7-8,MNL035,LP90,NP6-7-8,MNL035 LP90,Pureza (Legarda / Lacson),MANILA,3,2,BARANGAY 599,,,14.600083,121.018518,,,,,,,24,2021-05-29,OSP
MNL035 LP91 NP1-2,MNL035,LP91,NP1-2,MNL035 LP91,Pureza (Legarda / Lacson),MANILA,3,2,BARANGAY 599,,,14.600021,121.018653,,,,,,,16,2021-05-29,OSP
MNL035 LP91 NP3-4-5,MNL035,LP91,NP3-4-5,MNL035 LP91,Pureza (Legarda / Lacson),MANILA,3,2,BARANGAY 599,,,14.599886,121.01881,,,,,,,24,2021-05-29,OSP
MNL035 LP91 NP6-7-8,MNL035,LP91,NP6-7-8,MNL035 LP91,Pureza (Legarda / Lacson),MANILA,3,2,BARANGAY 599,,,14.599798,121.018979,,,,,,,24,2021-05-29,OSP
MNL035 LP92 NP1-2,MNL035,LP92,NP1-2,MNL035 LP92,Pureza (Legarda / Lacson),MANILA,3,2,BARANGAY 599,,,14.60058,121.018331,,,,,,,16,2021-05-29,OSP
MNL035 LP56 NP5-6,MNL035,LP56,NP5-6,MNL035 LP56,Pureza (Legarda / Lacson),MANILA,3,2,BARANGAY 599,,,14.599377,121.017002,,,,,,,16,2021-05-29,OSP
MNL035 LP56 NP7-8,MNL035,LP56,NP7-8,MNL035 LP56,Pureza (Legarda / Lacson),MANILA,3,2,BARANGAY 599,,,14.598575,121.017246,,,,,,,16,2021-05-29,OSP
MNL035 LP138 NP1-2,MNL035,LP138,NP1-2,MNL035 LP138,Pureza (Legarda / Lacson),MANILA,3,2,BARANGAY 599,,,14.599377,121.017002,,,,,,,16,2021-05-29,OSP
MNL035 LP138 NP3-4,MNL035,LP138,NP3-4,MNL035 LP138,Pureza (Legarda / Lacson),MANILA,3,2,BARANGAY 599,,,14.599103,121.017086,,,,,,,16,2021-05-29,OSP
MNL035 LP138 NP5-6,MNL035,LP138,NP5-6,MNL035 LP138,Pureza (Legarda / Lacson),MANILA,3,2,BARANGAY 599,,,14.598575,121.017245,,,,,,,16,2021-05-29,OSP
MNL035 LP129 NP3-4-5,MNL035,LP129,NP3-4-5,MNL035 LP129,Pureza (Legarda / Lacson),MANILA,3,2,BARANGAY 599,,,14.599602,121.018051,,,,,,,24,2021-05-29,OSP
MNL035 LP129 NP6-7-8,MNL035,LP129,NP6-7-8,MNL035 LP129,Pureza (Legarda / Lacson),MANILA,3,2,BARANGAY 599,,,14.599404,121.018161,,,,,,,24,2021-05-29,OSP
MNL035 LP130 NP1-2,MNL035,LP130,NP1-2,MNL035 LP130,Pureza (Legarda / Lacson),MANILA,3,2,BARANGAY 599,,,14.599522,121.017922,,,,,,,16,2021-05-29,OSP
MNL035 LP130 NP3-4-5,MNL035,LP130,NP3-4-5,MNL035 LP130,Pureza (Legarda / Lacson),MANILA,3,2,BARANGAY 599,,,14.599818,121.017845,,,,,,,24,2021-05-29,OSP
MNL035 LP131 NP1-2,MNL035,LP131,NP1-2,MNL035 LP131,Pureza (Legarda / Lacson),MANILA,3,2,BARANGAY 599,,,14.599108,121.018276,,,,,,,16,2021-05-29,OSP
MNL035 LP131 NP3-4-5,MNL035,LP131,NP3-4-5,MNL035 LP131,Pureza (Legarda / Lacson),MANILA,3,2,BARANGAY 599,,,14.598869,121.01832,,,,,,,24,2021-05-29,OSP
MNL035 LP131 NP6-7-8,MNL035,LP131,NP6-7-8,MNL035 LP131,Pureza (Legarda / Lacson),MANILA,3,2,BARANGAY 599,,,14.598763,121.018373,,,,,,,24,2021-05-29,OSP
MNL035 LP132 NP1-2,MNL035,LP132,NP1-2,MNL035 LP132,Pureza (Legarda / Lacson),MANILA,3,2,BARANGAY 599,,,14.598705,121.018117,,,,,,,16,2021-05-29,OSP
MNL035 LP132 NP3-4-5,MNL035,LP132,NP3-4-5,MNL035 LP132,Pureza (Legarda / Lacson),MANILA,3,2,BARANGAY 599,,,14.598614,121.01783,,,,,,,24,2021-05-29,OSP
MNL035 LP123 NP6-7-8,MNL035,LP123,NP6-7-8,MNL035 LP123,Pureza (Legarda / Lacson),MANILA,3,2,BARANGAY 599,,,14.598379,121.018274,,,,,,,24,2021-05-29,OSP
MNL035 LP128 NP1-2,MNL035,LP128,NP1-2,MNL035 LP128,Pureza (Legarda / Lacson),MANILA,3,2,BARANGAY 599,,,14.599351,121.018831,,,,,,,16,2021-05-29,OSP
MNL035 LP128 NP3-4-5,MNL035,LP128,NP3-4-5,MNL035 LP128,Pureza (Legarda / Lacson),MANILA,3,2,BARANGAY 599,,,14.599435,121.01864,,,,,,,24,2021-05-29,OSP
MNL035 LP128 NP6-7-8,MNL035,LP128,NP6-7-8,MNL035 LP128,Pureza (Legarda / Lacson),MANILA,3,2,BARANGAY 599,,,14.599613,121.018434,,,,,,,24,2021-05-29,OSP
MNL035 LP129 NP1-2,MNL035,LP129,NP1-2,MNL035 LP129,Pureza (Legarda / Lacson),MANILA,3,2,BARANGAY 599,,,14.599617,121.018187,,,,,,,16,2021-05-29,OSP
MNL002 LP222 NP1-2,MNL002,LP222,NP1-2,MNL002 LP222,Don Quintos,MANILA,3,2,BARANGAY 600,,,14.598727,121.020341,,,,,,,16,2019-10-04,OSP
MNL002 LP222 NP3-4,MNL002,LP222,NP3-4,MNL002 LP222,Don Quintos,MANILA,3,2,BARANGAY 600,,,14.598456,121.019169,,,,,,,16,2019-10-04,OSP
MNL002 LP222 NP5-6,MNL002,LP222,NP5-6,MNL002 LP222,Don Quintos,MANILA,3,2,BARANGAY 600,,,14.598763,121.019193,,,,,,,16,2019-10-04,OSP
MNL002 LP216 NP3-4,MNL002,LP216,NP3-4,MNL002 LP216,Don Quintos,MANILA,3,2,BARANGAY 600,,,14.597621,121.017734,,,,,,,16,2019-10-04,OSP
SJC001 LP35 NP3-4,SJC001,LP35,NP3-4,SJC001 LP35,Greenhills Heights,MANILA,3,2,BARANGAY 600,,,14.597782,121.017651,,,,,,,16,2015-10-11,OSP
SJC001 LP35 NP5,SJC001,LP35,NP5,SJC001 LP35,Greenhills Heights,MANILA,3,2,BARANGAY 600,,,14.597221,121.018281,,,,,,,8,2015-10-11,OSP
MNL035 LP139 NP1-2,MNL035,LP139,NP1-2,MNL035 LP139,Pureza (Legarda / Lacson),MANILA,3,2,BARANGAY 600,,,14.597145,121.018314,,,,,,,16,2021-05-29,OSP
MNL035 LP138 NP7-8,MNL035,LP138,NP7-8,MNL035 LP138,Pureza (Legarda / Lacson),MANILA,3,2,BARANGAY 600,,,14.597578,121.017783,,,,,,,16,2021-05-29,OSP
MNL035 LP132 NP6-7-8,MNL035,LP132,NP6-7-8,MNL035 LP132,Pureza (Legarda / Lacson),MANILA,3,2,BARANGAY 600,,,14.598539,121.017594,,,,,,,24,2021-05-29,OSP
MNL035 LP124 NP1-2,MNL035,LP124,NP1-2,MNL035 LP124,Pureza (Legarda / Lacson),MANILA,3,2,BARANGAY 600,,,14.598713,121.019174,,,,,,,16,2021-05-29,OSP
MNL035 LP124 NP3-4-5,MNL035,LP124,NP3-4-5,MNL035 LP124,Pureza (Legarda / Lacson),MANILA,3,2,BARANGAY 600,,,14.598936,121.019206,,,,,,,24,2021-05-29,OSP
MNL035 LP124 NP6-7-8,MNL035,LP124,NP6-7-8,MNL035 LP124,Pureza (Legarda / Lacson),MANILA,3,2,BARANGAY 600,,,14.599062,121.019223,,,,,,,24,2021-05-29,OSP
MNL035 LP125 NP1-2,MNL035,LP125,NP1-2,MNL035 LP125,Pureza (Legarda / Lacson),MANILA,3,2,BARANGAY 600,,,14.599148,121.019193,,,,,,,16,2021-05-29,OSP
MNL035 LP125 NP3-4-5,MNL035,LP125,NP3-4-5,MNL035 LP125,Pureza (Legarda / Lacson),MANILA,3,2,BARANGAY 600,,,14.59918,121.019247,,,,,,,24,2021-05-29,OSP
MNL035 LP119 NP3-4-5,MNL035,LP119,NP3-4-5,MNL035 LP119,Pureza (Legarda / Lacson),MANILA,3,2,BARANGAY 600,,,14.598682,121.020072,,,,,,,24,2021-05-29,OSP
MNL035 LP119 NP6-7-8,MNL035,LP119,NP6-7-8,MNL035 LP119,Pureza (Legarda / Lacson),MANILA,3,2,BARANGAY 600,,,14.598623,121.019931,,,,,,,24,2021-05-29,OSP
MNL035 LP120 NP1-2,MNL035,LP120,NP1-2,MNL035 LP120,Pureza (Legarda / Lacson),MANILA,3,2,BARANGAY 600,,,14.598801,121.019846,,,,,,,16,2021-05-29,OSP
MNL035 LP121 NP1-2,MNL035,LP121,NP1-2,MNL035 LP121,Pureza (Legarda / Lacson),MANILA,3,2,BARANGAY 600,,,14.598591,121.019749,,,,,,,16,2021-05-29,OSP
MNL035 LP121 NP3-4-5,MNL035,LP121,NP3-4-5,MNL035 LP121,Pureza (Legarda / Lacson),MANILA,3,2,BARANGAY 600,,,14.598522,121.019567,,,,,,,24,2021-05-29,OSP
MNL035 LP121 NP6-7-8,MNL035,LP121,NP6-7-8,MNL035 LP121,Pureza (Legarda / Lacson),MANILA,3,2,BARANGAY 600,,,14.598498,121.019436,,,,,,,24,2021-05-29,OSP
MNL035 LP122 NP1-2,MNL035,LP122,NP1-2,MNL035 LP122,Pureza (Legarda / Lacson),MANILA,3,2,BARANGAY 600,,,14.598464,121.019167,,,,,,,16,2021-05-29,OSP
MNL035 LP122 NP3-4-5,MNL035,LP122,NP3-4-5,MNL035 LP122,Pureza (Legarda / Lacson),MANILA,3,2,BARANGAY 600,,,14.59819,121.019018,,,,,,,24,2021-05-29,OSP
MNL035 LP122 NP6-7-8,MNL035,LP122,NP6-7-8,MNL035 LP122,Pureza (Legarda / Lacson),MANILA,3,2,BARANGAY 600,,,14.598044,121.018755,,,,,,,24,2021-05-29,OSP
MNL035 LP123 NP1-2,MNL035,LP123,NP1-2,MNL035 LP123,Pureza (Legarda / Lacson),MANILA,3,2,BARANGAY 600,,,14.598313,121.018685,,,,,,,16,2021-05-29,OSP
MNL035 LP123 NP3-4-5,MNL035,LP123,NP3-4-5,MNL035 LP123,Pureza (Legarda / Lacson),MANILA,3,2,BARANGAY 600,,,14.598492,121.018631,,,,,,,24,2021-05-29,OSP
MNL035 LP118 NP1-2,MNL035,LP118,NP1-2,MNL035 LP118,Pureza (Legarda / Lacson),MANILA,3,2,BARANGAY 600,,,14.598799,121.020343,,,,,,,16,2021-05-29,OSP
MNL035 LP119 NP1-2,MNL035,LP119,NP1-2,MNL035 LP119,Pureza (Legarda / Lacson),MANILA,3,2,BARANGAY 600,,,14.598764,121.020242,,,,,,,16,2021-05-29,OSP
MNL002 LP217 NP7-8,MNL002,LP217,NP7-8,MNL002 LP217,Don Quintos,MANILA,3,2,BARANGAY 601,,,14.597544,121.019872,,,,,,,16,2020-07-29,OSP
MNL002 LP218 NP1-2,MNL002,LP218,NP1-2,MNL002 LP218,Don Quintos,MANILA,3,2,BARANGAY 601,,,14.596229,121.020391,,,,,,,16,2019-10-04,OSP
MNL002 LP218 NP3-4,MNL002,LP218,NP3-4,MNL002 LP218,Don Quintos,MANILA,3,2,BARANGAY 601,,,14.59714,121.022042,,,,,,,16,2019-10-04,OSP
MNL002 LP218 NP5-6,MNL002,LP218,NP5-6,MNL002 LP218,Don Quintos,MANILA,3,2,BARANGAY 601,,,14.597538,121.022904,,,,,,,16,2019-10-04,OSP
MNL002 LP218 NP7-8,MNL002,LP218,NP7-8,MNL002 LP218,Don Quintos,MANILA,3,2,BARANGAY 601,,,14.598141,121.02297,,,,,,,16,2019-10-04,OSP
MNL002 LP219 NP1-2,MNL002,LP219,NP1-2,MNL002 LP219,Don Quintos,MANILA,3,2,BARANGAY 601,,,14.598852,121.022473,,,,,,,16,2019-10-04,OSP
MNL002 LP219 NP3-4,MNL002,LP219,NP3-4,MNL002 LP219,Don Quintos,MANILA,3,2,BARANGAY 601,,,14.599338,121.021969,,,,,,,16,2019-10-04,OSP
MNL002 LP219 NP5-6,MNL002,LP219,NP5-6,MNL002 LP219,Don Quintos,MANILA,3,2,BARANGAY 601,,,14.599955,121.022292,,,,,,,16,2019-10-04,OSP
MNL002 LP219 NP7-8,MNL002,LP219,NP7-8,MNL002 LP219,Don Quintos,MANILA,3,2,BARANGAY 601,,,14.599209,121.023414,,,,,,,16,2019-10-04,OSP
MNL002 LP220 NP1-2,MNL002,LP220,NP1-2,MNL002 LP220,Don Quintos,MANILA,3,2,BARANGAY 601,,,14.598577,121.023788,,,,,,,16,2019-10-04,OSP
MNL002 LP220 NP3-4,MNL002,LP220,NP3-4,MNL002 LP220,Don Quintos,MANILA,3,2,BARANGAY 601,,,14.598295,121.023314,,,,,,,16,2020-07-29,OSP
MNL002 LP220 NP5-6,MNL002,LP220,NP5-6,MNL002 LP220,Don Quintos,MANILA,3,2,BARANGAY 601,,,14.59887,121.023616,,,,,,,16,2020-07-29,OSP
MNL002 LP220 NP7-8,MNL002,LP220,NP7-8,MNL002 LP220,Don Quintos,MANILA,3,2,BARANGAY 601,,,14.598547,121.023042,,,,,,,16,2020-07-29,OSP
MNL002 LP216 NP5-6,MNL002,LP216,NP5-6,MNL002 LP216,Don Quintos,MANILA,3,2,BARANGAY 601,,,14.597043,121.01848,,,,,,,16,2019-10-04,OSP
MNL002 LP216 NP7-8,MNL002,LP216,NP7-8,MNL002 LP216,Don Quintos,MANILA,3,2,BARANGAY 601,,,14.596499,121.019239,,,,,,,16,2019-10-04,OSP
MNL002 LP217 NP1-2,MNL002,LP217,NP1-2,MNL002 LP217,Don Quintos,MANILA,3,2,BARANGAY 601,,,14.596992,121.020096,,,,,,,16,2019-10-04,OSP
MNL002 LP217 NP3-4,MNL002,LP217,NP3-4,MNL002 LP217,Don Quintos,MANILA,3,2,BARANGAY 601,,,14.597247,121.020721,,,,,,,16,2019-10-04,OSP
MNL002 LP217 NP5-6,MNL002,LP217,NP5-6,MNL002 LP217,Don Quintos,MANILA,3,2,BARANGAY 601,,,14.597279,121.019919,,,,,,,16,2019-10-04,OSP
MNL002 LP385 NP1,MNL002,LP385,NP1,MNL002 LP385,Don Quintos,MANILA,3,2,BARANGAY 601,,SHANGHAI GLOBAL CORPORATION,14.597001,121.019633,MNL065,3F,TELCOM ROOM,,,,,2021-03-04,ISP
SJC001 LP36 NP1-2,SJC001,LP36,NP1-2,SJC001 LP36,Greenhills Heights,MANILA,3,2,BARANGAY 601,,,14.596204,121.020561,,,,,,,16,2015-10-11,OSP
SJC001 LP35 NP7-8,SJC001,LP35,NP7-8,SJC001 LP35,Greenhills Heights,MANILA,3,2,BARANGAY 601,,,14.59612222,121.019679,,,,,,,16,2015-10-11,OSP
MNL050 LP3 NP1,MNL050,LP3,NP1,MNL050 LP3,Hampstead Condominium,MANILA,3,2,BARANGAY 601,,HAMPSTEAD GARDENS CONDOMINIUM (NARRA BUILDING),14.597690,121.022446,,GF,FIRE EXIT,MNL152P,,,,2021-08-30,ISP
MNL050 LP4 NP3,MNL050,LP4,NP3,MNL050 LP4,Hampstead Condominium,MANILA,3,2,BARANGAY 601,,HAMPSTEAD GARDENS CONDOMINIUM (ACACIA BUILDING),14.597835,121.022702,,3F,FIRE EXIT,MNL150P,,,,2021-08-30,ISP
MNL050 LP1 NP5,MNL050,LP1,NP5,MNL050 LP1,Hampstead Condominium,MANILA,3,2,BARANGAY 601,,HAMPSTEAD GARDENS CONDOMINIUM (MOLAVE BUILDING),14.598135,121.022138,,6F,EE ROOM BUILDING A,MNL050,,,,2021-08-30,ISP
MNL050 LP4 NP2,MNL050,LP4,NP2,MNL050 LP4,Hampstead Condominium,MANILA,3,2,BARANGAY 601,,HAMPSTEAD GARDENS CONDOMINIUM (ACACIA BUILDING),14.597835,121.022702,,2F,FIRE EXIT,MNL150P,,,,2021-08-30,ISP
MNL050 LP5 NP1,MNL050,LP5,NP1,MNL050 LP5,Hampstead Condominium,MANILA,3,2,BARANGAY 601,,HAMPSTEAD GARDENS CONDOMINIUM (IPIL BUILDING),14.598258,121.022481,,GF,FIRE EXIT,MNL151P,,,,2021-08-30,ISP
MNL050 LP2 NP3,MNL050,LP2,NP3,MNL050 LP2,Hampstead Condominium,MANILA,3,2,BARANGAY 601,,HAMPSTEAD GARDENS CONDOMINIUM (MOLAVE BUILDING),14.598135,121.022138,,11F,FIRE EXIT,MNL050,,,,2021-08-30,ISP
MNL050 LP4 NP1,MNL050,LP4,NP1,MNL050 LP4,Hampstead Condominium,MANILA,3,2,BARANGAY 601,,HAMPSTEAD GARDENS CONDOMINIUM (ACACIA BUILDING),14.597835,121.022702,,GF,FIRE EXIT,MNL150P,,,,2021-08-30,ISP
MNL050 LP2 NP5,MNL050,LP2,NP5,MNL050 LP2,Hampstead Condominium,MANILA,3,2,BARANGAY 601,,HAMPSTEAD GARDENS CONDOMINIUM (MOLAVE BUILDING),14.598135,121.022138,,14F,FIRE EXIT,MNL050,,,,2021-08-30,ISP
MNL050 LP3 NP4,MNL050,LP3,NP4,MNL050 LP3,Hampstead Condominium,MANILA,3,2,BARANGAY 601,,HAMPSTEAD GARDENS CONDOMINIUM (NARRA BUILDING),14.597690,121.022446,,GF,FIRE EXIT,MNL152P,,,,2021-08-30,ISP
MNL050 LP1 NP3,MNL050,LP1,NP3,MNL050 LP1,Hampstead Condominium,MANILA,3,2,BARANGAY 601,,HAMPSTEAD GARDENS CONDOMINIUM (MOLAVE BUILDING),14.598135,121.022138,,4F,EE ROOM BUILDING A,MNL050,,,,2021-08-30,ISP
MNL050 LP4 NP5,MNL050,LP4,NP5,MNL050 LP4,Hampstead Condominium,MANILA,3,2,BARANGAY 601,,HAMPSTEAD GARDENS CONDOMINIUM (ACACIA BUILDING),14.597835,121.022702,,5F,FIRE EXIT,MNL150P,,,,2021-08-30,ISP
MNL050 LP3 NP3,MNL050,LP3,NP3,MNL050 LP3,Hampstead Condominium,MANILA,3,2,BARANGAY 601,,HAMPSTEAD GARDENS CONDOMINIUM (NARRA BUILDING),14.597690,121.022446,,GF,FIRE EXIT,MNL152P,,,,2021-08-30,ISP
MNL050 LP4 NP4,MNL050,LP4,NP4,MNL050 LP4,Hampstead Condominium,MANILA,3,2,BARANGAY 601,,HAMPSTEAD GARDENS CONDOMINIUM (ACACIA BUILDING),14.597835,121.022702,,4F,FIRE EXIT,MNL150P,,,,2021-08-30,ISP
MNL050 LP5 NP5,MNL050,LP5,NP5,MNL050 LP5,Hampstead Condominium,MANILA,3,2,BARANGAY 601,,HAMPSTEAD GARDENS CONDOMINIUM (IPIL BUILDING),14.598258,121.022481,,5F,FIRE EXIT,MNL151P,,,,2021-08-30,ISP
MNL050 LP2 NP2,MNL050,LP2,NP2,MNL050 LP2,Hampstead Condominium,MANILA,3,2,BARANGAY 601,,HAMPSTEAD GARDENS CONDOMINIUM (MOLAVE BUILDING),14.598135,121.022138,,10F,FIRE EXIT,MNL050,,,,2021-08-30,ISP
MNL050 LP2 NP4,MNL050,LP2,NP4,MNL050 LP2,Hampstead Condominium,MANILA,3,2,BARANGAY 601,,HAMPSTEAD GARDENS CONDOMINIUM (MOLAVE BUILDING),14.598135,121.022138,,12F,FIRE EXIT,MNL050,,,,2021-08-30,ISP
MNL050 LP3 NP2,MNL050,LP3,NP2,MNL050 LP3,Hampstead Condominium,MANILA,3,2,BARANGAY 601,,HAMPSTEAD GARDENS CONDOMINIUM (NARRA BUILDING),14.597690,121.022446,,GF,FIRE EXIT,MNL152P,,,,2021-08-30,ISP
MNL050 LP5 NP4,MNL050,LP5,NP4,MNL050 LP5,Hampstead Condominium,MANILA,3,2,BARANGAY 601,,HAMPSTEAD GARDENS CONDOMINIUM (IPIL BUILDING),14.598258,121.022481,,4F,FIRE EXIT,MNL151P,,,,2021-08-30,ISP
MNL050 LP1 NP2,MNL050,LP1,NP2,MNL050 LP1,Hampstead Condominium,MANILA,3,2,BARANGAY 601,,HAMPSTEAD GARDENS CONDOMINIUM (MOLAVE BUILDING),14.598135,121.022138,,3F,EE ROOM BUILDING A,MNL050,,,,2021-08-30,ISP
MNL050 LP1 NP1,MNL050,LP1,NP1,MNL050 LP1,Hampstead Condominium,MANILA,3,2,BARANGAY 601,,HAMPSTEAD GARDENS CONDOMINIUM (MOLAVE BUILDING),14.598135,121.022138,,2F,EE ROOM BUILDING A,MNL050,,,,2021-08-30,ISP
MNL050 LP5 NP3,MNL050,LP5,NP3,MNL050 LP5,Hampstead Condominium,MANILA,3,2,BARANGAY 601,,HAMPSTEAD GARDENS CONDOMINIUM (IPIL BUILDING),14.598258,121.022481,,3F,FIRE EXIT,MNL151P,,,,2021-08-30,ISP
MNL050 LP1 NP4,MNL050,LP1,NP4,MNL050 LP1,Hampstead Condominium,MANILA,3,2,BARANGAY 601,,HAMPSTEAD GARDENS CONDOMINIUM (MOLAVE BUILDING),14.598135,121.022138,,5F,EE ROOM BUILDING A,MNL050,,,,2021-08-30,ISP
MNL050 LP5 NP2,MNL050,LP5,NP2,MNL050 LP5,Hampstead Condominium,MANILA,3,2,BARANGAY 601,,HAMPSTEAD GARDENS CONDOMINIUM (IPIL BUILDING),14.598258,121.022481,,2F,FIRE EXIT,MNL151P,,,,2021-08-30,ISP
MNL050 LP2 NP1,MNL050,LP2,NP1,MNL050 LP2,Hampstead Condominium,MANILA,3,2,BARANGAY 601,,HAMPSTEAD GARDENS CONDOMINIUM (MOLAVE BUILDING),14.598135,121.022138,,8F,FIRE EXIT,MNL050,,,,2021-08-30,ISP
MNL035 LP306 NP3-4,MNL035,LP306,NP3-4,MNL035 LP306,Pureza (Legarda / Lacson),MANILA,3,2,BARANGAY 601,,,14.598234,121.024002,,,,,,,16,2021-05-29,OSP
MNL035 LP306 NP5-6,MNL035,LP306,NP5-6,MNL035 LP306,Pureza (Legarda / Lacson),MANILA,3,2,BARANGAY 601,,,14.59783,121.023455,,,,,,,16,2021-05-29,OSP
MNL035 LP294 NP3-4,MNL035,LP294,NP3-4,MNL035 LP294,Pureza (Legarda / Lacson),MANILA,3,2,BARANGAY 601,,,14.596898,121.018461,,,,,,,16,2021-05-29,OSP
MNL035 LP146 NP7-8,MNL035,LP146,NP7-8,MNL035 LP146,Pureza (Legarda / Lacson),MANILA,3,2,BARANGAY 601,,,14.59783,121.023455,,,,,,,16,2021-05-29,OSP
MNL035 LP142 NP3-4,MNL035,LP142,NP3-4,MNL035 LP142,Pureza (Legarda / Lacson),MANILA,3,2,BARANGAY 601,,,14.59732,121.020034,,,,,,,16,2021-05-29,OSP
MNL035 LP142 NP5-6,MNL035,LP142,NP5-6,MNL035 LP142,Pureza (Legarda / Lacson),MANILA,3,2,BARANGAY 601,,,14.597275,121.01992,,,,,,,16,2021-05-29,OSP
MNL035 LP143 NP1-2,MNL035,LP143,NP1-2,MNL035 LP143,Pureza (Legarda / Lacson),MANILA,3,2,BARANGAY 601,,,14.596821,121.019883,,,,,,,16,2021-05-29,OSP
MNL035 LP143 NP3-4,MNL035,LP143,NP3-4,MNL035 LP143,Pureza (Legarda / Lacson),MANILA,3,2,BARANGAY 601,,,14.597006,121.020084,,,,,,,16,2021-05-29,OSP
MNL035 LP143 NP5-6,MNL035,LP143,NP5-6,MNL035 LP143,Pureza (Legarda / Lacson),MANILA,3,2,BARANGAY 601,,,14.597109,121.020328,,,,,,,16,2021-05-29,OSP
MNL035 LP143 NP7-8,MNL035,LP143,NP7-8,MNL035 LP143,Pureza (Legarda / Lacson),MANILA,3,2,BARANGAY 601,,,14.597176,121.02061,,,,,,,16,2021-05-29,OSP
MNL035 LP144 NP1-2,MNL035,LP144,NP1-2,MNL035 LP144,Pureza (Legarda / Lacson),MANILA,3,2,BARANGAY 601,,,14.596136,121.019701,,,,,,,16,2021-05-29,OSP
MNL035 LP144 NP3-4,MNL035,LP144,NP3-4,MNL035 LP144,Pureza (Legarda / Lacson),MANILA,3,2,BARANGAY 601,,,14.596387,121.020707,,,,,,,16,2021-05-29,OSP
MNL035 LP144 NP5-6,MNL035,LP144,NP5-6,MNL035 LP144,Pureza (Legarda / Lacson),MANILA,3,2,BARANGAY 601,,,14.59678,121.021413,,,,,,,16,2021-05-29,OSP
MNL035 LP144 NP7-8,MNL035,LP144,NP7-8,MNL035 LP144,Pureza (Legarda / Lacson),MANILA,3,2,BARANGAY 601,,,14.597125,121.022061,,,,,,,16,2021-05-29,OSP
MNL035 LP145 NP1-2,MNL035,LP145,NP1-2,MNL035 LP145,Pureza (Legarda / Lacson),MANILA,3,2,BARANGAY 601,,,14.597239,121.02195,,,,,,,16,2021-05-29,OSP
MNL035 LP145 NP3-4,MNL035,LP145,NP3-4,MNL035 LP145,Pureza (Legarda / Lacson),MANILA,3,2,BARANGAY 601,,,14.597495,121.021716,,,,,,,16,2021-05-29,OSP
MNL035 LP145 NP5-6,MNL035,LP145,NP5-6,MNL035 LP145,Pureza (Legarda / Lacson),MANILA,3,2,BARANGAY 601,,,14.597825,121.021438,,,,,,,16,2021-05-29,OSP
MNL035 LP145 NP7-8,MNL035,LP145,NP7-8,MNL035 LP145,Pureza (Legarda / Lacson),MANILA,3,2,BARANGAY 601,,,14.59807,121.0213,,,,,,,16,2021-05-29,OSP
MNL035 LP146 NP1-2,MNL035,LP146,NP1-2,MNL035 LP146,Pureza (Legarda / Lacson),MANILA,3,2,BARANGAY 601,,,14.597219,121.02236,,,,,,,16,2021-05-29,OSP
MNL035 LP146 NP3-4,MNL035,LP146,NP3-4,MNL035 LP146,Pureza (Legarda / Lacson),MANILA,3,2,BARANGAY 601,,,14.597446,121.022763,,,,,,,16,2021-05-29,OSP
MNL035 LP139 NP3-4,MNL035,LP139,NP3-4,MNL035 LP139,Pureza (Legarda / Lacson),MANILA,3,2,BARANGAY 601,,,14.596932,121.018614,,,,,,,16,2021-05-29,OSP
MNL035 LP139 NP5-6,MNL035,LP139,NP5-6,MNL035 LP139,Pureza (Legarda / Lacson),MANILA,3,2,BARANGAY 601,,,14.596536,121.019161,,,,,,,16,2021-05-29,OSP
MNL035 LP139 NP7-8,MNL035,LP139,NP7-8,MNL035 LP139,Pureza (Legarda / Lacson),MANILA,3,2,BARANGAY 601,,,14.596308,121.01947,,,,,,,16,2021-05-29,OSP
MNL035 LP140 NP1-2,MNL035,LP140,NP1-2,MNL035 LP140,Pureza (Legarda / Lacson),MANILA,3,2,BARANGAY 601,,,14.597158,121.018999,,,,,,,16,2021-05-29,OSP
MNL035 LP140 NP3-4,MNL035,LP140,NP3-4,MNL035 LP140,Pureza (Legarda / Lacson),MANILA,3,2,BARANGAY 601,,,14.59727,121.019289,,,,,,,16,2021-05-29,OSP
MNL035 LP140 NP5-6,MNL035,LP140,NP5-6,MNL035 LP140,Pureza (Legarda / Lacson),MANILA,3,2,BARANGAY 601,,,14.597405,121.019769,,,,,,,16,2021-05-29,OSP
MNL035 LP140 NP7-8,MNL035,LP140,NP7-8,MNL035 LP140,Pureza (Legarda / Lacson),MANILA,3,2,BARANGAY 601,,,14.597585,121.019952,,,,,,,16,2021-05-29,OSP
MNL035 LP141 NP1-2,MNL035,LP141,NP1-2,MNL035 LP141,Pureza (Legarda / Lacson),MANILA,3,2,BARANGAY 601,,,14.597716,121.020354,,,,,,,16,2021-05-29,OSP
MNL035 LP141 NP3-4,MNL035,LP141,NP3-4,MNL035 LP141,Pureza (Legarda / Lacson),MANILA,3,2,BARANGAY 601,,,14.597863,121.020818,,,,,,,16,2021-05-29,OSP
MNL035 LP141 NP5-6,MNL035,LP141,NP5-6,MNL035 LP141,Pureza (Legarda / Lacson),MANILA,3,2,BARANGAY 601,,,14.597602,121.020913,,,,,,,16,2021-05-29,OSP
MNL035 LP141 NP7-8,MNL035,LP141,NP7-8,MNL035 LP141,Pureza (Legarda / Lacson),MANILA,3,2,BARANGAY 601,,,14.597604,121.02083,,,,,,,16,2021-05-29,OSP
MNL035 LP142 NP1-2,MNL035,LP142,NP1-2,MNL035 LP142,Pureza (Legarda / Lacson),MANILA,3,2,BARANGAY 601,,,14.5975,121.020571,,,,,,,16,2021-05-29,OSP
MNL035 LP133 NP5-6,MNL035,LP133,NP5-6,MNL035 LP133,Pureza (Legarda / Lacson),MANILA,3,2,BARANGAY 601,,,14.598501,121.022537,,,,,,,16,2021-05-29,OSP
MNL035 LP133 NP7-8,MNL035,LP133,NP7-8,MNL035 LP133,Pureza (Legarda / Lacson),MANILA,3,2,BARANGAY 601,,,14.598491,121.022451,,,,,,,16,2021-05-29,OSP
MNL035 LP134 NP1-2,MNL035,LP134,NP1-2,MNL035 LP134,Pureza (Legarda / Lacson),MANILA,3,2,BARANGAY 601,,,14.598628,121.022396,,,,,,,16,2021-05-29,OSP
MNL035 LP134 NP3-4-5,MNL035,LP134,NP3-4-5,MNL035 LP134,Pureza (Legarda / Lacson),MANILA,3,2,BARANGAY 601,,,14.598786,121.02225,,,,,,,24,2021-05-29,OSP
MNL035 LP134 NP6-7-8,MNL035,LP134,NP6-7-8,MNL035 LP134,Pureza (Legarda / Lacson),MANILA,3,2,BARANGAY 601,,,14.598962,121.022058,,,,,,,24,2021-05-29,OSP
MNL035 LP135 NP1-2,MNL035,LP135,NP1-2,MNL035 LP135,Pureza (Legarda / Lacson),MANILA,3,2,BARANGAY 601,,,14.599057,121.021899,,,,,,,16,2021-05-29,OSP
MNL035 LP136 NP1-2,MNL035,LP136,NP1-2,MNL035 LP136,Pureza (Legarda / Lacson),MANILA,3,2,BARANGAY 601,,,14.598403,121.022155,,,,,,,16,2021-05-29,OSP
MNL035 LP136 NP3-4,MNL035,LP136,NP3-4,MNL035 LP136,Pureza (Legarda / Lacson),MANILA,3,2,BARANGAY 601,,,14.598315,121.021884,,,,,,,16,2021-05-29,OSP
MNL035 LP136 NP5-6,MNL035,LP136,NP5-6,MNL035 LP136,Pureza (Legarda / Lacson),MANILA,3,2,BARANGAY 601,,,14.598457,121.021843,,,,,,,16,2021-05-29,OSP
MNL035 LP136 NP7-8,MNL035,LP136,NP7-8,MNL035 LP136,Pureza (Legarda / Lacson),MANILA,3,2,BARANGAY 601,,,14.598272,121.021741,,,,,,,16,2021-05-29,OSP
MNL035 LP137 NP1-2,MNL035,LP137,NP1-2,MNL035 LP137,Pureza (Legarda / Lacson),MANILA,3,2,BARANGAY 601,,,14.59861,121.021651,,,,,,,16,2021-05-29,OSP
MNL035 LP137 NP3-4,MNL035,LP137,NP3-4,MNL035 LP137,Pureza (Legarda / Lacson),MANILA,3,2,BARANGAY 601,,,14.5987,121.021732,,,,,,,16,2021-05-29,OSP
MNL035 LP137 NP5-6,MNL035,LP137,NP5-6,MNL035 LP137,Pureza (Legarda / Lacson),MANILA,3,2,BARANGAY 601,,,14.598746,121.02159,,,,,,,16,2021-05-29,OSP
MNL035 LP133 NP1-2,MNL035,LP133,NP1-2,MNL035 LP133,Pureza (Legarda / Lacson),MANILA,3,2,BARANGAY 601,,,14.598075,121.022788,,,,,,,16,2021-05-29,OSP
MNL035 LP133 NP3-4,MNL035,LP133,NP3-4,MNL035 LP133,Pureza (Legarda / Lacson),MANILA,3,2,BARANGAY 601,,,14.59832,121.022649,,,,,,,16,2021-05-29,OSP
MNL035 LP311 NP5-6,MNL035,LP311,NP5-6,MNL035 LP311,Pureza (Legarda / Lacson),MANILA,3,2,BARANGAY 601,LANDCOM VILLAGE,,14.598101,121.022964,,,,,,,16,2021-05-29,OSP
MNL035 LP311 NP7-8,MNL035,LP311,NP7-8,MNL035 LP311,Pureza (Legarda / Lacson),MANILA,3,2,BARANGAY 601,LANDCOM VILLAGE,,14.598415,121.022798,,,,,,,16,2021-05-29,OSP
MNL035 LP312 NP1-2,MNL035,LP312,NP1-2,MNL035 LP312,Pureza (Legarda / Lacson),MANILA,3,2,BARANGAY 601,LANDCOM VILLAGE,,14.598744,121.023382,,,,,,,16,2021-05-29,OSP
MNL035 LP312 NP3-4,MNL035,LP312,NP3-4,MNL035 LP312,Pureza (Legarda / Lacson),MANILA,3,2,BARANGAY 601,LANDCOM VILLAGE,,14.598874,121.023604,,,,,,,16,2021-05-29,OSP
MNL035 LP312 NP5-6,MNL035,LP312,NP5-6,MNL035 LP312,Pureza (Legarda / Lacson),MANILA,3,2,BARANGAY 601,LANDCOM VILLAGE,,14.599164,121.023493,,,,,,,16,2021-05-29,OSP
MNL035 LP312 NP7-8,MNL035,LP312,NP7-8,MNL035 LP312,Pureza (Legarda / Lacson),MANILA,3,2,BARANGAY 601,LANDCOM VILLAGE,,14.599435,121.023164,,,,,,,16,2021-05-29,OSP
MNL035 LP313 NP1-2,MNL035,LP313,NP1-2,MNL035 LP313,Pureza (Legarda / Lacson),MANILA,3,2,BARANGAY 601,LANDCOM VILLAGE,,14.599641,121.022885,,,,,,,16,2021-05-29,OSP
MNL035 LP313 NP3-4,MNL035,LP313,NP3-4,MNL035 LP313,Pureza (Legarda / Lacson),MANILA,3,2,BARANGAY 601,LANDCOM VILLAGE,,14.599848,121.02253,,,,,,,16,2021-05-29,OSP
MNL035 LP313 NP5-6,MNL035,LP313,NP5-6,MNL035 LP313,Pureza (Legarda / Lacson),MANILA,3,2,BARANGAY 601,LANDCOM VILLAGE,,14.599977,121.022306,,,,,,,16,2021-05-29,OSP
MNL035 LP313 NP7-8,MNL035,LP313,NP7-8,MNL035 LP313,Pureza (Legarda / Lacson),MANILA,3,2,BARANGAY 601,LANDCOM VILLAGE,,14.599571,121.022446,,,,,,,16,2021-05-29,OSP
MNL035 LP314 NP1-2,MNL035,LP314,NP1-2,MNL035 LP314,Pureza (Legarda / Lacson),MANILA,3,2,BARANGAY 601,LANDCOM VILLAGE,,14.599392,121.022653,,,,,,,16,2021-05-29,OSP
MNL035 LP314 NP3-4,MNL035,LP314,NP3-4,MNL035 LP314,Pureza (Legarda / Lacson),MANILA,3,2,BARANGAY 601,LANDCOM VILLAGE,,14.599169,121.023036,,,,,,,16,2021-05-29,OSP
MNL035 LP314 NP5-6,MNL035,LP314,NP5-6,MNL035 LP314,Pureza (Legarda / Lacson),MANILA,3,2,BARANGAY 601,LANDCOM VILLAGE,,14.59906,121.023172,,,,,,,16,2021-05-29,OSP
MNL035 LP314 NP7-8,MNL035,LP314,NP7-8,MNL035 LP314,Pureza (Legarda / Lacson),MANILA,3,2,BARANGAY 601,LANDCOM VILLAGE,,14.598879,121.022915,,,,,,,16,2021-05-29,OSP
MNL035 LP315 NP1-2,MNL035,LP315,NP1-2,MNL035 LP315,Pureza (Legarda / Lacson),MANILA,3,2,BARANGAY 601,LANDCOM VILLAGE,,14.598779,121.022669,,,,,,,16,2021-05-29,OSP
MNL035 LP315 NP3-4,MNL035,LP315,NP3-4,MNL035 LP315,Pureza (Legarda / Lacson),MANILA,3,2,BARANGAY 601,LANDCOM VILLAGE,,14.599036,121.022387,,,,,,,16,2021-05-29,OSP
MNL035 LP315 NP5-6,MNL035,LP315,NP5-6,MNL035 LP315,Pureza (Legarda / Lacson),MANILA,3,2,BARANGAY 601,LANDCOM VILLAGE,,14.599246,121.02212,,,,,,,16,2021-05-29,OSP
MNL035 LP315 NP7-8,MNL035,LP315,NP7-8,MNL035 LP315,Pureza (Legarda / Lacson),MANILA,3,2,BARANGAY 601,LANDCOM VILLAGE,,14.599289,121.021947,,,,,,,16,2021-05-29,OSP
MNL035 LP311 NP1-2,MNL035,LP311,NP1-2,MNL035 LP311,Pureza (Legarda / Lacson),MANILA,3,2,BARANGAY 601,LANDCOM VILLAGE,,14.598294,121.02331,,,,,,,16,2021-05-29,OSP
MNL035 LP311 NP3-4,MNL035,LP311,NP3-4,MNL035 LP311,Pureza (Legarda / Lacson),MANILA,3,2,BARANGAY 601,LANDCOM VILLAGE,,14.598509,121.023797,,,,,,,16,2021-05-29,OSP
SJC001 LP36 NP3-4,SJC001,LP36,NP3-4,SJC001 LP36,Greenhills Heights,MANILA,3,2,BARANGAY 602,,,14.595379,121.022718,,,,,,,16,2015-10-11,OSP
SJC001 LP36 NP5-6,SJC001,LP36,NP5-6,SJC001 LP36,Greenhills Heights,MANILA,3,2,BARANGAY 602,,,14.594954,121.023722,,,,,,,16,2015-10-11,OSP
SJC001 LP36 NP7-8,SJC001,LP36,NP7-8,SJC001 LP36,Greenhills Heights,MANILA,3,2,BARANGAY 602,,,14.594271,121.025653,,,,,,,16,2015-10-11,OSP
MNL035 LP306 NP7-8,MNL035,LP306,NP7-8,MNL035 LP306,Pureza (Legarda / Lacson),MANILA,3,2,BARANGAY 602,,,14.59722,121.023983,,,,,,,16,2021-05-29,OSP
MNL035 LP307 NP1-2,MNL035,LP307,NP1-2,MNL035 LP307,Pureza (Legarda / Lacson),MANILA,3,2,BARANGAY 602,,,14.596882,121.023378,,,,,,,16,2021-05-29,OSP
MNL035 LP307 NP3-4,MNL035,LP307,NP3-4,MNL035 LP307,Pureza (Legarda / Lacson),MANILA,3,2,BARANGAY 602,,,14.596681,121.023022,,,,,,,16,2021-05-29,OSP
MNL035 LP307 NP5-6,MNL035,LP307,NP5-6,MNL035 LP307,Pureza (Legarda / Lacson),MANILA,3,2,BARANGAY 602,,,14.596398,121.022528,,,,,,,16,2021-05-29,OSP
MNL035 LP307 NP7-8,MNL035,LP307,NP7-8,MNL035 LP307,Pureza (Legarda / Lacson),MANILA,3,2,BARANGAY 602,,,14.596075,121.021963,,,,,,,16,2021-05-29,OSP
MNL035 LP308 NP1-2,MNL035,LP308,NP1-2,MNL035 LP308,Pureza (Legarda / Lacson),MANILA,3,2,BARANGAY 602,,,14.594896,121.025147,,,,,,,16,2021-05-29,OSP
MNL035 LP308 NP3-4,MNL035,LP308,NP3-4,MNL035 LP308,Pureza (Legarda / Lacson),MANILA,3,2,BARANGAY 602,,,14.5945,121.025005,,,,,,,16,2021-05-29,OSP
MNL035 LP302 NP5-6,MNL035,LP302,NP5-6,MNL035 LP302,Pureza (Legarda / Lacson),MANILA,3,2,BARANGAY 602,,,14.594989,121.023597,,,,,,,16,2021-05-29,OSP
MNL035 LP302 NP7-8,MNL035,LP302,NP7-8,MNL035 LP302,Pureza (Legarda / Lacson),MANILA,3,2,BARANGAY 602,,,14.594721,121.024372,,,,,,,16,2021-05-29,OSP
MNL035 LP303 NP1-2,MNL035,LP303,NP1-2,MNL035 LP303,Pureza (Legarda / Lacson),MANILA,3,2,BARANGAY 602,,,14.595095,121.024526,,,,,,,16,2021-05-29,OSP
MNL035 LP303 NP3-4,MNL035,LP303,NP3-4,MNL035 LP303,Pureza (Legarda / Lacson),MANILA,3,2,BARANGAY 602,,,14.595461,121.023519,,,,,,,16,2021-05-29,OSP
MNL035 LP303 NP5-6,MNL035,LP303,NP5-6,MNL035 LP303,Pureza (Legarda / Lacson),MANILA,3,2,BARANGAY 602,,,14.595724,121.024059,,,,,,,16,2021-05-29,OSP
MNL035 LP303 NP7-8,MNL035,LP303,NP7-8,MNL035 LP303,Pureza (Legarda / Lacson),MANILA,3,2,BARANGAY 602,,,14.595934,121.024424,,,,,,,16,2021-05-29,OSP
MNL035 LP304 NP1-2,MNL035,LP304,NP1-2,MNL035 LP304,Pureza (Legarda / Lacson),MANILA,3,2,BARANGAY 602,,,14.595766,121.022692,,,,,,,16,2021-05-29,OSP
MNL035 LP304 NP3-4,MNL035,LP304,NP3-4,MNL035 LP304,Pureza (Legarda / Lacson),MANILA,3,2,BARANGAY 602,,,14.596,121.023113,,,,,,,16,2021-05-29,OSP
MNL035 LP304 NP5-6,MNL035,LP304,NP5-6,MNL035 LP304,Pureza (Legarda / Lacson),MANILA,3,2,BARANGAY 602,,,14.59641,121.023837,,,,,,,16,2021-05-29,OSP
MNL035 LP304 NP7-8,MNL035,LP304,NP7-8,MNL035 LP304,Pureza (Legarda / Lacson),MANILA,3,2,BARANGAY 602,,,14.596656,121.024357,,,,,,,16,2021-05-29,OSP
MNL035 LP305 NP1-2,MNL035,LP305,NP1-2,MNL035 LP305,Pureza (Legarda / Lacson),MANILA,3,2,BARANGAY 602,,,14.596567,121.024948,,,,,,,16,2021-05-29,OSP
MNL035 LP305 NP3-4,MNL035,LP305,NP3-4,MNL035 LP305,Pureza (Legarda / Lacson),MANILA,3,2,BARANGAY 602,,,14.596113,121.025093,,,,,,,16,2021-05-29,OSP
MNL035 LP305 NP5-6,MNL035,LP305,NP5-6,MNL035 LP305,Pureza (Legarda / Lacson),MANILA,3,2,BARANGAY 602,,,14.595695,121.0252,,,,,,,16,2021-05-29,OSP
MNL035 LP305 NP7-8,MNL035,LP305,NP7-8,MNL035 LP305,Pureza (Legarda / Lacson),MANILA,3,2,BARANGAY 602,,,14.595316,121.025207,,,,,,,16,2021-05-29,OSP
MNL035 LP306 NP1-2,MNL035,LP306,NP1-2,MNL035 LP306,Pureza (Legarda / Lacson),MANILA,3,2,BARANGAY 602,,,14.59727,121.024575,,,,,,,16,2021-05-29,OSP
MNL035 LP301 NP7-8,MNL035,LP301,NP7-8,MNL035 LP301,Pureza (Legarda / Lacson),MANILA,3,2,BARANGAY 602,,,14.595765,121.021648,,,,,,,16,2021-05-29,OSP
MNL035 LP302 NP1-2,MNL035,LP302,NP1-2,MNL035 LP302,Pureza (Legarda / Lacson),MANILA,3,2,BARANGAY 602,,,14.595413,121.022511,,,,,,,16,2021-05-29,OSP
MNL035 LP302 NP3-4,MNL035,LP302,NP3-4,MNL035 LP302,Pureza (Legarda / Lacson),MANILA,3,2,BARANGAY 602,,,14.595132,121.023224,,,,,,,16,2021-05-29,OSP
MNL035 LP146 NP5-6,MNL035,LP146,NP5-6,MNL035 LP146,Pureza (Legarda / Lacson),MANILA,3,2,BARANGAY 602,,,14.59764,121.023091,,,,,,,16,2021-05-29,OSP
MNL035 LP295 NP7-8,MNL035,LP295,NP7-8,MNL035 LP295,Pureza (Legarda / Lacson),MANILA,3,2,BARANGAY 603,,,14.595874,121.018244,,,,,,,16,2021-05-29,OSP
MNL035 LP296 NP1-2,MNL035,LP296,NP1-2,MNL035 LP296,Pureza (Legarda / Lacson),MANILA,3,2,BARANGAY 603,,,14.595743,121.018584,,,,,,,16,2021-05-29,OSP
MNL035 LP292 NP1-2,MNL035,LP292,NP1-2,MNL035 LP292,Pureza (Legarda / Lacson),MANILA,3,2,BARANGAY 603,,,14.596754,121.015905,,,,,,,16,2021-05-29,OSP
MNL035 LP292 NP3-4,MNL035,LP292,NP3-4,MNL035 LP292,Pureza (Legarda / Lacson),MANILA,3,2,BARANGAY 603,,,14.596658,121.016336,,,,,,,16,2021-05-29,OSP
MNL035 LP292 NP5-6,MNL035,LP292,NP5-6,MNL035 LP292,Pureza (Legarda / Lacson),MANILA,3,2,BARANGAY 603,,,14.596537,121.016642,,,,,,,16,2021-05-29,OSP
MNL035 LP292 NP7-8,MNL035,LP292,NP7-8,MNL035 LP292,Pureza (Legarda / Lacson),MANILA,3,2,BARANGAY 603,,,14.596396,121.016992,,,,,,,16,2021-05-29,OSP
MNL035 LP293 NP1-2,MNL035,LP293,NP1-2,MNL035 LP293,Pureza (Legarda / Lacson),MANILA,3,2,BARANGAY 603,,,14.59688,121.016746,,,,,,,16,2021-05-29,OSP
MNL035 LP293 NP3-4,MNL035,LP293,NP3-4,MNL035 LP293,Pureza (Legarda / Lacson),MANILA,3,2,BARANGAY 603,,,14.596796,121.017168,,,,,,,16,2021-05-29,OSP
MNL035 LP293 NP5-6,MNL035,LP293,NP5-6,MNL035 LP293,Pureza (Legarda / Lacson),MANILA,3,2,BARANGAY 603,,,14.59648,121.017687,,,,,,,16,2021-05-29,OSP
MNL035 LP293 NP7-8,MNL035,LP293,NP7-8,MNL035 LP293,Pureza (Legarda / Lacson),MANILA,3,2,BARANGAY 603,,,14.596262,121.018019,,,,,,,16,2021-05-29,OSP
MNL035 LP294 NP1-2,MNL035,LP294,NP1-2,MNL035 LP294,Pureza (Legarda / Lacson),MANILA,3,2,BARANGAY 603,,,14.596623,121.018231,,,,,,,16,2021-05-29,OSP
MNL035 LP294 NP5-6,MNL035,LP294,NP5-6,MNL035 LP294,Pureza (Legarda / Lacson),MANILA,3,2,BARANGAY 603,,,14.596444,121.019085,,,,,,,16,2021-05-29,OSP
MNL035 LP294 NP7-8,MNL035,LP294,NP7-8,MNL035 LP294,Pureza (Legarda / Lacson),MANILA,3,2,BARANGAY 603,,,14.596079,121.018851,,,,,,,16,2021-05-29,OSP
MNL035 LP295 NP1-2,MNL035,LP295,NP1-2,MNL035 LP295,Pureza (Legarda / Lacson),MANILA,3,2,BARANGAY 603,,,14.59629,121.017265,,,,,,,16,2021-05-29,OSP
MNL035 LP295 NP3-4,MNL035,LP295,NP3-4,MNL035 LP295,Pureza (Legarda / Lacson),MANILA,3,2,BARANGAY 603,,,14.596192,121.017515,,,,,,,16,2021-05-29,OSP
MNL035 LP295 NP5-6,MNL035,LP295,NP5-6,MNL035 LP295,Pureza (Legarda / Lacson),MANILA,3,2,BARANGAY 603,,,14.596036,121.01788,,,,,,,16,2021-05-29,OSP
MNL035 LP301 NP3-4,MNL035,LP301,NP3-4,MNL035 LP301,Pureza (Legarda / Lacson),MANILA,3,2,BARANGAY 605,,,14.594733,121.021795,,,,,,,16,2021-05-29,OSP
MNL035 LP301 NP5-6,MNL035,LP301,NP5-6,MNL035 LP301,Pureza (Legarda / Lacson),MANILA,3,2,BARANGAY 605,,,14.594924,121.021366,,,,,,,16,2021-05-29,OSP
MNL035 LP296 NP3-4,MNL035,LP296,NP3-4,MNL035 LP296,Pureza (Legarda / Lacson),MANILA,3,2,BARANGAY 605,,,14.59556,121.019038,,,,,,,16,2021-05-29,OSP
MNL035 LP296 NP5-6,MNL035,LP296,NP5-6,MNL035 LP296,Pureza (Legarda / Lacson),MANILA,3,2,BARANGAY 605,,,14.595263,121.019258,,,,,,,16,2021-05-29,OSP
MNL035 LP296 NP7-8,MNL035,LP296,NP7-8,MNL035 LP296,Pureza (Legarda / Lacson),MANILA,3,2,BARANGAY 605,,,14.594953,121.019847,,,,,,,16,2021-05-29,OSP
MNL035 LP297 NP1-2,MNL035,LP297,NP1-2,MNL035 LP297,Pureza (Legarda / Lacson),MANILA,3,2,BARANGAY 605,,,14.595012,121.020209,,,,,,,16,2021-05-29,OSP
MNL035 LP297 NP3-4,MNL035,LP297,NP3-4,MNL035 LP297,Pureza (Legarda / Lacson),MANILA,3,2,BARANGAY 605,,,14.595283,121.02051,,,,,,,16,2021-05-29,OSP
MNL035 LP297 NP5-6,MNL035,LP297,NP5-6,MNL035 LP297,Pureza (Legarda / Lacson),MANILA,3,2,BARANGAY 605,,,14.59506,121.02102,,,,,,,16,2021-05-29,OSP
MNL035 LP297 NP7-8,MNL035,LP297,NP7-8,MNL035 LP297,Pureza (Legarda / Lacson),MANILA,3,2,BARANGAY 605,,,14.59487,121.020559,,,,,,,16,2021-05-29,OSP
MNL035 LP298 NP1-2,MNL035,LP298,NP1-2,MNL035 LP298,Pureza (Legarda / Lacson),MANILA,3,2,BARANGAY 605,,,14.59469,121.020975,,,,,,,16,2021-05-29,OSP
MNL035 LP298 NP3-4,MNL035,LP298,NP3-4,MNL035 LP298,Pureza (Legarda / Lacson),MANILA,3,2,BARANGAY 605,,,14.594514,121.021379,,,,,,,16,2021-05-29,OSP
MAN002 LP789 NP2,MAN002,LP789,NP2,MAN002 LP789,Shaw Node,MANILA,3,2,BARANGAY 605,,DOÑA ELENA TOWER,14.595562,121.021376,MNL073,5F,EE ROOM BUILDING A,,,,,2022-04-30,ISP
MAN002 LP789 NP1,MAN002,LP789,NP1,MAN002 LP789,Shaw Node,MANILA,3,2,BARANGAY 605,,DOÑA ELENA TOWER,14.595562,121.021376,MNL073,2F,EE ROOM BUILDING A,,,,,2022-04-30,ISP
MAN002 LP789 NP3,MAN002,LP789,NP3,MAN002 LP789,Shaw Node,MANILA,3,2,BARANGAY 605,,DOÑA ELENA TOWER,14.595562,121.021376,,9F,EE ROOM BUILDING A,MNL073,,,,2022-04-30,ISP
MNL035 LP300 NP1-2,MNL035,LP300,NP1-2,MNL035 LP300,Pureza (Legarda / Lacson),MANILA,3,2,BARANGAY 606,,,14.594105,121.02334,,,,,,,16,2021-05-29,OSP
MNL035 LP300 NP3-4,MNL035,LP300,NP3-4,MNL035 LP300,Pureza (Legarda / Lacson),MANILA,3,2,BARANGAY 606,,,14.594543,121.023518,,,,,,,16,2021-05-29,OSP
MNL035 LP300 NP5-6,MNL035,LP300,NP5-6,MNL035 LP300,Pureza (Legarda / Lacson),MANILA,3,2,BARANGAY 606,,,14.594262,121.022959,,,,,,,16,2021-05-29,OSP
MNL035 LP300 NP7-8,MNL035,LP300,NP7-8,MNL035 LP300,Pureza (Legarda / Lacson),MANILA,3,2,BARANGAY 606,,,14.594408,121.022613,,,,,,,16,2021-05-29,OSP
MNL035 LP301 NP1-2,MNL035,LP301,NP1-2,MNL035 LP301,Pureza (Legarda / Lacson),MANILA,3,2,BARANGAY 606,,,14.59456,121.022245,,,,,,,16,2021-05-29,OSP
MNL035 LP298 NP5-6,MNL035,LP298,NP5-6,MNL035 LP298,Pureza (Legarda / Lacson),MANILA,3,2,BARANGAY 606,,,14.594395,121.02167,,,,,,,16,2021-05-29,OSP
MNL035 LP298 NP7-8,MNL035,LP298,NP7-8,MNL035 LP298,Pureza (Legarda / Lacson),MANILA,3,2,BARANGAY 606,,,14.594267,121.021978,,,,,,,16,2021-05-29,OSP
MNL035 LP299 NP1-2,MNL035,LP299,NP1-2,MNL035 LP299,Pureza (Legarda / Lacson),MANILA,3,2,BARANGAY 606,,,14.594138,121.022276,,,,,,,16,2021-05-29,OSP
MNL035 LP299 NP3-4,MNL035,LP299,NP3-4,MNL035 LP299,Pureza (Legarda / Lacson),MANILA,3,2,BARANGAY 606,,,14.594001,121.022625,,,,,,,16,2021-05-29,OSP
MNL035 LP299 NP5-6,MNL035,LP299,NP5-6,MNL035 LP299,Pureza (Legarda / Lacson),MANILA,3,2,BARANGAY 606,,,14.593875,121.022939,,,,,,,16,2021-05-29,OSP
MNL035 LP299 NP7-8,MNL035,LP299,NP7-8,MNL035 LP299,Pureza (Legarda / Lacson),MANILA,3,2,BARANGAY 606,,,14.593756,121.02325,,,,,,,16,2021-05-29,OSP
MNL035 LP310 NP6-7-8,MNL035,LP310,NP6-7-8,MNL035 LP310,Pureza (Legarda / Lacson),MANILA,3,2,BARANGAY 607,,,14.593301,121.024647,,,,,,,24,2021-05-29,OSP
MNL035 LP308 NP5-6,MNL035,LP308,NP5-6,MNL035 LP308,Pureza (Legarda / Lacson),MANILA,3,2,BARANGAY 607,,,14.594481,121.024511,,,,,,,16,2021-05-29,OSP
MNL035 LP308 NP7-8,MNL035,LP308,NP7-8,MNL035 LP308,Pureza (Legarda / Lacson),MANILA,3,2,BARANGAY 607,,,14.593911,121.024292,,,,,,,16,2021-05-29,OSP
MNL035 LP309 NP1-2,MNL035,LP309,NP1-2,MNL035 LP309,Pureza (Legarda / Lacson),MANILA,3,2,BARANGAY 607,,,14.593439,121.024106,,,,,,,16,2021-05-29,OSP
MNL035 LP309 NP3-4-5,MNL035,LP309,NP3-4-5,MNL035 LP309,Pureza (Legarda / Lacson),MANILA,3,2,BARANGAY 607,,,14.593243,121.024021,,,,,,,24,2021-05-29,OSP
MNL035 LP309 NP6-7-8,MNL035,LP309,NP6-7-8,MNL035 LP309,Pureza (Legarda / Lacson),MANILA,3,2,BARANGAY 607,,,14.592977,121.023905,,,,,,,24,2021-05-29,OSP
MNL035 LP310 NP1-2,MNL035,LP310,NP1-2,MNL035 LP310,Pureza (Legarda / Lacson),MANILA,3,2,BARANGAY 607,,,14.593449,121.024241,,,,,,,16,2021-05-29,OSP
MNL035 LP310 NP3-4-5,MNL035,LP310,NP3-4-5,MNL035 LP310,Pureza (Legarda / Lacson),MANILA,3,2,BARANGAY 607,,,14.593382,121.024438,,,,,,,24,2021-05-29,OSP
MNL035 LP160 NP7-8,MNL035,LP160,NP7-8,MNL035 LP160,Pureza (Legarda / Lacson),MANILA,3,2,BARANGAY 607,,,14.592823,121.023854,,,,,,,16,2021-05-29,OSP
MNL002 LP156 NP1-2,MNL002,LP156,NP1-2,MNL002 LP156,Don Quintos,MANILA,3,2,BARANGAY 608,,,14.59172658,121.0226567,,,,,,,16,2018-09-13,OSP
MNL002 LP156 NP3-4,MNL002,LP156,NP3-4,MNL002 LP156,Don Quintos,MANILA,3,2,BARANGAY 608,,,14.59274141,121.0237833,,,,,,,16,2018-09-13,OSP
MNL002 LP154 NP1-2,MNL002,LP154,NP1-2,MNL002 LP154,Don Quintos,MANILA,3,2,BARANGAY 608,,,14.5907398,121.0212306,,,,,,,16,2018-09-13,OSP
MNL002 LP155 NP1-2,MNL002,LP155,NP1-2,MNL002 LP155,Don Quintos,MANILA,3,2,BARANGAY 608,,,14.59116536,121.021819,,,,,,,16,2018-09-13,OSP
MNL035 LP172 NP1-2,MNL035,LP172,NP1-2,MNL035 LP172,Pureza (Legarda / Lacson),MANILA,3,2,BARANGAY 608,,,14.590407,121.020835,,,,,,,16,2021-05-29,OSP
MNL035 LP161 NP1-2,MNL035,LP161,NP1-2,MNL035 LP161,Pureza (Legarda / Lacson),MANILA,3,2,BARANGAY 608,,,14.59237,121.0236,,,,,,,16,2021-05-29,OSP
MNL035 LP161 NP3-4,MNL035,LP161,NP3-4,MNL035 LP161,Pureza (Legarda / Lacson),MANILA,3,2,BARANGAY 608,,,14.592018,121.02309,,,,,,,16,2021-05-29,OSP
MNL035 LP161 NP5-6,MNL035,LP161,NP5-6,MNL035 LP161,Pureza (Legarda / Lacson),MANILA,3,2,BARANGAY 608,,,14.591707,121.022645,,,,,,,16,2021-05-29,OSP
MNL035 LP157 NP1-2,MNL035,LP157,NP1-2,MNL035 LP157,Pureza (Legarda / Lacson),MANILA,3,2,BARANGAY 608,,,14.591141,121.021813,,,,,,,16,2021-05-29,OSP
MNL035 LP157 NP3-4,MNL035,LP157,NP3-4,MNL035 LP157,Pureza (Legarda / Lacson),MANILA,3,2,BARANGAY 608,,,14.591434,121.022259,,,,,,,16,2021-05-29,OSP
MNL035 LP156 NP7-8,MNL035,LP156,NP7-8,MNL035 LP156,Pureza (Legarda / Lacson),MANILA,3,2,BARANGAY 608,,,14.591377,121.021737,,,,,,,16,2021-05-29,OSP
MNL035 LP534 NP3,MNL035,LP534,NP3,MNL035 LP534,Pureza (Legarda / Lacson),MANILA,3,2,BARANGAY 608,,ONE RESIDENCES,14.590844,121.021618,,2F,FIRE EXIT,MNL153P,,,,2023-09-13,ISP
MNL035 LP534 NP1,MNL035,LP534,NP1,MNL035 LP534,Pureza (Legarda / Lacson),MANILA,3,2,BARANGAY 608,,ONE RESIDENCES,14.590844,121.021618,,2F,FIRE EXIT,MNL153P,,,,2023-09-13,ISP
MNL035 LP534 NP2,MNL035,LP534,NP2,MNL035 LP534,Pureza (Legarda / Lacson),MANILA,3,2,BARANGAY 608,,ONE RESIDENCES,14.590844,121.021618,,2F,FIRE EXIT,MNL153P,,,,2023-09-13,ISP
MNL002 LP155 NP3-4,MNL002,LP155,NP3-4,MNL002 LP155,Don Quintos,MANILA,3,2,BARANGAY 609,,,14.59152517,121.0215333,,,,,,,16,2018-09-13,OSP
MNL002 LP155 NP5-6,MNL002,LP155,NP5-6,MNL002 LP155,Don Quintos,MANILA,3,2,BARANGAY 609,,,14.59216345,121.0210791,,,,,,,16,2018-09-13,OSP
MNL002 LP155 NP7-8,MNL002,LP155,NP7-8,MNL002 LP155,Don Quintos,MANILA,3,2,BARANGAY 609,,,14.59166,121.020965,,,,,,,16,2020-08-07,OSP
MNL002 LP154 NP3-4,MNL002,LP154,NP3-4,MNL002 LP154,Don Quintos,MANILA,3,2,BARANGAY 609,,,14.59137205,121.0205961,,,,,,,16,2018-09-13,OSP
MNL002 LP154 NP5-6,MNL002,LP154,NP5-6,MNL002 LP154,Don Quintos,MANILA,3,2,BARANGAY 609,,,14.59171966,121.0202667,,,,,,,16,2018-09-13,OSP
MNL002 LP154 NP7-8,MNL002,LP154,NP7-8,MNL002 LP154,Don Quintos,MANILA,3,2,BARANGAY 609,,,14.591994,121.02067,,,,,,,16,2020-08-07,OSP
MNL002 LP374 NP1-2,MNL002,LP374,NP1-2,MNL002 LP374,Don Quintos,MANILA,3,2,BARANGAY 609,,,14.591562,121.019603,,,,,,,16,2020-03-29,OSP
MNL002 LP374 NP3-4,MNL002,LP374,NP3-4,MNL002 LP374,Don Quintos,MANILA,3,2,BARANGAY 609,,,14.590961,121.020244,,,,,,,16,2020-03-29,OSP
SJC001 LP38 NP3-4,SJC001,LP38,NP3-4,SJC001 LP38,Greenhills Heights,MANILA,3,2,BARANGAY 609,,,14.591054,121.020222,,,,,,,16,2015-11-29,OSP
MNL035 LP172 NP5-6,MNL035,LP172,NP5-6,MNL035 LP172,Pureza (Legarda / Lacson),MANILA,3,2,BARANGAY 609,,,14.591195,121.020032,,,,,,,16,2021-05-29,OSP
MNL035 LP172 NP7-8,MNL035,LP172,NP7-8,MNL035 LP172,Pureza (Legarda / Lacson),MANILA,3,2,BARANGAY 609,,,14.591433,121.019784,,,,,,,16,2021-05-29,OSP
MNL035 LP154 NP1-2,MNL035,LP154,NP1-2,MNL035 LP154,Pureza (Legarda / Lacson),MANILA,3,2,BARANGAY 609,,,14.591669,121.02025,,,,,,,16,2021-05-29,OSP
MNL035 LP154 NP3-4,MNL035,LP154,NP3-4,MNL035 LP154,Pureza (Legarda / Lacson),MANILA,3,2,BARANGAY 609,,,14.591971,121.020523,,,,,,,16,2021-05-29,OSP
MNL035 LP154 NP5-6,MNL035,LP154,NP5-6,MNL035 LP154,Pureza (Legarda / Lacson),MANILA,3,2,BARANGAY 609,,,14.592155,121.020791,,,,,,,16,2021-05-29,OSP
MNL035 LP154 NP7-8,MNL035,LP154,NP7-8,MNL035 LP154,Pureza (Legarda / Lacson),MANILA,3,2,BARANGAY 609,,,14.592187,121.021061,,,,,,,16,2021-05-29,OSP
MNL035 LP155 NP1-2,MNL035,LP155,NP1-2,MNL035 LP155,Pureza (Legarda / Lacson),MANILA,3,2,BARANGAY 609,,,14.591912,121.021279,,,,,,,16,2021-05-29,OSP
MNL035 LP155 NP3-4,MNL035,LP155,NP3-4,MNL035 LP155,Pureza (Legarda / Lacson),MANILA,3,2,BARANGAY 609,,,14.591705,121.021088,,,,,,,16,2021-05-29,OSP
MNL035 LP155 NP5-6,MNL035,LP155,NP5-6,MNL035 LP155,Pureza (Legarda / Lacson),MANILA,3,2,BARANGAY 609,,,14.591545,121.020837,,,,,,,16,2021-05-29,OSP
MNL035 LP155 NP7-8,MNL035,LP155,NP7-8,MNL035 LP155,Pureza (Legarda / Lacson),MANILA,3,2,BARANGAY 609,,,14.591374,121.020587,,,,,,,16,2021-05-29,OSP
MNL035 LP156 NP1-2,MNL035,LP156,NP1-2,MNL035 LP156,Pureza (Legarda / Lacson),MANILA,3,2,BARANGAY 609,,,14.591027,121.020967,,,,,,,16,2021-05-29,OSP
MNL035 LP156 NP3-4,MNL035,LP156,NP3-4,MNL035 LP156,Pureza (Legarda / Lacson),MANILA,3,2,BARANGAY 609,,,14.591314,121.021269,,,,,,,16,2021-05-29,OSP
MNL035 LP156 NP5-6,MNL035,LP156,NP5-6,MNL035 LP156,Pureza (Legarda / Lacson),MANILA,3,2,BARANGAY 609,,,14.591493,121.021551,,,,,,,16,2021-05-29,OSP
MNL035 LP322 NP5-6,MNL035,LP322,NP5-6,MNL035 LP322,Pureza (Legarda / Lacson),MANILA,3,2,BARANGAY 609,,,14.592057,121.019879,,,,,,,16,2021-05-29,OSP
SJC001 LP37 NP7-8,SJC001,LP37,NP7-8,SJC001 LP37,Greenhills Heights,MANILA,3,2,BARANGAY 610,,,14.593902,121.017022,,,,,,,16,2015-11-29,OSP
SJC001 LP38 NP1-2,SJC001,LP38,NP1-2,SJC001 LP38,Greenhills Heights,MANILA,3,2,BARANGAY 610,,,14.592462,121.018756,,,,,,,16,2015-11-29,OSP
SJC001 LP38 NP7-8,SJC001,LP38,NP7-8,SJC001 LP38,Greenhills Heights,MANILA,3,2,BARANGAY 610,,,14.592103,121.019894,,,,,,,16,2015-11-29,OSP
MNL035 LP59 NP1-2,MNL035,LP59,NP1-2,MNL035 LP59,Pureza (Legarda / Lacson),MANILA,3,2,BARANGAY 610,,,14.593997,121.01711,,,,,,,16,2021-05-29,OSP
MNL035 LP59 NP3-4,MNL035,LP59,NP3-4,MNL035 LP59,Pureza (Legarda / Lacson),MANILA,3,2,BARANGAY 610,,,14.593484,121.017688,,,,,,,16,2021-05-29,OSP
MNL035 LP59 NP5-6,MNL035,LP59,NP5-6,MNL035 LP59,Pureza (Legarda / Lacson),MANILA,3,2,BARANGAY 610,,,14.592922,121.018312,,,,,,,16,2021-05-29,OSP
MNL035 LP59 NP7-8,MNL035,LP59,NP7-8,MNL035 LP59,Pureza (Legarda / Lacson),MANILA,3,2,BARANGAY 610,,,14.59243,121.018689,,,,,,,16,2021-05-29,OSP
MNL035 LP60 NP1-2,MNL035,LP60,NP1-2,MNL035 LP60,Pureza (Legarda / Lacson),MANILA,3,2,BARANGAY 610,,,14.591932,121.019599,,,,,,,16,2021-05-29,OSP
MNL035 LP317 NP3-4,MNL035,LP317,NP3-4,MNL035 LP317,Pureza (Legarda / Lacson),MANILA,3,2,BARANGAY 610,,,14.594557,121.017099,,,,,,,16,2021-05-29,OSP
MNL035 LP317 NP5-6,MNL035,LP317,NP5-6,MNL035 LP317,Pureza (Legarda / Lacson),MANILA,3,2,BARANGAY 610,,,14.594358,121.017322,,,,,,,16,2021-05-29,OSP
MNL035 LP317 NP7-8,MNL035,LP317,NP7-8,MNL035 LP317,Pureza (Legarda / Lacson),MANILA,3,2,BARANGAY 610,,,14.594208,121.017484,,,,,,,16,2021-05-29,OSP
MNL035 LP318 NP1-2,MNL035,LP318,NP1-2,MNL035 LP318,Pureza (Legarda / Lacson),MANILA,3,2,BARANGAY 610,,,14.593776,121.017966,,,,,,,16,2021-05-29,OSP
MNL035 LP318 NP3-4,MNL035,LP318,NP3-4,MNL035 LP318,Pureza (Legarda / Lacson),MANILA,3,2,BARANGAY 610,,,14.593401,121.018365,,,,,,,16,2021-05-29,OSP
MNL035 LP318 NP7-8,MNL035,LP318,NP7-8,MNL035 LP318,Pureza (Legarda / Lacson),MANILA,3,2,BARANGAY 610,,,14.59288,121.018935,,,,,,,16,2021-05-29,OSP
MNL035 LP319 NP1-2,MNL035,LP319,NP1-2,MNL035 LP319,Pureza (Legarda / Lacson),MANILA,3,2,BARANGAY 610,,,14.592654,121.018618,,,,,,,16,2021-05-29,OSP
MNL035 LP322 NP1-2,MNL035,LP322,NP1-2,MNL035 LP322,Pureza (Legarda / Lacson),MANILA,3,2,BARANGAY 610,,,14.592564,121.019287,,,,,,,16,2021-05-29,OSP
MNL035 LP322 NP3-4,MNL035,LP322,NP3-4,MNL035 LP322,Pureza (Legarda / Lacson),MANILA,3,2,BARANGAY 610,,,14.592344,121.01954,,,,,,,16,2021-05-29,OSP
MNL002 LP144 NP7-8,MNL002,LP144,NP7-8,MNL002 LP144,Don Quintos,MANILA,3,2,BARANGAY 611,,,14.59522113,121.0163347,,,,,,,16,2018-09-13,OSP
MNL002 LP145 NP1-2,MNL002,LP145,NP1-2,MNL002 LP145,Don Quintos,MANILA,3,2,BARANGAY 611,,,14.5945546,121.017059,,,,,,,16,2018-09-13,OSP
MNL002 LP145 NP5-6,MNL002,LP145,NP5-6,MNL002 LP145,Don Quintos,MANILA,3,2,BARANGAY 611,,,14.59495505,121.0173601,,,,,,,16,2018-09-13,OSP
SJC001 LP37 NP5-6,SJC001,LP37,NP5-6,SJC001 LP37,Greenhills Heights,MANILA,3,2,BARANGAY 611,,,14.59609,121.015455,,,,,,,16,2015-11-29,OSP
MNL035 LP58 NP3-4,MNL035,LP58,NP3-4,MNL035 LP58,Pureza (Legarda / Lacson),MANILA,3,2,BARANGAY 611,,,14.595387,121.015563,,,,,,,16,2021-05-29,OSP
MNL035 LP58 NP5-6,MNL035,LP58,NP5-6,MNL035 LP58,Pureza (Legarda / Lacson),MANILA,3,2,BARANGAY 611,,,14.594975,121.016047,,,,,,,16,2021-05-29,OSP
MNL035 LP58 NP7-8,MNL035,LP58,NP7-8,MNL035 LP58,Pureza (Legarda / Lacson),MANILA,3,2,BARANGAY 611,,,14.594566,121.016485,,,,,,,16,2021-05-29,OSP
MNL035 LP316 NP1-2,MNL035,LP316,NP1-2,MNL035 LP316,Pureza (Legarda / Lacson),MANILA,3,2,BARANGAY 611,,,14.595822,121.015705,,,,,,,16,2021-05-29,OSP
MNL035 LP316 NP3-4,MNL035,LP316,NP3-4,MNL035 LP316,Pureza (Legarda / Lacson),MANILA,3,2,BARANGAY 611,,,14.59552,121.016017,,,,,,,16,2021-05-29,OSP
MNL035 LP316 NP5-6,MNL035,LP316,NP5-6,MNL035 LP316,Pureza (Legarda / Lacson),MANILA,3,2,BARANGAY 611,,,14.595388,121.01617,,,,,,,16,2021-05-29,OSP
MNL035 LP316 NP7-8,MNL035,LP316,NP7-8,MNL035 LP316,Pureza (Legarda / Lacson),MANILA,3,2,BARANGAY 611,,,14.595179,121.016401,,,,,,,16,2021-05-29,OSP
MNL035 LP317 NP1-2,MNL035,LP317,NP1-2,MNL035 LP317,Pureza (Legarda / Lacson),MANILA,3,2,BARANGAY 611,,,14.594942,121.016645,,,,,,,16,2021-05-29,OSP
MNL035 LP328 NP1-2,MNL035,LP328,NP1-2,MNL035 LP328,Pureza (Legarda / Lacson),MANILA,3,2,BARANGAY 611,,,14.594968,121.017378,,,,,,,16,2021-05-29,OSP
MNL035 LP327 NP3-4,MNL035,LP327,NP3-4,MNL035 LP327,Pureza (Legarda / Lacson),MANILA,3,2,BARANGAY 611,,,14.595687,121.017028,,,,,,,16,2021-05-29,OSP
MNL035 LP327 NP5-6,MNL035,LP327,NP5-6,MNL035 LP327,Pureza (Legarda / Lacson),MANILA,3,2,BARANGAY 611,,,14.595821,121.016697,,,,,,,16,2021-05-29,OSP
MNL035 LP327 NP7-8,MNL035,LP327,NP7-8,MNL035 LP327,Pureza (Legarda / Lacson),MANILA,3,2,BARANGAY 611,,,14.596044,121.016129,,,,,,,16,2021-05-29,OSP
MNL002 LP145 NP7-8,MNL002,LP145,NP7-8,MNL002 LP145,Don Quintos,MANILA,3,2,BARANGAY 612,,,14.59537218,121.0175763,,,,,,,16,2018-09-13,OSP
MNL002 LP146 NP1-2,MNL002,LP146,NP1-2,MNL002 LP146,Don Quintos,MANILA,3,2,BARANGAY 612,,,14.59484056,121.0189258,,,,,,,16,2018-09-13,OSP
MNL002 LP146 NP5-6,MNL002,LP146,NP5-6,MNL002 LP146,Don Quintos,MANILA,3,2,BARANGAY 612,,,14.59410173,121.0206857,,,,,,,16,2018-09-13,OSP
MNL002 LP146 NP7-8,MNL002,LP146,NP7-8,MNL002 LP146,Don Quintos,MANILA,3,2,BARANGAY 612,,,14.59352536,121.0221233,,,,,,,16,2018-09-13,OSP
MNL035 LP324 NP1-2,MNL035,LP324,NP1-2,MNL035 LP324,Pureza (Legarda / Lacson),MANILA,3,2,BARANGAY 612,,,14.593553,121.022182,,,,,,,16,2021-05-29,OSP
MNL035 LP324 NP3-4,MNL035,LP324,NP3-4,MNL035 LP324,Pureza (Legarda / Lacson),MANILA,3,2,BARANGAY 612,,,14.593705,121.021823,,,,,,,16,2021-05-29,OSP
MNL035 LP324 NP5-6,MNL035,LP324,NP5-6,MNL035 LP324,Pureza (Legarda / Lacson),MANILA,3,2,BARANGAY 612,,,14.593854,121.021484,,,,,,,16,2021-05-29,OSP
MNL035 LP324 NP7-8,MNL035,LP324,NP7-8,MNL035 LP324,Pureza (Legarda / Lacson),MANILA,3,2,BARANGAY 612,,,14.594085,121.020902,,,,,,,16,2021-05-29,OSP
MNL035 LP325 NP1-2,MNL035,LP325,NP1-2,MNL035 LP325,Pureza (Legarda / Lacson),MANILA,3,2,BARANGAY 612,,,14.594162,121.020687,,,,,,,16,2021-05-29,OSP
MNL035 LP325 NP3-4,MNL035,LP325,NP3-4,MNL035 LP325,Pureza (Legarda / Lacson),MANILA,3,2,BARANGAY 612,,,14.594395,121.020145,,,,,,,16,2021-05-29,OSP
MNL035 LP325 NP7-8,MNL035,LP325,NP7-8,MNL035 LP325,Pureza (Legarda / Lacson),MANILA,3,2,BARANGAY 612,,,14.594821,121.01914,,,,,,,16,2021-05-29,OSP
MNL035 LP326 NP1-2,MNL035,LP326,NP1-2,MNL035 LP326,Pureza (Legarda / Lacson),MANILA,3,2,BARANGAY 612,,,14.594947,121.01883,,,,,,,16,2021-05-29,OSP
MNL035 LP326 NP3-4,MNL035,LP326,NP3-4,MNL035 LP326,Pureza (Legarda / Lacson),MANILA,3,2,BARANGAY 612,,,14.595073,121.018517,,,,,,,16,2021-05-29,OSP
MNL035 LP326 NP5-6,MNL035,LP326,NP5-6,MNL035 LP326,Pureza (Legarda / Lacson),MANILA,3,2,BARANGAY 612,,,14.595202,121.01822,,,,,,,16,2021-05-29,OSP
MNL035 LP326 NP7-8,MNL035,LP326,NP7-8,MNL035 LP326,Pureza (Legarda / Lacson),MANILA,3,2,BARANGAY 612,,,14.595328,121.017904,,,,,,,16,2021-05-29,OSP
MNL035 LP327 NP1-2,MNL035,LP327,NP1-2,MNL035 LP327,Pureza (Legarda / Lacson),MANILA,3,2,BARANGAY 612,,,14.595449,121.017589,,,,,,,16,2021-05-29,OSP
MNL002 LP145 NP3-4,MNL002,LP145,NP3-4,MNL002 LP145,Don Quintos,MANILA,3,2,BARANGAY 613,,,14.59321397,121.0185633,,,,,,,16,2018-09-13,OSP
MNL002 LP146 NP3-4,MNL002,LP146,NP3-4,MNL002 LP146,Don Quintos,MANILA,3,2,BARANGAY 613,,,14.59455111,121.0196223,,,,,,,16,2018-09-13,OSP
MNL002 LP147 NP5-6,MNL002,LP147,NP5-6,MNL002 LP147,Don Quintos,MANILA,3,2,BARANGAY 613,,,14.5941289,121.0194343,,,,,,,16,2018-09-13,OSP