Box Name,OLT,LCP,NAP,LCP Name,Node Name,Municipality,Cluster,Sector,Barangay,Subdivision,Building Name,Latitude,Longitude,Parent Site,Parent Floor,Parent Room,Additional Details,Remarks,Landmark,Capacity,Installation Date,OSP / ISP
MNL003 LP29 NP2,MNL003,LP29,NP2,MNL003 LP29,City Square,MANILA,3,1,BARANGAY 301,,PARK TOWER CONDOMINIUM,14.601594,120.979818,MNL77P,6F,CONVERGE ROOM,,,,,2017-07-31,ISP
MNL003 LP29 NP3,MNL003,LP29,NP3,MNL003 LP29,City Square,MANILA,3,1,BARANGAY 301,,PARK TOWER CONDOMINIUM,14.601594,120.979818,,8F,CONVERGE ROOM,MNL77P,,,,2017-07-31,ISP
MNL005 LP160 NP3-4,MNL005,LP160,NP3-4,MNL005 LP160,Orchard Building (City Square 2),MANILA,3,1,BARANGAY 301,,,14.601563,120.979805,,,,,,,16,2021-01-29,OSP
MNL005 LP160 NP5-6,MNL005,LP160,NP5-6,MNL005 LP160,Orchard Building (City Square 2),MANILA,3,1,BARANGAY 301,,,14.601836,120.979902,,,,,,,16,2021-01-29,OSP
MNL005 LP160 NP7-8,MNL005,LP160,NP7-8,MNL005 LP160,Orchard Building (City Square 2),MANILA,3,1,BARANGAY 301,,,14.602043,120.979995,,,,,,,16,2021-01-29,OSP
MNL037 LP366 NP5-6,MNL037,LP366,NP5-6,MNL037 LP366,Tayuman,MANILA,3,1,BARANGAY 301,,,14.602305,120.9792,,,,,,,16,2023-02-23,OSP
MNL037 LP359 NP1-2,MNL037,LP359,NP1-2,MNL037 LP359,Tayuman,MANILA,3,1,BARANGAY 301,,,14.602621,120.980283,,,,,,,16,2023-02-23,OSP
MNL037 LP360 NP1-2,MNL037,LP360,NP1-2,MNL037 LP360,Tayuman,MANILA,3,1,BARANGAY 301,,,14.602216,120.980092,,,,,,,16,2023-02-23,OSP
MNL037 LP360 NP3-4,MNL037,LP360,NP3-4,MNL037 LP360,Tayuman,MANILA,3,1,BARANGAY 301,,,14.601839,120.979919,,,,,,,16,2023-02-23,OSP
MNL001 LP22 NP1-2,MNL001,LP22,NP1-2,MNL001 LP22,Zen Tower,MANILA,3,1,BARANGAY 301,,,14.602614,120.980347,,,,,,,16,2015-07-27,OSP
MNL003 LP11 NP1-2,MNL003,LP11,NP1-2,MNL003 LP11,City Square,MANILA,3,1,BARANGAY 302,,FU-YONG MANSION,14.601611,120.978525,MNL78P,MZ,CONVERGE ROOM,,,,,2016-12-18,ISP
MNL003 LP11 NP3,MNL003,LP11,NP3,MNL003 LP11,City Square,MANILA,3,1,BARANGAY 302,,FU-YONG MANSION,14.601611,120.978525,MNL78P,MZ,CONVERGE ROOM,,,,,2016-12-18,ISP
MNL005 LP160 NP1-2,MNL005,LP160,NP1-2,MNL005 LP160,Orchard Building (City Square 2),MANILA,3,1,BARANGAY 302,,,14.601316,120.97915,,,,,,,16,2021-01-29,OSP
MNL037 LP365 NP3-4,MNL037,LP365,NP3-4,MNL037 LP365,Tayuman,MANILA,3,1,BARANGAY 302,,,14.601392,120.978697,,,,,,,16,2023-02-23,OSP
MNL037 LP365 NP5-6,MNL037,LP365,NP5-6,MNL037 LP365,Tayuman,MANILA,3,1,BARANGAY 302,,,14.601511,120.979247,,,,,,,16,2023-02-23,OSP
MNL037 LP365 NP7-8,MNL037,LP365,NP7-8,MNL037 LP365,Tayuman,MANILA,3,1,BARANGAY 302,,,14.601772,120.979089,,,,,,,16,2023-02-23,OSP
MNL003 LP333 NP5-6,MNL003,LP333,NP5-6,MNL003 LP333,City Square,MANILA,3,1,BARANGAY 303,,,14.60085027,120.9804002,,,,,,,16,2019-03-30,OSP
MNL003 LP333 NP3-4,MNL003,LP333,NP3-4,MNL003 LP333,City Square,MANILA,3,1,BARANGAY 303,,,14.60025414,120.9807293,,,,,,,16,2019-03-30,OSP
MNL005 LP157 NP3-4,MNL005,LP157,NP3-4,MNL005 LP157,Orchard Building (City Square 2),MANILA,3,1,BARANGAY 303,,,14.600875,120.980407,,,,,,,16,2021-01-29,OSP
MNL005 LP157 NP7-8,MNL005,LP157,NP7-8,MNL005 LP157,Orchard Building (City Square 2),MANILA,3,1,BARANGAY 303,,,14.601079,120.981006,,,,,,,16,2021-01-29,OSP
MNL005 LP164 NP7-8,MNL005,LP164,NP7-8,MNL005 LP164,Orchard Building (City Square 2),MANILA,3,1,BARANGAY 303,,,14.599166,120.98021,,,,,,,16,2021-01-29,OSP
MNL037 LP356 NP1-2,MNL037,LP356,NP1-2,MNL037 LP356,Tayuman,MANILA,3,1,BARANGAY 303,,,14.600861,120.98042,,,,,,,16,2023-02-23,OSP
MNL037 LP356 NP5-6,MNL037,LP356,NP5-6,MNL037 LP356,Tayuman,MANILA,3,1,BARANGAY 303,,,14.600172,120.98037,,,,,,,16,2023-02-23,OSP
MNL037 LP356 NP7-8,MNL037,LP356,NP7-8,MNL037 LP356,Tayuman,MANILA,3,1,BARANGAY 303,,,14.600373,120.98101,,,,,,,16,2023-02-23,OSP
MNL037 LP357 NP1-2,MNL037,LP357,NP1-2,MNL037 LP357,Tayuman,MANILA,3,1,BARANGAY 303,,,14.599782,120.980562,,,,,,,16,2023-02-23,OSP
MNL037 LP357 NP3-4,MNL037,LP357,NP3-4,MNL037 LP357,Tayuman,MANILA,3,1,BARANGAY 303,,,14.599665,120.980041,,,,,,,16,2023-02-23,OSP
MNL037 LP357 NP5-6,MNL037,LP357,NP5-6,MNL037 LP357,Tayuman,MANILA,3,1,BARANGAY 303,,,14.599389,120.980099,,,,,,,16,2023-02-23,OSP
MNL037 LP357 NP7-8,MNL037,LP357,NP7-8,MNL037 LP357,Tayuman,MANILA,3,1,BARANGAY 303,,,14.59917,120.980228,,,,,,,16,2023-02-23,OSP
MNL001 LP21 NP7-8,MNL001,LP21,NP7-8,MNL001 LP21,Zen Tower,MANILA,3,1,BARANGAY 303,,,14.601057,120.981036,,,,,,,16,2015-07-27,OSP
MNL001 LP16 NP7-8,MNL001,LP16,NP7-8,MNL001 LP16,Zen Tower,MANILA,3,1,BARANGAY 303,,,14.599785,120.980594,,,,,,,16,2015-07-27,OSP
MNL001 LP108 NP5,MNL001,LP108,NP5,MNL001 LP108,Zen Tower,MANILA,3,1,BARANGAY 303,,GOOD EARTH PLAZA,14.599715,120.981129,MNL061,2F,EE ROOM,,,,,2023-07-31,ISP
MNL001 LP108 NP3,MNL001,LP108,NP3,MNL001 LP108,Zen Tower,MANILA,3,1,BARANGAY 303,,GOOD EARTH PLAZA,14.599715,120.981129,MNL061,B1,EE ROOM BUILDING A,,,,,2017-11-13,ISP
MNL001 LP108 NP1,MNL001,LP108,NP1,MNL001 LP108,Zen Tower,MANILA,3,1,BARANGAY 303,,GOOD EARTH PLAZA,14.599715,120.981129,,2F,EE ROOM BUILDING A,MNL061,,,,2017-11-13,ISP
MNL001 LP108 NP4,MNL001,LP108,NP4,MNL001 LP108,Zen Tower,MANILA,3,1,BARANGAY 303,,GOOD EARTH PLAZA,14.599715,120.981129,MNL061,2F,EE ROOM,,,,,2023-07-31,ISP
MNL001 LP108 NP2,MNL001,LP108,NP2,MNL001 LP108,Zen Tower,MANILA,3,1,BARANGAY 303,,GOOD EARTH PLAZA,14.599715,120.981129,,GF,EE ROOM BUILDING A,MNL061,,,,2017-11-13,ISP
MNL003 LP334 NP1-2,MNL003,LP334,NP1-2,MNL003 LP334,City Square,MANILA,3,1,BARANGAY 304,,,14.60258864,120.9808,,,,,,,16,2019-03-30,OSP
MNL003 LP334 NP3-4,MNL003,LP334,NP3-4,MNL003 LP334,City Square,MANILA,3,1,BARANGAY 304,,,14.60317995,120.9808597,,,,,,,16,2019-03-30,OSP
MNL003 LP334 NP5-6,MNL003,LP334,NP5-6,MNL003 LP334,City Square,MANILA,3,1,BARANGAY 304,,,14.603719,120.981119,,,,,,,16,2020-07-29,OSP
MNL003 LP334 NP7-8,MNL003,LP334,NP7-8,MNL003 LP334,City Square,MANILA,3,1,BARANGAY 304,,,14.603628,120.98174,,,,,,,16,2020-07-29,OSP
MNL003 LP437 NP2,MNL003,LP437,NP2,MNL003 LP437,City Square,MANILA,3,1,BARANGAY 304,,LE MAR BEN CONDOMINIUM,14.602346,120.980744,,5F,CONVERGE ROOM,MNL79P,,,,2019-07-03,ISP
MNL003 LP437 NP1,MNL003,LP437,NP1,MNL003 LP437,City Square,MANILA,3,1,BARANGAY 304,,LE MAR BEN CONDOMINIUM,14.602346,120.980744,,3F,CONVERGE ROOM,MNL79P,,,,2019-07-03,ISP
MNL003 LP437 NP3,MNL003,LP437,NP3,MNL003 LP437,City Square,MANILA,3,1,BARANGAY 304,,LE MAR BEN CONDOMINIUM,14.602346,120.980744,,8F,CONVERGE ROOM,MNL79P,,,,2019-07-03,ISP
MNL005 LP156 NP1-2,MNL005,LP156,NP1-2,MNL005 LP156,Orchard Building (City Square 2),MANILA,3,1,BARANGAY 304,,,14.602588,120.980711,,,,,,,16,2021-01-29,OSP
MNL005 LP156 NP3-4,MNL005,LP156,NP3-4,MNL005 LP156,Orchard Building (City Square 2),MANILA,3,1,BARANGAY 304,,,14.603129,120.980865,,,,,,,16,2021-01-29,OSP
MNL005 LP156 NP5-6,MNL005,LP156,NP5-6,MNL005 LP156,Orchard Building (City Square 2),MANILA,3,1,BARANGAY 304,,,14.603732,120.981011,,,,,,,16,2021-01-29,OSP
MNL005 LP156 NP7-8,MNL005,LP156,NP7-8,MNL005 LP156,Orchard Building (City Square 2),MANILA,3,1,BARANGAY 304,,,14.601869,120.980549,,,,,,,16,2021-01-29,OSP
MNL037 LP354 NP3-4,MNL037,LP354,NP3-4,MNL037 LP354,Tayuman,MANILA,3,1,BARANGAY 304,,,14.603134,120.98085,,,,,,,16,2023-02-23,OSP
MNL037 LP354 NP5-6,MNL037,LP354,NP5-6,MNL037 LP354,Tayuman,MANILA,3,1,BARANGAY 304,,,14.602714,120.980729,,,,,,,16,2023-02-23,OSP
MNL037 LP355 NP1-2,MNL037,LP355,NP1-2,MNL037 LP355,Tayuman,MANILA,3,1,BARANGAY 304,,,14.601859,120.980549,,,,,,,16,2023-02-23,OSP
MNL037 LP355 NP3-4,MNL037,LP355,NP3-4,MNL037 LP355,Tayuman,MANILA,3,1,BARANGAY 304,,,14.60171,120.981014,,,,,,,16,2023-02-23,OSP
MNL037 LP354 NP1-2,MNL037,LP354,NP1-2,MNL037 LP354,Tayuman,MANILA,3,1,BARANGAY 304,,,14.603735,120.981014,,,,,,,16,2023-02-23,OSP
MNL003 LP333 NP7-8,MNL003,LP333,NP7-8,MNL003 LP333,City Square,MANILA,3,1,BARANGAY 305,,,14.60162145,120.9803037,,,,,,,16,2019-03-30,OSP
MNL003 LP330 NP1-2,MNL003,LP330,NP1-2,MNL003 LP330,City Square,MANILA,3,1,BARANGAY 305,,,14.60324668,120.9804797,,,,,,,16,2019-03-30,OSP
MNL003 LP330 NP5-6,MNL003,LP330,NP5-6,MNL003 LP330,City Square,MANILA,3,1,BARANGAY 305,,,14.60124983,120.9796342,,,,,,,16,2019-03-30,OSP
MNL003 LP330 NP7-8,MNL003,LP330,NP7-8,MNL003 LP330,City Square,MANILA,3,1,BARANGAY 305,,,14.60296116,120.9797887,,,,,,,16,2019-03-30,OSP
MNL005 LP161 NP1-2,MNL005,LP161,NP1-2,MNL005 LP161,Orchard Building (City Square 2),MANILA,3,1,BARANGAY 305,,,14.601167,120.979581,,,,,,,16,2021-01-29,OSP
MNL005 LP155 NP1-2,MNL005,LP155,NP1-2,MNL005 LP155,Orchard Building (City Square 2),MANILA,3,1,BARANGAY 305,,,14.602965,120.979799,,,,,,,16,2021-01-29,OSP
MNL005 LP155 NP3-4,MNL005,LP155,NP3-4,MNL005 LP155,Orchard Building (City Square 2),MANILA,3,1,BARANGAY 305,,,14.60358,120.97998,,,,,,,16,2021-01-29,OSP
MNL005 LP155 NP5-6,MNL005,LP155,NP5-6,MNL005 LP155,Orchard Building (City Square 2),MANILA,3,1,BARANGAY 305,,,14.602744,120.980336,,,,,,,16,2021-01-29,OSP
MNL005 LP155 NP7-8,MNL005,LP155,NP7-8,MNL005 LP155,Orchard Building (City Square 2),MANILA,3,1,BARANGAY 305,,,14.602998,120.980418,,,,,,,16,2021-01-29,OSP
MNL005 LP157 NP1-2,MNL005,LP157,NP1-2,MNL005 LP157,Orchard Building (City Square 2),MANILA,3,1,BARANGAY 305,,,14.60129,120.980179,,,,,,,16,2021-01-29,OSP
MNL005 LP157 NP5-6,MNL005,LP157,NP5-6,MNL005 LP157,Orchard Building (City Square 2),MANILA,3,1,BARANGAY 305,,,14.600791,120.980232,,,,,,,16,2021-01-29,OSP
MNL005 LP154 NP5-6,MNL005,LP154,NP5-6,MNL005 LP154,Orchard Building (City Square 2),MANILA,3,1,BARANGAY 305,,,14.603178,120.979093,,,,,,,16,2021-01-29,OSP
MNL037 LP370 NP1-2,MNL037,LP370,NP1-2,MNL037 LP370,Tayuman,MANILA,3,1,BARANGAY 305,,,14.604159,120.979542,,,,,,,16,2023-02-23,OSP
MNL037 LP367 NP3-4,MNL037,LP367,NP3-4,MNL037 LP367,Tayuman,MANILA,3,1,BARANGAY 305,,,14.603161,120.979091,,,,,,,16,2023-02-23,OSP
MNL037 LP369 NP1-2,MNL037,LP369,NP1-2,MNL037 LP369,Tayuman,MANILA,3,1,BARANGAY 305,,,14.602965,120.979804,,,,,,,16,2023-02-23,OSP
MNL037 LP369 NP3-4,MNL037,LP369,NP3-4,MNL037 LP369,Tayuman,MANILA,3,1,BARANGAY 305,,,14.603253,120.979885,,,,,,,16,2023-02-23,OSP
MNL037 LP369 NP5-6,MNL037,LP369,NP5-6,MNL037 LP369,Tayuman,MANILA,3,1,BARANGAY 305,,,14.603696,120.980013,,,,,,,16,2023-02-23,OSP
MNL037 LP369 NP7-8,MNL037,LP369,NP7-8,MNL037 LP369,Tayuman,MANILA,3,1,BARANGAY 305,,,14.603947,120.980094,,,,,,,16,2023-02-23,OSP
MNL037 LP359 NP3-4,MNL037,LP359,NP3-4,MNL037 LP359,Tayuman,MANILA,3,1,BARANGAY 305,,,14.602998,120.980424,,,,,,,16,2023-02-23,OSP
MNL037 LP359 NP5-6,MNL037,LP359,NP5-6,MNL037 LP359,Tayuman,MANILA,3,1,BARANGAY 305,,,14.60353,120.980577,,,,,,,16,2023-02-23,OSP
MNL037 LP359 NP7-8,MNL037,LP359,NP7-8,MNL037 LP359,Tayuman,MANILA,3,1,BARANGAY 305,,,14.603697,120.980624,,,,,,,16,2023-02-23,OSP
MNL037 LP360 NP5-6,MNL037,LP360,NP5-6,MNL037 LP360,Tayuman,MANILA,3,1,BARANGAY 305,,,14.601502,120.979778,,,,,,,16,2023-02-23,OSP
MNL037 LP360 NP7-8,MNL037,LP360,NP7-8,MNL037 LP360,Tayuman,MANILA,3,1,BARANGAY 305,,,14.601237,120.979645,,,,,,,16,2023-02-23,OSP
MNL037 LP354 NP7-8,MNL037,LP354,NP7-8,MNL037 LP354,Tayuman,MANILA,3,1,BARANGAY 305,,,14.602146,120.980671,,,,,,,16,2023-02-23,OSP
MNL037 LP355 NP5-6,MNL037,LP355,NP5-6,MNL037 LP355,Tayuman,MANILA,3,1,BARANGAY 305,,,14.601632,120.980441,,,,,,,16,2023-02-23,OSP
MNL037 LP355 NP7-8,MNL037,LP355,NP7-8,MNL037 LP355,Tayuman,MANILA,3,1,BARANGAY 305,,,14.601433,120.98035,,,,,,,16,2023-02-23,OSP
MNL037 LP356 NP3-4,MNL037,LP356,NP3-4,MNL037 LP356,Tayuman,MANILA,3,1,BARANGAY 305,,,14.600918,120.979849,,,,,,,16,2023-02-23,OSP
MNL001 LP16 NP1-2,MNL001,LP16,NP1-2,MNL001 LP16,Zen Tower,MANILA,3,1,BARANGAY 306,,,14.598116,120.98215,,,,,,,16,2015-07-27,OSP
MNL001 LP357 NP1-2,MNL001,LP357,NP1-2,MNL001 LP357,Zen Tower,MANILA,3,1,BARANGAY 306,,,14.597049,120.982867,,,,,,,16,2020-06-09,OSP
MNL001 LP357 NP3-4,MNL001,LP357,NP3-4,MNL001 LP357,Zen Tower,MANILA,3,1,BARANGAY 306,,,14.597559,120.982503,,,,,,,16,2020-06-09,OSP
MNL001 LP357 NP5-6,MNL001,LP357,NP5-6,MNL001 LP357,Zen Tower,MANILA,3,1,BARANGAY 306,,,14.597028,120.982136,,,,,,,16,2020-06-09,OSP
MNL001 LP357 NP7-8,MNL001,LP357,NP7-8,MNL001 LP357,Zen Tower,MANILA,3,1,BARANGAY 306,,,14.598134,120.982122,,,,,,,16,2020-06-09,OSP
MNL001 LP358 NP1-2,MNL001,LP358,NP1-2,MNL001 LP358,Zen Tower,MANILA,3,1,BARANGAY 306,,,14.597666,120.983374,,,,,,,16,2020-06-09,OSP
MNL001 LP358 NP5-6,MNL001,LP358,NP5-6,MNL001 LP358,Zen Tower,MANILA,3,1,BARANGAY 306,,,14.598162,120.982936,,,,,,,16,2020-06-09,OSP
MNL001 LP358 NP7-8,MNL001,LP358,NP7-8,MNL001 LP358,Zen Tower,MANILA,3,1,BARANGAY 306,,,14.598302,120.98243,,,,,,,16,2020-06-09,OSP
MNL001 LP359 NP1-2,MNL001,LP359,NP1-2,MNL001 LP359,Zen Tower,MANILA,3,1,BARANGAY 306,,,14.598284,120.981381,,,,,,,16,2020-06-09,OSP
MNL001 LP359 NP3-4,MNL001,LP359,NP3-4,MNL001 LP359,Zen Tower,MANILA,3,1,BARANGAY 306,,,14.598071,120.981332,,,,,,,16,2020-06-09,OSP
MNL001 LP359 NP5-6,MNL001,LP359,NP5-6,MNL001 LP359,Zen Tower,MANILA,3,1,BARANGAY 306,,,14.598362,120.980825,,,,,,,16,2020-06-09,OSP
MNL001 LP360 NP7-8,MNL001,LP360,NP7-8,MNL001 LP360,Zen Tower,MANILA,3,1,BARANGAY 306,,,14.598685,120.983051,,,,,,,16,2020-06-09,OSP
MNL001 LP21 NP5-6,MNL001,LP21,NP5-6,MNL001 LP21,Zen Tower,MANILA,3,1,BARANGAY 307,,,14.599784,120.982256,,,,,,,16,2015-07-27,OSP
MNL001 LP358 NP3-4,MNL001,LP358,NP3-4,MNL001 LP358,Zen Tower,MANILA,3,1,BARANGAY 307,,,14.597991,120.983555,,,,,,,16,2020-06-09,OSP
MNL001 LP360 NP1-2,MNL001,LP360,NP1-2,MNL001 LP360,Zen Tower,MANILA,3,1,BARANGAY 307,,,14.59889,120.982275,,,,,,,16,2020-06-09,OSP
MNL001 LP360 NP3-4,MNL001,LP360,NP3-4,MNL001 LP360,Zen Tower,MANILA,3,1,BARANGAY 307,,,14.599074,120.981737,,,,,,,16,2020-06-09,OSP
MNL001 LP360 NP5-6,MNL001,LP360,NP5-6,MNL001 LP360,Zen Tower,MANILA,3,1,BARANGAY 307,,,14.598771,120.982647,,,,,,,16,2020-06-09,OSP
MNL001 LP361 NP1-2,MNL001,LP361,NP1-2,MNL001 LP361,Zen Tower,MANILA,3,1,BARANGAY 307,,,14.599267,120.98319,,,,,,,16,2020-06-09,OSP
MNL001 LP482 NP1-2,MNL001,LP482,NP1-2,MNL001 LP482,Zen Tower,MANILA,3,1,BARANGAY 307,,,14.600089,120.983502,,,,,,,16,2019-12-17,OSP
MNL001 LP482 NP3-4,MNL001,LP482,NP3-4,MNL001 LP482,Zen Tower,MANILA,3,1,BARANGAY 307,,,14.599611,120.983467,,,,,,,16,2019-12-17,OSP
MNL001 LP482 NP5-6,MNL001,LP482,NP5-6,MNL001 LP482,Zen Tower,MANILA,3,1,BARANGAY 307,,,14.59972,120.98282,,,,,,,16,2019-12-17,OSP
MNL001 LP482 NP7-8,MNL001,LP482,NP7-8,MNL001 LP482,Zen Tower,MANILA,3,1,BARANGAY 307,,,14.599768,120.982534,,,,,,,16,2019-12-17,OSP
MNL001 LP483 NP1-2,MNL001,LP483,NP1-2,MNL001 LP483,Zen Tower,MANILA,3,1,BARANGAY 307,,,14.600436,120.982518,,,,,,,16,2019-12-17,OSP
MNL001 LP483 NP3-4,MNL001,LP483,NP3-4,MNL001 LP483,Zen Tower,MANILA,3,1,BARANGAY 307,,,14.600531,120.981986,,,,,,,16,2019-12-17,OSP
MNL003 LP121 NP7-8,MNL003,LP121,NP7-8,MNL003 LP121,City Square,MANILA,3,1,BARANGAY 308,,,14.602406,120.983702,,,,,,,16,2018-06-28,OSP
MNL003 LP122 NP5-6,MNL003,LP122,NP5-6,MNL003 LP122,City Square,MANILA,3,1,BARANGAY 308,,,14.600642,120.983845,,,,,,,16,2018-06-28,OSP
MNL003 LP122 NP7-8,MNL003,LP122,NP7-8,MNL003 LP122,City Square,MANILA,3,1,BARANGAY 308,,,14.600659,120.984375,,,,,,,16,2018-06-28,OSP
MNL001 LP428 NP3,MNL001,LP428,NP3,MNL001 LP428,Zen Tower,MANILA,3,1,BARANGAY 308,,ISETANN MALL RECTO,14.602797,120.984419,MNL50P,GF,EE RM,,,,,2023-09-07,ISP
MNL001 LP428 NP1,MNL001,LP428,NP1,MNL001 LP428,Zen Tower,MANILA,3,1,BARANGAY 308,,ISETANN MALL RECTO,14.602797,120.984419,MNL50P,GF,EE RM,,,,,2023-09-07,ISP
MNL001 LP428 NP2,MNL001,LP428,NP2,MNL001 LP428,Zen Tower,MANILA,3,1,BARANGAY 308,,ISETANN MALL RECTO,14.602797,120.984419,MNL50P,GF,EE RM,,,,,2023-09-07,ISP
MNL001 LP428 NP5,MNL001,LP428,NP5,MNL001 LP428,Zen Tower,MANILA,3,1,BARANGAY 308,,ISETANN MALL RECTO,14.602797,120.984419,MNL50P,GF,EE RM,,,,,2023-09-07,ISP
MNL001 LP428 NP4,MNL001,LP428,NP4,MNL001 LP428,Zen Tower,MANILA,3,1,BARANGAY 308,,ISETANN MALL RECTO,14.602797,120.984419,MNL50P,GF,EE RM,,,,,2023-09-07,ISP
MNL003 LP121 NP1-2,MNL003,LP121,NP1-2,MNL003 LP121,City Square,MANILA,3,1,BARANGAY 309,,,14.6023,120.982269,,,,,,,16,2018-06-28,OSP
MNL003 LP121 NP3-4,MNL003,LP121,NP3-4,MNL003 LP121,City Square,MANILA,3,1,BARANGAY 309,,,14.602225,120.982861,,,,,,,16,2018-06-28,OSP
MNL003 LP121 NP5-6,MNL003,LP121,NP5-6,MNL003 LP121,City Square,MANILA,3,1,BARANGAY 309,,,14.602288,120.983245,,,,,,,16,2018-06-28,OSP
MNL003 LP122 NP1-2,MNL003,LP122,NP1-2,MNL003 LP122,City Square,MANILA,3,1,BARANGAY 309,,,14.601491,120.983569,,,,,,,16,2018-06-28,OSP
MNL003 LP122 NP3-4,MNL003,LP122,NP3-4,MNL003 LP122,City Square,MANILA,3,1,BARANGAY 309,,,14.60107,120.98353,,,,,,,16,2018-06-28,OSP
MNL001 LP483 NP5-6,MNL001,LP483,NP5-6,MNL001 LP483,Zen Tower,MANILA,3,1,BARANGAY 309,,,14.600876,120.982701,,,,,,,16,2019-12-17,OSP
MNL001 LP483 NP7-8,MNL001,LP483,NP7-8,MNL001 LP483,Zen Tower,MANILA,3,1,BARANGAY 309,,,14.60096,120.982043,,,,,,,16,2019-12-17,OSP
MNL001 LP484 NP1-2,MNL001,LP484,NP1-2,MNL001 LP484,Zen Tower,MANILA,3,1,BARANGAY 309,,,14.601744,120.98212,,,,,,,16,2019-12-17,OSP
MNL001 LP484 NP3-4,MNL001,LP484,NP3-4,MNL001 LP484,Zen Tower,MANILA,3,1,BARANGAY 309,,,14.601688,120.982533,,,,,,,16,2020-07-30,OSP
MNL001 LP484 NP5-6,MNL001,LP484,NP5-6,MNL001 LP484,Zen Tower,MANILA,3,1,BARANGAY 309,,,14.602047,120.982603,,,,,,,16,2020-07-30,OSP
MNL001 LP484 NP7-8,MNL001,LP484,NP7-8,MNL001 LP484,Zen Tower,MANILA,3,1,BARANGAY 309,,,14.602381,120.982273,,,,,,,16,2019-12-17,OSP
MNL003 LP220 NP3-4,MNL003,LP220,NP3-4,MNL003 LP220,City Square,MANILA,3,1,BARANGAY 31,,,14.6052199,120.9644871,,,,,,,16,2019-02-12,OSP
MNL005 LP415 NP1-2,MNL005,LP415,NP1-2,MNL005 LP415,Orchard Building (City Square 2),MANILA,3,1,BARANGAY 31,,,14.604813,120.963498,,,,,,,16,2021-11-01,OSP
MNL005 LP415 NP3-5,MNL005,LP415,NP3-5,MNL005 LP415,Orchard Building (City Square 2),MANILA,3,1,BARANGAY 31,,,14.604863,120.963768,,,,,,,24,2021-11-01,OSP
MNL005 LP415 NP6-8,MNL005,LP415,NP6-8,MNL005 LP415,Orchard Building (City Square 2),MANILA,3,1,BARANGAY 31,,,14.604952,120.964114,,,,,,,24,2021-11-01,OSP
MNL005 LP417 NP1-2,MNL005,LP417,NP1-2,MNL005 LP417,Orchard Building (City Square 2),MANILA,3,1,BARANGAY 31,,,14.605215,120.964489,,,,,,,16,2021-11-01,OSP
MNL005 LP409 NP6-8,MNL005,LP409,NP6-8,MNL005 LP409,Orchard Building (City Square 2),MANILA,3,1,BARANGAY 31,,,14.604511,120.963873,,,,,,,24,2021-11-01,OSP
MNL005 LP410 NP1-2,MNL005,LP410,NP1-2,MNL005 LP410,Orchard Building (City Square 2),MANILA,3,1,BARANGAY 31,,,14.604639,120.96422,,,,,,,16,2021-11-01,OSP
MNL005 LP410 NP3-5,MNL005,LP410,NP3-5,MNL005 LP410,Orchard Building (City Square 2),MANILA,3,1,BARANGAY 31,,,14.604639,120.96422,,,,,,,24,2021-11-01,OSP
MNL005 LP410 NP6-8,MNL005,LP410,NP6-8,MNL005 LP410,Orchard Building (City Square 2),MANILA,3,1,BARANGAY 31,,,14.604695,120.964583,,,,,,,24,2021-11-01,OSP
MNL005 LP412 NP6-8,MNL005,LP412,NP6-8,MNL005 LP412,Orchard Building (City Square 2),MANILA,3,1,BARANGAY 31,,,14.604669,120.963658,,,,,,,24,2021-11-01,OSP
MNL005 LP413 NP1-2,MNL005,LP413,NP1-2,MNL005 LP413,Orchard Building (City Square 2),MANILA,3,1,BARANGAY 31,,,14.604716,120.963794,,,,,,,16,2021-11-01,OSP
MNL005 LP413 NP3-5,MNL005,LP413,NP3-5,MNL005 LP413,Orchard Building (City Square 2),MANILA,3,1,BARANGAY 31,,,14.604716,120.963794,,,,,,,24,2021-11-01,OSP
MNL005 LP413 NP6-8,MNL005,LP413,NP6-8,MNL005 LP413,Orchard Building (City Square 2),MANILA,3,1,BARANGAY 31,,,14.604816,120.964167,,,,,,,24,2021-11-01,OSP
MNL005 LP405 NP6-8,MNL005,LP405,NP6-8,MNL005 LP405,Orchard Building (City Square 2),MANILA,3,1,BARANGAY 31,,,14.604514,120.964466,,,,,,,24,2021-11-01,OSP
MNL005 LP406 NP1-2,MNL005,LP406,NP1-2,MNL005 LP406,Orchard Building (City Square 2),MANILA,3,1,BARANGAY 31,,,14.604514,120.964466,,,,,,,16,2021-11-01,OSP
MNL005 LP406 NP3-5,MNL005,LP406,NP3-5,MNL005 LP406,Orchard Building (City Square 2),MANILA,3,1,BARANGAY 31,,,14.604459,120.964264,,,,,,,24,2021-11-01,OSP
MNL005 LP406 NP6-8,MNL005,LP406,NP6-8,MNL005 LP406,Orchard Building (City Square 2),MANILA,3,1,BARANGAY 31,,,14.604348,120.963891,,,,,,,24,2021-11-01,OSP
MNL005 LP407 NP1-2,MNL005,LP407,NP1-2,MNL005 LP407,Orchard Building (City Square 2),MANILA,3,1,BARANGAY 31,,,14.60427,120.963617,,,,,,,16,2021-11-01,OSP
MNL005 LP407 NP3-5,MNL005,LP407,NP3-5,MNL005 LP407,Orchard Building (City Square 2),MANILA,3,1,BARANGAY 31,,,14.60427,120.963617,,,,,,,24,2021-11-01,OSP
MNL005 LP402 NP1-2,MNL005,LP402,NP1-2,MNL005 LP402,Orchard Building (City Square 2),MANILA,3,1,BARANGAY 31,,,14.604294,120.964306,,,,,,,16,2021-11-01,OSP
MNL005 LP402 NP3-5,MNL005,LP402,NP3-5,MNL005 LP402,Orchard Building (City Square 2),MANILA,3,1,BARANGAY 31,,,14.604294,120.964306,,,,,,,24,2021-11-01,OSP
MNL005 LP402 NP6-8,MNL005,LP402,NP6-8,MNL005 LP402,Orchard Building (City Square 2),MANILA,3,1,BARANGAY 31,,,14.60417,120.963931,,,,,,,24,2021-11-01,OSP
MNL005 LP47 NP1-2,MNL005,LP47,NP1-2,MNL005 LP47,Orchard Building (City Square 2),MANILA,3,1,BARANGAY 31,,,14.605222,120.964477,,,,,,,16,2020-09-25,OSP
MNL003 LP276 NP3-4,MNL003,LP276,NP3-4,MNL003 LP276,City Square,MANILA,3,1,BARANGAY 310,,,14.6050699,120.9852905,,,,,,,16,2019-03-14,OSP
MNL003 LP276 NP5-6,MNL003,LP276,NP5-6,MNL003 LP276,City Square,MANILA,3,1,BARANGAY 310,,,14.60464037,120.9851854,,,,,,,16,2019-03-14,OSP
MNL003 LP276 NP7-8,MNL003,LP276,NP7-8,MNL003 LP276,City Square,MANILA,3,1,BARANGAY 310,,,14.60414753,120.985087,,,,,,,16,2019-03-14,OSP
MNL003 LP277 NP1-2,MNL003,LP277,NP1-2,MNL003 LP277,City Square,MANILA,3,1,BARANGAY 310,,,14.60508491,120.9846836,,,,,,,16,2019-03-14,OSP
MNL003 LP277 NP3-4,MNL003,LP277,NP3-4,MNL003 LP277,City Square,MANILA,3,1,BARANGAY 310,,,14.60514466,120.9846535,,,,,,,16,2019-03-14,OSP
MNL003 LP277 NP5-6,MNL003,LP277,NP5-6,MNL003 LP277,City Square,MANILA,3,1,BARANGAY 310,,,14.60478282,120.9847352,,,,,,,16,2019-03-14,OSP
MNL003 LP277 NP7-8,MNL003,LP277,NP7-8,MNL003 LP277,City Square,MANILA,3,1,BARANGAY 310,,,14.60437331,120.9843362,,,,,,,16,2019-03-14,OSP
MNL003 LP279 NP1-2,MNL003,LP279,NP1-2,MNL003 LP279,City Square,MANILA,3,1,BARANGAY 310,,,14.60483757,120.9826945,,,,,,,16,2019-03-14,OSP
MNL003 LP279 NP3-4,MNL003,LP279,NP3-4,MNL003 LP279,City Square,MANILA,3,1,BARANGAY 310,,,14.60458964,120.9826656,,,,,,,16,2019-03-14,OSP
MNL003 LP279 NP5-6,MNL003,LP279,NP5-6,MNL003 LP279,City Square,MANILA,3,1,BARANGAY 310,,,14.603959,120.982519,,,,,,,16,2020-07-29,OSP
MNL003 LP279 NP7-8,MNL003,LP279,NP7-8,MNL003 LP279,City Square,MANILA,3,1,BARANGAY 310,,,14.60384,120.982054,,,,,,,16,2020-07-29,OSP
MNL037 LP405 NP6-8,MNL037,LP405,NP6-8,MNL037 LP405,Tayuman,MANILA,3,1,BARANGAY 310,,,14.605309,120.985316,,,,,,,24,2023-02-22,OSP
MNL037 LP406 NP1-2,MNL037,LP406,NP1-2,MNL037 LP406,Tayuman,MANILA,3,1,BARANGAY 310,,,14.605053,120.985257,,,,,,,16,2023-02-22,OSP
MNL037 LP406 NP3-5,MNL037,LP406,NP3-5,MNL037 LP406,Tayuman,MANILA,3,1,BARANGAY 310,,,14.605053,120.985257,,,,,,,24,2023-02-22,OSP
MNL037 LP406 NP6-8,MNL037,LP406,NP6-8,MNL037 LP406,Tayuman,MANILA,3,1,BARANGAY 310,,,14.605053,120.985257,,,,,,,24,2023-02-22,OSP
MNL037 LP407 NP1-2,MNL037,LP407,NP1-2,MNL037 LP407,Tayuman,MANILA,3,1,BARANGAY 310,,,14.604518,120.985157,,,,,,,16,2023-02-22,OSP
MNL037 LP407 NP3-5,MNL037,LP407,NP3-5,MNL037 LP407,Tayuman,MANILA,3,1,BARANGAY 310,,,14.604518,120.985157,,,,,,,24,2023-02-22,OSP
MNL037 LP407 NP6-8,MNL037,LP407,NP6-8,MNL037 LP407,Tayuman,MANILA,3,1,BARANGAY 310,,,14.604518,120.985157,,,,,,,24,2023-02-22,OSP
MNL037 LP408 NP1-2,MNL037,LP408,NP1-2,MNL037 LP408,Tayuman,MANILA,3,1,BARANGAY 310,,,14.603828,120.985018,,,,,,,16,2023-02-22,OSP
MNL037 LP408 NP3-5,MNL037,LP408,NP3-5,MNL037 LP408,Tayuman,MANILA,3,1,BARANGAY 310,,,14.603828,120.985018,,,,,,,24,2023-02-22,OSP
MNL037 LP408 NP6-8,MNL037,LP408,NP6-8,MNL037 LP408,Tayuman,MANILA,3,1,BARANGAY 310,,,14.603828,120.985018,,,,,,,24,2023-02-22,OSP
MNL037 LP409 NP1-2,MNL037,LP409,NP1-2,MNL037 LP409,Tayuman,MANILA,3,1,BARANGAY 310,,,14.605096,120.984771,,,,,,,16,2023-02-22,OSP
MNL037 LP409 NP3-5,MNL037,LP409,NP3-5,MNL037 LP409,Tayuman,MANILA,3,1,BARANGAY 310,,,14.605096,120.984771,,,,,,,24,2023-02-22,OSP
MNL037 LP409 NP6-8,MNL037,LP409,NP6-8,MNL037 LP409,Tayuman,MANILA,3,1,BARANGAY 310,,,14.605096,120.984771,,,,,,,24,2023-02-22,OSP
MNL037 LP405 NP3-5,MNL037,LP405,NP3-5,MNL037 LP405,Tayuman,MANILA,3,1,BARANGAY 310,,,14.605309,120.985316,,,,,,,24,2023-02-22,OSP
MNL037 LP393 NP1-2,MNL037,LP393,NP1-2,MNL037 LP393,Tayuman,MANILA,3,1,BARANGAY 310,,,14.604609,120.982652,,,,,,,16,2023-02-22,OSP
MNL037 LP393 NP3-5,MNL037,LP393,NP3-5,MNL037 LP393,Tayuman,MANILA,3,1,BARANGAY 310,,,14.604263,120.982583,,,,,,,24,2023-02-22,OSP
MNL037 LP393 NP6-8,MNL037,LP393,NP6-8,MNL037 LP393,Tayuman,MANILA,3,1,BARANGAY 310,,,14.603972,120.98252,,,,,,,24,2023-02-22,OSP
MNL037 LP352 NP3-4,MNL037,LP352,NP3-4,MNL037 LP352,Tayuman,MANILA,3,1,BARANGAY 310,,,14.603845,120.982044,,,,,,,16,2023-02-22,OSP
MNL037 LP410 NP1-2,MNL037,LP410,NP1-2,MNL037 LP410,Tayuman,MANILA,3,1,BARANGAY 310,,,14.604791,120.984735,,,,,,,16,2023-02-22,OSP
MNL037 LP410 NP3-5,MNL037,LP410,NP3-5,MNL037 LP410,Tayuman,MANILA,3,1,BARANGAY 310,,,14.604791,120.984735,,,,,,,24,2023-02-22,OSP
MNL037 LP410 NP6-8,MNL037,LP410,NP6-8,MNL037 LP410,Tayuman,MANILA,3,1,BARANGAY 310,,,14.604791,120.984735,,,,,,,24,2023-02-22,OSP
MNL003 LP276 NP1-2,MNL003,LP276,NP1-2,MNL003 LP276,City Square,MANILA,3,1,BARANGAY 311,,,14.60603338,120.9854432,,,,,,,16,2019-03-14,OSP
MNL003 LP278 NP3-4,MNL003,LP278,NP3-4,MNL003 LP278,City Square,MANILA,3,1,BARANGAY 311,,,14.60654383,120.9839832,,,,,,,16,2019-03-14,OSP
MNL003 LP278 NP5-6,MNL003,LP278,NP5-6,MNL003 LP278,City Square,MANILA,3,1,BARANGAY 311,,,14.60686364,120.9840226,,,,,,,16,2019-03-14,OSP
MNL003 LP275 NP7-8,MNL003,LP275,NP7-8,MNL003 LP275,City Square,MANILA,3,1,BARANGAY 311,,,14.60752475,120.9848154,,,,,,,16,2019-03-14,OSP
MNL037 LP27 NP5-6,MNL037,LP27,NP5-6,MNL037 LP27,Tayuman,MANILA,3,1,BARANGAY 311,,,14.60755,120.984401,,,,,,,16,2020-10-26,OSP
MNL037 LP27 NP7-8,MNL037,LP27,NP7-8,MNL037 LP27,Tayuman,MANILA,3,1,BARANGAY 311,,,14.607091,120.984386,,,,,,,16,2020-10-26,OSP
MNL037 LP28 NP3-4,MNL037,LP28,NP3-4,MNL037 LP28,Tayuman,MANILA,3,1,BARANGAY 311,,,14.607207,120.984067,,,,,,,16,2020-10-26,OSP
MNL037 LP28 NP5-6,MNL037,LP28,NP5-6,MNL037 LP28,Tayuman,MANILA,3,1,BARANGAY 311,,,14.606879,120.984026,,,,,,,16,2020-10-26,OSP
MNL037 LP401 NP3-5,MNL037,LP401,NP3-5,MNL037 LP401,Tayuman,MANILA,3,1,BARANGAY 311,,,14.607335,120.984769,,,,,,,24,2023-02-22,OSP
MNL037 LP401 NP6-8,MNL037,LP401,NP6-8,MNL037 LP401,Tayuman,MANILA,3,1,BARANGAY 311,,,14.607335,120.984769,,,,,,,24,2023-02-22,OSP
MNL037 LP404 NP1-2,MNL037,LP404,NP1-2,MNL037 LP404,Tayuman,MANILA,3,1,BARANGAY 311,,,14.607066,120.985655,,,,,,,16,2023-02-22,OSP
MNL037 LP404 NP3-5,MNL037,LP404,NP3-5,MNL037 LP404,Tayuman,MANILA,3,1,BARANGAY 311,,,14.606761,120.985591,,,,,,,24,2023-02-22,OSP
MNL037 LP404 NP6-8,MNL037,LP404,NP6-8,MNL037 LP404,Tayuman,MANILA,3,1,BARANGAY 311,,,14.606414,120.985518,,,,,,,24,2023-02-22,OSP
MNL037 LP405 NP1-2,MNL037,LP405,NP1-2,MNL037 LP405,Tayuman,MANILA,3,1,BARANGAY 311,,,14.605894,120.985435,,,,,,,16,2023-02-22,OSP
MNL037 LP398 NP3-5,MNL037,LP398,NP3-5,MNL037 LP398,Tayuman,MANILA,3,1,BARANGAY 311,,,14.6065,120.983993,,,,,,,24,2023-02-22,OSP
MNL037 LP398 NP6-8,MNL037,LP398,NP6-8,MNL037 LP398,Tayuman,MANILA,3,1,BARANGAY 311,,,14.6065,120.983993,,,,,,,24,2023-02-22,OSP
MNL037 LP397 NP6-8,MNL037,LP397,NP6-8,MNL037 LP397,Tayuman,MANILA,3,1,BARANGAY 311,,,14.607563,120.984409,,,,,,,24,2023-02-22,OSP
MNL037 LP398 NP1-2,MNL037,LP398,NP1-2,MNL037 LP398,Tayuman,MANILA,3,1,BARANGAY 311,,,14.607204,120.984059,,,,,,,16,2023-02-22,OSP
MNL003 LP278 NP1-2,MNL003,LP278,NP1-2,MNL003 LP278,City Square,MANILA,3,1,BARANGAY 312,,,14.60659842,120.9830298,,,,,,,16,2019-03-14,OSP
MNL003 LP278 NP7-8,MNL003,LP278,NP7-8,MNL003 LP278,City Square,MANILA,3,1,BARANGAY 312,,,14.60528894,120.9828029,,,,,,,16,2019-03-14,OSP
MNL037 LP41 NP3-4,MNL037,LP41,NP3-4,MNL037 LP41,Tayuman,MANILA,3,1,BARANGAY 312,,,14.607097,120.983067,,,,,,,16,2020-10-26,OSP
MNL037 LP40 NP7-8,MNL037,LP40,NP7-8,MNL037 LP40,Tayuman,MANILA,3,1,BARANGAY 312,,,14.607073,120.983474,,,,,,,16,2020-10-26,OSP
MNL037 LP392 NP6-8,MNL037,LP392,NP6-8,MNL037 LP392,Tayuman,MANILA,3,1,BARANGAY 312,,,14.605369,120.982819,,,,,,,24,2023-02-22,OSP
MNL037 LP394 NP1-2,MNL037,LP394,NP1-2,MNL037 LP394,Tayuman,MANILA,3,1,BARANGAY 312,,,14.607074,120.98348,,,,,,,16,2023-02-22,OSP
MNL037 LP391 NP7-8,MNL037,LP391,NP7-8,MNL037 LP391,Tayuman,MANILA,3,1,BARANGAY 312,,,14.6071,120.983071,,,,,,,16,2023-02-22,OSP
MNL037 LP392 NP1-2,MNL037,LP392,NP1-2,MNL037 LP392,Tayuman,MANILA,3,1,BARANGAY 312,,,14.606603,120.983033,,,,,,,16,2023-02-22,OSP
MNL037 LP392 NP3-5,MNL037,LP392,NP3-5,MNL037 LP392,Tayuman,MANILA,3,1,BARANGAY 312,,,14.606263,120.982886,,,,,,,24,2023-02-22,OSP
MNL037 LP389 NP1-2,MNL037,LP389,NP1-2,MNL037 LP389,Tayuman,MANILA,3,1,BARANGAY 312,,,14.606602,120.982595,,,,,,,16,2023-02-22,OSP
MNL037 LP372 NP5-6,MNL037,LP372,NP5-6,MNL037 LP372,Tayuman,MANILA,3,1,BARANGAY 312,,,14.606998,120.982265,,,,,,,16,2023-02-22,OSP
MNL037 LP351 NP1-2,MNL037,LP351,NP1-2,MNL037 LP351,Tayuman,MANILA,3,1,BARANGAY 312,,,14.606998,120.982265,,,,,,,16,2023-02-22,OSP
MNL037 LP351 NP3-4,MNL037,LP351,NP3-4,MNL037 LP351,Tayuman,MANILA,3,1,BARANGAY 312,,,14.606633,120.982234,,,,,,,16,2023-02-22,OSP
MNL037 LP53 NP1-2,MNL037,LP53,NP1-2,MNL037 LP53,Tayuman,MANILA,3,1,BARANGAY 312,,,14.60768,120.982684,,,,,,,16,2020-10-26,OSP
MNL037 LP53 NP3-4,MNL037,LP53,NP3-4,MNL037 LP53,Tayuman,MANILA,3,1,BARANGAY 312,,,14.607488,120.982615,,,,,,,16,2020-10-26,OSP
MNL037 LP53 NP5-6,MNL037,LP53,NP5-6,MNL037 LP53,Tayuman,MANILA,3,1,BARANGAY 312,,,14.606975,120.982574,,,,,,,16,2020-10-26,OSP
MNL037 LP53 NP7-8,MNL037,LP53,NP7-8,MNL037 LP53,Tayuman,MANILA,3,1,BARANGAY 312,,,14.606591,120.982598,,,,,,,16,2021-03-11,OSP
MNL001 LP23 NP5-6,MNL001,LP23,NP5-6,MNL001 LP23,Zen Tower,MANILA,3,1,BARANGAY 312,,,14.607622,120.98349,,,,,,,16,2015-07-27,OSP
MNL003 LP261 NP7-8,MNL003,LP261,NP7-8,MNL003 LP261,City Square,MANILA,3,1,BARANGAY 313,,,14.60520379,120.9807631,,,,,,,16,2019-02-27,OSP
MNL037 LP214 NP5-6,MNL037,LP214,NP5-6,MNL037 LP214,Tayuman,MANILA,3,1,BARANGAY 313,,,14.605351,120.979835,,,,,,,16,2020-11-28,OSP
MNL037 LP215 NP1-2,MNL037,LP215,NP1-2,MNL037 LP215,Tayuman,MANILA,3,1,BARANGAY 313,,,14.604888,120.980203,,,,,,,16,2020-11-28,OSP
MNL037 LP215 NP3-4,MNL037,LP215,NP3-4,MNL037 LP215,Tayuman,MANILA,3,1,BARANGAY 313,,,14.604203,120.980094,,,,,,,16,2020-11-28,OSP
MNL037 LP216 NP3-4,MNL037,LP216,NP3-4,MNL037 LP216,Tayuman,MANILA,3,1,BARANGAY 313,,,14.60463,120.980769,,,,,,,16,2020-11-28,OSP
MNL037 LP216 NP5-6,MNL037,LP216,NP5-6,MNL037 LP216,Tayuman,MANILA,3,1,BARANGAY 313,,,14.604052,120.980692,,,,,,,16,2020-11-28,OSP
MNL037 LP217 NP5-6,MNL037,LP217,NP5-6,MNL037 LP217,Tayuman,MANILA,3,1,BARANGAY 313,,,14.604991,120.979468,,,,,,,16,2020-11-28,OSP
MNL037 LP217 NP7-8,MNL037,LP217,NP7-8,MNL037 LP217,Tayuman,MANILA,3,1,BARANGAY 313,,,14.604525,120.979279,,,,,,,16,2020-11-28,OSP
MNL037 LP218 NP1-2,MNL037,LP218,NP1-2,MNL037 LP218,Tayuman,MANILA,3,1,BARANGAY 313,,,14.604559,120.978823,,,,,,,16,2020-11-28,OSP
MNL037 LP218 NP3-4,MNL037,LP218,NP3-4,MNL037 LP218,Tayuman,MANILA,3,1,BARANGAY 313,,,14.604747,120.978324,,,,,,,16,2020-11-28,OSP
MNL037 LP387 NP5-6,MNL037,LP387,NP5-6,MNL037 LP387,Tayuman,MANILA,3,1,BARANGAY 313,,,14.604746,120.979439,,,,,,,16,2023-02-22,OSP
MNL037 LP383 NP7-8,MNL037,LP383,NP7-8,MNL037 LP383,Tayuman,MANILA,3,1,BARANGAY 313,,,14.604898,120.98022,,,,,,,16,2023-02-22,OSP
MNL037 LP373 NP7-8,MNL037,LP373,NP7-8,MNL037 LP373,Tayuman,MANILA,3,1,BARANGAY 313,,,14.604404,120.981884,,,,,,,16,2023-02-21,OSP
MNL037 LP374 NP5-6,MNL037,LP374,NP5-6,MNL037 LP374,Tayuman,MANILA,3,1,BARANGAY 313,,,14.60464,120.980772,,,,,,,16,2023-02-21,OSP
MNL037 LP370 NP5-6,MNL037,LP370,NP5-6,MNL037 LP370,Tayuman,MANILA,3,1,BARANGAY 313,,,14.604447,120.979104,,,,,,,16,2023-02-23,OSP
MNL037 LP370 NP7-8,MNL037,LP370,NP7-8,MNL037 LP370,Tayuman,MANILA,3,1,BARANGAY 313,,,14.604547,120.978838,,,,,,,16,2023-02-23,OSP
MNL037 LP352 NP1-2,MNL037,LP352,NP1-2,MNL037 LP352,Tayuman,MANILA,3,1,BARANGAY 313,,,14.604404,120.981884,,,,,,,16,2023-02-22,OSP
MNL037 LP352 NP5-6,MNL037,LP352,NP5-6,MNL037 LP352,Tayuman,MANILA,3,1,BARANGAY 313,,,14.603896,120.981587,,,,,,,16,2023-02-22,OSP
MNL037 LP352 NP7-8,MNL037,LP352,NP7-8,MNL037 LP352,Tayuman,MANILA,3,1,BARANGAY 313,,,14.604021,120.980711,,,,,,,16,2023-02-22,OSP
MNL037 LP353 NP1-2,MNL037,LP353,NP1-2,MNL037 LP353,Tayuman,MANILA,3,1,BARANGAY 313,,,14.604228,120.979988,,,,,,,16,2023-02-22,OSP
MNL037 LP353 NP3-4,MNL037,LP353,NP3-4,MNL037 LP353,Tayuman,MANILA,3,1,BARANGAY 313,,,14.604512,120.979278,,,,,,,16,2023-02-22,OSP
MNL037 LP353 NP5-6,MNL037,LP353,NP5-6,MNL037 LP353,Tayuman,MANILA,3,1,BARANGAY 313,,,14.604547,120.978838,,,,,,,16,2023-02-22,OSP
MNL037 LP353 NP7-8,MNL037,LP353,NP7-8,MNL037 LP353,Tayuman,MANILA,3,1,BARANGAY 313,,,14.604738,120.978345,,,,,,,16,2023-02-22,OSP
MNL037 LP92 NP7-8,MNL037,LP92,NP7-8,MNL037 LP92,Tayuman,MANILA,3,1,BARANGAY 313,,,14.604398,120.981879,,,,,,,16,2020-09-29,OSP
MNL003 LP261 NP3-4,MNL003,LP261,NP3-4,MNL003 LP261,City Square,MANILA,3,1,BARANGAY 314,,,14.60540412,120.9794223,,,,,,,16,2019-02-27,OSP
MNL003 LP261 NP5-6,MNL003,LP261,NP5-6,MNL003 LP261,City Square,MANILA,3,1,BARANGAY 314,,,14.60526753,120.9802843,,,,,,,16,2019-02-27,OSP
MNL003 LP262 NP1-2,MNL003,LP262,NP1-2,MNL003 LP262,City Square,MANILA,3,1,BARANGAY 314,,,14.60584413,120.9819534,,,,,,,16,2019-02-27,OSP
MNL003 LP321 NP3-4,MNL003,LP321,NP3-4,MNL003 LP321,City Square,MANILA,3,1,BARANGAY 314,,,14.606385,120.980435,,,,,,,16,2019-06-04,OSP
MNL003 LP321 NP5-6,MNL003,LP321,NP5-6,MNL003 LP321,City Square,MANILA,3,1,BARANGAY 314,,,14.605622,120.980323,,,,,,,16,2019-06-04,OSP
MNL003 LP321 NP7-8,MNL003,LP321,NP7-8,MNL003 LP321,City Square,MANILA,3,1,BARANGAY 314,,,14.605548,120.980939,,,,,,,16,2019-06-04,OSP
MNL003 LP320 NP1-2,MNL003,LP320,NP1-2,MNL003 LP320,City Square,MANILA,3,1,BARANGAY 314,,,14.605854,120.979612,,,,,,,16,2019-06-04,OSP
MNL037 LP212 NP3-4,MNL037,LP212,NP3-4,MNL037 LP212,Tayuman,MANILA,3,1,BARANGAY 314,,,14.605553,120.980927,,,,,,,16,2020-11-28,OSP
MNL037 LP213 NP3-4,MNL037,LP213,NP3-4,MNL037 LP213,Tayuman,MANILA,3,1,BARANGAY 314,,,14.606,120.980373,,,,,,,16,2020-11-28,OSP
MNL037 LP214 NP1-2,MNL037,LP214,NP1-2,MNL037 LP214,Tayuman,MANILA,3,1,BARANGAY 314,,,14.606441,120.980009,,,,,,,16,2020-11-28,OSP
MNL037 LP214 NP3-4,MNL037,LP214,NP3-4,MNL037 LP214,Tayuman,MANILA,3,1,BARANGAY 314,,,14.60603,120.979946,,,,,,,16,2020-11-28,OSP
MNL037 LP214 NP7-8,MNL037,LP214,NP7-8,MNL037 LP214,Tayuman,MANILA,3,1,BARANGAY 314,,,14.605292,120.980286,,,,,,,16,2020-11-28,OSP
MNL037 LP216 NP1-2,MNL037,LP216,NP1-2,MNL037 LP216,Tayuman,MANILA,3,1,BARANGAY 314,,,14.605256,120.980743,,,,,,,16,2020-11-28,OSP
MNL037 LP217 NP1-2,MNL037,LP217,NP1-2,MNL037 LP217,Tayuman,MANILA,3,1,BARANGAY 314,,,14.605397,120.979545,,,,,,,16,2020-11-28,OSP
MNL037 LP217 NP3-4,MNL037,LP217,NP3-4,MNL037 LP217,Tayuman,MANILA,3,1,BARANGAY 314,,,14.6055,120.97902,,,,,,,16,2020-11-28,OSP
MNL037 LP211 NP7-8,MNL037,LP211,NP7-8,MNL037 LP211,Tayuman,MANILA,3,1,BARANGAY 314,,,14.606197,120.981045,,,,,,,16,2020-11-28,OSP
MNL037 LP212 NP1-2,MNL037,LP212,NP1-2,MNL037 LP212,Tayuman,MANILA,3,1,BARANGAY 314,,,14.605837,120.98099,,,,,,,16,2020-11-28,OSP
MNL037 LP387 NP1-2,MNL037,LP387,NP1-2,MNL037 LP387,Tayuman,MANILA,3,1,BARANGAY 314,,,14.606033,120.979942,,,,,,,16,2023-02-22,OSP
MNL037 LP387 NP3-4,MNL037,LP387,NP3-4,MNL037 LP387,Tayuman,MANILA,3,1,BARANGAY 314,,,14.605403,120.979547,,,,,,,16,2023-02-22,OSP
MNL037 LP387 NP7-8,MNL037,LP387,NP7-8,MNL037 LP387,Tayuman,MANILA,3,1,BARANGAY 314,,,14.605551,120.978737,,,,,,,16,2023-02-22,OSP
MNL037 LP388 NP1-2,MNL037,LP388,NP1-2,MNL037 LP388,Tayuman,MANILA,3,1,BARANGAY 314,,,14.605768,120.979599,,,,,,,16,2023-02-22,OSP
MNL037 LP388 NP3-4,MNL037,LP388,NP3-4,MNL037 LP388,Tayuman,MANILA,3,1,BARANGAY 314,,,14.606088,120.979648,,,,,,,16,2023-02-22,OSP
MNL037 LP388 NP5-6,MNL037,LP388,NP5-6,MNL037 LP388,Tayuman,MANILA,3,1,BARANGAY 314,,,14.606483,120.979713,,,,,,,16,2023-02-22,OSP
MNL037 LP383 NP1-2,MNL037,LP383,NP1-2,MNL037 LP383,Tayuman,MANILA,3,1,BARANGAY 314,,,14.606001,120.980383,,,,,,,16,2023-02-22,OSP
MNL037 LP383 NP3-4,MNL037,LP383,NP3-4,MNL037 LP383,Tayuman,MANILA,3,1,BARANGAY 314,,,14.605622,120.980326,,,,,,,16,2023-02-22,OSP
MNL037 LP383 NP5-6,MNL037,LP383,NP5-6,MNL037 LP383,Tayuman,MANILA,3,1,BARANGAY 314,,,14.60529,120.980281,,,,,,,16,2023-02-22,OSP
MNL037 LP373 NP5-6,MNL037,LP373,NP5-6,MNL037 LP373,Tayuman,MANILA,3,1,BARANGAY 314,,,14.60518,120.981913,,,,,,,16,2023-02-21,OSP
MNL037 LP374 NP1-2,MNL037,LP374,NP1-2,MNL037 LP374,Tayuman,MANILA,3,1,BARANGAY 314,,,14.605194,120.98162,,,,,,,16,2023-02-21,OSP
MNL037 LP374 NP3-4,MNL037,LP374,NP3-4,MNL037 LP374,Tayuman,MANILA,3,1,BARANGAY 314,,,14.60524,120.980893,,,,,,,16,2023-02-21,OSP
MNL037 LP374 NP7-8,MNL037,LP374,NP7-8,MNL037 LP374,Tayuman,MANILA,3,1,BARANGAY 314,,,14.605826,120.980995,,,,,,,16,2023-02-21,OSP
MNL037 LP373 NP1-2,MNL037,LP373,NP1-2,MNL037 LP373,Tayuman,MANILA,3,1,BARANGAY 314,,,14.606136,120.982001,,,,,,,16,2023-02-22,OSP
MNL037 LP373 NP3-4,MNL037,LP373,NP3-4,MNL037 LP373,Tayuman,MANILA,3,1,BARANGAY 314,,,14.605919,120.981985,,,,,,,16,2023-02-21,OSP
MNL037 LP351 NP5-6,MNL037,LP351,NP5-6,MNL037 LP351,Tayuman,MANILA,3,1,BARANGAY 314,,,14.605919,120.981985,,,,,,,16,2023-02-22,OSP
MNL037 LP351 NP7-8,MNL037,LP351,NP7-8,MNL037 LP351,Tayuman,MANILA,3,1,BARANGAY 314,,,14.605165,120.981924,,,,,,,16,2023-02-22,OSP
MNL037 LP92 NP1-2,MNL037,LP92,NP1-2,MNL037 LP92,Tayuman,MANILA,3,1,BARANGAY 314,,,14.606397,120.982029,,,,,,,16,2020-09-29,OSP
MNL037 LP92 NP3-4,MNL037,LP92,NP3-4,MNL037 LP92,Tayuman,MANILA,3,1,BARANGAY 314,,,14.605931,120.982002,,,,,,,16,2020-09-29,OSP
MNL037 LP92 NP5-6,MNL037,LP92,NP5-6,MNL037 LP92,Tayuman,MANILA,3,1,BARANGAY 314,,,14.605169,120.981928,,,,,,,16,2020-09-29,OSP
MNL001 LP23 NP1-2,MNL001,LP23,NP1-2,MNL001 LP23,Zen Tower,MANILA,3,1,BARANGAY 314,,,14.605689,120.980962,,,,,,,16,2015-07-27,OSP
MNL003 LP275 NP3-4,MNL003,LP275,NP3-4,MNL003 LP275,City Square,MANILA,3,1,BARANGAY 315,,,14.60761794,120.9831397,,,,,,,16,2019-03-14,OSP
MNL003 LP275 NP5-6,MNL003,LP275,NP5-6,MNL003 LP275,City Square,MANILA,3,1,BARANGAY 315,,,14.60756325,120.9840893,,,,,,,16,2019-03-14,OSP
MNL003 LP336 NP3-4,MNL003,LP336,NP3-4,MNL003 LP336,City Square,MANILA,3,1,BARANGAY 315,,,14.60870164,120.9831925,,,,,,,16,2019-04-24,OSP
MNL003 LP336 NP5-6,MNL003,LP336,NP5-6,MNL003 LP336,City Square,MANILA,3,1,BARANGAY 315,,,14.60864173,120.9841911,,,,,,,16,2019-04-24,OSP
MNL003 LP336 NP7-8,MNL003,LP336,NP7-8,MNL003 LP336,City Square,MANILA,3,1,BARANGAY 315,,,14.60858526,120.9848478,,,,,,,16,2019-04-24,OSP
MNL037 LP27 NP1-2,MNL037,LP27,NP1-2,MNL037 LP27,Tayuman,MANILA,3,1,BARANGAY 315,,,14.608664,120.984499,,,,,,,16,2020-10-26,OSP
MNL037 LP27 NP3-4,MNL037,LP27,NP3-4,MNL037 LP27,Tayuman,MANILA,3,1,BARANGAY 315,,,14.608195,120.9845,,,,,,,16,2020-10-26,OSP
MNL037 LP26 NP7-8,MNL037,LP26,NP7-8,MNL037 LP26,Tayuman,MANILA,3,1,BARANGAY 315,,,14.609013,120.984564,,,,,,,16,2020-10-26,OSP
MNL037 LP29 NP1-2,MNL037,LP29,NP1-2,MNL037 LP29,Tayuman,MANILA,3,1,BARANGAY 315,,,14.608699,120.984173,,,,,,,16,2020-10-26,OSP
MNL037 LP29 NP3-4,MNL037,LP29,NP3-4,MNL037 LP29,Tayuman,MANILA,3,1,BARANGAY 315,,,14.609026,120.984204,,,,,,,16,2020-10-26,OSP
MNL037 LP29 NP5-6,MNL037,LP29,NP5-6,MNL037 LP29,Tayuman,MANILA,3,1,BARANGAY 315,,,14.6093,120.984227,,,,,,,16,2020-10-26,OSP
MNL037 LP26 NP5-6,MNL037,LP26,NP5-6,MNL037 LP26,Tayuman,MANILA,3,1,BARANGAY 315,,,14.60933,120.984561,,,,,,,16,2020-10-26,OSP
MNL037 LP28 NP1-2,MNL037,LP28,NP1-2,MNL037 LP28,Tayuman,MANILA,3,1,BARANGAY 315,,,14.607569,120.984091,,,,,,,16,2020-10-26,OSP
MNL037 LP28 NP7-8,MNL037,LP28,NP7-8,MNL037 LP28,Tayuman,MANILA,3,1,BARANGAY 315,,,14.608206,120.984142,,,,,,,16,2020-10-26,OSP
MNL037 LP10 NP1-2,MNL037,LP10,NP1-2,MNL037 LP10,Tayuman,MANILA,3,1,BARANGAY 315,,,14.607536,120.984782,,,,,,,16,2020-10-26,OSP
MNL037 LP10 NP3-4,MNL037,LP10,NP3-4,MNL037 LP10,Tayuman,MANILA,3,1,BARANGAY 315,,,14.608373,120.984845,,,,,,,16,2020-10-26,OSP
MNL037 LP10 NP5-6,MNL037,LP10,NP5-6,MNL037 LP10,Tayuman,MANILA,3,1,BARANGAY 315,,,14.608971,120.984888,,,,,,,16,2020-10-26,OSP
MNL037 LP41 NP1-2,MNL037,LP41,NP1-2,MNL037 LP41,Tayuman,MANILA,3,1,BARANGAY 315,,,14.607653,120.983129,,,,,,,16,2020-10-26,OSP
MNL037 LP400 NP7-8,MNL037,LP400,NP7-8,MNL037 LP400,Tayuman,MANILA,3,1,BARANGAY 315,,,14.608094,120.984821,,,,,,,16,2023-02-22,OSP
MNL037 LP401 NP1-2,MNL037,LP401,NP1-2,MNL037 LP401,Tayuman,MANILA,3,1,BARANGAY 315,,,14.607533,120.984783,,,,,,,16,2023-02-22,OSP
MNL037 LP402 NP1-2,MNL037,LP402,NP1-2,MNL037 LP402,Tayuman,MANILA,3,1,BARANGAY 315,,,14.607478,120.985474,,,,,,,16,2023-02-22,OSP
MNL037 LP402 NP3-4,MNL037,LP402,NP3-4,MNL037 LP402,Tayuman,MANILA,3,1,BARANGAY 315,,,14.608233,120.98589,,,,,,,16,2023-02-22,OSP
MNL037 LP402 NP5-6,MNL037,LP402,NP5-6,MNL037 LP402,Tayuman,MANILA,3,1,BARANGAY 315,,,14.609146,120.985985,,,,,,,16,2023-02-22,OSP
MNL037 LP399 NP1-2,MNL037,LP399,NP1-2,MNL037 LP399,Tayuman,MANILA,3,1,BARANGAY 315,,,14.608343,120.984479,,,,,,,16,2023-02-22,OSP
MNL037 LP399 NP3-4,MNL037,LP399,NP3-4,MNL037 LP399,Tayuman,MANILA,3,1,BARANGAY 315,,,14.609155,120.984579,,,,,,,16,2023-02-22,OSP
MNL037 LP40 NP1-2,MNL037,LP40,NP1-2,MNL037 LP40,Tayuman,MANILA,3,1,BARANGAY 315,,,14.608731,120.983586,,,,,,,16,2020-10-26,OSP
MNL037 LP40 NP3-4,MNL037,LP40,NP3-4,MNL037 LP40,Tayuman,MANILA,3,1,BARANGAY 315,,,14.608094,120.983595,,,,,,,16,2020-10-26,OSP
MNL037 LP40 NP5-6,MNL037,LP40,NP5-6,MNL037 LP40,Tayuman,MANILA,3,1,BARANGAY 315,,,14.607637,120.98351,,,,,,,16,2020-10-26,OSP
MNL037 LP400 NP5-6,MNL037,LP400,NP5-6,MNL037 LP400,Tayuman,MANILA,3,1,BARANGAY 315,,,14.608976,120.984895,,,,,,,16,2023-02-22,OSP
MNL037 LP394 NP3-5,MNL037,LP394,NP3-5,MNL037 LP394,Tayuman,MANILA,3,1,BARANGAY 315,,,14.608099,120.983598,,,,,,,24,2023-02-22,OSP
MNL037 LP394 NP6-8,MNL037,LP394,NP6-8,MNL037 LP394,Tayuman,MANILA,3,1,BARANGAY 315,,,14.608908,120.983653,,,,,,,24,2023-02-22,OSP
MNL037 LP396 NP6-8,MNL037,LP396,NP6-8,MNL037 LP396,Tayuman,MANILA,3,1,BARANGAY 315,,,14.608692,120.984182,,,,,,,24,2023-02-22,OSP
MNL037 LP397 NP1-2,MNL037,LP397,NP1-2,MNL037 LP397,Tayuman,MANILA,3,1,BARANGAY 315,,,14.608069,120.984134,,,,,,,16,2023-02-22,OSP
MNL037 LP397 NP3-5,MNL037,LP397,NP3-5,MNL037 LP397,Tayuman,MANILA,3,1,BARANGAY 315,,,14.607729,120.9841,,,,,,,24,2023-02-22,OSP
MNL037 LP39 NP3-4,MNL037,LP39,NP3-4,MNL037 LP39,Tayuman,MANILA,3,1,BARANGAY 315,,,14.609558,120.983662,,,,,,,16,2020-10-26,OSP
MNL037 LP39 NP5-6,MNL037,LP39,NP5-6,MNL037 LP39,Tayuman,MANILA,3,1,BARANGAY 315,,,14.609231,120.983651,,,,,,,16,2020-10-26,OSP
MNL037 LP39 NP7-8,MNL037,LP39,NP7-8,MNL037 LP39,Tayuman,MANILA,3,1,BARANGAY 315,,,14.60892,120.983653,,,,,,,16,2020-10-26,OSP
MNL037 LP9 NP7-8,MNL037,LP9,NP7-8,MNL037 LP9,Tayuman,MANILA,3,1,BARANGAY 315,,,14.608227,120.985884,,,,,,,16,2020-09-27,OSP
MNL003 LP275 NP1-2,MNL003,LP275,NP1-2,MNL003 LP275,City Square,MANILA,3,1,BARANGAY 316,,,14.60769484,120.9823045,,,,,,,16,2019-03-14,OSP
MNL003 LP335 NP1-2,MNL003,LP335,NP1-2,MNL003 LP335,City Square,MANILA,3,1,BARANGAY 316,,,14.60955862,120.9824532,,,,,,,16,2019-04-24,OSP
MNL003 LP336 NP1-2,MNL003,LP336,NP1-2,MNL003 LP336,City Square,MANILA,3,1,BARANGAY 316,,,14.60876222,120.9823841,,,,,,,16,2019-04-24,OSP
MNL037 LP41 NP5-6,MNL037,LP41,NP5-6,MNL037 LP41,Tayuman,MANILA,3,1,BARANGAY 316,,,14.608286,120.983162,,,,,,,16,2020-10-26,OSP
MNL037 LP41 NP7-8,MNL037,LP41,NP7-8,MNL037 LP41,Tayuman,MANILA,3,1,BARANGAY 316,,,14.608761,120.983195,,,,,,,16,2020-10-26,OSP
MNL037 LP389 NP3-4,MNL037,LP389,NP3-4,MNL037 LP389,Tayuman,MANILA,3,1,BARANGAY 316,,,14.607688,120.982682,,,,,,,16,2023-02-22,OSP
MNL037 LP389 NP5-6,MNL037,LP389,NP5-6,MNL037 LP389,Tayuman,MANILA,3,1,BARANGAY 316,,,14.60879,120.982716,,,,,,,16,2023-02-22,OSP
MNL037 LP391 NP3-4,MNL037,LP391,NP3-4,MNL037 LP391,Tayuman,MANILA,3,1,BARANGAY 316,,,14.608949,120.983211,,,,,,,16,2023-02-22,OSP
MNL037 LP391 NP5-6,MNL037,LP391,NP5-6,MNL037 LP391,Tayuman,MANILA,3,1,BARANGAY 316,,,14.607838,120.983131,,,,,,,16,2023-02-22,OSP
MNL037 LP371 NP5-6,MNL037,LP371,NP5-6,MNL037 LP371,Tayuman,MANILA,3,1,BARANGAY 316,,,14.609319,120.982425,,,,,,,16,2023-02-21,OSP
MNL037 LP371 NP7-8,MNL037,LP371,NP7-8,MNL037 LP371,Tayuman,MANILA,3,1,BARANGAY 316,,,14.608817,120.982393,,,,,,,16,2023-02-21,OSP
MNL037 LP372 NP1-2,MNL037,LP372,NP1-2,MNL037 LP372,Tayuman,MANILA,3,1,BARANGAY 316,,,14.60835,120.982371,,,,,,,16,2023-02-21,OSP
MNL037 LP372 NP3-4,MNL037,LP372,NP3-4,MNL037 LP372,Tayuman,MANILA,3,1,BARANGAY 316,,,14.607702,120.982329,,,,,,,16,2023-02-21,OSP
MNL037 LP350 NP1-2,MNL037,LP350,NP1-2,MNL037 LP350,Tayuman,MANILA,3,1,BARANGAY 316,,,14.609319,120.982425,,,,,,,16,2023-02-22,OSP
MNL037 LP350 NP3-4,MNL037,LP350,NP3-4,MNL037 LP350,Tayuman,MANILA,3,1,BARANGAY 316,,,14.608817,120.982393,,,,,,,16,2023-02-22,OSP
MNL037 LP350 NP5-6,MNL037,LP350,NP5-6,MNL037 LP350,Tayuman,MANILA,3,1,BARANGAY 316,,,14.60835,120.982371,,,,,,,16,2023-02-22,OSP
MNL037 LP350 NP7-8,MNL037,LP350,NP7-8,MNL037 LP350,Tayuman,MANILA,3,1,BARANGAY 316,,,14.607702,120.982329,,,,,,,16,2023-02-22,OSP
MNL037 LP52 NP1-2,MNL037,LP52,NP1-2,MNL037 LP52,Tayuman,MANILA,3,1,BARANGAY 316,,,14.608963,120.982731,,,,,,,16,2020-10-26,OSP
MNL037 LP52 NP3-4,MNL037,LP52,NP3-4,MNL037 LP52,Tayuman,MANILA,3,1,BARANGAY 316,,,14.608792,120.982718,,,,,,,16,2020-10-26,OSP
MNL037 LP52 NP5-6,MNL037,LP52,NP5-6,MNL037 LP52,Tayuman,MANILA,3,1,BARANGAY 316,,,14.60832,120.982674,,,,,,,16,2020-10-26,OSP
MNL037 LP52 NP7-8,MNL037,LP52,NP7-8,MNL037 LP52,Tayuman,MANILA,3,1,BARANGAY 316,,,14.608009,120.982658,,,,,,,16,2020-10-26,OSP
MNL037 LP42 NP1-2,MNL037,LP42,NP1-2,MNL037 LP42,Tayuman,MANILA,3,1,BARANGAY 316,,,14.608952,120.983203,,,,,,,16,2020-10-26,OSP
MNL037 LP42 NP3-4,MNL037,LP42,NP3-4,MNL037 LP42,Tayuman,MANILA,3,1,BARANGAY 316,,,14.609249,120.983228,,,,,,,16,2020-10-26,OSP
MNL037 LP51 NP7-8,MNL037,LP51,NP7-8,MNL037 LP51,Tayuman,MANILA,3,1,BARANGAY 316,,,14.609438,120.982769,,,,,,,16,2020-10-26,OSP
MNL003 LP340 NP1-2,MNL003,LP340,NP1-2,MNL003 LP340,City Square,MANILA,3,1,BARANGAY 317,,,14.61173617,120.9861921,,,,,,,16,2019-04-24,OSP
MNL037 LP25 NP1-2,MNL037,LP25,NP1-2,MNL037 LP25,Tayuman,MANILA,3,1,BARANGAY 317,,,14.611686,120.984742,,,,,,,16,2020-10-26,OSP
MNL037 LP25 NP3-4,MNL037,LP25,NP3-4,MNL037 LP25,Tayuman,MANILA,3,1,BARANGAY 317,,,14.611329,120.98475,,,,,,,16,2020-10-26,OSP
MNL037 LP25 NP5-6,MNL037,LP25,NP5-6,MNL037 LP25,Tayuman,MANILA,3,1,BARANGAY 317,,,14.610811,120.984707,,,,,,,16,2020-10-26,OSP
MNL037 LP11 NP5-6,MNL037,LP11,NP5-6,MNL037 LP11,Tayuman,MANILA,3,1,BARANGAY 317,,,14.610784,120.985043,,,,,,,16,2020-10-26,OSP
MNL037 LP11 NP7-8,MNL037,LP11,NP7-8,MNL037 LP11,Tayuman,MANILA,3,1,BARANGAY 317,,,14.611112,120.985063,,,,,,,16,2020-10-26,OSP
MNL037 LP12 NP1-2,MNL037,LP12,NP1-2,MNL037 LP12,Tayuman,MANILA,3,1,BARANGAY 317,,,14.611388,120.985082,,,,,,,16,2020-10-26,OSP
MNL037 LP14 NP1-2,MNL037,LP14,NP1-2,MNL037 LP14,Tayuman,MANILA,3,1,BARANGAY 317,,,14.611571,120.985886,,,,,,,16,2020-10-26,OSP
MNL037 LP14 NP3-4,MNL037,LP14,NP3-4,MNL037 LP14,Tayuman,MANILA,3,1,BARANGAY 317,,,14.611066,120.985816,,,,,,,16,2020-10-26,OSP
MNL037 LP14 NP5-6,MNL037,LP14,NP5-6,MNL037 LP14,Tayuman,MANILA,3,1,BARANGAY 317,,,14.610748,120.985553,,,,,,,16,2020-10-26,OSP
MNL037 LP14 NP7-8,MNL037,LP14,NP7-8,MNL037 LP14,Tayuman,MANILA,3,1,BARANGAY 317,,,14.611263,120.985584,,,,,,,16,2020-10-26,OSP
MNL037 LP403 NP1-2,MNL037,LP403,NP1-2,MNL037 LP403,Tayuman,MANILA,3,1,BARANGAY 317,,,14.610713,120.986105,,,,,,,16,2023-02-22,OSP
MNL037 LP403 NP3-4,MNL037,LP403,NP3-4,MNL037 LP403,Tayuman,MANILA,3,1,BARANGAY 317,,,14.610752,120.985545,,,,,,,16,2023-02-22,OSP
MNL037 LP399 NP7-8,MNL037,LP399,NP7-8,MNL037 LP399,Tayuman,MANILA,3,1,BARANGAY 317,,,14.610819,120.98471,,,,,,,16,2023-02-22,OSP
MNL037 LP30 NP5-6,MNL037,LP30,NP5-6,MNL037 LP30,Tayuman,MANILA,3,1,BARANGAY 317,,,14.610841,120.984349,,,,,,,16,2020-10-26,OSP
MNL037 LP449 NP7-8,MNL037,LP449,NP7-8,MNL037 LP449,Tayuman,MANILA,3,1,BARANGAY 317,,,14.611313,120.986155,,,,,,,16,2022-10-29,OSP
MNL037 LP450 NP1-2,MNL037,LP450,NP1-2,MNL037 LP450,Tayuman,MANILA,3,1,BARANGAY 317,,,14.611246,120.985831,,,,,,,16,2022-10-29,OSP
MNL037 LP450 NP7-8,MNL037,LP450,NP7-8,MNL037 LP450,Tayuman,MANILA,3,1,BARANGAY 317,,,14.611358,120.985583,,,,,,,16,2022-10-29,OSP
MNL037 LP449 NP5-6,MNL037,LP449,NP5-6,MNL037 LP449,Tayuman,MANILA,3,1,BARANGAY 317,,,14.611545,120.986178,,,,,,,16,2022-10-29,OSP
MNL037 LP439 NP7-8,MNL037,LP439,NP7-8,MNL037 LP439,Tayuman,MANILA,3,1,BARANGAY 317,,,14.611692,120.984737,,,,,,,16,2022-10-29,OSP
MNL037 LP440 NP1-2,MNL037,LP440,NP1-2,MNL037 LP440,Tayuman,MANILA,3,1,BARANGAY 317,,,14.611334,120.984749,,,,,,,16,2022-10-29,OSP
MNL037 LP440 NP3-4,MNL037,LP440,NP3-4,MNL037 LP440,Tayuman,MANILA,3,1,BARANGAY 317,,,14.610792,120.985037,,,,,,,16,2022-10-29,OSP
MNL037 LP440 NP5-6,MNL037,LP440,NP5-6,MNL037 LP440,Tayuman,MANILA,3,1,BARANGAY 317,,,14.611392,120.985081,,,,,,,16,2022-10-29,OSP
MNL037 LP440 NP7-8,MNL037,LP440,NP7-8,MNL037 LP440,Tayuman,MANILA,3,1,BARANGAY 317,,,14.611752,120.985106,,,,,,,16,2022-10-29,OSP
MNL037 LP432 NP1-2,MNL037,LP432,NP1-2,MNL037 LP432,Tayuman,MANILA,3,1,BARANGAY 317,,,14.610841,120.984342,,,,,,,16,2022-10-29,OSP
MNL037 LP9 NP1-2,MNL037,LP9,NP1-2,MNL037 LP9,Tayuman,MANILA,3,1,BARANGAY 317,,,14.610703,120.986103,,,,,,,16,2020-09-27,OSP
MNL003 LP337 NP7-8,MNL003,LP337,NP7-8,MNL003 LP337,City Square,MANILA,3,1,BARANGAY 318,,,14.61073027,120.9850367,,,,,,,16,2019-04-24,OSP
MNL003 LP335 NP5-6,MNL003,LP335,NP5-6,MNL003 LP335,City Square,MANILA,3,1,BARANGAY 318,,,14.60961826,120.9842501,,,,,,,16,2019-04-24,OSP
MNL003 LP335 NP7-8,MNL003,LP335,NP7-8,MNL003 LP335,City Square,MANILA,3,1,BARANGAY 318,,,14.60954144,120.9849567,,,,,,,16,2019-04-24,OSP
MNL037 LP25 NP7-8,MNL037,LP25,NP7-8,MNL037 LP25,Tayuman,MANILA,3,1,BARANGAY 318,,,14.610565,120.984682,,,,,,,16,2020-10-26,OSP
MNL037 LP11 NP1-2,MNL037,LP11,NP1-2,MNL037 LP11,Tayuman,MANILA,3,1,BARANGAY 318,,,14.609912,120.984966,,,,,,,16,2020-10-26,OSP
MNL037 LP11 NP3-4,MNL037,LP11,NP3-4,MNL037 LP11,Tayuman,MANILA,3,1,BARANGAY 318,,,14.610386,120.984997,,,,,,,16,2020-10-26,OSP
MNL037 LP26 NP1-2,MNL037,LP26,NP1-2,MNL037 LP26,Tayuman,MANILA,3,1,BARANGAY 318,,,14.610044,120.984638,,,,,,,16,2020-10-26,OSP
MNL037 LP26 NP3-4,MNL037,LP26,NP3-4,MNL037 LP26,Tayuman,MANILA,3,1,BARANGAY 318,,,14.609621,120.984577,,,,,,,16,2020-10-26,OSP
MNL037 LP10 NP7-8,MNL037,LP10,NP7-8,MNL037 LP10,Tayuman,MANILA,3,1,BARANGAY 318,,,14.609605,120.984946,,,,,,,16,2020-10-26,OSP
MNL037 LP399 NP5-6,MNL037,LP399,NP5-6,MNL037 LP399,Tayuman,MANILA,3,1,BARANGAY 318,,,14.609859,120.984632,,,,,,,16,2023-02-22,OSP
MNL037 LP400 NP1-2,MNL037,LP400,NP1-2,MNL037 LP400,Tayuman,MANILA,3,1,BARANGAY 318,,,14.610364,120.985122,,,,,,,16,2023-02-22,OSP
MNL003 LP337 NP3-4,MNL003,LP337,NP3-4,MNL003 LP337,City Square,MANILA,3,1,BARANGAY 319,,,14.61065631,120.9861079,,,,,,,16,2019-04-24,OSP
MNL003 LP337 NP5-6,MNL003,LP337,NP5-6,MNL003 LP337,City Square,MANILA,3,1,BARANGAY 319,,,14.61069189,120.9855517,,,,,,,16,2019-04-24,OSP
MNL003 LP337 NP1-2,MNL003,LP337,NP1-2,MNL003 LP337,City Square,MANILA,3,1,BARANGAY 319,,,14.60947544,120.9860099,,,,,,,16,2019-04-24,OSP
MNL037 LP15 NP1-2,MNL037,LP15,NP1-2,MNL037 LP15,Tayuman,MANILA,3,1,BARANGAY 319,,,14.610514,120.985491,,,,,,,16,2020-10-26,OSP
MNL037 LP15 NP3-4,MNL037,LP15,NP3-4,MNL037 LP15,Tayuman,MANILA,3,1,BARANGAY 319,,,14.610162,120.985494,,,,,,,16,2020-10-26,OSP
MNL037 LP15 NP5-6,MNL037,LP15,NP5-6,MNL037 LP15,Tayuman,MANILA,3,1,BARANGAY 319,,,14.609559,120.985456,,,,,,,16,2020-10-26,OSP
MNL037 LP402 NP7-8,MNL037,LP402,NP7-8,MNL037 LP402,Tayuman,MANILA,3,1,BARANGAY 319,,,14.610109,120.986067,,,,,,,16,2023-02-22,OSP
MNL037 LP403 NP5-6,MNL037,LP403,NP5-6,MNL037 LP403,Tayuman,MANILA,3,1,BARANGAY 319,,,14.610345,120.985476,,,,,,,16,2023-02-22,OSP
MNL037 LP403 NP7-8,MNL037,LP403,NP7-8,MNL037 LP403,Tayuman,MANILA,3,1,BARANGAY 319,,,14.609781,120.985474,,,,,,,16,2023-02-22,OSP
MNL037 LP400 NP3-4,MNL037,LP400,NP3-4,MNL037 LP400,Tayuman,MANILA,3,1,BARANGAY 319,,,14.609587,120.985087,,,,,,,16,2023-02-22,OSP
MNL037 LP9 NP3-4,MNL037,LP9,NP3-4,MNL037 LP9,Tayuman,MANILA,3,1,BARANGAY 319,,,14.610282,120.986089,,,,,,,16,2020-09-27,OSP
MNL037 LP9 NP5-6,MNL037,LP9,NP5-6,MNL037 LP9,Tayuman,MANILA,3,1,BARANGAY 319,,,14.609534,120.98602,,,,,,,16,2020-09-27,OSP
MNL001 LP23 NP7-8,MNL001,LP23,NP7-8,MNL001 LP23,Zen Tower,MANILA,3,1,BARANGAY 319,,,14.609412,120.985975,,,,,,,16,2015-07-27,OSP
MNL003 LP219 NP3-4,MNL003,LP219,NP3-4,MNL003 LP219,City Square,MANILA,3,1,BARANGAY 32,,,14.60302081,120.9637641,,,,,,,16,2019-02-12,OSP
MNL003 LP219 NP5-6,MNL003,LP219,NP5-6,MNL003 LP219,City Square,MANILA,3,1,BARANGAY 32,,,14.60325648,120.964938,,,,,,,16,2019-02-12,OSP
MNL003 LP199 NP7-8,MNL003,LP199,NP7-8,MNL003 LP199,City Square,MANILA,3,1,BARANGAY 32,,,14.60315888,120.964238,,,,,,,16,2019-01-30,OSP
MNL005 LP403 NP1-2,MNL005,LP403,NP1-2,MNL005 LP403,Orchard Building (City Square 2),MANILA,3,1,BARANGAY 32,,,14.604126,120.963768,,,,,,,16,2021-11-01,OSP
MNL005 LP403 NP3-5,MNL005,LP403,NP3-5,MNL005 LP403,Orchard Building (City Square 2),MANILA,3,1,BARANGAY 32,,,14.604126,120.963768,,,,,,,24,2021-11-01,OSP
MNL005 LP398 NP1-2,MNL005,LP398,NP1-2,MNL005 LP398,Orchard Building (City Square 2),MANILA,3,1,BARANGAY 32,,,14.60394,120.963706,,,,,,,16,2021-11-01,OSP
MNL005 LP398 NP3-5,MNL005,LP398,NP3-5,MNL005 LP398,Orchard Building (City Square 2),MANILA,3,1,BARANGAY 32,,,14.60394,120.963706,,,,,,,24,2021-11-01,OSP
MNL005 LP398 NP6-8,MNL005,LP398,NP6-8,MNL005 LP398,Orchard Building (City Square 2),MANILA,3,1,BARANGAY 32,,,14.604007,120.964009,,,,,,,24,2021-11-01,OSP
MNL005 LP399 NP1-2,MNL005,LP399,NP1-2,MNL005 LP399,Orchard Building (City Square 2),MANILA,3,1,BARANGAY 32,,,14.604106,120.964374,,,,,,,16,2021-11-01,OSP
MNL005 LP391 NP1-2,MNL005,LP391,NP1-2,MNL005 LP391,Orchard Building (City Square 2),MANILA,3,1,BARANGAY 32,,,14.603693,120.964078,,,,,,,16,2021-11-01,OSP
MNL005 LP391 NP3-5,MNL005,LP391,NP3-5,MNL005 LP391,Orchard Building (City Square 2),MANILA,3,1,BARANGAY 32,,,14.603604,120.963872,,,,,,,24,2021-11-01,OSP
MNL005 LP393 NP1-2,MNL005,LP393,NP1-2,MNL005 LP393,Orchard Building (City Square 2),MANILA,3,1,BARANGAY 32,,,14.603819,120.96389,,,,,,,16,2021-11-01,OSP
MNL005 LP393 NP3-5,MNL005,LP393,NP3-5,MNL005 LP393,Orchard Building (City Square 2),MANILA,3,1,BARANGAY 32,,,14.603867,120.964055,,,,,,,24,2021-11-01,OSP
MNL005 LP393 NP6-8,MNL005,LP393,NP6-8,MNL005 LP393,Orchard Building (City Square 2),MANILA,3,1,BARANGAY 32,,,14.60395,120.964396,,,,,,,24,2021-11-01,OSP
MNL005 LP385 NP3-5,MNL005,LP385,NP3-5,MNL005 LP385,Orchard Building (City Square 2),MANILA,3,1,BARANGAY 32,,,14.603474,120.963994,,,,,,,24,2021-11-01,OSP
MNL005 LP385 NP6-8,MNL005,LP385,NP6-8,MNL005 LP385,Orchard Building (City Square 2),MANILA,3,1,BARANGAY 32,,,14.603474,120.963994,,,,,,,24,2021-11-01,OSP
MNL005 LP389 NP1-2,MNL005,LP389,NP1-2,MNL005 LP389,Orchard Building (City Square 2),MANILA,3,1,BARANGAY 32,,,14.603435,120.964538,,,,,,,16,2021-11-01,OSP
MNL005 LP389 NP3-5,MNL005,LP389,NP3-5,MNL005 LP389,Orchard Building (City Square 2),MANILA,3,1,BARANGAY 32,,,14.603324,120.964206,,,,,,,24,2021-11-01,OSP
MNL005 LP389 NP6-8,MNL005,LP389,NP6-8,MNL005 LP389,Orchard Building (City Square 2),MANILA,3,1,BARANGAY 32,,,14.603288,120.963963,,,,,,,24,2021-11-01,OSP
MNL005 LP384 NP3-5,MNL005,LP384,NP3-5,MNL005 LP384,Orchard Building (City Square 2),MANILA,3,1,BARANGAY 32,,,14.603788,120.964456,,,,,,,24,2021-11-01,OSP
MNL005 LP384 NP6-8,MNL005,LP384,NP6-8,MNL005 LP384,Orchard Building (City Square 2),MANILA,3,1,BARANGAY 32,,,14.603582,120.9645,,,,,,,24,2021-11-01,OSP
MNL005 LP385 NP1-2,MNL005,LP385,NP1-2,MNL005 LP385,Orchard Building (City Square 2),MANILA,3,1,BARANGAY 32,,,14.60351,120.964156,,,,,,,16,2021-11-01,OSP
MNL005 LP378 NP6-8,MNL005,LP378,NP6-8,MNL005 LP378,Orchard Building (City Square 2),MANILA,3,1,BARANGAY 32,,,14.602986,120.963774,,,,,,,24,2021-11-01,OSP
MNL005 LP379 NP1-2,MNL005,LP379,NP1-2,MNL005 LP379,Orchard Building (City Square 2),MANILA,3,1,BARANGAY 32,,,14.603102,120.964184,,,,,,,16,2021-11-01,OSP
MNL005 LP379 NP3-5,MNL005,LP379,NP3-5,MNL005 LP379,Orchard Building (City Square 2),MANILA,3,1,BARANGAY 32,,,14.603256,120.964601,,,,,,,24,2021-11-01,OSP
MNL005 LP379 NP6-8,MNL005,LP379,NP6-8,MNL005 LP379,Orchard Building (City Square 2),MANILA,3,1,BARANGAY 32,,,14.603256,120.964601,,,,,,,24,2021-11-01,OSP
MNL005 LP347 NP6-8,MNL005,LP347,NP6-8,MNL005 LP347,Orchard Building (City Square 2),MANILA,3,1,BARANGAY 32,,,14.603147,120.964477,,,,,,,24,2021-10-21,OSP
MNL005 LP49 NP5-6,MNL005,LP49,NP5-6,MNL005 LP49,Orchard Building (City Square 2),MANILA,3,1,BARANGAY 32,,,14.603253,120.964929,,,,,,,16,2020-09-25,OSP
MNL003 LP338 NP5-6,MNL003,LP338,NP5-6,MNL003 LP338,City Square,MANILA,3,1,BARANGAY 320,,,14.61104544,120.9825631,,,,,,,16,2019-04-24,OSP
MNL037 LP50 NP3-4,MNL037,LP50,NP3-4,MNL037 LP50,Tayuman,MANILA,3,1,BARANGAY 320,,,14.611826,120.983,,,,,,,16,2020-10-26,OSP
MNL037 LP50 NP5-6,MNL037,LP50,NP5-6,MNL037 LP50,Tayuman,MANILA,3,1,BARANGAY 320,,,14.611469,120.982971,,,,,,,16,2020-10-26,OSP
MNL037 LP50 NP7-8,MNL037,LP50,NP7-8,MNL037 LP50,Tayuman,MANILA,3,1,BARANGAY 320,,,14.610944,120.982931,,,,,,,16,2020-10-26,OSP
MNL037 LP395 NP6-8,MNL037,LP395,NP6-8,MNL037 LP395,Tayuman,MANILA,3,1,BARANGAY 320,,,14.610885,120.983766,,,,,,,24,2023-02-22,OSP
MNL037 LP390 NP3-4,MNL037,LP390,NP3-4,MNL037 LP390,Tayuman,MANILA,3,1,BARANGAY 320,,,14.610919,120.983243,,,,,,,16,2023-02-22,OSP
MNL037 LP38 NP1-2,MNL037,LP38,NP1-2,MNL037 LP38,Tayuman,MANILA,3,1,BARANGAY 320,,,14.611572,120.983827,,,,,,,16,2020-10-26,OSP
MNL037 LP38 NP3-4,MNL037,LP38,NP3-4,MNL037 LP38,Tayuman,MANILA,3,1,BARANGAY 320,,,14.611206,120.983832,,,,,,,16,2020-10-26,OSP
MNL037 LP38 NP5-6,MNL037,LP38,NP5-6,MNL037 LP38,Tayuman,MANILA,3,1,BARANGAY 320,,,14.610874,120.983761,,,,,,,16,2020-10-26,OSP
MNL037 LP30 NP7-8,MNL037,LP30,NP7-8,MNL037 LP30,Tayuman,MANILA,3,1,BARANGAY 320,,,14.61134,120.984381,,,,,,,16,2020-10-26,OSP
MNL037 LP43 NP5-6,MNL037,LP43,NP5-6,MNL037 LP43,Tayuman,MANILA,3,1,BARANGAY 320,,,14.61151,120.983414,,,,,,,16,2020-10-26,OSP
MNL037 LP43 NP7-8,MNL037,LP43,NP7-8,MNL037 LP43,Tayuman,MANILA,3,1,BARANGAY 320,,,14.611867,120.983439,,,,,,,16,2020-10-26,OSP
MNL037 LP431 NP3-4,MNL037,LP431,NP3-4,MNL037 LP431,Tayuman,MANILA,3,1,BARANGAY 320,,,14.61186,120.983886,,,,,,,16,2022-10-29,OSP
MNL037 LP431 NP5-6,MNL037,LP431,NP5-6,MNL037 LP431,Tayuman,MANILA,3,1,BARANGAY 320,,,14.611585,120.98383,,,,,,,16,2022-10-29,OSP
MNL037 LP431 NP7-8,MNL037,LP431,NP7-8,MNL037 LP431,Tayuman,MANILA,3,1,BARANGAY 320,,,14.611204,120.983838,,,,,,,16,2022-10-29,OSP
MNL037 LP432 NP3-4,MNL037,LP432,NP3-4,MNL037 LP432,Tayuman,MANILA,3,1,BARANGAY 320,,,14.611187,120.984372,,,,,,,16,2022-10-29,OSP
MNL037 LP432 NP5-6,MNL037,LP432,NP5-6,MNL037 LP432,Tayuman,MANILA,3,1,BARANGAY 320,,,14.611343,120.984382,,,,,,,16,2022-10-29,OSP
MNL037 LP43 NP3-4,MNL037,LP43,NP3-4,MNL037 LP43,Tayuman,MANILA,3,1,BARANGAY 320,,,14.610911,120.983358,,,,,,,16,2020-10-26,OSP
MNL037 LP423 NP3-4,MNL037,LP423,NP3-4,MNL037 LP423,Tayuman,MANILA,3,1,BARANGAY 320,,,14.611825,120.982993,,,,,,,16,2022-10-29,OSP
MNL037 LP423 NP5-6,MNL037,LP423,NP5-6,MNL037 LP423,Tayuman,MANILA,3,1,BARANGAY 320,,,14.611467,120.982965,,,,,,,16,2022-10-29,OSP
MNL037 LP423 NP7-8,MNL037,LP423,NP7-8,MNL037 LP423,Tayuman,MANILA,3,1,BARANGAY 320,,,14.610948,120.982924,,,,,,,16,2022-10-29,OSP
MNL037 LP424 NP1-2,MNL037,LP424,NP1-2,MNL037 LP424,Tayuman,MANILA,3,1,BARANGAY 320,,,14.610916,120.983364,,,,,,,16,2022-10-29,OSP
MNL037 LP424 NP3-4,MNL037,LP424,NP3-4,MNL037 LP424,Tayuman,MANILA,3,1,BARANGAY 320,,,14.611227,120.98339,,,,,,,16,2022-10-29,OSP
MNL037 LP424 NP5-6,MNL037,LP424,NP5-6,MNL037 LP424,Tayuman,MANILA,3,1,BARANGAY 320,,,14.611519,120.983414,,,,,,,16,2022-10-29,OSP
MNL037 LP424 NP7-8,MNL037,LP424,NP7-8,MNL037 LP424,Tayuman,MANILA,3,1,BARANGAY 320,,,14.611984,120.983448,,,,,,,16,2022-10-29,OSP
MNL003 LP338 NP3-4,MNL003,LP338,NP3-4,MNL003 LP338,City Square,MANILA,3,1,BARANGAY 321,,,14.61085926,120.983344,,,,,,,16,2019-04-24,OSP
MNL037 LP389 NP7-8,MNL037,LP389,NP7-8,MNL037 LP389,Tayuman,MANILA,3,1,BARANGAY 321,,,14.609756,120.982797,,,,,,,16,2023-02-22,OSP
MNL037 LP390 NP1-2,MNL037,LP390,NP1-2,MNL037 LP390,Tayuman,MANILA,3,1,BARANGAY 321,,,14.610338,120.982844,,,,,,,16,2023-02-22,OSP
MNL037 LP390 NP5-6,MNL037,LP390,NP5-6,MNL037 LP390,Tayuman,MANILA,3,1,BARANGAY 321,,,14.610682,120.983236,,,,,,,16,2023-02-22,OSP
MNL037 LP390 NP7-8,MNL037,LP390,NP7-8,MNL037 LP390,Tayuman,MANILA,3,1,BARANGAY 321,,,14.610331,120.983323,,,,,,,16,2023-02-22,OSP
MNL037 LP391 NP1-2,MNL037,LP391,NP1-2,MNL037 LP391,Tayuman,MANILA,3,1,BARANGAY 321,,,14.609727,120.983276,,,,,,,16,2023-02-22,OSP
MNL037 LP371 NP1-2,MNL037,LP371,NP1-2,MNL037 LP371,Tayuman,MANILA,3,1,BARANGAY 321,,,14.610554,120.982537,,,,,,,16,2023-02-21,OSP
MNL037 LP371 NP3-4,MNL037,LP371,NP3-4,MNL037 LP371,Tayuman,MANILA,3,1,BARANGAY 321,,,14.610201,120.9825,,,,,,,16,2023-02-21,OSP
MNL037 LP349 NP7-8,MNL037,LP349,NP7-8,MNL037 LP349,Tayuman,MANILA,3,1,BARANGAY 321,,,14.609782,120.982477,,,,,,,16,2023-02-22,OSP
MNL037 LP43 NP1-2,MNL037,LP43,NP1-2,MNL037 LP43,Tayuman,MANILA,3,1,BARANGAY 321,,,14.610496,120.983342,,,,,,,16,2020-10-26,OSP
MNL037 LP42 NP5-6,MNL037,LP42,NP5-6,MNL037 LP42,Tayuman,MANILA,3,1,BARANGAY 321,,,14.609732,120.983274,,,,,,,16,2020-10-26,OSP
MNL037 LP42 NP7-8,MNL037,LP42,NP7-8,MNL037 LP42,Tayuman,MANILA,3,1,BARANGAY 321,,,14.610048,120.9833,,,,,,,16,2020-10-26,OSP
MNL037 LP51 NP1-2,MNL037,LP51,NP1-2,MNL037 LP51,Tayuman,MANILA,3,1,BARANGAY 321,,,14.610517,120.98285,,,,,,,16,2020-10-26,OSP
MNL037 LP51 NP3-4,MNL037,LP51,NP3-4,MNL037 LP51,Tayuman,MANILA,3,1,BARANGAY 321,,,14.610156,120.982827,,,,,,,16,2020-10-26,OSP
MNL037 LP51 NP5-6,MNL037,LP51,NP5-6,MNL037 LP51,Tayuman,MANILA,3,1,BARANGAY 321,,,14.609754,120.982795,,,,,,,16,2020-10-26,OSP
MNL003 LP338 NP1-2,MNL003,LP338,NP1-2,MNL003 LP338,City Square,MANILA,3,1,BARANGAY 322,,,14.61079584,120.9843291,,,,,,,16,2019-04-24,OSP
MNL003 LP335 NP3-4,MNL003,LP335,NP3-4,MNL003 LP335,City Square,MANILA,3,1,BARANGAY 322,,,14.60967657,120.9832834,,,,,,,16,2019-04-24,OSP
MNL037 LP29 NP7-8,MNL037,LP29,NP7-8,MNL037 LP29,Tayuman,MANILA,3,1,BARANGAY 322,,,14.609655,120.984253,,,,,,,16,2020-10-26,OSP
MNL037 LP395 NP1-2,MNL037,LP395,NP1-2,MNL037 LP395,Tayuman,MANILA,3,1,BARANGAY 322,,,14.609573,120.98368,,,,,,,16,2023-02-22,OSP
MNL037 LP395 NP3-5,MNL037,LP395,NP3-5,MNL037 LP395,Tayuman,MANILA,3,1,BARANGAY 322,,,14.610109,120.983723,,,,,,,24,2023-02-22,OSP
MNL037 LP396 NP1-2,MNL037,LP396,NP1-2,MNL037 LP396,Tayuman,MANILA,3,1,BARANGAY 322,,,14.610427,120.984311,,,,,,,16,2023-02-22,OSP
MNL037 LP396 NP3-5,MNL037,LP396,NP3-5,MNL037 LP396,Tayuman,MANILA,3,1,BARANGAY 322,,,14.609645,120.984253,,,,,,,24,2023-02-22,OSP
MNL037 LP39 NP1-2,MNL037,LP39,NP1-2,MNL037 LP39,Tayuman,MANILA,3,1,BARANGAY 322,,,14.610304,120.983727,,,,,,,16,2020-10-26,OSP
MNL037 LP38 NP7-8,MNL037,LP38,NP7-8,MNL037 LP38,Tayuman,MANILA,3,1,BARANGAY 322,,,14.610654,120.983756,,,,,,,16,2020-10-26,OSP
MNL037 LP30 NP3-4,MNL037,LP30,NP3-4,MNL037 LP30,Tayuman,MANILA,3,1,BARANGAY 322,,,14.610429,120.984312,,,,,,,16,2020-10-26,OSP
MNL037 LP30 NP1-2,MNL037,LP30,NP1-2,MNL037 LP30,Tayuman,MANILA,3,1,BARANGAY 322,,,14.609974,120.984276,,,,,,,16,2020-10-26,OSP
MNL003 LP339 NP3-4,MNL003,LP339,NP3-4,MNL003 LP339,City Square,MANILA,3,1,BARANGAY 323,,,14.61200251,120.9844458,,,,,,,16,2019-04-24,OSP
MNL003 LP339 NP5-6,MNL003,LP339,NP5-6,MNL003 LP339,City Square,MANILA,3,1,BARANGAY 323,,,14.6119402,120.9851267,,,,,,,16,2019-04-24,OSP
MNL003 LP339 NP7-8,MNL003,LP339,NP7-8,MNL003 LP339,City Square,MANILA,3,1,BARANGAY 323,,,14.61192412,120.9857382,,,,,,,16,2019-04-24,OSP
MNL002 LP10 NP7-8,MNL002,LP10,NP7-8,MNL002 LP10,Don Quintos,MANILA,3,1,BARANGAY 323,,,14.612034,120.984433,,,,,,,16,2017-07-09,OSP
MNL037 LP24 NP3-4,MNL037,LP24,NP3-4,MNL037 LP24,Tayuman,MANILA,3,1,BARANGAY 323,,,14.612567,120.984802,,,,,,,16,2020-10-26,OSP
MNL037 LP24 NP5-6,MNL037,LP24,NP5-6,MNL037 LP24,Tayuman,MANILA,3,1,BARANGAY 323,,,14.612225,120.984781,,,,,,,16,2020-10-26,OSP
MNL037 LP24 NP7-8,MNL037,LP24,NP7-8,MNL037 LP24,Tayuman,MANILA,3,1,BARANGAY 323,,,14.612027,120.984803,,,,,,,16,2020-10-26,OSP
MNL037 LP13 NP3-4,MNL037,LP13,NP3-4,MNL037 LP13,Tayuman,MANILA,3,1,BARANGAY 323,,,14.612511,120.985963,,,,,,,16,2020-10-26,OSP
MNL037 LP13 NP5-6,MNL037,LP13,NP5-6,MNL037 LP13,Tayuman,MANILA,3,1,BARANGAY 323,,,14.612135,120.985933,,,,,,,16,2020-10-26,OSP
MNL037 LP13 NP7-8,MNL037,LP13,NP7-8,MNL037 LP13,Tayuman,MANILA,3,1,BARANGAY 323,,,14.611945,120.985927,,,,,,,16,2020-10-26,OSP
MNL037 LP12 NP3-4,MNL037,LP12,NP3-4,MNL037 LP12,Tayuman,MANILA,3,1,BARANGAY 323,,,14.612006,120.98511,,,,,,,16,2020-10-26,OSP
MNL037 LP12 NP5-6,MNL037,LP12,NP5-6,MNL037 LP12,Tayuman,MANILA,3,1,BARANGAY 323,,,14.612554,120.985169,,,,,,,16,2020-10-26,OSP
MNL037 LP8 NP7-8,MNL037,LP8,NP7-8,MNL037 LP8,Tayuman,MANILA,3,1,BARANGAY 323,,,14.611811,120.986187,,,,,,,16,2020-09-27,OSP
MNL037 LP31 NP1-2,MNL037,LP31,NP1-2,MNL037 LP31,Tayuman,MANILA,3,1,BARANGAY 323,,,14.611932,120.984423,,,,,,,16,2020-10-26,OSP
MNL037 LP31 NP3-4,MNL037,LP31,NP3-4,MNL037 LP31,Tayuman,MANILA,3,1,BARANGAY 323,,,14.612058,120.984451,,,,,,,16,2020-10-26,OSP
MNL037 LP450 NP3-4,MNL037,LP450,NP3-4,MNL037 LP450,Tayuman,MANILA,3,1,BARANGAY 323,,,14.611946,120.985926,,,,,,,16,2022-10-29,OSP
MNL037 LP450 NP5-6,MNL037,LP450,NP5-6,MNL037 LP450,Tayuman,MANILA,3,1,BARANGAY 323,,,14.611968,120.985622,,,,,,,16,2022-10-29,OSP
MNL037 LP446 NP7-8,MNL037,LP446,NP7-8,MNL037 LP446,Tayuman,MANILA,3,1,BARANGAY 323,,,14.612136,120.985939,,,,,,,16,2022-10-29,OSP
MNL037 LP449 NP1-2,MNL037,LP449,NP1-2,MNL037 LP449,Tayuman,MANILA,3,1,BARANGAY 323,,,14.612493,120.986256,,,,,,,16,2022-10-29,OSP
MNL037 LP449 NP3-4,MNL037,LP449,NP3-4,MNL037 LP449,Tayuman,MANILA,3,1,BARANGAY 323,,,14.612168,120.986231,,,,,,,16,2022-10-29,OSP
MNL037 LP441 NP3-4,MNL037,LP441,NP3-4,MNL037 LP441,Tayuman,MANILA,3,1,BARANGAY 323,,,14.612561,120.985165,,,,,,,16,2022-10-29,OSP
MNL037 LP439 NP1-2,MNL037,LP439,NP1-2,MNL037 LP439,Tayuman,MANILA,3,1,BARANGAY 323,,,14.612577,120.984803,,,,,,,16,2022-10-29,OSP
MNL037 LP439 NP3-4,MNL037,LP439,NP3-4,MNL037 LP439,Tayuman,MANILA,3,1,BARANGAY 323,,,14.612231,120.98478,,,,,,,16,2022-10-29,OSP
MNL037 LP439 NP5-6,MNL037,LP439,NP5-6,MNL037 LP439,Tayuman,MANILA,3,1,BARANGAY 323,,,14.612028,120.984804,,,,,,,16,2022-10-29,OSP
MNL037 LP441 NP1-2,MNL037,LP441,NP1-2,MNL037 LP441,Tayuman,MANILA,3,1,BARANGAY 323,,,14.612005,120.985118,,,,,,,16,2022-10-29,OSP
MNL037 LP432 NP7-8,MNL037,LP432,NP7-8,MNL037 LP432,Tayuman,MANILA,3,1,BARANGAY 323,,,14.611931,120.984425,,,,,,,16,2022-10-29,OSP
MNL003 LP339 NP1-2,MNL003,LP339,NP1-2,MNL003 LP339,City Square,MANILA,3,1,BARANGAY 324,,,14.61206877,120.9834546,,,,,,,16,2019-04-24,OSP
MNL037 LP37 NP3-4,MNL037,LP37,NP3-4,MNL037 LP37,Tayuman,MANILA,3,1,BARANGAY 324,,,14.612807,120.983959,,,,,,,16,2020-10-26,OSP
MNL037 LP37 NP5-6,MNL037,LP37,NP5-6,MNL037 LP37,Tayuman,MANILA,3,1,BARANGAY 324,,,14.612492,120.983934,,,,,,,16,2020-10-26,OSP
MNL037 LP37 NP7-8,MNL037,LP37,NP7-8,MNL037 LP37,Tayuman,MANILA,3,1,BARANGAY 324,,,14.612093,120.983905,,,,,,,16,2020-10-26,OSP
MNL037 LP31 NP7-8,MNL037,LP31,NP7-8,MNL037 LP31,Tayuman,MANILA,3,1,BARANGAY 324,,,14.612507,120.984472,,,,,,,16,2020-10-26,OSP
MNL037 LP31 NP5-6,MNL037,LP31,NP5-6,MNL037 LP31,Tayuman,MANILA,3,1,BARANGAY 324,,,14.61225,120.984454,,,,,,,16,2020-10-26,OSP
MNL037 LP44 NP1-2,MNL037,LP44,NP1-2,MNL037 LP44,Tayuman,MANILA,3,1,BARANGAY 324,,,14.612127,120.983471,,,,,,,16,2020-10-26,OSP
MNL037 LP44 NP3-4,MNL037,LP44,NP3-4,MNL037 LP44,Tayuman,MANILA,3,1,BARANGAY 324,,,14.612332,120.983488,,,,,,,16,2020-10-26,OSP
MNL037 LP430 NP3-4,MNL037,LP430,NP3-4,MNL037 LP430,Tayuman,MANILA,3,1,BARANGAY 324,,,14.612993,120.983985,,,,,,,16,2022-10-29,OSP
MNL037 LP430 NP5-6,MNL037,LP430,NP5-6,MNL037 LP430,Tayuman,MANILA,3,1,BARANGAY 324,,,14.612813,120.983966,,,,,,,16,2022-10-29,OSP
MNL037 LP430 NP7-8,MNL037,LP430,NP7-8,MNL037 LP430,Tayuman,MANILA,3,1,BARANGAY 324,,,14.612294,120.983915,,,,,,,16,2022-10-29,OSP
MNL037 LP431 NP1-2,MNL037,LP431,NP1-2,MNL037 LP431,Tayuman,MANILA,3,1,BARANGAY 324,,,14.612099,120.983901,,,,,,,16,2022-10-29,OSP
MNL037 LP433 NP1-2,MNL037,LP433,NP1-2,MNL037 LP433,Tayuman,MANILA,3,1,BARANGAY 324,,,14.61241,120.984462,,,,,,,16,2022-10-29,OSP
MNL037 LP433 NP3-4,MNL037,LP433,NP3-4,MNL037 LP433,Tayuman,MANILA,3,1,BARANGAY 324,,,14.612616,120.984478,,,,,,,16,2022-10-29,OSP
MNL037 LP425 NP1-2,MNL037,LP425,NP1-2,MNL037 LP425,Tayuman,MANILA,3,1,BARANGAY 324,,,14.612599,120.983494,,,,,,,16,2022-10-29,OSP
MNL003 LP338 NP7-8,MNL003,LP338,NP7-8,MNL003 LP338,City Square,MANILA,3,1,BARANGAY 325,,,14.61214148,120.9826465,,,,,,,16,2019-04-24,OSP
MNL037 LP50 NP1-2,MNL037,LP50,NP1-2,MNL037 LP50,Tayuman,MANILA,3,1,BARANGAY 325,,,14.612159,120.983019,,,,,,,16,2020-10-26,OSP
MNL037 LP49 NP5-6,MNL037,LP49,NP5-6,MNL037 LP49,Tayuman,MANILA,3,1,BARANGAY 325,,,14.612858,120.983073,,,,,,,16,2020-10-26,OSP
MNL037 LP49 NP7-8,MNL037,LP49,NP7-8,MNL037 LP49,Tayuman,MANILA,3,1,BARANGAY 325,,,14.612512,120.983049,,,,,,,16,2020-10-26,OSP
MNL037 LP348 NP5-6,MNL037,LP348,NP5-6,MNL037 LP348,Tayuman,MANILA,3,1,BARANGAY 325,,,14.612543,120.982676,,,,,,,16,2023-02-22,OSP
MNL037 LP348 NP7-8,MNL037,LP348,NP7-8,MNL037 LP348,Tayuman,MANILA,3,1,BARANGAY 325,,,14.612189,120.982653,,,,,,,16,2023-02-22,OSP
MNL037 LP44 NP5-6,MNL037,LP44,NP5-6,MNL037 LP44,Tayuman,MANILA,3,1,BARANGAY 325,,,14.612841,120.983514,,,,,,,16,2020-10-26,OSP
MNL037 LP422 NP5-6,MNL037,LP422,NP5-6,MNL037 LP422,Tayuman,MANILA,3,1,BARANGAY 325,,,14.612858,120.983071,,,,,,,16,2022-10-29,OSP
MNL037 LP422 NP7-8,MNL037,LP422,NP7-8,MNL037 LP422,Tayuman,MANILA,3,1,BARANGAY 325,,,14.612512,120.983041,,,,,,,16,2022-10-29,OSP
MNL037 LP423 NP1-2,MNL037,LP423,NP1-2,MNL037 LP423,Tayuman,MANILA,3,1,BARANGAY 325,,,14.61216,120.983021,,,,,,,16,2022-10-29,OSP
MNL037 LP425 NP3-4,MNL037,LP425,NP3-4,MNL037 LP425,Tayuman,MANILA,3,1,BARANGAY 325,,,14.61284,120.983509,,,,,,,16,2022-10-29,OSP
MNL003 LP281 NP5-6,MNL003,LP281,NP5-6,MNL003 LP281,City Square,MANILA,3,1,BARANGAY 326,,,14.60986294,120.981382,,,,,,,16,2019-03-14,OSP
MNL003 LP282 NP3-4,MNL003,LP282,NP3-4,MNL003 LP282,City Square,MANILA,3,1,BARANGAY 326,,,14.60990295,120.9807276,,,,,,,16,2019-03-14,OSP
MNL003 LP282 NP5-6,MNL003,LP282,NP5-6,MNL003 LP282,City Square,MANILA,3,1,BARANGAY 326,,,14.61069891,120.9807819,,,,,,,16,2019-03-14,OSP
MNL037 LP203 NP1-2,MNL037,LP203,NP1-2,MNL037 LP203,Tayuman,MANILA,3,1,BARANGAY 326,,,14.60989,120.981021,,,,,,,16,2020-11-28,OSP
MNL037 LP203 NP3-4,MNL037,LP203,NP3-4,MNL037 LP203,Tayuman,MANILA,3,1,BARANGAY 326,,,14.60991,120.980724,,,,,,,16,2020-11-28,OSP
MNL037 LP203 NP5-6,MNL037,LP203,NP5-6,MNL037 LP203,Tayuman,MANILA,3,1,BARANGAY 326,,,14.610346,120.980735,,,,,,,16,2020-11-28,OSP
MNL037 LP203 NP7-8,MNL037,LP203,NP7-8,MNL037 LP203,Tayuman,MANILA,3,1,BARANGAY 326,,,14.610707,120.980766,,,,,,,16,2020-11-28,OSP
MNL037 LP200 NP1-2,MNL037,LP200,NP1-2,MNL037 LP200,Tayuman,MANILA,3,1,BARANGAY 326,,,14.610805,120.981431,,,,,,,16,2020-11-28,OSP
MNL037 LP200 NP3-4,MNL037,LP200,NP3-4,MNL037 LP200,Tayuman,MANILA,3,1,BARANGAY 326,,,14.610562,120.981411,,,,,,,16,2020-11-28,OSP
MNL037 LP200 NP5-6,MNL037,LP200,NP5-6,MNL037 LP200,Tayuman,MANILA,3,1,BARANGAY 326,,,14.610183,120.981381,,,,,,,16,2020-11-28,OSP
MNL037 LP202 NP3-4,MNL037,LP202,NP3-4,MNL037 LP202,Tayuman,MANILA,3,1,BARANGAY 326,,,14.609869,120.981367,,,,,,,16,2020-11-28,OSP
MNL037 LP385 NP3-4,MNL037,LP385,NP3-4,MNL037 LP385,Tayuman,MANILA,3,1,BARANGAY 326,,,14.609914,120.980729,,,,,,,16,2023-02-22,OSP
MNL037 LP385 NP5-6,MNL037,LP385,NP5-6,MNL037 LP385,Tayuman,MANILA,3,1,BARANGAY 326,,,14.610341,120.980754,,,,,,,16,2023-02-22,OSP
MNL037 LP380 NP1-2,MNL037,LP380,NP1-2,MNL037 LP380,Tayuman,MANILA,3,1,BARANGAY 326,,,14.61049,120.981031,,,,,,,16,2023-02-22,OSP
MNL037 LP380 NP3-4,MNL037,LP380,NP3-4,MNL037 LP380,Tayuman,MANILA,3,1,BARANGAY 326,,,14.610113,120.981004,,,,,,,16,2023-02-22,OSP
MNL037 LP376 NP7-8,MNL037,LP376,NP7-8,MNL037 LP376,Tayuman,MANILA,3,1,BARANGAY 326,,,14.610195,120.98141,,,,,,,16,2023-02-21,OSP
MNL037 LP377 NP1-2,MNL037,LP377,NP1-2,MNL037 LP377,Tayuman,MANILA,3,1,BARANGAY 326,,,14.610807,120.98145,,,,,,,16,2023-02-21,OSP
MNL003 LP282 NP7-8,MNL003,LP282,NP7-8,MNL003 LP282,City Square,MANILA,3,1,BARANGAY 327,,,14.61177878,120.9807773,,,,,,,16,2019-03-14,OSP
MNL003 LP283 NP1-2,MNL003,LP283,NP1-2,MNL003 LP283,City Square,MANILA,3,1,BARANGAY 327,,,14.61236958,120.9800933,,,,,,,16,2019-03-14,OSP
MNL005 LP583 NP1-2,MNL005,LP583,NP1-2,MNL005 LP583,Orchard Building (City Square 2),MANILA,3,1,BARANGAY 327,,,14.612383,120.980083,,,,,,,16,2022-06-23,OSP
MNL005 LP582 NP1-2,MNL005,LP582,NP1-2,MNL005 LP582,Orchard Building (City Square 2),MANILA,3,1,BARANGAY 327,,,14.612973,120.980055,,,,,,,16,2022-06-23,OSP
MNL037 LP197 NP5-6,MNL037,LP197,NP5-6,MNL037 LP197,Tayuman,MANILA,3,1,BARANGAY 327,,,14.611914,120.98152,,,,,,,16,2020-11-28,OSP
MNL037 LP197 NP7-8,MNL037,LP197,NP7-8,MNL037 LP197,Tayuman,MANILA,3,1,BARANGAY 327,,,14.611555,120.9815,,,,,,,16,2020-11-28,OSP
MNL037 LP198 NP1-2,MNL037,LP198,NP1-2,MNL037 LP198,Tayuman,MANILA,3,1,BARANGAY 327,,,14.612306,120.981172,,,,,,,16,2020-11-28,OSP
MNL037 LP198 NP3-4,MNL037,LP198,NP3-4,MNL037 LP198,Tayuman,MANILA,3,1,BARANGAY 327,,,14.612068,120.980807,,,,,,,16,2020-11-28,OSP
MNL037 LP198 NP5-6,MNL037,LP198,NP5-6,MNL037 LP198,Tayuman,MANILA,3,1,BARANGAY 327,,,14.611594,120.980761,,,,,,,16,2020-11-28,OSP
MNL037 LP198 NP7-8,MNL037,LP198,NP7-8,MNL037 LP198,Tayuman,MANILA,3,1,BARANGAY 327,,,14.611122,120.980714,,,,,,,16,2020-11-28,OSP
MNL037 LP199 NP1-2,MNL037,LP199,NP1-2,MNL037 LP199,Tayuman,MANILA,3,1,BARANGAY 327,,,14.611607,120.981123,,,,,,,16,2020-11-28,OSP
MNL037 LP199 NP3-4,MNL037,LP199,NP3-4,MNL037 LP199,Tayuman,MANILA,3,1,BARANGAY 327,,,14.611308,120.981123,,,,,,,16,2020-11-28,OSP
MNL037 LP199 NP5-6,MNL037,LP199,NP5-6,MNL037 LP199,Tayuman,MANILA,3,1,BARANGAY 327,,,14.611036,120.981065,,,,,,,16,2020-11-28,OSP
MNL037 LP199 NP7-8,MNL037,LP199,NP7-8,MNL037 LP199,Tayuman,MANILA,3,1,BARANGAY 327,,,14.611055,120.981361,,,,,,,16,2020-11-28,OSP
MNL037 LP385 NP7-8,MNL037,LP385,NP7-8,MNL037 LP385,Tayuman,MANILA,3,1,BARANGAY 327,,,14.611004,120.98081,,,,,,,16,2023-02-22,OSP
MNL037 LP419 NP1-2,MNL037,LP419,NP1-2,MNL037 LP419,Tayuman,MANILA,3,1,BARANGAY 327,,,14.61239,120.980078,,,,,,,16,2022-10-29,OSP
MNL037 LP416 NP5-6,MNL037,LP416,NP5-6,MNL037 LP416,Tayuman,MANILA,3,1,BARANGAY 327,,,14.611915,120.981531,,,,,,,16,2022-10-29,OSP
MNL037 LP416 NP7-8,MNL037,LP416,NP7-8,MNL037 LP416,Tayuman,MANILA,3,1,BARANGAY 327,,,14.611559,120.981501,,,,,,,16,2022-10-29,OSP
MNL037 LP417 NP1-2,MNL037,LP417,NP1-2,MNL037 LP417,Tayuman,MANILA,3,1,BARANGAY 327,,,14.611041,120.981061,,,,,,,16,2022-10-29,OSP
MNL037 LP417 NP3-4,MNL037,LP417,NP3-4,MNL037 LP417,Tayuman,MANILA,3,1,BARANGAY 327,,,14.611601,120.98112,,,,,,,16,2022-10-29,OSP
MNL037 LP417 NP5-6,MNL037,LP417,NP5-6,MNL037 LP417,Tayuman,MANILA,3,1,BARANGAY 327,,,14.611953,120.981143,,,,,,,16,2022-10-29,OSP
MNL037 LP417 NP7-8,MNL037,LP417,NP7-8,MNL037 LP417,Tayuman,MANILA,3,1,BARANGAY 327,,,14.612314,120.980908,,,,,,,16,2022-10-29,OSP
MNL037 LP418 NP1-2,MNL037,LP418,NP1-2,MNL037 LP418,Tayuman,MANILA,3,1,BARANGAY 327,,,14.612075,120.98079,,,,,,,16,2022-10-29,OSP
MNL037 LP418 NP3-4,MNL037,LP418,NP3-4,MNL037 LP418,Tayuman,MANILA,3,1,BARANGAY 327,,,14.611346,120.980729,,,,,,,16,2022-10-29,OSP
MNL003 LP281 NP7-8,MNL003,LP281,NP7-8,MNL003 LP281,City Square,MANILA,3,1,BARANGAY 328,,,14.60921606,120.9813257,,,,,,,16,2019-03-14,OSP
MNL003 LP282 NP1-2,MNL003,LP282,NP1-2,MNL003 LP282,City Square,MANILA,3,1,BARANGAY 328,,,14.60944732,120.9806824,,,,,,,16,2019-03-14,OSP
MNL037 LP204 NP1-2,MNL037,LP204,NP1-2,MNL037 LP204,Tayuman,MANILA,3,1,BARANGAY 328,,,14.609585,120.980675,,,,,,,16,2020-11-28,OSP
MNL037 LP204 NP3-4,MNL037,LP204,NP3-4,MNL037 LP204,Tayuman,MANILA,3,1,BARANGAY 328,,,14.609287,120.980665,,,,,,,16,2020-11-28,OSP
MNL037 LP205 NP1-2,MNL037,LP205,NP1-2,MNL037 LP205,Tayuman,MANILA,3,1,BARANGAY 328,,,14.60889,120.981306,,,,,,,16,2020-11-28,OSP
MNL037 LP206 NP1-2,MNL037,LP206,NP1-2,MNL037 LP206,Tayuman,MANILA,3,1,BARANGAY 328,,,14.608919,120.980947,,,,,,,16,2020-11-28,OSP
MNL037 LP206 NP3-4,MNL037,LP206,NP3-4,MNL037 LP206,Tayuman,MANILA,3,1,BARANGAY 328,,,14.60894,120.980653,,,,,,,16,2020-11-28,OSP
MNL037 LP206 NP5-6,MNL037,LP206,NP5-6,MNL037 LP206,Tayuman,MANILA,3,1,BARANGAY 328,,,14.608951,120.980274,,,,,,,16,2020-11-28,OSP
MNL037 LP202 NP5-6,MNL037,LP202,NP5-6,MNL037 LP202,Tayuman,MANILA,3,1,BARANGAY 328,,,14.609572,120.981355,,,,,,,16,2020-11-28,OSP
MNL037 LP202 NP7-8,MNL037,LP202,NP7-8,MNL037 LP202,Tayuman,MANILA,3,1,BARANGAY 328,,,14.609365,120.981339,,,,,,,16,2020-11-28,OSP
MNL037 LP381 NP1-2,MNL037,LP381,NP1-2,MNL037 LP381,Tayuman,MANILA,3,1,BARANGAY 328,,,14.608795,120.980931,,,,,,,16,2023-02-22,OSP
MNL037 LP384 NP5-6,MNL037,LP384,NP5-6,MNL037 LP384,Tayuman,MANILA,3,1,BARANGAY 328,,,14.60894,120.980653,,,,,,,16,2023-02-22,OSP
MNL037 LP384 NP7-8,MNL037,LP384,NP7-8,MNL037 LP384,Tayuman,MANILA,3,1,BARANGAY 328,,,14.608968,120.980221,,,,,,,16,2023-02-22,OSP
MNL037 LP385 NP1-2,MNL037,LP385,NP1-2,MNL037 LP385,Tayuman,MANILA,3,1,BARANGAY 328,,,14.609586,120.980699,,,,,,,16,2023-02-22,OSP
MNL037 LP380 NP5-6,MNL037,LP380,NP5-6,MNL037 LP380,Tayuman,MANILA,3,1,BARANGAY 328,,,14.609665,120.980966,,,,,,,16,2023-02-22,OSP
MNL037 LP380 NP7-8,MNL037,LP380,NP7-8,MNL037 LP380,Tayuman,MANILA,3,1,BARANGAY 328,,,14.609256,120.980962,,,,,,,16,2023-02-22,OSP
MNL037 LP376 NP3-4,MNL037,LP376,NP3-4,MNL037 LP376,Tayuman,MANILA,3,1,BARANGAY 328,,,14.609221,120.981326,,,,,,,16,2023-02-21,OSP
MNL003 LP320 NP7-8,MNL003,LP320,NP7-8,MNL003 LP320,City Square,MANILA,3,1,BARANGAY 329,,,14.607829,120.980577,,,,,,,16,2019-06-04,OSP
MNL037 LP205 NP3-4,MNL037,LP205,NP3-4,MNL037 LP205,Tayuman,MANILA,3,1,BARANGAY 329,,,14.608398,120.981253,,,,,,,16,2020-11-28,OSP
MNL037 LP205 NP5-6,MNL037,LP205,NP5-6,MNL037 LP205,Tayuman,MANILA,3,1,BARANGAY 329,,,14.608115,120.981239,,,,,,,16,2020-11-28,OSP
MNL037 LP208 NP1-2,MNL037,LP208,NP1-2,MNL037 LP208,Tayuman,MANILA,3,1,BARANGAY 329,,,14.607839,120.980561,,,,,,,16,2020-11-28,OSP
MNL037 LP210 NP5-6,MNL037,LP210,NP5-6,MNL037 LP210,Tayuman,MANILA,3,1,BARANGAY 329,,,14.607801,120.980875,,,,,,,16,2020-11-28,OSP
MNL037 LP210 NP7-8,MNL037,LP210,NP7-8,MNL037 LP210,Tayuman,MANILA,3,1,BARANGAY 329,,,14.60727,120.980784,,,,,,,16,2020-11-28,OSP
MNL037 LP381 NP3-4,MNL037,LP381,NP3-4,MNL037 LP381,Tayuman,MANILA,3,1,BARANGAY 329,,,14.608307,120.980864,,,,,,,16,2023-02-22,OSP
MNL037 LP381 NP5-6,MNL037,LP381,NP5-6,MNL037 LP381,Tayuman,MANILA,3,1,BARANGAY 329,,,14.607618,120.980811,,,,,,,16,2023-02-22,OSP
MNL037 LP381 NP7-8,MNL037,LP381,NP7-8,MNL037 LP381,Tayuman,MANILA,3,1,BARANGAY 329,,,14.607281,120.980781,,,,,,,16,2023-02-22,OSP
MNL037 LP382 NP1-2,MNL037,LP382,NP1-2,MNL037 LP382,Tayuman,MANILA,3,1,BARANGAY 329,,,14.607962,120.980835,,,,,,,16,2023-02-22,OSP
MNL037 LP382 NP3-4,MNL037,LP382,NP3-4,MNL037 LP382,Tayuman,MANILA,3,1,BARANGAY 329,,,14.606721,120.980814,,,,,,,16,2023-02-22,OSP
MNL037 LP375 NP7-8,MNL037,LP375,NP7-8,MNL037 LP375,Tayuman,MANILA,3,1,BARANGAY 329,,,14.608116,120.981242,,,,,,,16,2023-02-21,OSP
MNL003 LP207 NP5-6,MNL003,LP207,NP5-6,MNL003 LP207,City Square,MANILA,3,1,BARANGAY 33,,,14.60621378,120.9641238,,,,,,,16,2019-02-12,OSP
MNL003 LP207 NP7-8,MNL003,LP207,NP7-8,MNL003 LP207,City Square,MANILA,3,1,BARANGAY 33,,,14.60611637,120.9638066,,,,,,,16,2019-02-12,OSP
MNL003 LP209 NP1-2,MNL003,LP209,NP1-2,MNL003 LP209,City Square,MANILA,3,1,BARANGAY 33,,,14.60665466,120.9632937,,,,,,,16,2019-02-12,OSP
MNL003 LP209 NP3-4,MNL003,LP209,NP3-4,MNL003 LP209,City Square,MANILA,3,1,BARANGAY 33,,,14.6067784,120.9639159,,,,,,,16,2019-02-12,OSP
MNL003 LP401 NP7-8,MNL003,LP401,NP7-8,MNL003 LP401,City Square,MANILA,3,1,BARANGAY 33,,,14.605494,120.964131,,,,,,,16,2019-10-02,OSP
MNL003 LP402 NP1-2,MNL003,LP402,NP1-2,MNL003 LP402,City Square,MANILA,3,1,BARANGAY 33,,,14.605295,120.96363,,,,,,,16,2019-10-02,OSP
MNL005 LP272 NP1-2,MNL005,LP272,NP1-2,MNL005 LP272,Orchard Building (City Square 2),MANILA,3,1,BARANGAY 33,,,14.606226,120.964124,,,,,,,16,2021-10-21,OSP
MNL005 LP272 NP3-5,MNL005,LP272,NP3-5,MNL005 LP272,Orchard Building (City Square 2),MANILA,3,1,BARANGAY 33,,,14.606227,120.964125,,,,,,,24,2021-10-21,OSP
MNL005 LP272 NP6-8,MNL005,LP272,NP6-8,MNL005 LP272,Orchard Building (City Square 2),MANILA,3,1,BARANGAY 33,,,14.606775,120.963938,,,,,,,24,2021-10-21,OSP
MNL005 LP42 NP5-6,MNL005,LP42,NP5-6,MNL005 LP42,Orchard Building (City Square 2),MANILA,3,1,BARANGAY 33,,,14.606028,120.963429,,,,,,,16,2020-09-25,OSP
MNL005 LP32 NP5-6,MNL005,LP32,NP5-6,MNL005 LP32,Orchard Building (City Square 2),MANILA,3,1,BARANGAY 33,,,14.606419,120.964062,,,,,,,16,2020-09-25,OSP
MNL005 LP32 NP7-8,MNL005,LP32,NP7-8,MNL005 LP32,Orchard Building (City Square 2),MANILA,3,1,BARANGAY 33,,,14.606695,120.963552,,,,,,,16,2020-09-25,OSP
MNL005 LP295 NP3-5,MNL005,LP295,NP3-5,MNL005 LP295,Orchard Building (City Square 2),MANILA,3,1,BARANGAY 33,,,14.60613,120.963833,,,,,,,24,2021-11-17,OSP
MNL005 LP295 NP6-8,MNL005,LP295,NP6-8,MNL005 LP295,Orchard Building (City Square 2),MANILA,3,1,BARANGAY 33,,,14.606182,120.963968,,,,,,,24,2021-11-17,OSP
MNL005 LP296 NP1-2,MNL005,LP296,NP1-2,MNL005 LP296,Orchard Building (City Square 2),MANILA,3,1,BARANGAY 33,,,14.606183,120.963969,,,,,,,16,2021-11-17,OSP
MNL005 LP296 NP3-5,MNL005,LP296,NP3-5,MNL005 LP296,Orchard Building (City Square 2),MANILA,3,1,BARANGAY 33,,,14.605959,120.964216,,,,,,,24,2021-11-17,OSP
MNL005 LP296 NP6-8,MNL005,LP296,NP6-8,MNL005 LP296,Orchard Building (City Square 2),MANILA,3,1,BARANGAY 33,,,14.605957,120.964218,,,,,,,24,2021-11-17,OSP
MNL005 LP290 NP3-5,MNL005,LP290,NP3-5,MNL005 LP290,Orchard Building (City Square 2),MANILA,3,1,BARANGAY 33,,,14.606978,120.963894,,,,,,,24,2021-11-17,OSP
MNL005 LP290 NP6-8,MNL005,LP290,NP6-8,MNL005 LP290,Orchard Building (City Square 2),MANILA,3,1,BARANGAY 33,,,14.606976,120.963897,,,,,,,24,2021-11-17,OSP
MNL005 LP291 NP1-2,MNL005,LP291,NP1-2,MNL005 LP291,Orchard Building (City Square 2),MANILA,3,1,BARANGAY 33,,,14.606769,120.963931,,,,,,,16,2021-11-17,OSP
MNL005 LP291 NP3-5,MNL005,LP291,NP3-5,MNL005 LP291,Orchard Building (City Square 2),MANILA,3,1,BARANGAY 33,,,14.606702,120.963558,,,,,,,24,2021-11-17,OSP
MNL005 LP291 NP6-8,MNL005,LP291,NP6-8,MNL005 LP291,Orchard Building (City Square 2),MANILA,3,1,BARANGAY 33,,,14.60666,120.963326,,,,,,,24,2021-11-17,OSP
MNL005 LP295 NP1-2,MNL005,LP295,NP1-2,MNL005 LP295,Orchard Building (City Square 2),MANILA,3,1,BARANGAY 33,,,14.606031,120.963416,,,,,,,16,2021-11-17,OSP
MNL005 LP46 NP1-2,MNL005,LP46,NP1-2,MNL005 LP46,Orchard Building (City Square 2),MANILA,3,1,BARANGAY 33,,,14.605387,120.963824,,,,,,,16,2020-09-25,OSP
MNL003 LP321 NP1-2,MNL003,LP321,NP1-2,MNL003 LP321,City Square,MANILA,3,1,BARANGAY 330,,,14.607396,120.98053,,,,,,,16,2019-06-04,OSP
MNL003 LP320 NP3-4,MNL003,LP320,NP3-4,MNL003 LP320,City Square,MANILA,3,1,BARANGAY 330,,,14.606787,120.979739,,,,,,,16,2019-06-04,OSP
MNL003 LP320 NP5-6,MNL003,LP320,NP5-6,MNL003 LP320,City Square,MANILA,3,1,BARANGAY 330,,,14.607861,120.980117,,,,,,,16,2019-06-04,OSP
MNL037 LP213 NP1-2,MNL037,LP213,NP1-2,MNL037 LP213,Tayuman,MANILA,3,1,BARANGAY 330,,,14.606766,120.980491,,,,,,,16,2020-11-28,OSP
MNL037 LP213 NP5-6,MNL037,LP213,NP5-6,MNL037 LP213,Tayuman,MANILA,3,1,BARANGAY 330,,,14.606793,120.980037,,,,,,,16,2020-11-28,OSP
MNL037 LP213 NP7-8,MNL037,LP213,NP7-8,MNL037 LP213,Tayuman,MANILA,3,1,BARANGAY 330,,,14.60731702,120.980116,,,,,,,16,2020-11-28,OSP
MNL037 LP207 NP1-2,MNL037,LP207,NP1-2,MNL037 LP207,Tayuman,MANILA,3,1,BARANGAY 330,,,14.608431,120.980196,,,,,,,16,2020-11-28,OSP
MNL037 LP207 NP3-4,MNL037,LP207,NP3-4,MNL037 LP207,Tayuman,MANILA,3,1,BARANGAY 330,,,14.607872,120.980126,,,,,,,16,2020-11-28,OSP
MNL037 LP207 NP5-6,MNL037,LP207,NP5-6,MNL037 LP207,Tayuman,MANILA,3,1,BARANGAY 330,,,14.607885,120.97983,,,,,,,16,2020-11-28,OSP
MNL037 LP208 NP3-4,MNL037,LP208,NP3-4,MNL037 LP208,Tayuman,MANILA,3,1,BARANGAY 330,,,14.608162,120.980583,,,,,,,16,2020-11-28,OSP
MNL037 LP208 NP5-6,MNL037,LP208,NP5-6,MNL037 LP208,Tayuman,MANILA,3,1,BARANGAY 330,,,14.607574,120.980535,,,,,,,16,2020-11-28,OSP
MNL037 LP386 NP1-2,MNL037,LP386,NP1-2,MNL037 LP386,Tayuman,MANILA,3,1,BARANGAY 330,,,14.608437,120.980184,,,,,,,16,2023-02-22,OSP
MNL037 LP386 NP3-4,MNL037,LP386,NP3-4,MNL037 LP386,Tayuman,MANILA,3,1,BARANGAY 330,,,14.607873,120.980123,,,,,,,16,2023-02-22,OSP
MNL037 LP386 NP5-6,MNL037,LP386,NP5-6,MNL037 LP386,Tayuman,MANILA,3,1,BARANGAY 330,,,14.607075,120.980066,,,,,,,16,2023-02-22,OSP
MNL037 LP386 NP7-8,MNL037,LP386,NP7-8,MNL037 LP386,Tayuman,MANILA,3,1,BARANGAY 330,,,14.606784,120.980043,,,,,,,16,2023-02-22,OSP
MNL037 LP388 NP7-8,MNL037,LP388,NP7-8,MNL037 LP388,Tayuman,MANILA,3,1,BARANGAY 330,,,14.606805,120.979753,,,,,,,16,2023-02-22,OSP
MNL037 LP382 NP5-6,MNL037,LP382,NP5-6,MNL037 LP382,Tayuman,MANILA,3,1,BARANGAY 330,,,14.60675,120.980493,,,,,,,16,2023-02-22,OSP
MNL037 LP382 NP7-8,MNL037,LP382,NP7-8,MNL037 LP382,Tayuman,MANILA,3,1,BARANGAY 330,,,14.607124,120.98052,,,,,,,16,2023-02-22,OSP
MNL037 LP384 NP1-2,MNL037,LP384,NP1-2,MNL037 LP384,Tayuman,MANILA,3,1,BARANGAY 330,,,14.607985,120.980578,,,,,,,16,2023-02-22,OSP
MNL037 LP384 NP3-4,MNL037,LP384,NP3-4,MNL037 LP384,Tayuman,MANILA,3,1,BARANGAY 330,,,14.608403,120.980615,,,,,,,16,2023-02-22,OSP
MNL003 LP263 NP7-8,MNL003,LP263,NP7-8,MNL003 LP263,City Square,MANILA,3,1,BARANGAY 331,,,14.61320197,120.9825423,,,,,,,16,2019-02-27,OSP
MNL003 LP264 NP1-2,MNL003,LP264,NP1-2,MNL003 LP264,City Square,MANILA,3,1,BARANGAY 331,,,14.61587841,120.9826258,,,,,,,16,2019-02-27,OSP
MNL003 LP283 NP3-4,MNL003,LP283,NP3-4,MNL003 LP283,City Square,MANILA,3,1,BARANGAY 331,,,14.61332563,120.9801433,,,,,,,16,2019-03-14,OSP
MNL003 LP283 NP5-6,MNL003,LP283,NP5-6,MNL003 LP283,City Square,MANILA,3,1,BARANGAY 331,,,14.61326807,120.9815707,,,,,,,16,2019-03-14,OSP
MNL003 LP283 NP7-8,MNL003,LP283,NP7-8,MNL003 LP283,City Square,MANILA,3,1,BARANGAY 331,,,14.61325,120.982056,,,,,,,16,2020-07-29,OSP
MNL002 LP10 NP1-2,MNL002,LP10,NP1-2,MNL002 LP10,Don Quintos,MANILA,3,1,BARANGAY 331,,,14.616148,120.982631,,,,,,,16,2017-07-09,OSP
MNL002 LP10 NP3-4,MNL002,LP10,NP3-4,MNL002 LP10,Don Quintos,MANILA,3,1,BARANGAY 331,,,14.614827,120.982575,,,,,,,16,2017-07-09,OSP
MNL005 LP581 NP3-5,MNL005,LP581,NP3-5,MNL005 LP581,Orchard Building (City Square 2),MANILA,3,1,BARANGAY 331,,,14.613347,120.979761,,,,,,,24,2022-06-23,OSP
MNL005 LP581 NP6-8,MNL005,LP581,NP6-8,MNL005 LP581,Orchard Building (City Square 2),MANILA,3,1,BARANGAY 331,,,14.613335,120.980057,,,,,,,24,2022-06-23,OSP
MNL037 LP102 NP1-2,MNL037,LP102,NP1-2,MNL037 LP102,Tayuman,MANILA,3,1,BARANGAY 331,,,14.616151,120.980035,,,,,,,16,2020-10-27,OSP
MNL037 LP102 NP3-4,MNL037,LP102,NP3-4,MNL037 LP102,Tayuman,MANILA,3,1,BARANGAY 331,,,14.615784,120.980046,,,,,,,16,2020-10-27,OSP
MNL037 LP102 NP5-6,MNL037,LP102,NP5-6,MNL037 LP102,Tayuman,MANILA,3,1,BARANGAY 331,,,14.6165,120.979656,,,,,,,16,2020-10-27,OSP
MNL037 LP102 NP7-8,MNL037,LP102,NP7-8,MNL037 LP102,Tayuman,MANILA,3,1,BARANGAY 331,,,14.61595,120.979675,,,,,,,16,2020-10-27,OSP
MNL037 LP103 NP1-2,MNL037,LP103,NP1-2,MNL037 LP103,Tayuman,MANILA,3,1,BARANGAY 331,,,14.6165,120.979299,,,,,,,16,2020-10-27,OSP
MNL037 LP103 NP3-4,MNL037,LP103,NP3-4,MNL037 LP103,Tayuman,MANILA,3,1,BARANGAY 331,,,14.616221,120.979307,,,,,,,16,2020-10-27,OSP
MNL037 LP103 NP5-6,MNL037,LP103,NP5-6,MNL037 LP103,Tayuman,MANILA,3,1,BARANGAY 331,,,14.61595,120.979312,,,,,,,16,2020-10-27,OSP
MNL037 LP348 NP1-2,MNL037,LP348,NP1-2,MNL037 LP348,Tayuman,MANILA,3,1,BARANGAY 331,,,14.613594,120.98273,,,,,,,16,2023-02-22,OSP
MNL037 LP89 NP5-6,MNL037,LP89,NP5-6,MNL037 LP89,Tayuman,MANILA,3,1,BARANGAY 331,,,14.613859,120.982576,,,,,,,16,2020-09-29,OSP
MNL037 LP89 NP7-8,MNL037,LP89,NP7-8,MNL037 LP89,Tayuman,MANILA,3,1,BARANGAY 331,,,14.613231,120.982555,,,,,,,16,2020-09-29,OSP
MNL037 LP419 NP3-4,MNL037,LP419,NP3-4,MNL037 LP419,Tayuman,MANILA,3,1,BARANGAY 331,,,14.613321,120.980491,,,,,,,16,2022-10-29,OSP
MNL037 LP419 NP5-6,MNL037,LP419,NP5-6,MNL037 LP419,Tayuman,MANILA,3,1,BARANGAY 331,,,14.613306,120.980959,,,,,,,16,2022-10-29,OSP
MNL037 LP419 NP7-8,MNL037,LP419,NP7-8,MNL037 LP419,Tayuman,MANILA,3,1,BARANGAY 331,,,14.613289,120.981377,,,,,,,16,2022-10-29,OSP
MNL037 LP88 NP5-6,MNL037,LP88,NP5-6,MNL037 LP88,Tayuman,MANILA,3,1,BARANGAY 331,,,14.616761,120.98264,,,,,,,16,2020-09-29,OSP
MNL037 LP88 NP7-8,MNL037,LP88,NP7-8,MNL037 LP88,Tayuman,MANILA,3,1,BARANGAY 331,,,14.616228,120.982636,,,,,,,16,2020-09-29,OSP
MNL037 LP89 NP1-2,MNL037,LP89,NP1-2,MNL037 LP89,Tayuman,MANILA,3,1,BARANGAY 331,,,14.615211,120.982613,,,,,,,16,2020-09-29,OSP
MNL037 LP89 NP3-4,MNL037,LP89,NP3-4,MNL037 LP89,Tayuman,MANILA,3,1,BARANGAY 331,,,14.61434,120.982591,,,,,,,16,2020-09-29,OSP
MNL037 LP412 NP1-2,MNL037,LP412,NP1-2,MNL037 LP412,Tayuman,MANILA,3,1,BARANGAY 331,,,14.616531,120.979302,,,,,,,16,2022-10-29,OSP
MNL037 LP412 NP3-4,MNL037,LP412,NP3-4,MNL037 LP412,Tayuman,MANILA,3,1,BARANGAY 331,,,14.615715,120.979328,,,,,,,16,2022-10-29,OSP
MNL037 LP412 NP5-6,MNL037,LP412,NP5-6,MNL037 LP412,Tayuman,MANILA,3,1,BARANGAY 331,,,14.616294,120.979684,,,,,,,16,2022-10-29,OSP
MNL037 LP412 NP7-8,MNL037,LP412,NP7-8,MNL037 LP412,Tayuman,MANILA,3,1,BARANGAY 331,,,14.616005,120.979684,,,,,,,16,2022-10-29,OSP
MNL037 LP413 NP1-2,MNL037,LP413,NP1-2,MNL037 LP413,Tayuman,MANILA,3,1,BARANGAY 331,,,14.616234,120.982632,,,,,,,16,2022-10-29,OSP
MNL037 LP413 NP3-4,MNL037,LP413,NP3-4,MNL037 LP413,Tayuman,MANILA,3,1,BARANGAY 331,,,14.615214,120.982619,,,,,,,16,2022-10-29,OSP
MNL037 LP413 NP5-6,MNL037,LP413,NP5-6,MNL037 LP413,Tayuman,MANILA,3,1,BARANGAY 331,,,14.614954,120.982612,,,,,,,16,2022-10-29,OSP
MNL037 LP413 NP7-8,MNL037,LP413,NP7-8,MNL037 LP413,Tayuman,MANILA,3,1,BARANGAY 331,,,14.614348,120.982597,,,,,,,16,2022-10-29,OSP
MNL037 LP414 NP1-2,MNL037,LP414,NP1-2,MNL037 LP414,Tayuman,MANILA,3,1,BARANGAY 331,,,14.613864,120.982578,,,,,,,16,2022-10-29,OSP
MNL037 LP414 NP3-4,MNL037,LP414,NP3-4,MNL037 LP414,Tayuman,MANILA,3,1,BARANGAY 331,,,14.613236,120.982557,,,,,,,16,2022-10-29,OSP
MNL003 LP263 NP1-2,MNL003,LP263,NP1-2,MNL003 LP263,City Square,MANILA,3,1,BARANGAY 332,,,14.60962105,120.9822861,,,,,,,16,2019-02-27,OSP
MNL003 LP280 NP1-2,MNL003,LP280,NP1-2,MNL003 LP280,City Square,MANILA,3,1,BARANGAY 332,,,14.60922448,120.9817665,,,,,,,16,2019-03-14,OSP
MNL037 LP205 NP7-8,MNL037,LP205,NP7-8,MNL037 LP205,Tayuman,MANILA,3,1,BARANGAY 332,,,14.608861,120.981788,,,,,,,16,2020-11-28,OSP
MNL037 LP378 NP5-6,MNL037,LP378,NP5-6,MNL037 LP378,Tayuman,MANILA,3,1,BARANGAY 332,,,14.609351,120.981777,,,,,,,16,2023-02-22,OSP
MNL037 LP378 NP7-8,MNL037,LP378,NP7-8,MNL037 LP378,Tayuman,MANILA,3,1,BARANGAY 332,,,14.608862,120.981768,,,,,,,16,2023-02-22,OSP
MNL037 LP376 NP1-2,MNL037,LP376,NP1-2,MNL037 LP376,Tayuman,MANILA,3,1,BARANGAY 332,,,14.608751,120.981293,,,,,,,16,2023-02-21,OSP
MNL037 LP90 NP7-8,MNL037,LP90,NP7-8,MNL037 LP90,Tayuman,MANILA,3,1,BARANGAY 332,,,14.609668,120.982286,,,,,,,16,2020-09-29,OSP
MNL037 LP91 NP1-2,MNL037,LP91,NP1-2,MNL037 LP91,Tayuman,MANILA,3,1,BARANGAY 332,,,14.609169,120.982238,,,,,,,16,2020-09-29,OSP
MNL037 LP91 NP3-4,MNL037,LP91,NP3-4,MNL037 LP91,Tayuman,MANILA,3,1,BARANGAY 332,,,14.608835,120.982206,,,,,,,16,2020-09-29,OSP
MNL003 LP280 NP3-4,MNL003,LP280,NP3-4,MNL003 LP280,City Square,MANILA,3,1,BARANGAY 333,,,14.60980878,120.9817994,,,,,,,16,2019-03-14,OSP
MNL037 LP201 NP5-6,MNL037,LP201,NP5-6,MNL037 LP201,Tayuman,MANILA,3,1,BARANGAY 333,,,14.610774,120.981893,,,,,,,16,2020-11-28,OSP
MNL037 LP201 NP7-8,MNL037,LP201,NP7-8,MNL037 LP201,Tayuman,MANILA,3,1,BARANGAY 333,,,14.610425,120.98186,,,,,,,16,2020-11-28,OSP
MNL037 LP202 NP1-2,MNL037,LP202,NP1-2,MNL037 LP202,Tayuman,MANILA,3,1,BARANGAY 333,,,14.60984,120.981812,,,,,,,16,2020-11-28,OSP
MNL037 LP377 NP7-8,MNL037,LP377,NP7-8,MNL037 LP377,Tayuman,MANILA,3,1,BARANGAY 333,,,14.610771,120.981885,,,,,,,16,2023-02-21,OSP
MNL037 LP378 NP1-2,MNL037,LP378,NP1-2,MNL037 LP378,Tayuman,MANILA,3,1,BARANGAY 333,,,14.610239,120.981848,,,,,,,16,2023-02-21,OSP
MNL037 LP378 NP3-4,MNL037,LP378,NP3-4,MNL037 LP378,Tayuman,MANILA,3,1,BARANGAY 333,,,14.610047,120.981833,,,,,,,16,2023-02-22,OSP
MNL037 LP376 NP5-6,MNL037,LP376,NP5-6,MNL037 LP376,Tayuman,MANILA,3,1,BARANGAY 333,,,14.609857,120.981388,,,,,,,16,2023-02-21,OSP
MNL037 LP349 NP5-6,MNL037,LP349,NP5-6,MNL037 LP349,Tayuman,MANILA,3,1,BARANGAY 333,,,14.610114,120.982315,,,,,,,16,2023-02-22,OSP
MNL037 LP90 NP5-6,MNL037,LP90,NP5-6,MNL037 LP90,Tayuman,MANILA,3,1,BARANGAY 333,,,14.610554,120.982355,,,,,,,16,2020-09-29,OSP
MNL003 LP263 NP3-4,MNL003,LP263,NP3-4,MNL003 LP263,City Square,MANILA,3,1,BARANGAY 334,,,14.61133237,120.9824128,,,,,,,16,2019-02-27,OSP
MNL003 LP263 NP5-6,MNL003,LP263,NP5-6,MNL003 LP263,City Square,MANILA,3,1,BARANGAY 334,,,14.6120451,120.9824637,,,,,,,16,2019-02-27,OSP
MNL003 LP280 NP5-6,MNL003,LP280,NP5-6,MNL003 LP280,City Square,MANILA,3,1,BARANGAY 334,,,14.61100822,120.9819029,,,,,,,16,2019-03-14,OSP
MNL003 LP280 NP7-8,MNL003,LP280,NP7-8,MNL003 LP280,City Square,MANILA,3,1,BARANGAY 334,,,14.61221547,120.9820219,,,,,,,16,2019-03-14,OSP
MNL003 LP281 NP1-2,MNL003,LP281,NP1-2,MNL003 LP281,City Square,MANILA,3,1,BARANGAY 334,,,14.61226112,120.9815429,,,,,,,16,2019-03-14,OSP
MNL003 LP281 NP3-4,MNL003,LP281,NP3-4,MNL003 LP281,City Square,MANILA,3,1,BARANGAY 334,,,14.61103954,120.9814533,,,,,,,16,2019-03-14,OSP
MNL037 LP197 NP1-2,MNL037,LP197,NP1-2,MNL037 LP197,Tayuman,MANILA,3,1,BARANGAY 334,,,14.612234,120.981984,,,,,,,16,2020-11-28,OSP
MNL037 LP197 NP3-4,MNL037,LP197,NP3-4,MNL037 LP197,Tayuman,MANILA,3,1,BARANGAY 334,,,14.612257,120.981535,,,,,,,16,2020-11-28,OSP
MNL037 LP201 NP1-2,MNL037,LP201,NP1-2,MNL037 LP201,Tayuman,MANILA,3,1,BARANGAY 334,,,14.611013,120.98187,,,,,,,16,2020-11-28,OSP
MNL037 LP201 NP3-4,MNL037,LP201,NP3-4,MNL037 LP201,Tayuman,MANILA,3,1,BARANGAY 334,,,14.611707,120.981963,,,,,,,16,2020-11-28,OSP
MNL037 LP377 NP3-4,MNL037,LP377,NP3-4,MNL037 LP377,Tayuman,MANILA,3,1,BARANGAY 334,,,14.611057,120.981457,,,,,,,16,2023-02-21,OSP
MNL037 LP377 NP5-6,MNL037,LP377,NP5-6,MNL037 LP377,Tayuman,MANILA,3,1,BARANGAY 334,,,14.611021,120.9819,,,,,,,16,2023-02-21,OSP
MNL037 LP349 NP1-2,MNL037,LP349,NP1-2,MNL037 LP349,Tayuman,MANILA,3,1,BARANGAY 334,,,14.611671,120.982447,,,,,,,16,2023-02-22,OSP
MNL037 LP349 NP3-4,MNL037,LP349,NP3-4,MNL037 LP349,Tayuman,MANILA,3,1,BARANGAY 334,,,14.610976,120.98238,,,,,,,16,2023-02-22,OSP
MNL037 LP90 NP1-2,MNL037,LP90,NP1-2,MNL037 LP90,Tayuman,MANILA,3,1,BARANGAY 334,,,14.612518,120.982508,,,,,,,16,2020-09-29,OSP
MNL037 LP90 NP3-4,MNL037,LP90,NP3-4,MNL037 LP90,Tayuman,MANILA,3,1,BARANGAY 334,,,14.611675,120.982452,,,,,,,16,2020-09-29,OSP
MNL037 LP414 NP5-6,MNL037,LP414,NP5-6,MNL037 LP414,Tayuman,MANILA,3,1,BARANGAY 334,,,14.612521,120.982511,,,,,,,16,2022-10-29,OSP
MNL037 LP414 NP7-8,MNL037,LP414,NP7-8,MNL037 LP414,Tayuman,MANILA,3,1,BARANGAY 334,,,14.612075,120.982472,,,,,,,16,2022-10-29,OSP
MNL037 LP415 NP1-2,MNL037,LP415,NP1-2,MNL037 LP415,Tayuman,MANILA,3,1,BARANGAY 334,,,14.611672,120.982447,,,,,,,16,2022-10-29,OSP
MNL037 LP415 NP3-4,MNL037,LP415,NP3-4,MNL037 LP415,Tayuman,MANILA,3,1,BARANGAY 334,,,14.610977,120.98238,,,,,,,16,2022-10-29,OSP
MNL037 LP415 NP5-6,MNL037,LP415,NP5-6,MNL037 LP415,Tayuman,MANILA,3,1,BARANGAY 334,,,14.611358,120.981928,,,,,,,16,2022-10-29,OSP
MNL037 LP415 NP7-8,MNL037,LP415,NP7-8,MNL037 LP415,Tayuman,MANILA,3,1,BARANGAY 334,,,14.611897,120.98198,,,,,,,16,2022-10-29,OSP
MNL037 LP416 NP1-2,MNL037,LP416,NP1-2,MNL037 LP416,Tayuman,MANILA,3,1,BARANGAY 334,,,14.612238,120.982001,,,,,,,16,2022-10-29,OSP
MNL037 LP416 NP3-4,MNL037,LP416,NP3-4,MNL037 LP416,Tayuman,MANILA,3,1,BARANGAY 334,,,14.612268,120.981556,,,,,,,16,2022-10-29,OSP
MNL003 LP262 NP3-4,MNL003,LP262,NP3-4,MNL003 LP262,City Square,MANILA,3,1,BARANGAY 335,,,14.60659912,120.9820469,,,,,,,16,2019-02-27,OSP
MNL003 LP262 NP5-6,MNL003,LP262,NP5-6,MNL003 LP262,City Square,MANILA,3,1,BARANGAY 335,,,14.60763332,120.9821132,,,,,,,16,2019-02-27,OSP
MNL003 LP262 NP7-8,MNL003,LP262,NP7-8,MNL003 LP262,City Square,MANILA,3,1,BARANGAY 335,,,14.60866737,120.9822034,,,,,,,16,2019-02-27,OSP
MNL003 LP322 NP1-2,MNL003,LP322,NP1-2,MNL003 LP322,City Square,MANILA,3,1,BARANGAY 335,,,14.606555,120.981121,,,,,,,16,2019-06-04,OSP
MNL003 LP322 NP3-4,MNL003,LP322,NP3-4,MNL003 LP322,City Square,MANILA,3,1,BARANGAY 335,,,14.607119,120.981158,,,,,,,16,2019-06-04,OSP
MNL003 LP322 NP5-6,MNL003,LP322,NP5-6,MNL003 LP322,City Square,MANILA,3,1,BARANGAY 335,,,14.607787,120.98122,,,,,,,16,2019-06-04,OSP
MNL003 LP322 NP7-8,MNL003,LP322,NP7-8,MNL003 LP322,City Square,MANILA,3,1,BARANGAY 335,,,14.608273,120.98172,,,,,,,16,2019-03-28,OSP
MNL037 LP209 NP1-2,MNL037,LP209,NP1-2,MNL037 LP209,Tayuman,MANILA,3,1,BARANGAY 335,,,14.608546,120.981735,,,,,,,16,2020-11-28,OSP
MNL037 LP209 NP3-4,MNL037,LP209,NP3-4,MNL037 LP209,Tayuman,MANILA,3,1,BARANGAY 335,,,14.608278,120.981721,,,,,,,16,2020-11-28,OSP
MNL037 LP209 NP5-6,MNL037,LP209,NP5-6,MNL037 LP209,Tayuman,MANILA,3,1,BARANGAY 335,,,14.607749,120.981694,,,,,,,16,2020-11-28,OSP
MNL037 LP209 NP7-8,MNL037,LP209,NP7-8,MNL037 LP209,Tayuman,MANILA,3,1,BARANGAY 335,,,14.607559,120.981677,,,,,,,16,2020-11-28,OSP
MNL037 LP210 NP1-2,MNL037,LP210,NP1-2,MNL037 LP210,Tayuman,MANILA,3,1,BARANGAY 335,,,14.607793,120.98121,,,,,,,16,2020-11-28,OSP
MNL037 LP210 NP3-4,MNL037,LP210,NP3-4,MNL037 LP210,Tayuman,MANILA,3,1,BARANGAY 335,,,14.607085,120.981163,,,,,,,16,2020-11-28,OSP
MNL037 LP211 NP1-2,MNL037,LP211,NP1-2,MNL037 LP211,Tayuman,MANILA,3,1,BARANGAY 335,,,14.607254,120.981647,,,,,,,16,2020-11-28,OSP
MNL037 LP211 NP3-4,MNL037,LP211,NP3-4,MNL037 LP211,Tayuman,MANILA,3,1,BARANGAY 335,,,14.606685,120.981606,,,,,,,16,2020-11-28,OSP
MNL037 LP211 NP5-6,MNL037,LP211,NP5-6,MNL037 LP211,Tayuman,MANILA,3,1,BARANGAY 335,,,14.606708,120.981141,,,,,,,16,2020-11-28,OSP
MNL037 LP379 NP1-2,MNL037,LP379,NP1-2,MNL037 LP379,Tayuman,MANILA,3,1,BARANGAY 335,,,14.608483,120.981741,,,,,,,16,2023-02-22,OSP
MNL037 LP379 NP3-4,MNL037,LP379,NP3-4,MNL037 LP379,Tayuman,MANILA,3,1,BARANGAY 335,,,14.60775,120.981692,,,,,,,16,2023-02-22,OSP
MNL037 LP379 NP5-6,MNL037,LP379,NP5-6,MNL037 LP379,Tayuman,MANILA,3,1,BARANGAY 335,,,14.607371,120.981659,,,,,,,16,2023-02-22,OSP
MNL037 LP379 NP7-8,MNL037,LP379,NP7-8,MNL037 LP379,Tayuman,MANILA,3,1,BARANGAY 335,,,14.606669,120.981602,,,,,,,16,2023-02-22,OSP
MNL037 LP375 NP1-2,MNL037,LP375,NP1-2,MNL037 LP375,Tayuman,MANILA,3,1,BARANGAY 335,,,14.606899,120.981146,,,,,,,16,2023-02-21,OSP
MNL037 LP375 NP3-4,MNL037,LP375,NP3-4,MNL037 LP375,Tayuman,MANILA,3,1,BARANGAY 335,,,14.607478,120.981202,,,,,,,16,2023-02-21,OSP
MNL037 LP375 NP5-6,MNL037,LP375,NP5-6,MNL037 LP375,Tayuman,MANILA,3,1,BARANGAY 335,,,14.607787,120.981223,,,,,,,16,2023-02-21,OSP
MNL037 LP372 NP7-8,MNL037,LP372,NP7-8,MNL037 LP372,Tayuman,MANILA,3,1,BARANGAY 335,,,14.606649,120.982044,,,,,,,16,2023-02-21,OSP
MNL037 LP91 NP5-6,MNL037,LP91,NP5-6,MNL037 LP91,Tayuman,MANILA,3,1,BARANGAY 335,,,14.608052,120.982151,,,,,,,16,2020-09-29,OSP
MNL037 LP91 NP7-8,MNL037,LP91,NP7-8,MNL037 LP91,Tayuman,MANILA,3,1,BARANGAY 335,,,14.606997,120.982083,,,,,,,16,2020-09-29,OSP
MNL001 LP23 NP3-4,MNL001,LP23,NP3-4,MNL001 LP23,Zen Tower,MANILA,3,1,BARANGAY 335,,,14.607725,120.981229,,,,,,,16,2015-07-27,OSP
MNL003 LP344 NP1-2,MNL003,LP344,NP1-2,MNL003 LP344,City Square,MANILA,3,1,BARANGAY 336,,,14.61557603,120.9841742,,,,,,,16,2019-04-24,OSP
MNL003 LP344 NP3-4,MNL003,LP344,NP3-4,MNL003 LP344,City Square,MANILA,3,1,BARANGAY 336,,,14.61560326,120.9837474,,,,,,,16,2019-04-24,OSP
MNL003 LP344 NP5-6,MNL003,LP344,NP5-6,MNL003 LP344,City Square,MANILA,3,1,BARANGAY 336,,,14.61555521,120.9827831,,,,,,,16,2019-04-24,OSP
MNL003 LP344 NP7-8,MNL003,LP344,NP7-8,MNL003 LP344,City Square,MANILA,3,1,BARANGAY 336,,,14.61660104,120.9828307,,,,,,,16,2019-04-24,OSP
MNL003 LP345 NP1-2,MNL003,LP345,NP1-2,MNL003 LP345,City Square,MANILA,3,1,BARANGAY 336,,,14.61681975,120.9836528,,,,,,,16,2019-04-24,OSP
MNL003 LP345 NP3-4,MNL003,LP345,NP3-4,MNL003 LP345,City Square,MANILA,3,1,BARANGAY 336,,,14.61693534,120.9847888,,,,,,,16,2019-04-24,OSP
MNL037 LP347 NP1-2,MNL037,LP347,NP1-2,MNL037 LP347,Tayuman,MANILA,3,1,BARANGAY 336,,,14.616277,120.982818,,,,,,,16,2023-02-22,OSP
MNL037 LP347 NP3-4,MNL037,LP347,NP3-4,MNL037 LP347,Tayuman,MANILA,3,1,BARANGAY 336,,,14.615585,120.982801,,,,,,,16,2023-02-22,OSP
MNL037 LP35 NP1-2,MNL037,LP35,NP1-2,MNL037 LP35,Tayuman,MANILA,3,1,BARANGAY 336,,,14.615614,120.98418,,,,,,,16,2020-10-26,OSP
MNL037 LP35 NP3-4,MNL037,LP35,NP3-4,MNL037 LP35,Tayuman,MANILA,3,1,BARANGAY 336,,,14.61582,120.984186,,,,,,,16,2020-10-26,OSP
MNL037 LP35 NP5-6,MNL037,LP35,NP5-6,MNL037 LP35,Tayuman,MANILA,3,1,BARANGAY 336,,,14.616728,120.984262,,,,,,,16,2020-10-26,OSP
MNL037 LP47 NP1-2,MNL037,LP47,NP1-2,MNL037 LP47,Tayuman,MANILA,3,1,BARANGAY 336,,,14.615684,120.983232,,,,,,,16,2020-10-26,OSP
MNL037 LP47 NP3-4,MNL037,LP47,NP3-4,MNL037 LP47,Tayuman,MANILA,3,1,BARANGAY 336,,,14.615862,120.983239,,,,,,,16,2020-10-26,OSP
MNL037 LP47 NP5-6,MNL037,LP47,NP5-6,MNL037 LP47,Tayuman,MANILA,3,1,BARANGAY 336,,,14.616056,120.983249,,,,,,,16,2020-10-26,OSP
MNL037 LP47 NP7-8,MNL037,LP47,NP7-8,MNL037 LP47,Tayuman,MANILA,3,1,BARANGAY 336,,,14.616226,120.983257,,,,,,,16,2020-10-26,OSP
MNL037 LP34 NP1-2,MNL037,LP34,NP1-2,MNL037 LP34,Tayuman,MANILA,3,1,BARANGAY 336,,,14.616306,120.984756,,,,,,,16,2020-10-26,OSP
MNL037 LP33 NP5-6,MNL037,LP33,NP5-6,MNL037 LP33,Tayuman,MANILA,3,1,BARANGAY 336,,,14.615576,120.984705,,,,,,,16,2020-10-26,OSP
MNL037 LP33 NP7-8,MNL037,LP33,NP7-8,MNL037 LP33,Tayuman,MANILA,3,1,BARANGAY 336,,,14.615967,120.984727,,,,,,,16,2020-10-26,OSP
MNL037 LP46 NP3-4,MNL037,LP46,NP3-4,MNL037 LP46,Tayuman,MANILA,3,1,BARANGAY 336,,,14.615648,120.983752,,,,,,,16,2020-10-26,OSP
MNL037 LP46 NP5-6,MNL037,LP46,NP5-6,MNL037 LP46,Tayuman,MANILA,3,1,BARANGAY 336,,,14.615935,120.983764,,,,,,,16,2020-10-26,OSP
MNL037 LP46 NP7-8,MNL037,LP46,NP7-8,MNL037 LP46,Tayuman,MANILA,3,1,BARANGAY 336,,,14.616206,120.983785,,,,,,,16,2020-10-26,OSP
MNL037 LP435 NP1-2,MNL037,LP435,NP1-2,MNL037 LP435,Tayuman,MANILA,3,1,BARANGAY 336,,,14.615576,120.984705,,,,,,,16,2022-10-29,OSP
MNL037 LP435 NP3-4,MNL037,LP435,NP3-4,MNL037 LP435,Tayuman,MANILA,3,1,BARANGAY 336,,,14.615962,120.984738,,,,,,,16,2022-10-29,OSP
MNL037 LP435 NP5-6,MNL037,LP435,NP5-6,MNL037 LP435,Tayuman,MANILA,3,1,BARANGAY 336,,,14.616314,120.984762,,,,,,,16,2022-10-29,OSP
MNL037 LP435 NP7-8,MNL037,LP435,NP7-8,MNL037 LP435,Tayuman,MANILA,3,1,BARANGAY 336,,,14.616678,120.98478,,,,,,,16,2022-10-29,OSP
MNL037 LP427 NP1-2,MNL037,LP427,NP1-2,MNL037 LP427,Tayuman,MANILA,3,1,BARANGAY 336,,,14.615647,120.98375,,,,,,,16,2022-10-29,OSP
MNL037 LP427 NP3-4,MNL037,LP427,NP3-4,MNL037 LP427,Tayuman,MANILA,3,1,BARANGAY 336,,,14.615928,120.983769,,,,,,,16,2022-10-29,OSP
MNL037 LP427 NP5-6,MNL037,LP427,NP5-6,MNL037 LP427,Tayuman,MANILA,3,1,BARANGAY 336,,,14.616552,120.983816,,,,,,,16,2022-10-29,OSP
MNL037 LP428 NP1-2,MNL037,LP428,NP1-2,MNL037 LP428,Tayuman,MANILA,3,1,BARANGAY 336,,,14.616933,120.984227,,,,,,,16,2022-10-29,OSP
MNL037 LP428 NP3-4,MNL037,LP428,NP3-4,MNL037 LP428,Tayuman,MANILA,3,1,BARANGAY 336,,,14.616623,120.984257,,,,,,,16,2022-10-29,OSP
MNL037 LP428 NP5-6,MNL037,LP428,NP5-6,MNL037 LP428,Tayuman,MANILA,3,1,BARANGAY 336,,,14.616167,120.984218,,,,,,,16,2022-10-29,OSP
MNL037 LP428 NP7-8,MNL037,LP428,NP7-8,MNL037 LP428,Tayuman,MANILA,3,1,BARANGAY 336,,,14.615613,120.984173,,,,,,,16,2022-10-29,OSP
MNL037 LP420 NP1-2,MNL037,LP420,NP1-2,MNL037 LP420,Tayuman,MANILA,3,1,BARANGAY 336,,,14.616833,120.983298,,,,,,,16,2022-10-29,OSP
MNL037 LP420 NP3-4,MNL037,LP420,NP3-4,MNL037 LP420,Tayuman,MANILA,3,1,BARANGAY 336,,,14.616408,120.983261,,,,,,,16,2022-10-29,OSP
MNL037 LP420 NP5-6,MNL037,LP420,NP5-6,MNL037 LP420,Tayuman,MANILA,3,1,BARANGAY 336,,,14.616067,120.983248,,,,,,,16,2022-10-29,OSP
MNL037 LP420 NP7-8,MNL037,LP420,NP7-8,MNL037 LP420,Tayuman,MANILA,3,1,BARANGAY 336,,,14.615675,120.983232,,,,,,,16,2022-10-29,OSP
MNL003 LP341 NP5-6,MNL003,LP341,NP5-6,MNL003 LP341,City Square,MANILA,3,1,BARANGAY 337,,,14.61437615,120.9829422,,,,,,,16,2019-04-24,OSP
MNL003 LP341 NP7-8,MNL003,LP341,NP7-8,MNL003 LP341,City Square,MANILA,3,1,BARANGAY 337,,,14.61435818,120.9835117,,,,,,,16,2019-04-24,OSP
MNL003 LP342 NP1-2,MNL003,LP342,NP1-2,MNL003 LP342,City Square,MANILA,3,1,BARANGAY 337,,,14.61431609,120.9840836,,,,,,,16,2019-04-24,OSP
MNL002 LP10 NP5-6,MNL002,LP10,NP5-6,MNL002 LP10,Don Quintos,MANILA,3,1,BARANGAY 337,,,14.61434,120.984618,,,,,,,16,2017-07-09,OSP
MNL037 LP48 NP1-2,MNL037,LP48,NP1-2,MNL037 LP48,Tayuman,MANILA,3,1,BARANGAY 337,,,14.615347,120.983173,,,,,,,16,2020-10-26,OSP
MNL037 LP48 NP3-4,MNL037,LP48,NP3-4,MNL037 LP48,Tayuman,MANILA,3,1,BARANGAY 337,,,14.614994,120.983156,,,,,,,16,2020-10-26,OSP
MNL037 LP48 NP5-6,MNL037,LP48,NP5-6,MNL037 LP48,Tayuman,MANILA,3,1,BARANGAY 337,,,14.614439,120.983119,,,,,,,16,2020-10-26,OSP
MNL037 LP36 NP1-2,MNL037,LP36,NP1-2,MNL037 LP36,Tayuman,MANILA,3,1,BARANGAY 337,,,14.614667,120.984108,,,,,,,16,2020-10-26,OSP
MNL037 LP36 NP3-4,MNL037,LP36,NP3-4,MNL037 LP36,Tayuman,MANILA,3,1,BARANGAY 337,,,14.614375,120.984085,,,,,,,16,2020-10-26,OSP
MNL037 LP347 NP5-6,MNL037,LP347,NP5-6,MNL037 LP347,Tayuman,MANILA,3,1,BARANGAY 337,,,14.615205,120.982784,,,,,,,16,2023-02-22,OSP
MNL037 LP347 NP7-8,MNL037,LP347,NP7-8,MNL037 LP347,Tayuman,MANILA,3,1,BARANGAY 337,,,14.614455,120.982774,,,,,,,16,2023-02-22,OSP
MNL037 LP35 NP7-8,MNL037,LP35,NP7-8,MNL037 LP35,Tayuman,MANILA,3,1,BARANGAY 337,,,14.615111,120.984132,,,,,,,16,2020-10-26,OSP
MNL037 LP33 NP1-2,MNL037,LP33,NP1-2,MNL037 LP33,Tayuman,MANILA,3,1,BARANGAY 337,,,14.614706,120.984635,,,,,,,16,2020-10-26,OSP
MNL037 LP33 NP3-4,MNL037,LP33,NP3-4,MNL037 LP33,Tayuman,MANILA,3,1,BARANGAY 337,,,14.615053,120.984661,,,,,,,16,2020-10-26,OSP
MNL037 LP32 NP7-8,MNL037,LP32,NP7-8,MNL037 LP32,Tayuman,MANILA,3,1,BARANGAY 337,,,14.614346,120.984619,,,,,,,16,2020-10-26,OSP
MNL037 LP46 NP1-2,MNL037,LP46,NP1-2,MNL037 LP46,Tayuman,MANILA,3,1,BARANGAY 337,,,14.61514,120.983704,,,,,,,16,2020-10-26,OSP
MNL037 LP45 NP5-6,MNL037,LP45,NP5-6,MNL037 LP45,Tayuman,MANILA,3,1,BARANGAY 337,,,14.614398,120.98364,,,,,,,16,2020-10-26,OSP
MNL037 LP45 NP7-8,MNL037,LP45,NP7-8,MNL037 LP45,Tayuman,MANILA,3,1,BARANGAY 337,,,14.614773,120.98367,,,,,,,16,2020-10-26,OSP
MNL037 LP434 NP3-4,MNL037,LP434,NP3-4,MNL037 LP434,Tayuman,MANILA,3,1,BARANGAY 337,,,14.614332,120.984619,,,,,,,16,2022-10-29,OSP
MNL037 LP434 NP5-6,MNL037,LP434,NP5-6,MNL037 LP434,Tayuman,MANILA,3,1,BARANGAY 337,,,14.614882,120.984654,,,,,,,16,2022-10-29,OSP
MNL037 LP434 NP7-8,MNL037,LP434,NP7-8,MNL037 LP434,Tayuman,MANILA,3,1,BARANGAY 337,,,14.615296,120.984678,,,,,,,16,2022-10-29,OSP
MNL037 LP426 NP3-4,MNL037,LP426,NP3-4,MNL037 LP426,Tayuman,MANILA,3,1,BARANGAY 337,,,14.614586,120.983654,,,,,,,16,2022-10-29,OSP
MNL037 LP426 NP5-6,MNL037,LP426,NP5-6,MNL037 LP426,Tayuman,MANILA,3,1,BARANGAY 337,,,14.615135,120.983706,,,,,,,16,2022-10-29,OSP
MNL037 LP426 NP7-8,MNL037,LP426,NP7-8,MNL037 LP426,Tayuman,MANILA,3,1,BARANGAY 337,,,14.61533,120.983725,,,,,,,16,2022-10-29,OSP
MNL037 LP429 NP1-2,MNL037,LP429,NP1-2,MNL037 LP429,Tayuman,MANILA,3,1,BARANGAY 337,,,14.615386,120.984154,,,,,,,16,2022-10-29,OSP
MNL037 LP429 NP3-4,MNL037,LP429,NP3-4,MNL037 LP429,Tayuman,MANILA,3,1,BARANGAY 337,,,14.614921,120.984121,,,,,,,16,2022-10-29,OSP
MNL037 LP429 NP5-6,MNL037,LP429,NP5-6,MNL037 LP429,Tayuman,MANILA,3,1,BARANGAY 337,,,14.614367,120.984079,,,,,,,16,2022-10-29,OSP
MNL037 LP426 NP1-2,MNL037,LP426,NP1-2,MNL037 LP426,Tayuman,MANILA,3,1,BARANGAY 337,,,14.614255,120.983628,,,,,,,16,2022-10-29,OSP
MNL037 LP421 NP1-2,MNL037,LP421,NP1-2,MNL037 LP421,Tayuman,MANILA,3,1,BARANGAY 337,,,14.61535,120.983174,,,,,,,16,2022-10-29,OSP
MNL037 LP421 NP3-4,MNL037,LP421,NP3-4,MNL037 LP421,Tayuman,MANILA,3,1,BARANGAY 337,,,14.614822,120.983139,,,,,,,16,2022-10-29,OSP
MNL037 LP421 NP5-6,MNL037,LP421,NP5-6,MNL037 LP421,Tayuman,MANILA,3,1,BARANGAY 337,,,14.614436,120.983119,,,,,,,16,2022-10-29,OSP
MNL003 LP342 NP3-4,MNL003,LP342,NP3-4,MNL003 LP342,City Square,MANILA,3,1,BARANGAY 338,,,14.61427945,120.9845948,,,,,,,16,2019-04-24,OSP
MNL003 LP342 NP5-6,MNL003,LP342,NP5-6,MNL003 LP342,City Square,MANILA,3,1,BARANGAY 338,,,14.61421797,120.9854137,,,,,,,16,2019-04-24,OSP
MNL003 LP342 NP7-8,MNL003,LP342,NP7-8,MNL003 LP342,City Square,MANILA,3,1,BARANGAY 338,,,14.61416857,120.9864081,,,,,,,16,2019-04-24,OSP
MNL037 LP22 NP7-8,MNL037,LP22,NP7-8,MNL037 LP22,Tayuman,MANILA,3,1,BARANGAY 338,,,14.615226,120.985042,,,,,,,16,2020-10-26,OSP
MNL037 LP18 NP5-6,MNL037,LP18,NP5-6,MNL037 LP18,Tayuman,MANILA,3,1,BARANGAY 338,,,14.614811,120.985815,,,,,,,16,2020-10-26,OSP
MNL037 LP18 NP7-8,MNL037,LP18,NP7-8,MNL037 LP18,Tayuman,MANILA,3,1,BARANGAY 338,,,14.614544,120.98575,,,,,,,16,2020-10-26,OSP
MNL037 LP17 NP1-2,MNL037,LP17,NP1-2,MNL037 LP17,Tayuman,MANILA,3,1,BARANGAY 338,,,14.615177,120.985488,,,,,,,16,2020-10-26,OSP
MNL037 LP23 NP1-2,MNL037,LP23,NP1-2,MNL037 LP23,Tayuman,MANILA,3,1,BARANGAY 338,,,14.614681,120.985007,,,,,,,16,2020-10-26,OSP
MNL037 LP23 NP3-4,MNL037,LP23,NP3-4,MNL037 LP23,Tayuman,MANILA,3,1,BARANGAY 338,,,14.614308,120.984974,,,,,,,16,2020-10-26,OSP
MNL037 LP20 NP5-6,MNL037,LP20,NP5-6,MNL037 LP20,Tayuman,MANILA,3,1,BARANGAY 338,,,14.614676,120.986131,,,,,,,16,2020-10-26,OSP
MNL037 LP20 NP7-8,MNL037,LP20,NP7-8,MNL037 LP20,Tayuman,MANILA,3,1,BARANGAY 338,,,14.615003,120.986151,,,,,,,16,2020-10-26,OSP
MNL037 LP21 NP1-2,MNL037,LP21,NP1-2,MNL037 LP21,Tayuman,MANILA,3,1,BARANGAY 338,,,14.615236,120.986137,,,,,,,16,2020-10-26,OSP
MNL037 LP16 NP5-6,MNL037,LP16,NP5-6,MNL037 LP16,Tayuman,MANILA,3,1,BARANGAY 338,,,14.614261,120.985429,,,,,,,16,2020-10-26,OSP
MNL037 LP16 NP7-8,MNL037,LP16,NP7-8,MNL037 LP16,Tayuman,MANILA,3,1,BARANGAY 338,,,14.614877,120.985469,,,,,,,16,2020-10-26,OSP
MNL037 LP8 NP1-2,MNL037,LP8,NP1-2,MNL037 LP8,Tayuman,MANILA,3,1,BARANGAY 338,,,14.614937,120.986449,,,,,,,16,2020-09-27,OSP
MNL037 LP8 NP3-4,MNL037,LP8,NP3-4,MNL037 LP8,Tayuman,MANILA,3,1,BARANGAY 338,,,14.614217,120.986396,,,,,,,16,2020-09-27,OSP
MNL037 LP445 NP5-6,MNL037,LP445,NP5-6,MNL037 LP445,Tayuman,MANILA,3,1,BARANGAY 338,,,14.614545,120.985751,,,,,,,16,2022-10-29,OSP
MNL037 LP445 NP7-8,MNL037,LP445,NP7-8,MNL037 LP445,Tayuman,MANILA,3,1,BARANGAY 338,,,14.614238,120.985777,,,,,,,16,2022-10-29,OSP
MNL037 LP447 NP5-6,MNL037,LP447,NP5-6,MNL037 LP447,Tayuman,MANILA,3,1,BARANGAY 338,,,14.614427,120.986109,,,,,,,16,2022-10-29,OSP
MNL037 LP447 NP7-8,MNL037,LP447,NP7-8,MNL037 LP447,Tayuman,MANILA,3,1,BARANGAY 338,,,14.615005,120.986154,,,,,,,16,2022-10-29,OSP
MNL037 LP448 NP3-4,MNL037,LP448,NP3-4,MNL037 LP448,Tayuman,MANILA,3,1,BARANGAY 338,,,14.614536,120.986416,,,,,,,16,2022-10-29,OSP
MNL037 LP442 NP3-4,MNL037,LP442,NP3-4,MNL037 LP442,Tayuman,MANILA,3,1,BARANGAY 338,,,14.614264,120.985432,,,,,,,16,2022-10-29,OSP
MNL037 LP442 NP5-6,MNL037,LP442,NP5-6,MNL037 LP442,Tayuman,MANILA,3,1,BARANGAY 338,,,14.614565,120.985446,,,,,,,16,2022-10-29,OSP
MNL037 LP442 NP7-8,MNL037,LP442,NP7-8,MNL037 LP442,Tayuman,MANILA,3,1,BARANGAY 338,,,14.615177,120.98549,,,,,,,16,2022-10-29,OSP
MNL037 LP445 NP3-4,MNL037,LP445,NP3-4,MNL037 LP445,Tayuman,MANILA,3,1,BARANGAY 338,,,14.614814,120.985817,,,,,,,16,2022-10-29,OSP
MNL037 LP438 NP1-2,MNL037,LP438,NP1-2,MNL037 LP438,Tayuman,MANILA,3,1,BARANGAY 338,,,14.614308,120.984975,,,,,,,16,2022-10-29,OSP
MNL037 LP437 NP3-4,MNL037,LP437,NP3-4,MNL037 LP437,Tayuman,MANILA,3,1,BARANGAY 338,,,14.615231,120.985048,,,,,,,16,2022-10-29,OSP
MNL037 LP437 NP5-6,MNL037,LP437,NP5-6,MNL037 LP437,Tayuman,MANILA,3,1,BARANGAY 338,,,14.615231,120.985048,,,,,,,16,2022-10-29,OSP
MNL037 LP437 NP7-8,MNL037,LP437,NP7-8,MNL037 LP437,Tayuman,MANILA,3,1,BARANGAY 338,,,14.614681,120.985003,,,,,,,16,2022-10-29,OSP
MNL003 LP341 NP1-2,MNL003,LP341,NP1-2,MNL003 LP341,City Square,MANILA,3,1,BARANGAY 339,,,14.61309591,120.9835648,,,,,,,16,2019-04-24,OSP
MNL003 LP341 NP3-4,MNL003,LP341,NP3-4,MNL003 LP341,City Square,MANILA,3,1,BARANGAY 339,,,14.61313956,120.9827393,,,,,,,16,2019-04-24,OSP
MNL037 LP49 NP1-2,MNL037,LP49,NP1-2,MNL037 LP49,Tayuman,MANILA,3,1,BARANGAY 339,,,14.613555,120.983085,,,,,,,16,2020-10-26,OSP
MNL037 LP49 NP3-4,MNL037,LP49,NP3-4,MNL037 LP49,Tayuman,MANILA,3,1,BARANGAY 339,,,14.613181,120.983099,,,,,,,16,2020-10-26,OSP
MNL037 LP48 NP7-8,MNL037,LP48,NP7-8,MNL037 LP48,Tayuman,MANILA,3,1,BARANGAY 339,,,14.614112,120.983148,,,,,,,16,2020-10-26,OSP
MNL037 LP37 NP1-2,MNL037,LP37,NP1-2,MNL037 LP37,Tayuman,MANILA,3,1,BARANGAY 339,,,14.613125,120.983995,,,,,,,16,2020-10-26,OSP
MNL037 LP36 NP5-6,MNL037,LP36,NP5-6,MNL037 LP36,Tayuman,MANILA,3,1,BARANGAY 339,,,14.614028,120.984047,,,,,,,16,2020-10-26,OSP
MNL037 LP36 NP7-8,MNL037,LP36,NP7-8,MNL037 LP36,Tayuman,MANILA,3,1,BARANGAY 339,,,14.613505,120.984007,,,,,,,16,2020-10-26,OSP
MNL037 LP348 NP3-4,MNL037,LP348,NP3-4,MNL037 LP348,Tayuman,MANILA,3,1,BARANGAY 339,,,14.613085,120.982721,,,,,,,16,2023-02-22,OSP
MNL037 LP32 NP3-4,MNL037,LP32,NP3-4,MNL037 LP32,Tayuman,MANILA,3,1,BARANGAY 339,,,14.613477,120.984541,,,,,,,16,2020-10-26,OSP
MNL037 LP32 NP5-6,MNL037,LP32,NP5-6,MNL037 LP32,Tayuman,MANILA,3,1,BARANGAY 339,,,14.614009,120.984594,,,,,,,16,2020-10-26,OSP
MNL037 LP45 NP1-2,MNL037,LP45,NP1-2,MNL037 LP45,Tayuman,MANILA,3,1,BARANGAY 339,,,14.613433,120.983559,,,,,,,16,2020-10-26,OSP
MNL037 LP45 NP3-4,MNL037,LP45,NP3-4,MNL037 LP45,Tayuman,MANILA,3,1,BARANGAY 339,,,14.613909,120.983597,,,,,,,16,2020-10-26,OSP
MNL037 LP44 NP7-8,MNL037,LP44,NP7-8,MNL037 LP44,Tayuman,MANILA,3,1,BARANGAY 339,,,14.613163,120.983544,,,,,,,16,2020-10-26,OSP
MNL037 LP433 NP7-8,MNL037,LP433,NP7-8,MNL037 LP433,Tayuman,MANILA,3,1,BARANGAY 339,,,14.613458,120.984543,,,,,,,16,2022-10-29,OSP
MNL037 LP434 NP1-2,MNL037,LP434,NP1-2,MNL037 LP434,Tayuman,MANILA,3,1,BARANGAY 339,,,14.613834,120.984573,,,,,,,16,2022-10-29,OSP
MNL037 LP430 NP1-2,MNL037,LP430,NP1-2,MNL037 LP430,Tayuman,MANILA,3,1,BARANGAY 339,,,14.613498,120.984014,,,,,,,16,2022-10-29,OSP
MNL037 LP433 NP5-6,MNL037,LP433,NP5-6,MNL037 LP433,Tayuman,MANILA,3,1,BARANGAY 339,,,14.613087,120.984517,,,,,,,16,2022-10-29,OSP
MNL037 LP429 NP7-8,MNL037,LP429,NP7-8,MNL037 LP429,Tayuman,MANILA,3,1,BARANGAY 339,,,14.613862,120.984043,,,,,,,16,2022-10-29,OSP
MNL037 LP422 NP1-2,MNL037,LP422,NP1-2,MNL037 LP422,Tayuman,MANILA,3,1,BARANGAY 339,,,14.61376,120.983097,,,,,,,16,2022-10-29,OSP
MNL037 LP422 NP3-4,MNL037,LP422,NP3-4,MNL037 LP422,Tayuman,MANILA,3,1,BARANGAY 339,,,14.613183,120.983096,,,,,,,16,2022-10-29,OSP
MNL037 LP425 NP5-6,MNL037,LP425,NP5-6,MNL037 LP425,Tayuman,MANILA,3,1,BARANGAY 339,,,14.613164,120.983542,,,,,,,16,2022-10-29,OSP
MNL037 LP425 NP7-8,MNL037,LP425,NP7-8,MNL037 LP425,Tayuman,MANILA,3,1,BARANGAY 339,,,14.613902,120.9836,,,,,,,16,2022-10-29,OSP
MNL037 LP421 NP7-8,MNL037,LP421,NP7-8,MNL037 LP421,Tayuman,MANILA,3,1,BARANGAY 339,,,14.614109,120.98315,,,,,,,16,2022-10-29,OSP
MNL003 LP208 NP1-2,MNL003,LP208,NP1-2,MNL003 LP208,City Square,MANILA,3,1,BARANGAY 34,,,14.60588357,120.9630011,,,,,,,16,2019-02-12,OSP
MNL003 LP208 NP3-4,MNL003,LP208,NP3-4,MNL003 LP208,City Square,MANILA,3,1,BARANGAY 34,,,14.60607469,120.9630061,,,,,,,16,2019-02-12,OSP
MNL003 LP208 NP5-6,MNL003,LP208,NP5-6,MNL003 LP208,City Square,MANILA,3,1,BARANGAY 34,,,14.60623438,120.9629392,,,,,,,16,2019-02-12,OSP
MNL003 LP208 NP7-8,MNL003,LP208,NP7-8,MNL003 LP208,City Square,MANILA,3,1,BARANGAY 34,,,14.60664387,120.9628699,,,,,,,16,2019-02-12,OSP
MNL003 LP402 NP3-4,MNL003,LP402,NP3-4,MNL003 LP402,City Square,MANILA,3,1,BARANGAY 34,,,14.605089,120.963214,,,,,,,16,2019-10-02,OSP
MNL005 LP254 NP1-2,MNL005,LP254,NP1-2,MNL005 LP254,Orchard Building (City Square 2),MANILA,3,1,BARANGAY 34,,,14.604901,120.96288,,,,,,,16,2021-09-25,OSP
MNL005 LP42 NP1-2,MNL005,LP42,NP1-2,MNL005 LP42,Orchard Building (City Square 2),MANILA,3,1,BARANGAY 34,,,14.604937,120.96289,,,,,,,16,2020-09-25,OSP
MNL005 LP42 NP3-4,MNL005,LP42,NP3-4,MNL005 LP42,Orchard Building (City Square 2),MANILA,3,1,BARANGAY 34,,,14.605712,120.9631,,,,,,,16,2020-09-25,OSP
MNL005 LP292 NP1-2,MNL005,LP292,NP1-2,MNL005 LP292,Orchard Building (City Square 2),MANILA,3,1,BARANGAY 34,,,14.606652,120.962858,,,,,,,16,2021-11-17,OSP
MNL005 LP292 NP3-5,MNL005,LP292,NP3-5,MNL005 LP292,Orchard Building (City Square 2),MANILA,3,1,BARANGAY 34,,,14.606429,120.962879,,,,,,,24,2021-11-17,OSP
MNL005 LP292 NP6-8,MNL005,LP292,NP6-8,MNL005 LP292,Orchard Building (City Square 2),MANILA,3,1,BARANGAY 34,,,14.606074,120.963017,,,,,,,24,2021-11-17,OSP
MNL005 LP293 NP1-2,MNL005,LP293,NP1-2,MNL005 LP293,Orchard Building (City Square 2),MANILA,3,1,BARANGAY 34,,,14.605891,120.962998,,,,,,,16,2021-11-17,OSP
MNL005 LP293 NP3-5,MNL005,LP293,NP3-5,MNL005 LP293,Orchard Building (City Square 2),MANILA,3,1,BARANGAY 34,,,14.605798,120.963087,,,,,,,24,2021-11-17,OSP
MNL005 LP293 NP6-8,MNL005,LP293,NP6-8,MNL005 LP293,Orchard Building (City Square 2),MANILA,3,1,BARANGAY 34,,,14.605798,120.963086,,,,,,,24,2021-11-17,OSP
MNL005 LP294 NP1-2,MNL005,LP294,NP1-2,MNL005 LP294,Orchard Building (City Square 2),MANILA,3,1,BARANGAY 34,,,14.605633,120.963129,,,,,,,16,2021-11-17,OSP
MNL005 LP294 NP3-5,MNL005,LP294,NP3-5,MNL005 LP294,Orchard Building (City Square 2),MANILA,3,1,BARANGAY 34,,,14.605413,120.963181,,,,,,,24,2021-11-17,OSP
MNL005 LP294 NP6-8,MNL005,LP294,NP6-8,MNL005 LP294,Orchard Building (City Square 2),MANILA,3,1,BARANGAY 34,,,14.605412,120.963184,,,,,,,24,2021-11-17,OSP
MNL003 LP340 NP3-4,MNL003,LP340,NP3-4,MNL003 LP340,City Square,MANILA,3,1,BARANGAY 340,,,14.612923,120.9859905,,,,,,,16,2019-04-24,OSP
MNL003 LP340 NP5-6,MNL003,LP340,NP5-6,MNL003 LP340,City Square,MANILA,3,1,BARANGAY 340,,,14.61298874,120.9853127,,,,,,,16,2019-04-24,OSP
MNL003 LP340 NP7-8,MNL003,LP340,NP7-8,MNL003 LP340,City Square,MANILA,3,1,BARANGAY 340,,,14.61300745,120.984517,,,,,,,16,2019-04-24,OSP
MNL037 LP24 NP1-2,MNL037,LP24,NP1-2,MNL037 LP24,Tayuman,MANILA,3,1,BARANGAY 340,,,14.61305,120.984883,,,,,,,16,2020-10-26,OSP
MNL037 LP241 NP1-2,MNL037,LP241,NP1-2,MNL037 LP241,Tayuman,MANILA,3,1,BARANGAY 340,,,14.612957,120.986286,,,,,,,16,2020-11-28,OSP
MNL037 LP13 NP1-2,MNL037,LP13,NP1-2,MNL037 LP13,Tayuman,MANILA,3,1,BARANGAY 340,,,14.612975,120.986004,,,,,,,16,2020-10-26,OSP
MNL037 LP23 NP5-6,MNL037,LP23,NP5-6,MNL037 LP23,Tayuman,MANILA,3,1,BARANGAY 340,,,14.613988,120.984945,,,,,,,16,2020-10-26,OSP
MNL037 LP19 NP1-2,MNL037,LP19,NP1-2,MNL037 LP19,Tayuman,MANILA,3,1,BARANGAY 340,,,14.613651,120.985726,,,,,,,16,2020-10-26,OSP
MNL037 LP19 NP3-4,MNL037,LP19,NP3-4,MNL037 LP19,Tayuman,MANILA,3,1,BARANGAY 340,,,14.613373,120.985703,,,,,,,16,2020-10-26,OSP
MNL037 LP19 NP5-6,MNL037,LP19,NP5-6,MNL037 LP19,Tayuman,MANILA,3,1,BARANGAY 340,,,14.613151,120.985686,,,,,,,16,2020-10-26,OSP
MNL037 LP19 NP7-8,MNL037,LP19,NP7-8,MNL037 LP19,Tayuman,MANILA,3,1,BARANGAY 340,,,14.613009,120.985622,,,,,,,16,2020-10-26,OSP
MNL037 LP20 NP1-2,MNL037,LP20,NP1-2,MNL037 LP20,Tayuman,MANILA,3,1,BARANGAY 340,,,14.613363,120.985989,,,,,,,16,2020-10-26,OSP
MNL037 LP20 NP3-4,MNL037,LP20,NP3-4,MNL037 LP20,Tayuman,MANILA,3,1,BARANGAY 340,,,14.613961,120.986074,,,,,,,16,2020-10-26,OSP
MNL037 LP23 NP7-8,MNL037,LP23,NP7-8,MNL037 LP23,Tayuman,MANILA,3,1,BARANGAY 340,,,14.613621,120.984921,,,,,,,16,2020-10-26,OSP
MNL037 LP12 NP7-8,MNL037,LP12,NP7-8,MNL037 LP12,Tayuman,MANILA,3,1,BARANGAY 340,,,14.613026,120.985338,,,,,,,16,2020-10-26,OSP
MNL037 LP16 NP1-2,MNL037,LP16,NP1-2,MNL037 LP16,Tayuman,MANILA,3,1,BARANGAY 340,,,14.61356,120.985371,,,,,,,16,2020-10-26,OSP
MNL037 LP16 NP3-4,MNL037,LP16,NP3-4,MNL037 LP16,Tayuman,MANILA,3,1,BARANGAY 340,,,14.61395,120.985395,,,,,,,16,2020-10-26,OSP
MNL037 LP8 NP5-6,MNL037,LP8,NP5-6,MNL037 LP8,Tayuman,MANILA,3,1,BARANGAY 340,,,14.612954,120.986297,,,,,,,16,2020-09-27,OSP
MNL037 LP32 NP1-2,MNL037,LP32,NP1-2,MNL037 LP32,Tayuman,MANILA,3,1,BARANGAY 340,,,14.613093,120.984526,,,,,,,16,2020-10-26,OSP
MNL037 LP446 NP1-2,MNL037,LP446,NP1-2,MNL037 LP446,Tayuman,MANILA,3,1,BARANGAY 340,,,14.613683,120.985728,,,,,,,16,2022-10-29,OSP
MNL037 LP446 NP3-4,MNL037,LP446,NP3-4,MNL037 LP446,Tayuman,MANILA,3,1,BARANGAY 340,,,14.613378,120.985704,,,,,,,16,2022-10-29,OSP
MNL037 LP446 NP5-6,MNL037,LP446,NP5-6,MNL037 LP446,Tayuman,MANILA,3,1,BARANGAY 340,,,14.612974,120.986003,,,,,,,16,2022-10-29,OSP
MNL037 LP447 NP1-2,MNL037,LP447,NP1-2,MNL037 LP447,Tayuman,MANILA,3,1,BARANGAY 340,,,14.613645,120.986048,,,,,,,16,2022-10-29,OSP
MNL037 LP447 NP3-4,MNL037,LP447,NP3-4,MNL037 LP447,Tayuman,MANILA,3,1,BARANGAY 340,,,14.613962,120.986074,,,,,,,16,2022-10-29,OSP
MNL037 LP448 NP5-6,MNL037,LP448,NP5-6,MNL037 LP448,Tayuman,MANILA,3,1,BARANGAY 340,,,14.613626,120.986355,,,,,,,16,2022-10-29,OSP
MNL037 LP448 NP7-8,MNL037,LP448,NP7-8,MNL037 LP448,Tayuman,MANILA,3,1,BARANGAY 340,,,14.612956,120.986294,,,,,,,16,2022-10-29,OSP
MNL037 LP441 NP5-6,MNL037,LP441,NP5-6,MNL037 LP441,Tayuman,MANILA,3,1,BARANGAY 340,,,14.613024,120.985329,,,,,,,16,2022-10-29,OSP
MNL037 LP441 NP7-8,MNL037,LP441,NP7-8,MNL037 LP441,Tayuman,MANILA,3,1,BARANGAY 340,,,14.613563,120.985368,,,,,,,16,2022-10-29,OSP
MNL037 LP442 NP1-2,MNL037,LP442,NP1-2,MNL037 LP442,Tayuman,MANILA,3,1,BARANGAY 340,,,14.613956,120.985395,,,,,,,16,2022-10-29,OSP
MNL037 LP438 NP3-4,MNL037,LP438,NP3-4,MNL037 LP438,Tayuman,MANILA,3,1,BARANGAY 340,,,14.61399,120.984946,,,,,,,16,2022-10-29,OSP
MNL037 LP438 NP5-6,MNL037,LP438,NP5-6,MNL037 LP438,Tayuman,MANILA,3,1,BARANGAY 340,,,14.613617,120.984922,,,,,,,16,2022-10-29,OSP
MNL037 LP438 NP7-8,MNL037,LP438,NP7-8,MNL037 LP438,Tayuman,MANILA,3,1,BARANGAY 340,,,14.613054,120.984877,,,,,,,16,2022-10-29,OSP
MNL003 LP345 NP7-8,MNL003,LP345,NP7-8,MNL003 LP345,City Square,MANILA,3,1,BARANGAY 341,,,14.61652461,120.9860516,,,,,,,16,2019-04-24,OSP
MNL003 LP343 NP1-2,MNL003,LP343,NP1-2,MNL003 LP343,City Square,MANILA,3,1,BARANGAY 341,,,14.61540616,120.9864842,,,,,,,16,2019-04-24,OSP
MNL003 LP343 NP3-4,MNL003,LP343,NP3-4,MNL003 LP343,City Square,MANILA,3,1,BARANGAY 341,,,14.61543796,120.9858777,,,,,,,16,2019-04-24,OSP
MNL003 LP343 NP5-6,MNL003,LP343,NP5-6,MNL003 LP343,City Square,MANILA,3,1,BARANGAY 341,,,14.61545723,120.9855199,,,,,,,16,2019-04-24,OSP
MNL003 LP343 NP7-8,MNL003,LP343,NP7-8,MNL003 LP343,City Square,MANILA,3,1,BARANGAY 341,,,14.6155245,120.984711,,,,,,,16,2019-04-24,OSP
MNL003 LP345 NP5-6,MNL003,LP345,NP5-6,MNL003 LP345,City Square,MANILA,3,1,BARANGAY 341,,,14.61700055,120.9855009,,,,,,,16,2019-04-24,OSP
MNL037 LP22 NP1-2,MNL037,LP22,NP1-2,MNL037 LP22,Tayuman,MANILA,3,1,BARANGAY 341,,,14.615539,120.985077,,,,,,,16,2020-10-26,OSP
MNL037 LP22 NP3-4,MNL037,LP22,NP3-4,MNL037 LP22,Tayuman,MANILA,3,1,BARANGAY 341,,,14.615931,120.985105,,,,,,,16,2020-10-26,OSP
MNL037 LP22 NP5-6,MNL037,LP22,NP5-6,MNL037 LP22,Tayuman,MANILA,3,1,BARANGAY 341,,,14.616472,120.985101,,,,,,,16,2020-10-26,OSP
MNL037 LP18 NP1-2,MNL037,LP18,NP1-2,MNL037 LP18,Tayuman,MANILA,3,1,BARANGAY 341,,,14.61537,120.985858,,,,,,,16,2020-10-26,OSP
MNL037 LP18 NP3-4,MNL037,LP18,NP3-4,MNL037 LP18,Tayuman,MANILA,3,1,BARANGAY 341,,,14.616056,120.985916,,,,,,,16,2020-10-26,OSP
MNL037 LP17 NP3-4,MNL037,LP17,NP3-4,MNL037 LP17,Tayuman,MANILA,3,1,BARANGAY 341,,,14.615517,120.985521,,,,,,,16,2020-10-26,OSP
MNL037 LP17 NP5-6,MNL037,LP17,NP5-6,MNL037 LP17,Tayuman,MANILA,3,1,BARANGAY 341,,,14.615822,120.985541,,,,,,,16,2020-10-26,OSP
MNL037 LP17 NP7-8,MNL037,LP17,NP7-8,MNL037 LP17,Tayuman,MANILA,3,1,BARANGAY 341,,,14.615989,120.985557,,,,,,,16,2020-10-26,OSP
MNL037 LP7 NP1-2,MNL037,LP7,NP1-2,MNL037 LP7,Tayuman,MANILA,3,1,BARANGAY 341,,,14.617032,120.985124,,,,,,,16,2020-09-27,OSP
MNL037 LP7 NP5-6,MNL037,LP7,NP5-6,MNL037 LP7,Tayuman,MANILA,3,1,BARANGAY 341,,,14.616308,120.986239,,,,,,,16,2020-09-27,OSP
MNL037 LP7 NP7-8,MNL037,LP7,NP7-8,MNL037 LP7,Tayuman,MANILA,3,1,BARANGAY 341,,,14.615457,120.98649,,,,,,,16,2020-09-27,OSP
MNL037 LP448 NP1-2,MNL037,LP448,NP1-2,MNL037 LP448,Tayuman,MANILA,3,1,BARANGAY 341,,,14.615326,120.986478,,,,,,,16,2022-10-29,OSP
MNL037 LP443 NP1-2,MNL037,LP443,NP1-2,MNL037 LP443,Tayuman,MANILA,3,1,BARANGAY 341,,,14.61552,120.985516,,,,,,,16,2022-10-29,OSP
MNL037 LP443 NP3-4,MNL037,LP443,NP3-4,MNL037 LP443,Tayuman,MANILA,3,1,BARANGAY 341,,,14.615999,120.985561,,,,,,,16,2022-10-29,OSP
MNL037 LP443 NP5-6,MNL037,LP443,NP5-6,MNL037 LP443,Tayuman,MANILA,3,1,BARANGAY 341,,,14.616431,120.985591,,,,,,,16,2022-10-29,OSP
MNL037 LP443 NP7-8,MNL037,LP443,NP7-8,MNL037 LP443,Tayuman,MANILA,3,1,BARANGAY 341,,,14.616701,120.985607,,,,,,,16,2022-10-29,OSP
MNL037 LP444 NP1-2,MNL037,LP444,NP1-2,MNL037 LP444,Tayuman,MANILA,3,1,BARANGAY 341,,,14.616935,120.985633,,,,,,,16,2022-10-29,OSP
MNL037 LP444 NP3-4,MNL037,LP444,NP3-4,MNL037 LP444,Tayuman,MANILA,3,1,BARANGAY 341,,,14.616622,120.986058,,,,,,,16,2022-10-29,OSP
MNL037 LP444 NP5-6,MNL037,LP444,NP5-6,MNL037 LP444,Tayuman,MANILA,3,1,BARANGAY 341,,,14.616072,120.985919,,,,,,,16,2022-10-29,OSP
MNL037 LP445 NP1-2,MNL037,LP445,NP1-2,MNL037 LP445,Tayuman,MANILA,3,1,BARANGAY 341,,,14.61537,120.985858,,,,,,,16,2022-10-29,OSP
MNL037 LP436 NP3-4,MNL037,LP436,NP3-4,MNL037 LP436,Tayuman,MANILA,3,1,BARANGAY 341,,,14.61703,120.985126,,,,,,,16,2022-10-29,OSP
MNL037 LP436 NP5-6,MNL037,LP436,NP5-6,MNL037 LP436,Tayuman,MANILA,3,1,BARANGAY 341,,,14.616474,120.985105,,,,,,,16,2022-10-29,OSP
MNL037 LP436 NP7-8,MNL037,LP436,NP7-8,MNL037 LP436,Tayuman,MANILA,3,1,BARANGAY 341,,,14.615747,120.985088,,,,,,,16,2022-10-29,OSP
MNL037 LP437 NP1-2,MNL037,LP437,NP1-2,MNL037 LP437,Tayuman,MANILA,3,1,BARANGAY 341,,,14.615541,120.985067,,,,,,,16,2022-10-29,OSP
MNL003 LP288 NP3-4,MNL003,LP288,NP3-4,MNL003 LP288,City Square,MANILA,3,1,BARANGAY 342,,,14.6150622,120.98756,,,,,,,16,2019-03-14,OSP
MNL003 LP288 NP5-6,MNL003,LP288,NP5-6,MNL003 LP288,City Square,MANILA,3,1,BARANGAY 342,,,14.61424066,120.9883553,,,,,,,16,2019-03-14,OSP
MNL003 LP288 NP7-8,MNL003,LP288,NP7-8,MNL003 LP288,City Square,MANILA,3,1,BARANGAY 342,,,14.61376327,120.9883315,,,,,,,16,2019-03-14,OSP
MNL003 LP289 NP1-2,MNL003,LP289,NP1-2,MNL003 LP289,City Square,MANILA,3,1,BARANGAY 342,,,14.61388257,120.9877326,,,,,,,16,2019-03-14,OSP
MNL003 LP289 NP3-4,MNL003,LP289,NP3-4,MNL003 LP289,City Square,MANILA,3,1,BARANGAY 342,,,14.61460317,120.9870686,,,,,,,16,2019-03-14,OSP
MNL003 LP289 NP5-6,MNL003,LP289,NP5-6,MNL003 LP289,City Square,MANILA,3,1,BARANGAY 342,,,14.61371963,120.9867359,,,,,,,16,2019-03-14,OSP
MNL003 LP289 NP7-8,MNL003,LP289,NP7-8,MNL003 LP289,City Square,MANILA,3,1,BARANGAY 342,,,14.6132658,120.9871931,,,,,,,16,2019-03-14,OSP
MNL037 LP241 NP3-4,MNL037,LP241,NP3-4,MNL037 LP241,Tayuman,MANILA,3,1,BARANGAY 342,,,14.612865,120.987152,,,,,,,16,2020-11-28,OSP
MNL037 LP241 NP5-6,MNL037,LP241,NP5-6,MNL037 LP241,Tayuman,MANILA,3,1,BARANGAY 342,,,14.613483,120.986551,,,,,,,16,2020-11-28,OSP
MNL037 LP241 NP7-8,MNL037,LP241,NP7-8,MNL037 LP241,Tayuman,MANILA,3,1,BARANGAY 342,,,14.613854,120.986601,,,,,,,16,2020-11-28,OSP
MNL037 LP242 NP1-2,MNL037,LP242,NP1-2,MNL037 LP242,Tayuman,MANILA,3,1,BARANGAY 342,,,14.613528,120.986927,,,,,,,16,2020-11-28,OSP
MNL037 LP242 NP3-4,MNL037,LP242,NP3-4,MNL037 LP242,Tayuman,MANILA,3,1,BARANGAY 342,,,14.613266,120.987185,,,,,,,16,2020-11-28,OSP
MNL037 LP242 NP5-6,MNL037,LP242,NP5-6,MNL037 LP242,Tayuman,MANILA,3,1,BARANGAY 342,,,14.61327,120.987786,,,,,,,16,2020-11-28,OSP
MNL037 LP242 NP7-8,MNL037,LP242,NP7-8,MNL037 LP242,Tayuman,MANILA,3,1,BARANGAY 342,,,14.613806,120.98725,,,,,,,16,2020-11-28,OSP
MNL037 LP243 NP1-2,MNL037,LP243,NP1-2,MNL037 LP243,Tayuman,MANILA,3,1,BARANGAY 342,,,14.614315,120.986745,,,,,,,16,2020-11-28,OSP
MNL037 LP243 NP3-4,MNL037,LP243,NP3-4,MNL037 LP243,Tayuman,MANILA,3,1,BARANGAY 342,,,14.614698,120.986964,,,,,,,16,2020-11-28,OSP
MNL037 LP243 NP5-6,MNL037,LP243,NP5-6,MNL037 LP243,Tayuman,MANILA,3,1,BARANGAY 342,,,14.61459,120.987067,,,,,,,16,2020-11-28,OSP
MNL037 LP243 NP7-8,MNL037,LP243,NP7-8,MNL037 LP243,Tayuman,MANILA,3,1,BARANGAY 342,,,14.614258,120.987375,,,,,,,16,2020-11-28,OSP
MNL037 LP244 NP1-2,MNL037,LP244,NP1-2,MNL037 LP244,Tayuman,MANILA,3,1,BARANGAY 342,,,14.613891,120.987732,,,,,,,16,2020-11-28,OSP
MNL037 LP244 NP3-4,MNL037,LP244,NP3-4,MNL037 LP244,Tayuman,MANILA,3,1,BARANGAY 342,,,14.613539,120.988059,,,,,,,16,2020-11-28,OSP
MNL037 LP244 NP5-6,MNL037,LP244,NP5-6,MNL037 LP244,Tayuman,MANILA,3,1,BARANGAY 342,,,14.613771,120.988318,,,,,,,16,2020-11-28,OSP
MNL037 LP244 NP7-8,MNL037,LP244,NP7-8,MNL037 LP244,Tayuman,MANILA,3,1,BARANGAY 342,,,14.614577,120.987536,,,,,,,16,2020-11-28,OSP
MNL037 LP245 NP1-2,MNL037,LP245,NP1-2,MNL037 LP245,Tayuman,MANILA,3,1,BARANGAY 342,,,14.614807,120.9873,,,,,,,16,2020-11-28,OSP
MNL037 LP245 NP3-4,MNL037,LP245,NP3-4,MNL037 LP245,Tayuman,MANILA,3,1,BARANGAY 342,,,14.615062,120.98756,,,,,,,16,2020-11-28,OSP
MNL037 LP245 NP5-6,MNL037,LP245,NP5-6,MNL037 LP245,Tayuman,MANILA,3,1,BARANGAY 342,,,14.614359,120.988252,,,,,,,16,2020-11-28,OSP
MNL037 LP245 NP7-8,MNL037,LP245,NP7-8,MNL037 LP245,Tayuman,MANILA,3,1,BARANGAY 342,,,14.614241,120.988356,,,,,,,16,2020-11-28,OSP
MNL037 LP453 NP1-2,MNL037,LP453,NP1-2,MNL037 LP453,Tayuman,MANILA,3,1,BARANGAY 342,,,14.61354,120.988059,,,,,,,16,2022-10-29,OSP
MNL037 LP453 NP3-4,MNL037,LP453,NP3-4,MNL037 LP453,Tayuman,MANILA,3,1,BARANGAY 342,,,14.61362,120.987436,,,,,,,16,2022-10-29,OSP
MNL037 LP453 NP5-6,MNL037,LP453,NP5-6,MNL037 LP453,Tayuman,MANILA,3,1,BARANGAY 342,,,14.614087,120.986982,,,,,,,16,2022-10-29,OSP
MNL037 LP453 NP7-8,MNL037,LP453,NP7-8,MNL037 LP453,Tayuman,MANILA,3,1,BARANGAY 342,,,14.613853,120.986597,,,,,,,16,2022-10-29,OSP
MNL037 LP454 NP1-2,MNL037,LP454,NP1-2,MNL037 LP454,Tayuman,MANILA,3,1,BARANGAY 342,,,14.613533,120.986928,,,,,,,16,2022-10-29,OSP
MNL037 LP454 NP3-4,MNL037,LP454,NP3-4,MNL037 LP454,Tayuman,MANILA,3,1,BARANGAY 342,,,14.612983,120.987446,,,,,,,16,2022-10-29,OSP
MNL037 LP454 NP5-6,MNL037,LP454,NP5-6,MNL037 LP454,Tayuman,MANILA,3,1,BARANGAY 342,,,14.613408,120.986547,,,,,,,16,2022-10-29,OSP
MNL037 LP454 NP7-8,MNL037,LP454,NP7-8,MNL037 LP454,Tayuman,MANILA,3,1,BARANGAY 342,,,14.612609,120.986793,,,,,,,16,2022-10-29,OSP
MNL037 LP451 NP1-2,MNL037,LP451,NP1-2,MNL037 LP451,Tayuman,MANILA,3,1,BARANGAY 342,,,14.615378,120.987248,,,,,,,16,2022-10-29,OSP
MNL037 LP451 NP3-4,MNL037,LP451,NP3-4,MNL037 LP451,Tayuman,MANILA,3,1,BARANGAY 342,,,14.615062,120.98754,,,,,,,16,2022-10-29,OSP
MNL037 LP451 NP5-6,MNL037,LP451,NP5-6,MNL037 LP451,Tayuman,MANILA,3,1,BARANGAY 342,,,14.614709,120.987897,,,,,,,16,2022-10-29,OSP
MNL037 LP451 NP7-8,MNL037,LP451,NP7-8,MNL037 LP451,Tayuman,MANILA,3,1,BARANGAY 342,,,14.614241,120.98835,,,,,,,16,2022-10-29,OSP
MNL037 LP452 NP1-2,MNL037,LP452,NP1-2,MNL037 LP452,Tayuman,MANILA,3,1,BARANGAY 342,,,14.613998,120.988093,,,,,,,16,2022-10-29,OSP
MNL037 LP452 NP3-4,MNL037,LP452,NP3-4,MNL037 LP452,Tayuman,MANILA,3,1,BARANGAY 342,,,14.614432,120.987677,,,,,,,16,2022-10-29,OSP
MNL037 LP452 NP5-6,MNL037,LP452,NP5-6,MNL037 LP452,Tayuman,MANILA,3,1,BARANGAY 342,,,14.614596,120.98706,,,,,,,16,2022-10-29,OSP
MNL037 LP452 NP7-8,MNL037,LP452,NP7-8,MNL037 LP452,Tayuman,MANILA,3,1,BARANGAY 342,,,14.614047,120.987578,,,,,,,16,2022-10-29,OSP
MNL003 LP287 NP7-8,MNL003,LP287,NP7-8,MNL003 LP287,City Square,MANILA,3,1,BARANGAY 343,,,14.61573105,120.9883028,,,,,,,16,2019-03-14,OSP
MNL003 LP288 NP1-2,MNL003,LP288,NP1-2,MNL003 LP288,City Square,MANILA,3,1,BARANGAY 343,,,14.61541504,120.9879771,,,,,,,16,2019-03-14,OSP
MNL046 LP71 NP1-2,MNL046,LP71,NP1-2,MNL046 LP71,Reten Apartment,MANILA,3,1,BARANGAY 343,,,14.61555226,120.9887639,,,,,,,16,2022-03-13,OSP
MNL037 LP219 NP1-2,MNL037,LP219,NP1-2,MNL037 LP219,Tayuman,MANILA,3,1,BARANGAY 343,,,14.615712,120.987229,,,,,,,16,2020-11-25,OSP
MNL037 LP219 NP3-4,MNL037,LP219,NP3-4,MNL037 LP219,Tayuman,MANILA,3,1,BARANGAY 343,,,14.615209,120.987723,,,,,,,16,2020-11-25,OSP
MNL037 LP219 NP5-6,MNL037,LP219,NP5-6,MNL037 LP219,Tayuman,MANILA,3,1,BARANGAY 343,,,14.614764,120.988146,,,,,,,16,2020-11-25,OSP
MNL037 LP219 NP7-8,MNL037,LP219,NP7-8,MNL037 LP219,Tayuman,MANILA,3,1,BARANGAY 343,,,14.615722,120.9883,,,,,,,16,2020-11-25,OSP
MNL037 LP220 NP1-2,MNL037,LP220,NP1-2,MNL037 LP220,Tayuman,MANILA,3,1,BARANGAY 343,,,14.615958,120.987938,,,,,,,16,2020-11-25,OSP
MNL037 LP225 NP1-2,MNL037,LP225,NP1-2,MNL037 LP225,Tayuman,MANILA,3,1,BARANGAY 343,,,14.616208,120.988234,,,,,,,16,2020-11-25,OSP
MNL037 LP225 NP3-4,MNL037,LP225,NP3-4,MNL037 LP225,Tayuman,MANILA,3,1,BARANGAY 343,,,14.615914,120.988506,,,,,,,16,2020-11-25,OSP
MNL037 LP225 NP5-6,MNL037,LP225,NP5-6,MNL037 LP225,Tayuman,MANILA,3,1,BARANGAY 343,,,14.616108,120.988729,,,,,,,16,2020-11-25,OSP
MNL037 LP489 NP1-2,MNL037,LP489,NP1-2,MNL037 LP489,Tayuman,MANILA,3,1,BARANGAY 343,,,14.616214,120.988237,,,,,,,16,2023-02-23,OSP
MNL037 LP489 NP3-4,MNL037,LP489,NP3-4,MNL037 LP489,Tayuman,MANILA,3,1,BARANGAY 343,,,14.616341,120.988114,,,,,,,16,2023-02-23,OSP
MNL037 LP490 NP1-2,MNL037,LP490,NP1-2,MNL037 LP490,Tayuman,MANILA,3,1,BARANGAY 343,,,14.615729,120.988295,,,,,,,16,2023-02-23,OSP
MNL037 LP490 NP3-4,MNL037,LP490,NP3-4,MNL037 LP490,Tayuman,MANILA,3,1,BARANGAY 343,,,14.615307,120.988741,,,,,,,16,2023-02-23,OSP
MNL037 LP490 NP5-6,MNL037,LP490,NP5-6,MNL037 LP490,Tayuman,MANILA,3,1,BARANGAY 343,,,14.614273,120.988615,,,,,,,16,2023-02-23,OSP
MNL037 LP490 NP7-8,MNL037,LP490,NP7-8,MNL037 LP490,Tayuman,MANILA,3,1,BARANGAY 343,,,14.614548,120.988347,,,,,,,16,2023-02-23,OSP
MNL037 LP491 NP1-2,MNL037,LP491,NP1-2,MNL037 LP491,Tayuman,MANILA,3,1,BARANGAY 343,,,14.61522,120.987704,,,,,,,16,2023-02-23,OSP
MNL037 LP491 NP3-4,MNL037,LP491,NP3-4,MNL037 LP491,Tayuman,MANILA,3,1,BARANGAY 343,,,14.615709,120.987231,,,,,,,16,2023-02-23,OSP
MNL003 LP325 NP1-2,MNL003,LP325,NP1-2,MNL003 LP325,City Square,MANILA,3,1,BARANGAY 344,,,14.61695205,120.9837071,,,,,,,16,2019-03-30,OSP
MNL003 LP325 NP3-4,MNL003,LP325,NP3-4,MNL003 LP325,City Square,MANILA,3,1,BARANGAY 344,,,14.61732461,120.9848052,,,,,,,16,2019-03-30,OSP
MNL003 LP325 NP5-6,MNL003,LP325,NP5-6,MNL003 LP325,City Square,MANILA,3,1,BARANGAY 344,,,14.61795709,120.9848228,,,,,,,16,2019-03-30,OSP