Box Name,OLT,LCP,NAP,LCP Name,Node Name,Municipality,Cluster,Sector,Barangay,Subdivision,Building Name,Latitude,Longitude,Parent Site,Parent Floor,Parent Room,Additional Details,Remarks,Landmark,Capacity,Installation Date,OSP / ISP
MNL036 LP158 NP7-8,MNL036,LP158,NP7-8,MNL036 LP158,Juan Luna/ Solis,MANILA,3,1,BARANGAY 183,,,14.632596,120.972997,,,,,,,16,2020-12-15,OSP
MNL036 LP157 NP3-4,MNL036,LP157,NP3-4,MNL036 LP157,Juan Luna/ Solis,MANILA,3,1,BARANGAY 183,,,14.632078,120.972342,,,,,,,16,2020-12-15,OSP
MNL003 LP268 NP5-6,MNL003,LP268,NP5-6,MNL003 LP268,City Square,MANILA,3,1,BARANGAY 184,,,14.632799,120.976091,,,,,,,16,2019-03-29,OSP
MNL003 LP268 NP7-8,MNL003,LP268,NP7-8,MNL003 LP268,City Square,MANILA,3,1,BARANGAY 184,,,14.633243,120.976155,,,,,,,16,2019-03-29,OSP
MNL003 LP269 NP1-2,MNL003,LP269,NP1-2,MNL003 LP269,City Square,MANILA,3,1,BARANGAY 184,,,14.633936,120.97625,,,,,,,16,2019-03-29,OSP
MNL003 LP269 NP3-4,MNL003,LP269,NP3-4,MNL003 LP269,City Square,MANILA,3,1,BARANGAY 184,,,14.634628,120.976348,,,,,,,16,2019-03-29,OSP
MNL003 LP269 NP5-6,MNL003,LP269,NP5-6,MNL003 LP269,City Square,MANILA,3,1,BARANGAY 184,,,14.634739,120.975538,,,,,,,16,2019-03-29,OSP
MNL003 LP269 NP7-8,MNL003,LP269,NP7-8,MNL003 LP269,City Square,MANILA,3,1,BARANGAY 184,,,14.634361,120.975415,,,,,,,16,2019-03-29,OSP
MNL003 LP270 NP1-2,MNL003,LP270,NP1-2,MNL003 LP270,City Square,MANILA,3,1,BARANGAY 184,,,14.634955,120.976022,,,,,,,16,2019-03-29,OSP
MNL003 LP270 NP3-4,MNL003,LP270,NP3-4,MNL003 LP270,City Square,MANILA,3,1,BARANGAY 184,,,14.635045,120.975594,,,,,,,16,2020-08-07,OSP
MNL003 LP270 NP5-6,MNL003,LP270,NP5-6,MNL003 LP270,City Square,MANILA,3,1,BARANGAY 184,,,14.634696,120.975534,,,,,,,16,2020-08-07,OSP
MNL003 LP270 NP7-8,MNL003,LP270,NP7-8,MNL003 LP270,City Square,MANILA,3,1,BARANGAY 184,,,14.634647,120.975939,,,,,,,16,2020-08-07,OSP
MNL036 LP200 NP1-2,MNL036,LP200,NP1-2,MNL036 LP200,Juan Luna/ Solis,MANILA,3,1,BARANGAY 184,,,14.634634,120.97626,,,,,,,16,2023-04-29,OSP
MNL036 LP200 NP3-5,MNL036,LP200,NP3-5,MNL036 LP200,Juan Luna/ Solis,MANILA,3,1,BARANGAY 184,,,14.634325,120.976064,,,,,,,24,2023-04-29,OSP
MNL036 LP200 NP6-8,MNL036,LP200,NP6-8,MNL036 LP200,Juan Luna/ Solis,MANILA,3,1,BARANGAY 184,,,14.634371,120.975729,,,,,,,24,2023-04-29,OSP
MNL036 LP201 NP1-2,MNL036,LP201,NP1-2,MNL036 LP201,Juan Luna/ Solis,MANILA,3,1,BARANGAY 184,,,14.634057,120.975357,,,,,,,16,2023-04-29,OSP
MNL036 LP201 NP3-5,MNL036,LP201,NP3-5,MNL036 LP201,Juan Luna/ Solis,MANILA,3,1,BARANGAY 184,,,14.634018,120.975933,,,,,,,24,2023-04-29,OSP
MNL036 LP201 NP6-8,MNL036,LP201,NP6-8,MNL036 LP201,Juan Luna/ Solis,MANILA,3,1,BARANGAY 184,,,14.633288,120.976177,,,,,,,24,2023-04-29,OSP
MNL036 LP202 NP1-2,MNL036,LP202,NP1-2,MNL036 LP202,Juan Luna/ Solis,MANILA,3,1,BARANGAY 184,,,14.633285,120.976185,,,,,,,16,2023-04-29,OSP
MNL036 LP202 NP3-5,MNL036,LP202,NP3-5,MNL036 LP202,Juan Luna/ Solis,MANILA,3,1,BARANGAY 184,,,14.632759,120.976108,,,,,,,24,2023-04-29,OSP
MNL036 LP198 NP1-2,MNL036,LP198,NP1-2,MNL036 LP198,Juan Luna/ Solis,MANILA,3,1,BARANGAY 184,,,14.633136,120.974885,,,,,,,16,2023-04-29,OSP
MNL036 LP199 NP3-5,MNL036,LP199,NP3-5,MNL036 LP199,Juan Luna/ Solis,MANILA,3,1,BARANGAY 184,,,14.634786,120.975229,,,,,,,24,2023-04-29,OSP
MNL036 LP199 NP6-8,MNL036,LP199,NP6-8,MNL036 LP199,Juan Luna/ Solis,MANILA,3,1,BARANGAY 184,,,14.635,120.975623,,,,,,,24,2023-04-29,OSP
MNL036 LP169 NP5-6,MNL036,LP169,NP5-6,MNL036 LP169,Juan Luna/ Solis,MANILA,3,1,BARANGAY 184,,,14.633972,120.976258,,,,,,,16,2020-11-28,OSP
MNL036 LP169 NP7-8,MNL036,LP169,NP7-8,MNL036 LP169,Juan Luna/ Solis,MANILA,3,1,BARANGAY 184,,,14.633674,120.97622,,,,,,,16,2020-11-28,OSP
MNL036 LP170 NP1-2,MNL036,LP170,NP1-2,MNL036 LP170,Juan Luna/ Solis,MANILA,3,1,BARANGAY 184,,,14.633681,120.975603,,,,,,,16,2020-11-28,OSP
MNL036 LP170 NP3-4,MNL036,LP170,NP3-4,MNL036 LP170,Juan Luna/ Solis,MANILA,3,1,BARANGAY 184,,,14.633739,120.975276,,,,,,,16,2020-11-28,OSP
MNL036 LP170 NP5-6,MNL036,LP170,NP5-6,MNL036 LP170,Juan Luna/ Solis,MANILA,3,1,BARANGAY 184,,,14.633356,120.975619,,,,,,,16,2020-11-28,OSP
MNL036 LP170 NP7-8,MNL036,LP170,NP7-8,MNL036 LP170,Juan Luna/ Solis,MANILA,3,1,BARANGAY 184,,,14.633425,120.975217,,,,,,,16,2020-11-28,OSP
MNL036 LP171 NP1-2,MNL036,LP171,NP1-2,MNL036 LP171,Juan Luna/ Solis,MANILA,3,1,BARANGAY 184,,,14.633253,120.976157,,,,,,,16,2020-11-28,OSP
MNL036 LP171 NP3-4,MNL036,LP171,NP3-4,MNL036 LP171,Juan Luna/ Solis,MANILA,3,1,BARANGAY 184,,,14.632981,120.97604,,,,,,,16,2020-11-28,OSP
MNL036 LP171 NP5-6,MNL036,LP171,NP5-6,MNL036 LP171,Juan Luna/ Solis,MANILA,3,1,BARANGAY 184,,,14.633025,120.975682,,,,,,,16,2020-11-28,OSP
MNL036 LP171 NP7-8,MNL036,LP171,NP7-8,MNL036 LP171,Juan Luna/ Solis,MANILA,3,1,BARANGAY 184,,,14.633096,120.975169,,,,,,,16,2020-11-28,OSP
MNL036 LP167 NP1-2,MNL036,LP167,NP1-2,MNL036 LP167,Juan Luna/ Solis,MANILA,3,1,BARANGAY 184,,,14.634747,120.97554,,,,,,,16,2020-11-28,OSP
MNL036 LP167 NP3-4,MNL036,LP167,NP3-4,MNL036 LP167,Juan Luna/ Solis,MANILA,3,1,BARANGAY 184,,,14.635038,120.975596,,,,,,,16,2020-11-28,OSP
MNL036 LP167 NP5-6,MNL036,LP167,NP5-6,MNL036 LP167,Juan Luna/ Solis,MANILA,3,1,BARANGAY 184,,,14.634969,120.975983,,,,,,,16,2020-11-28,OSP
MNL036 LP167 NP7-8,MNL036,LP167,NP7-8,MNL036 LP167,Juan Luna/ Solis,MANILA,3,1,BARANGAY 184,,,14.63492,120.976386,,,,,,,16,2020-11-28,OSP
MNL036 LP168 NP1-2,MNL036,LP168,NP1-2,MNL036 LP168,Juan Luna/ Solis,MANILA,3,1,BARANGAY 184,,,14.634611,120.976344,,,,,,,16,2020-11-28,OSP
MNL036 LP168 NP3-4,MNL036,LP168,NP3-4,MNL036 LP168,Juan Luna/ Solis,MANILA,3,1,BARANGAY 184,,,14.634326,120.976061,,,,,,,16,2020-11-28,OSP
MNL036 LP168 NP5-6,MNL036,LP168,NP5-6,MNL036 LP168,Juan Luna/ Solis,MANILA,3,1,BARANGAY 184,,,14.63437,120.975734,,,,,,,16,2020-11-28,OSP
MNL036 LP168 NP7-8,MNL036,LP168,NP7-8,MNL036 LP168,Juan Luna/ Solis,MANILA,3,1,BARANGAY 184,,,14.634364,120.975423,,,,,,,16,2020-11-28,OSP
MNL036 LP169 NP1-2,MNL036,LP169,NP1-2,MNL036 LP169,Juan Luna/ Solis,MANILA,3,1,BARANGAY 184,,,14.634064,120.975355,,,,,,,16,2020-11-28,OSP
MNL036 LP169 NP3-4,MNL036,LP169,NP3-4,MNL036 LP169,Juan Luna/ Solis,MANILA,3,1,BARANGAY 184,,,14.634025,120.975934,,,,,,,16,2020-11-28,OSP
MNL003 LP271 NP3-4,MNL003,LP271,NP3-4,MNL003 LP271,City Square,MANILA,3,1,BARANGAY 185,,,14.630113,120.974906,,,,,,,16,2019-03-29,OSP
MNL003 LP271 NP5-6,MNL003,LP271,NP5-6,MNL003 LP271,City Square,MANILA,3,1,BARANGAY 185,,,14.629822,120.974845,,,,,,,16,2019-03-29,OSP
MNL003 LP224 NP5-6,MNL003,LP224,NP5-6,MNL003 LP224,City Square,MANILA,3,1,BARANGAY 185,,,14.628657,120.975576,,,,,,,16,2019-03-29,OSP
MNL003 LP271 NP7-8,MNL003,LP271,NP7-8,MNL003 LP271,City Square,MANILA,3,1,BARANGAY 185,,,14.629361,120.97478,,,,,,,16,2019-03-29,OSP
MNL003 LP272 NP1-2,MNL003,LP272,NP1-2,MNL003 LP272,City Square,MANILA,3,1,BARANGAY 185,,,14.629132,120.974786,,,,,,,16,2019-03-29,OSP
MNL003 LP272 NP3-4,MNL003,LP272,NP3-4,MNL003 LP272,City Square,MANILA,3,1,BARANGAY 185,,,14.628836,120.974705,,,,,,,16,2019-03-29,OSP
MNL003 LP272 NP5-6,MNL003,LP272,NP5-6,MNL003 LP272,City Square,MANILA,3,1,BARANGAY 185,,,14.629136,120.974752,,,,,,,16,2020-08-07,OSP
MNL003 LP272 NP7-8,MNL003,LP272,NP7-8,MNL003 LP272,City Square,MANILA,3,1,BARANGAY 185,,,14.629171,120.974399,,,,,,,16,2020-08-07,OSP
MNL003 LP273 NP3-4,MNL003,LP273,NP3-4,MNL003 LP273,City Square,MANILA,3,1,BARANGAY 185,,,14.629803,120.975244,,,,,,,16,2019-03-29,OSP
MNL003 LP273 NP5-6,MNL003,LP273,NP5-6,MNL003 LP273,City Square,MANILA,3,1,BARANGAY 185,,,14.629582,120.975227,,,,,,,16,2019-03-29,OSP
MNL003 LP273 NP7-8,MNL003,LP273,NP7-8,MNL003 LP273,City Square,MANILA,3,1,BARANGAY 185,,,14.629311,120.975252,,,,,,,16,2019-03-29,OSP
MNL003 LP274 NP1-2,MNL003,LP274,NP1-2,MNL003 LP274,City Square,MANILA,3,1,BARANGAY 185,,,14.629094,120.975217,,,,,,,16,2019-03-29,OSP
MNL003 LP274 NP3-4,MNL003,LP274,NP3-4,MNL003 LP274,City Square,MANILA,3,1,BARANGAY 185,,,14.628796,120.975173,,,,,,,16,2019-03-29,OSP
MNL003 LP274 NP5-6,MNL003,LP274,NP5-6,MNL003 LP274,City Square,MANILA,3,1,BARANGAY 185,,,14.629058,120.975154,,,,,,,16,2020-08-07,OSP
MNL003 LP274 NP7-8,MNL003,LP274,NP7-8,MNL003 LP274,City Square,MANILA,3,1,BARANGAY 185,,,14.629315,120.975185,,,,,,,16,2020-08-07,OSP
MNL036 LP213 NP3-5,MNL036,LP213,NP3-5,MNL036 LP213,Juan Luna/ Solis,MANILA,3,1,BARANGAY 185,,,14.628705,120.97558,,,,,,,24,2022-05-10,OSP
MNL036 LP213 NP6-8,MNL036,LP213,NP6-8,MNL036 LP213,Juan Luna/ Solis,MANILA,3,1,BARANGAY 185,,,14.628704,120.975578,,,,,,,24,2022-05-10,OSP
MNL036 LP206 NP6-8,MNL036,LP206,NP6-8,MNL036 LP206,Juan Luna/ Solis,MANILA,3,1,BARANGAY 185,,,14.630068,120.975281,,,,,,,24,2023-04-29,OSP
MNL036 LP207 NP1-2,MNL036,LP207,NP1-2,MNL036 LP207,Juan Luna/ Solis,MANILA,3,1,BARANGAY 185,,,14.629337,120.975217,,,,,,,16,2023-04-29,OSP
MNL036 LP207 NP3-5,MNL036,LP207,NP3-5,MNL036 LP207,Juan Luna/ Solis,MANILA,3,1,BARANGAY 185,,,14.62911,120.975005,,,,,,,24,2023-04-29,OSP
MNL036 LP207 NP6-8,MNL036,LP207,NP6-8,MNL036 LP207,Juan Luna/ Solis,MANILA,3,1,BARANGAY 185,,,14.629112,120.975007,,,,,,,24,2023-04-29,OSP
MNL036 LP208 NP1-2,MNL036,LP208,NP1-2,MNL036 LP208,Juan Luna/ Solis,MANILA,3,1,BARANGAY 185,,,14.628791,120.974987,,,,,,,16,2023-04-29,OSP
MNL036 LP208 NP3-5,MNL036,LP208,NP3-5,MNL036 LP208,Juan Luna/ Solis,MANILA,3,1,BARANGAY 185,,,14.629373,120.9748,,,,,,,24,2023-04-29,OSP
MNL036 LP208 NP6-8,MNL036,LP208,NP6-8,MNL036 LP208,Juan Luna/ Solis,MANILA,3,1,BARANGAY 185,,,14.629381,120.974802,,,,,,,24,2023-04-29,OSP
MNL036 LP209 NP1-2,MNL036,LP209,NP1-2,MNL036 LP209,Juan Luna/ Solis,MANILA,3,1,BARANGAY 185,,,14.629602,120.974815,,,,,,,16,2023-04-29,OSP
MNL036 LP209 NP3-5,MNL036,LP209,NP3-5,MNL036 LP209,Juan Luna/ Solis,MANILA,3,1,BARANGAY 185,,,14.630162,120.974527,,,,,,,24,2023-04-29,OSP
MNL036 LP209 NP6-8,MNL036,LP209,NP6-8,MNL036 LP209,Juan Luna/ Solis,MANILA,3,1,BARANGAY 185,,,14.630153,120.974524,,,,,,,24,2023-04-29,OSP
MNL036 LP66 NP7-8,MNL036,LP66,NP7-8,MNL036 LP66,Juan Luna/ Solis,MANILA,3,1,BARANGAY 185,,,14.628925,120.974019,,,,,,,16,2020-08-30,OSP
MNL036 LP62 NP7-8,MNL036,LP62,NP7-8,MNL036 LP62,Juan Luna/ Solis,MANILA,3,1,BARANGAY 185,,,14.630068,120.975281,,,,,,,16,2020-08-30,OSP
MNL036 LP63 NP1-2,MNL036,LP63,NP1-2,MNL036 LP63,Juan Luna/ Solis,MANILA,3,1,BARANGAY 185,,,14.630117,120.974914,,,,,,,16,2020-08-30,OSP
MNL036 LP63 NP3-4,MNL036,LP63,NP3-4,MNL036 LP63,Juan Luna/ Solis,MANILA,3,1,BARANGAY 185,,,14.629881,120.974854,,,,,,,16,2020-08-30,OSP
MNL036 LP63 NP5-6,MNL036,LP63,NP5-6,MNL036 LP63,Juan Luna/ Solis,MANILA,3,1,BARANGAY 185,,,14.629827,120.975107,,,,,,,16,2020-08-30,OSP
MNL036 LP63 NP7-8,MNL036,LP63,NP7-8,MNL036 LP63,Juan Luna/ Solis,MANILA,3,1,BARANGAY 185,,,14.629819,120.975258,,,,,,,16,2020-08-30,OSP
MNL036 LP64 NP1-2,MNL036,LP64,NP1-2,MNL036 LP64,Juan Luna/ Solis,MANILA,3,1,BARANGAY 185,,,14.629491,120.975565,,,,,,,16,2020-08-30,OSP
MNL036 LP64 NP3-4,MNL036,LP64,NP3-4,MNL036 LP64,Juan Luna/ Solis,MANILA,3,1,BARANGAY 185,,,14.629059,120.975492,,,,,,,16,2020-08-30,OSP
MNL036 LP64 NP5-6,MNL036,LP64,NP5-6,MNL036 LP64,Juan Luna/ Solis,MANILA,3,1,BARANGAY 185,,,14.628793,120.975605,,,,,,,16,2020-08-30,OSP
MNL036 LP65 NP1-2,MNL036,LP65,NP1-2,MNL036 LP65,Juan Luna/ Solis,MANILA,3,1,BARANGAY 185,,,14.629586,120.975223,,,,,,,16,2020-08-30,OSP
MNL036 LP65 NP3-4,MNL036,LP65,NP3-4,MNL036 LP65,Juan Luna/ Solis,MANILA,3,1,BARANGAY 185,,,14.629604,120.974814,,,,,,,16,2020-08-30,OSP
MNL036 LP65 NP5-6,MNL036,LP65,NP5-6,MNL036 LP65,Juan Luna/ Solis,MANILA,3,1,BARANGAY 185,,,14.629392,120.974788,,,,,,,16,2020-08-30,OSP
MNL036 LP65 NP7-8,MNL036,LP65,NP7-8,MNL036 LP65,Juan Luna/ Solis,MANILA,3,1,BARANGAY 185,,,14.6288,120.975169,,,,,,,16,2020-08-30,OSP
MNL036 LP66 NP1-2,MNL036,LP66,NP1-2,MNL036 LP66,Juan Luna/ Solis,MANILA,3,1,BARANGAY 185,,,14.628807,120.974917,,,,,,,16,2020-08-30,OSP
MNL036 LP66 NP3-4,MNL036,LP66,NP3-4,MNL036 LP66,Juan Luna/ Solis,MANILA,3,1,BARANGAY 185,,,14.628841,120.974699,,,,,,,16,2020-08-30,OSP
MNL036 LP66 NP5-6,MNL036,LP66,NP5-6,MNL036 LP66,Juan Luna/ Solis,MANILA,3,1,BARANGAY 185,,,14.628878,120.974375,,,,,,,16,2020-08-30,OSP
MNL003 LP268 NP1-2,MNL003,LP268,NP1-2,MNL003 LP268,City Square,MANILA,3,1,BARANGAY 186,,,14.631043,120.975868,,,,,,,16,2019-03-29,OSP
MNL003 LP268 NP3-4,MNL003,LP268,NP3-4,MNL003 LP268,City Square,MANILA,3,1,BARANGAY 186,,,14.631654,120.975941,,,,,,,16,2019-03-29,OSP
MNL003 LP271 NP1-2,MNL003,LP271,NP1-2,MNL003 LP271,City Square,MANILA,3,1,BARANGAY 186,,,14.630413,120.974904,,,,,,,16,2019-03-29,OSP
MNL003 LP273 NP1-2,MNL003,LP273,NP1-2,MNL003 LP273,City Square,MANILA,3,1,BARANGAY 186,,,14.630336,120.97537,,,,,,,16,2019-03-29,OSP
VAL001 LP26 NP7-8,VAL001,LP26,NP7-8,VAL001 LP26,Gotaco,MANILA,3,1,BARANGAY 186,,,14.631243,120.974517,,,,,,,16,2016-03-07,OSP
MNL036 LP205 NP3-5,MNL036,LP205,NP3-5,MNL036 LP205,Juan Luna/ Solis,MANILA,3,1,BARANGAY 186,,,14.630877,120.975109,,,,,,,24,2023-04-29,OSP
MNL036 LP205 NP6-8,MNL036,LP205,NP6-8,MNL036 LP205,Juan Luna/ Solis,MANILA,3,1,BARANGAY 186,,,14.630826,120.975423,,,,,,,24,2023-04-29,OSP
MNL036 LP206 NP1-2,MNL036,LP206,NP1-2,MNL036 LP206,Juan Luna/ Solis,MANILA,3,1,BARANGAY 186,,,14.630339,120.975361,,,,,,,16,2023-04-29,OSP
MNL036 LP206 NP3-5,MNL036,LP206,NP3-5,MNL036 LP206,Juan Luna/ Solis,MANILA,3,1,BARANGAY 186,,,14.630348,120.975354,,,,,,,24,2023-04-29,OSP
MNL036 LP202 NP6-8,MNL036,LP202,NP6-8,MNL036 LP202,Juan Luna/ Solis,MANILA,3,1,BARANGAY 186,,,14.632144,120.976024,,,,,,,24,2023-04-29,OSP
MNL036 LP203 NP1-2,MNL036,LP203,NP1-2,MNL036 LP203,Juan Luna/ Solis,MANILA,3,1,BARANGAY 186,,,14.631391,120.975922,,,,,,,16,2023-04-29,OSP
MNL036 LP203 NP3-5,MNL036,LP203,NP3-5,MNL036 LP203,Juan Luna/ Solis,MANILA,3,1,BARANGAY 186,,,14.6311,120.975591,,,,,,,24,2023-04-29,OSP
MNL036 LP203 NP6-8,MNL036,LP203,NP6-8,MNL036 LP203,Juan Luna/ Solis,MANILA,3,1,BARANGAY 186,,,14.631107,120.975589,,,,,,,24,2023-04-29,OSP
MNL036 LP204 NP1-2,MNL036,LP204,NP1-2,MNL036 LP204,Juan Luna/ Solis,MANILA,3,1,BARANGAY 186,,,14.631243,120.974762,,,,,,,16,2023-04-29,OSP
MNL036 LP204 NP3-5,MNL036,LP204,NP3-5,MNL036 LP204,Juan Luna/ Solis,MANILA,3,1,BARANGAY 186,,,14.631282,120.974528,,,,,,,24,2023-04-29,OSP
MNL036 LP204 NP6-8,MNL036,LP204,NP6-8,MNL036 LP204,Juan Luna/ Solis,MANILA,3,1,BARANGAY 186,,,14.630473,120.974353,,,,,,,24,2023-04-29,OSP
MNL036 LP205 NP1-2,MNL036,LP205,NP1-2,MNL036 LP205,Juan Luna/ Solis,MANILA,3,1,BARANGAY 186,,,14.630397,120.974748,,,,,,,16,2023-04-29,OSP
MNL036 LP62 NP5-6,MNL036,LP62,NP5-6,MNL036 LP62,Juan Luna/ Solis,MANILA,3,1,BARANGAY 186,,,14.630336,120.975359,,,,,,,16,2020-08-30,OSP
MNL036 LP60 NP1-2,MNL036,LP60,NP1-2,MNL036 LP60,Juan Luna/ Solis,MANILA,3,1,BARANGAY 186,,,14.632149,120.976013,,,,,,,16,2020-08-30,OSP
MNL036 LP60 NP3-4,MNL036,LP60,NP3-4,MNL036 LP60,Juan Luna/ Solis,MANILA,3,1,BARANGAY 186,,,14.631719,120.975958,,,,,,,16,2020-08-30,OSP
MNL036 LP60 NP5-6,MNL036,LP60,NP5-6,MNL036 LP60,Juan Luna/ Solis,MANILA,3,1,BARANGAY 186,,,14.631489,120.975376,,,,,,,16,2020-08-30,OSP
MNL036 LP60 NP7-8,MNL036,LP60,NP7-8,MNL036 LP60,Juan Luna/ Solis,MANILA,3,1,BARANGAY 186,,,14.631589,120.974594,,,,,,,16,2020-08-30,OSP
MNL036 LP61 NP1-2,MNL036,LP61,NP1-2,MNL036 LP61,Juan Luna/ Solis,MANILA,3,1,BARANGAY 186,,,14.631383,120.975908,,,,,,,16,2020-08-30,OSP
MNL036 LP61 NP3-4,MNL036,LP61,NP3-4,MNL036 LP61,Juan Luna/ Solis,MANILA,3,1,BARANGAY 186,,,14.631081,120.975863,,,,,,,16,2020-08-30,OSP
MNL036 LP61 NP5-6,MNL036,LP61,NP5-6,MNL036 LP61,Juan Luna/ Solis,MANILA,3,1,BARANGAY 186,,,14.631146,120.975382,,,,,,,16,2020-08-30,OSP
MNL036 LP61 NP7-8,MNL036,LP61,NP7-8,MNL036 LP61,Juan Luna/ Solis,MANILA,3,1,BARANGAY 186,,,14.631248,120.974758,,,,,,,16,2020-08-30,OSP
MNL036 LP62 NP1-2,MNL036,LP62,NP1-2,MNL036 LP62,Juan Luna/ Solis,MANILA,3,1,BARANGAY 186,,,14.630457,120.974488,,,,,,,16,2020-08-30,OSP
MNL036 LP62 NP3-4,MNL036,LP62,NP3-4,MNL036 LP62,Juan Luna/ Solis,MANILA,3,1,BARANGAY 186,,,14.630313,120.975024,,,,,,,16,2020-08-30,OSP
MNL037 LP250 NP3-4,MNL037,LP250,NP3-4,MNL037 LP250,Tayuman,MANILA,3,1,BARANGAY 187,,,14.635986,120.981436,,,,,,,16,2021-01-24,OSP
MNL037 LP250 NP5-6,MNL037,LP250,NP5-6,MNL037 LP250,Tayuman,MANILA,3,1,BARANGAY 187,,,14.635798,120.981411,,,,,,,16,2021-01-24,OSP
MNL037 LP252 NP5-6,MNL037,LP252,NP5-6,MNL037 LP252,Tayuman,MANILA,3,1,BARANGAY 187,,,14.635937,120.981701,,,,,,,16,2021-01-24,OSP
MNL037 LP246 NP5-6,MNL037,LP246,NP5-6,MNL037 LP246,Tayuman,MANILA,3,1,BARANGAY 187,,,14.63562,120.981158,,,,,,,16,2021-01-24,OSP
MNL037 LP246 NP7-8,MNL037,LP246,NP7-8,MNL037 LP246,Tayuman,MANILA,3,1,BARANGAY 187,,,14.635971,120.981156,,,,,,,16,2021-01-24,OSP
MNL037 LP546 NP1-2,MNL037,LP546,NP1-2,MNL037 LP546,Tayuman,MANILA,3,1,BARANGAY 187,,,14.635549,120.98139,,,,,,,16,2022-06-23,OSP
MNL037 LP257 NP1-2,MNL037,LP257,NP1-2,MNL037 LP257,Tayuman,MANILA,3,1,BARANGAY 188,,,14.635809,120.980558,,,,,,,16,2021-01-24,OSP
MNL037 LP257 NP3-4,MNL037,LP257,NP3-4,MNL037 LP257,Tayuman,MANILA,3,1,BARANGAY 188,,,14.635893,120.980196,,,,,,,16,2021-01-24,OSP
MNL037 LP257 NP5-6,MNL037,LP257,NP5-6,MNL037 LP257,Tayuman,MANILA,3,1,BARANGAY 188,,,14.635549,120.980319,,,,,,,16,2021-01-24,OSP
MNL037 LP257 NP7-8,MNL037,LP257,NP7-8,MNL037 LP257,Tayuman,MANILA,3,1,BARANGAY 188,,,14.635257,120.98031,,,,,,,16,2021-01-24,OSP
MNL037 LP254 NP3-4,MNL037,LP254,NP3-4,MNL037 LP254,Tayuman,MANILA,3,1,BARANGAY 188,,,14.635562,120.980824,,,,,,,16,2021-01-24,OSP
MNL037 LP542 NP3-5,MNL037,LP542,NP3-5,MNL037 LP542,Tayuman,MANILA,3,1,BARANGAY 188,,,14.635532,120.980324,,,,,,,24,2022-06-23,OSP
MNL037 LP542 NP6-8,MNL037,LP542,NP6-8,MNL037 LP542,Tayuman,MANILA,3,1,BARANGAY 188,,,14.635243,120.980328,,,,,,,24,2022-06-23,OSP
MNL037 LP543 NP1-2,MNL037,LP543,NP1-2,MNL037 LP543,Tayuman,MANILA,3,1,BARANGAY 188,,,14.635841,120.979807,,,,,,,16,2022-06-23,OSP
MNL037 LP544 NP6-8,MNL037,LP544,NP6-8,MNL037 LP544,Tayuman,MANILA,3,1,BARANGAY 188,,,14.635999,120.980566,,,,,,,24,2022-06-23,OSP
MNL037 LP539 NP6-8,MNL037,LP539,NP6-8,MNL037 LP539,Tayuman,MANILA,3,1,BARANGAY 188,,,14.635149,120.980643,,,,,,,24,2022-06-23,OSP
CCS001 LP515 NP3-5,CCS001,LP515,NP3-5,CCS001 LP515,8Th Avenue,MANILA,3,1,BARANGAY 189,,,14.636642,120.979633,,,,,,,24,2022-10-04,OSP
CCS001 LP515 NP6-8,CCS001,LP515,NP6-8,CCS001 LP515,8Th Avenue,MANILA,3,1,BARANGAY 189,,,14.636642,120.979633,,,,,,,24,2022-10-04,OSP
MNL003 LP113 NP7-8,MNL003,LP113,NP7-8,MNL003 LP113,City Square,MANILA,3,1,BARANGAY 189,,,14.63631509,120.9805768,,,,,,,16,2018-11-29,OSP
MNL003 LP114 NP1-2,MNL003,LP114,NP1-2,MNL003 LP114,City Square,MANILA,3,1,BARANGAY 189,,,14.63630154,120.9811652,,,,,,,16,2018-11-29,OSP
MNL003 LP114 NP3-4,MNL003,LP114,NP3-4,MNL003 LP114,City Square,MANILA,3,1,BARANGAY 189,,,14.63629468,120.9814491,,,,,,,16,2018-11-29,OSP
MNL003 LP114 NP5-6,MNL003,LP114,NP5-6,MNL003 LP114,City Square,MANILA,3,1,BARANGAY 189,,,14.63628703,120.9817607,,,,,,,16,2018-11-29,OSP
MNL037 LP249 NP7-8,MNL037,LP249,NP7-8,MNL037 LP249,Tayuman,MANILA,3,1,BARANGAY 189,,,14.636712,120.981451,,,,,,,16,2021-01-24,OSP
MNL037 LP250 NP1-2,MNL037,LP250,NP1-2,MNL037 LP250,Tayuman,MANILA,3,1,BARANGAY 189,,,14.636313,120.981441,,,,,,,16,2021-01-24,OSP
MNL037 LP251 NP7-8,MNL037,LP251,NP7-8,MNL037 LP251,Tayuman,MANILA,3,1,BARANGAY 189,,,14.636365,120.982035,,,,,,,16,2021-01-24,OSP
MNL037 LP252 NP1-2,MNL037,LP252,NP1-2,MNL037 LP252,Tayuman,MANILA,3,1,BARANGAY 189,,,14.636619,120.981761,,,,,,,16,2021-01-24,OSP
MNL037 LP261 NP1-2,MNL037,LP261,NP1-2,MNL037 LP261,Tayuman,MANILA,3,1,BARANGAY 189,,,14.636353,120.98021,,,,,,,16,2021-01-24,OSP
MNL037 LP262 NP7-8,MNL037,LP262,NP7-8,MNL037 LP262,Tayuman,MANILA,3,1,BARANGAY 189,,,14.636364,120.979967,,,,,,,16,2021-01-24,OSP
MNL037 LP256 NP5-6,MNL037,LP256,NP5-6,MNL037 LP256,Tayuman,MANILA,3,1,BARANGAY 189,,,14.636732,120.980578,,,,,,,16,2021-01-24,OSP
MNL037 LP256 NP7-8,MNL037,LP256,NP7-8,MNL037 LP256,Tayuman,MANILA,3,1,BARANGAY 189,,,14.636342,120.980569,,,,,,,16,2021-01-24,OSP
MNL037 LP252 NP3-4,MNL037,LP252,NP3-4,MNL037 LP252,Tayuman,MANILA,3,1,BARANGAY 189,,,14.636305,120.981757,,,,,,,16,2021-01-24,OSP
MNL037 LP254 NP5-6,MNL037,LP254,NP5-6,MNL037 LP254,Tayuman,MANILA,3,1,BARANGAY 189,,,14.636337,120.980857,,,,,,,16,2021-01-24,OSP
MNL037 LP254 NP7-8,MNL037,LP254,NP7-8,MNL037 LP254,Tayuman,MANILA,3,1,BARANGAY 189,,,14.636745,120.980875,,,,,,,16,2021-01-24,OSP
MNL037 LP247 NP1-2,MNL037,LP247,NP1-2,MNL037 LP247,Tayuman,MANILA,3,1,BARANGAY 189,,,14.636318,120.98117,,,,,,,16,2021-01-24,OSP
MNL037 LP247 NP3-4,MNL037,LP247,NP3-4,MNL037 LP247,Tayuman,MANILA,3,1,BARANGAY 189,,,14.636739,120.981169,,,,,,,16,2021-01-24,OSP
MNL037 LP547 NP1-2,MNL037,LP547,NP1-2,MNL037 LP547,Tayuman,MANILA,3,1,BARANGAY 189,,,14.636288,120.981753,,,,,,,16,2022-06-23,OSP
MNL037 LP547 NP3-5,MNL037,LP547,NP3-5,MNL037 LP547,Tayuman,MANILA,3,1,BARANGAY 189,,,14.636301,120.981758,,,,,,,24,2022-06-23,OSP
MNL037 LP547 NP6-8,MNL037,LP547,NP6-8,MNL037 LP547,Tayuman,MANILA,3,1,BARANGAY 189,,,14.636304,120.982038,,,,,,,24,2022-06-23,OSP
MNL037 LP543 NP6-8,MNL037,LP543,NP6-8,MNL037 LP543,Tayuman,MANILA,3,1,BARANGAY 189,,,14.636344,120.979985,,,,,,,24,2022-06-23,OSP
MNL037 LP544 NP1-2,MNL037,LP544,NP1-2,MNL037 LP544,Tayuman,MANILA,3,1,BARANGAY 189,,,14.636327,120.980218,,,,,,,16,2022-06-23,OSP
MNL037 LP544 NP3-5,MNL037,LP544,NP3-5,MNL037 LP544,Tayuman,MANILA,3,1,BARANGAY 189,,,14.636325,120.980582,,,,,,,24,2022-06-23,OSP
MNL037 LP545 NP1-2,MNL037,LP545,NP1-2,MNL037 LP545,Tayuman,MANILA,3,1,BARANGAY 189,,,14.63631,120.980879,,,,,,,16,2022-06-23,OSP
MNL037 LP545 NP3-5,MNL037,LP545,NP3-5,MNL037 LP545,Tayuman,MANILA,3,1,BARANGAY 189,,,14.636309,120.981174,,,,,,,24,2022-06-23,OSP
MNL037 LP545 NP6-8,MNL037,LP545,NP6-8,MNL037 LP545,Tayuman,MANILA,3,1,BARANGAY 189,,,14.636307,120.981441,,,,,,,24,2022-06-23,OSP
MNL003 LP199 NP1-2,MNL003,LP199,NP1-2,MNL003 LP199,City Square,MANILA,3,1,BARANGAY 19,,,14.60257782,120.9628583,,,,,,,16,2019-01-30,OSP
MNL003 LP200 NP1-2,MNL003,LP200,NP1-2,MNL003 LP200,City Square,MANILA,3,1,BARANGAY 19,,,14.60262135,120.9643071,,,,,,,16,2019-01-30,OSP
MNL003 LP200 NP3-4,MNL003,LP200,NP3-4,MNL003 LP200,City Square,MANILA,3,1,BARANGAY 19,,,14.60261824,120.9635404,,,,,,,16,2019-01-30,OSP
MNL003 LP200 NP5-6,MNL003,LP200,NP5-6,MNL003 LP200,City Square,MANILA,3,1,BARANGAY 19,,,14.60197803,120.9643387,,,,,,,16,2019-01-30,OSP
MNL003 LP412 NP1-2,MNL003,LP412,NP1-2,MNL003 LP412,City Square,MANILA,3,1,BARANGAY 19,,,14.60186,120.963533,,,,,,,16,2019-11-12,OSP
MNL003 LP412 NP3-4,MNL003,LP412,NP3-4,MNL003 LP412,City Square,MANILA,3,1,BARANGAY 19,,,14.602047,120.963996,,,,,,,16,2019-11-12,OSP
MNL003 LP412 NP5-6,MNL003,LP412,NP5-6,MNL003 LP412,City Square,MANILA,3,1,BARANGAY 19,,,14.602216,120.963498,,,,,,,16,2019-11-12,OSP
MNL003 LP412 NP7-8,MNL003,LP412,NP7-8,MNL003 LP412,City Square,MANILA,3,1,BARANGAY 19,,,14.602177,120.963285,,,,,,,16,2019-11-12,OSP
MNL005 LP375 NP6-8,MNL005,LP375,NP6-8,MNL005 LP375,Orchard Building (City Square 2),MANILA,3,1,BARANGAY 19,,,14.601861,120.963371,,,,,,,24,2021-11-01,OSP
MNL005 LP376 NP7-8,MNL005,LP376,NP7-8,MNL005 LP376,Orchard Building (City Square 2),MANILA,3,1,BARANGAY 19,,,14.60198,120.96435,,,,,,,16,2021-11-01,OSP
MNL005 LP377 NP1-2,MNL005,LP377,NP1-2,MNL005 LP377,Orchard Building (City Square 2),MANILA,3,1,BARANGAY 19,,,14.601979,120.964349,,,,,,,16,2021-11-01,OSP
MNL005 LP377 NP3-5,MNL005,LP377,NP3-5,MNL005 LP377,Orchard Building (City Square 2),MANILA,3,1,BARANGAY 19,,,14.602655,120.964283,,,,,,,24,2021-11-01,OSP
MNL005 LP377 NP6-8,MNL005,LP377,NP6-8,MNL005 LP377,Orchard Building (City Square 2),MANILA,3,1,BARANGAY 19,,,14.602653,120.964284,,,,,,,24,2021-11-01,OSP
MNL005 LP374 NP6-8,MNL005,LP374,NP6-8,MNL005 LP374,Orchard Building (City Square 2),MANILA,3,1,BARANGAY 19,,,14.601852,120.962911,,,,,,,24,2021-11-01,OSP
MNL005 LP375 NP1-2,MNL005,LP375,NP1-2,MNL005 LP375,Orchard Building (City Square 2),MANILA,3,1,BARANGAY 19,,,14.601852,120.962912,,,,,,,16,2021-11-01,OSP
MNL005 LP375 NP3-5,MNL005,LP375,NP3-5,MNL005 LP375,Orchard Building (City Square 2),MANILA,3,1,BARANGAY 19,,,14.601869,120.963172,,,,,,,24,2021-11-01,OSP
MNL005 LP366 NP1-2,MNL005,LP366,NP1-2,MNL005 LP366,Orchard Building (City Square 2),MANILA,3,1,BARANGAY 19,,,14.602341,120.962968,,,,,,,16,2021-11-01,OSP
MNL005 LP366 NP3-5,MNL005,LP366,NP3-5,MNL005 LP366,Orchard Building (City Square 2),MANILA,3,1,BARANGAY 19,,,14.602391,120.963447,,,,,,,24,2021-11-01,OSP
MNL005 LP366 NP6-8,MNL005,LP366,NP6-8,MNL005 LP366,Orchard Building (City Square 2),MANILA,3,1,BARANGAY 19,,,14.602445,120.963668,,,,,,,24,2021-11-01,OSP
MNL005 LP367 NP1-2,MNL005,LP367,NP1-2,MNL005 LP367,Orchard Building (City Square 2),MANILA,3,1,BARANGAY 19,,,14.602509,120.963946,,,,,,,16,2021-11-01,OSP
MNL005 LP367 NP3-5,MNL005,LP367,NP3-5,MNL005 LP367,Orchard Building (City Square 2),MANILA,3,1,BARANGAY 19,,,14.602508,120.963946,,,,,,,24,2021-11-01,OSP
MNL005 LP367 NP6-8,MNL005,LP367,NP6-8,MNL005 LP367,Orchard Building (City Square 2),MANILA,3,1,BARANGAY 19,,,14.60266,120.963928,,,,,,,24,2021-11-01,OSP
MNL005 LP368 NP1-2,MNL005,LP368,NP1-2,MNL005 LP368,Orchard Building (City Square 2),MANILA,3,1,BARANGAY 19,,,14.602114,120.963987,,,,,,,16,2021-11-01,OSP
MNL005 LP368 NP3-5,MNL005,LP368,NP3-5,MNL005 LP368,Orchard Building (City Square 2),MANILA,3,1,BARANGAY 19,,,14.601966,120.964005,,,,,,,24,2021-11-01,OSP
MNL005 LP368 NP6-8,MNL005,LP368,NP6-8,MNL005 LP368,Orchard Building (City Square 2),MANILA,3,1,BARANGAY 19,,,14.601935,120.963649,,,,,,,24,2021-11-01,OSP
MNL005 LP369 NP1-2,MNL005,LP369,NP1-2,MNL005 LP369,Orchard Building (City Square 2),MANILA,3,1,BARANGAY 19,,,14.601935,120.963648,,,,,,,16,2021-11-01,OSP
CCS001 LP512 NP1-2,CCS001,LP512,NP1-2,CCS001 LP512,8Th Avenue,MANILA,3,1,BARANGAY 190,,,14.637336,120.979323,,,,,,,16,2022-10-04,OSP
CCS001 LP512 NP3-5,CCS001,LP512,NP3-5,CCS001 LP512,8Th Avenue,MANILA,3,1,BARANGAY 190,,,14.637336,120.979323,,,,,,,24,2022-10-04,OSP
CCS001 LP512 NP6-8,CCS001,LP512,NP6-8,CCS001 LP512,8Th Avenue,MANILA,3,1,BARANGAY 190,,,14.637138,120.979427,,,,,,,24,2022-10-04,OSP
CCS001 LP515 NP1-2,CCS001,LP515,NP1-2,CCS001 LP515,8Th Avenue,MANILA,3,1,BARANGAY 190,,,14.637138,120.979427,,,,,,,16,2022-10-04,OSP
CCS001 LP48 NP5-6,CCS001,LP48,NP5-6,CCS001 LP48,8Th Avenue,MANILA,3,1,BARANGAY 190,,,14.637131,120.979408,,,,,,,16,2024-01-07,OSP
CCS001 LP48 NP7-8,CCS001,LP48,NP7-8,CCS001 LP48,8Th Avenue,MANILA,3,1,BARANGAY 190,,,14.637133,120.979629,,,,,,,16,2024-01-07,OSP
MNL003 LP116 NP1-2,MNL003,LP116,NP1-2,MNL003 LP116,City Square,MANILA,3,1,BARANGAY 190,,,14.6371126,120.9799685,,,,,,,16,2018-11-29,OSP
MNL003 LP116 NP3-4,MNL003,LP116,NP3-4,MNL003 LP116,City Square,MANILA,3,1,BARANGAY 190,,,14.63712848,120.9794334,,,,,,,16,2018-11-29,OSP
MNL003 LP115 NP5-6,MNL003,LP115,NP5-6,MNL003 LP115,City Square,MANILA,3,1,BARANGAY 190,,,14.63709861,120.9805164,,,,,,,16,2018-11-29,OSP
MNL003 LP115 NP7-8,MNL003,LP115,NP7-8,MNL003 LP115,City Square,MANILA,3,1,BARANGAY 190,,,14.63710933,120.9802171,,,,,,,16,2018-11-29,OSP
MNL037 LP261 NP3-4,MNL037,LP261,NP3-4,MNL037 LP261,Tayuman,MANILA,3,1,BARANGAY 190,,,14.637109,120.980207,,,,,,,16,2021-01-24,OSP
MNL037 LP262 NP5-6,MNL037,LP262,NP5-6,MNL037 LP262,Tayuman,MANILA,3,1,BARANGAY 190,,,14.637123,120.979973,,,,,,,16,2021-01-24,OSP
MNL037 LP263 NP1-2,MNL037,LP263,NP1-2,MNL037 LP263,Tayuman,MANILA,3,1,BARANGAY 190,,,14.637128,120.979629,,,,,,,16,2021-01-24,OSP
MNL037 LP255 NP1-2,MNL037,LP255,NP1-2,MNL037 LP255,Tayuman,MANILA,3,1,BARANGAY 190,,,14.63752,120.98089,,,,,,,16,2021-01-24,OSP
MNL037 LP256 NP3-4,MNL037,LP256,NP3-4,MNL037 LP256,Tayuman,MANILA,3,1,BARANGAY 190,,,14.637514,120.980602,,,,,,,16,2021-01-24,OSP
MNL037 LP550 NP6-8,MNL037,LP550,NP6-8,MNL037 LP550,Tayuman,MANILA,3,1,BARANGAY 190,,,14.637087,120.980526,,,,,,,24,2022-06-23,OSP
MNL037 LP551 NP1-2,MNL037,LP551,NP1-2,MNL037 LP551,Tayuman,MANILA,3,1,BARANGAY 190,,,14.637097,120.980204,,,,,,,16,2022-06-23,OSP
MNL037 LP551 NP3-5,MNL037,LP551,NP3-5,MNL037 LP551,Tayuman,MANILA,3,1,BARANGAY 190,,,14.637102,120.979966,,,,,,,24,2022-06-23,OSP
MNL037 LP551 NP6-8,MNL037,LP551,NP6-8,MNL037 LP551,Tayuman,MANILA,3,1,BARANGAY 190,,,14.637113,120.979673,,,,,,,24,2022-06-23,OSP
MNL003 LP114 NP7-8,MNL003,LP114,NP7-8,MNL003 LP114,City Square,MANILA,3,1,BARANGAY 191,,,14.63707096,120.9817772,,,,,,,16,2018-11-29,OSP
MNL003 LP115 NP1-2,MNL003,LP115,NP1-2,MNL003 LP115,City Square,MANILA,3,1,BARANGAY 191,,,14.63708153,120.9811999,,,,,,,16,2018-11-29,OSP
MNL003 LP115 NP3-4,MNL003,LP115,NP3-4,MNL003 LP115,City Square,MANILA,3,1,BARANGAY 191,,,14.63708981,120.9808859,,,,,,,16,2018-11-29,OSP
MNL037 LP249 NP3-4,MNL037,LP249,NP3-4,MNL037 LP249,Tayuman,MANILA,3,1,BARANGAY 191,,,14.63759,120.981481,,,,,,,16,2021-01-24,OSP
MNL037 LP249 NP5-6,MNL037,LP249,NP5-6,MNL037 LP249,Tayuman,MANILA,3,1,BARANGAY 191,,,14.637081,120.981469,,,,,,,16,2021-01-24,OSP
MNL037 LP251 NP3-4,MNL037,LP251,NP3-4,MNL037 LP251,Tayuman,MANILA,3,1,BARANGAY 191,,,14.637074,120.981771,,,,,,,16,2021-01-24,OSP
MNL037 LP251 NP5-6,MNL037,LP251,NP5-6,MNL037 LP251,Tayuman,MANILA,3,1,BARANGAY 191,,,14.637073,120.982048,,,,,,,16,2021-01-24,OSP
MNL037 LP247 NP5-6,MNL037,LP247,NP5-6,MNL037 LP247,Tayuman,MANILA,3,1,BARANGAY 191,,,14.6376,120.981202,,,,,,,16,2021-01-24,OSP
MNL037 LP548 NP1-2,MNL037,LP548,NP1-2,MNL037 LP548,Tayuman,MANILA,3,1,BARANGAY 191,,,14.636942,120.982053,,,,,,,16,2022-06-23,OSP
MNL037 LP548 NP3-5,MNL037,LP548,NP3-5,MNL037 LP548,Tayuman,MANILA,3,1,BARANGAY 191,,,14.637063,120.981765,,,,,,,24,2022-06-23,OSP
MNL037 LP548 NP6-8,MNL037,LP548,NP6-8,MNL037 LP548,Tayuman,MANILA,3,1,BARANGAY 191,,,14.637577,120.981791,,,,,,,24,2022-06-23,OSP
MNL037 LP549 NP1-2,MNL037,LP549,NP1-2,MNL037 LP549,Tayuman,MANILA,3,1,BARANGAY 191,,,14.637074,120.981481,,,,,,,16,2022-06-23,OSP
MNL037 LP549 NP3-5,MNL037,LP549,NP3-5,MNL037 LP549,Tayuman,MANILA,3,1,BARANGAY 191,,,14.637477,120.981491,,,,,,,24,2022-06-23,OSP
MNL037 LP550 NP1-2,MNL037,LP550,NP1-2,MNL037 LP550,Tayuman,MANILA,3,1,BARANGAY 191,,,14.637079,120.981193,,,,,,,16,2022-06-23,OSP
MNL037 LP550 NP3-5,MNL037,LP550,NP3-5,MNL037 LP550,Tayuman,MANILA,3,1,BARANGAY 191,,,14.637079,120.980904,,,,,,,24,2022-06-23,OSP
CCS001 LP510 NP6-8,CCS001,LP510,NP6-8,CCS001 LP510,8Th Avenue,MANILA,3,1,BARANGAY 192,,,14.637982,120.978987,,,,,,,24,2022-10-04,OSP
CCS001 LP511 NP1-2,CCS001,LP511,NP1-2,CCS001 LP511,8Th Avenue,MANILA,3,1,BARANGAY 192,,,14.637982,120.978987,,,,,,,16,2022-10-04,OSP
MNL037 LP249 NP1-2,MNL037,LP249,NP1-2,MNL037 LP249,Tayuman,MANILA,3,1,BARANGAY 192,,,14.637855,120.981489,,,,,,,16,2021-01-24,OSP
MNL037 LP251 NP1-2,MNL037,LP251,NP1-2,MNL037 LP251,Tayuman,MANILA,3,1,BARANGAY 192,,,14.637841,120.981709,,,,,,,16,2021-01-24,OSP
MNL037 LP261 NP5-6,MNL037,LP261,NP5-6,MNL037 LP261,Tayuman,MANILA,3,1,BARANGAY 192,,,14.637897,120.980269,,,,,,,16,2021-01-24,OSP
MNL037 LP261 NP7-8,MNL037,LP261,NP7-8,MNL037 LP261,Tayuman,MANILA,3,1,BARANGAY 192,,,14.638658,120.98028,,,,,,,16,2021-01-24,OSP
MNL037 LP262 NP1-2,MNL037,LP262,NP1-2,MNL037 LP262,Tayuman,MANILA,3,1,BARANGAY 192,,,14.637895,120.979995,,,,,,,16,2021-01-24,OSP
MNL037 LP262 NP3-4,MNL037,LP262,NP3-4,MNL037 LP262,Tayuman,MANILA,3,1,BARANGAY 192,,,14.638314,120.980006,,,,,,,16,2021-01-24,OSP
MNL037 LP263 NP3-4,MNL037,LP263,NP3-4,MNL037 LP263,Tayuman,MANILA,3,1,BARANGAY 192,,,14.637904,120.979686,,,,,,,16,2021-01-24,OSP
MNL037 LP263 NP5-6,MNL037,LP263,NP5-6,MNL037 LP263,Tayuman,MANILA,3,1,BARANGAY 192,,,14.638259,120.979666,,,,,,,16,2021-01-24,OSP
MNL037 LP263 NP7-8,MNL037,LP263,NP7-8,MNL037 LP263,Tayuman,MANILA,3,1,BARANGAY 192,,,14.638272,120.97936,,,,,,,16,2021-01-24,OSP
MNL037 LP264 NP1-2,MNL037,LP264,NP1-2,MNL037 LP264,Tayuman,MANILA,3,1,BARANGAY 192,,,14.637899,120.979347,,,,,,,16,2021-01-24,OSP
MNL037 LP255 NP3-4,MNL037,LP255,NP3-4,MNL037 LP255,Tayuman,MANILA,3,1,BARANGAY 192,,,14.637869,120.980906,,,,,,,16,2021-01-24,OSP
MNL037 LP255 NP5-6,MNL037,LP255,NP5-6,MNL037 LP255,Tayuman,MANILA,3,1,BARANGAY 192,,,14.638271,120.980887,,,,,,,16,2021-01-24,OSP
MNL037 LP256 NP1-2,MNL037,LP256,NP1-2,MNL037 LP256,Tayuman,MANILA,3,1,BARANGAY 192,,,14.637883,120.980611,,,,,,,16,2021-01-24,OSP
MNL037 LP247 NP7-8,MNL037,LP247,NP7-8,MNL037 LP247,Tayuman,MANILA,3,1,BARANGAY 192,,,14.637864,120.981211,,,,,,,16,2021-01-24,OSP
MNL037 LP248 NP1-2,MNL037,LP248,NP1-2,MNL037 LP248,Tayuman,MANILA,3,1,BARANGAY 192,,,14.638364,120.981224,,,,,,,16,2021-01-24,OSP
MNL037 LP552 NP1-2,MNL037,LP552,NP1-2,MNL037 LP552,Tayuman,MANILA,3,1,BARANGAY 192,,,14.637897,120.979689,,,,,,,16,2022-06-23,OSP
MNL037 LP552 NP3-5,MNL037,LP552,NP3-5,MNL037 LP552,Tayuman,MANILA,3,1,BARANGAY 192,,,14.637906,120.979347,,,,,,,24,2022-06-23,OSP
MNL037 LP552 NP6-8,MNL037,LP552,NP6-8,MNL037 LP552,Tayuman,MANILA,3,1,BARANGAY 192,,,14.637882,120.979997,,,,,,,24,2022-06-23,OSP
MNL037 LP553 NP1-2,MNL037,LP553,NP1-2,MNL037 LP553,Tayuman,MANILA,3,1,BARANGAY 192,,,14.637879,120.980273,,,,,,,16,2022-06-23,OSP
MNL037 LP553 NP3-5,MNL037,LP553,NP3-5,MNL037 LP553,Tayuman,MANILA,3,1,BARANGAY 192,,,14.637871,120.980601,,,,,,,24,2022-06-23,OSP
MNL037 LP553 NP6-8,MNL037,LP553,NP6-8,MNL037 LP553,Tayuman,MANILA,3,1,BARANGAY 192,,,14.637855,120.980915,,,,,,,24,2022-06-23,OSP
MNL037 LP554 NP1-2,MNL037,LP554,NP1-2,MNL037 LP554,Tayuman,MANILA,3,1,BARANGAY 192,,,14.637849,120.981207,,,,,,,16,2022-06-23,OSP
MNL037 LP554 NP3-5,MNL037,LP554,NP3-5,MNL037 LP554,Tayuman,MANILA,3,1,BARANGAY 192,,,14.638476,120.981239,,,,,,,24,2022-06-23,OSP
MNL037 LP555 NP6-8,MNL037,LP555,NP6-8,MNL037 LP555,Tayuman,MANILA,3,1,BARANGAY 192,,,14.638656,120.980292,,,,,,,24,2022-06-23,OSP
MNL037 LP549 NP6-8,MNL037,LP549,NP6-8,MNL037 LP549,Tayuman,MANILA,3,1,BARANGAY 192,,,14.637848,120.981501,,,,,,,24,2022-06-23,OSP
MNL003 LP112 NP1-2,MNL003,LP112,NP1-2,MNL003 LP112,City Square,MANILA,3,1,BARANGAY 193,,,14.63406727,120.9795338,,,,,,,16,2018-11-29,OSP
MNL003 LP112 NP3-4,MNL003,LP112,NP3-4,MNL003 LP112,City Square,MANILA,3,1,BARANGAY 193,,,14.63469358,120.9796696,,,,,,,16,2018-11-29,OSP
MNL037 LP258 NP3-4,MNL037,LP258,NP3-4,MNL037 LP258,Tayuman,MANILA,3,1,BARANGAY 193,,,14.635244,120.979782,,,,,,,16,2021-01-24,OSP
MNL037 LP258 NP5-6,MNL037,LP258,NP5-6,MNL037 LP258,Tayuman,MANILA,3,1,BARANGAY 193,,,14.634715,120.979665,,,,,,,16,2021-01-24,OSP
MNL037 LP258 NP7-8,MNL037,LP258,NP7-8,MNL037 LP258,Tayuman,MANILA,3,1,BARANGAY 193,,,14.634104,120.979541,,,,,,,16,2021-01-24,OSP
MNL037 LP253 NP3-4,MNL037,LP253,NP3-4,MNL037 LP253,Tayuman,MANILA,3,1,BARANGAY 193,,,14.634591,120.980123,,,,,,,16,2021-01-24,OSP
MNL037 LP253 NP5-6,MNL037,LP253,NP5-6,MNL037 LP253,Tayuman,MANILA,3,1,BARANGAY 193,,,14.635117,120.980034,,,,,,,16,2021-01-24,OSP
MNL037 LP537 NP1-2,MNL037,LP537,NP1-2,MNL037 LP537,Tayuman,MANILA,3,1,BARANGAY 193,,,14.634641,120.979885,,,,,,,16,2022-06-23,OSP
MNL037 LP537 NP3-5,MNL037,LP537,NP3-5,MNL037 LP537,Tayuman,MANILA,3,1,BARANGAY 193,,,14.63462,120.979655,,,,,,,24,2022-06-23,OSP
MNL037 LP537 NP6-8,MNL037,LP537,NP6-8,MNL037 LP537,Tayuman,MANILA,3,1,BARANGAY 193,,,14.634101,120.979558,,,,,,,24,2022-06-23,OSP
MNL003 LP113 NP3-4,MNL003,LP113,NP3-4,MNL003 LP113,City Square,MANILA,3,1,BARANGAY 194,,,14.63551667,120.9791716,,,,,,,16,2018-11-29,OSP
MNL037 LP260 NP1-2,MNL037,LP260,NP1-2,MNL037 LP260,Tayuman,MANILA,3,1,BARANGAY 194,,,14.635526,120.979171,,,,,,,16,2021-01-24,OSP
MNL037 LP259 NP1-2,MNL037,LP259,NP1-2,MNL037 LP259,Tayuman,MANILA,3,1,BARANGAY 194,,,14.63474,120.97906,,,,,,,16,2021-01-24,OSP
MNL037 LP259 NP5-6,MNL037,LP259,NP5-6,MNL037 LP259,Tayuman,MANILA,3,1,BARANGAY 194,,,14.634832,120.978824,,,,,,,16,2021-01-24,OSP
MNL037 LP259 NP7-8,MNL037,LP259,NP7-8,MNL037 LP259,Tayuman,MANILA,3,1,BARANGAY 194,,,14.63509,120.979109,,,,,,,16,2021-01-24,OSP
MNL037 LP541 NP1-2,MNL037,LP541,NP1-2,MNL037 LP541,Tayuman,MANILA,3,1,BARANGAY 194,,,14.63483,120.978796,,,,,,,16,2022-06-23,OSP
MNL037 LP541 NP3-5,MNL037,LP541,NP3-5,MNL037 LP541,Tayuman,MANILA,3,1,BARANGAY 194,,,14.634806,120.978584,,,,,,,24,2022-06-23,OSP
MNL037 LP541 NP6-8,MNL037,LP541,NP6-8,MNL037 LP541,Tayuman,MANILA,3,1,BARANGAY 194,,,14.6348,120.978594,,,,,,,24,2022-06-23,OSP
MNL037 LP540 NP1-2,MNL037,LP540,NP1-2,MNL037 LP540,Tayuman,MANILA,3,1,BARANGAY 194,,,14.634728,120.979068,,,,,,,16,2022-06-23,OSP
MNL037 LP540 NP3-5,MNL037,LP540,NP3-5,MNL037 LP540,Tayuman,MANILA,3,1,BARANGAY 194,,,14.635521,120.979185,,,,,,,24,2022-06-23,OSP
MNL037 LP259 NP3-4,MNL037,LP259,NP3-4,MNL037 LP259,Tayuman,MANILA,3,1,BARANGAY 195,,,14.634472,120.979035,,,,,,,16,2021-01-24,OSP
MNL003 LP112 NP5-6,MNL003,LP112,NP5-6,MNL003 LP112,City Square,MANILA,3,1,BARANGAY 196,,,14.63454868,120.9803729,,,,,,,16,2018-11-29,OSP
MNL003 LP112 NP7-8,MNL003,LP112,NP7-8,MNL003 LP112,City Square,MANILA,3,1,BARANGAY 196,,,14.63444364,120.9809136,,,,,,,16,2018-11-29,OSP
MNL037 LP253 NP1-2,MNL037,LP253,NP1-2,MNL037 LP253,Tayuman,MANILA,3,1,BARANGAY 196,,,14.634567,120.980373,,,,,,,16,2021-01-24,OSP
MNL037 LP254 NP1-2,MNL037,LP254,NP1-2,MNL037 LP254,Tayuman,MANILA,3,1,BARANGAY 196,,,14.634962,120.98054,,,,,,,16,2021-01-24,OSP
MNL037 LP246 NP1-2,MNL037,LP246,NP1-2,MNL037 LP246,Tayuman,MANILA,3,1,BARANGAY 196,,,14.634451,120.980684,,,,,,,16,2021-01-24,OSP
MNL037 LP246 NP3-4,MNL037,LP246,NP3-4,MNL037 LP246,Tayuman,MANILA,3,1,BARANGAY 196,,,14.634849,120.980858,,,,,,,16,2021-01-24,OSP
MNL037 LP546 NP3-5,MNL037,LP546,NP3-5,MNL037 LP546,Tayuman,MANILA,3,1,BARANGAY 196,,,14.635336,120.981054,,,,,,,24,2022-06-23,OSP
MNL037 LP546 NP6-8,MNL037,LP546,NP6-8,MNL037 LP546,Tayuman,MANILA,3,1,BARANGAY 196,,,14.635047,120.98095,,,,,,,24,2022-06-23,OSP
MNL037 LP538 NP1-2,MNL037,LP538,NP1-2,MNL037 LP538,Tayuman,MANILA,3,1,BARANGAY 196,,,14.634548,120.980384,,,,,,,16,2022-06-23,OSP
MNL037 LP539 NP1-2,MNL037,LP539,NP1-2,MNL037 LP539,Tayuman,MANILA,3,1,BARANGAY 196,,,14.634749,120.980465,,,,,,,16,2022-06-23,OSP
MNL037 LP539 NP3-5,MNL037,LP539,NP3-5,MNL037 LP539,Tayuman,MANILA,3,1,BARANGAY 196,,,14.634912,120.980539,,,,,,,24,2022-06-23,OSP
MNL037 LP253 NP7-8,MNL037,LP253,NP7-8,MNL037 LP253,Tayuman,MANILA,3,1,BARANGAY 197,,,14.634051,120.980308,,,,,,,16,2021-01-24,OSP
MNL037 LP538 NP3-5,MNL037,LP538,NP3-5,MNL037 LP538,Tayuman,MANILA,3,1,BARANGAY 197,,,14.634248,120.980281,,,,,,,24,2022-06-23,OSP
MNL037 LP538 NP6-8,MNL037,LP538,NP6-8,MNL037 LP538,Tayuman,MANILA,3,1,BARANGAY 197,,,14.633694,120.980386,,,,,,,24,2022-06-23,OSP
MNL037 LP87 NP3-4,MNL037,LP87,NP3-4,MNL037 LP87,Tayuman,MANILA,3,1,BARANGAY 197,,,14.633979,120.981209,,,,,,,16,2020-09-27,OSP
MNL003 LP108 NP5-6,MNL003,LP108,NP5-6,MNL003 LP108,City Square,MANILA,3,1,BARANGAY 198,,,14.62979036,120.9772313,,,,,,,16,2018-11-20,OSP
MNL003 LP430 NP1-2,MNL003,LP430,NP1-2,MNL003 LP430,City Square,MANILA,3,1,BARANGAY 198,,,14.629785,120.976938,,,,,,,16,2019-11-29,OSP
MNL003 LP431 NP1-2,MNL003,LP431,NP1-2,MNL003 LP431,City Square,MANILA,3,1,BARANGAY 198,,,14.630356,120.976447,,,,,,,16,2019-11-29,OSP
MNL003 LP432 NP1-2,MNL003,LP432,NP1-2,MNL003 LP432,City Square,MANILA,3,1,BARANGAY 198,,,14.631392,120.977298,,,,,,,16,2019-11-29,OSP
MNL003 LP432 NP3-4,MNL003,LP432,NP3-4,MNL003 LP432,City Square,MANILA,3,1,BARANGAY 198,,,14.631516,120.976802,,,,,,,16,2019-11-29,OSP
MNL003 LP432 NP5-6,MNL003,LP432,NP5-6,MNL003 LP432,City Square,MANILA,3,1,BARANGAY 198,,,14.631278,120.976991,,,,,,,16,2019-11-29,OSP
MNL003 LP432 NP7-8,MNL003,LP432,NP7-8,MNL003 LP432,City Square,MANILA,3,1,BARANGAY 198,,,14.631058,120.976833,,,,,,,16,2019-11-29,OSP
MNL003 LP433 NP1-2,MNL003,LP433,NP1-2,MNL003 LP433,City Square,MANILA,3,1,BARANGAY 198,,,14.631683,120.977033,,,,,,,16,2019-11-29,OSP
MNL003 LP433 NP3-4,MNL003,LP433,NP3-4,MNL003 LP433,City Square,MANILA,3,1,BARANGAY 198,,,14.631902,120.977036,,,,,,,16,2019-11-29,OSP
MNL003 LP433 NP5-6,MNL003,LP433,NP5-6,MNL003 LP433,City Square,MANILA,3,1,BARANGAY 198,,,14.632067,120.977024,,,,,,,16,2019-11-29,OSP
MNL037 LP280 NP7-8,MNL037,LP280,NP7-8,MNL037 LP280,Tayuman,MANILA,3,1,BARANGAY 198,,,14.62978,120.976925,,,,,,,16,2021-05-29,OSP
MNL037 LP281 NP7-8,MNL037,LP281,NP7-8,MNL037 LP281,Tayuman,MANILA,3,1,BARANGAY 198,,,14.630378,120.97646,,,,,,,16,2021-05-29,OSP
MNL037 LP282 NP1-2,MNL037,LP282,NP1-2,MNL037 LP282,Tayuman,MANILA,3,1,BARANGAY 198,,,14.630273,120.977348,,,,,,,16,2021-05-29,OSP
MNL037 LP282 NP3-4,MNL037,LP282,NP3-4,MNL037 LP282,Tayuman,MANILA,3,1,BARANGAY 198,,,14.630779,120.977431,,,,,,,16,2021-05-29,OSP
MNL037 LP282 NP5-6,MNL037,LP282,NP5-6,MNL037 LP282,Tayuman,MANILA,3,1,BARANGAY 198,,,14.631285,120.977497,,,,,,,16,2021-05-29,OSP
MNL037 LP283 NP1-2,MNL037,LP283,NP1-2,MNL037 LP283,Tayuman,MANILA,3,1,BARANGAY 198,,,14.631418,120.977255,,,,,,,16,2021-05-29,OSP
MNL037 LP283 NP3-4,MNL037,LP283,NP3-4,MNL037 LP283,Tayuman,MANILA,3,1,BARANGAY 198,,,14.63151,120.977013,,,,,,,16,2021-05-29,OSP
MNL037 LP283 NP5-6,MNL037,LP283,NP5-6,MNL037 LP283,Tayuman,MANILA,3,1,BARANGAY 198,,,14.631897,120.977023,,,,,,,16,2021-05-29,OSP
MNL037 LP283 NP7-8,MNL037,LP283,NP7-8,MNL037 LP283,Tayuman,MANILA,3,1,BARANGAY 198,,,14.631122,120.976999,,,,,,,16,2021-05-29,OSP
MNL037 LP284 NP1-2,MNL037,LP284,NP1-2,MNL037 LP284,Tayuman,MANILA,3,1,BARANGAY 198,,,14.632191,120.977599,,,,,,,16,2021-05-29,OSP
MNL003 LP109 NP1-2,MNL003,LP109,NP1-2,MNL003 LP109,City Square,MANILA,3,1,BARANGAY 199,,,14.63280195,120.9777129,,,,,,,16,2018-11-20,OSP
MNL003 LP438 NP3-4,MNL003,LP438,NP3-4,MNL003 LP438,City Square,MANILA,3,1,BARANGAY 199,,,14.63282,120.977713,,,,,,,16,2019-11-29,OSP
MNL003 LP440 NP1-2,MNL003,LP440,NP1-2,MNL003 LP440,City Square,MANILA,3,1,BARANGAY 199,,,14.633194,120.977674,,,,,,,16,2019-11-29,OSP
MNL003 LP440 NP3-4,MNL003,LP440,NP3-4,MNL003 LP440,City Square,MANILA,3,1,BARANGAY 199,,,14.633498,120.977698,,,,,,,16,2019-11-29,OSP
MNL003 LP440 NP5-6,MNL003,LP440,NP5-6,MNL003 LP440,City Square,MANILA,3,1,BARANGAY 199,,,14.633975,120.977746,,,,,,,16,2019-11-29,OSP
MNL003 LP440 NP7-8,MNL003,LP440,NP7-8,MNL003 LP440,City Square,MANILA,3,1,BARANGAY 199,,,14.634448,120.977796,,,,,,,16,2019-11-29,OSP
MNL037 LP284 NP3-4,MNL037,LP284,NP3-4,MNL037 LP284,Tayuman,MANILA,3,1,BARANGAY 199,,,14.632861,120.977679,,,,,,,16,2021-05-29,OSP
MNL037 LP304 NP6-7-8,MNL037,LP304,NP6-7-8,MNL037 LP304,Tayuman,MANILA,3,1,BARANGAY 199,,,14.633461,120.977711,,,,,,,24,2021-05-18,OSP
MNL037 LP305 NP1-2,MNL037,LP305,NP1-2,MNL037 LP305,Tayuman,MANILA,3,1,BARANGAY 199,,,14.633733,120.977819,,,,,,,16,2021-05-18,OSP
MNL037 LP305 NP3-4-5,MNL037,LP305,NP3-4-5,MNL037 LP305,Tayuman,MANILA,3,1,BARANGAY 199,,,14.634011,120.977753,,,,,,,24,2021-05-18,OSP
MNL037 LP305 NP6-7-8,MNL037,LP305,NP6-7-8,MNL037 LP305,Tayuman,MANILA,3,1,BARANGAY 199,,,14.634033,120.977517,,,,,,,24,2021-05-18,OSP
MNL037 LP306 NP1-2,MNL037,LP306,NP1-2,MNL037 LP306,Tayuman,MANILA,3,1,BARANGAY 199,,,14.634156,120.977839,,,,,,,16,2021-05-18,OSP
MNL037 LP306 NP3-4-5,MNL037,LP306,NP3-4-5,MNL037 LP306,Tayuman,MANILA,3,1,BARANGAY 199,,,14.634356,120.9778,,,,,,,24,2021-05-18,OSP
MNL037 LP306 NP6-7-8,MNL037,LP306,NP6-7-8,MNL037 LP306,Tayuman,MANILA,3,1,BARANGAY 199,,,14.634383,120.977556,,,,,,,24,2021-05-18,OSP
MNL037 LP307 NP1-2,MNL037,LP307,NP1-2,MNL037 LP307,Tayuman,MANILA,3,1,BARANGAY 199,,,14.634608,120.977536,,,,,,,16,2021-05-18,OSP
MNL037 LP307 NP3-4-5,MNL037,LP307,NP3-4-5,MNL037 LP307,Tayuman,MANILA,3,1,BARANGAY 199,,,14.634711,120.977478,,,,,,,24,2021-05-18,OSP
MNL037 LP307 NP6-7-8,MNL037,LP307,NP6-7-8,MNL037 LP307,Tayuman,MANILA,3,1,BARANGAY 199,,,14.634669,120.977261,,,,,,,24,2021-05-18,OSP
MNL037 LP308 NP1-2,MNL037,LP308,NP1-2,MNL037 LP308,Tayuman,MANILA,3,1,BARANGAY 199,,,14.634647,120.977831,,,,,,,16,2021-05-18,OSP
MNL037 LP308 NP3-4-5,MNL037,LP308,NP3-4-5,MNL037 LP308,Tayuman,MANILA,3,1,BARANGAY 199,,,14.634717,120.977794,,,,,,,24,2021-05-18,OSP
MNL037 LP309 NP3-4-5,MNL037,LP309,NP3-4-5,MNL037 LP309,Tayuman,MANILA,3,1,BARANGAY 199,,,14.633647,120.977306,,,,,,,24,2021-05-18,OSP
MNL037 LP304 NP1-2,MNL037,LP304,NP1-2,MNL037 LP304,Tayuman,MANILA,3,1,BARANGAY 199,,,14.632936,120.977739,,,,,,,16,2021-05-18,OSP
MNL037 LP304 NP3-4-5,MNL037,LP304,NP3-4-5,MNL037 LP304,Tayuman,MANILA,3,1,BARANGAY 199,,,14.633194,120.977686,,,,,,,24,2021-05-18,OSP
MNL003 LP193 NP3-4,MNL003,LP193,NP3-4,MNL003 LP193,City Square,MANILA,3,1,BARANGAY 2,,,14.60494805,120.9671184,,,,,,,16,2019-01-30,OSP
MNL003 LP193 NP5-6,MNL003,LP193,NP5-6,MNL003 LP193,City Square,MANILA,3,1,BARANGAY 2,,,14.60607793,120.9660074,,,,,,,16,2019-01-30,OSP
MNL003 LP405 NP3-4,MNL003,LP405,NP3-4,MNL003 LP405,City Square,MANILA,3,1,BARANGAY 2,,,14.605556,120.967031,,,,,,,16,2019-10-02,OSP
MNL003 LP405 NP5-6,MNL003,LP405,NP5-6,MNL003 LP405,City Square,MANILA,3,1,BARANGAY 2,,,14.60383,120.968268,,,,,,,16,2019-10-02,OSP
MNL005 LP12 NP1-2,MNL005,LP12,NP1-2,MNL005 LP12,Orchard Building (City Square 2),MANILA,3,1,BARANGAY 2,,,14.60532,120.966719,,,,,,,16,2020-08-30,OSP
MNL005 LP12 NP3-4,MNL005,LP12,NP3-4,MNL005 LP12,Orchard Building (City Square 2),MANILA,3,1,BARANGAY 2,,,14.605829,120.966216,,,,,,,16,2020-08-30,OSP
MNL005 LP10 NP1-2,MNL005,LP10,NP1-2,MNL005 LP10,Orchard Building (City Square 2),MANILA,3,1,BARANGAY 2,,,14.605143,120.96813,,,,,,,16,2020-08-30,OSP
MNL005 LP10 NP5-6,MNL005,LP10,NP5-6,MNL005 LP10,Orchard Building (City Square 2),MANILA,3,1,BARANGAY 2,,,14.606078,120.966542,,,,,,,16,2020-08-30,OSP
MNL005 LP10 NP7-8,MNL005,LP10,NP7-8,MNL005 LP10,Orchard Building (City Square 2),MANILA,3,1,BARANGAY 2,,,14.605206,120.967372,,,,,,,16,2020-08-30,OSP
MNL005 LP11 NP1-2,MNL005,LP11,NP1-2,MNL005 LP11,Orchard Building (City Square 2),MANILA,3,1,BARANGAY 2,,,14.604628,120.967862,,,,,,,16,2020-08-30,OSP
MNL005 LP198 NP6-8,MNL005,LP198,NP6-8,MNL005 LP198,Orchard Building (City Square 2),MANILA,3,1,BARANGAY 2,,,14.605172,120.96812,,,,,,,24,2021-09-25,OSP
MNL005 LP199 NP6-8,MNL005,LP199,NP6-8,MNL005 LP199,Orchard Building (City Square 2),MANILA,3,1,BARANGAY 2,,,14.604987,120.96704,,,,,,,24,2021-09-25,OSP
MNL005 LP200 NP1-2,MNL005,LP200,NP1-2,MNL005 LP200,Orchard Building (City Square 2),MANILA,3,1,BARANGAY 2,,,14.605473,120.96656,,,,,,,16,2021-09-25,OSP
MNL005 LP200 NP6-8,MNL005,LP200,NP6-8,MNL005 LP200,Orchard Building (City Square 2),MANILA,3,1,BARANGAY 2,,,14.606046,120.96591,,,,,,,24,2021-09-25,OSP
MNL005 LP201 NP1-2,MNL005,LP201,NP1-2,MNL005 LP201,Orchard Building (City Square 2),MANILA,3,1,BARANGAY 2,,,14.606252,120.96641,,,,,,,16,2021-09-25,OSP
MNL005 LP201 NP3-5,MNL005,LP201,NP3-5,MNL005 LP201,Orchard Building (City Square 2),MANILA,3,1,BARANGAY 2,,,14.60615,120.9665,,,,,,,24,2021-09-25,OSP
MNL005 LP201 NP6-8,MNL005,LP201,NP6-8,MNL005 LP201,Orchard Building (City Square 2),MANILA,3,1,BARANGAY 2,,,14.605918,120.96672,,,,,,,24,2021-09-25,OSP
MNL005 LP202 NP1-2,MNL005,LP202,NP1-2,MNL005 LP202,Orchard Building (City Square 2),MANILA,3,1,BARANGAY 2,,,14.605212,120.9674,,,,,,,16,2021-09-25,OSP
MNL005 LP202 NP3-5,MNL005,LP202,NP3-5,MNL005 LP202,Orchard Building (City Square 2),MANILA,3,1,BARANGAY 2,,,14.605031,120.96756,,,,,,,24,2021-09-25,OSP
MNL005 LP202 NP6-8,MNL005,LP202,NP6-8,MNL005 LP202,Orchard Building (City Square 2),MANILA,3,1,BARANGAY 2,,,14.604773,120.96777,,,,,,,24,2021-09-25,OSP
MNL003 LP198 NP3-4,MNL003,LP198,NP3-4,MNL003 LP198,City Square,MANILA,3,1,BARANGAY 20,,,14.60086259,120.9628759,,,,,,,16,2019-01-30,OSP
MNL003 LP198 NP5-6,MNL003,LP198,NP5-6,MNL003 LP198,City Square,MANILA,3,1,BARANGAY 20,,,14.60137125,120.9628764,,,,,,,16,2019-01-30,OSP
MNL003 LP198 NP7-8,MNL003,LP198,NP7-8,MNL003 LP198,City Square,MANILA,3,1,BARANGAY 20,,,14.6018719,120.9628103,,,,,,,16,2019-01-30,OSP
MNL003 LP452 NP1-2,MNL003,LP452,NP1-2,MNL003 LP452,City Square,MANILA,3,1,BARANGAY 20,,,14.597015,120.95718,,,,,,,16,2019-10-22,OSP
MNL003 LP448 NP1-2,MNL003,LP448,NP1-2,MNL003 LP448,City Square,MANILA,3,1,BARANGAY 20,,,14.598841,120.963795,,,,,,,16,2019-10-22,OSP
MNL003 LP448 NP3-4,MNL003,LP448,NP3-4,MNL003 LP448,City Square,MANILA,3,1,BARANGAY 20,,,14.599078,120.963701,,,,,,,16,2019-10-22,OSP
MNL003 LP448 NP5-6,MNL003,LP448,NP5-6,MNL003 LP448,City Square,MANILA,3,1,BARANGAY 20,,,14.599111,120.963244,,,,,,,16,2019-10-22,OSP
MNL003 LP448 NP7-8,MNL003,LP448,NP7-8,MNL003 LP448,City Square,MANILA,3,1,BARANGAY 20,,,14.599428,120.962376,,,,,,,16,2019-10-22,OSP
MNL003 LP449 NP1-2,MNL003,LP449,NP1-2,MNL003 LP449,City Square,MANILA,3,1,BARANGAY 20,,,14.599773,120.961546,,,,,,,16,2019-10-22,OSP
MNL003 LP449 NP3-4,MNL003,LP449,NP3-4,MNL003 LP449,City Square,MANILA,3,1,BARANGAY 20,,,14.599889,120.961192,,,,,,,16,2019-10-22,OSP
MNL003 LP449 NP5-6,MNL003,LP449,NP5-6,MNL003 LP449,City Square,MANILA,3,1,BARANGAY 20,,,14.600063,120.961969,,,,,,,16,2019-10-22,OSP
MNL003 LP449 NP7-8,MNL003,LP449,NP7-8,MNL003 LP449,City Square,MANILA,3,1,BARANGAY 20,,,14.600126,120.962378,,,,,,,16,2019-10-22,OSP
MNL003 LP413 NP1-2,MNL003,LP413,NP1-2,MNL003 LP413,City Square,MANILA,3,1,BARANGAY 20,,,14.601332,120.96265,,,,,,,16,2019-11-12,OSP
MNL003 LP413 NP3-4,MNL003,LP413,NP3-4,MNL003 LP413,City Square,MANILA,3,1,BARANGAY 20,,,14.60156,120.96262,,,,,,,16,2019-11-12,OSP
MNL003 LP413 NP5-6,MNL003,LP413,NP5-6,MNL003 LP413,City Square,MANILA,3,1,BARANGAY 20,,,14.601257,120.962361,,,,,,,16,2019-11-12,OSP
MNL003 LP413 NP7-8,MNL003,LP413,NP7-8,MNL003 LP413,City Square,MANILA,3,1,BARANGAY 20,,,14.601758,120.962364,,,,,,,16,2020-08-27,OSP
MNL005 LP192 NP6-8,MNL005,LP192,NP6-8,MNL005 LP192,Orchard Building (City Square 2),MANILA,3,1,BARANGAY 20,,,14.598437,120.96252,,,,,,,24,2021-08-30,OSP
MNL005 LP257 NP6-7-8,MNL005,LP257,NP6-7-8,MNL005 LP257,Orchard Building (City Square 2),MANILA,3,1,BARANGAY 20,,,14.602604,120.96274,,,,,,,24,2021-09-25,OSP
MNL005 LP258 NP1-2,MNL005,LP258,NP1-2,MNL005 LP258,Orchard Building (City Square 2),MANILA,3,1,BARANGAY 20,,,14.602604,120.96274,,,,,,,16,2021-09-25,OSP
MNL005 LP258 NP3-4-5,MNL005,LP258,NP3-4-5,MNL005 LP258,Orchard Building (City Square 2),MANILA,3,1,BARANGAY 20,,,14.602281,120.96278,,,,,,,24,2021-09-25,OSP
MNL005 LP258 NP6-7-8,MNL005,LP258,NP6-7-8,MNL005 LP258,Orchard Building (City Square 2),MANILA,3,1,BARANGAY 20,,,14.602281,120.96278,,,,,,,24,2021-09-25,OSP
MNL005 LP259 NP1-2,MNL005,LP259,NP1-2,MNL005 LP259,Orchard Building (City Square 2),MANILA,3,1,BARANGAY 20,,,14.601906,120.96282,,,,,,,16,2021-09-25,OSP
MNL005 LP259 NP3-4-5,MNL005,LP259,NP3-4-5,MNL005 LP259,Orchard Building (City Square 2),MANILA,3,1,BARANGAY 20,,,14.601555,120.96288,,,,,,,24,2021-09-25,OSP
MNL005 LP259 NP6-7-8,MNL005,LP259,NP6-7-8,MNL005 LP259,Orchard Building (City Square 2),MANILA,3,1,BARANGAY 20,,,14.601325,120.9629,,,,,,,24,2021-09-25,OSP
MNL005 LP260 NP1-2,MNL005,LP260,NP1-2,MNL005 LP260,Orchard Building (City Square 2),MANILA,3,1,BARANGAY 20,,,14.601035,120.96291,,,,,,,16,2021-09-25,OSP
MNL005 LP260 NP3-4-5,MNL005,LP260,NP3-4-5,MNL005 LP260,Orchard Building (City Square 2),MANILA,3,1,BARANGAY 20,,,14.600816,120.96284,,,,,,,24,2021-09-25,OSP
MNL005 LP192 NP1-2,MNL005,LP192,NP1-2,MNL005 LP192,Orchard Building (City Square 2),MANILA,3,1,BARANGAY 20,,,14.599161,120.96398,,,,,,,16,2021-08-30,OSP
MNL005 LP531 NP1-2,MNL005,LP531,NP1-2,MNL005 LP531,Orchard Building (City Square 2),MANILA,3,1,BARANGAY 20,,,14.596862,120.956821,,,,,,,16,2022-05-01,OSP
MNL005 LP531 NP3-5,MNL005,LP531,NP3-5,MNL005 LP531,Orchard Building (City Square 2),MANILA,3,1,BARANGAY 20,,,14.596866,120.956823,,,,,,,24,2022-05-01,OSP
MNL005 LP531 NP6-8,MNL005,LP531,NP6-8,MNL005 LP531,Orchard Building (City Square 2),MANILA,3,1,BARANGAY 20,,,14.596861,120.956823,,,,,,,24,2022-05-01,OSP
MNL005 LP530 NP1-2,MNL005,LP530,NP1-2,MNL005 LP530,Orchard Building (City Square 2),MANILA,3,1,BARANGAY 20,,,14.597031,120.957194,,,,,,,16,2022-05-01,OSP
MNL005 LP530 NP3-5,MNL005,LP530,NP3-5,MNL005 LP530,Orchard Building (City Square 2),MANILA,3,1,BARANGAY 20,,,14.59703,120.957193,,,,,,,24,2022-05-01,OSP
MNL005 LP530 NP6-8,MNL005,LP530,NP6-8,MNL005 LP530,Orchard Building (City Square 2),MANILA,3,1,BARANGAY 20,,,14.597032,120.957194,,,,,,,24,2022-05-01,OSP
MNL005 LP374 NP1-2,MNL005,LP374,NP1-2,MNL005 LP374,Orchard Building (City Square 2),MANILA,3,1,BARANGAY 20,,,14.601307,120.962632,,,,,,,16,2021-11-01,OSP
MNL005 LP374 NP3-5,MNL005,LP374,NP3-5,MNL005 LP374,Orchard Building (City Square 2),MANILA,3,1,BARANGAY 20,,,14.601307,120.962631,,,,,,,24,2021-11-01,OSP
MNL005 LP510 NP1-2,MNL005,LP510,NP1-2,MNL005 LP510,Orchard Building (City Square 2),MANILA,3,1,BARANGAY 20,,,14.596915,120.95671,,,,,,,16,2021-10-21,OSP
MNL005 LP510 NP3-5,MNL005,LP510,NP3-5,MNL005 LP510,Orchard Building (City Square 2),MANILA,3,1,BARANGAY 20,,,14.596915,120.95671,,,,,,,24,2021-10-21,OSP
MNL005 LP510 NP6-8,MNL005,LP510,NP6-8,MNL005 LP510,Orchard Building (City Square 2),MANILA,3,1,BARANGAY 20,,,14.596915,120.95671,,,,,,,24,2021-10-21,OSP
MNL005 LP511 NP1-2,MNL005,LP511,NP1-2,MNL005 LP511,Orchard Building (City Square 2),MANILA,3,1,BARANGAY 20,,,14.596789,120.95642,,,,,,,16,2021-10-21,OSP
MNL005 LP511 NP3-5,MNL005,LP511,NP3-5,MNL005 LP511,Orchard Building (City Square 2),MANILA,3,1,BARANGAY 20,,,14.596789,120.95642,,,,,,,24,2021-10-21,OSP
MNL005 LP511 NP6-8,MNL005,LP511,NP6-8,MNL005 LP511,Orchard Building (City Square 2),MANILA,3,1,BARANGAY 20,,,14.596789,120.95642,,,,,,,24,2021-10-21,OSP
MNL005 LP512 NP1-2,MNL005,LP512,NP1-2,MNL005 LP512,Orchard Building (City Square 2),MANILA,3,1,BARANGAY 20,,,14.596649,120.95609,,,,,,,16,2021-10-21,OSP
MNL005 LP512 NP3-5,MNL005,LP512,NP3-5,MNL005 LP512,Orchard Building (City Square 2),MANILA,3,1,BARANGAY 20,,,14.596649,120.95609,,,,,,,24,2021-10-21,OSP
MNL005 LP512 NP6-8,MNL005,LP512,NP6-8,MNL005 LP512,Orchard Building (City Square 2),MANILA,3,1,BARANGAY 20,,,14.596649,120.95609,,,,,,,24,2021-10-21,OSP
MNL005 LP515 NP1-2,MNL005,LP515,NP1-2,MNL005 LP515,Orchard Building (City Square 2),MANILA,3,1,BARANGAY 20,,,14.598351,120.960294,,,,,,,16,2022-05-01,OSP
MNL005 LP515 NP3-5,MNL005,LP515,NP3-5,MNL005 LP515,Orchard Building (City Square 2),MANILA,3,1,BARANGAY 20,,,14.598354,120.9603,,,,,,,24,2022-05-01,OSP
MNL005 LP515 NP6-8,MNL005,LP515,NP6-8,MNL005 LP515,Orchard Building (City Square 2),MANILA,3,1,BARANGAY 20,,,14.598357,120.960295,,,,,,,24,2022-05-01,OSP
MNL005 LP504 NP6-8,MNL005,LP504,NP6-8,MNL005 LP504,Orchard Building (City Square 2),MANILA,3,1,BARANGAY 20,,,14.597989,120.95917,,,,,,,24,2021-10-21,OSP
MNL005 LP505 NP1-2,MNL005,LP505,NP1-2,MNL005 LP505,Orchard Building (City Square 2),MANILA,3,1,BARANGAY 20,,,14.597854,120.95886,,,,,,,16,2021-10-21,OSP
MNL005 LP505 NP3-5,MNL005,LP505,NP3-5,MNL005 LP505,Orchard Building (City Square 2),MANILA,3,1,BARANGAY 20,,,14.597854,120.95886,,,,,,,24,2021-10-21,OSP
MNL005 LP505 NP6-8,MNL005,LP505,NP6-8,MNL005 LP505,Orchard Building (City Square 2),MANILA,3,1,BARANGAY 20,,,14.597854,120.95886,,,,,,,24,2021-10-21,OSP
MNL005 LP506 NP1-2,MNL005,LP506,NP1-2,MNL005 LP506,Orchard Building (City Square 2),MANILA,3,1,BARANGAY 20,,,14.597732,120.95856,,,,,,,16,2021-10-21,OSP
MNL005 LP506 NP3-5,MNL005,LP506,NP3-5,MNL005 LP506,Orchard Building (City Square 2),MANILA,3,1,BARANGAY 20,,,14.597732,120.95856,,,,,,,24,2021-10-21,OSP
MNL005 LP506 NP6-8,MNL005,LP506,NP6-8,MNL005 LP506,Orchard Building (City Square 2),MANILA,3,1,BARANGAY 20,,,14.597732,120.95856,,,,,,,24,2021-10-21,OSP
MNL005 LP509 NP1-2,MNL005,LP509,NP1-2,MNL005 LP509,Orchard Building (City Square 2),MANILA,3,1,BARANGAY 20,,,14.597092,120.95715,,,,,,,16,2021-10-21,OSP
MNL005 LP509 NP3-5,MNL005,LP509,NP3-5,MNL005 LP509,Orchard Building (City Square 2),MANILA,3,1,BARANGAY 20,,,14.597092,120.95715,,,,,,,24,2021-10-21,OSP
MNL005 LP509 NP6-8,MNL005,LP509,NP6-8,MNL005 LP509,Orchard Building (City Square 2),MANILA,3,1,BARANGAY 20,,,14.597092,120.95715,,,,,,,24,2021-10-21,OSP
MNL005 LP500 NP1-2,MNL005,LP500,NP1-2,MNL005 LP500,Orchard Building (City Square 2),MANILA,3,1,BARANGAY 20,,,14.598546,120.96048,,,,,,,16,2021-10-21,OSP
MNL005 LP500 NP3-5,MNL005,LP500,NP3-5,MNL005 LP500,Orchard Building (City Square 2),MANILA,3,1,BARANGAY 20,,,14.598546,120.96048,,,,,,,24,2021-10-21,OSP
MNL005 LP500 NP6-8,MNL005,LP500,NP6-8,MNL005 LP500,Orchard Building (City Square 2),MANILA,3,1,BARANGAY 20,,,14.598546,120.96048,,,,,,,24,2021-10-21,OSP
MNL005 LP503 NP1-2,MNL005,LP503,NP1-2,MNL005 LP503,Orchard Building (City Square 2),MANILA,3,1,BARANGAY 20,,,14.598104,120.95943,,,,,,,16,2021-10-21,OSP
MNL005 LP503 NP3-5,MNL005,LP503,NP3-5,MNL005 LP503,Orchard Building (City Square 2),MANILA,3,1,BARANGAY 20,,,14.598104,120.95943,,,,,,,24,2021-10-21,OSP
MNL005 LP503 NP6-8,MNL005,LP503,NP6-8,MNL005 LP503,Orchard Building (City Square 2),MANILA,3,1,BARANGAY 20,,,14.598104,120.95943,,,,,,,24,2021-10-21,OSP
MNL005 LP504 NP1-2,MNL005,LP504,NP1-2,MNL005 LP504,Orchard Building (City Square 2),MANILA,3,1,BARANGAY 20,,,14.597989,120.95917,,,,,,,16,2021-10-21,OSP
MNL005 LP504 NP3-5,MNL005,LP504,NP3-5,MNL005 LP504,Orchard Building (City Square 2),MANILA,3,1,BARANGAY 20,,,14.597989,120.95917,,,,,,,24,2021-10-21,OSP
MNL005 LP494 NP6-8,MNL005,LP494,NP6-8,MNL005 LP494,Orchard Building (City Square 2),MANILA,3,1,BARANGAY 20,,,14.598531,120.96316,,,,,,,24,2021-10-21,OSP
MNL005 LP495 NP1-2,MNL005,LP495,NP1-2,MNL005 LP495,Orchard Building (City Square 2),MANILA,3,1,BARANGAY 20,,,14.598511,120.9629,,,,,,,16,2021-10-21,OSP
MNL005 LP495 NP3-5,MNL005,LP495,NP3-5,MNL005 LP495,Orchard Building (City Square 2),MANILA,3,1,BARANGAY 20,,,14.598511,120.9629,,,,,,,24,2021-10-21,OSP
MNL005 LP495 NP6-8,MNL005,LP495,NP6-8,MNL005 LP495,Orchard Building (City Square 2),MANILA,3,1,BARANGAY 20,,,14.598511,120.9629,,,,,,,24,2021-10-21,OSP
MNL005 LP496 NP1-2,MNL005,LP496,NP1-2,MNL005 LP496,Orchard Building (City Square 2),MANILA,3,1,BARANGAY 20,,,14.598523,120.96243,,,,,,,16,2021-10-21,OSP
MNL005 LP496 NP3-5,MNL005,LP496,NP3-5,MNL005 LP496,Orchard Building (City Square 2),MANILA,3,1,BARANGAY 20,,,14.598523,120.96243,,,,,,,24,2021-10-21,OSP
MNL005 LP496 NP6-8,MNL005,LP496,NP6-8,MNL005 LP496,Orchard Building (City Square 2),MANILA,3,1,BARANGAY 20,,,14.598523,120.96243,,,,,,,24,2021-10-21,OSP
MNL005 LP497 NP1-2,MNL005,LP497,NP1-2,MNL005 LP497,Orchard Building (City Square 2),MANILA,3,1,BARANGAY 20,,,14.598524,120.96197,,,,,,,16,2021-10-21,OSP
MNL005 LP497 NP3-5,MNL005,LP497,NP3-5,MNL005 LP497,Orchard Building (City Square 2),MANILA,3,1,BARANGAY 20,,,14.598524,120.96197,,,,,,,24,2021-10-21,OSP
MNL005 LP497 NP6-8,MNL005,LP497,NP6-8,MNL005 LP497,Orchard Building (City Square 2),MANILA,3,1,BARANGAY 20,,,14.598524,120.96197,,,,,,,24,2021-10-21,OSP
MNL005 LP490 NP1-2,MNL005,LP490,NP1-2,MNL005 LP490,Orchard Building (City Square 2),MANILA,3,1,BARANGAY 20,,,14.599917,120.96008,,,,,,,16,2021-10-21,OSP
MNL005 LP490 NP3-5,MNL005,LP490,NP3-5,MNL005 LP490,Orchard Building (City Square 2),MANILA,3,1,BARANGAY 20,,,14.599859,120.9595,,,,,,,24,2021-10-21,OSP
MNL005 LP490 NP6-8,MNL005,LP490,NP6-8,MNL005 LP490,Orchard Building (City Square 2),MANILA,3,1,BARANGAY 20,,,14.599859,120.9595,,,,,,,24,2021-10-21,OSP
MNL005 LP491 NP1-2,MNL005,LP491,NP1-2,MNL005 LP491,Orchard Building (City Square 2),MANILA,3,1,BARANGAY 20,,,14.59986,120.9592,,,,,,,16,2021-10-21,OSP
MNL005 LP491 NP3-5,MNL005,LP491,NP3-5,MNL005 LP491,Orchard Building (City Square 2),MANILA,3,1,BARANGAY 20,,,14.599851,120.95893,,,,,,,24,2021-10-21,OSP
MNL005 LP491 NP6-8,MNL005,LP491,NP6-8,MNL005 LP491,Orchard Building (City Square 2),MANILA,3,1,BARANGAY 20,,,14.599851,120.95893,,,,,,,24,2021-10-21,OSP
MNL005 LP492 NP1-2,MNL005,LP492,NP1-2,MNL005 LP492,Orchard Building (City Square 2),MANILA,3,1,BARANGAY 20,,,14.598915,120.96372,,,,,,,16,2021-10-21,OSP
MNL005 LP492 NP3-5,MNL005,LP492,NP3-5,MNL005 LP492,Orchard Building (City Square 2),MANILA,3,1,BARANGAY 20,,,14.598915,120.96372,,,,,,,24,2021-10-21,OSP
MNL005 LP492 NP6-8,MNL005,LP492,NP6-8,MNL005 LP492,Orchard Building (City Square 2),MANILA,3,1,BARANGAY 20,,,14.598915,120.96372,,,,,,,24,2021-10-21,OSP
MNL005 LP493 NP1-2,MNL005,LP493,NP1-2,MNL005 LP493,Orchard Building (City Square 2),MANILA,3,1,BARANGAY 20,,,14.598632,120.96343,,,,,,,16,2021-10-21,OSP
MNL005 LP493 NP3-5,MNL005,LP493,NP3-5,MNL005 LP493,Orchard Building (City Square 2),MANILA,3,1,BARANGAY 20,,,14.598632,120.96343,,,,,,,24,2021-10-21,OSP
MNL005 LP493 NP6-8,MNL005,LP493,NP6-8,MNL005 LP493,Orchard Building (City Square 2),MANILA,3,1,BARANGAY 20,,,14.598632,120.96343,,,,,,,24,2021-10-21,OSP
MNL005 LP494 NP1-2,MNL005,LP494,NP1-2,MNL005 LP494,Orchard Building (City Square 2),MANILA,3,1,BARANGAY 20,,,14.598531,120.96316,,,,,,,16,2021-10-21,OSP
MNL005 LP494 NP3-5,MNL005,LP494,NP3-5,MNL005 LP494,Orchard Building (City Square 2),MANILA,3,1,BARANGAY 20,,,14.598531,120.96316,,,,,,,24,2021-10-21,OSP
MNL005 LP484 NP3-5,MNL005,LP484,NP3-5,MNL005 LP484,Orchard Building (City Square 2),MANILA,3,1,BARANGAY 20,,,14.59979,120.9616,,,,,,,24,2021-10-21,OSP
MNL005 LP484 NP6-8,MNL005,LP484,NP6-8,MNL005 LP484,Orchard Building (City Square 2),MANILA,3,1,BARANGAY 20,,,14.59979,120.9616,,,,,,,24,2021-10-21,OSP
MNL005 LP485 NP1-2,MNL005,LP485,NP1-2,MNL005 LP485,Orchard Building (City Square 2),MANILA,3,1,BARANGAY 20,,,14.599927,120.96121,,,,,,,16,2021-10-21,OSP
MNL005 LP485 NP3-5,MNL005,LP485,NP3-5,MNL005 LP485,Orchard Building (City Square 2),MANILA,3,1,BARANGAY 20,,,14.599927,120.96121,,,,,,,24,2021-10-21,OSP
MNL005 LP485 NP6-8,MNL005,LP485,NP6-8,MNL005 LP485,Orchard Building (City Square 2),MANILA,3,1,BARANGAY 20,,,14.599927,120.96121,,,,,,,24,2021-10-21,OSP
MNL005 LP486 NP1-2,MNL005,LP486,NP1-2,MNL005 LP486,Orchard Building (City Square 2),MANILA,3,1,BARANGAY 20,,,14.600045,120.961129,,,,,,,16,2021-10-21,OSP
MNL005 LP486 NP3-5,MNL005,LP486,NP3-5,MNL005 LP486,Orchard Building (City Square 2),MANILA,3,1,BARANGAY 20,,,14.600088,120.96155,,,,,,,24,2021-10-21,OSP
MNL005 LP486 NP6-8,MNL005,LP486,NP6-8,MNL005 LP486,Orchard Building (City Square 2),MANILA,3,1,BARANGAY 20,,,14.600088,120.96155,,,,,,,24,2021-10-21,OSP
MNL005 LP487 NP1-2,MNL005,LP487,NP1-2,MNL005 LP487,Orchard Building (City Square 2),MANILA,3,1,BARANGAY 20,,,14.6001,120.961996,,,,,,,16,2021-10-21,OSP
MNL005 LP487 NP3-5,MNL005,LP487,NP3-5,MNL005 LP487,Orchard Building (City Square 2),MANILA,3,1,BARANGAY 20,,,14.600121,120.962414,,,,,,,24,2021-10-21,OSP
MNL005 LP487 NP6-8,MNL005,LP487,NP6-8,MNL005 LP487,Orchard Building (City Square 2),MANILA,3,1,BARANGAY 20,,,14.600121,120.962414,,,,,,,24,2021-10-21,OSP
MNL005 LP488 NP1-2,MNL005,LP488,NP1-2,MNL005 LP488,Orchard Building (City Square 2),MANILA,3,1,BARANGAY 20,,,14.600137,120.962664,,,,,,,16,2021-10-21,OSP
MNL005 LP488 NP3-5,MNL005,LP488,NP3-5,MNL005 LP488,Orchard Building (City Square 2),MANILA,3,1,BARANGAY 20,,,14.600164,120.962899,,,,,,,24,2021-10-21,OSP
MNL005 LP488 NP6-8,MNL005,LP488,NP6-8,MNL005 LP488,Orchard Building (City Square 2),MANILA,3,1,BARANGAY 20,,,14.600164,120.962899,,,,,,,24,2021-10-21,OSP
MNL005 LP489 NP1-2,MNL005,LP489,NP1-2,MNL005 LP489,Orchard Building (City Square 2),MANILA,3,1,BARANGAY 20,,,14.599959,120.96076,,,,,,,16,2021-10-21,OSP
MNL005 LP489 NP3-5,MNL005,LP489,NP3-5,MNL005 LP489,Orchard Building (City Square 2),MANILA,3,1,BARANGAY 20,,,14.599948,120.96053,,,,,,,24,2021-10-21,OSP
MNL005 LP489 NP6-8,MNL005,LP489,NP6-8,MNL005 LP489,Orchard Building (City Square 2),MANILA,3,1,BARANGAY 20,,,14.599948,120.96053,,,,,,,24,2021-10-21,OSP
MNL005 LP480 NP1-2,MNL005,LP480,NP1-2,MNL005 LP480,Orchard Building (City Square 2),MANILA,3,1,BARANGAY 20,,,14.599101,120.963259,,,,,,,16,2021-10-21,OSP
MNL005 LP480 NP3-5,MNL005,LP480,NP3-5,MNL005 LP480,Orchard Building (City Square 2),MANILA,3,1,BARANGAY 20,,,14.599101,120.963259,,,,,,,24,2021-10-21,OSP
MNL005 LP480 NP6-8,MNL005,LP480,NP6-8,MNL005 LP480,Orchard Building (City Square 2),MANILA,3,1,BARANGAY 20,,,14.599101,120.963259,,,,,,,24,2021-10-21,OSP
MNL005 LP481 NP1-2,MNL005,LP481,NP1-2,MNL005 LP481,Orchard Building (City Square 2),MANILA,3,1,BARANGAY 20,,,14.599292,120.96282,,,,,,,16,2021-10-21,OSP
MNL005 LP481 NP3-5,MNL005,LP481,NP3-5,MNL005 LP481,Orchard Building (City Square 2),MANILA,3,1,BARANGAY 20,,,14.599292,120.96282,,,,,,,24,2021-10-21,OSP
MNL005 LP481 NP6-8,MNL005,LP481,NP6-8,MNL005 LP481,Orchard Building (City Square 2),MANILA,3,1,BARANGAY 20,,,14.599292,120.96282,,,,,,,24,2021-10-21,OSP
MNL005 LP482 NP1-2,MNL005,LP482,NP1-2,MNL005 LP482,Orchard Building (City Square 2),MANILA,3,1,BARANGAY 20,,,14.599435,120.96248,,,,,,,16,2021-10-21,OSP
MNL005 LP482 NP3-5,MNL005,LP482,NP3-5,MNL005 LP482,Orchard Building (City Square 2),MANILA,3,1,BARANGAY 20,,,14.599435,120.96248,,,,,,,24,2021-10-21,OSP
MNL005 LP482 NP6-8,MNL005,LP482,NP6-8,MNL005 LP482,Orchard Building (City Square 2),MANILA,3,1,BARANGAY 20,,,14.599435,120.96248,,,,,,,24,2021-10-21,OSP
MNL005 LP483 NP1-2,MNL005,LP483,NP1-2,MNL005 LP483,Orchard Building (City Square 2),MANILA,3,1,BARANGAY 20,,,14.599587,120.9621,,,,,,,16,2021-10-21,OSP
MNL005 LP483 NP3-5,MNL005,LP483,NP3-5,MNL005 LP483,Orchard Building (City Square 2),MANILA,3,1,BARANGAY 20,,,14.599587,120.9621,,,,,,,24,2021-10-21,OSP
MNL005 LP483 NP6-8,MNL005,LP483,NP6-8,MNL005 LP483,Orchard Building (City Square 2),MANILA,3,1,BARANGAY 20,,,14.599587,120.9621,,,,,,,24,2021-10-21,OSP
MNL005 LP484 NP1-2,MNL005,LP484,NP1-2,MNL005 LP484,Orchard Building (City Square 2),MANILA,3,1,BARANGAY 20,,,14.59979,120.9616,,,,,,,16,2021-10-21,OSP
MNL005 LP479 NP1-2,MNL005,LP479,NP1-2,MNL005 LP479,Orchard Building (City Square 2),MANILA,3,1,BARANGAY 20,,,14.5991,120.96368,,,,,,,16,2021-10-21,OSP
MNL005 LP479 NP3-5,MNL005,LP479,NP3-5,MNL005 LP479,Orchard Building (City Square 2),MANILA,3,1,BARANGAY 20,,,14.5991,120.96368,,,,,,,24,2021-10-21,OSP
MNL005 LP479 NP6-8,MNL005,LP479,NP6-8,MNL005 LP479,Orchard Building (City Square 2),MANILA,3,1,BARANGAY 20,,,14.5991,120.96368,,,,,,,24,2021-10-21,OSP
MNL003 LP438 NP5-6,MNL003,LP438,NP5-6,MNL003 LP438,City Square,MANILA,3,1,BARANGAY 200,,,14.632721,120.977323,,,,,,,16,2019-11-29,OSP
MNL003 LP438 NP7-8,MNL003,LP438,NP7-8,MNL003 LP438,City Square,MANILA,3,1,BARANGAY 200,,,14.632703,120.976936,,,,,,,16,2019-11-29,OSP
MNL003 LP439 NP1-2,MNL003,LP439,NP1-2,MNL003 LP439,City Square,MANILA,3,1,BARANGAY 200,,,14.632565,120.976459,,,,,,,16,2019-11-29,OSP
MNL037 LP309 NP1-2,MNL037,LP309,NP1-2,MNL037 LP309,Tayuman,MANILA,3,1,BARANGAY 200,,,14.632844,120.9772,,,,,,,16,2021-05-18,OSP
MNL003 LP108 NP7-8,MNL003,LP108,NP7-8,MNL003 LP108,City Square,MANILA,3,1,BARANGAY 201,,,14.63163878,120.9775158,,,,,,,16,2018-11-20,OSP
MNL003 LP109 NP3-4,MNL003,LP109,NP3-4,MNL003 LP109,City Square,MANILA,3,1,BARANGAY 201,,,14.6325961,120.9783069,,,,,,,16,2018-11-20,OSP
MNL003 LP109 NP5-6,MNL003,LP109,NP5-6,MNL003 LP109,City Square,MANILA,3,1,BARANGAY 201,,,14.63239322,120.9788414,,,,,,,16,2018-11-20,OSP
MNL003 LP109 NP7-8,MNL003,LP109,NP7-8,MNL003 LP109,City Square,MANILA,3,1,BARANGAY 201,,,14.63106304,120.9783815,,,,,,,16,2018-11-20,OSP
MNL003 LP110 NP5-6,MNL003,LP110,NP5-6,MNL003 LP110,City Square,MANILA,3,1,BARANGAY 201,,,14.63088479,120.9788856,,,,,,,16,2018-11-20,OSP
MNL003 LP110 NP7-8,MNL003,LP110,NP7-8,MNL003 LP110,City Square,MANILA,3,1,BARANGAY 201,,,14.63222079,120.9793711,,,,,,,16,2018-11-20,OSP
MNL003 LP111 NP1-2,MNL003,LP111,NP1-2,MNL003 LP111,City Square,MANILA,3,1,BARANGAY 201,,,14.63208532,120.9798237,,,,,,,16,2018-11-20,OSP
MNL003 LP111 NP3-4,MNL003,LP111,NP3-4,MNL003 LP111,City Square,MANILA,3,1,BARANGAY 201,,,14.63071101,120.9794168,,,,,,,16,2018-11-20,OSP
MNL003 LP434 NP1-2,MNL003,LP434,NP1-2,MNL003 LP434,City Square,MANILA,3,1,BARANGAY 201,,,14.632437,120.978864,,,,,,,16,2019-11-29,OSP
MNL003 LP434 NP3-4,MNL003,LP434,NP3-4,MNL003 LP434,City Square,MANILA,3,1,BARANGAY 201,,,14.632247,120.97938,,,,,,,16,2019-11-29,OSP
MNL037 LP267 NP1-2,MNL037,LP267,NP1-2,MNL037 LP267,Tayuman,MANILA,3,1,BARANGAY 201,,,14.63114,120.98008,,,,,,,16,2021-05-29,OSP
MNL037 LP267 NP3-4,MNL037,LP267,NP3-4,MNL037 LP267,Tayuman,MANILA,3,1,BARANGAY 201,,,14.630461,120.979838,,,,,,,16,2021-05-29,OSP
MNL037 LP269 NP1-2,MNL037,LP269,NP1-2,MNL037 LP269,Tayuman,MANILA,3,1,BARANGAY 201,,,14.630662,120.97937,,,,,,,16,2021-05-29,OSP
MNL037 LP269 NP3-4,MNL037,LP269,NP3-4,MNL037 LP269,Tayuman,MANILA,3,1,BARANGAY 201,,,14.631132,120.979552,,,,,,,16,2021-05-29,OSP
MNL037 LP269 NP5-6,MNL037,LP269,NP5-6,MNL037 LP269,Tayuman,MANILA,3,1,BARANGAY 201,,,14.631678,120.979737,,,,,,,16,2021-05-29,OSP
MNL037 LP273 NP7-8,MNL037,LP273,NP7-8,MNL037 LP273,Tayuman,MANILA,3,1,BARANGAY 201,,,14.630814,120.978848,,,,,,,16,2021-05-29,OSP
MNL037 LP274 NP1-2,MNL037,LP274,NP1-2,MNL037 LP274,Tayuman,MANILA,3,1,BARANGAY 201,,,14.631464,120.979078,,,,,,,16,2021-05-29,OSP
MNL037 LP274 NP3-4,MNL037,LP274,NP3-4,MNL037 LP274,Tayuman,MANILA,3,1,BARANGAY 201,,,14.632272,120.979341,,,,,,,16,2021-05-29,OSP
MNL037 LP276 NP5-6,MNL037,LP276,NP5-6,MNL037 LP276,Tayuman,MANILA,3,1,BARANGAY 201,,,14.631034,120.978337,,,,,,,16,2021-05-29,OSP
MNL037 LP276 NP7-8,MNL037,LP276,NP7-8,MNL037 LP276,Tayuman,MANILA,3,1,BARANGAY 201,,,14.631523,120.978513,,,,,,,16,2021-05-29,OSP
MNL037 LP277 NP1-2,MNL037,LP277,NP1-2,MNL037 LP277,Tayuman,MANILA,3,1,BARANGAY 201,,,14.631142,120.977928,,,,,,,16,2021-05-29,OSP
MNL037 LP277 NP3-4,MNL037,LP277,NP3-4,MNL037 LP277,Tayuman,MANILA,3,1,BARANGAY 201,,,14.63149,120.978007,,,,,,,16,2021-05-29,OSP
MNL037 LP277 NP5-6,MNL037,LP277,NP5-6,MNL037 LP277,Tayuman,MANILA,3,1,BARANGAY 201,,,14.631862,120.978104,,,,,,,16,2021-05-29,OSP
MNL037 LP277 NP7-8,MNL037,LP277,NP7-8,MNL037 LP277,Tayuman,MANILA,3,1,BARANGAY 201,,,14.63229,120.978206,,,,,,,16,2021-05-29,OSP
MNL037 LP279 NP1-2,MNL037,LP279,NP1-2,MNL037 LP279,Tayuman,MANILA,3,1,BARANGAY 201,,,14.631991,120.978689,,,,,,,16,2021-05-29,OSP
MNL037 LP282 NP7-8,MNL037,LP282,NP7-8,MNL037 LP282,Tayuman,MANILA,3,1,BARANGAY 201,,,14.631655,120.977531,,,,,,,16,2021-05-29,OSP
MNL037 LP560 NP6-8,MNL037,LP560,NP6-8,MNL037 LP560,Tayuman,MANILA,3,1,BARANGAY 201,,,14.631608,120.980261,,,,,,,24,2022-06-26,OSP
MNL037 LP86 NP5-6,MNL037,LP86,NP5-6,MNL037 LP86,Tayuman,MANILA,3,1,BARANGAY 201,,,14.63169,120.980241,,,,,,,16,2020-09-27,OSP
MNL003 LP434 NP7-8,MNL003,LP434,NP7-8,MNL003 LP434,City Square,MANILA,3,1,BARANGAY 202,,,14.633668,120.979507,,,,,,,16,2019-11-29,OSP
MNL003 LP438 NP1-2,MNL003,LP438,NP1-2,MNL003 LP438,City Square,MANILA,3,1,BARANGAY 202,,,14.632638,120.978339,,,,,,,16,2019-11-29,OSP
MNL003 LP434 NP5-6,MNL003,LP434,NP5-6,MNL003 LP434,City Square,MANILA,3,1,BARANGAY 202,,,14.632597,120.979448,,,,,,,16,2019-11-29,OSP
MNL037 LP274 NP5-6,MNL037,LP274,NP5-6,MNL037 LP274,Tayuman,MANILA,3,1,BARANGAY 202,,,14.632851,120.97945,,,,,,,16,2021-05-29,OSP
MNL037 LP274 NP7-8,MNL037,LP274,NP7-8,MNL037 LP274,Tayuman,MANILA,3,1,BARANGAY 202,,,14.633368,120.979509,,,,,,,16,2021-05-29,OSP
MNL037 LP278 NP1-2,MNL037,LP278,NP1-2,MNL037 LP278,Tayuman,MANILA,3,1,BARANGAY 202,,,14.632712,120.978316,,,,,,,16,2021-05-29,OSP
MNL037 LP278 NP3-4,MNL037,LP278,NP3-4,MNL037 LP278,Tayuman,MANILA,3,1,BARANGAY 202,,,14.633077,120.978335,,,,,,,16,2021-05-29,OSP
MNL037 LP278 NP5-6,MNL037,LP278,NP5-6,MNL037 LP278,Tayuman,MANILA,3,1,BARANGAY 202,,,14.633501,120.978366,,,,,,,16,2021-05-29,OSP
MNL037 LP278 NP7-8,MNL037,LP278,NP7-8,MNL037 LP278,Tayuman,MANILA,3,1,BARANGAY 202,,,14.633992,120.978398,,,,,,,16,2021-05-29,OSP
MNL037 LP279 NP3-4,MNL037,LP279,NP3-4,MNL037 LP279,Tayuman,MANILA,3,1,BARANGAY 202,,,14.632574,120.97889,,,,,,,16,2021-05-29,OSP
MNL037 LP279 NP5-6,MNL037,LP279,NP5-6,MNL037 LP279,Tayuman,MANILA,3,1,BARANGAY 202,,,14.633102,120.978913,,,,,,,16,2021-05-29,OSP
MNL037 LP279 NP7-8,MNL037,LP279,NP7-8,MNL037 LP279,Tayuman,MANILA,3,1,BARANGAY 202,,,14.633832,120.978944,,,,,,,16,2021-05-29,OSP
MNL003 LP267 NP3-4,MNL003,LP267,NP3-4,MNL003 LP267,City Square,MANILA,3,1,BARANGAY 202-A,,,14.6324035,120.9805034,,,,,,,16,2019-02-27,OSP
MNL003 LP267 NP5-6,MNL003,LP267,NP5-6,MNL003 LP267,City Square,MANILA,3,1,BARANGAY 202-A,,,14.63270132,120.980614,,,,,,,16,2019-02-27,OSP
MNL003 LP267 NP7-8,MNL003,LP267,NP7-8,MNL003 LP267,City Square,MANILA,3,1,BARANGAY 202-A,,,14.63339344,120.9809335,,,,,,,16,2019-02-27,OSP
MNL003 LP435 NP1-2,MNL003,LP435,NP1-2,MNL003 LP435,City Square,MANILA,3,1,BARANGAY 202-A,,,14.632125,120.979856,,,,,,,16,2019-11-29,OSP
MNL003 LP435 NP3-4,MNL003,LP435,NP3-4,MNL003 LP435,City Square,MANILA,3,1,BARANGAY 202-A,,,14.632898,120.980175,,,,,,,16,2019-11-29,OSP
MNL003 LP435 NP5-6,MNL003,LP435,NP5-6,MNL003 LP435,City Square,MANILA,3,1,BARANGAY 202-A,,,14.633553,120.980134,,,,,,,16,2019-11-29,OSP
MNL037 LP269 NP7-8,MNL037,LP269,NP7-8,MNL037 LP269,Tayuman,MANILA,3,1,BARANGAY 202-A,,,14.63213,120.979899,,,,,,,16,2021-05-29,OSP
MNL037 LP270 NP1-2,MNL037,LP270,NP1-2,MNL037 LP270,Tayuman,MANILA,3,1,BARANGAY 202-A,,,14.632487,120.980016,,,,,,,16,2021-05-29,OSP
MNL037 LP270 NP3-4,MNL037,LP270,NP3-4,MNL037 LP270,Tayuman,MANILA,3,1,BARANGAY 202-A,,,14.632798,120.980143,,,,,,,16,2021-05-29,OSP
MNL037 LP270 NP5-6,MNL037,LP270,NP5-6,MNL037 LP270,Tayuman,MANILA,3,1,BARANGAY 202-A,,,14.633215,120.980158,,,,,,,16,2021-05-29,OSP
MNL037 LP270 NP7-8,MNL037,LP270,NP7-8,MNL037 LP270,Tayuman,MANILA,3,1,BARANGAY 202-A,,,14.633544,120.980114,,,,,,,16,2021-05-29,OSP
MNL037 LP86 NP7-8,MNL037,LP86,NP7-8,MNL037 LP86,Tayuman,MANILA,3,1,BARANGAY 202-A,,,14.632403,120.980506,,,,,,,16,2020-09-27,OSP
MNL037 LP87 NP1-2,MNL037,LP87,NP1-2,MNL037 LP87,Tayuman,MANILA,3,1,BARANGAY 202-A,,,14.633408,120.980934,,,,,,,16,2020-09-27,OSP
MNL003 LP107 NP5-6,MNL003,LP107,NP5-6,MNL003 LP107,City Square,MANILA,3,1,BARANGAY 203,,,14.62729565,120.9782056,,,,,,,16,2018-11-20,OSP
MNL003 LP107 NP7-8,MNL003,LP107,NP7-8,MNL003 LP107,City Square,MANILA,3,1,BARANGAY 203,,,14.62773083,120.9777879,,,,,,,16,2018-11-20,OSP
MNL003 LP108 NP1-2,MNL003,LP108,NP1-2,MNL003 LP108,City Square,MANILA,3,1,BARANGAY 203,,,14.62818328,120.9773468,,,,,,,16,2018-11-20,OSP
MNL003 LP108 NP3-4,MNL003,LP108,NP3-4,MNL003 LP108,City Square,MANILA,3,1,BARANGAY 203,,,14.62872676,120.9768589,,,,,,,16,2018-11-20,OSP
MNL003 LP107 NP3-4,MNL003,LP107,NP3-4,MNL003 LP107,City Square,MANILA,3,1,BARANGAY 203,,,14.6269513,120.9784584,,,,,,,16,2018-11-20,OSP
MNL003 LP111 NP7-8,MNL003,LP111,NP7-8,MNL003 LP111,City Square,MANILA,3,1,BARANGAY 203,,,14.628584,120.978645,,,,,,,16,2020-08-07,OSP
MNL003 LP430 NP3-4,MNL003,LP430,NP3-4,MNL003 LP430,City Square,MANILA,3,1,BARANGAY 203,,,14.629813,120.976433,,,,,,,16,2019-11-29,OSP
MNL003 LP430 NP5-6,MNL003,LP430,NP5-6,MNL003 LP430,City Square,MANILA,3,1,BARANGAY 203,,,14.629507,120.976384,,,,,,,16,2019-11-29,OSP
MNL003 LP430 NP7-8,MNL003,LP430,NP7-8,MNL003 LP430,City Square,MANILA,3,1,BARANGAY 203,,,14.630087,120.97648,,,,,,,16,2019-11-29,OSP
MNL037 LP268 NP1-2,MNL037,LP268,NP1-2,MNL037 LP268,Tayuman,MANILA,3,1,BARANGAY 203,,,14.628013,120.979066,,,,,,,16,2021-05-29,OSP
MNL037 LP268 NP3-4,MNL037,LP268,NP3-4,MNL037 LP268,Tayuman,MANILA,3,1,BARANGAY 203,,,14.627298,120.978823,,,,,,,16,2021-05-29,OSP
MNL037 LP271 NP5-6,MNL037,LP271,NP5-6,MNL037 LP271,Tayuman,MANILA,3,1,BARANGAY 203,,,14.62862,120.978641,,,,,,,16,2021-05-29,OSP
MNL037 LP271 NP7-8,MNL037,LP271,NP7-8,MNL037 LP271,Tayuman,MANILA,3,1,BARANGAY 203,,,14.627943,120.978414,,,,,,,16,2021-05-29,OSP
MNL037 LP272 NP1-2,MNL037,LP272,NP1-2,MNL037 LP272,Tayuman,MANILA,3,1,BARANGAY 203,,,14.62732,120.978191,,,,,,,16,2021-05-29,OSP
MNL037 LP272 NP3-4,MNL037,LP272,NP3-4,MNL037 LP272,Tayuman,MANILA,3,1,BARANGAY 203,,,14.627759,120.977751,,,,,,,16,2021-05-29,OSP
MNL037 LP272 NP5-6,MNL037,LP272,NP5-6,MNL037 LP272,Tayuman,MANILA,3,1,BARANGAY 203,,,14.628238,120.977915,,,,,,,16,2021-05-29,OSP
MNL037 LP272 NP7-8,MNL037,LP272,NP7-8,MNL037 LP272,Tayuman,MANILA,3,1,BARANGAY 203,,,14.628819,120.978123,,,,,,,16,2021-05-29,OSP
MNL037 LP275 NP1-2,MNL037,LP275,NP1-2,MNL037 LP275,Tayuman,MANILA,3,1,BARANGAY 203,,,14.628191,120.977314,,,,,,,16,2021-05-29,OSP
MNL037 LP275 NP3-4,MNL037,LP275,NP3-4,MNL037 LP275,Tayuman,MANILA,3,1,BARANGAY 203,,,14.628617,120.977469,,,,,,,16,2021-05-29,OSP
MNL037 LP275 NP5-6,MNL037,LP275,NP5-6,MNL037 LP275,Tayuman,MANILA,3,1,BARANGAY 203,,,14.629099,120.977647,,,,,,,16,2021-05-29,OSP
MNL037 LP280 NP1-2,MNL037,LP280,NP1-2,MNL037 LP280,Tayuman,MANILA,3,1,BARANGAY 203,,,14.628658,120.976858,,,,,,,16,2021-05-29,OSP
MNL037 LP280 NP3-4,MNL037,LP280,NP3-4,MNL037 LP280,Tayuman,MANILA,3,1,BARANGAY 203,,,14.629154,120.977064,,,,,,,16,2021-05-29,OSP
MNL037 LP281 NP1-2,MNL037,LP281,NP1-2,MNL037 LP281,Tayuman,MANILA,3,1,BARANGAY 203,,,14.629824,120.976448,,,,,,,16,2021-05-29,OSP
MNL037 LP281 NP3-4,MNL037,LP281,NP3-4,MNL037 LP281,Tayuman,MANILA,3,1,BARANGAY 203,,,14.629534,120.976396,,,,,,,16,2021-05-29,OSP
MNL037 LP281 NP5-6,MNL037,LP281,NP5-6,MNL037 LP281,Tayuman,MANILA,3,1,BARANGAY 203,,,14.630112,120.976468,,,,,,,16,2021-05-29,OSP
MNL003 LP106 NP1-2,MNL003,LP106,NP1-2,MNL003 LP106,City Square,MANILA,3,1,BARANGAY 204,,,14.62745157,120.9760431,,,,,,,16,2018-11-20,OSP
MNL003 LP106 NP3-4,MNL003,LP106,NP3-4,MNL003 LP106,City Square,MANILA,3,1,BARANGAY 204,,,14.62815491,120.9764376,,,,,,,16,2018-11-20,OSP
MNL003 LP106 NP5-6,MNL003,LP106,NP5-6,MNL003 LP106,City Square,MANILA,3,1,BARANGAY 204,,,14.62774085,120.9768443,,,,,,,16,2018-11-20,OSP
MNL003 LP106 NP7-8,MNL003,LP106,NP7-8,MNL003 LP106,City Square,MANILA,3,1,BARANGAY 204,,,14.62677596,120.9776759,,,,,,,16,2018-11-20,OSP
MNL003 LP107 NP1-2,MNL003,LP107,NP1-2,MNL003 LP107,City Square,MANILA,3,1,BARANGAY 204,,,14.62685385,120.9780351,,,,,,,16,2018-11-20,OSP
MNL003 LP426 NP1-2,MNL003,LP426,NP1-2,MNL003 LP426,City Square,MANILA,3,1,BARANGAY 204,,,14.626652,120.976317,,,,,,,16,2019-11-29,OSP
MNL003 LP426 NP3-4,MNL003,LP426,NP3-4,MNL003 LP426,City Square,MANILA,3,1,BARANGAY 204,,,14.626429,120.976243,,,,,,,16,2019-11-29,OSP
MNL003 LP426 NP5-6,MNL003,LP426,NP5-6,MNL003 LP426,City Square,MANILA,3,1,BARANGAY 204,,,14.626607,120.976736,,,,,,,16,2019-11-29,OSP
MNL003 LP427 NP1-2,MNL003,LP427,NP1-2,MNL003 LP427,City Square,MANILA,3,1,BARANGAY 204,,,14.626772,120.977617,,,,,,,16,2019-11-29,OSP
MNL003 LP427 NP3-4,MNL003,LP427,NP3-4,MNL003 LP427,City Square,MANILA,3,1,BARANGAY 204,,,14.626435,120.977658,,,,,,,16,2019-11-29,OSP
MNL003 LP427 NP7-8,MNL003,LP427,NP7-8,MNL003 LP427,City Square,MANILA,3,1,BARANGAY 204,,,14.626859,120.978096,,,,,,,16,2019-11-29,OSP
MNL003 LP428 NP1-2,MNL003,LP428,NP1-2,MNL003 LP428,City Square,MANILA,3,1,BARANGAY 204,,,14.627078,120.977882,,,,,,,16,2019-11-29,OSP
MNL003 LP428 NP3-4,MNL003,LP428,NP3-4,MNL003 LP428,City Square,MANILA,3,1,BARANGAY 204,,,14.627552,120.977426,,,,,,,16,2019-11-29,OSP
MNL003 LP428 NP5-6,MNL003,LP428,NP5-6,MNL003 LP428,City Square,MANILA,3,1,BARANGAY 204,,,14.627901,120.977098,,,,,,,16,2019-11-29,OSP
MNL003 LP428 NP7-8,MNL003,LP428,NP7-8,MNL003 LP428,City Square,MANILA,3,1,BARANGAY 204,,,14.628187,120.976393,,,,,,,16,2019-11-29,OSP
MNL003 LP429 NP1-2,MNL003,LP429,NP1-2,MNL003 LP429,City Square,MANILA,3,1,BARANGAY 204,,,14.628293,120.976163,,,,,,,16,2019-11-29,OSP
MNL003 LP429 NP7-8,MNL003,LP429,NP7-8,MNL003 LP429,City Square,MANILA,3,1,BARANGAY 204,,,14.627316,120.976435,,,,,,,16,2021-01-12,OSP
MNL037 LP287 NP6-7-8,MNL037,LP287,NP6-7-8,MNL037 LP287,Tayuman,MANILA,3,1,BARANGAY 204,,,14.628289,120.976228,,,,,,,24,2021-06-17,OSP
MNL037 LP288 NP1-2,MNL037,LP288,NP1-2,MNL037 LP288,Tayuman,MANILA,3,1,BARANGAY 204,,,14.628102,120.976171,,,,,,,16,2021-06-17,OSP
MNL037 LP288 NP3-4-5,MNL037,LP288,NP3-4-5,MNL037 LP288,Tayuman,MANILA,3,1,BARANGAY 204,,,14.627843,120.976133,,,,,,,24,2021-06-17,OSP
MNL037 LP288 NP6-7-8,MNL037,LP288,NP6-7-8,MNL037 LP288,Tayuman,MANILA,3,1,BARANGAY 204,,,14.627525,120.976084,,,,,,,24,2021-06-17,OSP
MNL037 LP289 NP1-2,MNL037,LP289,NP1-2,MNL037 LP289,Tayuman,MANILA,3,1,BARANGAY 204,,,14.627324,120.976415,,,,,,,16,2021-06-17,OSP
MNL037 LP289 NP3-4-5,MNL037,LP289,NP3-4-5,MNL037 LP289,Tayuman,MANILA,3,1,BARANGAY 204,,,14.627594,120.976464,,,,,,,24,2021-06-17,OSP
MNL037 LP289 NP6-7-8,MNL037,LP289,NP6-7-8,MNL037 LP289,Tayuman,MANILA,3,1,BARANGAY 204,,,14.627013,120.976376,,,,,,,24,2021-06-17,OSP
MNL037 LP290 NP1-2,MNL037,LP290,NP1-2,MNL037 LP290,Tayuman,MANILA,3,1,BARANGAY 204,,,14.626657,120.976312,,,,,,,16,2021-06-17,OSP
MNL037 LP285 NP1-2,MNL037,LP285,NP1-2,MNL037 LP285,Tayuman,MANILA,3,1,BARANGAY 204,,,14.627906,120.977069,,,,,,,16,2021-06-17,OSP
MNL037 LP285 NP3-4-5,MNL037,LP285,NP3-4-5,MNL037 LP285,Tayuman,MANILA,3,1,BARANGAY 204,,,14.628097,120.976886,,,,,,,24,2021-06-17,OSP
MNL037 LP285 NP6-7-8,MNL037,LP285,NP6-7-8,MNL037 LP285,Tayuman,MANILA,3,1,BARANGAY 204,,,14.628285,120.976705,,,,,,,24,2021-06-17,OSP
MNL037 LP286 NP1-2,MNL037,LP286,NP1-2,MNL037 LP286,Tayuman,MANILA,3,1,BARANGAY 204,,,14.62841,120.976579,,,,,,,16,2021-06-17,OSP
MNL037 LP286 NP3-4-5,MNL037,LP286,NP3-4-5,MNL037 LP286,Tayuman,MANILA,3,1,BARANGAY 204,,,14.628571,120.976419,,,,,,,24,2021-06-17,OSP
MNL037 LP286 NP6-7-8,MNL037,LP286,NP6-7-8,MNL037 LP286,Tayuman,MANILA,3,1,BARANGAY 204,,,14.628557,120.976428,,,,,,,24,2021-06-17,OSP
MNL037 LP287 NP1-2,MNL037,LP287,NP1-2,MNL037 LP287,Tayuman,MANILA,3,1,BARANGAY 204,,,14.62793,120.9766,,,,,,,16,2021-06-17,OSP
MNL037 LP287 NP3-4-5,MNL037,LP287,NP3-4-5,MNL037 LP287,Tayuman,MANILA,3,1,BARANGAY 204,,,14.628117,120.976403,,,,,,,24,2021-06-17,OSP
MNL037 LP301 NP1-2,MNL037,LP301,NP1-2,MNL037 LP301,Tayuman,MANILA,3,1,BARANGAY 204,,,14.6274,120.977136,,,,,,,16,2021-06-17,OSP
MNL037 LP301 NP3-4-5,MNL037,LP301,NP3-4-5,MNL037 LP301,Tayuman,MANILA,3,1,BARANGAY 204,,,14.627134,120.977388,,,,,,,24,2021-06-17,OSP
MNL037 LP301 NP6-7-8,MNL037,LP301,NP6-7-8,MNL037 LP301,Tayuman,MANILA,3,1,BARANGAY 204,,,14.626821,120.977672,,,,,,,24,2021-06-17,OSP
MNL037 LP302 NP1-2,MNL037,LP302,NP1-2,MNL037 LP302,Tayuman,MANILA,3,1,BARANGAY 204,,,14.626863,120.977822,,,,,,,16,2021-06-17,OSP
MNL037 LP302 NP3-4-5,MNL037,LP302,NP3-4-5,MNL037 LP302,Tayuman,MANILA,3,1,BARANGAY 204,,,14.626906,120.978014,,,,,,,24,2021-06-17,OSP
MNL037 LP302 NP6-7-8,MNL037,LP302,NP6-7-8,MNL037 LP302,Tayuman,MANILA,3,1,BARANGAY 204,,,14.6269,120.978015,,,,,,,24,2021-06-17,OSP
MNL037 LP303 NP1-2,MNL037,LP303,NP1-2,MNL037 LP303,Tayuman,MANILA,3,1,BARANGAY 204,,,14.627169,120.97777,,,,,,,16,2021-06-17,OSP
MNL037 LP303 NP3-4-5,MNL037,LP303,NP3-4-5,MNL037 LP303,Tayuman,MANILA,3,1,BARANGAY 204,,,14.627363,120.977586,,,,,,,24,2021-06-17,OSP
MNL037 LP303 NP6-7-8,MNL037,LP303,NP6-7-8,MNL037 LP303,Tayuman,MANILA,3,1,BARANGAY 204,,,14.62756,120.977385,,,,,,,24,2021-06-17,OSP
MNL037 LP290 NP3-4-5,MNL037,LP290,NP3-4-5,MNL037 LP290,Tayuman,MANILA,3,1,BARANGAY 204,,,14.626302,120.976244,,,,,,,24,2021-06-17,OSP
MNL037 LP291 NP1-2,MNL037,LP291,NP1-2,MNL037 LP291,Tayuman,MANILA,3,1,BARANGAY 204,,,14.627716,120.97688,,,,,,,16,2021-06-17,OSP
MNL037 LP291 NP3-4-5,MNL037,LP291,NP3-4-5,MNL037 LP291,Tayuman,MANILA,3,1,BARANGAY 204,,,14.62723,120.976842,,,,,,,24,2021-06-17,OSP
MNL037 LP291 NP6-7-8,MNL037,LP291,NP6-7-8,MNL037 LP291,Tayuman,MANILA,3,1,BARANGAY 204,,,14.627211,120.976845,,,,,,,24,2021-06-17,OSP
MNL037 LP292 NP1-2,MNL037,LP292,NP1-2,MNL037 LP292,Tayuman,MANILA,3,1,BARANGAY 204,,,14.626961,120.976819,,,,,,,16,2021-06-17,OSP
MNL037 LP292 NP3-4-5,MNL037,LP292,NP3-4-5,MNL037 LP292,Tayuman,MANILA,3,1,BARANGAY 204,,,14.626649,120.976799,,,,,,,24,2021-06-17,OSP
MNL037 LP292 NP6-7-8,MNL037,LP292,NP6-7-8,MNL037 LP292,Tayuman,MANILA,3,1,BARANGAY 204,,,14.626653,120.976999,,,,,,,24,2021-06-17,OSP
MNL003 LP110 NP1-2,MNL003,LP110,NP1-2,MNL003 LP110,City Square,MANILA,3,1,BARANGAY 205,,,14.62957261,120.9778485,,,,,,,16,2018-11-20,OSP
MNL003 LP110 NP3-4,MNL003,LP110,NP3-4,MNL003 LP110,City Square,MANILA,3,1,BARANGAY 205,,,14.62939792,120.978365,,,,,,,16,2018-11-20,OSP
MNL003 LP111 NP5-6,MNL003,LP111,NP5-6,MNL003 LP111,City Square,MANILA,3,1,BARANGAY 205,,,14.62970504,120.9790525,,,,,,,16,2018-11-20,OSP
MNL037 LP267 NP5-6,MNL037,LP267,NP5-6,MNL037 LP267,Tayuman,MANILA,3,1,BARANGAY 205,,,14.629766,120.979615,,,,,,,16,2021-05-29,OSP
MNL037 LP267 NP7-8,MNL037,LP267,NP7-8,MNL037 LP267,Tayuman,MANILA,3,1,BARANGAY 205,,,14.629044,120.979364,,,,,,,16,2021-05-29,OSP
MNL037 LP271 NP1-2,MNL037,LP271,NP1-2,MNL037 LP271,Tayuman,MANILA,3,1,BARANGAY 205,,,14.62992,120.979108,,,,,,,16,2021-05-29,OSP
MNL037 LP271 NP3-4,MNL037,LP271,NP3-4,MNL037 LP271,Tayuman,MANILA,3,1,BARANGAY 205,,,14.629187,120.978861,,,,,,,16,2021-05-29,OSP
MNL037 LP273 NP1-2,MNL037,LP273,NP1-2,MNL037 LP273,Tayuman,MANILA,3,1,BARANGAY 205,,,14.62933,120.978295,,,,,,,16,2021-05-29,OSP
MNL037 LP273 NP3-4,MNL037,LP273,NP3-4,MNL037 LP273,Tayuman,MANILA,3,1,BARANGAY 205,,,14.629741,120.97844,,,,,,,16,2021-05-29,OSP
MNL037 LP273 NP5-6,MNL037,LP273,NP5-6,MNL037 LP273,Tayuman,MANILA,3,1,BARANGAY 205,,,14.630263,120.978635,,,,,,,16,2021-05-29,OSP
MNL037 LP275 NP7-8,MNL037,LP275,NP7-8,MNL037 LP275,Tayuman,MANILA,3,1,BARANGAY 205,,,14.629516,120.977791,,,,,,,16,2021-05-29,OSP
MNL037 LP276 NP1-2,MNL037,LP276,NP1-2,MNL037 LP276,Tayuman,MANILA,3,1,BARANGAY 205,,,14.630051,120.977974,,,,,,,16,2021-05-29,OSP
MNL037 LP276 NP3-4,MNL037,LP276,NP3-4,MNL037 LP276,Tayuman,MANILA,3,1,BARANGAY 205,,,14.630588,120.978161,,,,,,,16,2021-05-29,OSP
MNL037 LP280 NP5-6,MNL037,LP280,NP5-6,MNL037 LP280,Tayuman,MANILA,3,1,BARANGAY 205,,,14.629717,120.977264,,,,,,,16,2021-05-29,OSP
MNL003 LP267 NP1-2,MNL003,LP267,NP1-2,MNL003 LP267,City Square,MANILA,3,1,BARANGAY 206,,,14.63099458,120.9809415,,,,,,,16,2019-02-27,OSP
MNL003 LP376 NP5-6,MNL003,LP376,NP5-6,MNL003 LP376,City Square,MANILA,3,1,BARANGAY 206,,,14.63056133,120.980161,,,,,,,16,2019-05-29,OSP
MNL003 LP376 NP7-8,MNL003,LP376,NP7-8,MNL003 LP376,City Square,MANILA,3,1,BARANGAY 206,,,14.63099421,120.980313,,,,,,,16,2019-05-29,OSP
MNL003 LP377 NP1-2,MNL003,LP377,NP1-2,MNL003 LP377,City Square,MANILA,3,1,BARANGAY 206,,,14.62934505,120.9806043,,,,,,,16,2019-05-29,OSP
MNL003 LP377 NP5-6,MNL003,LP377,NP5-6,MNL003 LP377,City Square,MANILA,3,1,BARANGAY 206,,,14.62928096,120.9814202,,,,,,,16,2019-05-29,OSP
MNL003 LP377 NP7-8,MNL003,LP377,NP7-8,MNL003 LP377,City Square,MANILA,3,1,BARANGAY 206,,,14.62877889,120.9808501,,,,,,,16,2019-05-29,OSP
MNL003 LP376 NP1-2,MNL003,LP376,NP1-2,MNL003 LP376,City Square,MANILA,3,1,BARANGAY 206,,,14.63077207,120.9808229,,,,,,,16,2019-05-29,OSP
MNL003 LP376 NP3-4,MNL003,LP376,NP3-4,MNL003 LP376,City Square,MANILA,3,1,BARANGAY 206,,,14.62938091,120.9802732,,,,,,,16,2019-05-29,OSP
MNL037 LP145 NP7-8,MNL037,LP145,NP7-8,MNL037 LP145,Tayuman,MANILA,3,1,BARANGAY 206,,,14.630653,120.980767,,,,,,,16,2020-11-28,OSP
MNL037 LP146 NP1-2,MNL037,LP146,NP1-2,MNL037 LP146,Tayuman,MANILA,3,1,BARANGAY 206,,,14.630393,120.980664,,,,,,,16,2020-11-28,OSP
MNL037 LP146 NP3-4,MNL037,LP146,NP3-4,MNL037 LP146,Tayuman,MANILA,3,1,BARANGAY 206,,,14.629905,120.980505,,,,,,,16,2020-11-28,OSP
MNL037 LP141 NP5-6,MNL037,LP141,NP5-6,MNL037 LP141,Tayuman,MANILA,3,1,BARANGAY 206,,,14.629392,120.980596,,,,,,,16,2020-11-28,OSP
MNL037 LP141 NP7-8,MNL037,LP141,NP7-8,MNL037 LP141,Tayuman,MANILA,3,1,BARANGAY 206,,,14.629403,120.980311,,,,,,,16,2020-11-28,OSP
MNL037 LP142 NP1-2,MNL037,LP142,NP1-2,MNL037 LP142,Tayuman,MANILA,3,1,BARANGAY 206,,,14.629759,120.979861,,,,,,,16,2020-11-28,OSP
MNL037 LP142 NP3-4,MNL037,LP142,NP3-4,MNL037 LP142,Tayuman,MANILA,3,1,BARANGAY 206,,,14.630346,120.980079,,,,,,,16,2020-11-28,OSP
MNL037 LP142 NP5-6,MNL037,LP142,NP5-6,MNL037 LP142,Tayuman,MANILA,3,1,BARANGAY 206,,,14.631023,120.980317,,,,,,,16,2020-11-28,OSP
MNL037 LP142 NP7-8,MNL037,LP142,NP7-8,MNL037 LP142,Tayuman,MANILA,3,1,BARANGAY 206,,,14.631551,120.980619,,,,,,,16,2020-11-28,OSP
MNL037 LP144 NP3-4,MNL037,LP144,NP3-4,MNL037 LP144,Tayuman,MANILA,3,1,BARANGAY 206,,,14.629301,120.981403,,,,,,,16,2020-11-28,OSP
MNL037 LP144 NP5-6,MNL037,LP144,NP5-6,MNL037 LP144,Tayuman,MANILA,3,1,BARANGAY 206,,,14.629084,120.981142,,,,,,,16,2020-11-28,OSP
MNL037 LP145 NP3-4,MNL037,LP145,NP3-4,MNL037 LP145,Tayuman,MANILA,3,1,BARANGAY 206,,,14.629742,120.980847,,,,,,,16,2020-11-28,OSP
MNL037 LP141 NP1-2,MNL037,LP141,NP1-2,MNL037 LP141,Tayuman,MANILA,3,1,BARANGAY 206,,,14.628533,120.980964,,,,,,,16,2020-11-28,OSP
MNL037 LP141 NP3-4,MNL037,LP141,NP3-4,MNL037 LP141,Tayuman,MANILA,3,1,BARANGAY 206,,,14.629128,120.980706,,,,,,,16,2020-11-28,OSP
MNL037 LP561 NP3-5,MNL037,LP561,NP3-5,MNL037 LP561,Tayuman,MANILA,3,1,BARANGAY 206,,,14.629625,120.980413,,,,,,,24,2022-06-26,OSP
MNL037 LP561 NP6-8,MNL037,LP561,NP6-8,MNL037 LP561,Tayuman,MANILA,3,1,BARANGAY 206,,,14.629861,120.980512,,,,,,,24,2022-06-26,OSP
MNL037 LP562 NP3-5,MNL037,LP562,NP3-5,MNL037 LP562,Tayuman,MANILA,3,1,BARANGAY 206,,,14.629754,120.980855,,,,,,,24,2022-06-26,OSP
MNL037 LP562 NP6-8,MNL037,LP562,NP6-8,MNL037 LP562,Tayuman,MANILA,3,1,BARANGAY 206,,,14.62914,120.980704,,,,,,,24,2022-06-26,OSP
MNL037 LP563 NP1-2,MNL037,LP563,NP1-2,MNL037 LP563,Tayuman,MANILA,3,1,BARANGAY 206,,,14.628956,120.981022,,,,,,,16,2022-06-26,OSP
MNL037 LP563 NP3-5,MNL037,LP563,NP3-5,MNL037 LP563,Tayuman,MANILA,3,1,BARANGAY 206,,,14.629364,120.981489,,,,,,,24,2022-06-26,OSP
MNL037 LP565 NP1-2,MNL037,LP565,NP1-2,MNL037 LP565,Tayuman,MANILA,3,1,BARANGAY 206,,,14.628518,120.980971,,,,,,,16,2022-06-26,OSP
MNL037 LP560 NP3-5,MNL037,LP560,NP3-5,MNL037 LP560,Tayuman,MANILA,3,1,BARANGAY 206,,,14.630987,120.981007,,,,,,,24,2022-06-26,OSP
MNL037 LP561 NP1-2,MNL037,LP561,NP1-2,MNL037 LP561,Tayuman,MANILA,3,1,BARANGAY 206,,,14.630496,120.980167,,,,,,,16,2022-06-26,OSP
MNL037 LP86 NP3-4,MNL037,LP86,NP3-4,MNL037 LP86,Tayuman,MANILA,3,1,BARANGAY 206,,,14.63102,120.980956,,,,,,,16,2020-09-27,OSP
MNL003 LP75 NP7-8,MNL003,LP75,NP7-8,MNL003 LP75,City Square,MANILA,3,1,BARANGAY 207,,,14.62704939,120.9788978,,,,,,,16,2018-08-27,OSP
MNL003 LP378 NP5-6,MNL003,LP378,NP5-6,MNL003 LP378,City Square,MANILA,3,1,BARANGAY 207,,,14.62814903,120.9810837,,,,,,,16,2019-05-29,OSP
MNL003 LP378 NP7-8,MNL003,LP378,NP7-8,MNL003 LP378,City Square,MANILA,3,1,BARANGAY 207,,,14.627711,120.981249,,,,,,,16,2020-07-29,OSP
MNL003 LP374 NP1-2,MNL003,LP374,NP1-2,MNL003 LP374,City Square,MANILA,3,1,BARANGAY 207,,,14.62804274,120.9825409,,,,,,,16,2019-05-29,OSP
MNL003 LP374 NP5-6,MNL003,LP374,NP5-6,MNL003 LP374,City Square,MANILA,3,1,BARANGAY 207,,,14.62756577,120.9808146,,,,,,,16,2019-05-29,OSP
MNL003 LP374 NP7-8,MNL003,LP374,NP7-8,MNL003 LP374,City Square,MANILA,3,1,BARANGAY 207,,,14.62727411,120.9798664,,,,,,,16,2019-05-29,OSP
MNL037 LP140 NP1-2,MNL037,LP140,NP1-2,MNL037 LP140,Tayuman,MANILA,3,1,BARANGAY 207,,,14.628083,120.982527,,,,,,,16,2020-11-28,OSP
MNL037 LP140 NP3-4,MNL037,LP140,NP3-4,MNL037 LP140,Tayuman,MANILA,3,1,BARANGAY 207,,,14.628077,120.982108,,,,,,,16,2020-11-28,OSP
MNL037 LP140 NP5-6,MNL037,LP140,NP5-6,MNL037 LP140,Tayuman,MANILA,3,1,BARANGAY 207,,,14.627731,120.981247,,,,,,,16,2020-11-28,OSP
MNL037 LP140 NP7-8,MNL037,LP140,NP7-8,MNL037 LP140,Tayuman,MANILA,3,1,BARANGAY 207,,,14.627493,120.98048,,,,,,,16,2020-11-28,OSP
MNL037 LP567 NP1-2,MNL037,LP567,NP1-2,MNL037 LP567,Tayuman,MANILA,3,1,BARANGAY 207,,,14.627908,120.98167,,,,,,,16,2022-06-26,OSP
MNL037 LP567 NP3-5,MNL037,LP567,NP3-5,MNL037 LP567,Tayuman,MANILA,3,1,BARANGAY 207,,,14.628044,120.982111,,,,,,,24,2022-06-26,OSP
MNL037 LP567 NP6-8,MNL037,LP567,NP6-8,MNL037 LP567,Tayuman,MANILA,3,1,BARANGAY 207,,,14.628096,120.982546,,,,,,,24,2022-06-26,OSP
MNL037 LP565 NP3-5,MNL037,LP565,NP3-5,MNL037 LP565,Tayuman,MANILA,3,1,BARANGAY 207,,,14.628028,120.98115,,,,,,,24,2022-06-26,OSP
MNL037 LP565 NP6-8,MNL037,LP565,NP6-8,MNL037 LP565,Tayuman,MANILA,3,1,BARANGAY 207,,,14.627708,120.981269,,,,,,,24,2022-06-26,OSP
MNL037 LP566 NP1-2,MNL037,LP566,NP1-2,MNL037 LP566,Tayuman,MANILA,3,1,BARANGAY 207,,,14.627561,120.980774,,,,,,,16,2022-06-26,OSP
MNL037 LP566 NP3-5,MNL037,LP566,NP3-5,MNL037 LP566,Tayuman,MANILA,3,1,BARANGAY 207,,,14.627437,120.980365,,,,,,,24,2022-06-26,OSP
MNL037 LP566 NP6-8,MNL037,LP566,NP6-8,MNL037 LP566,Tayuman,MANILA,3,1,BARANGAY 207,,,14.627241,120.979626,,,,,,,24,2022-06-26,OSP
MNL037 LP594 NP1-2,MNL037,LP594,NP1-2,MNL037 LP594,Tayuman,MANILA,3,1,BARANGAY 207,,,14.628273,120.982067,,,,,,"INSIDE MANOTOK COMPOUND, BRGY.270, TONDO, MANILA, NEAR KITTENSBOX",16,2025-03-17,OSP
MNL037 LP594 NP3-4,MNL037,LP594,NP3-4,MNL037 LP594,Tayuman,MANILA,3,1,BARANGAY 207,,,14.62858,120.981935,,,,,,"INSIDE MANOTOK COMPOUND, BRGY.270, TONDO, MANILA, NEAR KITTENSBOX",16,2025-03-17,OSP
MNL037 LP594 NP5-6,MNL037,LP594,NP5-6,MNL037 LP594,Tayuman,MANILA,3,1,BARANGAY 207,,,14.62851,120.981712,,,,,,"INSIDE MANOTOK COMPOUND, BRGY.270, TONDO, MANILA, BESIDE GET CELESTE FASHION JEWELRY SHOP",16,2025-03-17,OSP
MNL037 LP594 NP7-8,MNL037,LP594,NP7-8,MNL037 LP594,Tayuman,MANILA,3,1,BARANGAY 207,,,14.62836,120.981357,,,,,,"INSIDE MANOTOK COMPOUND, BRGY.270, TONDO, MANILA, NEAR GET CELESTE FASHION JEWELRY SHOP",16,2025-03-17,OSP
MNL003 LP266 NP5-6,MNL003,LP266,NP5-6,MNL003 LP266,City Square,MANILA,3,1,BARANGAY 208,,,14.62900123,120.9827513,,,,,,,16,2019-02-27,OSP
MNL003 LP266 NP7-8,MNL003,LP266,NP7-8,MNL003 LP266,City Square,MANILA,3,1,BARANGAY 208,,,14.63010823,120.9817994,,,,,,,16,2019-02-27,OSP
MNL003 LP377 NP3-4,MNL003,LP377,NP3-4,MNL003 LP377,City Square,MANILA,3,1,BARANGAY 208,,,14.63007126,120.9812095,,,,,,,16,2019-05-29,OSP
MNL003 LP378 NP1-2,MNL003,LP378,NP1-2,MNL003 LP378,City Square,MANILA,3,1,BARANGAY 208,,,14.6287223,120.9814222,,,,,,,16,2019-05-29,OSP
MNL003 LP378 NP3-4,MNL003,LP378,NP3-4,MNL003 LP378,City Square,MANILA,3,1,BARANGAY 208,,,14.62923566,120.9819544,,,,,,,16,2019-05-29,OSP
MNL037 LP143 NP1-2,MNL037,LP143,NP1-2,MNL037 LP143,Tayuman,MANILA,3,1,BARANGAY 208,,,14.628754,120.98142,,,,,,,16,2020-11-28,OSP
MNL037 LP143 NP3-4,MNL037,LP143,NP3-4,MNL037 LP143,Tayuman,MANILA,3,1,BARANGAY 208,,,14.629143,120.981816,,,,,,,16,2020-11-28,OSP
MNL037 LP143 NP5-6,MNL037,LP143,NP5-6,MNL037 LP143,Tayuman,MANILA,3,1,BARANGAY 208,,,14.629273,120.981949,,,,,,,16,2020-11-28,OSP
MNL037 LP143 NP7-8,MNL037,LP143,NP7-8,MNL037 LP143,Tayuman,MANILA,3,1,BARANGAY 208,,,14.629149,120.982072,,,,,,,16,2020-11-28,OSP
MNL037 LP144 NP1-2,MNL037,LP144,NP1-2,MNL037 LP144,Tayuman,MANILA,3,1,BARANGAY 208,,,14.629553,120.981694,,,,,,,16,2020-11-28,OSP
MNL037 LP144 NP7-8,MNL037,LP144,NP7-8,MNL037 LP144,Tayuman,MANILA,3,1,BARANGAY 208,,,14.62983,120.981442,,,,,,,16,2020-11-28,OSP
MNL037 LP145 NP1-2,MNL037,LP145,NP1-2,MNL037 LP145,Tayuman,MANILA,3,1,BARANGAY 208,,,14.630096,120.98119,,,,,,,16,2020-11-28,OSP
MNL037 LP145 NP5-6,MNL037,LP145,NP5-6,MNL037 LP145,Tayuman,MANILA,3,1,BARANGAY 208,,,14.630408,120.981002,,,,,,,16,2020-11-28,OSP
MNL037 LP562 NP1-2,MNL037,LP562,NP1-2,MNL037 LP562,Tayuman,MANILA,3,1,BARANGAY 208,,,14.630409,120.980999,,,,,,,16,2022-06-26,OSP
MNL037 LP563 NP6-8,MNL037,LP563,NP6-8,MNL037 LP563,Tayuman,MANILA,3,1,BARANGAY 208,,,14.629604,120.981631,,,,,,,24,2022-06-26,OSP
MNL037 LP564 NP1-2,MNL037,LP564,NP1-2,MNL037 LP564,Tayuman,MANILA,3,1,BARANGAY 208,,,14.629399,120.981825,,,,,,,16,2022-06-26,OSP
MNL037 LP564 NP3-5,MNL037,LP564,NP3-5,MNL037 LP564,Tayuman,MANILA,3,1,BARANGAY 208,,,14.62907,120.981762,,,,,,,24,2022-06-26,OSP
MNL037 LP564 NP6-8,MNL037,LP564,NP6-8,MNL037 LP564,Tayuman,MANILA,3,1,BARANGAY 208,,,14.628691,120.981273,,,,,,,24,2022-06-26,OSP
MNL037 LP558 NP6-8,MNL037,LP558,NP6-8,MNL037 LP558,Tayuman,MANILA,3,1,BARANGAY 208,,,14.629188,120.982653,,,,,,,24,2022-06-26,OSP
MNL037 LP559 NP1-2,MNL037,LP559,NP1-2,MNL037 LP559,Tayuman,MANILA,3,1,BARANGAY 208,,,14.629688,120.982197,,,,,,,16,2022-06-26,OSP
MNL037 LP559 NP3-5,MNL037,LP559,NP3-5,MNL037 LP559,Tayuman,MANILA,3,1,BARANGAY 208,,,14.629918,120.981992,,,,,,,24,2022-06-26,OSP
MNL037 LP559 NP6-8,MNL037,LP559,NP6-8,MNL037 LP559,Tayuman,MANILA,3,1,BARANGAY 208,,,14.630203,120.981724,,,,,,,24,2022-06-26,OSP
MNL037 LP560 NP1-2,MNL037,LP560,NP1-2,MNL037 LP560,Tayuman,MANILA,3,1,BARANGAY 208,,,14.630392,120.981542,,,,,,,16,2022-06-26,OSP
MNL037 LP85 NP5-6,MNL037,LP85,NP5-6,MNL037 LP85,Tayuman,MANILA,3,1,BARANGAY 208,,,14.62827,120.982978,,,,,,,16,2020-09-27,OSP
MNL037 LP85 NP7-8,MNL037,LP85,NP7-8,MNL037 LP85,Tayuman,MANILA,3,1,BARANGAY 208,,,14.629129,120.982688,,,,,,,16,2020-09-27,OSP
MNL037 LP86 NP1-2,MNL037,LP86,NP1-2,MNL037 LP86,Tayuman,MANILA,3,1,BARANGAY 208,,,14.630454,120.981476,,,,,,,16,2020-09-27,OSP
MNL003 LP265 NP5-6,MNL003,LP265,NP5-6,MNL003 LP265,City Square,MANILA,3,1,BARANGAY 209,,,14.62419747,120.9828517,,,,,,,16,2019-02-27,OSP
MNL003 LP73 NP3-4,MNL003,LP73,NP3-4,MNL003 LP73,City Square,MANILA,3,1,BARANGAY 209,,,14.62461811,120.9811629,,,,,,,16,2018-08-27,OSP
MNL003 LP73 NP7-8,MNL003,LP73,NP7-8,MNL003 LP73,City Square,MANILA,3,1,BARANGAY 209,,,14.62521939,120.9802912,,,,,,,16,2018-08-27,OSP
MNL003 LP72 NP1-2,MNL003,LP72,NP1-2,MNL003 LP72,City Square,MANILA,3,1,BARANGAY 209,,,14.62302535,120.9820401,,,,,,,16,2018-08-27,OSP
MNL003 LP72 NP5-6,MNL003,LP72,NP5-6,MNL003 LP72,City Square,MANILA,3,1,BARANGAY 209,,,14.62435424,120.9820361,,,,,,,16,2018-08-27,OSP
MNL003 LP72 NP7-8,MNL003,LP72,NP7-8,MNL003 LP72,City Square,MANILA,3,1,BARANGAY 209,,,14.62436928,120.9815476,,,,,,,16,2018-08-27,OSP
MNL003 LP73 NP1-2,MNL003,LP73,NP1-2,MNL003 LP73,City Square,MANILA,3,1,BARANGAY 209,,,14.62436665,120.9811775,,,,,,,16,2018-08-27,OSP
MNL037 LP136 NP1-2,MNL037,LP136,NP1-2,MNL037 LP136,Tayuman,MANILA,3,1,BARANGAY 209,,,14.624402,120.98088,,,,,,,16,2020-11-29,OSP
MNL037 LP130 NP5-6,MNL037,LP130,NP5-6,MNL037 LP130,Tayuman,MANILA,3,1,BARANGAY 209,,,14.626036,120.980874,,,,,,,16,2020-11-29,OSP
MNL037 LP130 NP7-8,MNL037,LP130,NP7-8,MNL037 LP130,Tayuman,MANILA,3,1,BARANGAY 209,,,14.625987,120.980691,,,,,,,16,2020-11-29,OSP
MNL037 LP131 NP1-2,MNL037,LP131,NP1-2,MNL037 LP131,Tayuman,MANILA,3,1,BARANGAY 209,,,14.626237,120.980822,,,,,,,16,2020-11-29,OSP
MNL037 LP131 NP3-4,MNL037,LP131,NP3-4,MNL037 LP131,Tayuman,MANILA,3,1,BARANGAY 209,,,14.626603,120.98053,,,,,,,16,2020-11-29,OSP
MNL037 LP131 NP5-6,MNL037,LP131,NP5-6,MNL037 LP131,Tayuman,MANILA,3,1,BARANGAY 209,,,14.62616,120.980469,,,,,,,16,2020-11-29,OSP
MNL037 LP132 NP1-2,MNL037,LP132,NP1-2,MNL037 LP132,Tayuman,MANILA,3,1,BARANGAY 209,,,14.624839,120.982093,,,,,,,16,2020-11-29,OSP
MNL037 LP132 NP3-4,MNL037,LP132,NP3-4,MNL037 LP132,Tayuman,MANILA,3,1,BARANGAY 209,,,14.625171,120.982102,,,,,,,16,2020-11-29,OSP
MNL037 LP132 NP5-6,MNL037,LP132,NP5-6,MNL037 LP132,Tayuman,MANILA,3,1,BARANGAY 209,,,14.625577,120.982012,,,,,,,16,2020-11-29,OSP
MNL037 LP128 NP1-2,MNL037,LP128,NP1-2,MNL037 LP128,Tayuman,MANILA,3,1,BARANGAY 209,,,14.624362,120.982077,,,,,,,16,2020-11-29,OSP
MNL037 LP128 NP3-4,MNL037,LP128,NP3-4,MNL037 LP128,Tayuman,MANILA,3,1,BARANGAY 209,,,14.624371,120.981527,,,,,,,16,2020-11-29,OSP
MNL037 LP128 NP5-6,MNL037,LP128,NP5-6,MNL037 LP128,Tayuman,MANILA,3,1,BARANGAY 209,,,14.624377,120.981172,,,,,,,16,2020-11-29,OSP
MNL037 LP128 NP7-8,MNL037,LP128,NP7-8,MNL037 LP128,Tayuman,MANILA,3,1,BARANGAY 209,,,14.624839,120.980687,,,,,,,16,2020-11-29,OSP
MNL037 LP129 NP1-2,MNL037,LP129,NP1-2,MNL037 LP129,Tayuman,MANILA,3,1,BARANGAY 209,,,14.625348,120.981188,,,,,,,16,2020-11-29,OSP
MNL037 LP129 NP7-8,MNL037,LP129,NP7-8,MNL037 LP129,Tayuman,MANILA,3,1,BARANGAY 209,,,14.625638,120.980339,,,,,,,16,2020-11-29,OSP
MNL037 LP124 NP3-4,MNL037,LP124,NP3-4,MNL037 LP124,Tayuman,MANILA,3,1,BARANGAY 209,,,14.624983,120.982647,,,,,,,16,2020-11-29,OSP
MNL037 LP84 NP1-2,MNL037,LP84,NP1-2,MNL037 LP84,Tayuman,MANILA,3,1,BARANGAY 209,,,14.623367,120.98284,,,,,,,16,2020-09-27,OSP
MNL037 LP84 NP3-4,MNL037,LP84,NP3-4,MNL037 LP84,Tayuman,MANILA,3,1,BARANGAY 209,,,14.624198,120.982848,,,,,,,16,2020-09-27,OSP
MNL037 LP557 NP3-5,MNL037,LP557,NP3-5,MNL037 LP557,Tayuman,MANILA,3,1,BARANGAY 209,,,14.624207,120.982865,,,,,,,24,2022-06-26,OSP
MNL037 LP581 NP1-2,MNL037,LP581,NP1-2,MNL037 LP581,Tayuman,MANILA,3,1,BARANGAY 209,,,14.624638,120.980911,,,,,,,16,2022-06-26,OSP
MNL037 LP581 NP3-4,MNL037,LP581,NP3-4,MNL037 LP581,Tayuman,MANILA,3,1,BARANGAY 209,,,14.624726,120.981188,,,,,,,16,2022-06-26,OSP
MNL037 LP581 NP5-6,MNL037,LP581,NP5-6,MNL037 LP581,Tayuman,MANILA,3,1,BARANGAY 209,,,14.625167,120.981197,,,,,,,16,2022-06-26,OSP
MNL037 LP582 NP1-2,MNL037,LP582,NP1-2,MNL037 LP582,Tayuman,MANILA,3,1,BARANGAY 209,,,14.624638,120.980911,,,,,,,16,2022-06-26,OSP
MNL037 LP582 NP3-5,MNL037,LP582,NP3-5,MNL037 LP582,Tayuman,MANILA,3,1,BARANGAY 209,,,14.624856,120.98069,,,,,,,24,2022-06-26,OSP
MNL037 LP582 NP6-8,MNL037,LP582,NP6-8,MNL037 LP582,Tayuman,MANILA,3,1,BARANGAY 209,,,14.625196,120.980321,,,,,,,24,2022-06-26,OSP
MNL037 LP577 NP3-5,MNL037,LP577,NP3-5,MNL037 LP577,Tayuman,MANILA,3,1,BARANGAY 209,,,14.624975,120.982639,,,,,,,24,2022-06-26,OSP
MNL037 LP577 NP6-8,MNL037,LP577,NP6-8,MNL037 LP577,Tayuman,MANILA,3,1,BARANGAY 209,,,14.624536,120.98278,,,,,,,24,2022-06-26,OSP
MNL037 LP578 NP1-2,MNL037,LP578,NP1-2,MNL037 LP578,Tayuman,MANILA,3,1,BARANGAY 209,,,14.624368,120.982084,,,,,,,16,2022-06-26,OSP
MNL037 LP578 NP6-8,MNL037,LP578,NP6-8,MNL037 LP578,Tayuman,MANILA,3,1,BARANGAY 209,,,14.623025,120.982028,,,,,,,24,2022-06-26,OSP
MNL037 LP579 NP1-2,MNL037,LP579,NP1-2,MNL037 LP579,Tayuman,MANILA,3,1,BARANGAY 209,,,14.624631,120.982083,,,,,,,16,2022-06-26,OSP
MNL037 LP579 NP3-5,MNL037,LP579,NP3-5,MNL037 LP579,Tayuman,MANILA,3,1,BARANGAY 209,,,14.624915,120.982102,,,,,,,24,2022-06-26,OSP
MNL037 LP579 NP6-8,MNL037,LP579,NP6-8,MNL037 LP579,Tayuman,MANILA,3,1,BARANGAY 209,,,14.625415,120.982117,,,,,,,24,2022-06-26,OSP
MNL037 LP580 NP1-2,MNL037,LP580,NP1-2,MNL037 LP580,Tayuman,MANILA,3,1,BARANGAY 209,,,14.624386,120.98118,,,,,,,16,2022-06-26,OSP
MNL037 LP580 NP3-4,MNL037,LP580,NP3-4,MNL037 LP580,Tayuman,MANILA,3,1,BARANGAY 209,,,14.624726,120.981188,,,,,,,16,2022-06-26,OSP
MNL037 LP580 NP5-6,MNL037,LP580,NP5-6,MNL037 LP580,Tayuman,MANILA,3,1,BARANGAY 209,,,14.625167,120.981197,,,,,,,16,2022-06-26,OSP
MNL037 LP574 NP3-5,MNL037,LP574,NP3-5,MNL037 LP574,Tayuman,MANILA,3,1,BARANGAY 209,,,14.626408,120.980791,,,,,,,24,2022-06-26,OSP
MNL037 LP574 NP6-8,MNL037,LP574,NP6-8,MNL037 LP574,Tayuman,MANILA,3,1,BARANGAY 209,,,14.6263,120.980354,,,,,,,24,2022-06-26,OSP
MNL037 LP575 NP3-5,MNL037,LP575,NP3-5,MNL037 LP575,Tayuman,MANILA,3,1,BARANGAY 209,,,14.626568,120.980448,,,,,,,24,2022-06-26,OSP
MNL037 LP575 NP6-8,MNL037,LP575,NP6-8,MNL037 LP575,Tayuman,MANILA,3,1,BARANGAY 209,,,14.626516,120.980133,,,,,,,24,2022-06-26,OSP
MNL003 LP265 NP7-8,MNL003,LP265,NP7-8,MNL003 LP265,City Square,MANILA,3,1,BARANGAY 210,,,14.62520561,120.9828801,,,,,,,16,2019-02-27,OSP
MNL003 LP266 NP1-2,MNL003,LP266,NP1-2,MNL003 LP266,City Square,MANILA,3,1,BARANGAY 210,,,14.62651091,120.9829302,,,,,,,16,2019-02-27,OSP
MNL003 LP266 NP3-4,MNL003,LP266,NP3-4,MNL003 LP266,City Square,MANILA,3,1,BARANGAY 210,,,14.62789963,120.9829563,,,,,,,16,2019-02-27,OSP
MNL003 LP374 NP3-4,MNL003,LP374,NP3-4,MNL003 LP374,City Square,MANILA,3,1,BARANGAY 210,,,14.62776464,120.9815626,,,,,,,16,2019-05-29,OSP
MNL003 LP375 NP1-2,MNL003,LP375,NP1-2,MNL003 LP375,City Square,MANILA,3,1,BARANGAY 210,,,14.62727563,120.9816751,,,,,,,16,2019-05-29,OSP
MNL003 LP375 NP3-4,MNL003,LP375,NP3-4,MNL003 LP375,City Square,MANILA,3,1,BARANGAY 210,,,14.6263964,120.9820358,,,,,,,16,2019-05-29,OSP
MNL003 LP375 NP7-8,MNL003,LP375,NP7-8,MNL003 LP375,City Square,MANILA,3,1,BARANGAY 210,,,14.62554014,120.9823928,,,,,,,16,2019-05-29,OSP
MNL037 LP124 NP1-2,MNL037,LP124,NP1-2,MNL037 LP124,Tayuman,MANILA,3,1,BARANGAY 210,,,14.624514,120.982872,,,,,,,16,2020-11-29,OSP
MNL037 LP124 NP5-6,MNL037,LP124,NP5-6,MNL037 LP124,Tayuman,MANILA,3,1,BARANGAY 210,,,14.625286,120.982527,,,,,,,16,2020-11-29,OSP
MNL037 LP124 NP7-8,MNL037,LP124,NP7-8,MNL037 LP124,Tayuman,MANILA,3,1,BARANGAY 210,,,14.626132,120.982188,,,,,,,16,2020-11-29,OSP
MNL037 LP568 NP1-2,MNL037,LP568,NP1-2,MNL037 LP568,Tayuman,MANILA,3,1,BARANGAY 210,,,14.627706,120.982574,,,,,,,16,2022-06-26,OSP
MNL037 LP568 NP3-5,MNL037,LP568,NP3-5,MNL037 LP568,Tayuman,MANILA,3,1,BARANGAY 210,,,14.62741,120.982582,,,,,,,24,2022-06-26,OSP
MNL037 LP568 NP6-8,MNL037,LP568,NP6-8,MNL037 LP568,Tayuman,MANILA,3,1,BARANGAY 210,,,14.627091,120.982573,,,,,,,24,2022-06-26,OSP
MNL037 LP569 NP1-2,MNL037,LP569,NP1-2,MNL037 LP569,Tayuman,MANILA,3,1,BARANGAY 210,,,14.627559,120.98158,,,,,,,16,2022-06-26,OSP
MNL037 LP571 NP1-2,MNL037,LP571,NP1-2,MNL037 LP571,Tayuman,MANILA,3,1,BARANGAY 210,,,14.627113,120.981776,,,,,,,16,2022-06-26,OSP
MNL037 LP84 NP5-6,MNL037,LP84,NP5-6,MNL037 LP84,Tayuman,MANILA,3,1,BARANGAY 210,,,14.624702,120.982885,,,,,,,16,2020-09-27,OSP
MNL037 LP557 NP6-8,MNL037,LP557,NP6-8,MNL037 LP557,Tayuman,MANILA,3,1,BARANGAY 210,,,14.625661,120.982915,,,,,,,24,2022-06-26,OSP
MNL037 LP558 NP1-2,MNL037,LP558,NP1-2,MNL037 LP558,Tayuman,MANILA,3,1,BARANGAY 210,,,14.626691,120.982933,,,,,,,16,2022-06-26,OSP
MNL037 LP558 NP3-5,MNL037,LP558,NP3-5,MNL037 LP558,Tayuman,MANILA,3,1,BARANGAY 210,,,14.627945,120.982963,,,,,,,24,2022-06-26,OSP
MNL037 LP577 NP1-2,MNL037,LP577,NP1-2,MNL037 LP577,Tayuman,MANILA,3,1,BARANGAY 210,,,14.625284,120.982524,,,,,,,16,2022-06-26,OSP
MNL037 LP84 NP7-8,MNL037,LP84,NP7-8,MNL037 LP84,Tayuman,MANILA,3,1,BARANGAY 210,,,14.625676,120.982912,,,,,,,16,2020-09-27,OSP
MNL037 LP85 NP1-2,MNL037,LP85,NP1-2,MNL037 LP85,Tayuman,MANILA,3,1,BARANGAY 210,,,14.626529,120.982929,,,,,,,16,2020-09-27,OSP
MNL037 LP85 NP3-4,MNL037,LP85,NP3-4,MNL037 LP85,Tayuman,MANILA,3,1,BARANGAY 210,,,14.627376,120.982971,,,,,,,16,2020-09-27,OSP
MNL037 LP571 NP3-5,MNL037,LP571,NP3-5,MNL037 LP571,Tayuman,MANILA,3,1,BARANGAY 210,,,14.626809,120.981882,,,,,,,24,2022-06-26,OSP
MNL037 LP576 NP1-2,MNL037,LP576,NP1-2,MNL037 LP576,Tayuman,MANILA,3,1,BARANGAY 210,,,14.626434,120.982052,,,,,,,16,2022-06-26,OSP
MNL037 LP576 NP3-5,MNL037,LP576,NP3-5,MNL037 LP576,Tayuman,MANILA,3,1,BARANGAY 210,,,14.626159,120.982159,,,,,,,24,2022-06-26,OSP
MNL037 LP576 NP6-8,MNL037,LP576,NP6-8,MNL037 LP576,Tayuman,MANILA,3,1,BARANGAY 210,,,14.625617,120.982377,,,,,,,24,2022-06-26,OSP
MNL003 LP73 NP5-6,MNL003,LP73,NP5-6,MNL003 LP73,City Square,MANILA,3,1,BARANGAY 211,,,14.62556765,120.9811633,,,,,,,16,2018-08-27,OSP
MNL003 LP375 NP5-6,MNL003,LP375,NP5-6,MNL003 LP375,City Square,MANILA,3,1,BARANGAY 211,,,14.62613099,120.9815115,,,,,,,16,2019-05-29,OSP
MNL037 LP130 NP1-2,MNL037,LP130,NP1-2,MNL037 LP130,Tayuman,MANILA,3,1,BARANGAY 211,,,14.625905,120.981033,,,,,,,16,2020-11-29,OSP
MNL037 LP130 NP3-4,MNL037,LP130,NP3-4,MNL037 LP130,Tayuman,MANILA,3,1,BARANGAY 211,,,14.62603,120.981265,,,,,,,16,2020-11-29,OSP
MNL037 LP125 NP3-4,MNL037,LP125,NP3-4,MNL037 LP125,Tayuman,MANILA,3,1,BARANGAY 211,,,14.627099,120.981748,,,,,,,16,2020-11-29,OSP
MNL037 LP125 NP5-6,MNL037,LP125,NP5-6,MNL037 LP125,Tayuman,MANILA,3,1,BARANGAY 211,,,14.627015,120.981381,,,,,,,16,2020-11-29,OSP
MNL037 LP125 NP7-8,MNL037,LP125,NP7-8,MNL037 LP125,Tayuman,MANILA,3,1,BARANGAY 211,,,14.626875,120.980772,,,,,,,16,2020-11-29,OSP
MNL037 LP126 NP1-2,MNL037,LP126,NP1-2,MNL037 LP126,Tayuman,MANILA,3,1,BARANGAY 211,,,14.62715,120.981352,,,,,,,16,2020-11-29,OSP
MNL037 LP126 NP3-4,MNL037,LP126,NP3-4,MNL037 LP126,Tayuman,MANILA,3,1,BARANGAY 211,,,14.627011,120.980685,,,,,,,16,2020-11-29,OSP
MNL037 LP127 NP1-2,MNL037,LP127,NP1-2,MNL037 LP127,Tayuman,MANILA,3,1,BARANGAY 211,,,14.626769,120.981644,,,,,,,16,2020-11-29,OSP
MNL037 LP127 NP3-4,MNL037,LP127,NP3-4,MNL037 LP127,Tayuman,MANILA,3,1,BARANGAY 211,,,14.626759,120.981437,,,,,,,16,2020-11-29,OSP
MNL037 LP127 NP5-6,MNL037,LP127,NP5-6,MNL037 LP127,Tayuman,MANILA,3,1,BARANGAY 211,,,14.626618,120.981507,,,,,,,16,2020-11-29,OSP
MNL037 LP127 NP7-8,MNL037,LP127,NP7-8,MNL037 LP127,Tayuman,MANILA,3,1,BARANGAY 211,,,14.626505,120.981111,,,,,,,16,2020-11-29,OSP
MNL037 LP129 NP3-4,MNL037,LP129,NP3-4,MNL037 LP129,Tayuman,MANILA,3,1,BARANGAY 211,,,14.625623,120.981139,,,,,,,16,2020-11-29,OSP
MNL037 LP129 NP5-6,MNL037,LP129,NP5-6,MNL037 LP129,Tayuman,MANILA,3,1,BARANGAY 211,,,14.62564,120.981068,,,,,,,16,2020-11-29,OSP
MNL037 LP125 NP1-2,MNL037,LP125,NP1-2,MNL037 LP125,Tayuman,MANILA,3,1,BARANGAY 211,,,14.626813,120.981877,,,,,,,16,2020-11-29,OSP
MNL037 LP569 NP3-5,MNL037,LP569,NP3-5,MNL037 LP569,Tayuman,MANILA,3,1,BARANGAY 211,,,14.627241,120.981694,,,,,,,24,2022-06-26,OSP
MNL037 LP569 NP6-8,MNL037,LP569,NP6-8,MNL037 LP569,Tayuman,MANILA,3,1,BARANGAY 211,,,14.62701,120.980726,,,,,,,24,2022-06-26,OSP
MNL037 LP570 NP1-2,MNL037,LP570,NP1-2,MNL037 LP570,Tayuman,MANILA,3,1,BARANGAY 211,,,14.627044,120.981521,,,,,,,16,2022-06-26,OSP
MNL037 LP570 NP3-5,MNL037,LP570,NP3-5,MNL037 LP570,Tayuman,MANILA,3,1,BARANGAY 211,,,14.626943,120.981071,,,,,,,24,2022-06-26,OSP
MNL037 LP570 NP6-8,MNL037,LP570,NP6-8,MNL037 LP570,Tayuman,MANILA,3,1,BARANGAY 211,,,14.626875,120.980753,,,,,,,24,2022-06-26,OSP
MNL037 LP581 NP7-8,MNL037,LP581,NP7-8,MNL037 LP581,Tayuman,MANILA,3,1,BARANGAY 211,,,14.625595,120.981161,,,,,,,16,2022-06-26,OSP
MNL037 LP580 NP7-8,MNL037,LP580,NP7-8,MNL037 LP580,Tayuman,MANILA,3,1,BARANGAY 211,,,14.625595,120.981161,,,,,,,16,2022-06-26,OSP
MNL037 LP571 NP6-8,MNL037,LP571,NP6-8,MNL037 LP571,Tayuman,MANILA,3,1,BARANGAY 211,,,14.626736,120.981618,,,,,,,24,2022-06-26,OSP
MNL037 LP572 NP1-2,MNL037,LP572,NP1-2,MNL037 LP572,Tayuman,MANILA,3,1,BARANGAY 211,,,14.626606,120.981502,,,,,,,16,2022-06-26,OSP
MNL037 LP572 NP3-5,MNL037,LP572,NP3-5,MNL037 LP572,Tayuman,MANILA,3,1,BARANGAY 211,,,14.626538,120.981297,,,,,,,24,2022-06-26,OSP
MNL037 LP572 NP6-8,MNL037,LP572,NP6-8,MNL037 LP572,Tayuman,MANILA,3,1,BARANGAY 211,,,14.626487,120.981084,,,,,,,24,2022-06-26,OSP
MNL037 LP573 NP1-2,MNL037,LP573,NP1-2,MNL037 LP573,Tayuman,MANILA,3,1,BARANGAY 211,,,14.626253,120.981698,,,,,,,16,2022-06-26,OSP
MNL037 LP573 NP3-5,MNL037,LP573,NP3-5,MNL037 LP573,Tayuman,MANILA,3,1,BARANGAY 211,,,14.626068,120.981363,,,,,,,24,2022-06-26,OSP
MNL037 LP573 NP6-8,MNL037,LP573,NP6-8,MNL037 LP573,Tayuman,MANILA,3,1,BARANGAY 211,,,14.625922,120.981103,,,,,,,24,2022-06-26,OSP
MNL037 LP574 NP1-2,MNL037,LP574,NP1-2,MNL037 LP574,Tayuman,MANILA,3,1,BARANGAY 211,,,14.625866,120.980911,,,,,,,16,2022-06-26,OSP
MNL037 LP575 NP1-2,MNL037,LP575,NP1-2,MNL037 LP575,Tayuman,MANILA,3,1,BARANGAY 211,,,14.626624,120.980646,,,,,,,16,2022-06-26,OSP
MNL003 LP74 NP1-2,MNL003,LP74,NP1-2,MNL003 LP74,City Square,MANILA,3,1,BARANGAY 212,,,14.62569682,120.9795071,,,,,,,16,2018-08-27,OSP
MNL003 LP75 NP1-2,MNL003,LP75,NP1-2,MNL003 LP75,City Square,MANILA,3,1,BARANGAY 212,,,14.6257446,120.9791245,,,,,,,16,2018-08-27,OSP
MNL003 LP75 NP3-4,MNL003,LP75,NP3-4,MNL003 LP75,City Square,MANILA,3,1,BARANGAY 212,,,14.62580318,120.9786908,,,,,,,16,2018-08-27,OSP
MNL003 LP75 NP5-6,MNL003,LP75,NP5-6,MNL003 LP75,City Square,MANILA,3,1,BARANGAY 212,,,14.62652392,120.978767,,,,,,,16,2018-08-27,OSP
MNL037 LP131 NP7-8,MNL037,LP131,NP7-8,MNL037 LP131,Tayuman,MANILA,3,1,BARANGAY 212,,,14.62652,120.980088,,,,,,,16,2020-11-29,OSP
MNL037 LP138 NP3-4,MNL037,LP138,NP3-4,MNL037 LP138,Tayuman,MANILA,3,1,BARANGAY 212,,,14.62571,120.979531,,,,,,,16,2020-11-29,OSP
MNL037 LP138 NP5-6,MNL037,LP138,NP5-6,MNL037 LP138,Tayuman,MANILA,3,1,BARANGAY 212,,,14.625781,120.979014,,,,,,,16,2020-11-29,OSP
MNL037 LP139 NP1-2,MNL037,LP139,NP1-2,MNL037 LP139,Tayuman,MANILA,3,1,BARANGAY 212,,,14.625848,120.978693,,,,,,,16,2020-11-29,OSP
MNL037 LP139 NP3-4,MNL037,LP139,NP3-4,MNL037 LP139,Tayuman,MANILA,3,1,BARANGAY 212,,,14.626355,120.978751,,,,,,,16,2020-11-29,OSP
MNL037 LP583 NP1-2,MNL037,LP583,NP1-2,MNL037 LP583,Tayuman,MANILA,3,1,BARANGAY 212,,,14.625707,120.979554,,,,,,,16,2022-06-26,OSP
MNL037 LP583 NP3-5,MNL037,LP583,NP3-5,MNL037 LP583,Tayuman,MANILA,3,1,BARANGAY 212,,,14.625889,120.97958,,,,,,,24,2022-06-26,OSP
MNL037 LP583 NP6-8,MNL037,LP583,NP6-8,MNL037 LP583,Tayuman,MANILA,3,1,BARANGAY 212,,,14.62593,120.979812,,,,,,,24,2022-06-26,OSP
MNL003 LP104 NP5-6,MNL003,LP104,NP5-6,MNL003 LP104,City Square,MANILA,3,1,BARANGAY 213,,,14.62360446,120.977247,,,,,,,16,2018-11-20,OSP
MNL003 LP104 NP7-8,MNL003,LP104,NP7-8,MNL003 LP104,City Square,MANILA,3,1,BARANGAY 213,,,14.62374911,120.9769742,,,,,,,16,2018-11-20,OSP
MNL003 LP105 NP1-2,MNL003,LP105,NP1-2,MNL003 LP105,City Square,MANILA,3,1,BARANGAY 213,,,14.62399306,120.9764966,,,,,,,16,2018-11-20,OSP
MNL003 LP105 NP3-4,MNL003,LP105,NP3-4,MNL003 LP105,City Square,MANILA,3,1,BARANGAY 213,,,14.62450617,120.9760573,,,,,,,16,2018-11-20,OSP
MNL037 LP296 NP1-2,MNL037,LP296,NP1-2,MNL037 LP296,Tayuman,MANILA,3,1,BARANGAY 213,,,14.625147,120.977118,,,,,,,16,2021-06-17,OSP
MNL037 LP293 NP6-7-8,MNL037,LP293,NP6-7-8,MNL037 LP293,Tayuman,MANILA,3,1,BARANGAY 213,,,14.626025,120.976995,,,,,,,24,2021-06-17,OSP
MNL037 LP294 NP1-2,MNL037,LP294,NP1-2,MNL037 LP294,Tayuman,MANILA,3,1,BARANGAY 213,,,14.625821,120.976991,,,,,,,16,2021-06-17,OSP
MNL037 LP294 NP3-4-5,MNL037,LP294,NP3-4-5,MNL037 LP294,Tayuman,MANILA,3,1,BARANGAY 213,,,14.625565,120.97699,,,,,,,24,2021-06-17,OSP
MNL037 LP294 NP6-7-8,MNL037,LP294,NP6-7-8,MNL037 LP294,Tayuman,MANILA,3,1,BARANGAY 213,,,14.625369,120.97694,,,,,,,24,2021-06-17,OSP
MNL037 LP295 NP1-2,MNL037,LP295,NP1-2,MNL037 LP295,Tayuman,MANILA,3,1,BARANGAY 213,,,14.625192,120.976901,,,,,,,16,2021-06-17,OSP
MNL037 LP295 NP3-4-5,MNL037,LP295,NP3-4-5,MNL037 LP295,Tayuman,MANILA,3,1,BARANGAY 213,,,14.624987,120.976851,,,,,,,24,2021-06-17,OSP
MNL037 LP295 NP6-7-8,MNL037,LP295,NP6-7-8,MNL037 LP295,Tayuman,MANILA,3,1,BARANGAY 213,,,14.624719,120.976794,,,,,,,24,2021-06-17,OSP
MNL037 LP590 NP1-2,MNL037,LP590,NP1-2,MNL037 LP590,Tayuman,MANILA,3,1,BARANGAY 213,,,14.624026,120.976529,,,,,,,16,2023-12-27,OSP
MNL037 LP590 NP3-5,MNL037,LP590,NP3-5,MNL037 LP590,Tayuman,MANILA,3,1,BARANGAY 213,,,14.624025,120.976528,,,,,,,24,2023-12-27,OSP
MNL037 LP590 NP6-8,MNL037,LP590,NP6-8,MNL037 LP590,Tayuman,MANILA,3,1,BARANGAY 213,,,14.62431,120.976242,,,,,,,24,2023-12-27,OSP
MNL037 LP591 NP1-2,MNL037,LP591,NP1-2,MNL037 LP591,Tayuman,MANILA,3,1,BARANGAY 213,,,14.624259,120.976211,,,,,,,16,2023-12-27,OSP
MNL037 LP591 NP3-5,MNL037,LP591,NP3-5,MNL037 LP591,Tayuman,MANILA,3,1,BARANGAY 213,,,14.624258,120.976212,,,,,,,24,2023-12-27,OSP
MNL037 LP591 NP6-8,MNL037,LP591,NP6-8,MNL037 LP591,Tayuman,MANILA,3,1,BARANGAY 213,,,14.624257,120.976211,,,,,,,24,2023-12-27,OSP
MNL037 LP592 NP1-2,MNL037,LP592,NP1-2,MNL037 LP592,Tayuman,MANILA,3,1,BARANGAY 213,,,14.624555,120.976065,,,,,,,16,2023-12-27,OSP
MNL037 LP592 NP3-5,MNL037,LP592,NP3-5,MNL037 LP592,Tayuman,MANILA,3,1,BARANGAY 213,,,14.624505,120.975988,,,,,,,24,2023-12-27,OSP
MNL037 LP592 NP6-8,MNL037,LP592,NP6-8,MNL037 LP592,Tayuman,MANILA,3,1,BARANGAY 213,,,14.624505,120.975986,,,,,,,24,2023-12-27,OSP
MNL037 LP593 NP1-2,MNL037,LP593,NP1-2,MNL037 LP593,Tayuman,MANILA,3,1,BARANGAY 213,,,14.624409,120.975846,,,,,,,16,2023-12-27,OSP
MNL037 LP588 NP1-2,MNL037,LP588,NP1-2,MNL037 LP588,Tayuman,MANILA,3,1,BARANGAY 213,,,14.623697,120.976979,,,,,,,16,2023-12-27,OSP
MNL003 LP426 NP7-8,MNL003,LP426,NP7-8,MNL003 LP426,City Square,MANILA,3,1,BARANGAY 214,,,14.626634,120.97698,,,,,,,16,2019-11-29,OSP
MNL037 LP293 NP1-2,MNL037,LP293,NP1-2,MNL037 LP293,Tayuman,MANILA,3,1,BARANGAY 214,,,14.626439,120.977002,,,,,,,16,2021-06-17,OSP
MNL037 LP293 NP3-4-5,MNL037,LP293,NP3-4-5,MNL037 LP293,Tayuman,MANILA,3,1,BARANGAY 214,,,14.626251,120.977001,,,,,,,24,2021-06-17,OSP
MNL003 LP104 NP1-2,MNL003,LP104,NP1-2,MNL003 LP104,City Square,MANILA,3,1,BARANGAY 216,,,14.62340702,120.978062,,,,,,,16,2018-11-20,OSP
MNL003 LP104 NP3-4,MNL003,LP104,NP3-4,MNL003 LP104,City Square,MANILA,3,1,BARANGAY 216,,,14.62350435,120.9775421,,,,,,,16,2018-11-20,OSP
MNL003 LP424 NP5-6,MNL003,LP424,NP5-6,MNL003 LP424,City Square,MANILA,3,1,BARANGAY 216,,,14.624678,120.977686,,,,,,,16,2019-11-29,OSP
MNL003 LP424 NP7-8,MNL003,LP424,NP7-8,MNL003 LP424,City Square,MANILA,3,1,BARANGAY 216,,,14.625223,120.977778,,,,,,,16,2019-11-29,OSP
MNL003 LP425 NP1-2,MNL003,LP425,NP1-2,MNL003 LP425,City Square,MANILA,3,1,BARANGAY 216,,,14.625576,120.977805,,,,,,,16,2019-11-29,OSP
MNL003 LP425 NP3-4,MNL003,LP425,NP3-4,MNL003 LP425,City Square,MANILA,3,1,BARANGAY 216,,,14.62571,120.977823,,,,,,,16,2019-11-29,OSP
MNL003 LP425 NP5-6,MNL003,LP425,NP5-6,MNL003 LP425,City Square,MANILA,3,1,BARANGAY 216,,,14.625756,120.977705,,,,,,,16,2019-11-29,OSP
MNL003 LP427 NP5-6,MNL003,LP427,NP5-6,MNL003 LP427,City Square,MANILA,3,1,BARANGAY 216,,,14.62606,120.977614,,,,,,,16,2019-11-29,OSP
MNL003 LP424 NP1-2,MNL003,LP424,NP1-2,MNL003 LP424,City Square,MANILA,3,1,BARANGAY 216,,,14.623781,120.977593,,,,,,,16,2019-11-29,OSP
MNL003 LP424 NP3-4,MNL003,LP424,NP3-4,MNL003 LP424,City Square,MANILA,3,1,BARANGAY 216,,,14.624158,120.977622,,,,,,,16,2019-11-29,OSP
MNL037 LP300 NP1-2,MNL037,LP300,NP1-2,MNL037 LP300,Tayuman,MANILA,3,1,BARANGAY 216,,,14.62437,120.97766,,,,,,,16,2021-06-17,OSP
MNL037 LP300 NP3-4-5,MNL037,LP300,NP3-4-5,MNL037 LP300,Tayuman,MANILA,3,1,BARANGAY 216,,,14.62406,120.97762,,,,,,,24,2021-06-17,OSP
MNL037 LP300 NP6-7-8,MNL037,LP300,NP6-7-8,MNL037 LP300,Tayuman,MANILA,3,1,BARANGAY 216,,,14.623758,120.977597,,,,,,,24,2021-06-17,OSP
MNL037 LP296 NP3-4-5,MNL037,LP296,NP3-4-5,MNL037 LP296,Tayuman,MANILA,3,1,BARANGAY 216,,,14.625136,120.977304,,,,,,,24,2021-06-17,OSP
MNL037 LP296 NP6-7-8,MNL037,LP296,NP6-7-8,MNL037 LP296,Tayuman,MANILA,3,1,BARANGAY 216,,,14.625106,120.977519,,,,,,,24,2021-06-17,OSP
MNL037 LP297 NP1-2,MNL037,LP297,NP1-2,MNL037 LP297,Tayuman,MANILA,3,1,BARANGAY 216,,,14.625079,120.977736,,,,,,,16,2021-06-17,OSP
MNL037 LP297 NP3-4-5,MNL037,LP297,NP3-4-5,MNL037 LP297,Tayuman,MANILA,3,1,BARANGAY 216,,,14.625255,120.97776,,,,,,,24,2021-06-17,OSP
MNL037 LP297 NP6-7-8,MNL037,LP297,NP6-7-8,MNL037 LP297,Tayuman,MANILA,3,1,BARANGAY 216,,,14.624879,120.977721,,,,,,,24,2021-06-17,OSP
MNL037 LP298 NP1-2,MNL037,LP298,NP1-2,MNL037 LP298,Tayuman,MANILA,3,1,BARANGAY 216,,,14.625406,120.977777,,,,,,,16,2021-06-17,OSP
MNL037 LP298 NP3-4-5,MNL037,LP298,NP3-4-5,MNL037 LP298,Tayuman,MANILA,3,1,BARANGAY 216,,,14.625652,120.977814,,,,,,,24,2021-06-17,OSP
MNL037 LP298 NP6-7-8,MNL037,LP298,NP6-7-8,MNL037 LP298,Tayuman,MANILA,3,1,BARANGAY 216,,,14.625763,120.977785,,,,,,,24,2021-06-17,OSP
MNL037 LP299 NP1-2,MNL037,LP299,NP1-2,MNL037 LP299,Tayuman,MANILA,3,1,BARANGAY 216,,,14.624689,120.977696,,,,,,,16,2021-06-17,OSP
MNL037 LP299 NP3-4-5,MNL037,LP299,NP3-4-5,MNL037 LP299,Tayuman,MANILA,3,1,BARANGAY 216,,,14.624649,120.977953,,,,,,,24,2021-06-17,OSP
MNL037 LP299 NP6-7-8,MNL037,LP299,NP6-7-8,MNL037 LP299,Tayuman,MANILA,3,1,BARANGAY 216,,,14.624604,120.978199,,,,,,,24,2021-06-17,OSP
MNL003 LP105 NP5-6,MNL003,LP105,NP5-6,MNL003 LP105,City Square,MANILA,3,1,BARANGAY 217,,,14.62544206,120.9757189,,,,,,,16,2018-11-20,OSP
MNL003 LP105 NP7-8,MNL003,LP105,NP7-8,MNL003 LP105,City Square,MANILA,3,1,BARANGAY 217,,,14.62664128,120.9758334,,,,,,,16,2018-11-20,OSP
MNL037 LP593 NP6-8,MNL037,LP593,NP6-8,MNL037 LP593,Tayuman,MANILA,3,1,BARANGAY 217,,,14.62456,120.975757,,,,,,,24,2023-12-27,OSP
MNL037 LP290 NP6-7-8,MNL037,LP290,NP6-7-8,MNL037 LP290,Tayuman,MANILA,3,1,BARANGAY 217,,,14.625976,120.976197,,,,,,,24,2021-06-17,OSP
MNL037 LP593 NP3-5,MNL037,LP593,NP3-5,MNL037 LP593,Tayuman,MANILA,3,1,BARANGAY 217,,,14.624562,120.975756,,,,,,,24,2023-12-27,OSP
MNL037 LP589 NP3-5,MNL037,LP589,NP3-5,MNL037 LP589,Tayuman,MANILA,3,1,BARANGAY 218,,,14.623467,120.975974,,,,,,,24,2023-12-27,OSP
MNL037 LP589 NP6-8,MNL037,LP589,NP6-8,MNL037 LP589,Tayuman,MANILA,3,1,BARANGAY 218,,,14.623464,120.975973,,,,,,,24,2023-12-27,OSP
MNL037 LP588 NP3-5,MNL037,LP588,NP3-5,MNL037 LP588,Tayuman,MANILA,3,1,BARANGAY 218,,,14.623383,120.976084,,,,,,,24,2023-12-27,OSP
MNL037 LP588 NP6-8,MNL037,LP588,NP6-8,MNL037 LP588,Tayuman,MANILA,3,1,BARANGAY 218,,,14.623381,120.976084,,,,,,,24,2023-12-27,OSP
MNL037 LP589 NP1-2,MNL037,LP589,NP1-2,MNL037 LP589,Tayuman,MANILA,3,1,BARANGAY 218,,,14.623319,120.975961,,,,,,,16,2023-12-27,OSP
MNL003 LP74 NP3-4,MNL003,LP74,NP3-4,MNL003 LP74,City Square,MANILA,3,1,BARANGAY 219,,,14.62504783,120.9794453,,,,,,,16,2018-08-27,OSP
MNL003 LP74 NP7-8,MNL003,LP74,NP7-8,MNL003 LP74,City Square,MANILA,3,1,BARANGAY 219,,,14.62381598,120.9792901,,,,,,,16,2018-08-27,OSP
MNL037 LP133 NP7-8,MNL037,LP133,NP7-8,MNL037 LP133,Tayuman,MANILA,3,1,BARANGAY 219,,,14.623171,120.979588,,,,,,,16,2020-11-29,OSP
MNL037 LP134 NP1-2,MNL037,LP134,NP1-2,MNL037 LP134,Tayuman,MANILA,3,1,BARANGAY 219,,,14.623774,120.979673,,,,,,,16,2020-11-29,OSP
MNL037 LP137 NP1-2,MNL037,LP137,NP1-2,MNL037 LP137,Tayuman,MANILA,3,1,BARANGAY 219,,,14.623217,120.979206,,,,,,,16,2020-11-29,OSP
MNL037 LP137 NP3-4,MNL037,LP137,NP3-4,MNL037 LP137,Tayuman,MANILA,3,1,BARANGAY 219,,,14.623835,120.979285,,,,,,,16,2020-11-29,OSP
MNL037 LP137 NP5-6,MNL037,LP137,NP5-6,MNL037 LP137,Tayuman,MANILA,3,1,BARANGAY 219,,,14.62389,120.978777,,,,,,,16,2020-11-29,OSP
MNL037 LP138 NP1-2,MNL037,LP138,NP1-2,MNL037 LP138,Tayuman,MANILA,3,1,BARANGAY 219,,,14.625072,120.979465,,,,,,,16,2020-11-29,OSP
MNL037 LP138 NP7-8,MNL037,LP138,NP7-8,MNL037 LP138,Tayuman,MANILA,3,1,BARANGAY 219,,,14.62543,120.97899,,,,,,,16,2020-11-29,OSP
MNL037 LP139 NP5-6,MNL037,LP139,NP5-6,MNL037 LP139,Tayuman,MANILA,3,1,BARANGAY 219,,,14.624484,120.978491,,,,,,,16,2020-11-29,OSP
MNL037 LP139 NP7-8,MNL037,LP139,NP7-8,MNL037 LP139,Tayuman,MANILA,3,1,BARANGAY 219,,,14.623399,120.978369,,,,,,,16,2020-11-29,OSP
MNL037 LP584 NP1-2,MNL037,LP584,NP1-2,MNL037 LP584,Tayuman,MANILA,3,1,BARANGAY 219,,,14.625158,120.979477,,,,,,,16,2022-06-26,OSP
MNL037 LP584 NP6-8,MNL037,LP584,NP6-8,MNL037 LP584,Tayuman,MANILA,3,1,BARANGAY 219,,,14.623816,120.979295,,,,,,,24,2022-06-26,OSP
MNL003 LP74 NP5-6,MNL003,LP74,NP5-6,MNL003 LP74,City Square,MANILA,3,1,BARANGAY 220,,,14.62438693,120.9793618,,,,,,,16,2018-08-27,OSP
MNL003 LP72 NP3-4,MNL003,LP72,NP3-4,MNL003 LP72,City Square,MANILA,3,1,BARANGAY 220,,,14.62376856,120.9820832,,,,,,,16,2018-08-27,OSP
MNL037 LP133 NP5-6,MNL037,LP133,NP5-6,MNL037 LP133,Tayuman,MANILA,3,1,BARANGAY 220,,,14.62311,120.980361,,,,,,,16,2020-11-29,OSP
MNL037 LP134 NP3-4,MNL037,LP134,NP3-4,MNL037 LP134,Tayuman,MANILA,3,1,BARANGAY 220,,,14.62432,120.979806,,,,,,,16,2020-11-29,OSP
MNL037 LP134 NP5-6,MNL037,LP134,NP5-6,MNL037 LP134,Tayuman,MANILA,3,1,BARANGAY 220,,,14.624987,120.979873,,,,,,,16,2020-11-29,OSP
MNL037 LP134 NP7-8,MNL037,LP134,NP7-8,MNL037 LP134,Tayuman,MANILA,3,1,BARANGAY 220,,,14.624967,120.980261,,,,,,,16,2020-11-29,OSP
MNL037 LP135 NP1-2,MNL037,LP135,NP1-2,MNL037 LP135,Tayuman,MANILA,3,1,BARANGAY 220,,,14.624405,120.980257,,,,,,,16,2020-11-29,OSP
MNL037 LP135 NP3-4,MNL037,LP135,NP3-4,MNL037 LP135,Tayuman,MANILA,3,1,BARANGAY 220,,,14.623778,120.980232,,,,,,,16,2020-11-29,OSP
MNL037 LP135 NP5-6,MNL037,LP135,NP5-6,MNL037 LP135,Tayuman,MANILA,3,1,BARANGAY 220,,,14.62428,120.980656,,,,,,,16,2020-11-29,OSP
MNL037 LP135 NP7-8,MNL037,LP135,NP7-8,MNL037 LP135,Tayuman,MANILA,3,1,BARANGAY 220,,,14.623421,120.980604,,,,,,,16,2020-11-29,OSP
MNL037 LP136 NP3-4,MNL037,LP136,NP3-4,MNL037 LP136,Tayuman,MANILA,3,1,BARANGAY 220,,,14.624084,120.981145,,,,,,,16,2020-11-29,OSP
MNL037 LP137 NP7-8,MNL037,LP137,NP7-8,MNL037 LP137,Tayuman,MANILA,3,1,BARANGAY 220,,,14.624358,120.979365,,,,,,,16,2020-11-29,OSP
MNL037 LP133 NP1-2,MNL037,LP133,NP1-2,MNL037 LP133,Tayuman,MANILA,3,1,BARANGAY 220,,,14.623019,120.981108,,,,,,,16,2020-11-29,OSP
MNL037 LP133 NP3-4,MNL037,LP133,NP3-4,MNL037 LP133,Tayuman,MANILA,3,1,BARANGAY 220,,,14.623068,120.980689,,,,,,,16,2020-11-29,OSP
MNL037 LP584 NP3-5,MNL037,LP584,NP3-5,MNL037 LP584,Tayuman,MANILA,3,1,BARANGAY 220,,,14.624486,120.979368,,,,,,,24,2022-06-26,OSP
MNL037 LP578 NP3-5,MNL037,LP578,NP3-5,MNL037 LP578,Tayuman,MANILA,3,1,BARANGAY 220,,,14.623796,120.982087,,,,,,,24,2022-06-26,OSP
MNL003 LP69 NP5-6,MNL003,LP69,NP5-6,MNL003 LP69,City Square,MANILA,3,1,BARANGAY 221,,,14.62108201,120.9765147,,,,,,,16,2018-08-27,OSP
MNL037 LP335 NP5-6,MNL037,LP335,NP5-6,MNL037 LP335,Tayuman,MANILA,3,1,BARANGAY 221,,,14.620808,120.975956,,,,,,,16,2022-01-17,OSP
MNL037 LP335 NP7-8,MNL037,LP335,NP7-8,MNL037 LP335,Tayuman,MANILA,3,1,BARANGAY 221,,,14.620557,120.975925,,,,,,,16,2022-01-17,OSP
MNL037 LP326 NP1-2,MNL037,LP326,NP1-2,MNL037 LP326,Tayuman,MANILA,3,1,BARANGAY 221,,,14.621085,120.976512,,,,,,,16,2022-01-17,OSP
MNL037 LP326 NP3-5,MNL037,LP326,NP3-5,MNL037 LP326,Tayuman,MANILA,3,1,BARANGAY 221,,,14.620827,120.976447,,,,,,,24,2022-01-17,OSP
MNL003 LP63 NP3-4,MNL003,LP63,NP3-4,MNL003 LP63,City Square,MANILA,3,1,BARANGAY 222,,,14.61931372,120.9763193,,,,,,,16,2018-08-27,OSP
MNL003 LP63 NP5-6,MNL003,LP63,NP5-6,MNL003 LP63,City Square,MANILA,3,1,BARANGAY 222,,,14.61882786,120.9762012,,,,,,,16,2018-08-27,OSP
MNL003 LP443 NP3-4,MNL003,LP443,NP3-4,MNL003 LP443,City Square,MANILA,3,1,BARANGAY 222,,,14.618724,120.976601,,,,,,,16,2019-12-10,OSP
MNL003 LP443 NP7-8,MNL003,LP443,NP7-8,MNL003 LP443,City Square,MANILA,3,1,BARANGAY 222,,,14.618812,120.976204,,,,,,,16,2020-07-29,OSP
MNL003 LP444 NP1-2,MNL003,LP444,NP1-2,MNL003 LP444,City Square,MANILA,3,1,BARANGAY 222,,,14.619492,120.975971,,,,,,,16,2019-10-28,OSP
MNL003 LP444 NP5-6,MNL003,LP444,NP5-6,MNL003 LP444,City Square,MANILA,3,1,BARANGAY 222,,,14.619202,120.975929,,,,,,,16,2019-10-28,OSP
MNL003 LP445 NP7-8,MNL003,LP445,NP7-8,MNL003 LP445,City Square,MANILA,3,1,BARANGAY 222,,,14.618538,120.975779,,,,,,,16,2019-12-10,OSP
MNL005 LP614 NP6-8,MNL005,LP614,NP6-8,MNL005 LP614,Orchard Building (City Square 2),MANILA,3,1,BARANGAY 222,,,14.618899,120.975816,,,,,,,24,2022-05-22,OSP
MNL005 LP615 NP1-2,MNL005,LP615,NP1-2,MNL005 LP615,Orchard Building (City Square 2),MANILA,3,1,BARANGAY 222,,,14.618567,120.975793,,,,,,,16,2022-05-22,OSP
MNL005 LP608 NP6-8,MNL005,LP608,NP6-8,MNL005 LP608,Orchard Building (City Square 2),MANILA,3,1,BARANGAY 222,,,14.618582,120.976161,,,,,,,24,2022-05-22,OSP
MNL005 LP609 NP1-2,MNL005,LP609,NP1-2,MNL005 LP609,Orchard Building (City Square 2),MANILA,3,1,BARANGAY 222,,,14.618585,120.976164,,,,,,,16,2022-05-22,OSP
MNL005 LP609 NP3-5,MNL005,LP609,NP3-5,MNL005 LP609,Orchard Building (City Square 2),MANILA,3,1,BARANGAY 222,,,14.618814,120.976213,,,,,,,24,2022-05-22,OSP
MNL005 LP609 NP6-8,MNL005,LP609,NP6-8,MNL005 LP609,Orchard Building (City Square 2),MANILA,3,1,BARANGAY 222,,,14.619028,120.97625,,,,,,,24,2022-05-22,OSP
MNL005 LP610 NP1-2,MNL005,LP610,NP1-2,MNL005 LP610,Orchard Building (City Square 2),MANILA,3,1,BARANGAY 222,,,14.619027,120.976257,,,,,,,16,2022-05-22,OSP
MNL005 LP610 NP3-5,MNL005,LP610,NP3-5,MNL005 LP610,Orchard Building (City Square 2),MANILA,3,1,BARANGAY 222,,,14.61928,120.976311,,,,,,,24,2022-05-22,OSP
MNL005 LP610 NP6-8,MNL005,LP610,NP6-8,MNL005 LP610,Orchard Building (City Square 2),MANILA,3,1,BARANGAY 222,,,14.619496,120.976354,,,,,,,24,2022-05-22,OSP
MNL005 LP611 NP1-2,MNL005,LP611,NP1-2,MNL005 LP611,Orchard Building (City Square 2),MANILA,3,1,BARANGAY 222,,,14.619509,120.976198,,,,,,,16,2022-05-22,OSP
MNL005 LP611 NP3-5,MNL005,LP611,NP3-5,MNL005 LP611,Orchard Building (City Square 2),MANILA,3,1,BARANGAY 222,,,14.619528,120.975963,,,,,,,24,2022-05-22,OSP
MNL005 LP612 NP1-2,MNL005,LP612,NP1-2,MNL005 LP612,Orchard Building (City Square 2),MANILA,3,1,BARANGAY 222,,,14.619227,120.975946,,,,,,,16,2022-05-22,OSP
MNL005 LP612 NP3-5,MNL005,LP612,NP3-5,MNL005 LP612,Orchard Building (City Square 2),MANILA,3,1,BARANGAY 222,,,14.619227,120.975755,,,,,,,24,2022-05-22,OSP
MNL005 LP624 NP6-8,MNL005,LP624,NP6-8,MNL005 LP624,Orchard Building (City Square 2),MANILA,3,1,BARANGAY 222,,,14.618467,120.976526,,,,,,,24,2022-05-22,OSP
MNL005 LP625 NP1-2,MNL005,LP625,NP1-2,MNL005 LP625,Orchard Building (City Square 2),MANILA,3,1,BARANGAY 222,,,14.618723,120.976557,,,,,,,16,2022-05-22,OSP
MNL005 LP625 NP3-5,MNL005,LP625,NP3-5,MNL005 LP625,Orchard Building (City Square 2),MANILA,3,1,BARANGAY 222,,,14.618963,120.976594,,,,,,,24,2022-05-22,OSP
MNL005 LP625 NP6-8,MNL005,LP625,NP6-8,MNL005 LP625,Orchard Building (City Square 2),MANILA,3,1,BARANGAY 222,,,14.618969,120.976597,,,,,,,24,2022-05-22,OSP
MNL003 LP64 NP1-2,MNL003,LP64,NP1-2,MNL003 LP64,City Square,MANILA,3,1,BARANGAY 223,,,14.619638,120.977925,,,,,,,16,2018-08-27,OSP
MNL003 LP64 NP3-4,MNL003,LP64,NP3-4,MNL003 LP64,City Square,MANILA,3,1,BARANGAY 223,,,14.619591,120.97828,,,,,,,16,2018-08-27,OSP
MNL005 LP634 NP3-5,MNL005,LP634,NP3-5,MNL005 LP634,Orchard Building (City Square 2),MANILA,3,1,BARANGAY 223,,,14.619505,120.978303,,,,,,,24,2022-05-22,OSP
MNL005 LP634 NP6-8,MNL005,LP634,NP6-8,MNL005 LP634,Orchard Building (City Square 2),MANILA,3,1,BARANGAY 223,,,14.619457,120.978616,,,,,,,24,2022-05-22,OSP
MNL037 LP109 NP1-2,MNL037,LP109,NP1-2,MNL037 LP109,Tayuman,MANILA,3,1,BARANGAY 223,,,14.619579,120.978229,,,,,,,16,2020-10-27,OSP
MNL037 LP111 NP1-2,MNL037,LP111,NP1-2,MNL037 LP111,Tayuman,MANILA,3,1,BARANGAY 223,,,14.620083,120.978271,,,,,,,16,2020-11-28,OSP
MNL037 LP111 NP3-4,MNL037,LP111,NP3-4,MNL037 LP111,Tayuman,MANILA,3,1,BARANGAY 223,,,14.620842,120.978268,,,,,,,16,2020-11-28,OSP
MNL037 LP2 NP1-2,MNL037,LP2,NP1-2,MNL037 LP2,Tayuman,MANILA,3,1,BARANGAY 223,,,14.619591,120.978491,,,,,,,16,2020-09-29,OSP
MNL037 LP2 NP3-4,MNL037,LP2,NP3-4,MNL037 LP2,Tayuman,MANILA,3,1,BARANGAY 223,,,14.61967,120.977881,,,,,,,16,2020-09-29,OSP
MNL037 LP336 NP1-2,MNL037,LP336,NP1-2,MNL037 LP336,Tayuman,MANILA,3,1,BARANGAY 223,,,14.619822,120.978277,,,,,,,16,2022-01-17,OSP
MNL037 LP336 NP3-4,MNL037,LP336,NP3-4,MNL037 LP336,Tayuman,MANILA,3,1,BARANGAY 223,,,14.62008,120.978269,,,,,,,16,2022-01-17,OSP
MNL037 LP336 NP5-6,MNL037,LP336,NP5-6,MNL037 LP336,Tayuman,MANILA,3,1,BARANGAY 223,,,14.620348,120.978237,,,,,,,16,2022-01-17,OSP
MNL037 LP336 NP7-8,MNL037,LP336,NP7-8,MNL037 LP336,Tayuman,MANILA,3,1,BARANGAY 223,,,14.620845,120.978263,,,,,,,16,2022-01-17,OSP
MNL037 LP338 NP6-8,MNL037,LP338,NP6-8,MNL037 LP338,Tayuman,MANILA,3,1,BARANGAY 223,,,14.619554,120.978783,,,,,,,24,2022-01-17,OSP
MNL037 LP310 NP1-2,MNL037,LP310,NP1-2,MNL037 LP310,Tayuman,MANILA,3,1,BARANGAY 223,,,14.619592,120.978493,,,,,,,16,2022-01-17,OSP
MNL037 LP310 NP3-5,MNL037,LP310,NP3-5,MNL037 LP310,Tayuman,MANILA,3,1,BARANGAY 223,,,14.619621,120.978282,,,,,,,24,2022-01-17,OSP
MNL037 LP310 NP6-8,MNL037,LP310,NP6-8,MNL037 LP310,Tayuman,MANILA,3,1,BARANGAY 223,,,14.619977,120.978143,,,,,,,24,2022-01-17,OSP
MNL037 LP311 NP1-2,MNL037,LP311,NP1-2,MNL037 LP311,Tayuman,MANILA,3,1,BARANGAY 223,,,14.619645,120.978065,,,,,,,16,2022-01-17,OSP
MNL037 LP311 NP3-5,MNL037,LP311,NP3-5,MNL037 LP311,Tayuman,MANILA,3,1,BARANGAY 223,,,14.619672,120.977885,,,,,,,24,2022-01-17,OSP
MNL037 LP311 NP6-8,MNL037,LP311,NP6-8,MNL037 LP311,Tayuman,MANILA,3,1,BARANGAY 223,,,14.619999,120.977915,,,,,,,24,2022-01-17,OSP
MNL037 LP312 NP1-2,MNL037,LP312,NP1-2,MNL037 LP312,Tayuman,MANILA,3,1,BARANGAY 223,,,14.620457,120.977974,,,,,,,16,2022-01-17,OSP
MNL037 LP312 NP3-5,MNL037,LP312,NP3-5,MNL037 LP312,Tayuman,MANILA,3,1,BARANGAY 223,,,14.620653,120.978006,,,,,,,24,2022-01-17,OSP
MNL003 LP70 NP7-8,MNL003,LP70,NP7-8,MNL003 LP70,City Square,MANILA,3,1,BARANGAY 224,,,14.62296157,120.9783005,,,,,,,16,2018-08-27,OSP
MNL003 LP71 NP1-2,MNL003,LP71,NP1-2,MNL003 LP71,City Square,MANILA,3,1,BARANGAY 224,,,14.62286557,120.9791476,,,,,,,16,2018-08-27,OSP
MNL003 LP68 NP7-8,MNL003,LP68,NP7-8,MNL003 LP68,City Square,MANILA,3,1,BARANGAY 224,,,14.62085278,120.9782824,,,,,,,16,2018-08-27,OSP
MNL037 LP111 NP5-6,MNL037,LP111,NP5-6,MNL037 LP111,Tayuman,MANILA,3,1,BARANGAY 224,,,14.621798,120.978462,,,,,,,16,2020-11-28,OSP
MNL037 LP111 NP7-8,MNL037,LP111,NP7-8,MNL037 LP111,Tayuman,MANILA,3,1,BARANGAY 224,,,14.622078,120.9785,,,,,,,16,2020-11-28,OSP
MNL037 LP337 NP1-2,MNL037,LP337,NP1-2,MNL037 LP337,Tayuman,MANILA,3,1,BARANGAY 224,,,14.620808,120.978595,,,,,,,16,2022-01-17,OSP
MNL037 LP337 NP3-5,MNL037,LP337,NP3-5,MNL037 LP337,Tayuman,MANILA,3,1,BARANGAY 224,,,14.620777,120.978837,,,,,,,24,2022-01-17,OSP
MNL037 LP338 NP1-2,MNL037,LP338,NP1-2,MNL037 LP338,Tayuman,MANILA,3,1,BARANGAY 224,,,14.620742,120.979094,,,,,,,16,2022-01-17,OSP
MNL037 LP315 NP3-5,MNL037,LP315,NP3-5,MNL037 LP315,Tayuman,MANILA,3,1,BARANGAY 224,,,14.622004,120.979194,,,,,,,24,2022-01-17,OSP
MNL037 LP312 NP6-8,MNL037,LP312,NP6-8,MNL037 LP312,Tayuman,MANILA,3,1,BARANGAY 224,,,14.620879,120.978043,,,,,,,24,2022-01-17,OSP
MNL037 LP313 NP1-2,MNL037,LP313,NP1-2,MNL037 LP313,Tayuman,MANILA,3,1,BARANGAY 224,,,14.62121,120.978086,,,,,,,16,2022-01-17,OSP
MNL037 LP313 NP3-5,MNL037,LP313,NP3-5,MNL037 LP313,Tayuman,MANILA,3,1,BARANGAY 224,,,14.62121,120.978086,,,,,,,24,2022-01-17,OSP
MNL037 LP313 NP6-8,MNL037,LP313,NP6-8,MNL037 LP313,Tayuman,MANILA,3,1,BARANGAY 224,,,14.62297,120.978307,,,,,,,24,2022-01-17,OSP
MNL037 LP314 NP1-2,MNL037,LP314,NP1-2,MNL037 LP314,Tayuman,MANILA,3,1,BARANGAY 224,,,14.622934,120.978674,,,,,,,16,2022-01-17,OSP
MNL037 LP314 NP3-5,MNL037,LP314,NP3-5,MNL037 LP314,Tayuman,MANILA,3,1,BARANGAY 224,,,14.622883,120.979141,,,,,,,24,2022-01-17,OSP
MNL037 LP314 NP6-8,MNL037,LP314,NP6-8,MNL037 LP314,Tayuman,MANILA,3,1,BARANGAY 224,,,14.622583,120.9791,,,,,,,24,2022-01-17,OSP
MNL037 LP315 NP1-2,MNL037,LP315,NP1-2,MNL037 LP315,Tayuman,MANILA,3,1,BARANGAY 224,,,14.622411,120.979071,,,,,,,16,2022-01-17,OSP
MNL003 LP446 NP1-2,MNL003,LP446,NP1-2,MNL003 LP446,City Square,MANILA,3,1,BARANGAY 225,,,14.618945,120.9783,,,,,,,16,2019-10-28,OSP
MNL005 LP633 NP1-2,MNL005,LP633,NP1-2,MNL005 LP633,Orchard Building (City Square 2),MANILA,3,1,BARANGAY 225,,,14.618942,120.978293,,,,,,,16,2022-05-22,OSP
MNL005 LP627 NP1-2,MNL005,LP627,NP1-2,MNL005 LP627,Orchard Building (City Square 2),MANILA,3,1,BARANGAY 225,,,14.616707,120.978724,,,,,,,16,2022-05-22,OSP
MNL005 LP627 NP3-5,MNL005,LP627,NP3-5,MNL005 LP627,Orchard Building (City Square 2),MANILA,3,1,BARANGAY 225,,,14.616863,120.978681,,,,,,,24,2022-05-22,OSP
MNL005 LP627 NP6-8,MNL005,LP627,NP6-8,MNL005 LP627,Orchard Building (City Square 2),MANILA,3,1,BARANGAY 225,,,14.617048,120.978633,,,,,,,24,2022-05-22,OSP
MNL003 LP446 NP3-4,MNL003,LP446,NP3-4,MNL003 LP446,City Square,MANILA,3,1,BARANGAY 226,,,14.618127,120.978248,,,,,,,16,2019-10-28,OSP
MNL003 LP446 NP5-6,MNL003,LP446,NP5-6,MNL003 LP446,City Square,MANILA,3,1,BARANGAY 226,,,14.617424,120.978197,,,,,,,16,2019-10-28,OSP
MNL003 LP446 NP7-8,MNL003,LP446,NP7-8,MNL003 LP446,City Square,MANILA,3,1,BARANGAY 226,,,14.616711,120.978096,,,,,,,16,2019-10-28,OSP
MNL003 LP64 NP7-8,MNL003,LP64,NP7-8,MNL003 LP64,City Square,MANILA,3,1,BARANGAY 226,,,14.619471,120.978296,,,,,,,16,2019-07-24,OSP
MNL005 LP538 NP6-8,MNL005,LP538,NP6-8,MNL005 LP538,Orchard Building (City Square 2),MANILA,3,1,BARANGAY 226,,,14.616837,120.977486,,,,,,,24,2022-06-23,OSP
MNL005 LP630 NP1-2,MNL005,LP630,NP1-2,MNL005 LP630,Orchard Building (City Square 2),MANILA,3,1,BARANGAY 226,,,14.617529,120.977905,,,,,,,16,2022-05-22,OSP
MNL005 LP630 NP3-5,MNL005,LP630,NP3-5,MNL005 LP630,Orchard Building (City Square 2),MANILA,3,1,BARANGAY 226,,,14.617871,120.977958,,,,,,,24,2022-05-22,OSP
MNL005 LP630 NP6-8,MNL005,LP630,NP6-8,MNL005 LP630,Orchard Building (City Square 2),MANILA,3,1,BARANGAY 226,,,14.617866,120.977954,,,,,,,24,2022-05-22,OSP
MNL005 LP631 NP1-2,MNL005,LP631,NP1-2,MNL005 LP631,Orchard Building (City Square 2),MANILA,3,1,BARANGAY 226,,,14.617404,120.978196,,,,,,,16,2022-05-22,OSP
MNL005 LP631 NP3-5,MNL005,LP631,NP3-5,MNL005 LP631,Orchard Building (City Square 2),MANILA,3,1,BARANGAY 226,,,14.61759,120.978211,,,,,,,24,2022-05-22,OSP
MNL005 LP631 NP6-8,MNL005,LP631,NP6-8,MNL005 LP631,Orchard Building (City Square 2),MANILA,3,1,BARANGAY 226,,,14.617761,120.978213,,,,,,,24,2022-05-22,OSP
MNL005 LP632 NP1-2,MNL005,LP632,NP1-2,MNL005 LP632,Orchard Building (City Square 2),MANILA,3,1,BARANGAY 226,,,14.618153,120.978237,,,,,,,16,2022-05-22,OSP
MNL005 LP632 NP3-5,MNL005,LP632,NP3-5,MNL005 LP632,Orchard Building (City Square 2),MANILA,3,1,BARANGAY 226,,,14.61844,120.978256,,,,,,,24,2022-05-22,OSP
MNL005 LP632 NP6-8,MNL005,LP632,NP6-8,MNL005 LP632,Orchard Building (City Square 2),MANILA,3,1,BARANGAY 226,,,14.618723,120.978294,,,,,,,24,2022-05-22,OSP
MNL005 LP633 NP3-5,MNL005,LP633,NP3-5,MNL005 LP633,Orchard Building (City Square 2),MANILA,3,1,BARANGAY 226,,,14.619095,120.978299,,,,,,,24,2022-05-22,OSP
MNL005 LP633 NP6-8,MNL005,LP633,NP6-8,MNL005 LP633,Orchard Building (City Square 2),MANILA,3,1,BARANGAY 226,,,14.619258,120.978294,,,,,,,24,2022-05-22,OSP
MNL005 LP634 NP1-2,MNL005,LP634,NP1-2,MNL005 LP634,Orchard Building (City Square 2),MANILA,3,1,BARANGAY 226,,,14.619377,120.978287,,,,,,,16,2022-05-22,OSP
MNL005 LP626 NP1-2,MNL005,LP626,NP1-2,MNL005 LP626,Orchard Building (City Square 2),MANILA,3,1,BARANGAY 226,,,14.616755,120.978103,,,,,,,16,2022-05-22,OSP
MNL005 LP626 NP3-5,MNL005,LP626,NP3-5,MNL005 LP626,Orchard Building (City Square 2),MANILA,3,1,BARANGAY 226,,,14.616909,120.978125,,,,,,,24,2022-05-22,OSP
MNL005 LP626 NP6-8,MNL005,LP626,NP6-8,MNL005 LP626,Orchard Building (City Square 2),MANILA,3,1,BARANGAY 226,,,14.617181,120.978177,,,,,,,24,2022-05-22,OSP
MNL005 LP628 NP1-2,MNL005,LP628,NP1-2,MNL005 LP628,Orchard Building (City Square 2),MANILA,3,1,BARANGAY 226,,,14.617375,120.978564,,,,,,,16,2022-05-22,OSP
MNL005 LP629 NP1-2,MNL005,LP629,NP1-2,MNL005 LP629,Orchard Building (City Square 2),MANILA,3,1,BARANGAY 226,,,14.617184,120.977814,,,,,,,16,2022-05-22,OSP
MNL005 LP629 NP3-5,MNL005,LP629,NP3-5,MNL005 LP629,Orchard Building (City Square 2),MANILA,3,1,BARANGAY 226,,,14.617177,120.977807,,,,,,,24,2022-05-22,OSP
MNL005 LP629 NP6-8,MNL005,LP629,NP6-8,MNL005 LP629,Orchard Building (City Square 2),MANILA,3,1,BARANGAY 226,,,14.617524,120.977912,,,,,,,24,2022-05-22,OSP
MNL037 LP109 NP3-4,MNL037,LP109,NP3-4,MNL037 LP109,Tayuman,MANILA,3,1,BARANGAY 226,,,14.618721,120.978309,,,,,,,16,2020-10-27,OSP
MNL037 LP109 NP5-6,MNL037,LP109,NP5-6,MNL037 LP109,Tayuman,MANILA,3,1,BARANGAY 226,,,14.618122,120.978259,,,,,,,16,2020-10-27,OSP
MNL037 LP109 NP7-8,MNL037,LP109,NP7-8,MNL037 LP109,Tayuman,MANILA,3,1,BARANGAY 226,,,14.617816,120.978233,,,,,,,16,2020-10-27,OSP
MNL037 LP110 NP1-2,MNL037,LP110,NP1-2,MNL037 LP110,Tayuman,MANILA,3,1,BARANGAY 226,,,14.616964,120.978185,,,,,,,16,2020-10-27,OSP
MNL037 LP167 NP3-4,MNL037,LP167,NP3-4,MNL037 LP167,Tayuman,MANILA,3,1,BARANGAY 226,,,14.616791,120.977764,,,,,,,16,2020-11-25,OSP
MNL037 LP2 NP5-6,MNL037,LP2,NP5-6,MNL037 LP2,Tayuman,MANILA,3,1,BARANGAY 226,,,14.61867,120.977729,,,,,,,16,2020-09-29,OSP
MNL037 LP2 NP7-8,MNL037,LP2,NP7-8,MNL037 LP2,Tayuman,MANILA,3,1,BARANGAY 226,,,14.618078,120.977649,,,,,,,16,2020-09-29,OSP