Box Name,OLT,LCP,NAP,LCP Name,Node Name,Municipality,Cluster,Sector,Barangay,Subdivision,Building Name,Latitude,Longitude,Parent Site,Parent Floor,Parent Room,Additional Details,Remarks,Landmark,Capacity,Installation Date,OSP / ISP
MNL004 LP452 NP1-2,MNL004,LP452,NP1-2,MNL004 LP452,Zamora Pandacan,MANILA,3,2,BARANGAY 845,,,14.588898,121.001405,,,,,,,16,2021-08-30,OSP
MNL004 LP452 NP3-5,MNL004,LP452,NP3-5,MNL004 LP452,Zamora Pandacan,MANILA,3,2,BARANGAY 845,,,14.5887,121.001299,,,,,,,24,2021-08-30,OSP
MNL004 LP452 NP6-8,MNL004,LP452,NP6-8,MNL004 LP452,Zamora Pandacan,MANILA,3,2,BARANGAY 845,,,14.588448,121.001135,,,,,,,24,2021-08-30,OSP
MNL004 LP453 NP1-2,MNL004,LP453,NP1-2,MNL004 LP453,Zamora Pandacan,MANILA,3,2,BARANGAY 845,,,14.588141,121.001191,,,,,,,16,2021-08-30,OSP
MNL004 LP453 NP3-5,MNL004,LP453,NP3-5,MNL004 LP453,Zamora Pandacan,MANILA,3,2,BARANGAY 845,,,14.588062,121.00135,,,,,,,24,2021-08-30,OSP
MNL004 LP453 NP6-8,MNL004,LP453,NP6-8,MNL004 LP453,Zamora Pandacan,MANILA,3,2,BARANGAY 845,,,14.587945,121.001589,,,,,,,24,2021-08-30,OSP
MNL004 LP454 NP1-2,MNL004,LP454,NP1-2,MNL004 LP454,Zamora Pandacan,MANILA,3,2,BARANGAY 845,,,14.588401,121.00177,,,,,,,16,2021-08-30,OSP
MNL004 LP454 NP3-5,MNL004,LP454,NP3-5,MNL004 LP454,Zamora Pandacan,MANILA,3,2,BARANGAY 845,,,14.588126,121.001788,,,,,,,24,2021-08-30,OSP
MNL004 LP454 NP6-8,MNL004,LP454,NP6-8,MNL004 LP454,Zamora Pandacan,MANILA,3,2,BARANGAY 845,,,14.587919,121.001785,,,,,,,24,2021-08-30,OSP
MNL004 LP447 NP6-8,MNL004,LP447,NP6-8,MNL004 LP447,Zamora Pandacan,MANILA,3,2,BARANGAY 845,,,14.589962,121.00166,,,,,,,24,2021-08-30,OSP
MNL004 LP448 NP1-2,MNL004,LP448,NP1-2,MNL004 LP448,Zamora Pandacan,MANILA,3,2,BARANGAY 845,,,14.589733,121.001661,,,,,,,16,2021-08-30,OSP
MNL004 LP448 NP3-5,MNL004,LP448,NP3-5,MNL004 LP448,Zamora Pandacan,MANILA,3,2,BARANGAY 845,,,14.589725,121.001671,,,,,,,24,2021-08-30,OSP
MNL004 LP448 NP6-8,MNL004,LP448,NP6-8,MNL004 LP448,Zamora Pandacan,MANILA,3,2,BARANGAY 845,,,14.589517,121.001682,,,,,,,24,2021-08-30,OSP
MNL004 LP449 NP1-2,MNL004,LP449,NP1-2,MNL004 LP449,Zamora Pandacan,MANILA,3,2,BARANGAY 845,,,14.589512,121.001681,,,,,,,16,2021-08-30,OSP
MNL004 LP449 NP3-5,MNL004,LP449,NP3-5,MNL004 LP449,Zamora Pandacan,MANILA,3,2,BARANGAY 845,,,14.589286,121.001695,,,,,,,24,2021-08-30,OSP
MNL004 LP449 NP6-8,MNL004,LP449,NP6-8,MNL004 LP449,Zamora Pandacan,MANILA,3,2,BARANGAY 845,,,14.589281,121.001696,,,,,,,24,2021-08-30,OSP
MNL004 LP450 NP1-2,MNL004,LP450,NP1-2,MNL004 LP450,Zamora Pandacan,MANILA,3,2,BARANGAY 845,,,14.589016,121.001708,,,,,,,16,2021-08-30,OSP
MNL004 LP450 NP3-5,MNL004,LP450,NP3-5,MNL004 LP450,Zamora Pandacan,MANILA,3,2,BARANGAY 845,,,14.589011,121.001711,,,,,,,24,2021-08-30,OSP
MNL004 LP450 NP6-8,MNL004,LP450,NP6-8,MNL004 LP450,Zamora Pandacan,MANILA,3,2,BARANGAY 845,,,14.58871,121.001723,,,,,,,24,2021-08-30,OSP
MNL004 LP451 NP1-2,MNL004,LP451,NP1-2,MNL004 LP451,Zamora Pandacan,MANILA,3,2,BARANGAY 845,,,14.588706,121.001723,,,,,,,16,2021-08-30,OSP
MNL004 LP451 NP3-5,MNL004,LP451,NP3-5,MNL004 LP451,Zamora Pandacan,MANILA,3,2,BARANGAY 845,,,14.588705,121.001729,,,,,,,24,2021-08-30,OSP
MNL001 LP280 NP1-2,MNL001,LP280,NP1-2,MNL001 LP280,Zen Tower,MANILA,3,2,BARANGAY 845,,,14.58788398,121.0017648,,,,,,,16,2019-08-02,OSP
MNL001 LP280 NP3-4,MNL001,LP280,NP3-4,MNL001 LP280,Zen Tower,MANILA,3,2,BARANGAY 845,,,14.58822693,121.0010228,,,,,,,16,2019-08-02,OSP
MNL001 LP280 NP5-6,MNL001,LP280,NP5-6,MNL001 LP280,Zen Tower,MANILA,3,2,BARANGAY 845,,,14.58887447,121.0014319,,,,,,,16,2019-08-02,OSP
MNL001 LP280 NP7-8,MNL001,LP280,NP7-8,MNL001 LP280,Zen Tower,MANILA,3,2,BARANGAY 845,,,14.58948045,121.0016888,,,,,,,16,2019-08-02,OSP
MNL004 LP100 NP1-2,MNL004,LP100,NP1-2,MNL004 LP100,Zamora Pandacan,MANILA,3,2,BARANGAY 846,,,14.588462,121.002176,,,,,,,16,2020-02-09,OSP
MNL004 LP100 NP3-4,MNL004,LP100,NP3-4,MNL004 LP100,Zamora Pandacan,MANILA,3,2,BARANGAY 846,,,14.58858,121.002039,,,,,,,16,2020-02-09,OSP
MNL004 LP100 NP5-6,MNL004,LP100,NP5-6,MNL004 LP100,Zamora Pandacan,MANILA,3,2,BARANGAY 846,,,14.588966,121.002011,,,,,,,16,2020-02-09,OSP
MNL004 LP100 NP7-8,MNL004,LP100,NP7-8,MNL004 LP100,Zamora Pandacan,MANILA,3,2,BARANGAY 846,,,14.589606,121.001962,,,,,,,16,2020-02-09,OSP
MNL004 LP320 NP3-4-5,MNL004,LP320,NP3-4-5,MNL004 LP320,Zamora Pandacan,MANILA,3,2,BARANGAY 846,,,14.588995,121.00254,,,,,,,24,2021-07-18,OSP
MNL004 LP320 NP6-7-8,MNL004,LP320,NP6-7-8,MNL004 LP320,Zamora Pandacan,MANILA,3,2,BARANGAY 846,,,14.589226,121.00271,,,,,,,24,2021-07-18,OSP
MNL004 LP321 NP1-2,MNL004,LP321,NP1-2,MNL004 LP321,Zamora Pandacan,MANILA,3,2,BARANGAY 846,,,14.588584,121.002,,,,,,,16,2021-07-18,OSP
MNL004 LP321 NP3-4-5,MNL004,LP321,NP3-4-5,MNL004 LP321,Zamora Pandacan,MANILA,3,2,BARANGAY 846,,,14.58855,121.002,,,,,,,24,2021-07-18,OSP
MNL004 LP321 NP6-7-8,MNL004,LP321,NP6-7-8,MNL004 LP321,Zamora Pandacan,MANILA,3,2,BARANGAY 846,,,14.588966,121.00198,,,,,,,24,2021-07-18,OSP
MNL004 LP322 NP1-2,MNL004,LP322,NP1-2,MNL004 LP322,Zamora Pandacan,MANILA,3,2,BARANGAY 846,,,14.58894,121.00199,,,,,,,16,2021-07-18,OSP
MNL004 LP322 NP3-4-5,MNL004,LP322,NP3-4-5,MNL004 LP322,Zamora Pandacan,MANILA,3,2,BARANGAY 846,,,14.58934,121.00194,,,,,,,24,2021-07-18,OSP
MNL004 LP322 NP6-7-8,MNL004,LP322,NP6-7-8,MNL004 LP322,Zamora Pandacan,MANILA,3,2,BARANGAY 846,,,14.589315,121.00195,,,,,,,24,2021-07-18,OSP
MNL004 LP323 NP1-2,MNL004,LP323,NP1-2,MNL004 LP323,Zamora Pandacan,MANILA,3,2,BARANGAY 846,,,14.589397,121.00196,,,,,,,16,2021-07-18,OSP
MNL004 LP323 NP3-4-5,MNL004,LP323,NP3-4-5,MNL004 LP323,Zamora Pandacan,MANILA,3,2,BARANGAY 846,,,14.589571,121.00195,,,,,,,24,2021-07-18,OSP
MNL004 LP323 NP6-7-8,MNL004,LP323,NP6-7-8,MNL004 LP323,Zamora Pandacan,MANILA,3,2,BARANGAY 846,,,14.589538,121.00196,,,,,,,24,2021-07-18,OSP
MNL004 LP324 NP1-2,MNL004,LP324,NP1-2,MNL004 LP324,Zamora Pandacan,MANILA,3,2,BARANGAY 846,,,14.589464,121.00289,,,,,,,16,2021-07-18,OSP
MNL001 LP266 NP7-8,MNL001,LP266,NP7-8,MNL001 LP266,Zen Tower,MANILA,3,2,BARANGAY 846,,,14.5888131,121.0023973,,,,,,,16,2019-07-30,OSP
MNL001 LP267 NP1-2,MNL001,LP267,NP1-2,MNL001 LP267,Zen Tower,MANILA,3,2,BARANGAY 846,,,14.5892342,121.0026997,,,,,,,16,2019-07-30,OSP
MNL004 LP101 NP1-2,MNL004,LP101,NP1-2,MNL004 LP101,Zamora Pandacan,MANILA,3,2,BARANGAY 847,,,14.590249,121.002928,,,,,,,16,2020-02-09,OSP
MNL004 LP101 NP3-4,MNL004,LP101,NP3-4,MNL004 LP101,Zamora Pandacan,MANILA,3,2,BARANGAY 847,,,14.590332,121.002304,,,,,,,16,2020-02-09,OSP
MNL004 LP101 NP5-6,MNL004,LP101,NP5-6,MNL004 LP101,Zamora Pandacan,MANILA,3,2,BARANGAY 847,,,14.591152,121.003163,,,,,,,16,2020-02-09,OSP
MNL004 LP102 NP5-6,MNL004,LP102,NP5-6,MNL004 LP102,Zamora Pandacan,MANILA,3,2,BARANGAY 847,,,14.591281,121.003717,,,,,,,16,2020-02-09,OSP
MNL004 LP102 NP7-8,MNL004,LP102,NP7-8,MNL004 LP102,Zamora Pandacan,MANILA,3,2,BARANGAY 847,,,14.590785,121.003571,,,,,,,16,2020-02-09,OSP
MNL004 LP103 NP1-2,MNL004,LP103,NP1-2,MNL004 LP103,Zamora Pandacan,MANILA,3,2,BARANGAY 847,,,14.590105,121.003375,,,,,,,16,2020-02-09,OSP
MNL004 LP103 NP3-4,MNL004,LP103,NP3-4,MNL004 LP103,Zamora Pandacan,MANILA,3,2,BARANGAY 847,,,14.5896,121.003228,,,,,,,16,2020-02-09,OSP
MNL004 LP103 NP5-6,MNL004,LP103,NP5-6,MNL004 LP103,Zamora Pandacan,MANILA,3,2,BARANGAY 847,,,14.590196,121.003107,,,,,,,16,2020-02-09,OSP
MNL004 LP103 NP7-8,MNL004,LP103,NP7-8,MNL004 LP103,Zamora Pandacan,MANILA,3,2,BARANGAY 847,,,14.591121,121.003374,,,,,,,16,2020-02-09,OSP
MNL004 LP104 NP1-2,MNL004,LP104,NP1-2,MNL004 LP104,Zamora Pandacan,MANILA,3,2,BARANGAY 847,,,14.590009,121.003711,,,,,,,16,2020-02-09,OSP
MNL004 LP105 NP1-2,MNL004,LP105,NP1-2,MNL004 LP105,Zamora Pandacan,MANILA,3,2,BARANGAY 847,,,14.590948,121.003994,,,,,,,16,2020-02-09,OSP
MNL004 LP105 NP3-4,MNL004,LP105,NP3-4,MNL004 LP105,Zamora Pandacan,MANILA,3,2,BARANGAY 847,,,14.590411,121.00417,,,,,,,16,2020-02-09,OSP
MNL004 LP364 NP3-4-5,MNL004,LP364,NP3-4-5,MNL004 LP364,Zamora Pandacan,MANILA,3,2,BARANGAY 847,,,14.590231,121.002912,,,,,,,24,2021-07-18,OSP
MNL004 LP364 NP6-7-8,MNL004,LP364,NP6-7-8,MNL004 LP364,Zamora Pandacan,MANILA,3,2,BARANGAY 847,,,14.590237,121.00245,,,,,,,24,2021-07-18,OSP
MNL004 LP365 NP1-2,MNL004,LP365,NP1-2,MNL004 LP365,Zamora Pandacan,MANILA,3,2,BARANGAY 847,,,14.590618,121.003003,,,,,,,16,2021-07-18,OSP
MNL004 LP365 NP3-4-5,MNL004,LP365,NP3-4-5,MNL004 LP365,Zamora Pandacan,MANILA,3,2,BARANGAY 847,,,14.590803,121.00307,,,,,,,24,2021-07-18,OSP
MNL004 LP376 NP1-2,MNL004,LP376,NP1-2,MNL004 LP376,Zamora Pandacan,MANILA,3,2,BARANGAY 847,,,14.590865,121.00397,,,,,,,16,2021-07-18,OSP
MNL004 LP376 NP3-4-5,MNL004,LP376,NP3-4-5,MNL004 LP376,Zamora Pandacan,MANILA,3,2,BARANGAY 847,,,14.590365,121.00382,,,,,,,24,2021-07-18,OSP
MNL004 LP376 NP6-7-8,MNL004,LP376,NP6-7-8,MNL004 LP376,Zamora Pandacan,MANILA,3,2,BARANGAY 847,,,14.590011,121.00371,,,,,,,24,2021-07-18,OSP
MNL004 LP377 NP1-2,MNL004,LP377,NP1-2,MNL004 LP377,Zamora Pandacan,MANILA,3,2,BARANGAY 847,,,14.59069,121.00419,,,,,,,16,2021-07-18,OSP
MNL004 LP237 NP3-4-5,MNL004,LP237,NP3-4-5,MNL004 LP237,Zamora Pandacan,MANILA,3,2,BARANGAY 847,,,14.589668,121.003005,,,,,,,24,2021-06-25,OSP
MNL004 LP237 NP6-7-8,MNL004,LP237,NP6-7-8,MNL004 LP237,Zamora Pandacan,MANILA,3,2,BARANGAY 847,,,14.590765,121.003301,,,,,,,24,2021-06-25,OSP
MNL004 LP371 NP6-7-8,MNL004,LP371,NP6-7-8,MNL004 LP371,Zamora Pandacan,MANILA,3,2,BARANGAY 847,,,14.590741,121.0033,,,,,,,24,2021-07-18,OSP
MNL004 LP372 NP1-2,MNL004,LP372,NP1-2,MNL004 LP372,Zamora Pandacan,MANILA,3,2,BARANGAY 847,,,14.590162,121.00314,,,,,,,16,2021-07-18,OSP
MNL004 LP372 NP3-4-5,MNL004,LP372,NP3-4-5,MNL004 LP372,Zamora Pandacan,MANILA,3,2,BARANGAY 847,,,14.589906,121.00306,,,,,,,24,2021-07-18,OSP
MNL004 LP372 NP6-7-8,MNL004,LP372,NP6-7-8,MNL004 LP372,Zamora Pandacan,MANILA,3,2,BARANGAY 847,,,14.589817,121.00325,,,,,,,24,2021-07-18,OSP
MNL004 LP373 NP1-2,MNL004,LP373,NP1-2,MNL004 LP373,Zamora Pandacan,MANILA,3,2,BARANGAY 847,,,14.590304,121.00341,,,,,,,16,2021-07-18,OSP
MNL004 LP373 NP3-4-5,MNL004,LP373,NP3-4-5,MNL004 LP373,Zamora Pandacan,MANILA,3,2,BARANGAY 847,,,14.590594,121.00349,,,,,,,24,2021-07-18,OSP
MNL004 LP373 NP6-7-8,MNL004,LP373,NP6-7-8,MNL004 LP373,Zamora Pandacan,MANILA,3,2,BARANGAY 847,,,14.590953,121.00361,,,,,,,24,2021-07-18,OSP
MNL004 LP362 NP1-2,MNL004,LP362,NP1-2,MNL004 LP362,Zamora Pandacan,MANILA,3,2,BARANGAY 847,,,14.589702,121.00277,,,,,,,16,2021-07-18,OSP
MNL004 LP362 NP3-4-5,MNL004,LP362,NP3-4-5,MNL004 LP362,Zamora Pandacan,MANILA,3,2,BARANGAY 847,,,14.589723,121.002772,,,,,,,24,2021-07-18,OSP
MNL004 LP362 NP6-7-8,MNL004,LP362,NP6-7-8,MNL004 LP362,Zamora Pandacan,MANILA,3,2,BARANGAY 847,,,14.589959,121.002775,,,,,,,24,2021-07-18,OSP
MNL004 LP363 NP1-2,MNL004,LP363,NP1-2,MNL004 LP363,Zamora Pandacan,MANILA,3,2,BARANGAY 847,,,14.58994,121.00277,,,,,,,16,2021-07-18,OSP
MNL004 LP363 NP3-4-5,MNL004,LP363,NP3-4-5,MNL004 LP363,Zamora Pandacan,MANILA,3,2,BARANGAY 847,,,14.589926,121.002768,,,,,,,24,2021-07-18,OSP
MNL004 LP363 NP6-7-8,MNL004,LP363,NP6-7-8,MNL004 LP363,Zamora Pandacan,MANILA,3,2,BARANGAY 847,,,14.59011,121.00282,,,,,,,24,2021-07-18,OSP
MNL004 LP364 NP1-2,MNL004,LP364,NP1-2,MNL004 LP364,Zamora Pandacan,MANILA,3,2,BARANGAY 847,,,14.590249,121.00292,,,,,,,16,2021-07-18,OSP
MNL001 LP241 NP3-4,MNL001,LP241,NP3-4,MNL001 LP241,Zen Tower,MANILA,3,2,BARANGAY 847,,,14.58971457,121.0027804,,,,,,,16,2019-06-01,OSP
MNL001 LP241 NP5-6,MNL001,LP241,NP5-6,MNL001 LP241,Zen Tower,MANILA,3,2,BARANGAY 847,,,14.58966684,121.0029891,,,,,,,16,2019-06-01,OSP
MNL001 LP241 NP7-8,MNL001,LP241,NP7-8,MNL001 LP241,Zen Tower,MANILA,3,2,BARANGAY 847,,,14.59053521,121.0032298,,,,,,,16,2019-06-01,OSP
MNL001 LP243 NP1-2,MNL001,LP243,NP1-2,MNL001 LP243,Zen Tower,MANILA,3,2,BARANGAY 847,,,14.5904049,121.0038292,,,,,,,16,2019-06-01,OSP
MNL001 LP243 NP3-4,MNL001,LP243,NP3-4,MNL001 LP243,Zen Tower,MANILA,3,2,BARANGAY 847,,,14.59047069,121.0034697,,,,,,,16,2019-06-01,OSP
MNL001 LP243 NP5-6,MNL001,LP243,NP5-6,MNL001 LP243,Zen Tower,MANILA,3,2,BARANGAY 847,,,14.58953084,121.0034947,,,,,,,16,2019-06-01,OSP
MNL001 LP241 NP1-2,MNL001,LP241,NP1-2,MNL001 LP241,Zen Tower,MANILA,3,2,BARANGAY 847,,,14.59058459,121.0029972,,,,,,,16,2019-06-01,OSP
MNL004 LP101 NP7-8,MNL004,LP101,NP7-8,MNL004 LP101,Zamora Pandacan,MANILA,3,2,BARANGAY 848,,,14.592332,121.003468,,,,,,,16,2020-02-09,OSP
MNL004 LP102 NP3-4,MNL004,LP102,NP3-4,MNL004 LP102,Zamora Pandacan,MANILA,3,2,BARANGAY 848,,,14.592243,121.003982,,,,,,,16,2020-02-09,OSP
MNL004 LP105 NP5-6,MNL004,LP105,NP5-6,MNL004 LP105,Zamora Pandacan,MANILA,3,2,BARANGAY 848,,,14.591084,121.004371,,,,,,,16,2020-02-09,OSP
MNL004 LP105 NP7-8,MNL004,LP105,NP7-8,MNL004 LP105,Zamora Pandacan,MANILA,3,2,BARANGAY 848,,,14.591536,121.004469,,,,,,,16,2020-02-09,OSP
MNL004 LP365 NP6-7-8,MNL004,LP365,NP6-7-8,MNL004 LP365,Zamora Pandacan,MANILA,3,2,BARANGAY 848,,,14.591754,121.00332,,,,,,,24,2021-07-18,OSP
MNL004 LP366 NP1-2,MNL004,LP366,NP1-2,MNL004 LP366,Zamora Pandacan,MANILA,3,2,BARANGAY 848,,,14.592209,121.00344,,,,,,,16,2021-07-18,OSP
MNL004 LP374 NP3-4-5,MNL004,LP374,NP3-4-5,MNL004 LP374,Zamora Pandacan,MANILA,3,2,BARANGAY 848,,,14.591975,121.0039,,,,,,,24,2021-07-18,OSP
MNL004 LP375 NP1-2,MNL004,LP375,NP1-2,MNL004 LP375,Zamora Pandacan,MANILA,3,2,BARANGAY 848,,,14.592293,121.00443,,,,,,,16,2021-07-18,OSP
MNL004 LP375 NP3-4-5,MNL004,LP375,NP3-4-5,MNL004 LP375,Zamora Pandacan,MANILA,3,2,BARANGAY 848,,,14.591865,121.00429,,,,,,,24,2021-07-18,OSP
MNL004 LP375 NP6-7-8,MNL004,LP375,NP6-7-8,MNL004 LP375,Zamora Pandacan,MANILA,3,2,BARANGAY 848,,,14.591447,121.004146,,,,,,,24,2021-07-18,OSP
MNL004 LP377 NP3-4-5,MNL004,LP377,NP3-4-5,MNL004 LP377,Zamora Pandacan,MANILA,3,2,BARANGAY 848,,,14.591252,121.00433,,,,,,,24,2021-07-18,OSP
MNL004 LP377 NP6-7-8,MNL004,LP377,NP6-7-8,MNL004 LP377,Zamora Pandacan,MANILA,3,2,BARANGAY 848,,,14.591812,121.00463,,,,,,,24,2021-07-18,OSP
MNL004 LP378 NP6-7-8,MNL004,LP378,NP6-7-8,MNL004 LP378,Zamora Pandacan,MANILA,3,2,BARANGAY 848,,,14.590982,121.0056,,,,,,,24,2021-07-18,OSP
MNL004 LP238 NP1-2,MNL004,LP238,NP1-2,MNL004 LP238,Zamora Pandacan,MANILA,3,2,BARANGAY 848,,,14.591856,121.003597,,,,,,,16,2021-06-25,OSP
MNL004 LP371 NP1-2,MNL004,LP371,NP1-2,MNL004 LP371,Zamora Pandacan,MANILA,3,2,BARANGAY 848,,,14.592389,121.00374,,,,,,,16,2021-07-18,OSP
MNL004 LP371 NP3-4-5,MNL004,LP371,NP3-4-5,MNL004 LP371,Zamora Pandacan,MANILA,3,2,BARANGAY 848,,,14.59184,121.00359,,,,,,,24,2021-07-18,OSP
MNL004 LP374 NP1-2,MNL004,LP374,NP1-2,MNL004 LP374,Zamora Pandacan,MANILA,3,2,BARANGAY 848,,,14.591717,121.00382,,,,,,,16,2021-07-18,OSP
MNL001 LP242 NP1-2,MNL001,LP242,NP1-2,MNL001 LP242,Zen Tower,MANILA,3,2,BARANGAY 848,,,14.5918258,121.0035819,,,,,,,16,2019-06-01,OSP
MNL001 LP242 NP5-6,MNL001,LP242,NP5-6,MNL001 LP242,Zen Tower,MANILA,3,2,BARANGAY 848,,,14.59231742,121.0044001,,,,,,,16,2019-06-01,OSP
MNL001 LP242 NP7-8,MNL001,LP242,NP7-8,MNL001 LP242,Zen Tower,MANILA,3,2,BARANGAY 848,,,14.5916208,121.004204,,,,,,,16,2019-06-01,OSP
MNL001 LP240 NP7-8,MNL001,LP240,NP7-8,MNL001 LP240,Zen Tower,MANILA,3,2,BARANGAY 848,,,14.59153047,121.0032529,,,,,,,16,2019-06-01,OSP
MNL004 LP487 NP3-5,MNL004,LP487,NP3-5,MNL004 LP487,Zamora Pandacan,MANILA,3,2,BARANGAY 849,,,14.584616,120.999966,,,,,,,24,2021-08-30,OSP
MNL004 LP487 NP6-8,MNL004,LP487,NP6-8,MNL004 LP487,Zamora Pandacan,MANILA,3,2,BARANGAY 849,,,14.584613,120.999968,,,,,,,24,2021-08-30,OSP
MNL004 LP488 NP1-2,MNL004,LP488,NP1-2,MNL004 LP488,Zamora Pandacan,MANILA,3,2,BARANGAY 849,,,14.584613,120.999973,,,,,,,16,2021-08-30,OSP
MNL004 LP488 NP3-5,MNL004,LP488,NP3-5,MNL004 LP488,Zamora Pandacan,MANILA,3,2,BARANGAY 849,,,14.584445,121.000285,,,,,,,24,2021-08-30,OSP
MNL004 LP488 NP6-8,MNL004,LP488,NP6-8,MNL004 LP488,Zamora Pandacan,MANILA,3,2,BARANGAY 849,,,14.584442,121.000294,,,,,,,24,2021-08-30,OSP
MNL004 LP489 NP1-2,MNL004,LP489,NP1-2,MNL004 LP489,Zamora Pandacan,MANILA,3,2,BARANGAY 849,,,14.584439,121.00029,,,,,,,16,2021-08-30,OSP
MNL004 LP489 NP3-5,MNL004,LP489,NP3-5,MNL004 LP489,Zamora Pandacan,MANILA,3,2,BARANGAY 849,,,14.584255,121.000533,,,,,,,24,2021-08-30,OSP
MNL004 LP489 NP6-8,MNL004,LP489,NP6-8,MNL004 LP489,Zamora Pandacan,MANILA,3,2,BARANGAY 849,,,14.584163,121.000553,,,,,,,24,2021-08-30,OSP
MNL004 LP490 NP1-2,MNL004,LP490,NP1-2,MNL004 LP490,Zamora Pandacan,MANILA,3,2,BARANGAY 849,,,14.584159,121.000553,,,,,,,16,2021-08-30,OSP
MNL004 LP490 NP3-5,MNL004,LP490,NP3-5,MNL004 LP490,Zamora Pandacan,MANILA,3,2,BARANGAY 849,,,14.584163,121.000558,,,,,,,24,2021-08-30,OSP
MNL004 LP490 NP6-8,MNL004,LP490,NP6-8,MNL004 LP490,Zamora Pandacan,MANILA,3,2,BARANGAY 849,,,14.583955,121.000617,,,,,,,24,2021-08-30,OSP
MNL001 LP382 NP1-2,MNL001,LP382,NP1-2,MNL001 LP382,Zen Tower,MANILA,3,2,BARANGAY 849,,,14.584556,121.000091,,,,,,,16,2020-10-26,OSP
MNL001 LP382 NP3-4,MNL001,LP382,NP3-4,MNL001 LP382,Zen Tower,MANILA,3,2,BARANGAY 849,,,14.584349,121.000431,,,,,,,16,2020-10-26,OSP
MNL001 LP382 NP5-6,MNL001,LP382,NP5-6,MNL001 LP382,Zen Tower,MANILA,3,2,BARANGAY 849,,,14.584266,121.000539,,,,,,,16,2020-10-26,OSP
MNL001 LP382 NP7-8,MNL001,LP382,NP7-8,MNL001 LP382,Zen Tower,MANILA,3,2,BARANGAY 849,,,14.584068,121.000584,,,,,,,16,2020-10-26,OSP
MNL001 LP408 NP1-2,MNL001,LP408,NP1-2,MNL001 LP408,Zen Tower,MANILA,3,2,BARANGAY 849,,,14.584616,120.999965,,,,,,,16,2021-06-26,OSP
MNL001 LP408 NP3-4,MNL001,LP408,NP3-4,MNL001 LP408,Zen Tower,MANILA,3,2,BARANGAY 849,,,14.584443,121.000289,,,,,,,16,2021-06-26,OSP
MNL001 LP408 NP5-6,MNL001,LP408,NP5-6,MNL001 LP408,Zen Tower,MANILA,3,2,BARANGAY 849,,,14.584263,121.000535,,,,,,,16,2021-06-26,OSP
MNL001 LP408 NP7-8,MNL001,LP408,NP7-8,MNL001 LP408,Zen Tower,MANILA,3,2,BARANGAY 849,,,14.58416,121.000543,,,,,,,16,2021-06-26,OSP
MNL004 LP481 NP6-8,MNL004,LP481,NP6-8,MNL004 LP481,Zamora Pandacan,MANILA,3,2,BARANGAY 850,,,14.58524,121.000844,,,,,,,24,2021-08-30,OSP
MNL004 LP482 NP1-2,MNL004,LP482,NP1-2,MNL004 LP482,Zamora Pandacan,MANILA,3,2,BARANGAY 850,,,14.585234,121.000847,,,,,,,16,2021-08-30,OSP
MNL004 LP482 NP3-5,MNL004,LP482,NP3-5,MNL004 LP482,Zamora Pandacan,MANILA,3,2,BARANGAY 850,,,14.585237,121.000851,,,,,,,24,2021-08-30,OSP
MNL004 LP482 NP6-8,MNL004,LP482,NP6-8,MNL004 LP482,Zamora Pandacan,MANILA,3,2,BARANGAY 850,,,14.58497,121.00109,,,,,,,24,2021-08-30,OSP
MNL004 LP483 NP1-2,MNL004,LP483,NP1-2,MNL004 LP483,Zamora Pandacan,MANILA,3,2,BARANGAY 850,,,14.584977,121.001089,,,,,,,16,2021-08-30,OSP
MNL004 LP483 NP3-5,MNL004,LP483,NP3-5,MNL004 LP483,Zamora Pandacan,MANILA,3,2,BARANGAY 850,,,14.584971,121.001094,,,,,,,24,2021-08-30,OSP
MNL004 LP483 NP6-8,MNL004,LP483,NP6-8,MNL004 LP483,Zamora Pandacan,MANILA,3,2,BARANGAY 850,,,14.584712,121.001324,,,,,,,24,2021-08-30,OSP
MNL004 LP484 NP1-2,MNL004,LP484,NP1-2,MNL004 LP484,Zamora Pandacan,MANILA,3,2,BARANGAY 850,,,14.584477,121.001015,,,,,,,16,2021-08-30,OSP
MNL004 LP484 NP3-5,MNL004,LP484,NP3-5,MNL004 LP484,Zamora Pandacan,MANILA,3,2,BARANGAY 850,,,14.584483,121.001008,,,,,,,24,2021-08-30,OSP
MNL004 LP484 NP6-8,MNL004,LP484,NP6-8,MNL004 LP484,Zamora Pandacan,MANILA,3,2,BARANGAY 850,,,14.584488,121.001013,,,,,,,24,2021-08-30,OSP
MNL004 LP473 NP1-2,MNL004,LP473,NP1-2,MNL004 LP473,Zamora Pandacan,MANILA,3,2,BARANGAY 850,,,14.584407,121.001514,,,,,,,16,2021-08-30,OSP
MNL001 LP271 NP1-2,MNL001,LP271,NP1-2,MNL001 LP271,Zen Tower,MANILA,3,2,BARANGAY 850,,,14.58523806,121.0008418,,,,,,,16,2019-08-02,OSP
MNL001 LP271 NP3-4,MNL001,LP271,NP3-4,MNL001 LP271,Zen Tower,MANILA,3,2,BARANGAY 850,,,14.58496989,121.0010864,,,,,,,16,2019-08-02,OSP
MNL001 LP271 NP5-6,MNL001,LP271,NP5-6,MNL001 LP271,Zen Tower,MANILA,3,2,BARANGAY 850,,,14.58470611,121.0013277,,,,,,,16,2019-08-02,OSP
MNL001 LP271 NP7-8,MNL001,LP271,NP7-8,MNL001 LP271,Zen Tower,MANILA,3,2,BARANGAY 850,,,14.58445571,121.0009799,,,,,,,16,2019-08-02,OSP
MNL004 LP493 NP3-5,MNL004,LP493,NP3-5,MNL004 LP493,Zamora Pandacan,MANILA,3,2,BARANGAY 851,,,14.58325,121.001023,,,,,,,24,2021-08-30,OSP
MNL004 LP493 NP6-8,MNL004,LP493,NP6-8,MNL004 LP493,Zamora Pandacan,MANILA,3,2,BARANGAY 851,,,14.583245,121.001029,,,,,,,24,2021-08-30,OSP
MNL004 LP494 NP1-2,MNL004,LP494,NP1-2,MNL004 LP494,Zamora Pandacan,MANILA,3,2,BARANGAY 851,,,14.583246,121.001025,,,,,,,16,2021-08-30,OSP
MNL004 LP494 NP3-5,MNL004,LP494,NP3-5,MNL004 LP494,Zamora Pandacan,MANILA,3,2,BARANGAY 851,,,14.583167,121.001131,,,,,,,24,2021-08-30,OSP
MNL004 LP494 NP6-8,MNL004,LP494,NP6-8,MNL004 LP494,Zamora Pandacan,MANILA,3,2,BARANGAY 851,,,14.58317,121.001137,,,,,,,24,2021-08-30,OSP
MNL004 LP495 NP1-2,MNL004,LP495,NP1-2,MNL004 LP495,Zamora Pandacan,MANILA,3,2,BARANGAY 851,,,14.583173,121.001131,,,,,,,16,2021-08-30,OSP
MNL004 LP495 NP3-5,MNL004,LP495,NP3-5,MNL004 LP495,Zamora Pandacan,MANILA,3,2,BARANGAY 851,,,14.583382,121.001292,,,,,,,24,2021-08-30,OSP
MNL004 LP495 NP6-8,MNL004,LP495,NP6-8,MNL004 LP495,Zamora Pandacan,MANILA,3,2,BARANGAY 851,,,14.58345,121.001293,,,,,,,24,2021-08-30,OSP
MNL004 LP496 NP1-2,MNL004,LP496,NP1-2,MNL004 LP496,Zamora Pandacan,MANILA,3,2,BARANGAY 851,,,14.583632,121.001394,,,,,,,16,2021-08-30,OSP
MNL004 LP496 NP3-5,MNL004,LP496,NP3-5,MNL004 LP496,Zamora Pandacan,MANILA,3,2,BARANGAY 851,,,14.583737,121.001269,,,,,,,24,2021-08-30,OSP
MNL004 LP471 NP6-8,MNL004,LP471,NP6-8,MNL004 LP471,Zamora Pandacan,MANILA,3,2,BARANGAY 851,,,14.584711,121.001944,,,,,,,24,2021-08-30,OSP
MNL004 LP472 NP1-2,MNL004,LP472,NP1-2,MNL004 LP472,Zamora Pandacan,MANILA,3,2,BARANGAY 851,,,14.58459,121.001749,,,,,,,16,2021-08-30,OSP
MNL004 LP472 NP3-5,MNL004,LP472,NP3-5,MNL004 LP472,Zamora Pandacan,MANILA,3,2,BARANGAY 851,,,14.584328,121.00182,,,,,,,24,2021-08-30,OSP
MNL004 LP472 NP6-8,MNL004,LP472,NP6-8,MNL004 LP472,Zamora Pandacan,MANILA,3,2,BARANGAY 851,,,14.584148,121.001844,,,,,,,24,2021-08-30,OSP
MNL004 LP473 NP3-5,MNL004,LP473,NP3-5,MNL004 LP473,Zamora Pandacan,MANILA,3,2,BARANGAY 851,,,14.58414,121.001553,,,,,,,24,2021-08-30,OSP
MNL004 LP473 NP6-8,MNL004,LP473,NP6-8,MNL004 LP473,Zamora Pandacan,MANILA,3,2,BARANGAY 851,,,14.583869,121.001614,,,,,,,24,2021-08-30,OSP
MNL004 LP474 NP1-2,MNL004,LP474,NP1-2,MNL004 LP474,Zamora Pandacan,MANILA,3,2,BARANGAY 851,,,14.584377,121.001953,,,,,,,16,2021-08-30,OSP
MNL004 LP474 NP3-5,MNL004,LP474,NP3-5,MNL004 LP474,Zamora Pandacan,MANILA,3,2,BARANGAY 851,,,14.58416,121.001965,,,,,,,24,2021-08-30,OSP
MNL004 LP474 NP6-8,MNL004,LP474,NP6-8,MNL004 LP474,Zamora Pandacan,MANILA,3,2,BARANGAY 851,,,14.583921,121.001987,,,,,,,24,2021-08-30,OSP
MNL004 LP469 NP3-5,MNL004,LP469,NP3-5,MNL004 LP469,Zamora Pandacan,MANILA,3,2,BARANGAY 851,,,14.585598,121.001871,,,,,,,24,2021-08-30,OSP
MNL004 LP469 NP6-8,MNL004,LP469,NP6-8,MNL004 LP469,Zamora Pandacan,MANILA,3,2,BARANGAY 851,,,14.58559,121.001876,,,,,,,24,2021-08-30,OSP
MNL004 LP470 NP1-2,MNL004,LP470,NP1-2,MNL004 LP470,Zamora Pandacan,MANILA,3,2,BARANGAY 851,,,14.585301,121.00188,,,,,,,16,2021-08-30,OSP
MNL004 LP470 NP3-5,MNL004,LP470,NP3-5,MNL004 LP470,Zamora Pandacan,MANILA,3,2,BARANGAY 851,,,14.585298,121.001868,,,,,,,24,2021-08-30,OSP
MNL004 LP470 NP6-8,MNL004,LP470,NP6-8,MNL004 LP470,Zamora Pandacan,MANILA,3,2,BARANGAY 851,,,14.585306,121.001866,,,,,,,24,2021-08-30,OSP
MNL004 LP471 NP1-2,MNL004,LP471,NP1-2,MNL004 LP471,Zamora Pandacan,MANILA,3,2,BARANGAY 851,,,14.584714,121.001936,,,,,,,16,2021-08-30,OSP
MNL004 LP471 NP3-5,MNL004,LP471,NP3-5,MNL004 LP471,Zamora Pandacan,MANILA,3,2,BARANGAY 851,,,14.584705,121.001938,,,,,,,24,2021-08-30,OSP
MNL001 LP384 NP3-4,MNL001,LP384,NP3-4,MNL001 LP384,Zen Tower,MANILA,3,2,BARANGAY 851,,,14.583173,121.001129,,,,,,,16,2020-10-26,OSP
MNL001 LP384 NP5-6,MNL001,LP384,NP5-6,MNL001 LP384,Zen Tower,MANILA,3,2,BARANGAY 851,,,14.583384,121.001294,,,,,,,16,2020-10-26,OSP
MNL001 LP384 NP7-8,MNL001,LP384,NP7-8,MNL001 LP384,Zen Tower,MANILA,3,2,BARANGAY 851,,,14.583509,121.001313,,,,,,,16,2020-10-26,OSP
MNL001 LP385 NP1-2,MNL001,LP385,NP1-2,MNL001 LP385,Zen Tower,MANILA,3,2,BARANGAY 851,,,14.583633,121.001388,,,,,,,16,2020-10-26,OSP
MNL001 LP385 NP3-4,MNL001,LP385,NP3-4,MNL001 LP385,Zen Tower,MANILA,3,2,BARANGAY 851,,,14.58375,121.001273,,,,,,,16,2020-10-26,OSP
MNL004 LP497 NP3-5,MNL004,LP497,NP3-5,MNL004 LP497,Zamora Pandacan,MANILA,3,2,BARANGAY 852,,,14.583889,121.001097,,,,,,,24,2021-08-30,OSP
MNL004 LP497 NP6-8,MNL004,LP497,NP6-8,MNL004 LP497,Zamora Pandacan,MANILA,3,2,BARANGAY 852,,,14.58399,121.001036,,,,,,,24,2021-08-30,OSP
MNL004 LP496 NP6-8,MNL004,LP496,NP6-8,MNL004 LP496,Zamora Pandacan,MANILA,3,2,BARANGAY 852,,,14.583815,121.001189,,,,,,,24,2021-08-30,OSP
MNL004 LP497 NP1-2,MNL004,LP497,NP1-2,MNL004 LP497,Zamora Pandacan,MANILA,3,2,BARANGAY 852,,,14.583882,121.001102,,,,,,,16,2021-08-30,OSP
MNL001 LP383 NP1-2,MNL001,LP383,NP1-2,MNL001 LP383,Zen Tower,MANILA,3,2,BARANGAY 852,,,14.58382,121.000698,,,,,,,16,2020-10-26,OSP
MNL001 LP385 NP5-6,MNL001,LP385,NP5-6,MNL001 LP385,Zen Tower,MANILA,3,2,BARANGAY 852,,,14.583922,121.001098,,,,,,,16,2020-10-26,OSP
MNL004 LP99 NP7-8,MNL004,LP99,NP7-8,MNL004 LP99,Zamora Pandacan,MANILA,3,2,BARANGAY 855,,,14.585585,121.003071,,,,,,,16,2020-02-09,OSP
MNL004 LP99 NP1-2,MNL004,LP99,NP1-2,MNL004 LP99,Zamora Pandacan,MANILA,3,2,BARANGAY 855,,,14.584874,121.00274,,,,,,,16,2020-02-09,OSP
MNL004 LP99 NP3-4,MNL004,LP99,NP3-4,MNL004 LP99,Zamora Pandacan,MANILA,3,2,BARANGAY 855,,,14.584363,121.002804,,,,,,,16,2020-02-09,OSP
MNL004 LP99 NP5-6,MNL004,LP99,NP5-6,MNL004 LP99,Zamora Pandacan,MANILA,3,2,BARANGAY 855,,,14.584871,121.003465,,,,,,,16,2020-02-09,OSP
MNL004 LP155 NP1-2,MNL004,LP155,NP1-2,MNL004 LP155,Zamora Pandacan,MANILA,3,2,BARANGAY 855,,,14.585233,121.002339,,,,,,,16,2021-02-27,OSP
MNL004 LP155 NP3-4,MNL004,LP155,NP3-4,MNL004 LP155,Zamora Pandacan,MANILA,3,2,BARANGAY 855,,,14.585732,121.002308,,,,,,,16,2021-02-27,OSP
MNL004 LP155 NP5-6,MNL004,LP155,NP5-6,MNL004 LP155,Zamora Pandacan,MANILA,3,2,BARANGAY 855,,,14.586223,121.002252,,,,,,,16,2021-02-27,OSP
MNL004 LP115 NP1-2,MNL004,LP115,NP1-2,MNL004 LP115,Zamora Pandacan,MANILA,3,2,BARANGAY 855,,,14.584875,121.002724,,,,,,,16,2020-09-21,OSP
MNL004 LP313 NP1-2,MNL004,LP313,NP1-2,MNL004 LP313,Zamora Pandacan,MANILA,3,2,BARANGAY 855,,,14.58523,121.00229,,,,,,,16,2021-07-18,OSP
MNL004 LP313 NP3-4-5,MNL004,LP313,NP3-4-5,MNL004 LP313,Zamora Pandacan,MANILA,3,2,BARANGAY 855,,,14.585518,121.00272,,,,,,,24,2021-07-18,OSP
MNL004 LP313 NP6-7-8,MNL004,LP313,NP6-7-8,MNL004 LP313,Zamora Pandacan,MANILA,3,2,BARANGAY 855,,,14.585567,121.00304,,,,,,,24,2021-07-18,OSP
MNL004 LP314 NP1-2,MNL004,LP314,NP1-2,MNL004 LP314,Zamora Pandacan,MANILA,3,2,BARANGAY 855,,,14.585743,121.00229,,,,,,,16,2021-07-18,OSP
MNL004 LP236 NP1-2,MNL004,LP236,NP1-2,MNL004 LP236,Zamora Pandacan,MANILA,3,2,BARANGAY 855,,,14.585595,121.003498,,,,,,,16,2021-06-25,OSP
MNL004 LP327 NP1-2,MNL004,LP327,NP1-2,MNL004 LP327,Zamora Pandacan,MANILA,3,2,BARANGAY 855,,,14.584908,121.0028,,,,,,,16,2021-07-18,OSP
MNL004 LP327 NP3-4-5,MNL004,LP327,NP3-4-5,MNL004 LP327,Zamora Pandacan,MANILA,3,2,BARANGAY 855,,,14.58487,121.00313,,,,,,,24,2021-07-18,OSP
MNL004 LP327 NP6-7-8,MNL004,LP327,NP6-7-8,MNL004 LP327,Zamora Pandacan,MANILA,3,2,BARANGAY 855,,,14.584845,121.00348,,,,,,,24,2021-07-18,OSP
MNL004 LP328 NP1-2,MNL004,LP328,NP1-2,MNL004 LP328,Zamora Pandacan,MANILA,3,2,BARANGAY 855,,,14.585136,121.00351,,,,,,,16,2021-07-18,OSP
MNL004 LP328 NP3-4-5,MNL004,LP328,NP3-4-5,MNL004 LP328,Zamora Pandacan,MANILA,3,2,BARANGAY 855,,,14.585507,121.00346,,,,,,,24,2021-07-18,OSP
MNL004 LP328 NP6-7-8,MNL004,LP328,NP6-7-8,MNL004 LP328,Zamora Pandacan,MANILA,3,2,BARANGAY 855,,,14.585825,121.00345,,,,,,,24,2021-07-18,OSP
MNL004 LP329 NP1-2,MNL004,LP329,NP1-2,MNL004 LP329,Zamora Pandacan,MANILA,3,2,BARANGAY 855,,,14.586063,121.00342,,,,,,,16,2021-07-18,OSP
MNL004 LP314 NP3-4-5,MNL004,LP314,NP3-4-5,MNL004 LP314,Zamora Pandacan,MANILA,3,2,BARANGAY 855,,,14.586262,121.00223,,,,,,,24,2021-07-18,OSP
MNL001 LP267 NP7-8,MNL001,LP267,NP7-8,MNL001 LP267,Zen Tower,MANILA,3,2,BARANGAY 855,,,14.58601817,121.0034368,,,,,,,16,2019-07-30,OSP
MNL001 LP269 NP3-4,MNL001,LP269,NP3-4,MNL001 LP269,Zen Tower,MANILA,3,2,BARANGAY 855,,,14.58555716,121.0027642,,,,,,,16,2019-07-30,OSP
MNL001 LP269 NP5-6,MNL001,LP269,NP5-6,MNL001 LP269,Zen Tower,MANILA,3,2,BARANGAY 855,,,14.5848877,121.0034893,,,,,,,16,2019-07-30,OSP
MNL001 LP269 NP7-8,MNL001,LP269,NP7-8,MNL001 LP269,Zen Tower,MANILA,3,2,BARANGAY 855,,,14.58489962,121.0031665,,,,,,,16,2019-07-30,OSP
MNL004 LP115 NP7-8,MNL004,LP115,NP7-8,MNL004 LP115,Zamora Pandacan,MANILA,3,2,BARANGAY 856,,,14.587364,121.003303,,,,,,,16,2020-09-21,OSP
MNL004 LP116 NP1-2,MNL004,LP116,NP1-2,MNL004 LP116,Zamora Pandacan,MANILA,3,2,BARANGAY 856,,,14.588,121.003282,,,,,,,16,2020-09-21,OSP
MNL004 LP155 NP7-8,MNL004,LP155,NP7-8,MNL004 LP155,Zamora Pandacan,MANILA,3,2,BARANGAY 856,,,14.586772,121.002227,,,,,,,16,2021-02-27,OSP
MNL004 LP156 NP1-2,MNL004,LP156,NP1-2,MNL004 LP156,Zamora Pandacan,MANILA,3,2,BARANGAY 856,,,14.586848,121.002979,,,,,,,16,2021-02-27,OSP
MNL004 LP156 NP3-4,MNL004,LP156,NP3-4,MNL004 LP156,Zamora Pandacan,MANILA,3,2,BARANGAY 856,,,14.588014,121.003291,,,,,,,16,2021-02-27,OSP
MNL004 LP115 NP5-6,MNL004,LP115,NP5-6,MNL004 LP115,Zamora Pandacan,MANILA,3,2,BARANGAY 856,,,14.586408,121.003393,,,,,,,16,2020-09-21,OSP
MNL004 LP320 NP1-2,MNL004,LP320,NP1-2,MNL004 LP320,Zamora Pandacan,MANILA,3,2,BARANGAY 856,,,14.588119,121.00202,,,,,,,16,2021-07-18,OSP
MNL004 LP236 NP3-4-5,MNL004,LP236,NP3-4-5,MNL004 LP236,Zamora Pandacan,MANILA,3,2,BARANGAY 856,,,14.586403,121.003421,,,,,,,24,2021-06-25,OSP
MNL004 LP236 NP6-7-8,MNL004,LP236,NP6-7-8,MNL004 LP236,Zamora Pandacan,MANILA,3,2,BARANGAY 856,,,14.586931,121.003359,,,,,,,24,2021-06-25,OSP
MNL004 LP237 NP1-2,MNL004,LP237,NP1-2,MNL004 LP237,Zamora Pandacan,MANILA,3,2,BARANGAY 856,,,14.587921,121.003275,,,,,,,16,2021-06-25,OSP
MNL004 LP329 NP3-4-5,MNL004,LP329,NP3-4-5,MNL004 LP329,Zamora Pandacan,MANILA,3,2,BARANGAY 856,,,14.586443,121.00338,,,,,,,24,2021-07-18,OSP
MNL004 LP329 NP6-7-8,MNL004,LP329,NP6-7-8,MNL004 LP329,Zamora Pandacan,MANILA,3,2,BARANGAY 856,,,14.586733,121.0034,,,,,,,24,2021-07-18,OSP
MNL004 LP330 NP1-2,MNL004,LP330,NP1-2,MNL004 LP330,Zamora Pandacan,MANILA,3,2,BARANGAY 856,,,14.58732,121.00334,,,,,,,16,2021-07-18,OSP
MNL004 LP330 NP3-4-5,MNL004,LP330,NP3-4-5,MNL004 LP330,Zamora Pandacan,MANILA,3,2,BARANGAY 856,,,14.587969,121.00325,,,,,,,24,2021-07-18,OSP
MNL004 LP330 NP6-7-8,MNL004,LP330,NP6-7-8,MNL004 LP330,Zamora Pandacan,MANILA,3,2,BARANGAY 856,,,14.588293,121.0032,,,,,,,24,2021-07-18,OSP
MNL004 LP314 NP6-7-8,MNL004,LP314,NP6-7-8,MNL004 LP314,Zamora Pandacan,MANILA,3,2,BARANGAY 856,,,14.586501,121.00218,,,,,,,24,2021-07-18,OSP
MNL004 LP315 NP1-2,MNL004,LP315,NP1-2,MNL004 LP315,Zamora Pandacan,MANILA,3,2,BARANGAY 856,,,14.586487,121.002182,,,,,,,16,2021-07-18,OSP
MNL004 LP315 NP3-4-5,MNL004,LP315,NP3-4-5,MNL004 LP315,Zamora Pandacan,MANILA,3,2,BARANGAY 856,,,14.586737,121.00219,,,,,,,24,2021-07-18,OSP
MNL004 LP315 NP6-7-8,MNL004,LP315,NP6-7-8,MNL004 LP315,Zamora Pandacan,MANILA,3,2,BARANGAY 856,,,14.586768,121.00257,,,,,,,24,2021-07-18,OSP
MNL004 LP316 NP1-2,MNL004,LP316,NP1-2,MNL004 LP316,Zamora Pandacan,MANILA,3,2,BARANGAY 856,,,14.58677,121.002569,,,,,,,16,2021-07-18,OSP
MNL004 LP316 NP3-4-5,MNL004,LP316,NP3-4-5,MNL004 LP316,Zamora Pandacan,MANILA,3,2,BARANGAY 856,,,14.586604,121.00258,,,,,,,24,2021-07-18,OSP
MNL004 LP316 NP6-7-8,MNL004,LP316,NP6-7-8,MNL004 LP316,Zamora Pandacan,MANILA,3,2,BARANGAY 856,,,14.586592,121.00258,,,,,,,24,2021-07-18,OSP
MNL004 LP317 NP1-2,MNL004,LP317,NP1-2,MNL004 LP317,Zamora Pandacan,MANILA,3,2,BARANGAY 856,,,14.586488,121.00259,,,,,,,16,2021-07-18,OSP
MNL004 LP317 NP3-4-5,MNL004,LP317,NP3-4-5,MNL004 LP317,Zamora Pandacan,MANILA,3,2,BARANGAY 856,,,14.586474,121.002593,,,,,,,24,2021-07-18,OSP
MNL004 LP317 NP6-7-8,MNL004,LP317,NP6-7-8,MNL004 LP317,Zamora Pandacan,MANILA,3,2,BARANGAY 856,,,14.586494,121.002591,,,,,,,24,2021-07-18,OSP
MNL004 LP318 NP1-2,MNL004,LP318,NP1-2,MNL004 LP318,Zamora Pandacan,MANILA,3,2,BARANGAY 856,,,14.586811,121.00296,,,,,,,16,2021-07-18,OSP
MNL004 LP318 NP3-4-5,MNL004,LP318,NP3-4-5,MNL004 LP318,Zamora Pandacan,MANILA,3,2,BARANGAY 856,,,14.586594,121.00297,,,,,,,24,2021-07-18,OSP
MNL004 LP318 NP6-7-8,MNL004,LP318,NP6-7-8,MNL004 LP318,Zamora Pandacan,MANILA,3,2,BARANGAY 856,,,14.586575,121.002974,,,,,,,24,2021-07-18,OSP
MNL004 LP319 NP1-2,MNL004,LP319,NP1-2,MNL004 LP319,Zamora Pandacan,MANILA,3,2,BARANGAY 856,,,14.587131,121.00217,,,,,,,16,2021-07-18,OSP
MNL004 LP319 NP3-4-5,MNL004,LP319,NP3-4-5,MNL004 LP319,Zamora Pandacan,MANILA,3,2,BARANGAY 856,,,14.587817,121.00211,,,,,,,24,2021-07-18,OSP
MNL004 LP319 NP6-7-8,MNL004,LP319,NP6-7-8,MNL004 LP319,Zamora Pandacan,MANILA,3,2,BARANGAY 856,,,14.587292,121.00279,,,,,,,24,2021-07-18,OSP
MNL001 LP266 NP5-6,MNL001,LP266,NP5-6,MNL001 LP266,Zen Tower,MANILA,3,2,BARANGAY 856,,,14.5874016,121.0027513,,,,,,,16,2019-07-30,OSP
MNL001 LP267 NP3-4,MNL001,LP267,NP3-4,MNL001 LP267,Zen Tower,MANILA,3,2,BARANGAY 856,,,14.58917373,121.0031481,,,,,,,16,2019-07-30,OSP
MNL001 LP267 NP5-6,MNL001,LP267,NP5-6,MNL001 LP267,Zen Tower,MANILA,3,2,BARANGAY 856,,,14.58804822,121.0032608,,,,,,,16,2019-07-30,OSP
MNL001 LP268 NP1-2,MNL001,LP268,NP1-2,MNL001 LP268,Zen Tower,MANILA,3,2,BARANGAY 856,,,14.58724424,121.0033172,,,,,,,16,2019-07-30,OSP
MNL001 LP268 NP3-4,MNL001,LP268,NP3-4,MNL001 LP268,Zen Tower,MANILA,3,2,BARANGAY 856,,,14.58683393,121.0029652,,,,,,,16,2019-07-30,OSP
MNL001 LP268 NP5-6,MNL001,LP268,NP5-6,MNL001 LP268,Zen Tower,MANILA,3,2,BARANGAY 856,,,14.58680144,121.0025926,,,,,,,16,2019-07-30,OSP
MNL001 LP268 NP7-8,MNL001,LP268,NP7-8,MNL001 LP268,Zen Tower,MANILA,3,2,BARANGAY 856,,,14.58676553,121.0022362,,,,,,,16,2019-07-30,OSP
MNL001 LP266 NP1-2,MNL001,LP266,NP1-2,MNL001 LP266,Zen Tower,MANILA,3,2,BARANGAY 856,,,14.58807975,121.0020556,,,,,,,16,2019-07-30,OSP
MNL001 LP266 NP3-4,MNL001,LP266,NP3-4,MNL001 LP266,Zen Tower,MANILA,3,2,BARANGAY 856,,,14.58766322,121.0021218,,,,,,,16,2019-07-30,OSP
MNL004 LP115 NP3-4,MNL004,LP115,NP3-4,MNL004 LP115,Zamora Pandacan,MANILA,3,2,BARANGAY 857,,,14.585492,121.003482,,,,,,,16,2020-09-21,OSP
MNL001 LP269 NP1-2,MNL001,LP269,NP1-2,MNL001 LP269,Zen Tower,MANILA,3,2,BARANGAY 857,,,14.58549728,121.0034697,,,,,,,16,2019-07-30,OSP
MNL004 LP116 NP3-4,MNL004,LP116,NP3-4,MNL004 LP116,Zamora Pandacan,MANILA,3,2,BARANGAY 858,,,14.588897,121.003442,,,,,,,16,2020-09-21,OSP
MNL004 LP116 NP5-6,MNL004,LP116,NP5-6,MNL004 LP116,Zamora Pandacan,MANILA,3,2,BARANGAY 858,,,14.588624,121.003574,,,,,,,16,2020-09-21,OSP
MNL004 LP116 NP7-8,MNL004,LP116,NP7-8,MNL004 LP116,Zamora Pandacan,MANILA,3,2,BARANGAY 858,,,14.587701,121.003762,,,,,,,16,2020-09-21,OSP
MNL004 LP156 NP5-6,MNL004,LP156,NP5-6,MNL004 LP156,Zamora Pandacan,MANILA,3,2,BARANGAY 858,,,14.588889,121.003639,,,,,,,16,2021-02-27,OSP
MNL004 LP156 NP7-8,MNL004,LP156,NP7-8,MNL004 LP156,Zamora Pandacan,MANILA,3,2,BARANGAY 858,,,14.587738,121.003758,,,,,,,16,2021-02-27,OSP
MNL004 LP324 NP3-4-5,MNL004,LP324,NP3-4-5,MNL004 LP324,Zamora Pandacan,MANILA,3,2,BARANGAY 858,,,14.589218,121.00371,,,,,,,24,2021-07-18,OSP
MNL004 LP331 NP1-2,MNL004,LP331,NP1-2,MNL004 LP331,Zamora Pandacan,MANILA,3,2,BARANGAY 858,,,14.588553,121.00357,,,,,,,16,2021-07-18,OSP
MNL004 LP331 NP3-4-5,MNL004,LP331,NP3-4-5,MNL004 LP331,Zamora Pandacan,MANILA,3,2,BARANGAY 858,,,14.588553,121.00357,,,,,,,24,2021-07-18,OSP
MNL004 LP331 NP6-7-8,MNL004,LP331,NP6-7-8,MNL004 LP331,Zamora Pandacan,MANILA,3,2,BARANGAY 858,,,14.588553,121.00357,,,,,,,24,2021-07-18,OSP
MNL004 LP332 NP1-2,MNL004,LP332,NP1-2,MNL004 LP332,Zamora Pandacan,MANILA,3,2,BARANGAY 858,,,14.58815,121.00364,,,,,,,16,2021-07-18,OSP
MNL004 LP332 NP3-4-5,MNL004,LP332,NP3-4-5,MNL004 LP332,Zamora Pandacan,MANILA,3,2,BARANGAY 858,,,14.587785,121.00368,,,,,,,24,2021-07-18,OSP
MNL004 LP332 NP6-7-8,MNL004,LP332,NP6-7-8,MNL004 LP332,Zamora Pandacan,MANILA,3,2,BARANGAY 858,,,14.587781,121.003682,,,,,,,24,2021-07-18,OSP
MNL004 LP333 NP1-2,MNL004,LP333,NP1-2,MNL004 LP333,Zamora Pandacan,MANILA,3,2,BARANGAY 858,,,14.587277,121.00382,,,,,,,16,2021-07-18,OSP
MNL001 LP251 NP7-8,MNL001,LP251,NP7-8,MNL001 LP251,Zen Tower,MANILA,3,2,BARANGAY 858,,,14.58809614,121.0036929,,,,,,,16,2019-06-01,OSP
MNL001 LP243 NP7-8,MNL001,LP243,NP7-8,MNL001 LP243,Zen Tower,MANILA,3,2,BARANGAY 858,,,14.58919933,121.0037173,,,,,,,16,2019-06-01,OSP
MNL004 LP104 NP3-4,MNL004,LP104,NP3-4,MNL004 LP104,Zamora Pandacan,MANILA,3,2,BARANGAY 859,,,14.589746,121.004022,,,,,,,16,2020-02-09,OSP
MNL004 LP104 NP5-6,MNL004,LP104,NP5-6,MNL004 LP104,Zamora Pandacan,MANILA,3,2,BARANGAY 859,,,14.590153,121.004367,,,,,,,16,2020-02-09,OSP
MNL004 LP104 NP7-8,MNL004,LP104,NP7-8,MNL004 LP104,Zamora Pandacan,MANILA,3,2,BARANGAY 859,,,14.589641,121.003974,,,,,,,16,2020-08-07,OSP
MNL004 LP157 NP1-2,MNL004,LP157,NP1-2,MNL004 LP157,Zamora Pandacan,MANILA,3,2,BARANGAY 859,,,14.586379,121.004204,,,,,,,16,2021-02-27,OSP
MNL004 LP334 NP3-4-5,MNL004,LP334,NP3-4-5,MNL004 LP334,Zamora Pandacan,MANILA,3,2,BARANGAY 859,,,14.586328,121.00419,,,,,,,24,2021-07-18,OSP
MNL004 LP334 NP6-7-8,MNL004,LP334,NP6-7-8,MNL004 LP334,Zamora Pandacan,MANILA,3,2,BARANGAY 859,,,14.586024,121.00435,,,,,,,24,2021-07-18,OSP
MNL004 LP335 NP1-2,MNL004,LP335,NP1-2,MNL004 LP335,Zamora Pandacan,MANILA,3,2,BARANGAY 859,,,14.586047,121.00434,,,,,,,16,2021-07-18,OSP
MNL004 LP335 NP3-4-5,MNL004,LP335,NP3-4-5,MNL004 LP335,Zamora Pandacan,MANILA,3,2,BARANGAY 859,,,14.586025,121.004348,,,,,,,24,2021-07-18,OSP
MNL004 LP335 NP6-7-8,MNL004,LP335,NP6-7-8,MNL004 LP335,Zamora Pandacan,MANILA,3,2,BARANGAY 859,,,14.585765,121.00449,,,,,,,24,2021-07-18,OSP
MNL004 LP324 NP6-7-8,MNL004,LP324,NP6-7-8,MNL004 LP324,Zamora Pandacan,MANILA,3,2,BARANGAY 859,,,14.590627,121.00496,,,,,,,24,2021-07-18,OSP
MNL004 LP333 NP3-4-5,MNL004,LP333,NP3-4-5,MNL004 LP333,Zamora Pandacan,MANILA,3,2,BARANGAY 859,,,14.586859,121.00392,,,,,,,24,2021-07-18,OSP
MNL004 LP333 NP6-7-8,MNL004,LP333,NP6-7-8,MNL004 LP333,Zamora Pandacan,MANILA,3,2,BARANGAY 859,,,14.586614,121.00407,,,,,,,24,2021-07-18,OSP
MNL004 LP334 NP1-2,MNL004,LP334,NP1-2,MNL004 LP334,Zamora Pandacan,MANILA,3,2,BARANGAY 859,,,14.586308,121.0042,,,,,,,16,2021-07-18,OSP
MNL001 LP255 NP1-2,MNL001,LP255,NP1-2,MNL001 LP255,Zen Tower,MANILA,3,2,BARANGAY 859,,,14.58713493,121.0038764,,,,,,,16,2019-06-01,OSP
MNL001 LP255 NP3-4,MNL001,LP255,NP3-4,MNL001 LP255,Zen Tower,MANILA,3,2,BARANGAY 859,,,14.58671114,121.0040239,,,,,,,16,2019-06-01,OSP
MNL001 LP255 NP5-6,MNL001,LP255,NP5-6,MNL001 LP255,Zen Tower,MANILA,3,2,BARANGAY 859,,,14.586121,121.00435,,,,,,,16,2020-08-07,OSP
MNL001 LP255 NP7-8,MNL001,LP255,NP7-8,MNL001 LP255,Zen Tower,MANILA,3,2,BARANGAY 859,,,14.585815,121.0045,,,,,,,16,2020-08-07,OSP
MNL001 LP244 NP1-2,MNL001,LP244,NP1-2,MNL001 LP244,Zen Tower,MANILA,3,2,BARANGAY 859,,,14.59052973,121.0047474,,,,,,,16,2019-06-01,OSP
MNL004 LP109 NP1-2,MNL004,LP109,NP1-2,MNL004 LP109,Zamora Pandacan,MANILA,3,2,BARANGAY 860,,,14.588679,121.006536,,,,,,,16,2020-02-09,OSP
MNL004 LP109 NP3-4,MNL004,LP109,NP3-4,MNL004 LP109,Zamora Pandacan,MANILA,3,2,BARANGAY 860,,,14.588879,121.006922,,,,,,,16,2020-02-09,OSP
MNL004 LP109 NP5-6,MNL004,LP109,NP5-6,MNL004 LP109,Zamora Pandacan,MANILA,3,2,BARANGAY 860,,,14.589444,121.007422,,,,,,,16,2020-02-09,OSP
MNL004 LP106 NP7-8,MNL004,LP106,NP7-8,MNL004 LP106,Zamora Pandacan,MANILA,3,2,BARANGAY 860,,,14.589816,121.007746,,,,,,,16,2020-02-09,OSP
MNL004 LP107 NP1-2,MNL004,LP107,NP1-2,MNL004 LP107,Zamora Pandacan,MANILA,3,2,BARANGAY 860,,,14.589601,121.006981,,,,,,,16,2020-02-09,OSP
MNL004 LP107 NP3-4,MNL004,LP107,NP3-4,MNL004 LP107,Zamora Pandacan,MANILA,3,2,BARANGAY 860,,,14.589884,121.006628,,,,,,,16,2020-02-09,OSP
MNL004 LP107 NP7-8,MNL004,LP107,NP7-8,MNL004 LP107,Zamora Pandacan,MANILA,3,2,BARANGAY 860,,,14.589198,121.006315,,,,,,,16,2020-02-09,OSP
MNL004 LP380 NP1-2,MNL004,LP380,NP1-2,MNL004 LP380,Zamora Pandacan,MANILA,3,2,BARANGAY 860,,,14.589487,121.00742,,,,,,,16,2021-07-26,OSP
MNL004 LP380 NP3-4-5,MNL004,LP380,NP3-4-5,MNL004 LP380,Zamora Pandacan,MANILA,3,2,BARANGAY 860,,,14.58923,121.00719,,,,,,,24,2021-07-26,OSP
MNL004 LP380 NP6-7-8,MNL004,LP380,NP6-7-8,MNL004 LP380,Zamora Pandacan,MANILA,3,2,BARANGAY 860,,,14.588971,121.00699,,,,,,,24,2021-07-26,OSP
MNL004 LP381 NP1-2,MNL004,LP381,NP1-2,MNL004 LP381,Zamora Pandacan,MANILA,3,2,BARANGAY 860,,,14.58874,121.00675,,,,,,,16,2021-07-26,OSP
MNL004 LP393 NP1-2,MNL004,LP393,NP1-2,MNL004 LP393,Zamora Pandacan,MANILA,3,2,BARANGAY 860,,,14.589562,121.00615,,,,,,,16,2021-07-26,OSP
MNL004 LP394 NP1-2,MNL004,LP394,NP1-2,MNL004 LP394,Zamora Pandacan,MANILA,3,2,BARANGAY 860,,,14.589887,121.0066,,,,,,,16,2021-07-26,OSP
MNL004 LP394 NP3-4-5,MNL004,LP394,NP3-4-5,MNL004 LP394,Zamora Pandacan,MANILA,3,2,BARANGAY 860,,,14.589645,121.00701,,,,,,,24,2021-07-26,OSP
MNL001 LP248 NP3-4,MNL001,LP248,NP3-4,MNL001 LP248,Zen Tower,MANILA,3,2,BARANGAY 860,,,14.58983944,121.0077675,,,,,,,16,2019-06-01,OSP
MNL001 LP248 NP7-8,MNL001,LP248,NP7-8,MNL001 LP248,Zen Tower,MANILA,3,2,BARANGAY 860,,,14.58947114,121.0068275,,,,,,,16,2019-06-01,OSP
MNL004 LP106 NP1-2,MNL004,LP106,NP1-2,MNL004 LP106,Zamora Pandacan,MANILA,3,2,BARANGAY 861,,,14.590714,121.006418,,,,,,,16,2020-02-09,OSP
MNL004 LP106 NP3-4,MNL004,LP106,NP3-4,MNL004 LP106,Zamora Pandacan,MANILA,3,2,BARANGAY 861,,,14.590704,121.007917,,,,,,,16,2020-02-09,OSP
MNL004 LP106 NP5-6,MNL004,LP106,NP5-6,MNL004 LP106,Zamora Pandacan,MANILA,3,2,BARANGAY 861,,,14.590544,121.007078,,,,,,,16,2020-02-09,OSP
MNL004 LP107 NP5-6,MNL004,LP107,NP5-6,MNL004 LP107,Zamora Pandacan,MANILA,3,2,BARANGAY 861,,,14.590082,121.005925,,,,,,,16,2020-02-09,OSP
MNL004 LP383 NP1-2,MNL004,LP383,NP1-2,MNL004 LP383,Zamora Pandacan,MANILA,3,2,BARANGAY 861,,,14.590704,121.00789,,,,,,,16,2021-07-26,OSP
MNL004 LP383 NP3-4,MNL004,LP383,NP3-4,MNL004 LP383,Zamora Pandacan,MANILA,3,2,BARANGAY 861,,,14.590715,121.00735,,,,,,,16,2021-07-26,OSP
MNL004 LP383 NP5-6,MNL004,LP383,NP5-6,MNL004 LP383,Zamora Pandacan,MANILA,3,2,BARANGAY 861,,,14.590697,121.00684,,,,,,,16,2021-07-26,OSP
MNL004 LP383 NP7-8,MNL004,LP383,NP7-8,MNL004 LP383,Zamora Pandacan,MANILA,3,2,BARANGAY 861,,,14.590688,121.00643,,,,,,,16,2021-07-26,OSP
MNL004 LP379 NP1-2,MNL004,LP379,NP1-2,MNL004 LP379,Zamora Pandacan,MANILA,3,2,BARANGAY 861,,,14.590885,121.008575,,,,,,,16,2021-07-26,OSP
MNL004 LP379 NP3-4-5,MNL004,LP379,NP3-4-5,MNL004 LP379,Zamora Pandacan,MANILA,3,2,BARANGAY 861,,,14.590226,121.008032,,,,,,,24,2021-07-26,OSP
MNL004 LP379 NP6-7-8,MNL004,LP379,NP6-7-8,MNL004 LP379,Zamora Pandacan,MANILA,3,2,BARANGAY 861,,,14.589917,121.0078,,,,,,,24,2021-07-26,OSP
MNL004 LP393 NP3-4-5,MNL004,LP393,NP3-4-5,MNL004 LP393,Zamora Pandacan,MANILA,3,2,BARANGAY 861,,,14.590094,121.0059,,,,,,,24,2021-07-26,OSP
MNL004 LP393 NP6-7-8,MNL004,LP393,NP6-7-8,MNL004 LP393,Zamora Pandacan,MANILA,3,2,BARANGAY 861,,,14.590159,121.00641,,,,,,,24,2021-07-26,OSP
MNL004 LP394 NP6-7-8,MNL004,LP394,NP6-7-8,MNL004 LP394,Zamora Pandacan,MANILA,3,2,BARANGAY 861,,,14.590077,121.00741,,,,,,,24,2021-07-26,OSP
MNL004 LP395 NP1-2,MNL004,LP395,NP1-2,MNL004 LP395,Zamora Pandacan,MANILA,3,2,BARANGAY 861,,,14.590428,121.00761,,,,,,,16,2021-07-26,OSP
MNL004 LP395 NP3-4-5,MNL004,LP395,NP3-4-5,MNL004 LP395,Zamora Pandacan,MANILA,3,2,BARANGAY 861,,,14.590497,121.00735,,,,,,,24,2021-07-26,OSP
MNL004 LP395 NP6-7-8,MNL004,LP395,NP6-7-8,MNL004 LP395,Zamora Pandacan,MANILA,3,2,BARANGAY 861,,,14.590498,121.00696,,,,,,,24,2021-07-26,OSP
MNL001 LP8 NP3-4,MNL001,LP8,NP3-4,MNL001 LP8,Zen Tower,MANILA,3,2,BARANGAY 861,,,14.590256,121.005828,,,,,,,16,2015-07-22,OSP
MNL001 LP249 NP7-8,MNL001,LP249,NP7-8,MNL001 LP249,Zen Tower,MANILA,3,2,BARANGAY 861,,,14.5907431,121.0069074,,,,,,,16,2019-06-01,OSP
MNL001 LP250 NP1-2,MNL001,LP250,NP1-2,MNL001 LP250,Zen Tower,MANILA,3,2,BARANGAY 861,,,14.59060031,121.0056909,,,,,,,16,2019-06-01,OSP
MNL001 LP248 NP1-2,MNL001,LP248,NP1-2,MNL001 LP248,Zen Tower,MANILA,3,2,BARANGAY 861,,,14.59069173,121.0083758,,,,,,,16,2019-06-01,OSP
MNL001 LP248 NP5-6,MNL001,LP248,NP5-6,MNL001 LP248,Zen Tower,MANILA,3,2,BARANGAY 861,,,14.59008673,121.0073572,,,,,,,16,2019-06-01,OSP
MNL001 LP249 NP1-2,MNL001,LP249,NP1-2,MNL001 LP249,Zen Tower,MANILA,3,2,BARANGAY 861,,,14.59015001,121.0064091,,,,,,,16,2019-06-01,OSP
MNL001 LP249 NP3-4,MNL001,LP249,NP3-4,MNL001 LP249,Zen Tower,MANILA,3,2,BARANGAY 861,,,14.59057323,121.0065919,,,,,,,16,2019-06-01,OSP
MNL001 LP249 NP5-6,MNL001,LP249,NP5-6,MNL001 LP249,Zen Tower,MANILA,3,2,BARANGAY 861,,,14.59052257,121.0076232,,,,,,,16,2019-06-01,OSP
MNL004 LP108 NP3-4,MNL004,LP108,NP3-4,MNL004 LP108,Zamora Pandacan,MANILA,3,2,BARANGAY 862,,,14.58762,121.005607,,,,,,,16,2020-02-09,OSP
MNL004 LP108 NP5-6,MNL004,LP108,NP5-6,MNL004 LP108,Zamora Pandacan,MANILA,3,2,BARANGAY 862,,,14.588758,121.005467,,,,,,,16,2020-02-09,OSP
MNL004 LP108 NP7-8,MNL004,LP108,NP7-8,MNL004 LP108,Zamora Pandacan,MANILA,3,2,BARANGAY 862,,,14.588162,121.004956,,,,,,,16,2020-02-09,OSP
MNL004 LP109 NP7-8,MNL004,LP109,NP7-8,MNL004 LP109,Zamora Pandacan,MANILA,3,2,BARANGAY 862,,,14.588077,121.006526,,,,,,,16,2020-02-09,OSP
MNL004 LP110 NP1-2,MNL004,LP110,NP1-2,MNL004 LP110,Zamora Pandacan,MANILA,3,2,BARANGAY 862,,,14.58752,121.006036,,,,,,,16,2020-02-09,OSP
MNL004 LP110 NP3-4,MNL004,LP110,NP3-4,MNL004 LP110,Zamora Pandacan,MANILA,3,2,BARANGAY 862,,,14.586748,121.005397,,,,,,,16,2020-02-09,OSP
MNL004 LP110 NP5-6,MNL004,LP110,NP5-6,MNL004 LP110,Zamora Pandacan,MANILA,3,2,BARANGAY 862,,,14.587079,121.005066,,,,,,,16,2020-02-09,OSP
MNL004 LP108 NP1-2,MNL004,LP108,NP1-2,MNL004 LP108,Zamora Pandacan,MANILA,3,2,BARANGAY 862,,,14.589208,121.006026,,,,,,,16,2020-02-09,OSP
MNL004 LP381 NP3-4-5,MNL004,LP381,NP3-4-5,MNL004 LP381,Zamora Pandacan,MANILA,3,2,BARANGAY 862,,,14.588374,121.00658,,,,,,,24,2021-07-26,OSP
MNL004 LP381 NP6-7-8,MNL004,LP381,NP6-7-8,MNL004 LP381,Zamora Pandacan,MANILA,3,2,BARANGAY 862,,,14.588085,121.00655,,,,,,,24,2021-07-26,OSP
MNL004 LP382 NP1-2,MNL004,LP382,NP1-2,MNL004 LP382,Zamora Pandacan,MANILA,3,2,BARANGAY 862,,,14.587719,121.00625,,,,,,,16,2021-07-26,OSP
MNL004 LP382 NP3-4-5,MNL004,LP382,NP3-4-5,MNL004 LP382,Zamora Pandacan,MANILA,3,2,BARANGAY 862,,,14.58719,121.00579,,,,,,,24,2021-07-26,OSP
MNL004 LP382 NP6-7-8,MNL004,LP382,NP6-7-8,MNL004 LP382,Zamora Pandacan,MANILA,3,2,BARANGAY 862,,,14.586707,121.00536,,,,,,,24,2021-07-26,OSP
MNL004 LP391 NP6-7-8,MNL004,LP391,NP6-7-8,MNL004 LP391,Zamora Pandacan,MANILA,3,2,BARANGAY 862,,,14.588161,121.00499,,,,,,,24,2021-07-26,OSP
MNL004 LP392 NP1-2,MNL004,LP392,NP1-2,MNL004 LP392,Zamora Pandacan,MANILA,3,2,BARANGAY 862,,,14.588736,121.00549,,,,,,,16,2021-07-26,OSP
MNL004 LP392 NP3-4-5,MNL004,LP392,NP3-4-5,MNL004 LP392,Zamora Pandacan,MANILA,3,2,BARANGAY 862,,,14.589018,121.00574,,,,,,,24,2021-07-26,OSP
MNL004 LP392 NP6-7-8,MNL004,LP392,NP6-7-8,MNL004 LP392,Zamora Pandacan,MANILA,3,2,BARANGAY 862,,,14.589275,121.00628,,,,,,,24,2021-07-26,OSP
MNL004 LP389 NP3-4-5,MNL004,LP389,NP3-4-5,MNL004 LP389,Zamora Pandacan,MANILA,3,2,BARANGAY 862,,,14.587579,121.00558,,,,,,,24,2021-07-26,OSP
MNL004 LP389 NP6-7-8,MNL004,LP389,NP6-7-8,MNL004 LP389,Zamora Pandacan,MANILA,3,2,BARANGAY 862,,,14.587996,121.00593,,,,,,,24,2021-07-26,OSP
MNL004 LP390 NP1-2,MNL004,LP390,NP1-2,MNL004 LP390,Zamora Pandacan,MANILA,3,2,BARANGAY 862,,,14.588461,121.00624,,,,,,,16,2021-07-26,OSP
MNL004 LP390 NP3-4-5,MNL004,LP390,NP3-4-5,MNL004 LP390,Zamora Pandacan,MANILA,3,2,BARANGAY 862,,,14.588788,121.006089,,,,,,,24,2021-07-26,OSP
MNL004 LP390 NP6-7-8,MNL004,LP390,NP6-7-8,MNL004 LP390,Zamora Pandacan,MANILA,3,2,BARANGAY 862,,,14.588197,121.00549,,,,,,,24,2021-07-26,OSP
MNL004 LP391 NP1-2,MNL004,LP391,NP1-2,MNL004 LP391,Zamora Pandacan,MANILA,3,2,BARANGAY 862,,,14.587785,121.00514,,,,,,,16,2021-07-26,OSP
MNL004 LP391 NP3-4-5,MNL004,LP391,NP3-4-5,MNL004 LP391,Zamora Pandacan,MANILA,3,2,BARANGAY 862,,,14.587671,121.00473,,,,,,,24,2021-07-26,OSP
MNL001 LP253 NP3-4,MNL001,LP253,NP3-4,MNL001 LP253,Zen Tower,MANILA,3,2,BARANGAY 862,,,14.58742252,121.0048877,,,,,,,16,2019-06-01,OSP
MNL001 LP253 NP5-6,MNL001,LP253,NP5-6,MNL001 LP253,Zen Tower,MANILA,3,2,BARANGAY 862,,,14.58802618,121.0054215,,,,,,,16,2019-06-01,OSP
MNL001 LP253 NP7-8,MNL001,LP253,NP7-8,MNL001 LP253,Zen Tower,MANILA,3,2,BARANGAY 862,,,14.58840269,121.005763,,,,,,,16,2019-06-01,OSP
MNL001 LP254 NP1-2,MNL001,LP254,NP1-2,MNL001 LP254,Zen Tower,MANILA,3,2,BARANGAY 862,,,14.58852738,121.0062338,,,,,,,16,2019-06-01,OSP
MNL001 LP254 NP3-4,MNL001,LP254,NP3-4,MNL001 LP254,Zen Tower,MANILA,3,2,BARANGAY 862,,,14.58809891,121.0060292,,,,,,,16,2019-06-01,OSP
MNL001 LP254 NP5-6,MNL001,LP254,NP5-6,MNL001 LP254,Zen Tower,MANILA,3,2,BARANGAY 862,,,14.58725692,121.0052942,,,,,,,16,2019-06-01,OSP
MNL001 LP252 NP1-2,MNL001,LP252,NP1-2,MNL001 LP252,Zen Tower,MANILA,3,2,BARANGAY 862,,,14.58812633,121.0044922,,,,,,,16,2019-06-01,OSP
MNL001 LP253 NP1-2,MNL001,LP253,NP1-2,MNL001 LP253,Zen Tower,MANILA,3,2,BARANGAY 862,,,14.58780332,121.0046768,,,,,,,16,2019-06-01,OSP
MNL001 LP8 NP5-6,MNL001,LP8,NP5-6,MNL001 LP8,Zen Tower,MANILA,3,2,BARANGAY 862,,,14.586986,121.005576,,,,,,,16,2015-07-22,OSP
MNL004 LP111 NP3-4,MNL004,LP111,NP3-4,MNL004 LP111,Zamora Pandacan,MANILA,3,2,BARANGAY 863,,,14.588451,121.004752,,,,,,,16,2020-02-09,OSP
MNL004 LP111 NP5-6,MNL004,LP111,NP5-6,MNL004 LP111,Zamora Pandacan,MANILA,3,2,BARANGAY 863,,,14.588913,121.004729,,,,,,,16,2020-02-09,OSP
MNL004 LP111 NP7-8,MNL004,LP111,NP7-8,MNL004 LP111,Zamora Pandacan,MANILA,3,2,BARANGAY 863,,,14.589559,121.004673,,,,,,,16,2020-02-09,OSP
MNL004 LP112 NP1-2,MNL004,LP112,NP1-2,MNL004 LP112,Zamora Pandacan,MANILA,3,2,BARANGAY 863,,,14.58974,121.005062,,,,,,,16,2020-02-09,OSP
MNL004 LP112 NP3-4,MNL004,LP112,NP3-4,MNL004 LP112,Zamora Pandacan,MANILA,3,2,BARANGAY 863,,,14.590108,121.005459,,,,,,,16,2020-02-09,OSP
MNL004 LP112 NP5-6,MNL004,LP112,NP5-6,MNL004 LP112,Zamora Pandacan,MANILA,3,2,BARANGAY 863,,,14.589458,121.005817,,,,,,,16,2020-08-07,OSP
MNL004 LP112 NP7-8,MNL004,LP112,NP7-8,MNL004 LP112,Zamora Pandacan,MANILA,3,2,BARANGAY 863,,,14.589764,121.005098,,,,,,,16,2020-08-07,OSP
MNL004 LP384 NP1-2,MNL004,LP384,NP1-2,MNL004 LP384,Zamora Pandacan,MANILA,3,2,BARANGAY 863,,,14.590456,121.00523,,,,,,,16,2021-07-26,OSP
MNL004 LP384 NP3-4-5,MNL004,LP384,NP3-4-5,MNL004 LP384,Zamora Pandacan,MANILA,3,2,BARANGAY 863,,,14.590071,121.00547,,,,,,,24,2021-07-26,OSP
MNL004 LP384 NP6-7-8,MNL004,LP384,NP6-7-8,MNL004 LP384,Zamora Pandacan,MANILA,3,2,BARANGAY 863,,,14.589464,121.00584,,,,,,,24,2021-07-26,OSP
MNL004 LP385 NP1-2,MNL004,LP385,NP1-2,MNL004 LP385,Zamora Pandacan,MANILA,3,2,BARANGAY 863,,,14.589726,121.00509,,,,,,,16,2021-07-26,OSP
MNL004 LP385 NP3-4-5,MNL004,LP385,NP3-4-5,MNL004 LP385,Zamora Pandacan,MANILA,3,2,BARANGAY 863,,,14.590136,121.00458,,,,,,,24,2021-07-26,OSP
MNL004 LP385 NP6-7-8,MNL004,LP385,NP6-7-8,MNL004 LP385,Zamora Pandacan,MANILA,3,2,BARANGAY 863,,,14.589404,121.00487,,,,,,,24,2021-07-26,OSP
MNL004 LP386 NP1-2,MNL004,LP386,NP1-2,MNL004 LP386,Zamora Pandacan,MANILA,3,2,BARANGAY 863,,,14.589058,121.00526,,,,,,,16,2021-07-26,OSP
MNL004 LP386 NP3-4-5,MNL004,LP386,NP3-4-5,MNL004 LP386,Zamora Pandacan,MANILA,3,2,BARANGAY 863,,,14.589008,121.00453,,,,,,,24,2021-07-26,OSP
MNL004 LP386 NP6-7-8,MNL004,LP386,NP6-7-8,MNL004 LP386,Zamora Pandacan,MANILA,3,2,BARANGAY 863,,,14.589314,121.00404,,,,,,,24,2021-07-26,OSP
MNL004 LP387 NP1-2,MNL004,LP387,NP1-2,MNL004 LP387,Zamora Pandacan,MANILA,3,2,BARANGAY 863,,,14.589016,121.00387,,,,,,,16,2021-07-26,OSP
MNL004 LP387 NP3-4-5,MNL004,LP387,NP3-4-5,MNL004 LP387,Zamora Pandacan,MANILA,3,2,BARANGAY 863,,,14.588165,121.00451,,,,,,,24,2021-07-26,OSP
MNL004 LP387 NP6-7-8,MNL004,LP387,NP6-7-8,MNL004 LP387,Zamora Pandacan,MANILA,3,2,BARANGAY 863,,,14.588104,121.003888,,,,,,,24,2021-07-26,OSP
MNL001 LP250 NP3-4,MNL001,LP250,NP3-4,MNL001 LP250,Zen Tower,MANILA,3,2,BARANGAY 863,,,14.59048039,121.005127,,,,,,,16,2019-06-01,OSP
MNL001 LP250 NP5-6,MNL001,LP250,NP5-6,MNL001 LP250,Zen Tower,MANILA,3,2,BARANGAY 863,,,14.59016192,121.0046082,,,,,,,16,2019-06-01,OSP
MNL001 LP250 NP7-8,MNL001,LP250,NP7-8,MNL001 LP250,Zen Tower,MANILA,3,2,BARANGAY 863,,,14.58975881,121.0043864,,,,,,,16,2019-06-01,OSP
MNL001 LP251 NP1-2,MNL001,LP251,NP1-2,MNL001 LP251,Zen Tower,MANILA,3,2,BARANGAY 863,,,14.58931792,121.0040635,,,,,,,16,2019-06-01,OSP
MNL001 LP251 NP3-4,MNL001,LP251,NP3-4,MNL001 LP251,Zen Tower,MANILA,3,2,BARANGAY 863,,,14.58866513,121.0039582,,,,,,,16,2019-06-01,OSP
MNL001 LP251 NP5-6,MNL001,LP251,NP5-6,MNL001 LP251,Zen Tower,MANILA,3,2,BARANGAY 863,,,14.58819868,121.0038669,,,,,,,16,2019-06-01,OSP
MNL001 LP252 NP3-4,MNL001,LP252,NP3-4,MNL001 LP252,Zen Tower,MANILA,3,2,BARANGAY 863,,,14.58874153,121.0050189,,,,,,,16,2019-06-01,OSP
MNL001 LP252 NP5-6,MNL001,LP252,NP5-6,MNL001 LP252,Zen Tower,MANILA,3,2,BARANGAY 863,,,14.5892996,121.0055173,,,,,,,16,2019-06-01,OSP
MNL001 LP252 NP7-8,MNL001,LP252,NP7-8,MNL001 LP252,Zen Tower,MANILA,3,2,BARANGAY 863,,,14.58958042,121.0060909,,,,,,,16,2019-06-01,OSP
MNL004 LP110 NP7-8,MNL004,LP110,NP7-8,MNL004 LP110,Zamora Pandacan,MANILA,3,2,BARANGAY 864,,,14.58716,121.0046,,,,,,,16,2020-02-09,OSP
MNL004 LP111 NP1-2,MNL004,LP111,NP1-2,MNL004 LP111,Zamora Pandacan,MANILA,3,2,BARANGAY 864,,,14.587881,121.00413,,,,,,,16,2020-02-09,OSP
MNL004 LP388 NP1-2,MNL004,LP388,NP1-2,MNL004 LP388,Zamora Pandacan,MANILA,3,2,BARANGAY 864,,,14.587845,121.00413,,,,,,,16,2021-07-26,OSP
MNL004 LP388 NP3-4-5,MNL004,LP388,NP3-4-5,MNL004 LP388,Zamora Pandacan,MANILA,3,2,BARANGAY 864,,,14.587562,121.00435,,,,,,,24,2021-07-26,OSP
MNL004 LP388 NP6-7-8,MNL004,LP388,NP6-7-8,MNL004 LP388,Zamora Pandacan,MANILA,3,2,BARANGAY 864,,,14.586705,121.00461,,,,,,,24,2021-07-26,OSP
MNL004 LP389 NP1-2,MNL004,LP389,NP1-2,MNL004 LP389,Zamora Pandacan,MANILA,3,2,BARANGAY 864,,,14.587069,121.00502,,,,,,,16,2021-07-26,OSP
MNL001 LP254 NP7-8,MNL001,LP254,NP7-8,MNL001 LP254,Zen Tower,MANILA,3,2,BARANGAY 864,,,14.58658077,121.0047106,,,,,,,16,2019-06-01,OSP
MNL034 LP109 NP1-2,MNL034,LP109,NP1-2,MNL034 LP109,Benitez,MANILA,3,2,BARANGAY 866,,,14.585379,121.005733,,,,,,,16,2020-07-16,OSP
MNL034 LP109 NP3-4,MNL034,LP109,NP3-4,MNL034 LP109,Benitez,MANILA,3,2,BARANGAY 866,,,14.585103,121.005504,,,,,,,16,2020-07-16,OSP
MNL034 LP110 NP1-2,MNL034,LP110,NP1-2,MNL034 LP110,Benitez,MANILA,3,2,BARANGAY 866,,,14.580495,121.006475,,,,,,,16,2020-07-16,OSP
MNL034 LP110 NP5-6,MNL034,LP110,NP5-6,MNL034 LP110,Benitez,MANILA,3,2,BARANGAY 866,,,14.581546,121.007121,,,,,,,16,2020-07-16,OSP
MNL034 LP110 NP7-8,MNL034,LP110,NP7-8,MNL034 LP110,Benitez,MANILA,3,2,BARANGAY 866,,,14.581687,121.005373,,,,,,,16,2020-07-16,OSP
MNL034 LP108 NP1-2,MNL034,LP108,NP1-2,MNL034 LP108,Benitez,MANILA,3,2,BARANGAY 866,,,14.58529,121.006116,,,,,,,16,2020-07-16,OSP
MNL034 LP108 NP3-4,MNL034,LP108,NP3-4,MNL034 LP108,Benitez,MANILA,3,2,BARANGAY 866,,,14.585068,121.005818,,,,,,,16,2020-07-16,OSP
MNL034 LP108 NP5-6,MNL034,LP108,NP5-6,MNL034 LP108,Benitez,MANILA,3,2,BARANGAY 866,,,14.584809,121.005614,,,,,,,16,2020-07-16,OSP
MNL034 LP108 NP7-8,MNL034,LP108,NP7-8,MNL034 LP108,Benitez,MANILA,3,2,BARANGAY 866,,,14.585606,121.006037,,,,,,,16,2020-07-16,OSP
MNL034 LP100 NP1-2,MNL034,LP100,NP1-2,MNL034 LP100,Benitez,MANILA,3,2,BARANGAY 866,,,14.581972,121.005569,,,,,,,16,2020-06-22,OSP
MNL034 LP100 NP3-4,MNL034,LP100,NP3-4,MNL034 LP100,Benitez,MANILA,3,2,BARANGAY 866,,,14.581669,121.005703,,,,,,,16,2020-06-22,OSP
MNL034 LP100 NP5-6,MNL034,LP100,NP5-6,MNL034 LP100,Benitez,MANILA,3,2,BARANGAY 866,,,14.580393,121.006005,,,,,,,16,2020-06-22,OSP
MNL034 LP100 NP7-8,MNL034,LP100,NP7-8,MNL034 LP100,Benitez,MANILA,3,2,BARANGAY 866,,,14.579787,121.006154,,,,,,,16,2020-06-22,OSP
MNL034 LP101 NP1-2,MNL034,LP101,NP1-2,MNL034 LP101,Benitez,MANILA,3,2,BARANGAY 866,,,14.579932,121.0068,,,,,,,16,2020-06-22,OSP
MNL034 LP101 NP3-4,MNL034,LP101,NP3-4,MNL034 LP101,Benitez,MANILA,3,2,BARANGAY 866,,,14.580076,121.007333,,,,,,,16,2020-06-22,OSP
SJC001 LP79 NP3-4,SJC001,LP79,NP3-4,SJC001 LP79,Greenhills Heights,MANILA,3,2,BARANGAY 866,,,14.579909,121.00676,,,,,,,16,2016-05-15,OSP
MNL014 LP3 NP5,MNL014,LP3,NP5,MNL014 LP3,Manila River City Residences,MANILA,3,2,BARANGAY 866,,MANILA RIVERCITY RESIDENCES (RHINE),14.581521,121.007792,,18F,FIRE EXIT,MNL144P,,,,2018-09-27,ISP
MNL014 LP2 NP7,MNL014,LP2,NP7,MNL014 LP2,Manila River City Residences,MANILA,3,2,BARANGAY 866,,MANILA RIVERCITY RESIDENCES (RHINE),14.581521,121.007792,,11F,FIRE EXIT,MNL144P,,,,2018-09-27,ISP
MNL014 LP2 NP6,MNL014,LP2,NP6,MNL014 LP2,Manila River City Residences,MANILA,3,2,BARANGAY 866,,MANILA RIVERCITY RESIDENCES (RHINE),14.581521,121.007792,,10F,FIRE EXIT,MNL144P,,,,2018-09-27,ISP
MNL014 LP1 NP8,MNL014,LP1,NP8,MNL014 LP1,Manila River City Residences,MANILA,3,2,BARANGAY 866,,MANILA RIVERCITY RESIDENCES (NILE),14.581125,121.007878,,10F,FIRE EXIT,MNL141P,,,,2018-09-27,ISP
MNL014 LP6 NP1,MNL014,LP6,NP1,MNL014 LP6,Manila River City Residences,MANILA,3,2,BARANGAY 866,,MANILA RIVERCITY RESIDENCES (KUMAGAWA),14.581645,121.008051,,9F,FIRE EXIT,MNL014,,,,2018-09-27,ISP
MNL014 LP3 NP3,MNL014,LP3,NP3,MNL014 LP3,Manila River City Residences,MANILA,3,2,BARANGAY 866,,MANILA RIVERCITY RESIDENCES (RHINE),14.581521,121.007792,,16F,FIRE EXIT,MNL144P,,,,2018-09-27,ISP
MNL014 LP6 NP8,MNL014,LP6,NP8,MNL014 LP6,Manila River City Residences,MANILA,3,2,BARANGAY 866,,MANILA RIVERCITY RESIDENCES (KUMAGAWA),14.581645,121.008051,,15F,FIRE EXIT,MNL014,,,,2018-09-27,ISP
MNL014 LP15 NP6,MNL014,LP15,NP6,MNL014 LP15,Manila River City Residences,MANILA,3,2,BARANGAY 866,,MANILA RIVERCITY RESIDENCES (AMAZON),14.581922,121.007980,,10F,FIRE EXIT,MNL142P,,,,2018-09-27,ISP
MNL014 LP15 NP1,MNL014,LP15,NP1,MNL014 LP15,Manila River City Residences,MANILA,3,2,BARANGAY 866,,MANILA RIVERCITY RESIDENCES (AMAZON),14.581922,121.007980,,5F,FIRE EXIT,MNL142P,,,,2018-09-27,ISP
MNL014 LP15 NP5,MNL014,LP15,NP5,MNL014 LP15,Manila River City Residences,MANILA,3,2,BARANGAY 866,,MANILA RIVERCITY RESIDENCES (AMAZON),14.581922,121.007980,,9F,FIRE EXIT,MNL142P,,,,2018-09-27,ISP
MNL014 LP12 NP1-2,MNL014,LP12,NP1-2,MNL014 LP12,Manila River City Residences,MANILA,3,2,BARANGAY 866,,MANILA RIVERCITY RESIDENCES (YANGTZE),14.581784,121.008507,,3F,FIRE EXIT,MNL143P,,,,2018-09-27,ISP
MNL014 LP13 NP7-8,MNL014,LP13,NP7-8,MNL014 LP13,Manila River City Residences,MANILA,3,2,BARANGAY 866,,MANILA RIVERCITY RESIDENCES (YANGTZE),14.581784,121.008507,,10F,FIRE EXIT,MNL143P,,,,2018-09-27,ISP
MNL014 LP17 NP1-2,MNL014,LP17,NP1-2,MNL014 LP17,Manila River City Residences,MANILA,3,2,BARANGAY 866,,MANILA RIVERCITY RESIDENCES (YANGTZE),14.581784,121.008507,,GF,FIRE EXIT,MNL143P,,,,2018-09-27,ISP
MNL014 LP2 NP1,MNL014,LP2,NP1,MNL014 LP2,Manila River City Residences,MANILA,3,2,BARANGAY 866,,MANILA RIVERCITY RESIDENCES (RHINE),14.581521,121.007792,,5F,FIRE EXIT,MNL144P,,,,2018-09-27,ISP
MNL014 LP1 NP3,MNL014,LP1,NP3,MNL014 LP1,Manila River City Residences,MANILA,3,2,BARANGAY 866,,MANILA RIVERCITY RESIDENCES (NILE),14.581125,121.007878,,5F,FIRE EXIT,MNL141P,,,,2018-09-27,ISP
MNL014 LP5 NP8,MNL014,LP5,NP8,MNL014 LP5,Manila River City Residences,MANILA,3,2,BARANGAY 866,,MANILA RIVERCITY RESIDENCES (KUMAGAWA),14.581645,121.008051,,8F,FIRE EXIT,MNL014,,,,2018-09-27,ISP
MNL014 LP3 NP4,MNL014,LP3,NP4,MNL014 LP3,Manila River City Residences,MANILA,3,2,BARANGAY 866,,MANILA RIVERCITY RESIDENCES (RHINE),14.581521,121.007792,,17F,FIRE EXIT,MNL144P,,,,2018-09-27,ISP
MNL014 LP3 NP7,MNL014,LP3,NP7,MNL014 LP3,Manila River City Residences,MANILA,3,2,BARANGAY 866,,MANILA RIVERCITY RESIDENCES (RHINE),14.581521,121.007792,,20F,FIRE EXIT,MNL144P,,,,2018-09-27,ISP
MNL014 LP2 NP2,MNL014,LP2,NP2,MNL014 LP2,Manila River City Residences,MANILA,3,2,BARANGAY 866,,MANILA RIVERCITY RESIDENCES (RHINE),14.581521,121.007792,,6F,FIRE EXIT,MNL144P,,,,2018-09-27,ISP
MNL014 LP3 NP8,MNL014,LP3,NP8,MNL014 LP3,Manila River City Residences,MANILA,3,2,BARANGAY 866,,MANILA RIVERCITY RESIDENCES (RHINE),14.581521,121.007792,,21F,FIRE EXIT,MNL144P,,,,2018-09-27,ISP
MNL014 LP3 NP2,MNL014,LP3,NP2,MNL014 LP3,Manila River City Residences,MANILA,3,2,BARANGAY 866,,MANILA RIVERCITY RESIDENCES (RHINE),14.581521,121.007792,,15F,FIRE EXIT,MNL144P,,,,2018-09-27,ISP
MNL014 LP12 NP5-6,MNL014,LP12,NP5-6,MNL014 LP12,Manila River City Residences,MANILA,3,2,BARANGAY 866,,MANILA RIVERCITY RESIDENCES (YANGTZE),14.581784,121.008507,,5F,FIRE EXIT,MNL143P,,,,2018-09-27,ISP
MNL014 LP1 NP4,MNL014,LP1,NP4,MNL014 LP1,Manila River City Residences,MANILA,3,2,BARANGAY 866,,MANILA RIVERCITY RESIDENCES (NILE),14.581125,121.007878,,6F,FIRE EXIT,MNL141P,,,,2018-09-27,ISP
MNL014 LP5 NP6-7,MNL014,LP5,NP6-7,MNL014 LP5,Manila River City Residences,MANILA,3,2,BARANGAY 866,,MANILA RIVERCITY RESIDENCES (KUMAGAWA),14.581645,121.008051,,7F,FIRE EXIT,MNL014,,,,2018-09-27,ISP
MNL014 LP4 NP5,MNL014,LP4,NP5,MNL014 LP4,Manila River City Residences,MANILA,3,2,BARANGAY 866,,MANILA RIVERCITY RESIDENCES (RHINE),14.581521,121.007792,,3F,FIRE EXIT,MNL144P,,,,2018-09-27,ISP
MNL014 LP14 NP7-8,MNL014,LP14,NP7-8,MNL014 LP14,Manila River City Residences,MANILA,3,2,BARANGAY 866,,MANILA RIVERCITY RESIDENCES (YANGTZE),14.581784,121.008507,,15F,FIRE EXIT,MNL143P,,,,2018-09-27,ISP
MNL014 LP4 NP8,MNL014,LP4,NP8,MNL014 LP4,Manila River City Residences,MANILA,3,2,BARANGAY 866,,MANILA RIVERCITY RESIDENCES (NILE),14.581125,121.007878,,2F,FIRE EXIT,MNL141P,,,,2018-09-27,ISP
MNL014 LP16 NP4,MNL014,LP16,NP4,MNL014 LP16,Manila River City Residences,MANILA,3,2,BARANGAY 866,,MANILA RIVERCITY RESIDENCES (AMAZON),14.581922,121.007980,,17F,FIRE EXIT,MNL142P,,,,2018-09-27,ISP
MNL014 LP17 NP7,MNL014,LP17,NP7,MNL014 LP17,Manila River City Residences,MANILA,3,2,BARANGAY 866,,MANILA RIVERCITY RESIDENCES (AMAZON),14.581922,121.007980,,3F,FIRE EXIT,MNL142P,,,,2018-09-27,ISP
MNL014 LP16 NP5,MNL014,LP16,NP5,MNL014 LP16,Manila River City Residences,MANILA,3,2,BARANGAY 866,,MANILA RIVERCITY RESIDENCES (AMAZON),14.581922,121.007980,,18F,FIRE EXIT,MNL142P,,,,2018-09-27,ISP
MNL014 LP2 NP5,MNL014,LP2,NP5,MNL014 LP2,Manila River City Residences,MANILA,3,2,BARANGAY 866,,MANILA RIVERCITY RESIDENCES (RHINE),14.581521,121.007792,,9F,FIRE EXIT,MNL144P,,,,2018-09-27,ISP
MNL014 LP5 NP5,MNL014,LP5,NP5,MNL014 LP5,Manila River City Residences,MANILA,3,2,BARANGAY 866,,MANILA RIVERCITY RESIDENCES (KUMAGAWA),14.581645,121.008051,,6F,FIRE EXIT,MNL014,,,,2018-09-27,ISP
MNL014 LP5 NP1,MNL014,LP5,NP1,MNL014 LP5,Manila River City Residences,MANILA,3,2,BARANGAY 866,,MANILA RIVERCITY RESIDENCES (KUMAGAWA),14.581645,121.008051,,3F,FIRE EXIT,MNL014,,,,2018-09-27,ISP
MNL014 LP1 NP2,MNL014,LP1,NP2,MNL014 LP1,Manila River City Residences,MANILA,3,2,BARANGAY 866,,MANILA RIVERCITY RESIDENCES (NILE),14.581125,121.007878,,4F,FIRE EXIT,MNL141P,,,,2018-09-27,ISP
MNL014 LP4 NP6,MNL014,LP4,NP6,MNL014 LP4,Manila River City Residences,MANILA,3,2,BARANGAY 866,,MANILA RIVERCITY RESIDENCES (RHINE),14.581521,121.007792,,4F,FIRE EXIT,MNL144P,,,,2018-09-27,ISP
MNL014 LP16 NP8,MNL014,LP16,NP8,MNL014 LP16,Manila River City Residences,MANILA,3,2,BARANGAY 866,,MANILA RIVERCITY RESIDENCES (AMAZON),14.581922,121.007980,,21F,FIRE EXIT,MNL142P,,,,2018-09-27,ISP
MNL014 LP2 NP8,MNL014,LP2,NP8,MNL014 LP2,Manila River City Residences,MANILA,3,2,BARANGAY 866,,MANILA RIVERCITY RESIDENCES (RHINE),14.581521,121.007792,,12F,FIRE EXIT,MNL144P,,,,2018-09-27,ISP
MNL014 LP5 NP3-4,MNL014,LP5,NP3-4,MNL014 LP5,Manila River City Residences,MANILA,3,2,BARANGAY 866,,MANILA RIVERCITY RESIDENCES (KUMAGAWA),14.581645,121.008051,,5F,FIRE EXIT,MNL014,,,,2018-09-27,ISP
MNL014 LP15 NP2,MNL014,LP15,NP2,MNL014 LP15,Manila River City Residences,MANILA,3,2,BARANGAY 866,,MANILA RIVERCITY RESIDENCES (AMAZON),14.581922,121.007980,,6F,FIRE EXIT,MNL142P,,,,2018-09-27,ISP
MNL014 LP4 NP3-4,MNL014,LP4,NP3-4,MNL014 LP4,Manila River City Residences,MANILA,3,2,BARANGAY 866,,MANILA RIVERCITY RESIDENCES (KUMAGAWA),14.581645,121.008051,,2F,FIRE EXIT,MNL014,,,,2018-09-27,ISP
MNL014 LP4 NP1-2,MNL014,LP4,NP1-2,MNL014 LP4,Manila River City Residences,MANILA,3,2,BARANGAY 866,,MANILA RIVERCITY RESIDENCES (KUMAGAWA),14.581645,121.008051,,GF,FIRE EXIT,MNL014,,,,2018-09-27,ISP
MNL014 LP6 NP2,MNL014,LP6,NP2,MNL014 LP6,Manila River City Residences,MANILA,3,2,BARANGAY 866,,MANILA RIVERCITY RESIDENCES (KUMAGAWA),14.581645,121.008051,,10F,FIRE EXIT,MNL014,,,,2018-09-27,ISP
MNL014 LP6 NP6-7,MNL014,LP6,NP6-7,MNL014 LP6,Manila River City Residences,MANILA,3,2,BARANGAY 866,,MANILA RIVERCITY RESIDENCES (KUMAGAWA),14.581645,121.008051,,14F,FIRE EXIT,MNL014,,,,2018-09-27,ISP
MNL014 LP17 NP3-4,MNL014,LP17,NP3-4,MNL014 LP17,Manila River City Residences,MANILA,3,2,BARANGAY 866,,MANILA RIVERCITY RESIDENCES (YANGTZE),14.581784,121.008507,,MZ,FIRE EXIT,MNL143P,,,,2018-09-27,ISP
MNL014 LP13 NP3-4,MNL014,LP13,NP3-4,MNL014 LP13,Manila River City Residences,MANILA,3,2,BARANGAY 866,,MANILA RIVERCITY RESIDENCES (YANGTZE),14.581784,121.008507,,8F,FIRE EXIT,MNL143P,,,,2018-09-27,ISP
MNL014 LP15 NP4,MNL014,LP15,NP4,MNL014 LP15,Manila River City Residences,MANILA,3,2,BARANGAY 866,,MANILA RIVERCITY RESIDENCES (AMAZON),14.581922,121.007980,,8F,FIRE EXIT,MNL142P,,,,2018-09-27,ISP
MNL014 LP16 NP1,MNL014,LP16,NP1,MNL014 LP16,Manila River City Residences,MANILA,3,2,BARANGAY 866,,MANILA RIVERCITY RESIDENCES (AMAZON),14.581922,121.007980,,14F,FIRE EXIT,MNL142P,,,,2018-09-27,ISP
MNL014 LP3 NP6,MNL014,LP3,NP6,MNL014 LP3,Manila River City Residences,MANILA,3,2,BARANGAY 866,,MANILA RIVERCITY RESIDENCES (RHINE),14.581521,121.007792,,19F,FIRE EXIT,MNL144P,,,,2018-09-27,ISP
MNL014 LP1 NP7,MNL014,LP1,NP7,MNL014 LP1,Manila River City Residences,MANILA,3,2,BARANGAY 866,,MANILA RIVERCITY RESIDENCES (NILE),14.581125,121.007878,,9F,FIRE EXIT,MNL141P,,,,2018-09-27,ISP
MNL014 LP14 NP1-2,MNL014,LP14,NP1-2,MNL014 LP14,Manila River City Residences,MANILA,3,2,BARANGAY 866,,MANILA RIVERCITY RESIDENCES (YANGTZE),14.581784,121.008507,,11F,FIRE EXIT,MNL143P,,,,2018-09-27,ISP
MNL014 LP17 NP8,MNL014,LP17,NP8,MNL014 LP17,Manila River City Residences,MANILA,3,2,BARANGAY 866,,MANILA RIVERCITY RESIDENCES (AMAZON),14.581922,121.007980,,4F,FIRE EXIT,MNL142P,,,,2018-09-27,ISP
MNL014 LP12 NP3-4,MNL014,LP12,NP3-4,MNL014 LP12,Manila River City Residences,MANILA,3,2,BARANGAY 866,,MANILA RIVERCITY RESIDENCES (YANGTZE),14.581784,121.008507,,4F,FIRE EXIT,MNL143P,,,,2018-09-27,ISP
MNL014 LP17 NP5-6,MNL014,LP17,NP5-6,MNL014 LP17,Manila River City Residences,MANILA,3,2,BARANGAY 866,,MANILA RIVERCITY RESIDENCES (YANGTZE),14.581784,121.008507,,2F,FIRE EXIT,MNL143P,,,,2018-09-27,ISP
MNL014 LP1 NP6,MNL014,LP1,NP6,MNL014 LP1,Manila River City Residences,MANILA,3,2,BARANGAY 866,,MANILA RIVERCITY RESIDENCES (NILE),14.581125,121.007878,,8F,FIRE EXIT,MNL141P,,,,2018-09-27,ISP
MNL014 LP1 NP1,MNL014,LP1,NP1,MNL014 LP1,Manila River City Residences,MANILA,3,2,BARANGAY 866,,MANILA RIVERCITY RESIDENCES (NILE),14.581125,121.007878,,3F,FIRE EXIT,MNL141P,,,,2018-09-27,ISP
MNL014 LP14 NP5-6,MNL014,LP14,NP5-6,MNL014 LP14,Manila River City Residences,MANILA,3,2,BARANGAY 866,,MANILA RIVERCITY RESIDENCES (YANGTZE),14.581784,121.008507,,14F,FIRE EXIT,MNL143P,,,,2018-09-27,ISP
MNL014 LP15 NP7,MNL014,LP15,NP7,MNL014 LP15,Manila River City Residences,MANILA,3,2,BARANGAY 866,,MANILA RIVERCITY RESIDENCES (AMAZON),14.581922,121.007980,,11F,FIRE EXIT,MNL142P,,,,2018-09-27,ISP
MNL014 LP2 NP4,MNL014,LP2,NP4,MNL014 LP2,Manila River City Residences,MANILA,3,2,BARANGAY 866,,MANILA RIVERCITY RESIDENCES (RHINE),14.581521,121.007792,,8F,FIRE EXIT,MNL144P,,,,2018-09-27,ISP
MNL014 LP2 NP3,MNL014,LP2,NP3,MNL014 LP2,Manila River City Residences,MANILA,3,2,BARANGAY 866,,MANILA RIVERCITY RESIDENCES (RHINE),14.581521,121.007792,,7F,FIRE EXIT,MNL144P,,,,2018-09-27,ISP
MNL014 LP4 NP7,MNL014,LP4,NP7,MNL014 LP4,Manila River City Residences,MANILA,3,2,BARANGAY 866,,MANILA RIVERCITY RESIDENCES (NILE),14.581125,121.007878,,GF,FIRE EXIT,MNL141P,,,,2018-09-27,ISP
MNL014 LP16 NP7,MNL014,LP16,NP7,MNL014 LP16,Manila River City Residences,MANILA,3,2,BARANGAY 866,,MANILA RIVERCITY RESIDENCES (AMAZON),14.581922,121.007980,,20F,FIRE EXIT,MNL142P,,,,2018-09-27,ISP
MNL014 LP13 NP1-2,MNL014,LP13,NP1-2,MNL014 LP13,Manila River City Residences,MANILA,3,2,BARANGAY 866,,MANILA RIVERCITY RESIDENCES (YANGTZE),14.581784,121.008507,,7F,FIRE EXIT,MNL143P,,,,2018-09-27,ISP
MNL014 LP15 NP8,MNL014,LP15,NP8,MNL014 LP15,Manila River City Residences,MANILA,3,2,BARANGAY 866,,MANILA RIVERCITY RESIDENCES (AMAZON),14.581922,121.007980,,12F,FIRE EXIT,MNL142P,,,,2018-09-27,ISP
MNL014 LP6 NP5,MNL014,LP6,NP5,MNL014 LP6,Manila River City Residences,MANILA,3,2,BARANGAY 866,,MANILA RIVERCITY RESIDENCES (KUMAGAWA),14.581645,121.008051,,12F,FIRE EXIT,MNL014,,,,2018-09-27,ISP
MNL014 LP6 NP3-4,MNL014,LP6,NP3-4,MNL014 LP6,Manila River City Residences,MANILA,3,2,BARANGAY 866,,MANILA RIVERCITY RESIDENCES (KUMAGAWA),14.581645,121.008051,,11F,FIRE EXIT,MNL014,,,,2018-09-27,ISP
MNL014 LP14 NP3-4,MNL014,LP14,NP3-4,MNL014 LP14,Manila River City Residences,MANILA,3,2,BARANGAY 866,,MANILA RIVERCITY RESIDENCES (YANGTZE),14.581784,121.008507,,12F,FIRE EXIT,MNL143P,,,,2018-09-27,ISP
MNL014 LP16 NP6,MNL014,LP16,NP6,MNL014 LP16,Manila River City Residences,MANILA,3,2,BARANGAY 866,,MANILA RIVERCITY RESIDENCES (AMAZON),14.581922,121.007980,,19F,FIRE EXIT,MNL142P,,,,2018-09-27,ISP
MNL014 LP1 NP5,MNL014,LP1,NP5,MNL014 LP1,Manila River City Residences,MANILA,3,2,BARANGAY 866,,MANILA RIVERCITY RESIDENCES (NILE),14.581125,121.007878,,7F,FIRE EXIT,MNL141P,,,,2018-09-27,ISP
MNL014 LP12 NP7-8,MNL014,LP12,NP7-8,MNL014 LP12,Manila River City Residences,MANILA,3,2,BARANGAY 866,,MANILA RIVERCITY RESIDENCES (YANGTZE),14.581784,121.008507,,6F,FIRE EXIT,MNL143P,,,,2018-09-27,ISP
MNL014 LP13 NP5-6,MNL014,LP13,NP5-6,MNL014 LP13,Manila River City Residences,MANILA,3,2,BARANGAY 866,,MANILA RIVERCITY RESIDENCES (YANGTZE),14.581784,121.008507,,9F,FIRE EXIT,MNL143P,,,,2018-09-27,ISP
MNL014 LP16 NP2,MNL014,LP16,NP2,MNL014 LP16,Manila River City Residences,MANILA,3,2,BARANGAY 866,,MANILA RIVERCITY RESIDENCES (AMAZON),14.581922,121.007980,,15F,FIRE EXIT,MNL142P,,,,2018-09-27,ISP
MNL014 LP16 NP3,MNL014,LP16,NP3,MNL014 LP16,Manila River City Residences,MANILA,3,2,BARANGAY 866,,MANILA RIVERCITY RESIDENCES (AMAZON),14.581922,121.007980,,16F,FIRE EXIT,MNL142P,,,,2018-09-27,ISP
MNL014 LP5 NP2,MNL014,LP5,NP2,MNL014 LP5,Manila River City Residences,MANILA,3,2,BARANGAY 866,,MANILA RIVERCITY RESIDENCES (KUMAGAWA),14.581645,121.008051,,4F,FIRE EXIT,MNL014,,,,2018-09-27,ISP
MNL014 LP3 NP1,MNL014,LP3,NP1,MNL014 LP3,Manila River City Residences,MANILA,3,2,BARANGAY 866,,MANILA RIVERCITY RESIDENCES (RHINE),14.581521,121.007792,,14F,FIRE EXIT,MNL144P,,,,2018-09-27,ISP
MNL014 LP15 NP3,MNL014,LP15,NP3,MNL014 LP15,Manila River City Residences,MANILA,3,2,BARANGAY 866,,MANILA RIVERCITY RESIDENCES (AMAZON),14.581922,121.007980,,7F,FIRE EXIT,MNL142P,,,,2018-09-27,ISP
MNL004 LP498 NP1-2,MNL004,LP498,NP1-2,MNL004 LP498,Zamora Pandacan,MANILA,3,2,BARANGAY 866,,,14.579814,121.006172,,,,,,,16,2022-12-30,OSP
MNL004 LP498 NP3-4,MNL004,LP498,NP3-4,MNL004 LP498,Zamora Pandacan,MANILA,3,2,BARANGAY 866,,,14.579914,121.006637,,,,,,,16,2022-12-30,OSP
MNL004 LP498 NP5-6,MNL004,LP498,NP5-6,MNL004 LP498,Zamora Pandacan,MANILA,3,2,BARANGAY 866,,,14.579969,121.006904,,,,,,,16,2022-12-30,OSP
MNL004 LP498 NP7-8,MNL004,LP498,NP7-8,MNL004 LP498,Zamora Pandacan,MANILA,3,2,BARANGAY 866,,,14.580076,121.007322,,,,,,,16,2022-12-30,OSP
MNL004 LP61 NP1-2,MNL004,LP61,NP1-2,MNL004 LP61,Zamora Pandacan,MANILA,3,2,BARANGAY 866,,,14.58168416,121.0057091,,,,,,,16,2019-10-04,OSP
MNL004 LP61 NP3-4,MNL004,LP61,NP3-4,MNL004 LP61,Zamora Pandacan,MANILA,3,2,BARANGAY 866,,,14.58207159,121.0070219,,,,,,,16,2019-10-04,OSP
MNL004 LP61 NP5-6,MNL004,LP61,NP5-6,MNL004 LP61,Zamora Pandacan,MANILA,3,2,BARANGAY 866,,,14.5832221,121.0067254,,,,,,,16,2019-10-04,OSP
MNL004 LP61 NP7-8,MNL004,LP61,NP7-8,MNL004 LP61,Zamora Pandacan,MANILA,3,2,BARANGAY 866,,,14.58493404,121.0061985,,,,,,,16,2019-10-04,OSP
MNL004 LP60 NP1-2,MNL004,LP60,NP1-2,MNL004 LP60,Zamora Pandacan,MANILA,3,2,BARANGAY 866,,,14.58060796,121.0073856,,,,,,,16,2019-10-04,OSP
MNL004 LP60 NP3-4,MNL004,LP60,NP3-4,MNL004 LP60,Zamora Pandacan,MANILA,3,2,BARANGAY 866,,,14.58116917,121.0072346,,,,,,,16,2019-10-04,OSP
MNL004 LP60 NP5-6,MNL004,LP60,NP5-6,MNL004 LP60,Zamora Pandacan,MANILA,3,2,BARANGAY 866,,,14.58092967,121.0065067,,,,,,,16,2019-10-04,OSP
MNL004 LP60 NP7-8,MNL004,LP60,NP7-8,MNL004 LP60,Zamora Pandacan,MANILA,3,2,BARANGAY 866,,,14.58078281,121.0059225,,,,,,,16,2019-10-04,OSP
MNL004 LP426 NP1-2,MNL004,LP426,NP1-2,MNL004 LP426,Zamora Pandacan,MANILA,3,2,BARANGAY 866,,,14.582006,121.005542,,,,,,,16,2021-07-27,OSP
MNL004 LP426 NP3-4,MNL004,LP426,NP3-4,MNL004 LP426,Zamora Pandacan,MANILA,3,2,BARANGAY 866,,,14.581672,121.005715,,,,,,,16,2021-07-27,OSP
MNL004 LP426 NP5-6,MNL004,LP426,NP5-6,MNL004 LP426,Zamora Pandacan,MANILA,3,2,BARANGAY 866,,,14.580788,121.005937,,,,,,,16,2021-07-27,OSP
MNL004 LP426 NP7-8,MNL004,LP426,NP7-8,MNL004 LP426,Zamora Pandacan,MANILA,3,2,BARANGAY 866,,,14.58039,121.006036,,,,,,,16,2021-07-27,OSP
MNL004 LP427 NP1-2,MNL004,LP427,NP1-2,MNL004 LP427,Zamora Pandacan,MANILA,3,2,BARANGAY 866,,,14.579804,121.00615,,,,,,,16,2021-07-27,OSP
MNL004 LP572 NP1-2,MNL004,LP572,NP1-2,MNL004 LP572,Zamora Pandacan,MANILA,3,2,BARANGAY 866,,,14.579969,121.006902,,,,,,,16,2023-03-31,OSP
MNL004 LP572 NP3-5,MNL004,LP572,NP3-5,MNL004 LP572,Zamora Pandacan,MANILA,3,2,BARANGAY 866,,,14.58,121.007047,,,,,,,24,2023-03-31,OSP
MNL004 LP572 NP6-8,MNL004,LP572,NP6-8,MNL004 LP572,Zamora Pandacan,MANILA,3,2,BARANGAY 866,,,14.58,121.007047,,,,,,,24,2023-03-31,OSP
MNL004 LP85 NP3-4,MNL004,LP85,NP3-4,MNL004 LP85,Zamora Pandacan,MANILA,3,2,BARANGAY 866,,,14.579933,121.006621,,,,,,,16,2019-09-30,OSP
MNL004 LP85 NP5-6,MNL004,LP85,NP5-6,MNL004 LP85,Zamora Pandacan,MANILA,3,2,BARANGAY 866,,,14.58013,121.007513,,,,,,,16,2019-09-30,OSP
MNL004 LP158 NP5-6,MNL004,LP158,NP5-6,MNL004 LP158,Zamora Pandacan,MANILA,3,2,BARANGAY 866,,,14.58169,121.005725,,,,,,,16,2021-02-27,OSP
MNL004 LP158 NP7-8,MNL004,LP158,NP7-8,MNL004 LP158,Zamora Pandacan,MANILA,3,2,BARANGAY 866,,,14.580785,121.005909,,,,,,,16,2021-02-27,OSP
MNL004 LP159 NP1-2,MNL004,LP159,NP1-2,MNL004 LP159,Zamora Pandacan,MANILA,3,2,BARANGAY 866,,,14.580299,121.00604,,,,,,,16,2021-02-27,OSP
MNL004 LP159 NP3-4,MNL004,LP159,NP3-4,MNL004 LP159,Zamora Pandacan,MANILA,3,2,BARANGAY 866,,,14.579824,121.006185,,,,,,,16,2021-02-27,OSP
MNL004 LP159 NP5-6,MNL004,LP159,NP5-6,MNL004 LP159,Zamora Pandacan,MANILA,3,2,BARANGAY 866,,,14.57998,121.006926,,,,,,,16,2021-02-27,OSP
MNL004 LP159 NP7-8,MNL004,LP159,NP7-8,MNL004 LP159,Zamora Pandacan,MANILA,3,2,BARANGAY 866,,,14.580109,121.0075,,,,,,,16,2021-02-27,OSP
MNL004 LP231 NP5-6,MNL004,LP231,NP5-6,MNL004 LP231,Zamora Pandacan,MANILA,3,2,BARANGAY 866,,,14.580612,121.006937,,,,,,,16,2022-05-26,OSP
MNL004 LP231 NP7-8,MNL004,LP231,NP7-8,MNL004 LP231,Zamora Pandacan,MANILA,3,2,BARANGAY 866,,,14.581262,121.007563,,,,,,,16,2022-05-26,OSP
MNL004 LP232 NP1-2,MNL004,LP232,NP1-2,MNL004 LP232,Zamora Pandacan,MANILA,3,2,BARANGAY 866,,,14.580912,121.007225,,,,,,,16,2022-05-26,OSP
MNL004 LP232 NP3-4,MNL004,LP232,NP3-4,MNL004 LP232,Zamora Pandacan,MANILA,3,2,BARANGAY 866,,,14.581602,121.007051,,,,,,,16,2022-05-26,OSP
MNL004 LP232 NP5-6,MNL004,LP232,NP5-6,MNL004 LP232,Zamora Pandacan,MANILA,3,2,BARANGAY 866,,,14.582064,121.006925,,,,,,,16,2022-05-26,OSP
MNL004 LP232 NP7-8,MNL004,LP232,NP7-8,MNL004 LP232,Zamora Pandacan,MANILA,3,2,BARANGAY 866,,,14.581991,121.006622,,,,,,,16,2022-05-26,OSP
MNL004 LP233 NP1-2,MNL004,LP233,NP1-2,MNL004 LP233,Zamora Pandacan,MANILA,3,2,BARANGAY 866,,,14.582717,121.006879,,,,,,,16,2022-05-26,OSP
MNL004 LP233 NP3-4,MNL004,LP233,NP3-4,MNL004 LP233,Zamora Pandacan,MANILA,3,2,BARANGAY 866,,,14.583524,121.006664,,,,,,,16,2022-05-26,OSP
MNL004 LP233 NP5-6,MNL004,LP233,NP5-6,MNL004 LP233,Zamora Pandacan,MANILA,3,2,BARANGAY 866,,,14.584531,121.006412,,,,,,,16,2022-05-26,OSP
MNL004 LP233 NP7-8,MNL004,LP233,NP7-8,MNL004 LP233,Zamora Pandacan,MANILA,3,2,BARANGAY 866,,,14.584508,121.006294,,,,,,,16,2022-05-26,OSP
MNL004 LP234 NP1-2,MNL004,LP234,NP1-2,MNL004 LP234,Zamora Pandacan,MANILA,3,2,BARANGAY 866,,,14.584936,121.006199,,,,,,,16,2022-05-26,OSP
MNL004 LP234 NP3-4,MNL004,LP234,NP3-4,MNL004 LP234,Zamora Pandacan,MANILA,3,2,BARANGAY 866,,,14.585182,121.006146,,,,,,,16,2022-05-26,OSP
MNL004 LP234 NP5-6,MNL004,LP234,NP5-6,MNL004 LP234,Zamora Pandacan,MANILA,3,2,BARANGAY 866,,,14.585207,121.005931,,,,,,,16,2022-05-26,OSP
MNL004 LP234 NP7-8,MNL004,LP234,NP7-8,MNL004 LP234,Zamora Pandacan,MANILA,3,2,BARANGAY 866,,,14.585455,121.006078,,,,,,,16,2022-05-26,OSP
MNL004 LP235 NP1-2,MNL004,LP235,NP1-2,MNL004 LP235,Zamora Pandacan,MANILA,3,2,BARANGAY 866,,,14.585621,121.006037,,,,,,,16,2022-05-26,OSP
MNL004 LP235 NP3-4,MNL004,LP235,NP3-4,MNL004 LP235,Zamora Pandacan,MANILA,3,2,BARANGAY 866,,,14.585503,121.005832,,,,,,,16,2022-05-26,OSP
MNL004 LP231 NP1-2,MNL004,LP231,NP1-2,MNL004 LP231,Zamora Pandacan,MANILA,3,2,BARANGAY 866,,,14.580451,121.006258,,,,,,,16,2022-05-26,OSP
MNL004 LP231 NP3-4,MNL004,LP231,NP3-4,MNL004 LP231,Zamora Pandacan,MANILA,3,2,BARANGAY 866,,,14.5805,121.006468,,,,,,,16,2022-05-26,OSP
MNL004 LP422 NP3-4-5,MNL004,LP422,NP3-4-5,MNL004 LP422,Zamora Pandacan,MANILA,3,2,BARANGAY 867,,,14.5836,121.004315,,,,,,,24,2021-07-27,OSP
MNL004 LP422 NP6-7-8,MNL004,LP422,NP6-7-8,MNL004 LP422,Zamora Pandacan,MANILA,3,2,BARANGAY 867,,,14.583588,121.004318,,,,,,,24,2021-07-27,OSP
MNL004 LP420 NP1-2,MNL004,LP420,NP1-2,MNL004 LP420,Zamora Pandacan,MANILA,3,2,BARANGAY 867,,,14.583739,121.003321,,,,,,,16,2021-07-27,OSP
MNL004 LP157 NP7-8,MNL004,LP157,NP7-8,MNL004 LP157,Zamora Pandacan,MANILA,3,2,BARANGAY 867,,,14.58394,121.005368,,,,,,,16,2021-02-27,OSP
MNL004 LP158 NP1-2,MNL004,LP158,NP1-2,MNL004 LP158,Zamora Pandacan,MANILA,3,2,BARANGAY 867,,,14.58341,121.005515,,,,,,,16,2021-02-27,OSP
MNL004 LP397 NP3-4-5,MNL004,LP397,NP3-4-5,MNL004 LP397,Zamora Pandacan,MANILA,3,2,BARANGAY 867,,,14.584764,121.005052,,,,,,,24,2021-07-27,OSP
MNL004 LP397 NP6-7-8,MNL004,LP397,NP6-7-8,MNL004 LP397,Zamora Pandacan,MANILA,3,2,BARANGAY 867,,,14.584753,121.005066,,,,,,,24,2021-07-27,OSP
MNL004 LP398 NP1-2,MNL004,LP398,NP1-2,MNL004 LP398,Zamora Pandacan,MANILA,3,2,BARANGAY 867,,,14.584566,121.00517,,,,,,,16,2021-07-27,OSP
MNL004 LP398 NP3-4-5,MNL004,LP398,NP3-4-5,MNL004 LP398,Zamora Pandacan,MANILA,3,2,BARANGAY 867,,,14.584308,121.005259,,,,,,,24,2021-07-27,OSP
MNL004 LP398 NP6-7-8,MNL004,LP398,NP6-7-8,MNL004 LP398,Zamora Pandacan,MANILA,3,2,BARANGAY 867,,,14.583946,121.005374,,,,,,,24,2021-07-27,OSP
MNL004 LP399 NP1-2,MNL004,LP399,NP1-2,MNL004 LP399,Zamora Pandacan,MANILA,3,2,BARANGAY 867,,,14.5834,121.005534,,,,,,,16,2021-07-27,OSP
MNL004 LP400 NP1-2,MNL004,LP400,NP1-2,MNL004 LP400,Zamora Pandacan,MANILA,3,2,BARANGAY 867,,,14.583711,121.005442,,,,,,,16,2021-07-27,OSP
MNL004 LP400 NP3-4-5,MNL004,LP400,NP3-4-5,MNL004 LP400,Zamora Pandacan,MANILA,3,2,BARANGAY 867,,,14.583608,121.005127,,,,,,,24,2021-07-27,OSP
MNL004 LP400 NP6-7-8,MNL004,LP400,NP6-7-8,MNL004 LP400,Zamora Pandacan,MANILA,3,2,BARANGAY 867,,,14.583557,121.004983,,,,,,,24,2021-07-27,OSP
MNL004 LP401 NP1-2,MNL004,LP401,NP1-2,MNL004 LP401,Zamora Pandacan,MANILA,3,2,BARANGAY 867,,,14.583472,121.00469,,,,,,,16,2021-07-27,OSP
MNL004 LP402 NP1-2,MNL004,LP402,NP1-2,MNL004 LP402,Zamora Pandacan,MANILA,3,2,BARANGAY 867,,,14.583479,121.004576,,,,,,,16,2021-07-27,OSP
MNL004 LP402 NP3-4-5,MNL004,LP402,NP3-4-5,MNL004 LP402,Zamora Pandacan,MANILA,3,2,BARANGAY 867,,,14.583614,121.004671,,,,,,,24,2021-07-27,OSP
MNL004 LP402 NP6-7-8,MNL004,LP402,NP6-7-8,MNL004 LP402,Zamora Pandacan,MANILA,3,2,BARANGAY 867,,,14.583769,121.00461,,,,,,,24,2021-07-27,OSP
MNL004 LP403 NP1-2,MNL004,LP403,NP1-2,MNL004 LP403,Zamora Pandacan,MANILA,3,2,BARANGAY 867,,,14.58376,121.004463,,,,,,,16,2021-07-27,OSP
MNL001 LP232 NP5-6,MNL001,LP232,NP5-6,MNL001 LP232,Zen Tower,MANILA,3,2,BARANGAY 867,,,14.58375995,121.0046023,,,,,,,16,2019-06-01,OSP
MNL001 LP229 NP3-4,MNL001,LP229,NP3-4,MNL001 LP229,Zen Tower,MANILA,3,2,BARANGAY 867,,,14.58472462,121.005052,,,,,,,16,2019-06-01,OSP
MNL001 LP229 NP5-6,MNL001,LP229,NP5-6,MNL001 LP229,Zen Tower,MANILA,3,2,BARANGAY 867,,,14.583908,121.005373,,,,,,,16,2019-06-01,OSP
MNL001 LP229 NP7-8,MNL001,LP229,NP7-8,MNL001 LP229,Zen Tower,MANILA,3,2,BARANGAY 867,,,14.583405,121.005514,,,,,,,16,2019-06-01,OSP
MNL001 LP234 NP5-6,MNL001,LP234,NP5-6,MNL001 LP234,Zen Tower,MANILA,3,2,BARANGAY 867,,,14.58376,121.004602,,,,,,,16,2019-06-01,OSP
MNL001 LP234 NP7-8,MNL001,LP234,NP7-8,MNL001 LP234,Zen Tower,MANILA,3,2,BARANGAY 867,,,14.583562,121.004999,,,,,,,16,2020-08-07,OSP
MNL004 LP422 NP1-2,MNL004,LP422,NP1-2,MNL004 LP422,Zamora Pandacan,MANILA,3,2,BARANGAY 868,,,14.583767,121.00429,,,,,,,16,2021-07-27,OSP
MNL004 LP423 NP1-2,MNL004,LP423,NP1-2,MNL004 LP423,Zamora Pandacan,MANILA,3,2,BARANGAY 868,,,14.584088,121.003635,,,,,,,16,2021-07-27,OSP
MNL004 LP423 NP3-4-5,MNL004,LP423,NP3-4-5,MNL004 LP423,Zamora Pandacan,MANILA,3,2,BARANGAY 868,,,14.584097,121.003635,,,,,,,24,2021-07-27,OSP
MNL004 LP423 NP6-7-8,MNL004,LP423,NP6-7-8,MNL004 LP423,Zamora Pandacan,MANILA,3,2,BARANGAY 868,,,14.584104,121.003638,,,,,,,24,2021-07-27,OSP
MNL004 LP424 NP1-2,MNL004,LP424,NP1-2,MNL004 LP424,Zamora Pandacan,MANILA,3,2,BARANGAY 868,,,14.584191,121.003716,,,,,,,16,2021-07-27,OSP
MNL004 LP424 NP3-4-5,MNL004,LP424,NP3-4-5,MNL004 LP424,Zamora Pandacan,MANILA,3,2,BARANGAY 868,,,14.584197,121.003721,,,,,,,24,2021-07-27,OSP
MNL004 LP424 NP6-7-8,MNL004,LP424,NP6-7-8,MNL004 LP424,Zamora Pandacan,MANILA,3,2,BARANGAY 868,,,14.584201,121.003723,,,,,,,24,2021-07-27,OSP
MNL004 LP425 NP1-2,MNL004,LP425,NP1-2,MNL004 LP425,Zamora Pandacan,MANILA,3,2,BARANGAY 868,,,14.584394,121.003893,,,,,,,16,2021-07-27,OSP
MNL004 LP425 NP3-4-5,MNL004,LP425,NP3-4-5,MNL004 LP425,Zamora Pandacan,MANILA,3,2,BARANGAY 868,,,14.584401,121.003898,,,,,,,24,2021-07-27,OSP
MNL004 LP425 NP6-7-8,MNL004,LP425,NP6-7-8,MNL004 LP425,Zamora Pandacan,MANILA,3,2,BARANGAY 868,,,14.584406,121.003902,,,,,,,24,2021-07-27,OSP
MNL004 LP419 NP3-4-5,MNL004,LP419,NP3-4-5,MNL004 LP419,Zamora Pandacan,MANILA,3,2,BARANGAY 868,,,14.583758,121.003334,,,,,,,24,2021-07-27,OSP
MNL004 LP419 NP6-7-8,MNL004,LP419,NP6-7-8,MNL004 LP419,Zamora Pandacan,MANILA,3,2,BARANGAY 868,,,14.58375,121.003323,,,,,,,24,2021-07-27,OSP
MNL004 LP420 NP3-4-5,MNL004,LP420,NP3-4-5,MNL004 LP420,Zamora Pandacan,MANILA,3,2,BARANGAY 868,,,14.583858,121.003425,,,,,,,24,2021-07-27,OSP
MNL004 LP420 NP6-7-8,MNL004,LP420,NP6-7-8,MNL004 LP420,Zamora Pandacan,MANILA,3,2,BARANGAY 868,,,14.583683,121.003547,,,,,,,24,2021-07-27,OSP
MNL004 LP421 NP1-2,MNL004,LP421,NP1-2,MNL004 LP421,Zamora Pandacan,MANILA,3,2,BARANGAY 868,,,14.583716,121.003874,,,,,,,16,2021-07-27,OSP
MNL004 LP421 NP3-4-5,MNL004,LP421,NP3-4-5,MNL004 LP421,Zamora Pandacan,MANILA,3,2,BARANGAY 868,,,14.583756,121.004155,,,,,,,24,2021-07-27,OSP
MNL004 LP421 NP6-7-8,MNL004,LP421,NP6-7-8,MNL004 LP421,Zamora Pandacan,MANILA,3,2,BARANGAY 868,,,14.583758,121.004168,,,,,,,24,2021-07-27,OSP
MNL004 LP157 NP5-6,MNL004,LP157,NP5-6,MNL004 LP157,Zamora Pandacan,MANILA,3,2,BARANGAY 868,,,14.584852,121.004985,,,,,,,16,2021-02-27,OSP
MNL004 LP157 NP3-4,MNL004,LP157,NP3-4,MNL004 LP157,Zamora Pandacan,MANILA,3,2,BARANGAY 868,,,14.585169,121.004797,,,,,,,16,2021-02-27,OSP
MNL004 LP396 NP1-2,MNL004,LP396,NP1-2,MNL004 LP396,Zamora Pandacan,MANILA,3,2,BARANGAY 868,,,14.585413,121.004696,,,,,,,16,2021-07-27,OSP
MNL004 LP396 NP3-4-5,MNL004,LP396,NP3-4-5,MNL004 LP396,Zamora Pandacan,MANILA,3,2,BARANGAY 868,,,14.585407,121.004698,,,,,,,24,2021-07-27,OSP
MNL004 LP396 NP6-7-8,MNL004,LP396,NP6-7-8,MNL004 LP396,Zamora Pandacan,MANILA,3,2,BARANGAY 868,,,14.585174,121.004828,,,,,,,24,2021-07-27,OSP
MNL004 LP397 NP1-2,MNL004,LP397,NP1-2,MNL004 LP397,Zamora Pandacan,MANILA,3,2,BARANGAY 868,,,14.584956,121.004948,,,,,,,16,2021-07-27,OSP
MNL004 LP403 NP3-4-5,MNL004,LP403,NP3-4-5,MNL004 LP403,Zamora Pandacan,MANILA,3,2,BARANGAY 868,,,14.584048,121.004261,,,,,,,24,2021-07-27,OSP
MNL004 LP403 NP6-7-8,MNL004,LP403,NP6-7-8,MNL004 LP403,Zamora Pandacan,MANILA,3,2,BARANGAY 868,,,14.584048,121.004134,,,,,,,24,2021-07-27,OSP
MNL001 LP233 NP1-2,MNL001,LP233,NP1-2,MNL001 LP233,Zen Tower,MANILA,3,2,BARANGAY 868,,,14.583746,121.003346,,,,,,,16,2019-06-01,OSP
MNL001 LP233 NP3-4,MNL001,LP233,NP3-4,MNL001 LP233,Zen Tower,MANILA,3,2,BARANGAY 868,,,14.58397,121.003527,,,,,,,16,2019-06-01,OSP
MNL001 LP233 NP5-6,MNL001,LP233,NP5-6,MNL001 LP233,Zen Tower,MANILA,3,2,BARANGAY 868,,,14.584199,121.003772,,,,,,,16,2019-06-01,OSP
MNL001 LP229 NP1-2,MNL001,LP229,NP1-2,MNL001 LP229,Zen Tower,MANILA,3,2,BARANGAY 868,,,14.585323,121.00472,,,,,,,16,2019-06-01,OSP
MNL001 LP233 NP7-8,MNL001,LP233,NP7-8,MNL001 LP233,Zen Tower,MANILA,3,2,BARANGAY 868,,,14.58449,121.003996,,,,,,,16,2020-08-07,OSP
MNL001 LP234 NP1-2,MNL001,LP234,NP1-2,MNL001 LP234,Zen Tower,MANILA,3,2,BARANGAY 868,,,14.583727,121.003884,,,,,,,16,2019-06-01,OSP
MNL001 LP234 NP3-4,MNL001,LP234,NP3-4,MNL001 LP234,Zen Tower,MANILA,3,2,BARANGAY 868,,,14.583755,121.004285,,,,,,,16,2019-06-01,OSP
MNL034 LP111 NP1-2,MNL034,LP111,NP1-2,MNL034 LP111,Benitez,MANILA,3,2,BARANGAY 869,,,14.581096,121.004854,,,,,,,16,2020-07-16,OSP
MNL034 LP111 NP3-4,MNL034,LP111,NP3-4,MNL034 LP111,Benitez,MANILA,3,2,BARANGAY 869,,,14.580446,121.004504,,,,,,,16,2020-07-16,OSP
MNL034 LP111 NP5-6,MNL034,LP111,NP5-6,MNL034 LP111,Benitez,MANILA,3,2,BARANGAY 869,,,14.579945,121.004374,,,,,,,16,2020-07-16,OSP
MNL034 LP103 NP1-2,MNL034,LP103,NP1-2,MNL034 LP103,Benitez,MANILA,3,2,BARANGAY 869,,,14.579566,121.005249,,,,,,,16,2020-06-22,OSP
MNL034 LP103 NP3-4,MNL034,LP103,NP3-4,MNL034 LP103,Benitez,MANILA,3,2,BARANGAY 869,,,14.579481,121.004856,,,,,,,16,2020-06-22,OSP
SJC001 LP79 NP1-2,SJC001,LP79,NP1-2,SJC001 LP79,Greenhills Heights,MANILA,3,2,BARANGAY 869,,,14.579412,121.00458,,,,,,,16,2016-05-15,OSP
MNL004 LP81 NP1-2,MNL004,LP81,NP1-2,MNL004 LP81,Zamora Pandacan,MANILA,3,2,BARANGAY 869,,,14.579512,121.004868,,,,,,,16,2019-09-30,OSP
MNL004 LP431 NP6-7-8,MNL004,LP431,NP6-7-8,MNL004 LP431,Zamora Pandacan,MANILA,3,2,BARANGAY 869,,,14.580037,121.004585,,,,,,,24,2021-07-27,OSP
MNL004 LP427 NP3-4-5,MNL004,LP427,NP3-4-5,MNL004 LP427,Zamora Pandacan,MANILA,3,2,BARANGAY 869,,,14.579716,121.005814,,,,,,,24,2021-07-27,OSP
MNL004 LP427 NP6-7-8,MNL004,LP427,NP6-7-8,MNL004 LP427,Zamora Pandacan,MANILA,3,2,BARANGAY 869,,,14.579592,121.005288,,,,,,,24,2021-07-27,OSP
MNL004 LP428 NP1-2,MNL004,LP428,NP1-2,MNL004 LP428,Zamora Pandacan,MANILA,3,2,BARANGAY 869,,,14.579715,121.005238,,,,,,,16,2021-07-27,OSP
MNL004 LP428 NP3-4-5,MNL004,LP428,NP3-4-5,MNL004 LP428,Zamora Pandacan,MANILA,3,2,BARANGAY 869,,,14.579681,121.00505,,,,,,,24,2021-07-27,OSP
MNL004 LP428 NP6-7-8,MNL004,LP428,NP6-7-8,MNL004 LP428,Zamora Pandacan,MANILA,3,2,BARANGAY 869,,,14.579836,121.00505,,,,,,,24,2021-07-27,OSP
MNL004 LP429 NP1-2,MNL004,LP429,NP1-2,MNL004 LP429,Zamora Pandacan,MANILA,3,2,BARANGAY 869,,,14.579949,121.005022,,,,,,,16,2021-07-27,OSP
MNL004 LP429 NP3-4-5,MNL004,LP429,NP3-4-5,MNL004 LP429,Zamora Pandacan,MANILA,3,2,BARANGAY 869,,,14.580871,121.004786,,,,,,,24,2021-07-27,OSP
MNL004 LP429 NP6-7-8,MNL004,LP429,NP6-7-8,MNL004 LP429,Zamora Pandacan,MANILA,3,2,BARANGAY 869,,,14.581037,121.004804,,,,,,,24,2021-07-27,OSP
MNL004 LP430 NP1-2,MNL004,LP430,NP1-2,MNL004 LP430,Zamora Pandacan,MANILA,3,2,BARANGAY 869,,,14.581042,121.004809,,,,,,,16,2021-07-27,OSP
MNL004 LP430 NP3-4-5,MNL004,LP430,NP3-4-5,MNL004 LP430,Zamora Pandacan,MANILA,3,2,BARANGAY 869,,,14.580744,121.004596,,,,,,,24,2021-07-27,OSP
MNL004 LP430 NP6-7-8,MNL004,LP430,NP6-7-8,MNL004 LP430,Zamora Pandacan,MANILA,3,2,BARANGAY 869,,,14.580752,121.0046,,,,,,,24,2021-07-27,OSP
MNL004 LP431 NP1-2,MNL004,LP431,NP1-2,MNL004 LP431,Zamora Pandacan,MANILA,3,2,BARANGAY 869,,,14.579613,121.004743,,,,,,,16,2021-07-27,OSP
MNL004 LP431 NP3-4-5,MNL004,LP431,NP3-4-5,MNL004 LP431,Zamora Pandacan,MANILA,3,2,BARANGAY 869,,,14.579778,121.004691,,,,,,,24,2021-07-27,OSP
MNL004 LP575 NP1-2,MNL004,LP575,NP1-2,MNL004 LP575,Zamora Pandacan,MANILA,3,2,BARANGAY 869,,,14.579594,121.005241,,,,,,,16,2023-03-31,OSP
MNL004 LP575 NP3-5,MNL004,LP575,NP3-5,MNL004 LP575,Zamora Pandacan,MANILA,3,2,BARANGAY 869,,,14.579497,121.004915,,,,,,,24,2023-03-31,OSP
MNL004 LP90 NP1-2,MNL004,LP90,NP1-2,MNL004 LP90,Zamora Pandacan,MANILA,3,2,BARANGAY 869,,,14.579672,121.005047,,,,,,,16,2019-11-29,OSP
MNL004 LP90 NP3-4,MNL004,LP90,NP3-4,MNL004 LP90,Zamora Pandacan,MANILA,3,2,BARANGAY 869,,,14.580107,121.004986,,,,,,,16,2019-11-29,OSP
MNL004 LP90 NP5-6,MNL004,LP90,NP5-6,MNL004 LP90,Zamora Pandacan,MANILA,3,2,BARANGAY 869,,,14.580402,121.004908,,,,,,,16,2019-11-29,OSP
MNL004 LP90 NP7-8,MNL004,LP90,NP7-8,MNL004 LP90,Zamora Pandacan,MANILA,3,2,BARANGAY 869,,,14.580866,121.004784,,,,,,,16,2019-11-29,OSP
MNL004 LP568 NP1-2,MNL004,LP568,NP1-2,MNL004 LP568,Zamora Pandacan,MANILA,3,2,BARANGAY 869,,,14.579736,121.005815,,,,,,,16,2023-03-31,OSP
MNL004 LP85 NP1-2,MNL004,LP85,NP1-2,MNL004 LP85,Zamora Pandacan,MANILA,3,2,BARANGAY 869,,,14.579719,121.005811,,,,,,,16,2019-09-30,OSP
MNL004 LP417 NP3-4-5,MNL004,LP417,NP3-4-5,MNL004 LP417,Zamora Pandacan,MANILA,3,2,BARANGAY 870,,,14.583117,121.004555,,,,,,,24,2021-07-27,OSP
MNL004 LP417 NP6-7-8,MNL004,LP417,NP6-7-8,MNL004 LP417,Zamora Pandacan,MANILA,3,2,BARANGAY 870,,,14.583115,121.004562,,,,,,,24,2021-07-27,OSP
MNL004 LP417 NP1-2,MNL004,LP417,NP1-2,MNL004 LP417,Zamora Pandacan,MANILA,3,2,BARANGAY 870,,,14.583122,121.004454,,,,,,,16,2021-07-27,OSP
MNL004 LP407 NP3-4-5,MNL004,LP407,NP3-4-5,MNL004 LP407,Zamora Pandacan,MANILA,3,2,BARANGAY 870,,,14.582341,121.004244,,,,,,,24,2021-07-27,OSP
MNL004 LP158 NP3-4,MNL004,LP158,NP3-4,MNL004 LP158,Zamora Pandacan,MANILA,3,2,BARANGAY 870,,,14.582887,121.005471,,,,,,,16,2021-02-27,OSP
MNL004 LP399 NP3-4-5,MNL004,LP399,NP3-4-5,MNL004 LP399,Zamora Pandacan,MANILA,3,2,BARANGAY 870,,,14.583106,121.005548,,,,,,,24,2021-07-27,OSP
MNL004 LP399 NP6-7-8,MNL004,LP399,NP6-7-8,MNL004 LP399,Zamora Pandacan,MANILA,3,2,BARANGAY 870,,,14.583091,121.005245,,,,,,,24,2021-07-27,OSP
MNL004 LP401 NP3-4-5,MNL004,LP401,NP3-4-5,MNL004 LP401,Zamora Pandacan,MANILA,3,2,BARANGAY 870,,,14.583176,121.00477,,,,,,,24,2021-07-27,OSP
MNL004 LP401 NP6-7-8,MNL004,LP401,NP6-7-8,MNL004 LP401,Zamora Pandacan,MANILA,3,2,BARANGAY 870,,,14.582971,121.004853,,,,,,,24,2021-07-27,OSP
MNL004 LP404 NP1-2,MNL004,LP404,NP1-2,MNL004 LP404,Zamora Pandacan,MANILA,3,2,BARANGAY 870,,,14.582936,121.005476,,,,,,,16,2021-07-27,OSP
MNL004 LP404 NP3-4-5,MNL004,LP404,NP3-4-5,MNL004 LP404,Zamora Pandacan,MANILA,3,2,BARANGAY 870,,,14.582854,121.005537,,,,,,,24,2021-07-27,OSP
MNL004 LP404 NP6-7-8,MNL004,LP404,NP6-7-8,MNL004 LP404,Zamora Pandacan,MANILA,3,2,BARANGAY 870,,,14.582749,121.005505,,,,,,,24,2021-07-27,OSP
MNL004 LP405 NP1-2,MNL004,LP405,NP1-2,MNL004 LP405,Zamora Pandacan,MANILA,3,2,BARANGAY 870,,,14.582287,121.005474,,,,,,,16,2021-07-27,OSP
MNL004 LP405 NP3-4-5,MNL004,LP405,NP3-4-5,MNL004 LP405,Zamora Pandacan,MANILA,3,2,BARANGAY 870,,,14.582623,121.005322,,,,,,,24,2021-07-27,OSP
MNL004 LP405 NP6-7-8,MNL004,LP405,NP6-7-8,MNL004 LP405,Zamora Pandacan,MANILA,3,2,BARANGAY 870,,,14.582493,121.005198,,,,,,,24,2021-07-27,OSP
MNL004 LP406 NP1-2,MNL004,LP406,NP1-2,MNL004 LP406,Zamora Pandacan,MANILA,3,2,BARANGAY 870,,,14.582438,121.005056,,,,,,,16,2021-07-27,OSP
MNL004 LP406 NP3-4-5,MNL004,LP406,NP3-4-5,MNL004 LP406,Zamora Pandacan,MANILA,3,2,BARANGAY 870,,,14.582406,121.004948,,,,,,,24,2021-07-27,OSP
MNL004 LP406 NP6-7-8,MNL004,LP406,NP6-7-8,MNL004 LP406,Zamora Pandacan,MANILA,3,2,BARANGAY 870,,,14.582371,121.004728,,,,,,,24,2021-07-27,OSP
MNL004 LP407 NP1-2,MNL004,LP407,NP1-2,MNL004 LP407,Zamora Pandacan,MANILA,3,2,BARANGAY 870,,,14.582353,121.004471,,,,,,,16,2021-07-27,OSP
MNL001 LP230 NP1-2,MNL001,LP230,NP1-2,MNL001 LP230,Zen Tower,MANILA,3,2,BARANGAY 870,,,14.582763,121.005509,,,,,,,16,2019-06-01,OSP
MNL001 LP230 NP3-4,MNL001,LP230,NP3-4,MNL001 LP230,Zen Tower,MANILA,3,2,BARANGAY 870,,,14.58242316,121.0050615,,,,,,,16,2019-06-01,OSP
MNL001 LP230 NP5-6,MNL001,LP230,NP5-6,MNL001 LP230,Zen Tower,MANILA,3,2,BARANGAY 870,,,14.58229048,121.0043955,,,,,,,16,2019-06-01,OSP
MNL001 LP230 NP7-8,MNL001,LP230,NP7-8,MNL001 LP230,Zen Tower,MANILA,3,2,BARANGAY 870,,,14.583346,121.004885,,,,,,,16,2019-06-01,OSP
MNL001 LP232 NP7-8,MNL001,LP232,NP7-8,MNL001 LP232,Zen Tower,MANILA,3,2,BARANGAY 870,,,14.583031,121.004206,,,,,,,16,2020-08-07,OSP
MNL004 LP414 NP3-4-5,MNL004,LP414,NP3-4-5,MNL004 LP414,Zamora Pandacan,MANILA,3,2,BARANGAY 871,,,14.582999,121.003673,,,,,,,24,2021-07-27,OSP
MNL004 LP414 NP6-7-8,MNL004,LP414,NP6-7-8,MNL004 LP414,Zamora Pandacan,MANILA,3,2,BARANGAY 871,,,14.583008,121.003682,,,,,,,24,2021-07-27,OSP
MNL004 LP415 NP1-2,MNL004,LP415,NP1-2,MNL004 LP415,Zamora Pandacan,MANILA,3,2,BARANGAY 871,,,14.583043,121.003933,,,,,,,16,2021-07-27,OSP
MNL004 LP415 NP3-4-5,MNL004,LP415,NP3-4-5,MNL004 LP415,Zamora Pandacan,MANILA,3,2,BARANGAY 871,,,14.583205,121.003933,,,,,,,24,2021-07-27,OSP
MNL004 LP415 NP6-7-8,MNL004,LP415,NP6-7-8,MNL004 LP415,Zamora Pandacan,MANILA,3,2,BARANGAY 871,,,14.583215,121.003934,,,,,,,24,2021-07-27,OSP
MNL004 LP416 NP1-2,MNL004,LP416,NP1-2,MNL004 LP416,Zamora Pandacan,MANILA,3,2,BARANGAY 871,,,14.583012,121.004188,,,,,,,16,2021-07-27,OSP
MNL004 LP416 NP3-4-5,MNL004,LP416,NP3-4-5,MNL004 LP416,Zamora Pandacan,MANILA,3,2,BARANGAY 871,,,14.583025,121.004188,,,,,,,24,2021-07-27,OSP
MNL004 LP416 NP6-7-8,MNL004,LP416,NP6-7-8,MNL004 LP416,Zamora Pandacan,MANILA,3,2,BARANGAY 871,,,14.583018,121.004193,,,,,,,24,2021-07-27,OSP
MNL004 LP407 NP6-7-8,MNL004,LP407,NP6-7-8,MNL004 LP407,Zamora Pandacan,MANILA,3,2,BARANGAY 871,,,14.582333,121.004038,,,,,,,24,2021-07-27,OSP
MNL004 LP408 NP1-2,MNL004,LP408,NP1-2,MNL004 LP408,Zamora Pandacan,MANILA,3,2,BARANGAY 871,,,14.582313,121.003724,,,,,,,16,2021-07-27,OSP
MNL004 LP408 NP3-4-5,MNL004,LP408,NP3-4-5,MNL004 LP408,Zamora Pandacan,MANILA,3,2,BARANGAY 871,,,14.582315,121.003736,,,,,,,24,2021-07-27,OSP
MNL001 LP231 NP5-6,MNL001,LP231,NP5-6,MNL001 LP231,Zen Tower,MANILA,3,2,BARANGAY 871,,,14.58304491,121.0039289,,,,,,,16,2019-06-01,OSP
MNL001 LP232 NP3-4,MNL001,LP232,NP3-4,MNL001 LP232,Zen Tower,MANILA,3,2,BARANGAY 871,,,14.583045,121.003929,,,,,,,16,2019-06-01,OSP
MNL004 LP418 NP1-2,MNL004,LP418,NP1-2,MNL004 LP418,Zamora Pandacan,MANILA,3,2,BARANGAY 872,,,14.583425,121.003058,,,,,,,16,2021-07-27,OSP
MNL004 LP418 NP3-4-5,MNL004,LP418,NP3-4-5,MNL004 LP418,Zamora Pandacan,MANILA,3,2,BARANGAY 872,,,14.583438,121.003065,,,,,,,24,2021-07-27,OSP
MNL004 LP418 NP6-7-8,MNL004,LP418,NP6-7-8,MNL004 LP418,Zamora Pandacan,MANILA,3,2,BARANGAY 872,,,14.583431,121.003066,,,,,,,24,2021-07-27,OSP
MNL004 LP419 NP1-2,MNL004,LP419,NP1-2,MNL004 LP419,Zamora Pandacan,MANILA,3,2,BARANGAY 872,,,14.583603,121.003204,,,,,,,16,2021-07-27,OSP
MNL004 LP411 NP6-7-8,MNL004,LP411,NP6-7-8,MNL004 LP411,Zamora Pandacan,MANILA,3,2,BARANGAY 872,,,14.582687,121.002453,,,,,,,24,2021-07-27,OSP
MNL004 LP412 NP1-2,MNL004,LP412,NP1-2,MNL004 LP412,Zamora Pandacan,MANILA,3,2,BARANGAY 872,,,14.582692,121.002459,,,,,,,16,2021-07-27,OSP
MNL004 LP412 NP3-4-5,MNL004,LP412,NP3-4-5,MNL004 LP412,Zamora Pandacan,MANILA,3,2,BARANGAY 872,,,14.58287,121.002603,,,,,,,24,2021-07-27,OSP
MNL004 LP412 NP6-7-8,MNL004,LP412,NP6-7-8,MNL004 LP412,Zamora Pandacan,MANILA,3,2,BARANGAY 872,,,14.582875,121.002607,,,,,,,24,2021-07-27,OSP
MNL004 LP413 NP1-2,MNL004,LP413,NP1-2,MNL004 LP413,Zamora Pandacan,MANILA,3,2,BARANGAY 872,,,14.58319,121.002867,,,,,,,16,2021-07-27,OSP
MNL004 LP413 NP3-4-5,MNL004,LP413,NP3-4-5,MNL004 LP413,Zamora Pandacan,MANILA,3,2,BARANGAY 872,,,14.583106,121.003109,,,,,,,24,2021-07-27,OSP
MNL004 LP413 NP6-7-8,MNL004,LP413,NP6-7-8,MNL004 LP413,Zamora Pandacan,MANILA,3,2,BARANGAY 872,,,14.583187,121.002863,,,,,,,24,2021-07-27,OSP
MNL004 LP414 NP1-2,MNL004,LP414,NP1-2,MNL004 LP414,Zamora Pandacan,MANILA,3,2,BARANGAY 872,,,14.583066,121.003258,,,,,,,16,2021-07-27,OSP
MNL004 LP408 NP6-7-8,MNL004,LP408,NP6-7-8,MNL004 LP408,Zamora Pandacan,MANILA,3,2,BARANGAY 872,,,14.582356,121.003473,,,,,,,24,2021-07-27,OSP
MNL004 LP409 NP1-2,MNL004,LP409,NP1-2,MNL004 LP409,Zamora Pandacan,MANILA,3,2,BARANGAY 872,,,14.582351,121.003475,,,,,,,16,2021-07-27,OSP
MNL004 LP409 NP3-4-5,MNL004,LP409,NP3-4-5,MNL004 LP409,Zamora Pandacan,MANILA,3,2,BARANGAY 872,,,14.582348,121.003483,,,,,,,24,2021-07-27,OSP
MNL004 LP409 NP6-7-8,MNL004,LP409,NP6-7-8,MNL004 LP409,Zamora Pandacan,MANILA,3,2,BARANGAY 872,,,14.582373,121.003132,,,,,,,24,2021-07-27,OSP
MNL004 LP410 NP1-2,MNL004,LP410,NP1-2,MNL004 LP410,Zamora Pandacan,MANILA,3,2,BARANGAY 872,,,14.582424,121.002983,,,,,,,16,2021-07-27,OSP
MNL004 LP410 NP3-4-5,MNL004,LP410,NP3-4-5,MNL004 LP410,Zamora Pandacan,MANILA,3,2,BARANGAY 872,,,14.582397,121.002795,,,,,,,24,2021-07-27,OSP
MNL004 LP410 NP6-7-8,MNL004,LP410,NP6-7-8,MNL004 LP410,Zamora Pandacan,MANILA,3,2,BARANGAY 872,,,14.58243,121.002649,,,,,,,24,2021-07-27,OSP
MNL004 LP411 NP1-2,MNL004,LP411,NP1-2,MNL004 LP411,Zamora Pandacan,MANILA,3,2,BARANGAY 872,,,14.582545,121.002337,,,,,,,16,2021-07-27,OSP
MNL004 LP411 NP3-4-5,MNL004,LP411,NP3-4-5,MNL004 LP411,Zamora Pandacan,MANILA,3,2,BARANGAY 872,,,14.582549,121.002345,,,,,,,24,2021-07-27,OSP
MNL001 LP231 NP1-2,MNL001,LP231,NP1-2,MNL001 LP231,Zen Tower,MANILA,3,2,BARANGAY 872,,,14.582344,121.003503,,,,,,,16,2019-06-01,OSP
MNL001 LP231 NP3-4,MNL001,LP231,NP3-4,MNL001 LP231,Zen Tower,MANILA,3,2,BARANGAY 872,,,14.582438,121.002693,,,,,,,16,2019-06-01,OSP
MNL001 LP231 NP7-8,MNL001,LP231,NP7-8,MNL001 LP231,Zen Tower,MANILA,3,2,BARANGAY 872,,,14.58306208,121.0032784,,,,,,,16,2019-06-01,OSP
MNL001 LP232 NP1-2,MNL001,LP232,NP1-2,MNL001 LP232,Zen Tower,MANILA,3,2,BARANGAY 872,,,14.583062,121.003278,,,,,,,16,2019-06-01,OSP
MNL034 LP97 NP1-2,MNL034,LP97,NP1-2,MNL034 LP97,Benitez,MANILA,3,2,BARANGAY 873,,,14.579262,121.0124,,,,,,,16,2020-06-29,OSP
MNL034 LP97 NP3-4,MNL034,LP97,NP3-4,MNL034 LP97,Benitez,MANILA,3,2,BARANGAY 873,,,14.579108,121.011746,,,,,,,16,2020-06-29,OSP
MNL004 LP54 NP5-6,MNL004,LP54,NP5-6,MNL004 LP54,Zamora Pandacan,MANILA,3,2,BARANGAY 873,,,14.57953556,121.0133934,,,,,,,16,2019-10-04,OSP
MNL004 LP50 NP1-2,MNL004,LP50,NP1-2,MNL004 LP50,Zamora Pandacan,MANILA,3,2,BARANGAY 873,,,14.57927474,121.0110648,,,,,,,16,2019-10-04,OSP
MNL004 LP56 NP5-6,MNL004,LP56,NP5-6,MNL004 LP56,Zamora Pandacan,MANILA,3,2,BARANGAY 873,,,14.58032164,121.0131735,,,,,,,16,2019-10-04,OSP
MNL004 LP56 NP7-8,MNL004,LP56,NP7-8,MNL004 LP56,Zamora Pandacan,MANILA,3,2,BARANGAY 873,,,14.58055642,121.0134316,,,,,,,16,2019-10-04,OSP
MNL004 LP56 NP1-2,MNL004,LP56,NP1-2,MNL004 LP56,Zamora Pandacan,MANILA,3,2,BARANGAY 873,,,14.57979785,121.012861,,,,,,,16,2019-10-04,OSP
MNL004 LP56 NP3-4,MNL004,LP56,NP3-4,MNL004 LP56,Zamora Pandacan,MANILA,3,2,BARANGAY 873,,,14.58012468,121.012428,,,,,,,16,2019-10-04,OSP
MNL004 LP142 NP3-4,MNL004,LP142,NP3-4,MNL004 LP142,Zamora Pandacan,MANILA,3,2,BARANGAY 873,,,14.580548,121.013457,,,,,,,16,2021-02-26,OSP
MNL004 LP145 NP7-8,MNL004,LP145,NP7-8,MNL004 LP145,Zamora Pandacan,MANILA,3,2,BARANGAY 873,,,14.580171,121.012437,,,,,,,16,2021-02-26,OSP
MNL004 LP146 NP1-2,MNL004,LP146,NP1-2,MNL004 LP146,Zamora Pandacan,MANILA,3,2,BARANGAY 873,,,14.579727,121.012571,,,,,,,16,2021-02-26,OSP
MNL004 LP146 NP3-4,MNL004,LP146,NP3-4,MNL004 LP146,Zamora Pandacan,MANILA,3,2,BARANGAY 873,,,14.579527,121.013371,,,,,,,16,2021-02-26,OSP
MNL004 LP173 NP1-2,MNL004,LP173,NP1-2,MNL004 LP173,Zamora Pandacan,MANILA,3,2,BARANGAY 873,,,14.579116,121.011791,,,,,,,16,2023-04-30,OSP
MNL004 LP173 NP3-4,MNL004,LP173,NP3-4,MNL004 LP173,Zamora Pandacan,MANILA,3,2,BARANGAY 873,,,14.579264,121.012415,,,,,,,16,2023-04-30,OSP
MNL034 LP91 NP3-4,MNL034,LP91,NP3-4,MNL034 LP91,Benitez,MANILA,3,2,BARANGAY 874,,,14.576968,121.012106,,,,,,,16,2020-06-29,OSP
MNL034 LP89 NP7-8,MNL034,LP89,NP7-8,MNL034 LP89,Benitez,MANILA,3,2,BARANGAY 874,,,14.578236,121.010394,,,,,,,16,2020-06-29,OSP
MNL034 LP90 NP1-2,MNL034,LP90,NP1-2,MNL034 LP90,Benitez,MANILA,3,2,BARANGAY 874,,,14.578077,121.010672,,,,,,,16,2020-06-29,OSP
MNL034 LP90 NP3-4,MNL034,LP90,NP3-4,MNL034 LP90,Benitez,MANILA,3,2,BARANGAY 874,,,14.577663,121.011211,,,,,,,16,2020-06-29,OSP
MNL034 LP90 NP5-6,MNL034,LP90,NP5-6,MNL034 LP90,Benitez,MANILA,3,2,BARANGAY 874,,,14.577419,121.011567,,,,,,,16,2020-06-29,OSP
MNL034 LP90 NP7-8,MNL034,LP90,NP7-8,MNL034 LP90,Benitez,MANILA,3,2,BARANGAY 874,,,14.577269,121.011787,,,,,,,16,2020-06-29,OSP
MNL034 LP91 NP1-2,MNL034,LP91,NP1-2,MNL034 LP91,Benitez,MANILA,3,2,BARANGAY 874,,,14.577148,121.01198,,,,,,,16,2020-06-29,OSP
MNL034 LP83 NP3-4,MNL034,LP83,NP3-4,MNL034 LP83,Benitez,MANILA,3,2,BARANGAY 874,,,14.577129,121.010938,,,,,,,16,2020-06-22,OSP
MNL034 LP81 NP1-2,MNL034,LP81,NP1-2,MNL034 LP81,Benitez,MANILA,3,2,BARANGAY 874,,,14.578067,121.009785,,,,,,,16,2020-06-22,OSP
MNL034 LP81 NP5-6,MNL034,LP81,NP5-6,MNL034 LP81,Benitez,MANILA,3,2,BARANGAY 874,,,14.577378,121.010625,,,,,,,16,2020-06-22,OSP
MKT003 LP89 NP7-8,MKT003,LP89,NP7-8,MKT003 LP89,Centuria,MANILA,3,2,BARANGAY 874,,,14.575025,121.012239,,,,,,,16,2018-03-01,OSP
MNL004 LP653 NP6-8,MNL004,LP653,NP6-8,MNL004 LP653,Zamora Pandacan,MANILA,3,2,BARANGAY 874,,,14.578159,121.00942,,,,,,,24,2022-07-27,OSP
MNL004 LP654 NP1-2,MNL004,LP654,NP1-2,MNL004 LP654,Zamora Pandacan,MANILA,3,2,BARANGAY 874,,,14.577908,121.009686,,,,,,,16,2022-07-27,OSP
MNL004 LP654 NP3-5,MNL004,LP654,NP3-5,MNL004 LP654,Zamora Pandacan,MANILA,3,2,BARANGAY 874,,,14.577891,121.009558,,,,,,,24,2022-07-27,OSP
MNL004 LP501 NP3-4,MNL004,LP501,NP3-4,MNL004 LP501,Zamora Pandacan,MANILA,3,2,BARANGAY 874,,,14.578099,121.009769,,,,,,,16,2022-12-30,OSP
MNL004 LP501 NP5-6,MNL004,LP501,NP5-6,MNL004 LP501,Zamora Pandacan,MANILA,3,2,BARANGAY 874,,,14.57785,121.010075,,,,,,,16,2022-12-30,OSP
MNL004 LP501 NP7-8,MNL004,LP501,NP7-8,MNL004 LP501,Zamora Pandacan,MANILA,3,2,BARANGAY 874,,,14.577692,121.010282,,,,,,,16,2022-12-30,OSP
MNL004 LP502 NP1-2,MNL004,LP502,NP1-2,MNL004 LP502,Zamora Pandacan,MANILA,3,2,BARANGAY 874,,,14.577377,121.010681,,,,,,,16,2022-12-30,OSP
MNL004 LP502 NP3-4,MNL004,LP502,NP3-4,MNL004 LP502,Zamora Pandacan,MANILA,3,2,BARANGAY 874,,,14.57714,121.010949,,,,,,,16,2022-12-30,OSP
MNL004 LP502 NP5-6,MNL004,LP502,NP5-6,MNL004 LP502,Zamora Pandacan,MANILA,3,2,BARANGAY 874,,,14.5769,121.011152,,,,,,,16,2022-12-30,OSP
MNL004 LP502 NP7-8,MNL004,LP502,NP7-8,MNL004 LP502,Zamora Pandacan,MANILA,3,2,BARANGAY 874,,,14.576708,121.011434,,,,,,,16,2022-12-30,OSP
MNL004 LP503 NP1-2,MNL004,LP503,NP1-2,MNL004 LP503,Zamora Pandacan,MANILA,3,2,BARANGAY 874,,,14.576453,121.011593,,,,,,,16,2022-12-30,OSP
MNL004 LP503 NP7-8,MNL004,LP503,NP7-8,MNL004 LP503,Zamora Pandacan,MANILA,3,2,BARANGAY 874,,,14.575406,121.011988,,,,,,,16,2022-12-30,OSP
MNL004 LP504 NP1-2,MNL004,LP504,NP1-2,MNL004 LP504,Zamora Pandacan,MANILA,3,2,BARANGAY 874,,,14.57512,121.012186,,,,,,,16,2022-12-30,OSP
MNL004 LP694 NP1-2,MNL004,LP694,NP1-2,MNL004 LP694,Zamora Pandacan,MANILA,3,2,BARANGAY 874,,,14.576704,121.011434,,,,,,,16,2023-04-30,OSP
MNL004 LP88 NP7-8,MNL004,LP88,NP7-8,MNL004 LP88,Zamora Pandacan,MANILA,3,2,BARANGAY 874,,,14.57767,121.010295,,,,,,,16,2019-09-30,OSP
MNL004 LP89 NP3-4,MNL004,LP89,NP3-4,MNL004 LP89,Zamora Pandacan,MANILA,3,2,BARANGAY 874,,,14.576677,121.011426,,,,,,,16,2019-09-30,OSP
MNL004 LP89 NP5-6,MNL004,LP89,NP5-6,MNL004 LP89,Zamora Pandacan,MANILA,3,2,BARANGAY 874,,,14.576411,121.011576,,,,,,,16,2019-09-30,OSP
MNL004 LP89 NP7-8,MNL004,LP89,NP7-8,MNL004 LP89,Zamora Pandacan,MANILA,3,2,BARANGAY 874,,,14.575371,121.012007,,,,,,,16,2019-09-30,OSP
MNL004 LP167 NP5-6,MNL004,LP167,NP5-6,MNL004 LP167,Zamora Pandacan,MANILA,3,2,BARANGAY 874,,,14.578394,121.010202,,,,,,,16,2023-04-30,OSP
MNL004 LP167 NP7-8,MNL004,LP167,NP7-8,MNL004 LP167,Zamora Pandacan,MANILA,3,2,BARANGAY 874,,,14.578415,121.01075,,,,,,,16,2023-04-30,OSP
MNL004 LP168 NP5-6,MNL004,LP168,NP5-6,MNL004 LP168,Zamora Pandacan,MANILA,3,2,BARANGAY 874,,,14.577859,121.010078,,,,,,,16,2023-04-30,OSP
MNL004 LP168 NP7-8,MNL004,LP168,NP7-8,MNL004 LP168,Zamora Pandacan,MANILA,3,2,BARANGAY 874,,,14.577696,121.010281,,,,,,,16,2023-04-30,OSP
MNL004 LP169 NP3-4,MNL004,LP169,NP3-4,MNL004 LP169,Zamora Pandacan,MANILA,3,2,BARANGAY 874,,,14.577665,121.011229,,,,,,,16,2023-04-30,OSP
MNL004 LP169 NP5-6,MNL004,LP169,NP5-6,MNL004 LP169,Zamora Pandacan,MANILA,3,2,BARANGAY 874,,,14.578111,121.011504,,,,,,,16,2023-04-30,OSP
MNL004 LP170 NP1-2,MNL004,LP170,NP1-2,MNL004 LP170,Zamora Pandacan,MANILA,3,2,BARANGAY 874,,,14.57702,121.011219,,,,,,,16,2023-04-30,OSP
MNL004 LP170 NP3-4,MNL004,LP170,NP3-4,MNL004 LP170,Zamora Pandacan,MANILA,3,2,BARANGAY 874,,,14.5772,121.011351,,,,,,,16,2023-04-30,OSP
MNL004 LP170 NP5-6,MNL004,LP170,NP5-6,MNL004 LP170,Zamora Pandacan,MANILA,3,2,BARANGAY 874,,,14.57767,121.011752,,,,,,,16,2023-04-30,OSP
MNL004 LP171 NP1-2,MNL004,LP171,NP1-2,MNL004 LP171,Zamora Pandacan,MANILA,3,2,BARANGAY 874,,,14.576462,121.011598,,,,,,,16,2023-04-30,OSP
MNL004 LP171 NP3-4,MNL004,LP171,NP3-4,MNL004 LP171,Zamora Pandacan,MANILA,3,2,BARANGAY 874,,,14.576551,121.011785,,,,,,,16,2023-04-30,OSP
MNL004 LP171 NP5-6,MNL004,LP171,NP5-6,MNL004 LP171,Zamora Pandacan,MANILA,3,2,BARANGAY 874,,,14.576983,121.012096,,,,,,,16,2023-04-30,OSP
MNL004 LP172 NP5-6,MNL004,LP172,NP5-6,MNL004 LP172,Zamora Pandacan,MANILA,3,2,BARANGAY 874,,,14.578269,121.010971,,,,,,,16,2023-04-30,OSP
MNL004 LP172 NP7-8,MNL004,LP172,NP7-8,MNL004 LP172,Zamora Pandacan,MANILA,3,2,BARANGAY 874,,,14.577887,121.010461,,,,,,,16,2023-04-30,OSP
MNL004 LP175 NP1-2,MNL004,LP175,NP1-2,MNL004 LP175,Zamora Pandacan,MANILA,3,2,BARANGAY 874,,,14.578495,121.011333,,,,,,,16,2023-04-30,OSP
MNL004 LP176 NP5-6,MNL004,LP176,NP5-6,MNL004 LP176,Zamora Pandacan,MANILA,3,2,BARANGAY 874,,,14.577512,121.012194,,,,,,,16,2023-04-30,OSP
MNL034 LP96 NP3-4,MNL034,LP96,NP3-4,MNL034 LP96,Benitez,MANILA,3,2,BARANGAY 875,,,14.578665,121.013204,,,,,,,16,2020-06-29,OSP
MNL034 LP96 NP5-6,MNL034,LP96,NP5-6,MNL034 LP96,Benitez,MANILA,3,2,BARANGAY 875,,,14.578991,121.012895,,,,,,,16,2020-06-29,OSP
MNL034 LP96 NP7-8,MNL034,LP96,NP7-8,MNL034 LP96,Benitez,MANILA,3,2,BARANGAY 875,,,14.579029,121.012704,,,,,,,16,2020-06-29,OSP
MNL004 LP54 NP1-2,MNL004,LP54,NP1-2,MNL004 LP54,Zamora Pandacan,MANILA,3,2,BARANGAY 875,,,14.57905605,121.0133734,,,,,,,16,2019-10-04,OSP
MNL004 LP54 NP3-4,MNL004,LP54,NP3-4,MNL004 LP54,Zamora Pandacan,MANILA,3,2,BARANGAY 875,,,14.5791464,121.012776,,,,,,,16,2019-10-04,OSP
MNL004 LP53 NP3-4,MNL004,LP53,NP3-4,MNL004 LP53,Zamora Pandacan,MANILA,3,2,BARANGAY 875,,,14.57873585,121.0134517,,,,,,,16,2019-10-04,OSP
MNL004 LP51 NP1-2,MNL004,LP51,NP1-2,MNL004 LP51,Zamora Pandacan,MANILA,3,2,BARANGAY 875,,,14.57806633,121.0119682,,,,,,,16,2019-10-04,OSP
MNL004 LP51 NP3-4,MNL004,LP51,NP3-4,MNL004 LP51,Zamora Pandacan,MANILA,3,2,BARANGAY 875,,,14.57760086,121.0126404,,,,,,,16,2019-10-04,OSP
MNL004 LP50 NP5-6,MNL004,LP50,NP5-6,MNL004 LP50,Zamora Pandacan,MANILA,3,2,BARANGAY 875,,,14.57849928,121.0113754,,,,,,,16,2019-10-04,OSP
MNL004 LP50 NP7-8,MNL004,LP50,NP7-8,MNL004 LP50,Zamora Pandacan,MANILA,3,2,BARANGAY 875,,,14.57829219,121.0116507,,,,,,,16,2019-10-04,OSP
MNL004 LP146 NP7-8,MNL004,LP146,NP7-8,MNL004 LP146,Zamora Pandacan,MANILA,3,2,BARANGAY 875,,,14.578748,121.013439,,,,,,,16,2021-02-26,OSP
MNL004 LP173 NP5-6,MNL004,LP173,NP5-6,MNL004 LP173,Zamora Pandacan,MANILA,3,2,BARANGAY 875,,,14.578908,121.012098,,,,,,,16,2023-04-30,OSP
MNL004 LP173 NP7-8,MNL004,LP173,NP7-8,MNL004 LP173,Zamora Pandacan,MANILA,3,2,BARANGAY 875,,,14.578658,121.011904,,,,,,,16,2023-04-30,OSP
MNL004 LP174 NP1-2,MNL004,LP174,NP1-2,MNL004 LP174,Zamora Pandacan,MANILA,3,2,BARANGAY 875,,,14.578875,121.0129,,,,,,,16,2023-04-30,OSP
MNL004 LP174 NP3-4,MNL004,LP174,NP3-4,MNL004 LP174,Zamora Pandacan,MANILA,3,2,BARANGAY 875,,,14.578658,121.012729,,,,,,,16,2023-04-30,OSP
MNL004 LP174 NP5-6,MNL004,LP174,NP5-6,MNL004 LP174,Zamora Pandacan,MANILA,3,2,BARANGAY 875,,,14.578649,121.013194,,,,,,,16,2023-04-30,OSP
MNL004 LP174 NP7-8,MNL004,LP174,NP7-8,MNL004 LP174,Zamora Pandacan,MANILA,3,2,BARANGAY 875,,,14.577994,121.012843,,,,,,,16,2023-04-30,OSP
MNL004 LP175 NP3-4,MNL004,LP175,NP3-4,MNL004 LP175,Zamora Pandacan,MANILA,3,2,BARANGAY 875,,,14.578279,121.011656,,,,,,,16,2023-04-30,OSP
MNL004 LP175 NP5-6,MNL004,LP175,NP5-6,MNL004 LP175,Zamora Pandacan,MANILA,3,2,BARANGAY 875,,,14.578249,121.012155,,,,,,,16,2023-04-30,OSP
MNL004 LP175 NP7-8,MNL004,LP175,NP7-8,MNL004 LP175,Zamora Pandacan,MANILA,3,2,BARANGAY 875,,,14.578789,121.012522,,,,,,,16,2023-04-30,OSP
MNL004 LP176 NP1-2,MNL004,LP176,NP1-2,MNL004 LP176,Zamora Pandacan,MANILA,3,2,BARANGAY 875,,,14.578074,121.011938,,,,,,,16,2023-04-30,OSP
MNL004 LP176 NP3-4,MNL004,LP176,NP3-4,MNL004 LP176,Zamora Pandacan,MANILA,3,2,BARANGAY 875,,,14.57789,121.012229,,,,,,,16,2023-04-30,OSP
MNL004 LP176 NP7-8,MNL004,LP176,NP7-8,MNL004 LP176,Zamora Pandacan,MANILA,3,2,BARANGAY 875,,,14.57809,121.012609,,,,,,,16,2023-04-30,OSP
MNL004 LP177 NP1-2,MNL004,LP177,NP1-2,MNL004 LP177,Zamora Pandacan,MANILA,3,2,BARANGAY 875,,,14.577779,121.012398,,,,,,,16,2023-04-30,OSP
SJC001 LP79 NP7-8,SJC001,LP79,NP7-8,SJC001 LP79,Greenhills Heights,MANILA,3,2,BARANGAY 876,,,14.581091,121.010892,,,,,,,16,2016-05-15,OSP
MNL004 LP48 NP7-8,MNL004,LP48,NP7-8,MNL004 LP48,Zamora Pandacan,MANILA,3,2,BARANGAY 876,,,14.580385,121.011535,,,,,,,16,2019-10-04,OSP
MNL004 LP85 NP7-8,MNL004,LP85,NP7-8,MNL004 LP85,Zamora Pandacan,MANILA,3,2,BARANGAY 876,,,14.580961,121.010613,,,,,,,16,2019-09-30,OSP
MNL004 LP86 NP1-2,MNL004,LP86,NP1-2,MNL004 LP86,Zamora Pandacan,MANILA,3,2,BARANGAY 876,,,14.581403,121.011644,,,,,,,16,2019-09-30,OSP
MNL004 LP160 NP5-6,MNL004,LP160,NP5-6,MNL004 LP160,Zamora Pandacan,MANILA,3,2,BARANGAY 876,,,14.58096,121.010632,,,,,,,16,2021-02-27,OSP
MNL004 LP160 NP7-8,MNL004,LP160,NP7-8,MNL004 LP160,Zamora Pandacan,MANILA,3,2,BARANGAY 876,,,14.581332,121.011523,,,,,,,16,2021-02-27,OSP
MNL004 LP165 NP7-8,MNL004,LP165,NP7-8,MNL004 LP165,Zamora Pandacan,MANILA,3,2,BARANGAY 876,,,14.580328,121.011342,,,,,,,16,2023-04-30,OSP
MNL004 LP166 NP1-2,MNL004,LP166,NP1-2,MNL004 LP166,Zamora Pandacan,MANILA,3,2,BARANGAY 876,,,14.580574,121.01071,,,,,,,16,2023-04-30,OSP
MNL034 LP89 NP3-4,MNL034,LP89,NP3-4,MNL034 LP89,Benitez,MANILA,3,2,BARANGAY 877,,,14.579443,121.009789,,,,,,,16,2020-06-29,OSP
MNL034 LP86 NP1-2,MNL034,LP86,NP1-2,MNL034 LP86,Benitez,MANILA,3,2,BARANGAY 877,,,14.579217,121.007923,,,,,,,16,2020-06-22,OSP
MNL004 LP500 NP1-2,MNL004,LP500,NP1-2,MNL004 LP500,Zamora Pandacan,MANILA,3,2,BARANGAY 877,,,14.579114,121.008505,,,,,,,16,2022-12-30,OSP
MNL004 LP499 NP3-5,MNL004,LP499,NP3-5,MNL004 LP499,Zamora Pandacan,MANILA,3,2,BARANGAY 877,,,14.57969,121.007807,,,,,,,24,2022-12-30,OSP
MNL004 LP499 NP6-8,MNL004,LP499,NP6-8,MNL004 LP499,Zamora Pandacan,MANILA,3,2,BARANGAY 877,,,14.579428,121.008136,,,,,,,24,2022-12-30,OSP
MNL004 LP49 NP1-2,MNL004,LP49,NP1-2,MNL004 LP49,Zamora Pandacan,MANILA,3,2,BARANGAY 877,,,14.5801626,121.010829,,,,,,,16,2019-10-04,OSP
MNL004 LP49 NP3-4,MNL004,LP49,NP3-4,MNL004 LP49,Zamora Pandacan,MANILA,3,2,BARANGAY 877,,,14.57996324,121.0101226,,,,,,,16,2019-10-04,OSP
MNL004 LP49 NP5-6,MNL004,LP49,NP5-6,MNL004 LP49,Zamora Pandacan,MANILA,3,2,BARANGAY 877,,,14.57978345,121.0094578,,,,,,,16,2019-10-04,OSP
MNL004 LP573 NP3-5,MNL004,LP573,NP3-5,MNL004 LP573,Zamora Pandacan,MANILA,3,2,BARANGAY 877,,,14.579016,121.007942,,,,,,,24,2023-03-31,OSP
MNL004 LP88 NP1-2,MNL004,LP88,NP1-2,MNL004 LP88,Zamora Pandacan,MANILA,3,2,BARANGAY 877,,,14.579431,121.00814,,,,,,,16,2019-09-30,OSP
MNL004 LP573 NP1-2,MNL004,LP573,NP1-2,MNL004 LP573,Zamora Pandacan,MANILA,3,2,BARANGAY 877,,,14.579369,121.007871,,,,,,,16,2023-03-31,OSP
MNL004 LP163 NP7-8,MNL004,LP163,NP7-8,MNL004 LP163,Zamora Pandacan,MANILA,3,2,BARANGAY 877,,,14.579805,121.009162,,,,,,,16,2023-04-30,OSP
MNL004 LP164 NP1-2,MNL004,LP164,NP1-2,MNL004 LP164,Zamora Pandacan,MANILA,3,2,BARANGAY 877,,,14.579587,121.008684,,,,,,,16,2023-04-30,OSP
MNL004 LP164 NP3-4,MNL004,LP164,NP3-4,MNL004 LP164,Zamora Pandacan,MANILA,3,2,BARANGAY 877,,,14.579421,121.008154,,,,,,,16,2023-04-30,OSP
MNL004 LP164 NP5-6,MNL004,LP164,NP5-6,MNL004 LP164,Zamora Pandacan,MANILA,3,2,BARANGAY 877,,,14.579117,121.008514,,,,,,,16,2023-04-30,OSP
MNL004 LP165 NP3-4,MNL004,LP165,NP3-4,MNL004 LP165,Zamora Pandacan,MANILA,3,2,BARANGAY 877,,,14.580006,121.010133,,,,,,,16,2023-04-30,OSP
MNL004 LP165 NP5-6,MNL004,LP165,NP5-6,MNL004 LP165,Zamora Pandacan,MANILA,3,2,BARANGAY 877,,,14.58019,121.010818,,,,,,,16,2023-04-30,OSP
MNL004 LP166 NP3-4,MNL004,LP166,NP3-4,MNL004 LP166,Zamora Pandacan,MANILA,3,2,BARANGAY 877,,,14.579694,121.01095,,,,,,,16,2023-04-30,OSP
MNL004 LP166 NP5-6,MNL004,LP166,NP5-6,MNL004 LP166,Zamora Pandacan,MANILA,3,2,BARANGAY 877,,,14.579559,121.010293,,,,,,,16,2023-04-30,OSP
MNL034 LP89 NP1-2,MNL034,LP89,NP1-2,MNL034 LP89,Benitez,MANILA,3,2,BARANGAY 878,,,14.579073,121.009875,,,,,,,16,2020-06-29,OSP
MNL034 LP89 NP5-6,MNL034,LP89,NP5-6,MNL034 LP89,Benitez,MANILA,3,2,BARANGAY 878,,,14.578636,121.009991,,,,,,,16,2020-06-29,OSP
SJC001 LP81 NP1-2,SJC001,LP81,NP1-2,SJC001 LP81,Greenhills Heights,MANILA,3,2,BARANGAY 878,,,14.578473,121.009282,,,,,,,16,2016-07-26,OSP
MNL004 LP500 NP3-4,MNL004,LP500,NP3-4,MNL004 LP500,Zamora Pandacan,MANILA,3,2,BARANGAY 878,,,14.57899,121.008649,,,,,,,16,2022-12-30,OSP
MNL004 LP500 NP5-6,MNL004,LP500,NP5-6,MNL004 LP500,Zamora Pandacan,MANILA,3,2,BARANGAY 878,,,14.57877,121.008943,,,,,,,16,2022-12-30,OSP
MNL004 LP500 NP7-8,MNL004,LP500,NP7-8,MNL004 LP500,Zamora Pandacan,MANILA,3,2,BARANGAY 878,,,14.578575,121.009164,,,,,,,16,2022-12-30,OSP
MNL004 LP5 NP7-8,MNL004,LP5,NP7-8,MNL004 LP5,Zamora Pandacan,MANILA,3,2,BARANGAY 878,,,14.57897444,121.0086442,,,,,,,16,2019-10-04,OSP
MNL004 LP50 NP3-4,MNL004,LP50,NP3-4,MNL004 LP50,Zamora Pandacan,MANILA,3,2,BARANGAY 878,,,14.578961,121.011162,,,,,,,16,2019-10-04,OSP
MNL004 LP49 NP7-8,MNL004,LP49,NP7-8,MNL004 LP49,Zamora Pandacan,MANILA,3,2,BARANGAY 878,,,14.57968301,121.0109601,,,,,,,16,2019-10-04,OSP
MNL004 LP88 NP3-4,MNL004,LP88,NP3-4,MNL004 LP88,Zamora Pandacan,MANILA,3,2,BARANGAY 878,,,14.578732,121.008987,,,,,,,16,2019-09-30,OSP
MNL004 LP164 NP7-8,MNL004,LP164,NP7-8,MNL004 LP164,Zamora Pandacan,MANILA,3,2,BARANGAY 878,,,14.578953,121.009484,,,,,,,16,2023-04-30,OSP
MNL004 LP165 NP1-2,MNL004,LP165,NP1-2,MNL004 LP165,Zamora Pandacan,MANILA,3,2,BARANGAY 878,,,14.578953,121.009484,,,,,,,16,2023-04-30,OSP
MNL004 LP166 NP7-8,MNL004,LP166,NP7-8,MNL004 LP166,Zamora Pandacan,MANILA,3,2,BARANGAY 878,,,14.579076,121.009876,,,,,,,16,2023-04-30,OSP
MNL004 LP167 NP1-2,MNL004,LP167,NP1-2,MNL004 LP167,Zamora Pandacan,MANILA,3,2,BARANGAY 878,,,14.579203,121.010371,,,,,,,16,2023-04-30,OSP
MNL004 LP167 NP3-4,MNL004,LP167,NP3-4,MNL004 LP167,Zamora Pandacan,MANILA,3,2,BARANGAY 878,,,14.5793,121.011046,,,,,,,16,2023-04-30,OSP
MNL004 LP168 NP1-2,MNL004,LP168,NP1-2,MNL004 LP168,Zamora Pandacan,MANILA,3,2,BARANGAY 878,,,14.578641,121.009994,,,,,,,16,2023-04-30,OSP
MNL004 LP172 NP1-2,MNL004,LP172,NP1-2,MNL004 LP172,Zamora Pandacan,MANILA,3,2,BARANGAY 878,,,14.578762,121.010492,,,,,,,16,2023-04-30,OSP
MNL004 LP172 NP3-4,MNL004,LP172,NP3-4,MNL004 LP172,Zamora Pandacan,MANILA,3,2,BARANGAY 878,,,14.578943,121.011153,,,,,,,16,2023-04-30,OSP
MNL034 LP102 NP3-4,MNL034,LP102,NP3-4,MNL034 LP102,Benitez,MANILA,3,2,BARANGAY 879,,,14.581619,121.012447,,,,,,,16,2020-06-22,OSP
MNL004 LP48 NP5-6,MNL004,LP48,NP5-6,MNL004 LP48,Zamora Pandacan,MANILA,3,2,BARANGAY 879,,,14.58058558,121.0123264,,,,,,,16,2019-10-04,OSP
MNL004 LP86 NP3-4,MNL004,LP86,NP3-4,MNL004 LP86,Zamora Pandacan,MANILA,3,2,BARANGAY 879,,,14.581852,121.013109,,,,,,,16,2019-09-30,OSP
MNL004 LP138 NP1-2,MNL004,LP138,NP1-2,MNL004 LP138,Zamora Pandacan,MANILA,3,2,BARANGAY 879,,,14.581566,121.013325,,,,,,,16,2021-02-26,OSP
MNL004 LP145 NP1-2,MNL004,LP145,NP1-2,MNL004 LP145,Zamora Pandacan,MANILA,3,2,BARANGAY 879,,,14.580686,121.012698,,,,,,,16,2021-02-26,OSP
MNL004 LP150 NP1-2,MNL004,LP150,NP1-2,MNL004 LP150,Zamora Pandacan,MANILA,3,2,BARANGAY 879,,,14.582285,121.013255,,,,,,,16,2021-02-26,OSP
MNL004 LP150 NP3-4,MNL004,LP150,NP3-4,MNL004 LP150,Zamora Pandacan,MANILA,3,2,BARANGAY 879,,,14.582722,121.013163,,,,,,,16,2021-02-26,OSP
MNL004 LP150 NP5-6,MNL004,LP150,NP5-6,MNL004 LP150,Zamora Pandacan,MANILA,3,2,BARANGAY 879,,,14.583203,121.0129,,,,,,,16,2021-02-26,OSP
MNL004 LP161 NP1-2,MNL004,LP161,NP1-2,MNL004 LP161,Zamora Pandacan,MANILA,3,2,BARANGAY 879,,,14.581571,121.012328,,,,,,,16,2021-02-27,OSP
MNL004 LP161 NP3-4,MNL004,LP161,NP3-4,MNL004 LP161,Zamora Pandacan,MANILA,3,2,BARANGAY 879,,,14.581858,121.01311,,,,,,,16,2021-02-27,OSP
MNL004 LP113 NP1-2,MNL004,LP113,NP1-2,MNL004 LP113,Zamora Pandacan,MANILA,3,2,BARANGAY 879,,,14.582744,121.013175,,,,,,,16,2020-03-19,OSP
MNL004 LP113 NP3-4,MNL004,LP113,NP3-4,MNL004 LP113,Zamora Pandacan,MANILA,3,2,BARANGAY 879,,,14.58323,121.012902,,,,,,,16,2020-03-19,OSP
MNL004 LP145 NP3-4,MNL004,LP145,NP3-4,MNL004 LP145,Zamora Pandacan,MANILA,3,2,BARANGAY 879,,,14.580574,121.012312,,,,,,,16,2021-02-26,OSP
MNL004 LP145 NP5-6,MNL004,LP145,NP5-6,MNL004 LP145,Zamora Pandacan,MANILA,3,2,BARANGAY 879,,,14.581389,121.01209,,,,,,,16,2021-02-26,OSP
MNL034 LP110 NP3-4,MNL034,LP110,NP3-4,MNL034 LP110,Benitez,MANILA,3,2,BARANGAY 880,,,14.580818,121.008042,,,,,,,16,2020-07-16,OSP
MNL034 LP101 NP5-6,MNL034,LP101,NP5-6,MNL034 LP101,Benitez,MANILA,3,2,BARANGAY 880,,,14.58027,121.008229,,,,,,,16,2020-06-22,OSP
MNL034 LP101 NP7-8,MNL034,LP101,NP7-8,MNL034 LP101,Benitez,MANILA,3,2,BARANGAY 880,,,14.580508,121.009062,,,,,,,16,2020-06-22,OSP
MNL034 LP102 NP1-2,MNL034,LP102,NP1-2,MNL034 LP102,Benitez,MANILA,3,2,BARANGAY 880,,,14.580714,121.009769,,,,,,,16,2020-06-22,OSP
SJC001 LP79 NP5-6,SJC001,LP79,NP5-6,SJC001 LP79,Greenhills Heights,MANILA,3,2,BARANGAY 880,,,14.580556,121.009164,,,,,,,16,2016-05-15,OSP
MNL014 LP10 NP7,MNL014,LP10,NP7,MNL014 LP10,Manila River City Residences,MANILA,3,2,BARANGAY 880,,MANILA RIVERCITY RESIDENCES (EUPHRATES),14.581358,121.008761,,8F,FIRE EXIT,MNL149P,,,,2018-09-27,ISP
MNL014 LP10 NP2,MNL014,LP10,NP2,MNL014 LP10,Manila River City Residences,MANILA,3,2,BARANGAY 880,,MANILA RIVERCITY RESIDENCES (EUPHRATES),14.581358,121.008761,,3F,FIRE EXIT,MNL149P,,,,2018-09-27,ISP
MNL014 LP7 NP7,MNL014,LP7,NP7,MNL014 LP7,Manila River City Residences,MANILA,3,2,BARANGAY 880,,MANILA RIVERCITY RESIDENCES (BLUE DANUBE),14.581082,121.008243,,8F,FIRE EXIT,MNL146P,,,,2018-09-27,ISP
MNL014 LP10 NP4,MNL014,LP10,NP4,MNL014 LP10,Manila River City Residences,MANILA,3,2,BARANGAY 880,,MANILA RIVERCITY RESIDENCES (EUPHRATES),14.581358,121.008761,,5F,FIRE EXIT,MNL149P,,,,2018-09-27,ISP
MNL014 LP10 NP5,MNL014,LP10,NP5,MNL014 LP10,Manila River City Residences,MANILA,3,2,BARANGAY 880,,MANILA RIVERCITY RESIDENCES (EUPHRATES),14.581358,121.008761,,6F,FIRE EXIT,MNL149P,,,,2018-09-27,ISP
MNL014 LP11 NP2,MNL014,LP11,NP2,MNL014 LP11,Manila River City Residences,MANILA,3,2,BARANGAY 880,,MANILA RIVERCITY RESIDENCES (BLUE DANUBE),14.581082,121.008243,,MZ,FIRE EXIT,MNL146P,,,,2018-09-27,ISP
MNL014 LP8 NP1,MNL014,LP8,NP1,MNL014 LP8,Manila River City Residences,MANILA,3,2,BARANGAY 880,,MANILA RIVERCITY RESIDENCES (DNIEFER),14.581170,121.008412,,4F,FIRE EXIT,MNL148P,,,,2018-09-27,ISP
MNL014 LP8 NP8,MNL014,LP8,NP8,MNL014 LP8,Manila River City Residences,MANILA,3,2,BARANGAY 880,,MANILA RIVERCITY RESIDENCES (DNIEFER),14.581170,121.008412,,11F,FIRE EXIT,MNL148P,,,,2018-09-27,ISP
MNL014 LP11 NP3,MNL014,LP11,NP3,MNL014 LP11,Manila River City Residences,MANILA,3,2,BARANGAY 880,,MANILA RIVERCITY RESIDENCES (DNIEFER),14.581170,121.008412,,2F,FIRE EXIT,MNL148P,,,,2018-09-27,ISP
MNL014 LP10 NP3,MNL014,LP10,NP3,MNL014 LP10,Manila River City Residences,MANILA,3,2,BARANGAY 880,,MANILA RIVERCITY RESIDENCES (EUPHRATES),14.581358,121.008761,,4F,FIRE EXIT,MNL149P,,,,2018-09-27,ISP
MNL014 LP8 NP7,MNL014,LP8,NP7,MNL014 LP8,Manila River City Residences,MANILA,3,2,BARANGAY 880,,MANILA RIVERCITY RESIDENCES (DNIEFER),14.581170,121.008412,,10F,FIRE EXIT,MNL148P,,,,2018-09-27,ISP
MNL014 LP9 NP3,MNL014,LP9,NP3,MNL014 LP9,Manila River City Residences,MANILA,3,2,BARANGAY 880,,MANILA RIVERCITY RESIDENCES (COLORADO),14.581269,121.008612,,6F,FIRE EXIT,MNL147P,,,,2018-09-27,ISP
MNL014 LP9 NP6,MNL014,LP9,NP6,MNL014 LP9,Manila River City Residences,MANILA,3,2,BARANGAY 880,,MANILA RIVERCITY RESIDENCES (COLORADO),14.581269,121.008612,,9F,FIRE EXIT,MNL147P,,,,2018-09-27,ISP
MNL014 LP7 NP6,MNL014,LP7,NP6,MNL014 LP7,Manila River City Residences,MANILA,3,2,BARANGAY 880,,MANILA RIVERCITY RESIDENCES (BLUE DANUBE),14.581082,121.008243,,7F,FIRE EXIT,MNL146P,,,,2018-09-27,ISP
MNL014 LP11 NP6,MNL014,LP11,NP6,MNL014 LP11,Manila River City Residences,MANILA,3,2,BARANGAY 880,,MANILA RIVERCITY RESIDENCES (COLORADO),14.581269,121.008612,,3F,FIRE EXIT,MNL147P,,,,2018-09-27,ISP
MNL014 LP10 NP6,MNL014,LP10,NP6,MNL014 LP10,Manila River City Residences,MANILA,3,2,BARANGAY 880,,MANILA RIVERCITY RESIDENCES (EUPHRATES),14.581358,121.008761,,7F,FIRE EXIT,MNL149P,,,,2018-09-27,ISP
MNL014 LP11 NP1,MNL014,LP11,NP1,MNL014 LP11,Manila River City Residences,MANILA,3,2,BARANGAY 880,,MANILA RIVERCITY RESIDENCES (BLUE DANUBE),14.581082,121.008243,,GF,EE ROOM BUILDING A,MNL146P,,,,2018-09-27,ISP
MNL014 LP7 NP3,MNL014,LP7,NP3,MNL014 LP7,Manila River City Residences,MANILA,3,2,BARANGAY 880,,MANILA RIVERCITY RESIDENCES (BLUE DANUBE),14.581082,121.008243,,4F,FIRE EXIT,MNL146P,,,,2018-09-27,ISP
MNL014 LP7 NP5,MNL014,LP7,NP5,MNL014 LP7,Manila River City Residences,MANILA,3,2,BARANGAY 880,,MANILA RIVERCITY RESIDENCES (BLUE DANUBE),14.581082,121.008243,,6F,FIRE EXIT,MNL146P,,,,2018-09-27,ISP
MNL014 LP11 NP7,MNL014,LP11,NP7,MNL014 LP11,Manila River City Residences,MANILA,3,2,BARANGAY 880,,MANILA RIVERCITY RESIDENCES (EUPHRATES),14.581358,121.008761,,GF,FIRE EXIT,MNL149P,,,,2018-09-27,ISP
MNL014 LP8 NP3,MNL014,LP8,NP3,MNL014 LP8,Manila River City Residences,MANILA,3,2,BARANGAY 880,,MANILA RIVERCITY RESIDENCES (DNIEFER),14.581170,121.008412,,6F,FIRE EXIT,MNL148P,,,,2018-09-27,ISP
MNL014 LP11 NP5,MNL014,LP11,NP5,MNL014 LP11,Manila River City Residences,MANILA,3,2,BARANGAY 880,,MANILA RIVERCITY RESIDENCES (COLORADO),14.581269,121.008612,,2F,FIRE EXIT,MNL147P,,,,2018-09-27,ISP
MNL014 LP8 NP6,MNL014,LP8,NP6,MNL014 LP8,Manila River City Residences,MANILA,3,2,BARANGAY 880,,MANILA RIVERCITY RESIDENCES (DNIEFER),14.581170,121.008412,,9F,FIRE EXIT,MNL148P,,,,2018-09-27,ISP
MNL014 LP9 NP4,MNL014,LP9,NP4,MNL014 LP9,Manila River City Residences,MANILA,3,2,BARANGAY 880,,MANILA RIVERCITY RESIDENCES (COLORADO),14.581269,121.008612,,7F,FIRE EXIT,MNL147P,,,,2018-09-27,ISP
MNL014 LP9 NP2,MNL014,LP9,NP2,MNL014 LP9,Manila River City Residences,MANILA,3,2,BARANGAY 880,,MANILA RIVERCITY RESIDENCES (COLORADO),14.581269,121.008612,,5F,FIRE EXIT,MNL147P,,,,2018-09-27,ISP
MNL014 LP7 NP2,MNL014,LP7,NP2,MNL014 LP7,Manila River City Residences,MANILA,3,2,BARANGAY 880,,MANILA RIVERCITY RESIDENCES (BLUE DANUBE),14.581082,121.008243,,3F,FIRE EXIT,MNL146P,,,,2018-09-27,ISP
MNL014 LP11 NP4,MNL014,LP11,NP4,MNL014 LP11,Manila River City Residences,MANILA,3,2,BARANGAY 880,,MANILA RIVERCITY RESIDENCES (DNIEFER),14.581170,121.008412,,3F,FIRE EXIT,MNL148P,,,,2018-09-27,ISP
MNL014 LP8 NP2,MNL014,LP8,NP2,MNL014 LP8,Manila River City Residences,MANILA,3,2,BARANGAY 880,,MANILA RIVERCITY RESIDENCES (DNIEFER),14.581170,121.008412,,5F,FIRE EXIT,MNL148P,,,,2018-09-27,ISP
MNL014 LP10 NP8,MNL014,LP10,NP8,MNL014 LP10,Manila River City Residences,MANILA,3,2,BARANGAY 880,,MANILA RIVERCITY RESIDENCES (EUPHRATES),14.581358,121.008761,,9F,FIRE EXIT,MNL149P,,,,2018-09-27,ISP
MNL014 LP10 NP1,MNL014,LP10,NP1,MNL014 LP10,Manila River City Residences,MANILA,3,2,BARANGAY 880,,MANILA RIVERCITY RESIDENCES (EUPHRATES),14.581358,121.008761,,2F,FIRE EXIT,MNL149P,,,,2018-09-27,ISP
MNL014 LP8 NP5,MNL014,LP8,NP5,MNL014 LP8,Manila River City Residences,MANILA,3,2,BARANGAY 880,,MANILA RIVERCITY RESIDENCES (DNIEFER),14.581170,121.008412,,8F,FIRE EXIT,MNL148P,,,,2018-09-27,ISP
MNL014 LP9 NP7,MNL014,LP9,NP7,MNL014 LP9,Manila River City Residences,MANILA,3,2,BARANGAY 880,,MANILA RIVERCITY RESIDENCES (COLORADO),14.581269,121.008612,,10F,FIRE EXIT,MNL147P,,,,2018-09-27,ISP
MNL014 LP7 NP8,MNL014,LP7,NP8,MNL014 LP7,Manila River City Residences,MANILA,3,2,BARANGAY 880,,MANILA RIVERCITY RESIDENCES (BLUE DANUBE),14.581082,121.008243,,9F,FIRE EXIT,MNL146P,,,,2018-09-27,ISP
MNL014 LP11 NP8,MNL014,LP11,NP8,MNL014 LP11,Manila River City Residences,MANILA,3,2,BARANGAY 880,,MANILA RIVERCITY RESIDENCES (EUPHRATES),14.581358,121.008761,,MZ,FIRE EXIT,MNL149P,,,,2018-09-27,ISP
MNL014 LP9 NP8,MNL014,LP9,NP8,MNL014 LP9,Manila River City Residences,MANILA,3,2,BARANGAY 880,,MANILA RIVERCITY RESIDENCES (COLORADO),14.581269,121.008612,,11F,FIRE EXIT,MNL147P,,,,2018-09-27,ISP
MNL014 LP9 NP5,MNL014,LP9,NP5,MNL014 LP9,Manila River City Residences,MANILA,3,2,BARANGAY 880,,MANILA RIVERCITY RESIDENCES (COLORADO),14.581269,121.008612,,8F,FIRE EXIT,MNL147P,,,,2018-09-27,ISP
MNL014 LP8 NP4,MNL014,LP8,NP4,MNL014 LP8,Manila River City Residences,MANILA,3,2,BARANGAY 880,,MANILA RIVERCITY RESIDENCES (DNIEFER),14.581170,121.008412,,7F,FIRE EXIT,MNL148P,,,,2018-09-27,ISP
MNL014 LP7 NP1,MNL014,LP7,NP1,MNL014 LP7,Manila River City Residences,MANILA,3,2,BARANGAY 880,,MANILA RIVERCITY RESIDENCES (BLUE DANUBE),14.581082,121.008243,,2F,FIRE EXIT,MNL146P,,,,2018-09-27,ISP
MNL014 LP9 NP1,MNL014,LP9,NP1,MNL014 LP9,Manila River City Residences,MANILA,3,2,BARANGAY 880,,MANILA RIVERCITY RESIDENCES (COLORADO),14.581269,121.008612,,4F,FIRE EXIT,MNL147P,,,,2018-09-27,ISP
MNL014 LP7 NP4,MNL014,LP7,NP4,MNL014 LP7,Manila River City Residences,MANILA,3,2,BARANGAY 880,,MANILA RIVERCITY RESIDENCES (BLUE DANUBE),14.581082,121.008243,,5F,FIRE EXIT,MNL146P,,,,2018-09-27,ISP
MNL085 LP3 NP7,MNL085,LP3,NP7,MNL085 LP3,River Green Residences,MANILA,3,2,BARANGAY 880,,RIVER GREEN RESIDENCES (NORTH TOWER),14.581489,121.010046,,6F,EE ROOM,MNL145P,,,,2023-08-11,ISP
MNL085 LP3 NP2,MNL085,LP3,NP2,MNL085 LP3,River Green Residences,MANILA,3,2,BARANGAY 880,,RIVER GREEN RESIDENCES (NORTH TOWER),14.581489,121.010046,,6F,EE ROOM,MNL145P,,,,2023-08-11,ISP
MNL085 LP1 NP4,MNL085,LP1,NP4,MNL085 LP1,River Green Residences,MANILA,3,2,BARANGAY 880,,RIVER GREEN RESIDENCES (SOUTH TOWER),14.581076,121.009972,,11F,EE ROOM,,,,8,2023-08-11,ISP
MNL085 LP4 NP1,MNL085,LP4,NP1,MNL085 LP4,River Green Residences,MANILA,3,2,BARANGAY 880,,RIVER GREEN RESIDENCES (NORTH TOWER),14.581489,121.010046,,6F,EE ROOM,MNL145P,,,,2023-08-11,ISP
MNL085 LP1 NP1,MNL085,LP1,NP1,MNL085 LP1,River Green Residences,MANILA,3,2,BARANGAY 880,,RIVER GREEN RESIDENCES (SOUTH TOWER),14.581076,121.009972,MNL085,3F,AUX ROOM,,,,8,2023-08-11,ISP
MNL085 LP1 NP7,MNL085,LP1,NP7,MNL085 LP1,River Green Residences,MANILA,3,2,BARANGAY 880,,RIVER GREEN RESIDENCES (SOUTH TOWER),14.581076,121.009972,,16F,EE ROOM,MNL085,,,,2023-08-11,ISP
MNL085 LP3 NP5,MNL085,LP3,NP5,MNL085 LP3,River Green Residences,MANILA,3,2,BARANGAY 880,,RIVER GREEN RESIDENCES (NORTH TOWER),14.581489,121.010046,,6F,EE ROOM,MNL145P,,,,2023-08-11,ISP
MNL085 LP1 NP5,MNL085,LP1,NP5,MNL085 LP1,River Green Residences,MANILA,3,2,BARANGAY 880,,RIVER GREEN RESIDENCES (SOUTH TOWER),14.581076,121.009972,,14F,EE ROOM,,,,8,2023-08-11,ISP
MNL085 LP2 NP5,MNL085,LP2,NP5,MNL085 LP2,River Green Residences,MANILA,3,2,BARANGAY 880,,RIVER GREEN RESIDENCES (SOUTH TOWER),14.581076,121.009972,,16F,EE ROOM,MNL085,,,,2023-08-11,ISP
MNL085 LP1 NP8,MNL085,LP1,NP8,MNL085 LP1,River Green Residences,MANILA,3,2,BARANGAY 880,,RIVER GREEN RESIDENCES (SOUTH TOWER),14.581076,121.009972,,16F,EE ROOM,MNL085,,,,2023-08-11,ISP
MNL085 LP3 NP6,MNL085,LP3,NP6,MNL085 LP3,River Green Residences,MANILA,3,2,BARANGAY 880,,RIVER GREEN RESIDENCES (NORTH TOWER),14.581489,121.010046,,6F,EE ROOM,MNL145P,,,,2023-08-11,ISP
MNL085 LP1 NP6,MNL085,LP1,NP6,MNL085 LP1,River Green Residences,MANILA,3,2,BARANGAY 880,,RIVER GREEN RESIDENCES (SOUTH TOWER),14.581076,121.009972,,16F,EE ROOM,MNL085,,,,2023-08-11,ISP
MNL085 LP2 NP2,MNL085,LP2,NP2,MNL085 LP2,River Green Residences,MANILA,3,2,BARANGAY 880,,RIVER GREEN RESIDENCES (SOUTH TOWER),14.581076,121.009972,,16F,EE ROOM,MNL085,,,,2023-08-11,ISP
MNL085 LP2 NP6,MNL085,LP2,NP6,MNL085 LP2,River Green Residences,MANILA,3,2,BARANGAY 880,,RIVER GREEN RESIDENCES (SOUTH TOWER),14.581076,121.009972,,16F,EE ROOM,MNL085,,,,2023-08-11,ISP
MNL085 LP3 NP8,MNL085,LP3,NP8,MNL085 LP3,River Green Residences,MANILA,3,2,BARANGAY 880,,RIVER GREEN RESIDENCES (NORTH TOWER),14.581489,121.010046,,6F,EE ROOM,MNL145P,,,,2023-08-11,ISP
MNL085 LP4 NP6,MNL085,LP4,NP6,MNL085 LP4,River Green Residences,MANILA,3,2,BARANGAY 880,,RIVER GREEN RESIDENCES (NORTH TOWER),14.581489,121.010046,,6F,EE ROOM,MNL145P,,,,2023-08-11,ISP
MNL085 LP2 NP4,MNL085,LP2,NP4,MNL085 LP2,River Green Residences,MANILA,3,2,BARANGAY 880,,RIVER GREEN RESIDENCES (SOUTH TOWER),14.581076,121.009972,,16F,EE ROOM,MNL085,,,,2023-08-11,ISP
MNL085 LP1 NP3,MNL085,LP1,NP3,MNL085 LP1,River Green Residences,MANILA,3,2,BARANGAY 880,,RIVER GREEN RESIDENCES (SOUTH TOWER),14.581076,121.009972,,9F,EE ROOM,,,,8,2023-08-11,ISP
MNL085 LP3 NP1,MNL085,LP3,NP1,MNL085 LP3,River Green Residences,MANILA,3,2,BARANGAY 880,,RIVER GREEN RESIDENCES (NORTH TOWER),14.581489,121.010046,,6F,EE ROOM,MNL145P,,,,2023-08-11,ISP
MNL085 LP3 NP3,MNL085,LP3,NP3,MNL085 LP3,River Green Residences,MANILA,3,2,BARANGAY 880,,RIVER GREEN RESIDENCES (NORTH TOWER),14.581489,121.010046,,6F,EE ROOM,MNL145P,,,,2023-08-11,ISP
MNL085 LP4 NP3,MNL085,LP4,NP3,MNL085 LP4,River Green Residences,MANILA,3,2,BARANGAY 880,,RIVER GREEN RESIDENCES (NORTH TOWER),14.581489,121.010046,,6F,EE ROOM,MNL145P,,,,2023-08-11,ISP
MNL085 LP4 NP4,MNL085,LP4,NP4,MNL085 LP4,River Green Residences,MANILA,3,2,BARANGAY 880,,RIVER GREEN RESIDENCES (NORTH TOWER),14.581489,121.010046,,6F,EE ROOM,MNL145P,,,,2023-08-11,ISP
MNL085 LP2 NP7,MNL085,LP2,NP7,MNL085 LP2,River Green Residences,MANILA,3,2,BARANGAY 880,,RIVER GREEN RESIDENCES (SOUTH TOWER),14.581076,121.009972,,16F,EE ROOM,MNL085,,,,2023-08-11,ISP
MNL085 LP1 NP2,MNL085,LP1,NP2,MNL085 LP1,River Green Residences,MANILA,3,2,BARANGAY 880,,RIVER GREEN RESIDENCES (SOUTH TOWER),14.581076,121.009972,,7F,EE ROOM,,,,8,2023-08-11,ISP
MNL085 LP4 NP5,MNL085,LP4,NP5,MNL085 LP4,River Green Residences,MANILA,3,2,BARANGAY 880,,RIVER GREEN RESIDENCES (NORTH TOWER),14.581489,121.010046,,6F,EE ROOM,MNL145P,,,,2023-08-11,ISP
MNL085 LP3 NP4,MNL085,LP3,NP4,MNL085 LP3,River Green Residences,MANILA,3,2,BARANGAY 880,,RIVER GREEN RESIDENCES (NORTH TOWER),14.581489,121.010046,,6F,EE ROOM,MNL145P,,,,2023-08-11,ISP
MNL085 LP2 NP8,MNL085,LP2,NP8,MNL085 LP2,River Green Residences,MANILA,3,2,BARANGAY 880,,RIVER GREEN RESIDENCES (SOUTH TOWER),14.581076,121.009972,,16F,EE ROOM,MNL085,,,,2023-08-11,ISP
MNL085 LP4 NP7,MNL085,LP4,NP7,MNL085 LP4,River Green Residences,MANILA,3,2,BARANGAY 880,,RIVER GREEN RESIDENCES (NORTH TOWER),14.581489,121.010046,,6F,EE ROOM,MNL145P,,,,2023-08-11,ISP
MNL085 LP4 NP2,MNL085,LP4,NP2,MNL085 LP4,River Green Residences,MANILA,3,2,BARANGAY 880,,RIVER GREEN RESIDENCES (NORTH TOWER),14.581489,121.010046,,6F,EE ROOM,MNL145P,,,,2023-08-11,ISP
MNL085 LP2 NP3,MNL085,LP2,NP3,MNL085 LP2,River Green Residences,MANILA,3,2,BARANGAY 880,,RIVER GREEN RESIDENCES (SOUTH TOWER),14.581076,121.009972,,16F,EE ROOM,MNL085,,,,2023-08-11,ISP
MNL085 LP2 NP1,MNL085,LP2,NP1,MNL085 LP2,River Green Residences,MANILA,3,2,BARANGAY 880,,RIVER GREEN RESIDENCES (SOUTH TOWER),14.581076,121.009972,,16F,EE ROOM,MNL085,,,,2023-08-11,ISP
MNL004 LP499 NP1-2,MNL004,LP499,NP1-2,MNL004 LP499,Zamora Pandacan,MANILA,3,2,BARANGAY 880,,,14.579891,121.007552,,,,,,,16,2022-12-30,OSP
MNL004 LP160 NP1-2,MNL004,LP160,NP1-2,MNL004 LP160,Zamora Pandacan,MANILA,3,2,BARANGAY 880,,,14.580342,121.008419,,,,,,,16,2021-02-27,OSP
MNL004 LP160 NP3-4,MNL004,LP160,NP3-4,MNL004 LP160,Zamora Pandacan,MANILA,3,2,BARANGAY 880,,,14.580609,121.00934,,,,,,,16,2021-02-27,OSP
MNL004 LP163 NP1-2,MNL004,LP163,NP1-2,MNL004 LP163,Zamora Pandacan,MANILA,3,2,BARANGAY 880,,,14.580238,121.009423,,,,,,,16,2023-04-30,OSP
MNL004 LP163 NP3-4,MNL004,LP163,NP3-4,MNL004 LP163,Zamora Pandacan,MANILA,3,2,BARANGAY 880,,,14.580238,121.009423,,,,,,,16,2023-04-30,OSP
MNL004 LP163 NP5-6,MNL004,LP163,NP5-6,MNL004 LP163,Zamora Pandacan,MANILA,3,2,BARANGAY 880,,,14.580004,121.008569,,,,,,,16,2023-04-30,OSP
MNL034 LP91 NP5-6,MNL034,LP91,NP5-6,MNL034 LP91,Benitez,MANILA,3,2,BARANGAY 881,,,14.576769,121.012462,,,,,,,16,2020-06-29,OSP
MNL034 LP91 NP7-8,MNL034,LP91,NP7-8,MNL034 LP91,Benitez,MANILA,3,2,BARANGAY 881,,,14.576274,121.012899,,,,,,,16,2020-06-29,OSP
MNL034 LP92 NP3-4,MNL034,LP92,NP3-4,MNL034 LP92,Benitez,MANILA,3,2,BARANGAY 881,,,14.576272,121.013469,,,,,,,16,2020-06-29,OSP
MNL034 LP92 NP5-6,MNL034,LP92,NP5-6,MNL034 LP92,Benitez,MANILA,3,2,BARANGAY 881,,,14.575783,121.012983,,,,,,,16,2020-06-29,OSP
MNL034 LP92 NP7-8,MNL034,LP92,NP7-8,MNL034 LP92,Benitez,MANILA,3,2,BARANGAY 881,,,14.576148,121.012563,,,,,,,16,2020-06-29,OSP
MNL034 LP93 NP1-2,MNL034,LP93,NP1-2,MNL034 LP93,Benitez,MANILA,3,2,BARANGAY 881,,,14.575574,121.012777,,,,,,,16,2020-06-29,OSP
MNL034 LP93 NP3-4,MNL034,LP93,NP3-4,MNL034 LP93,Benitez,MANILA,3,2,BARANGAY 881,,,14.575295,121.012475,,,,,,,16,2020-06-29,OSP
MNL034 LP93 NP5-6,MNL034,LP93,NP5-6,MNL034 LP93,Benitez,MANILA,3,2,BARANGAY 881,,,14.575467,121.012331,,,,,,,16,2020-06-29,OSP
MNL034 LP93 NP7-8,MNL034,LP93,NP7-8,MNL034 LP93,Benitez,MANILA,3,2,BARANGAY 881,,,14.575932,121.01208,,,,,,,16,2020-06-29,OSP
MNL034 LP94 NP1-2,MNL034,LP94,NP1-2,MNL034 LP94,Benitez,MANILA,3,2,BARANGAY 881,,,14.576529,121.013714,,,,,,,16,2020-06-29,OSP
MNL034 LP94 NP3-4,MNL034,LP94,NP3-4,MNL034 LP94,Benitez,MANILA,3,2,BARANGAY 881,,,14.576859,121.013462,,,,,,,16,2020-06-29,OSP
MNL034 LP94 NP5-6,MNL034,LP94,NP5-6,MNL034 LP94,Benitez,MANILA,3,2,BARANGAY 881,,,14.576811,121.013993,,,,,,,16,2020-06-29,OSP
MNL034 LP94 NP7-8,MNL034,LP94,NP7-8,MNL034 LP94,Benitez,MANILA,3,2,BARANGAY 881,,,14.577046,121.014234,,,,,,,16,2020-06-29,OSP
MKT003 LP232 NP5-6,MKT003,LP232,NP5-6,MKT003 LP232,Centuria,MANILA,3,2,BARANGAY 881,,,14.57681111,121.0139889,,,,,,,16,2018-11-22,OSP
MKT003 LP232 NP7-8,MKT003,LP232,NP7-8,MKT003 LP232,Centuria,MANILA,3,2,BARANGAY 881,,,14.57578333,121.01295,,,,,,,16,2018-11-22,OSP
MKT003 LP84 NP5-6,MKT003,LP84,NP5-6,MKT003 LP84,Centuria,MANILA,3,2,BARANGAY 881,,,14.576576,121.013701,,,,,,,16,2018-03-01,OSP
MKT003 LP84 NP7-8,MKT003,LP84,NP7-8,MKT003 LP84,Centuria,MANILA,3,2,BARANGAY 881,,,14.576018,121.013178,,,,,,,16,2018-03-01,OSP
MKT006 LP345 NP5-6,MKT006,LP345,NP5-6,MKT006 LP345,Pio Del Pilar,MANILA,3,2,BARANGAY 881,,,14.577039,121.014195,,,,,,,16,2023-04-26,OSP
MKT006 LP345 NP7-8,MKT006,LP345,NP7-8,MKT006 LP345,Pio Del Pilar,MANILA,3,2,BARANGAY 881,,,14.57629,121.013447,,,,,,,16,2023-04-26,OSP
MKT006 LP408 NP3-5,MKT006,LP408,NP3-5,MKT006 LP408,Pio Del Pilar,MANILA,3,2,BARANGAY 881,,,14.57699,121.014152,,,,,,,24,2023-04-26,OSP
MKT006 LP408 NP6-8,MKT006,LP408,NP6-8,MKT006 LP408,Pio Del Pilar,MANILA,3,2,BARANGAY 881,,,14.576749,121.013915,,,,,,,24,2023-04-26,OSP
MKT006 LP409 NP1-2,MKT006,LP409,NP1-2,MKT006 LP409,Pio Del Pilar,MANILA,3,2,BARANGAY 881,,,14.576573,121.013717,,,,,,,16,2023-04-26,OSP
MKT006 LP409 NP3-5,MKT006,LP409,NP3-5,MKT006 LP409,Pio Del Pilar,MANILA,3,2,BARANGAY 881,,,14.576243,121.013411,,,,,,,24,2023-04-26,OSP
MKT006 LP409 NP6-8,MKT006,LP409,NP6-8,MKT006 LP409,Pio Del Pilar,MANILA,3,2,BARANGAY 881,,,14.575562,121.012744,,,,,,,24,2023-04-26,OSP
MKT006 LP350 NP1-2,MKT006,LP350,NP1-2,MKT006 LP350,Pio Del Pilar,MANILA,3,2,BARANGAY 881,,,14.576027,121.01318,,,,,,,16,2023-04-26,OSP
MKT006 LP350 NP3-5,MKT006,LP350,NP3-5,MKT006 LP350,Pio Del Pilar,MANILA,3,2,BARANGAY 881,,,14.575624,121.012765,,,,,,,24,2023-04-26,OSP
MKT006 LP350 NP6-8,MKT006,LP350,NP6-8,MKT006 LP350,Pio Del Pilar,MANILA,3,2,BARANGAY 881,,,14.575377,121.012512,,,,,,,24,2023-04-26,OSP
MNL004 LP52 NP1-2,MNL004,LP52,NP1-2,MNL004 LP52,Zamora Pandacan,MANILA,3,2,BARANGAY 881,,,14.57795732,121.013759,,,,,,,16,2019-10-04,OSP
MNL004 LP51 NP5-6,MNL004,LP51,NP5-6,MNL004 LP51,Zamora Pandacan,MANILA,3,2,BARANGAY 881,,,14.5772746,121.0130649,,,,,,,16,2019-10-04,OSP
MNL004 LP51 NP7-8,MNL004,LP51,NP7-8,MNL004 LP51,Zamora Pandacan,MANILA,3,2,BARANGAY 881,,,14.57772097,121.0135158,,,,,,,16,2019-10-04,OSP
MNL004 LP181 NP1-2,MNL004,LP181,NP1-2,MNL004 LP181,Zamora Pandacan,MANILA,3,2,BARANGAY 881,,,14.57754,121.013266,,,,,,,16,2023-04-30,OSP
MNL004 LP181 NP3-4,MNL004,LP181,NP3-4,MNL004 LP181,Zamora Pandacan,MANILA,3,2,BARANGAY 881,,,14.577711,121.013032,,,,,,,16,2023-04-30,OSP
MNL004 LP181 NP5-6,MNL004,LP181,NP5-6,MNL004 LP181,Zamora Pandacan,MANILA,3,2,BARANGAY 881,,,14.57709,121.013735,,,,,,,16,2023-04-30,OSP
MNL004 LP181 NP7-8,MNL004,LP181,NP7-8,MNL004 LP181,Zamora Pandacan,MANILA,3,2,BARANGAY 881,,,14.576935,121.013872,,,,,,,16,2023-04-30,OSP
MNL004 LP182 NP1-2,MNL004,LP182,NP1-2,MNL004 LP182,Zamora Pandacan,MANILA,3,2,BARANGAY 881,,,14.577738,121.013511,,,,,,,16,2023-04-30,OSP
MNL004 LP182 NP3-4,MNL004,LP182,NP3-4,MNL004 LP182,Zamora Pandacan,MANILA,3,2,BARANGAY 881,,,14.578001,121.013225,,,,,,,16,2023-04-30,OSP
MNL004 LP182 NP5-6,MNL004,LP182,NP5-6,MNL004 LP182,Zamora Pandacan,MANILA,3,2,BARANGAY 881,,,14.577457,121.013805,,,,,,,16,2023-04-30,OSP
MNL004 LP182 NP7-8,MNL004,LP182,NP7-8,MNL004 LP182,Zamora Pandacan,MANILA,3,2,BARANGAY 881,,,14.577243,121.014023,,,,,,,16,2023-04-30,OSP
MNL004 LP177 NP3-4,MNL004,LP177,NP3-4,MNL004 LP177,Zamora Pandacan,MANILA,3,2,BARANGAY 881,,,14.577413,121.01288,,,,,,,16,2023-04-30,OSP
MNL004 LP177 NP5-6,MNL004,LP177,NP5-6,MNL004 LP177,Zamora Pandacan,MANILA,3,2,BARANGAY 881,,,14.577049,121.013287,,,,,,,16,2023-04-30,OSP
MNL004 LP177 NP7-8,MNL004,LP177,NP7-8,MNL004 LP177,Zamora Pandacan,MANILA,3,2,BARANGAY 881,,,14.576665,121.013693,,,,,,,16,2023-04-30,OSP
MNL004 LP178 NP1-2,MNL004,LP178,NP1-2,MNL004 LP178,Zamora Pandacan,MANILA,3,2,BARANGAY 881,,,14.577256,121.01304,,,,,,,16,2023-04-30,OSP
MNL004 LP178 NP3-4,MNL004,LP178,NP3-4,MNL004 LP178,Zamora Pandacan,MANILA,3,2,BARANGAY 881,,,14.577019,121.012728,,,,,,,16,2023-04-30,OSP
MNL004 LP178 NP5-6,MNL004,LP178,NP5-6,MNL004 LP178,Zamora Pandacan,MANILA,3,2,BARANGAY 881,,,14.576653,121.01313,,,,,,,16,2023-04-30,OSP
MNL004 LP178 NP7-8,MNL004,LP178,NP7-8,MNL004 LP178,Zamora Pandacan,MANILA,3,2,BARANGAY 881,,,14.576653,121.01313,,,,,,,16,2023-04-30,OSP
MNL004 LP179 NP1-2,MNL004,LP179,NP1-2,MNL004 LP179,Zamora Pandacan,MANILA,3,2,BARANGAY 881,,,14.576636,121.012596,,,,,,,16,2023-04-30,OSP
MNL004 LP179 NP3-4,MNL004,LP179,NP3-4,MNL004 LP179,Zamora Pandacan,MANILA,3,2,BARANGAY 881,,,14.575786,121.012966,,,,,,,16,2023-04-30,OSP
MNL004 LP179 NP5-6,MNL004,LP179,NP5-6,MNL004 LP179,Zamora Pandacan,MANILA,3,2,BARANGAY 881,,,14.575872,121.012439,,,,,,,16,2023-04-30,OSP
MNL004 LP179 NP7-8,MNL004,LP179,NP7-8,MNL004 LP179,Zamora Pandacan,MANILA,3,2,BARANGAY 881,,,14.575872,121.012439,,,,,,,16,2023-04-30,OSP
MNL004 LP180 NP1-2,MNL004,LP180,NP1-2,MNL004 LP180,Zamora Pandacan,MANILA,3,2,BARANGAY 881,,,14.575582,121.012774,,,,,,,16,2023-04-30,OSP
MNL004 LP180 NP3-4,MNL004,LP180,NP3-4,MNL004 LP180,Zamora Pandacan,MANILA,3,2,BARANGAY 881,,,14.575688,121.012171,,,,,,,16,2023-04-30,OSP
MNL034 LP95 NP5-6,MNL034,LP95,NP5-6,MNL034 LP95,Benitez,MANILA,3,2,BARANGAY 882,,,14.577825,121.014068,,,,,,,16,2020-06-29,OSP
MNL034 LP95 NP7-8,MNL034,LP95,NP7-8,MNL034 LP95,Benitez,MANILA,3,2,BARANGAY 882,,,14.57804,121.013817,,,,,,,16,2020-06-29,OSP
MNL034 LP96 NP1-2,MNL034,LP96,NP1-2,MNL034 LP96,Benitez,MANILA,3,2,BARANGAY 882,,,14.578286,121.013564,,,,,,,16,2020-06-29,OSP
MNL034 LP95 NP1-2,MNL034,LP95,NP1-2,MNL034 LP95,Benitez,MANILA,3,2,BARANGAY 882,,,14.577361,121.014541,,,,,,,16,2020-06-29,OSP
MNL034 LP95 NP3-4,MNL034,LP95,NP3-4,MNL034 LP95,Benitez,MANILA,3,2,BARANGAY 882,,,14.577812,121.014991,,,,,,,16,2020-06-29,OSP
MKT003 LP232 NP1-2,MKT003,LP232,NP1-2,MKT003 LP232,Centuria,MANILA,3,2,BARANGAY 882,,,14.57797778,121.0151389,,,,,,,16,2018-11-22,OSP
MKT003 LP232 NP3-4,MKT003,LP232,NP3-4,MKT003 LP232,Centuria,MANILA,3,2,BARANGAY 882,,,14.57756389,121.0147306,,,,,,,16,2018-11-22,OSP
MKT006 LP345 NP1-2,MKT006,LP345,NP1-2,MKT006 LP345,Pio Del Pilar,MANILA,3,2,BARANGAY 882,,,14.577333,121.014491,,,,,,,16,2023-04-26,OSP
MKT006 LP345 NP3-4,MKT006,LP345,NP3-4,MKT006 LP345,Pio Del Pilar,MANILA,3,2,BARANGAY 882,,,14.577573,121.014728,,,,,,,16,2023-04-26,OSP
MKT006 LP346 NP1-2,MKT006,LP346,NP1-2,MKT006 LP346,Pio Del Pilar,MANILA,3,2,BARANGAY 882,,,14.577816,121.014978,,,,,,,16,2023-04-26,OSP
MKT006 LP414 NP6-8,MKT006,LP414,NP6-8,MKT006 LP414,Pio Del Pilar,MANILA,3,2,BARANGAY 882,,,14.577985,121.015159,,,,,,,24,2023-04-26,OSP
MNL004 LP52 NP3-4,MNL004,LP52,NP3-4,MNL004 LP52,Zamora Pandacan,MANILA,3,2,BARANGAY 882,,,14.57821723,121.0140159,,,,,,,16,2019-10-04,OSP
MNL004 LP52 NP5-6,MNL004,LP52,NP5-6,MNL004 LP52,Zamora Pandacan,MANILA,3,2,BARANGAY 882,,,14.57867828,121.0144592,,,,,,,16,2019-10-04,OSP
MNL004 LP185 NP5-6,MNL004,LP185,NP5-6,MNL004 LP185,Zamora Pandacan,MANILA,3,2,BARANGAY 882,,,14.578221,121.01492,,,,,,,16,2023-04-30,OSP
MNL004 LP183 NP1-2,MNL004,LP183,NP1-2,MNL004 LP183,Zamora Pandacan,MANILA,3,2,BARANGAY 882,,,14.578242,121.014024,,,,,,,16,2023-04-30,OSP
MNL004 LP183 NP3-4,MNL004,LP183,NP3-4,MNL004 LP183,Zamora Pandacan,MANILA,3,2,BARANGAY 882,,,14.578103,121.014213,,,,,,,16,2023-04-30,OSP
MNL004 LP183 NP5-6,MNL004,LP183,NP5-6,MNL004 LP183,Zamora Pandacan,MANILA,3,2,BARANGAY 882,,,14.577801,121.014534,,,,,,,16,2023-04-30,OSP
MNL004 LP183 NP7-8,MNL004,LP183,NP7-8,MNL004 LP183,Zamora Pandacan,MANILA,3,2,BARANGAY 882,,,14.577584,121.014758,,,,,,,16,2023-04-30,OSP
MNL004 LP184 NP1-2,MNL004,LP184,NP1-2,MNL004 LP184,Zamora Pandacan,MANILA,3,2,BARANGAY 882,,,14.578479,121.01427,,,,,,,16,2023-04-30,OSP
MNL004 LP184 NP3-4,MNL004,LP184,NP3-4,MNL004 LP184,Zamora Pandacan,MANILA,3,2,BARANGAY 882,,,14.578245,121.014498,,,,,,,16,2023-04-30,OSP
MNL004 LP184 NP5-6,MNL004,LP184,NP5-6,MNL004 LP184,Zamora Pandacan,MANILA,3,2,BARANGAY 882,,,14.578022,121.014712,,,,,,,16,2023-04-30,OSP
MNL004 LP185 NP1-2,MNL004,LP185,NP1-2,MNL004 LP185,Zamora Pandacan,MANILA,3,2,BARANGAY 882,,,14.578683,121.014462,,,,,,,16,2023-04-30,OSP
MNL004 LP185 NP3-4,MNL004,LP185,NP3-4,MNL004 LP185,Zamora Pandacan,MANILA,3,2,BARANGAY 882,,,14.578457,121.014683,,,,,,,16,2023-04-30,OSP
MNL034 LP98 NP1-2,MNL034,LP98,NP1-2,MNL034 LP98,Benitez,MANILA,3,2,BARANGAY 883,,,14.578233,121.015426,,,,,,,16,2020-06-29,OSP
MNL034 LP98 NP3-4,MNL034,LP98,NP3-4,MNL034 LP98,Benitez,MANILA,3,2,BARANGAY 883,,,14.578633,121.014996,,,,,,,16,2020-06-29,OSP
MNL034 LP98 NP5-6,MNL034,LP98,NP5-6,MNL034 LP98,Benitez,MANILA,3,2,BARANGAY 883,,,14.578466,121.015647,,,,,,,16,2020-06-29,OSP
MNL034 LP98 NP7-8,MNL034,LP98,NP7-8,MNL034 LP98,Benitez,MANILA,3,2,BARANGAY 883,,,14.578607,121.015777,,,,,,,16,2020-06-29,OSP
MNL034 LP99 NP1-2,MNL034,LP99,NP1-2,MNL034 LP99,Benitez,MANILA,3,2,BARANGAY 883,,,14.57918,121.015872,,,,,,,16,2020-06-29,OSP
MNL034 LP99 NP3-4,MNL034,LP99,NP3-4,MNL034 LP99,Benitez,MANILA,3,2,BARANGAY 883,,,14.579663,121.015715,,,,,,,16,2020-06-29,OSP
MKT003 LP231 NP5-6,MKT003,LP231,NP5-6,MKT003 LP231,Centuria,MANILA,3,2,BARANGAY 883,,,14.57883333,121.0160389,,,,,,,16,2018-11-22,OSP
MKT003 LP231 NP7-8,MKT003,LP231,NP7-8,MKT003 LP231,Centuria,MANILA,3,2,BARANGAY 883,,,14.57844722,121.0156194,,,,,,,16,2018-11-22,OSP
MKT003 LP84 NP3-4,MKT003,LP84,NP3-4,MKT003 LP84,Centuria,MANILA,3,2,BARANGAY 883,,,14.578228,121.015408,,,,,,,16,2018-03-01,OSP
MKT006 LP346 NP3-5,MKT006,LP346,NP3-5,MKT006 LP346,Pio Del Pilar,MANILA,3,2,BARANGAY 883,,,14.578244,121.01542,,,,,,,24,2023-04-26,OSP
MKT006 LP346 NP6-8,MKT006,LP346,NP6-8,MKT006 LP346,Pio Del Pilar,MANILA,3,2,BARANGAY 883,,,14.578457,121.015633,,,,,,,24,2023-04-26,OSP
MKT006 LP347 NP1-2,MKT006,LP347,NP1-2,MKT006 LP347,Pio Del Pilar,MANILA,3,2,BARANGAY 883,,,14.578802,121.015981,,,,,,,16,2023-04-26,OSP
MKT006 LP414 NP3-5,MKT006,LP414,NP3-5,MKT006 LP414,Pio Del Pilar,MANILA,3,2,BARANGAY 883,,,14.578593,121.015766,,,,,,,24,2023-04-26,OSP
MNL004 LP53 NP1-2,MNL004,LP53,NP1-2,MNL004 LP53,Zamora Pandacan,MANILA,3,2,BARANGAY 883,,,14.57902321,121.0144752,,,,,,,16,2019-10-04,OSP
MNL004 LP53 NP5-6,MNL004,LP53,NP5-6,MNL004 LP53,Zamora Pandacan,MANILA,3,2,BARANGAY 883,,,14.57938066,121.0143842,,,,,,,16,2019-10-04,OSP
MNL004 LP53 NP7-8,MNL004,LP53,NP7-8,MNL004 LP53,Zamora Pandacan,MANILA,3,2,BARANGAY 883,,,14.57966592,121.0156752,,,,,,,16,2019-10-04,OSP
MNL004 LP52 NP7-8,MNL004,LP52,NP7-8,MNL004 LP52,Zamora Pandacan,MANILA,3,2,BARANGAY 883,,,14.57890845,121.014683,,,,,,,16,2019-10-04,OSP
MNL004 LP146 NP5-6,MNL004,LP146,NP5-6,MNL004 LP146,Zamora Pandacan,MANILA,3,2,BARANGAY 883,,,14.579048,121.013407,,,,,,,16,2021-02-26,OSP
MNL004 LP147 NP1-2,MNL004,LP147,NP1-2,MNL004 LP147,Zamora Pandacan,MANILA,3,2,BARANGAY 883,,,14.578866,121.013813,,,,,,,16,2021-02-26,OSP
MNL004 LP147 NP3-4,MNL004,LP147,NP3-4,MNL004 LP147,Zamora Pandacan,MANILA,3,2,BARANGAY 883,,,14.579061,121.014496,,,,,,,16,2021-02-26,OSP
MNL004 LP148 NP1-2,MNL004,LP148,NP1-2,MNL004 LP148,Zamora Pandacan,MANILA,3,2,BARANGAY 883,,,14.579349,121.014429,,,,,,,16,2021-02-26,OSP
MNL004 LP148 NP3-4,MNL004,LP148,NP3-4,MNL004 LP148,Zamora Pandacan,MANILA,3,2,BARANGAY 883,,,14.57956,121.015197,,,,,,,16,2021-02-26,OSP
MNL004 LP148 NP5-6,MNL004,LP148,NP5-6,MNL004 LP148,Zamora Pandacan,MANILA,3,2,BARANGAY 883,,,14.579867,121.015629,,,,,,,16,2021-02-26,OSP
MNL004 LP185 NP7-8,MNL004,LP185,NP7-8,MNL004 LP185,Zamora Pandacan,MANILA,3,2,BARANGAY 883,,,14.578919,121.0147,,,,,,,16,2023-04-30,OSP
MNL004 LP186 NP1-2,MNL004,LP186,NP1-2,MNL004 LP186,Zamora Pandacan,MANILA,3,2,BARANGAY 883,,,14.578235,121.01542,,,,,,,16,2023-04-30,OSP
MNL004 LP186 NP3-4,MNL004,LP186,NP3-4,MNL004 LP186,Zamora Pandacan,MANILA,3,2,BARANGAY 883,,,14.578456,121.015644,,,,,,,16,2023-04-30,OSP
MNL004 LP186 NP5-6,MNL004,LP186,NP5-6,MNL004 LP186,Zamora Pandacan,MANILA,3,2,BARANGAY 883,,,14.578681,121.015401,,,,,,,16,2023-04-30,OSP
MNL004 LP186 NP7-8,MNL004,LP186,NP7-8,MNL004 LP186,Zamora Pandacan,MANILA,3,2,BARANGAY 883,,,14.578914,121.015145,,,,,,,16,2023-04-30,OSP
MNL004 LP187 NP1-2,MNL004,LP187,NP1-2,MNL004 LP187,Zamora Pandacan,MANILA,3,2,BARANGAY 883,,,14.578677,121.015856,,,,,,,16,2023-04-30,OSP
MNL004 LP187 NP3-4,MNL004,LP187,NP3-4,MNL004 LP187,Zamora Pandacan,MANILA,3,2,BARANGAY 883,,,14.579057,121.01545,,,,,,,16,2023-04-30,OSP