Box Name,OLT,LCP,NAP,LCP Name,Node Name,Municipality,Cluster,Sector,Barangay,Subdivision,Building Name,Latitude,Longitude,Parent Site,Parent Floor,Parent Room,Additional Details,Remarks,Landmark,Capacity,Installation Date,OSP / ISP
MNL046 LP202 NP5-6,MNL046,LP202,NP5-6,MNL046 LP202,Reten Apartment,MANILA,3,1,BARANGAY 385,,,14.59665,120.9862,,,,,,,16,2022-04-04,OSP
MNL046 LP202 NP7-8,MNL046,LP202,NP7-8,MNL046 LP202,Reten Apartment,MANILA,3,1,BARANGAY 385,,,14.59655,120.9865,,,,,,,16,2022-04-04,OSP
MNL046 LP203 NP1-2,MNL046,LP203,NP1-2,MNL046 LP203,Reten Apartment,MANILA,3,1,BARANGAY 385,,,14.59651,120.9867,,,,,,,16,2022-04-04,OSP
MNL046 LP203 NP3-4,MNL046,LP203,NP3-4,MNL046 LP203,Reten Apartment,MANILA,3,1,BARANGAY 385,,,14.59646,120.987,,,,,,,16,2022-04-04,OSP
MNL046 LP204 NP1-2,MNL046,LP204,NP1-2,MNL046 LP204,Reten Apartment,MANILA,3,1,BARANGAY 385,,,14.59623,120.9874,,,,,,,16,2022-04-04,OSP
MNL046 LP204 NP3-4,MNL046,LP204,NP3-4,MNL046 LP204,Reten Apartment,MANILA,3,1,BARANGAY 385,,,14.5964,120.9874,,,,,,,16,2022-04-04,OSP
MNL046 LP204 NP5-6,MNL046,LP204,NP5-6,MNL046 LP204,Reten Apartment,MANILA,3,1,BARANGAY 385,,,14.59638,120.9876,,,,,,,16,2022-04-04,OSP
MNL046 LP233 NP1-2,MNL046,LP233,NP1-2,MNL046 LP233,Reten Apartment,MANILA,3,1,BARANGAY 385,,,14.5945,120.9872,,,,,,,16,2022-04-04,OSP
MNL046 LP233 NP3-4,MNL046,LP233,NP3-4,MNL046 LP233,Reten Apartment,MANILA,3,1,BARANGAY 385,,,14.59467,120.9873,,,,,,,16,2022-04-04,OSP
MNL046 LP199 NP3-4,MNL046,LP199,NP3-4,MNL046 LP199,Reten Apartment,MANILA,3,1,BARANGAY 385,,,14.59617,120.9887,,,,,,,16,2022-04-04,OSP
MNL046 LP199 NP5-6,MNL046,LP199,NP5-6,MNL046 LP199,Reten Apartment,MANILA,3,1,BARANGAY 385,,,14.59624,120.9883,,,,,,,16,2022-04-04,OSP
MNL046 LP199 NP7-8,MNL046,LP199,NP7-8,MNL046 LP199,Reten Apartment,MANILA,3,1,BARANGAY 385,,,14.5965,120.9882,,,,,,,16,2022-04-04,OSP
MNL046 LP200 NP1-2,MNL046,LP200,NP1-2,MNL046 LP200,Reten Apartment,MANILA,3,1,BARANGAY 385,,,14.59629,120.9881,,,,,,,16,2022-04-04,OSP
MNL046 LP200 NP3-4,MNL046,LP200,NP3-4,MNL046 LP200,Reten Apartment,MANILA,3,1,BARANGAY 385,,,14.59597,120.9883,,,,,,,16,2022-04-04,OSP
MNL046 LP200 NP5-6,MNL046,LP200,NP5-6,MNL046 LP200,Reten Apartment,MANILA,3,1,BARANGAY 385,,,14.59593,120.988,,,,,,,16,2022-04-04,OSP
MNL046 LP200 NP7-8,MNL046,LP200,NP7-8,MNL046 LP200,Reten Apartment,MANILA,3,1,BARANGAY 385,,,14.59577,120.988,,,,,,,16,2022-04-04,OSP
MNL046 LP201 NP1-2,MNL046,LP201,NP1-2,MNL046 LP201,Reten Apartment,MANILA,3,1,BARANGAY 385,,,14.59602,120.9872,,,,,,,16,2022-04-04,OSP
MNL046 LP201 NP3-4,MNL046,LP201,NP3-4,MNL046 LP201,Reten Apartment,MANILA,3,1,BARANGAY 385,,,14.59604,120.987,,,,,,,16,2022-04-04,OSP
MNL046 LP201 NP5-6,MNL046,LP201,NP5-6,MNL046 LP201,Reten Apartment,MANILA,3,1,BARANGAY 385,,,14.59608,120.9868,,,,,,,16,2022-04-04,OSP
MNL046 LP201 NP7-8,MNL046,LP201,NP7-8,MNL046 LP201,Reten Apartment,MANILA,3,1,BARANGAY 385,,,14.59613,120.9866,,,,,,,16,2022-04-04,OSP
MNL046 LP199 NP1-2,MNL046,LP199,NP1-2,MNL046 LP199,Reten Apartment,MANILA,3,1,BARANGAY 385,,,14.59612,120.989,,,,,,,16,2022-04-04,OSP
MNL001 LP478 NP1-2,MNL001,LP478,NP1-2,MNL001 LP478,Zen Tower,MANILA,3,1,BARANGAY 385,,,14.596602,120.986234,,,,,,,16,2019-12-17,OSP
MNL001 LP478 NP3-4,MNL001,LP478,NP3-4,MNL001 LP478,Zen Tower,MANILA,3,1,BARANGAY 385,,,14.596395,120.987428,,,,,,,16,2019-12-17,OSP
MNL001 LP478 NP5-6,MNL001,LP478,NP5-6,MNL001 LP478,Zen Tower,MANILA,3,1,BARANGAY 385,,,14.596292,120.98806,,,,,,,16,2019-12-17,OSP
MNL046 LP205 NP1-2,MNL046,LP205,NP1-2,MNL046 LP205,Reten Apartment,MANILA,3,1,BARANGAY 386,,,14.5961,120.9894,,,,,,,16,2022-04-04,OSP
MNL046 LP205 NP3-4,MNL046,LP205,NP3-4,MNL046 LP205,Reten Apartment,MANILA,3,1,BARANGAY 386,,,14.5961,120.9894,,,,,,,16,2022-04-04,OSP
MNL046 LP205 NP5-6,MNL046,LP205,NP5-6,MNL046 LP205,Reten Apartment,MANILA,3,1,BARANGAY 386,,,14.5961,120.9894,,,,,,,16,2022-04-04,OSP
MNL046 LP205 NP7-8,MNL046,LP205,NP7-8,MNL046 LP205,Reten Apartment,MANILA,3,1,BARANGAY 386,,,14.59585,120.9892,,,,,,,16,2022-04-04,OSP
MNL046 LP206 NP1-2,MNL046,LP206,NP1-2,MNL046 LP206,Reten Apartment,MANILA,3,1,BARANGAY 386,,,14.59585,120.9892,,,,,,,16,2022-04-04,OSP
MNL046 LP206 NP3-4,MNL046,LP206,NP3-4,MNL046 LP206,Reten Apartment,MANILA,3,1,BARANGAY 386,,,14.59562,120.9891,,,,,,,16,2022-04-04,OSP
MNL046 LP206 NP5-6,MNL046,LP206,NP5-6,MNL046 LP206,Reten Apartment,MANILA,3,1,BARANGAY 386,,,14.59562,120.9891,,,,,,,16,2022-04-04,OSP
MNL046 LP206 NP7-8,MNL046,LP206,NP7-8,MNL046 LP206,Reten Apartment,MANILA,3,1,BARANGAY 386,,,14.59562,120.9891,,,,,,,16,2022-04-04,OSP
MNL046 LP207 NP1-2,MNL046,LP207,NP1-2,MNL046 LP207,Reten Apartment,MANILA,3,1,BARANGAY 386,,,14.59642,120.9896,,,,,,,16,2022-04-04,OSP
MNL046 LP207 NP3-4,MNL046,LP207,NP3-4,MNL046 LP207,Reten Apartment,MANILA,3,1,BARANGAY 386,,,14.5963,120.9896,,,,,,,16,2022-04-04,OSP
MNL046 LP207 NP5-6,MNL046,LP207,NP5-6,MNL046 LP207,Reten Apartment,MANILA,3,1,BARANGAY 386,,,14.5963,120.9896,,,,,,,16,2022-04-04,OSP
MNL046 LP207 NP7-8,MNL046,LP207,NP7-8,MNL046 LP207,Reten Apartment,MANILA,3,1,BARANGAY 386,,,14.5963,120.9896,,,,,,,16,2022-04-04,OSP
MNL046 LP208 NP1-2,MNL046,LP208,NP1-2,MNL046 LP208,Reten Apartment,MANILA,3,1,BARANGAY 386,,,14.59608,120.9896,,,,,,,16,2022-04-04,OSP
MNL046 LP208 NP3-4,MNL046,LP208,NP3-4,MNL046 LP208,Reten Apartment,MANILA,3,1,BARANGAY 386,,,14.59603,120.9896,,,,,,,16,2022-04-04,OSP
MNL046 LP208 NP5-6,MNL046,LP208,NP5-6,MNL046 LP208,Reten Apartment,MANILA,3,1,BARANGAY 386,,,14.59603,120.9896,,,,,,,16,2022-04-04,OSP
MNL046 LP208 NP7-8,MNL046,LP208,NP7-8,MNL046 LP208,Reten Apartment,MANILA,3,1,BARANGAY 386,,,14.59603,120.9896,,,,,,,16,2022-04-04,OSP
MNL001 LP140 NP1-2,MNL001,LP140,NP1-2,MNL001 LP140,Zen Tower,MANILA,3,1,BARANGAY 386,,,14.594617,120.989673,,,,,,,16,2018-06-27,OSP
MNL001 LP140 NP3-4,MNL001,LP140,NP3-4,MNL001 LP140,Zen Tower,MANILA,3,1,BARANGAY 386,,,14.593739,120.989725,,,,,,,16,2018-06-27,OSP
MNL001 LP141 NP1-2,MNL001,LP141,NP1-2,MNL001 LP141,Zen Tower,MANILA,3,1,BARANGAY 386,,,14.595828,120.989183,,,,,,,16,2018-06-27,OSP
MNL001 LP9 NP7-8,MNL001,LP9,NP7-8,MNL001 LP9,Zen Tower,MANILA,3,1,BARANGAY 386,,,14.595301,120.9889,,,,,,,16,2015-07-22,OSP
MNL001 LP10 NP1-2,MNL001,LP10,NP1-2,MNL001 LP10,Zen Tower,MANILA,3,1,BARANGAY 386,,,14.596314,120.989627,,,,,,,16,2015-07-27,OSP
MNL003 LP127 NP1-2,MNL003,LP127,NP1-2,MNL003 LP127,City Square,MANILA,3,1,BARANGAY 387,,,14.596563,120.989043,,,,,,,16,2018-06-28,OSP
MNL003 LP127 NP3-4,MNL003,LP127,NP3-4,MNL003 LP127,City Square,MANILA,3,1,BARANGAY 387,,,14.596754,120.987808,,,,,,,16,2018-06-28,OSP
MNL003 LP127 NP5-6,MNL003,LP127,NP5-6,MNL003 LP127,City Square,MANILA,3,1,BARANGAY 387,,,14.596903,120.986881,,,,,,,16,2018-06-28,OSP
MNL003 LP127 NP7-8,MNL003,LP127,NP7-8,MNL003 LP127,City Square,MANILA,3,1,BARANGAY 387,,,14.597004,120.986204,,,,,,,16,2018-06-28,OSP
MNL046 LP190 NP3-5,MNL046,LP190,NP3-5,MNL046 LP190,Reten Apartment,MANILA,3,1,BARANGAY 387,,,14.59697,120.9878,,,,,,,24,2022-04-04,OSP
MNL046 LP190 NP6-8,MNL046,LP190,NP6-8,MNL046 LP190,Reten Apartment,MANILA,3,1,BARANGAY 387,,,14.59683,120.9878,,,,,,,24,2022-04-04,OSP
MNL046 LP197 NP1-2,MNL046,LP197,NP1-2,MNL046 LP197,Reten Apartment,MANILA,3,1,BARANGAY 387,,,14.59769,120.9866,,,,,,,16,2022-04-04,OSP
MNL046 LP197 NP3-5,MNL046,LP197,NP3-5,MNL046 LP197,Reten Apartment,MANILA,3,1,BARANGAY 387,,,14.59753,120.9866,,,,,,,24,2022-04-04,OSP
MNL046 LP197 NP6-8,MNL046,LP197,NP6-8,MNL046 LP197,Reten Apartment,MANILA,3,1,BARANGAY 387,,,14.59734,120.9866,,,,,,,24,2022-04-04,OSP
MNL046 LP198 NP1-2,MNL046,LP198,NP1-2,MNL046 LP198,Reten Apartment,MANILA,3,1,BARANGAY 387,,,14.59734,120.9864,,,,,,,16,2022-04-04,OSP
MNL046 LP198 NP3-5,MNL046,LP198,NP3-5,MNL046 LP198,Reten Apartment,MANILA,3,1,BARANGAY 387,,,14.59749,120.9864,,,,,,,24,2022-04-04,OSP
MNL046 LP198 NP6-8,MNL046,LP198,NP6-8,MNL046 LP198,Reten Apartment,MANILA,3,1,BARANGAY 387,,,14.59737,120.9862,,,,,,,24,2022-04-04,OSP
MNL046 LP245 NP5,MNL046,LP245,NP5,MNL046 LP245,Reten Apartment,MANILA,3,1,BARANGAY 387,,EDWARD SUITES,14.597064,120.986531,,6F,EE ROOM BUILDING A,MNL48P,,,,2022-05-17,ISP
MNL046 LP245 NP2,MNL046,LP245,NP2,MNL046 LP245,Reten Apartment,MANILA,3,1,BARANGAY 387,,EDWARD SUITES,14.597064,120.986531,,2F,EE ROOM BUILDING A,MNL48P,,,,2022-05-17,ISP
MNL046 LP245 NP1,MNL046,LP245,NP1,MNL046 LP245,Reten Apartment,MANILA,3,1,BARANGAY 387,,EDWARD SUITES,14.597064,120.986531,,GF,EE ROOM BUILDING A,MNL48P,,,,2022-05-17,ISP
MNL046 LP245 NP3,MNL046,LP245,NP3,MNL046 LP245,Reten Apartment,MANILA,3,1,BARANGAY 387,,EDWARD SUITES,14.597064,120.986531,,3F,EE ROOM BUILDING A,MNL48P,,,,2022-05-17,ISP
MNL046 LP245 NP4,MNL046,LP245,NP4,MNL046 LP245,Reten Apartment,MANILA,3,1,BARANGAY 387,,EDWARD SUITES,14.597064,120.986531,,5F,EE ROOM BUILDING A,MNL48P,,,,2022-05-17,ISP
MNL001 LP10 NP5-6,MNL001,LP10,NP5-6,MNL001 LP10,Zen Tower,MANILA,3,1,BARANGAY 387,,,14.596958,120.986822,,,,,,,16,2015-07-27,OSP
MNL003 LP126 NP1-2,MNL003,LP126,NP1-2,MNL003 LP126,City Square,MANILA,3,1,BARANGAY 388,,,14.597479,120.988685,,,,,,,16,2018-06-28,OSP
MNL003 LP126 NP3-4,MNL003,LP126,NP3-4,MNL003 LP126,City Square,MANILA,3,1,BARANGAY 388,,,14.59755,120.988151,,,,,,,16,2018-06-28,OSP
MNL003 LP126 NP5-6,MNL003,LP126,NP5-6,MNL003 LP126,City Square,MANILA,3,1,BARANGAY 388,,,14.597643,120.98758,,,,,,,16,2018-06-28,OSP
MNL003 LP126 NP7-8,MNL003,LP126,NP7-8,MNL003 LP126,City Square,MANILA,3,1,BARANGAY 388,,,14.597737,120.987017,,,,,,,16,2018-06-28,OSP
MNL046 LP182 NP7-8,MNL046,LP182,NP7-8,MNL046 LP182,Reten Apartment,MANILA,3,1,BARANGAY 388,,,14.5978,120.9867,,,,,,,16,2022-04-04,OSP
MNL046 LP188 NP6-8,MNL046,LP188,NP6-8,MNL046 LP188,Reten Apartment,MANILA,3,1,BARANGAY 388,,,14.59754,120.9883,,,,,,,24,2022-04-04,OSP
MNL046 LP189 NP1-2,MNL046,LP189,NP1-2,MNL046 LP189,Reten Apartment,MANILA,3,1,BARANGAY 388,,,14.59758,120.9881,,,,,,,16,2022-04-04,OSP
MNL046 LP189 NP3-5,MNL046,LP189,NP3-5,MNL046 LP189,Reten Apartment,MANILA,3,1,BARANGAY 388,,,14.59759,120.988,,,,,,,24,2022-04-04,OSP
MNL046 LP189 NP6-8,MNL046,LP189,NP6-8,MNL046 LP189,Reten Apartment,MANILA,3,1,BARANGAY 388,,,14.59761,120.9879,,,,,,,24,2022-04-04,OSP
MNL046 LP190 NP1-2,MNL046,LP190,NP1-2,MNL046 LP190,Reten Apartment,MANILA,3,1,BARANGAY 388,,,14.59738,120.9879,,,,,,,16,2022-04-04,OSP
MNL046 LP191 NP1-2,MNL046,LP191,NP1-2,MNL046 LP191,Reten Apartment,MANILA,3,1,BARANGAY 388,,,14.59763,120.9878,,,,,,,16,2022-04-04,OSP
MNL046 LP191 NP3-5,MNL046,LP191,NP3-5,MNL046 LP191,Reten Apartment,MANILA,3,1,BARANGAY 388,,,14.59765,120.9876,,,,,,,24,2022-04-04,OSP
MNL046 LP191 NP6-8,MNL046,LP191,NP6-8,MNL046 LP191,Reten Apartment,MANILA,3,1,BARANGAY 388,,,14.59768,120.9874,,,,,,,24,2022-04-04,OSP
MNL046 LP192 NP1-2,MNL046,LP192,NP1-2,MNL046 LP192,Reten Apartment,MANILA,3,1,BARANGAY 388,,,14.59769,120.9873,,,,,,,16,2022-04-04,OSP
MNL046 LP192 NP3-5,MNL046,LP192,NP3-5,MNL046 LP192,Reten Apartment,MANILA,3,1,BARANGAY 388,,,14.59771,120.9872,,,,,,,24,2022-04-04,OSP
MNL046 LP192 NP6-8,MNL046,LP192,NP6-8,MNL046 LP192,Reten Apartment,MANILA,3,1,BARANGAY 388,,,14.59773,120.987,,,,,,,24,2022-04-04,OSP
MNL046 LP193 NP1-2,MNL046,LP193,NP1-2,MNL046 LP193,Reten Apartment,MANILA,3,1,BARANGAY 388,,,14.59811,120.9877,,,,,,,16,2022-04-04,OSP
MNL046 LP188 NP1-2,MNL046,LP188,NP1-2,MNL046 LP188,Reten Apartment,MANILA,3,1,BARANGAY 388,,,14.59744,120.9891,,,,,,,16,2022-04-04,OSP
MNL046 LP188 NP3-5,MNL046,LP188,NP3-5,MNL046 LP188,Reten Apartment,MANILA,3,1,BARANGAY 388,,,14.59751,120.9885,,,,,,,24,2022-04-04,OSP
MNL046 LP193 NP3-5,MNL046,LP193,NP3-5,MNL046 LP193,Reten Apartment,MANILA,3,1,BARANGAY 388,,,14.59824,120.988,,,,,,,24,2022-04-04,OSP
MNL046 LP193 NP6-8,MNL046,LP193,NP6-8,MNL046 LP193,Reten Apartment,MANILA,3,1,BARANGAY 388,,,14.59829,120.9881,,,,,,,24,2022-04-04,OSP
MNL046 LP195 NP6-8,MNL046,LP195,NP6-8,MNL046 LP195,Reten Apartment,MANILA,3,1,BARANGAY 388,,,14.59815,120.9886,,,,,,,24,2022-04-04,OSP
MNL046 LP196 NP1-2,MNL046,LP196,NP1-2,MNL046 LP196,Reten Apartment,MANILA,3,1,BARANGAY 388,,,14.598,120.9873,,,,,,,16,2022-04-04,OSP
MNL046 LP196 NP3-5,MNL046,LP196,NP3-5,MNL046 LP196,Reten Apartment,MANILA,3,1,BARANGAY 388,,,14.59788,120.987,,,,,,,24,2022-04-04,OSP
MNL046 LP196 NP6-8,MNL046,LP196,NP6-8,MNL046 LP196,Reten Apartment,MANILA,3,1,BARANGAY 388,,,14.59779,120.9867,,,,,,,24,2022-04-04,OSP
MNL046 LP216 NP3-4,MNL046,LP216,NP3-4,MNL046 LP216,Reten Apartment,MANILA,3,1,BARANGAY 389,,,14.59898,120.9904,,,,,,,16,2022-04-04,OSP
MNL046 LP216 NP5-6,MNL046,LP216,NP5-6,MNL046 LP216,Reten Apartment,MANILA,3,1,BARANGAY 389,,,14.5989,120.9905,,,,,,,16,2022-04-04,OSP
MNL046 LP210 NP1-2,MNL046,LP210,NP1-2,MNL046 LP210,Reten Apartment,MANILA,3,1,BARANGAY 389,,,14.59672,120.9897,,,,,,,16,2022-04-04,OSP
MNL046 LP210 NP3-4,MNL046,LP210,NP3-4,MNL046 LP210,Reten Apartment,MANILA,3,1,BARANGAY 389,,,14.59672,120.9897,,,,,,,16,2022-04-04,OSP
MNL046 LP210 NP5-6,MNL046,LP210,NP5-6,MNL046 LP210,Reten Apartment,MANILA,3,1,BARANGAY 389,,,14.59672,120.9897,,,,,,,16,2022-04-04,OSP
MNL046 LP210 NP7-8,MNL046,LP210,NP7-8,MNL046 LP210,Reten Apartment,MANILA,3,1,BARANGAY 389,,,14.59693,120.9896,,,,,,,16,2022-04-04,OSP
MNL046 LP216 NP7-8,MNL046,LP216,NP7-8,MNL046 LP216,Reten Apartment,MANILA,3,1,BARANGAY 389,,,14.59879,120.9908,,,,,,,16,2022-04-04,OSP
MNL001 LP139 NP5-6,MNL001,LP139,NP5-6,MNL001 LP139,Zen Tower,MANILA,3,1,BARANGAY 389,,,14.597217,120.989613,,,,,,,16,2018-06-27,OSP
MNL001 LP139 NP7-8,MNL001,LP139,NP7-8,MNL001 LP139,Zen Tower,MANILA,3,1,BARANGAY 389,,,14.596625,120.989661,,,,,,,16,2018-06-27,OSP
MNL003 LP215 NP3-4,MNL003,LP215,NP3-4,MNL003 LP215,City Square,MANILA,3,1,BARANGAY 39,,,14.6067211,120.9620166,,,,,,,16,2019-02-12,OSP
MNL003 LP215 NP5-6,MNL003,LP215,NP5-6,MNL003 LP215,City Square,MANILA,3,1,BARANGAY 39,,,14.60654223,120.9618455,,,,,,,16,2019-02-12,OSP
MNL003 LP215 NP7-8,MNL003,LP215,NP7-8,MNL003 LP215,City Square,MANILA,3,1,BARANGAY 39,,,14.60603716,120.9619237,,,,,,,16,2019-02-12,OSP
MNL003 LP216 NP5-6,MNL003,LP216,NP5-6,MNL003 LP216,City Square,MANILA,3,1,BARANGAY 39,,,14.60468703,120.9616746,,,,,,,16,2019-02-12,OSP
MNL005 LP242 NP6-7-8,MNL005,LP242,NP6-7-8,MNL005 LP242,Orchard Building (City Square 2),MANILA,3,1,BARANGAY 39,,,14.607725,120.96145,,,,,,,24,2021-09-25,OSP
MNL005 LP243 NP1-2,MNL005,LP243,NP1-2,MNL005 LP243,Orchard Building (City Square 2),MANILA,3,1,BARANGAY 39,,,14.607721,120.961457,,,,,,,16,2021-09-25,OSP
MNL005 LP243 NP3-4-5,MNL005,LP243,NP3-4-5,MNL005 LP243,Orchard Building (City Square 2),MANILA,3,1,BARANGAY 39,,,14.607202,120.961496,,,,,,,24,2021-09-25,OSP
MNL005 LP243 NP6-7-8,MNL005,LP243,NP6-7-8,MNL005 LP243,Orchard Building (City Square 2),MANILA,3,1,BARANGAY 39,,,14.60664,120.961541,,,,,,,24,2021-09-25,OSP
MNL005 LP244 NP1-2,MNL005,LP244,NP1-2,MNL005 LP244,Orchard Building (City Square 2),MANILA,3,1,BARANGAY 39,,,14.606639,120.961541,,,,,,,16,2021-09-25,OSP
MNL005 LP244 NP3-4-5,MNL005,LP244,NP3-4-5,MNL005 LP244,Orchard Building (City Square 2),MANILA,3,1,BARANGAY 39,,,14.606468,120.961551,,,,,,,24,2021-09-25,OSP
MNL005 LP244 NP6-7-8,MNL005,LP244,NP6-7-8,MNL005 LP244,Orchard Building (City Square 2),MANILA,3,1,BARANGAY 39,,,14.606163,120.961575,,,,,,,24,2021-09-25,OSP
MNL005 LP245 NP1-2,MNL005,LP245,NP1-2,MNL005 LP245,Orchard Building (City Square 2),MANILA,3,1,BARANGAY 39,,,14.605723,120.961609,,,,,,,16,2021-09-25,OSP
MNL005 LP245 NP3-4-5,MNL005,LP245,NP3-4-5,MNL005 LP245,Orchard Building (City Square 2),MANILA,3,1,BARANGAY 39,,,14.605096,120.961657,,,,,,,24,2021-09-25,OSP
MNL005 LP245 NP6-7-8,MNL005,LP245,NP6-7-8,MNL005 LP245,Orchard Building (City Square 2),MANILA,3,1,BARANGAY 39,,,14.604656,120.961693,,,,,,,24,2021-09-25,OSP
MNL005 LP41 NP1-2,MNL005,LP41,NP1-2,MNL005 LP41,Orchard Building (City Square 2),MANILA,3,1,BARANGAY 39,,,14.604793,120.962043,,,,,,,16,2020-09-25,OSP
MNL005 LP4 NP1-2,MNL005,LP4,NP1-2,MNL005 LP4,Orchard Building (City Square 2),MANILA,3,1,BARANGAY 39,,,14.606435,120.961548,,,,,,,16,2020-08-30,OSP
MNL005 LP4 NP3-4,MNL005,LP4,NP3-4,MNL005 LP4,Orchard Building (City Square 2),MANILA,3,1,BARANGAY 39,,,14.605917,120.961585,,,,,,,16,2020-08-30,OSP
MNL005 LP4 NP5-6,MNL005,LP4,NP5-6,MNL005 LP4,Orchard Building (City Square 2),MANILA,3,1,BARANGAY 39,,,14.605186,120.961639,,,,,,,16,2020-08-30,OSP
MNL005 LP36 NP1-2,MNL005,LP36,NP1-2,MNL005 LP36,Orchard Building (City Square 2),MANILA,3,1,BARANGAY 39,,,14.606932,120.961976,,,,,,,16,2020-09-25,OSP
MNL005 LP323 NP3-5,MNL005,LP323,NP3-5,MNL005 LP323,Orchard Building (City Square 2),MANILA,3,1,BARANGAY 39,,,14.606737,120.962006,,,,,,,24,2021-11-17,OSP
MNL005 LP323 NP6-8,MNL005,LP323,NP6-8,MNL005 LP323,Orchard Building (City Square 2),MANILA,3,1,BARANGAY 39,,,14.606728,120.961834,,,,,,,24,2021-11-17,OSP
MNL005 LP317 NP1-2,MNL005,LP317,NP1-2,MNL005 LP317,Orchard Building (City Square 2),MANILA,3,1,BARANGAY 39,,,14.606568,120.962027,,,,,,,16,2021-11-17,OSP
MNL005 LP317 NP3-5,MNL005,LP317,NP3-5,MNL005 LP317,Orchard Building (City Square 2),MANILA,3,1,BARANGAY 39,,,14.606568,120.962028,,,,,,,24,2021-11-17,OSP
MNL005 LP317 NP6-8,MNL005,LP317,NP6-8,MNL005 LP317,Orchard Building (City Square 2),MANILA,3,1,BARANGAY 39,,,14.606545,120.961861,,,,,,,24,2021-11-17,OSP
MNL005 LP318 NP1-2,MNL005,LP318,NP1-2,MNL005 LP318,Orchard Building (City Square 2),MANILA,3,1,BARANGAY 39,,,14.606285,120.961897,,,,,,,16,2021-11-17,OSP
MNL005 LP318 NP3-5,MNL005,LP318,NP3-5,MNL005 LP318,Orchard Building (City Square 2),MANILA,3,1,BARANGAY 39,,,14.606039,120.961915,,,,,,,24,2021-11-17,OSP
MNL005 LP318 NP6-8,MNL005,LP318,NP6-8,MNL005 LP318,Orchard Building (City Square 2),MANILA,3,1,BARANGAY 39,,,14.606036,120.961918,,,,,,,24,2021-11-17,OSP
MNL005 LP3 NP7-8,MNL005,LP3,NP7-8,MNL005 LP3,Orchard Building (City Square 2),MANILA,3,1,BARANGAY 39,,,14.607223,120.961484,,,,,,,16,2020-08-30,OSP
MNL003 LP124 NP5-6,MNL003,LP124,NP5-6,MNL003 LP124,City Square,MANILA,3,1,BARANGAY 390,,,14.599316,120.989423,,,,,,,16,2018-06-28,OSP
MNL003 LP124 NP7-8,MNL003,LP124,NP7-8,MNL003 LP124,City Square,MANILA,3,1,BARANGAY 390,,,14.59845,120.98948,,,,,,,16,2018-06-28,OSP
MNL003 LP125 NP1-2,MNL003,LP125,NP1-2,MNL003 LP125,City Square,MANILA,3,1,BARANGAY 390,,,14.599432,120.988819,,,,,,,16,2018-06-28,OSP
MNL046 LP164 NP5-6,MNL046,LP164,NP5-6,MNL046 LP164,Reten Apartment,MANILA,3,1,BARANGAY 390,,,14.599411,120.9893,,,,,,,16,2022-04-04,OSP
MNL046 LP164 NP7-8,MNL046,LP164,NP7-8,MNL046 LP164,Reten Apartment,MANILA,3,1,BARANGAY 390,,,14.599572,120.9889,,,,,,,16,2022-04-04,OSP
MNL046 LP165 NP1-2,MNL046,LP165,NP1-2,MNL046 LP165,Reten Apartment,MANILA,3,1,BARANGAY 390,,,14.599531,120.9886,,,,,,,16,2022-04-04,OSP
MNL046 LP165 NP7-8,MNL046,LP165,NP7-8,MNL046 LP165,Reten Apartment,MANILA,3,1,BARANGAY 390,,,14.600008,120.9887,,,,,,,16,2022-04-04,OSP
MNL046 LP166 NP1-2,MNL046,LP166,NP1-2,MNL046 LP166,Reten Apartment,MANILA,3,1,BARANGAY 390,,,14.600197,120.9884,,,,,,,16,2022-04-04,OSP
MNL046 LP166 NP3-4,MNL046,LP166,NP3-4,MNL046 LP166,Reten Apartment,MANILA,3,1,BARANGAY 390,,,14.600467,120.9886,,,,,,,16,2022-04-04,OSP
MNL046 LP166 NP5-6,MNL046,LP166,NP5-6,MNL046 LP166,Reten Apartment,MANILA,3,1,BARANGAY 390,,,14.600661,120.9888,,,,,,,16,2022-04-04,OSP
MNL046 LP166 NP7-8,MNL046,LP166,NP7-8,MNL046 LP166,Reten Apartment,MANILA,3,1,BARANGAY 390,,,14.600967,120.9889,,,,,,,16,2022-04-04,OSP
MNL046 LP216 NP1-2,MNL046,LP216,NP1-2,MNL046 LP216,Reten Apartment,MANILA,3,1,BARANGAY 390,,,14.59909,120.9901,,,,,,,16,2022-04-04,OSP
MNL046 LP164 NP1-2,MNL046,LP164,NP1-2,MNL046 LP164,Reten Apartment,MANILA,3,1,BARANGAY 390,,,14.599208,120.9902,,,,,,,16,2022-04-04,OSP
MNL046 LP164 NP3-4,MNL046,LP164,NP3-4,MNL046 LP164,Reten Apartment,MANILA,3,1,BARANGAY 390,,,14.599311,120.99,,,,,,,16,2022-04-04,OSP
MNL046 LP217 NP1-2,MNL046,LP217,NP1-2,MNL046 LP217,Reten Apartment,MANILA,3,1,BARANGAY 390,,,14.59868,120.9896,,,,,,,16,2022-04-04,OSP
MNL001 LP139 NP1-2,MNL001,LP139,NP1-2,MNL001 LP139,Zen Tower,MANILA,3,1,BARANGAY 390,,,14.600205,120.990711,,,,,,,16,2018-06-27,OSP
MNL001 LP139 NP3-4,MNL001,LP139,NP3-4,MNL001 LP139,Zen Tower,MANILA,3,1,BARANGAY 390,,,14.599014,120.990175,,,,,,,16,2018-06-27,OSP
MNL001 LP11 NP1-2,MNL001,LP11,NP1-2,MNL001 LP11,Zen Tower,MANILA,3,1,BARANGAY 390,,,14.598336,120.989866,,,,,,,16,2015-07-27,OSP
MNL001 LP11 NP3-4,MNL001,LP11,NP3-4,MNL001 LP11,Zen Tower,MANILA,3,1,BARANGAY 390,,,14.600009,120.990597,,,,,,,16,2015-07-27,OSP
MNL003 LP124 NP3-4,MNL003,LP124,NP3-4,MNL003 LP124,City Square,MANILA,3,1,BARANGAY 391,,,14.600025,120.988129,,,,,,,16,2018-06-28,OSP
MNL003 LP123 NP1-2,MNL003,LP123,NP1-2,MNL003 LP123,City Square,MANILA,3,1,BARANGAY 391,,,14.600663,120.985135,,,,,,,16,2018-06-28,OSP
MNL003 LP123 NP3-4,MNL003,LP123,NP3-4,MNL003 LP123,City Square,MANILA,3,1,BARANGAY 391,,,14.600703,120.985807,,,,,,,16,2018-06-28,OSP
MNL003 LP123 NP5-6,MNL003,LP123,NP5-6,MNL003 LP123,City Square,MANILA,3,1,BARANGAY 391,,,14.600788,120.986533,,,,,,,16,2018-06-28,OSP
MNL046 LP183 NP1-2,MNL046,LP183,NP1-2,MNL046 LP183,Reten Apartment,MANILA,3,1,BARANGAY 391,,,14.60071,120.9848,,,,,,,16,2022-04-04,OSP
MNL046 LP165 NP5-6,MNL046,LP165,NP5-6,MNL046 LP165,Reten Apartment,MANILA,3,1,BARANGAY 391,,,14.599742,120.9885,,,,,,,16,2022-04-04,OSP
MNL046 LP167 NP1-2,MNL046,LP167,NP1-2,MNL046 LP167,Reten Apartment,MANILA,3,1,BARANGAY 391,,,14.599958,120.9882,,,,,,,16,2022-04-04,OSP
MNL046 LP167 NP3-4,MNL046,LP167,NP3-4,MNL046 LP167,Reten Apartment,MANILA,3,1,BARANGAY 391,,,14.600036,120.988,,,,,,,16,2022-04-04,OSP
MNL046 LP167 NP5-6,MNL046,LP167,NP5-6,MNL046 LP167,Reten Apartment,MANILA,3,1,BARANGAY 391,,,14.599886,120.9878,,,,,,,16,2022-04-04,OSP
MNL046 LP167 NP7-8,MNL046,LP167,NP7-8,MNL046 LP167,Reten Apartment,MANILA,3,1,BARANGAY 391,,,14.599667,120.9876,,,,,,,16,2022-04-04,OSP
MNL046 LP168 NP1-2,MNL046,LP168,NP1-2,MNL046 LP168,Reten Apartment,MANILA,3,1,BARANGAY 391,,,14.600289,120.9878,,,,,,,16,2022-04-04,OSP
MNL046 LP168 NP3-4,MNL046,LP168,NP3-4,MNL046 LP168,Reten Apartment,MANILA,3,1,BARANGAY 391,,,14.600006,120.9875,,,,,,,16,2022-04-04,OSP
MNL046 LP168 NP5-6,MNL046,LP168,NP5-6,MNL046 LP168,Reten Apartment,MANILA,3,1,BARANGAY 391,,,14.599903,120.9874,,,,,,,16,2022-04-04,OSP
MNL046 LP176 NP5-6,MNL046,LP176,NP5-6,MNL046 LP176,Reten Apartment,MANILA,3,1,BARANGAY 391,,,14.60071,120.985,,,,,,,16,2022-04-04,OSP
MNL046 LP176 NP7-8,MNL046,LP176,NP7-8,MNL046 LP176,Reten Apartment,MANILA,3,1,BARANGAY 391,,,14.60061,120.9851,,,,,,,16,2022-04-04,OSP
MNL046 LP173 NP5-6,MNL046,LP173,NP5-6,MNL046 LP173,Reten Apartment,MANILA,3,1,BARANGAY 391,,,14.600806,120.9866,,,,,,,16,2022-04-04,OSP
MNL046 LP173 NP7-8,MNL046,LP173,NP7-8,MNL046 LP173,Reten Apartment,MANILA,3,1,BARANGAY 391,,,14.600867,120.9866,,,,,,,16,2022-04-04,OSP
MNL046 LP174 NP1-2,MNL046,LP174,NP1-2,MNL046 LP174,Reten Apartment,MANILA,3,1,BARANGAY 391,,,14.601072,120.9864,,,,,,,16,2022-04-04,OSP
MNL046 LP174 NP3-4,MNL046,LP174,NP3-4,MNL046 LP174,Reten Apartment,MANILA,3,1,BARANGAY 391,,,14.601292,120.986364,,,,,,,16,2022-04-04,OSP
MNL046 LP174 NP5-6,MNL046,LP174,NP5-6,MNL046 LP174,Reten Apartment,MANILA,3,1,BARANGAY 391,,,14.601556,120.986358,,,,,,,16,2022-04-04,OSP
MNL046 LP174 NP7-8,MNL046,LP174,NP7-8,MNL046 LP174,Reten Apartment,MANILA,3,1,BARANGAY 391,,,14.601833,120.98635,,,,,,,16,2022-04-04,OSP
MNL046 LP175 NP1-2,MNL046,LP175,NP1-2,MNL046 LP175,Reten Apartment,MANILA,3,1,BARANGAY 391,,,14.6008,120.9865,,,,,,,16,2022-04-04,OSP
MNL046 LP175 NP3-4,MNL046,LP175,NP3-4,MNL046 LP175,Reten Apartment,MANILA,3,1,BARANGAY 391,,,14.60079,120.9864,,,,,,,16,2022-04-04,OSP
MNL046 LP175 NP5-6,MNL046,LP175,NP5-6,MNL046 LP175,Reten Apartment,MANILA,3,1,BARANGAY 391,,,14.60077,120.9861,,,,,,,16,2022-04-04,OSP
MNL046 LP175 NP7-8,MNL046,LP175,NP7-8,MNL046 LP175,Reten Apartment,MANILA,3,1,BARANGAY 391,,,14.60075,120.9857,,,,,,,16,2022-04-04,OSP
MNL046 LP176 NP1-2,MNL046,LP176,NP1-2,MNL046 LP176,Reten Apartment,MANILA,3,1,BARANGAY 391,,,14.60073,120.9854,,,,,,,16,2022-04-04,OSP
MNL046 LP176 NP3-4,MNL046,LP176,NP3-4,MNL046 LP176,Reten Apartment,MANILA,3,1,BARANGAY 391,,,14.60071,120.9852,,,,,,,16,2022-04-04,OSP
MNL046 LP186 NP1-2,MNL046,LP186,NP1-2,MNL046 LP186,Reten Apartment,MANILA,3,1,BARANGAY 391,,,14.60108,120.9848,,,,,,,16,2022-04-04,OSP
MNL046 LP186 NP3-4,MNL046,LP186,NP3-4,MNL046 LP186,Reten Apartment,MANILA,3,1,BARANGAY 391,,,14.6016,120.985,,,,,,,16,2022-04-04,OSP
MNL046 LP186 NP5-6,MNL046,LP186,NP5-6,MNL046 LP186,Reten Apartment,MANILA,3,1,BARANGAY 391,,,14.60133,120.9855,,,,,,,16,2022-04-04,OSP
MNL046 LP186 NP7-8,MNL046,LP186,NP7-8,MNL046 LP186,Reten Apartment,MANILA,3,1,BARANGAY 391,,,14.60169,120.9857,,,,,,,16,2022-04-04,OSP
MNL046 LP187 NP1-2,MNL046,LP187,NP1-2,MNL046 LP187,Reten Apartment,MANILA,3,1,BARANGAY 391,,,14.60221,120.9854,,,,,,,16,2022-04-04,OSP
MNL046 LP187 NP3-4,MNL046,LP187,NP3-4,MNL046 LP187,Reten Apartment,MANILA,3,1,BARANGAY 391,,,14.60259,120.9856,,,,,,,16,2022-04-04,OSP
MNL046 LP187 NP5-6,MNL046,LP187,NP5-6,MNL046 LP187,Reten Apartment,MANILA,3,1,BARANGAY 391,,,14.60201,120.9857,,,,,,,16,2022-04-04,OSP
MNL046 LP187 NP7-8,MNL046,LP187,NP7-8,MNL046 LP187,Reten Apartment,MANILA,3,1,BARANGAY 391,,,14.60256,120.986,,,,,,,16,2022-04-04,OSP
MNL046 LP168 NP7-8,MNL046,LP168,NP7-8,MNL046 LP168,Reten Apartment,MANILA,3,1,BARANGAY 391,,,14.599772,120.9872,,,,,,,16,2022-04-04,OSP
MNL046 LP169 NP5-6,MNL046,LP169,NP5-6,MNL046 LP169,Reten Apartment,MANILA,3,1,BARANGAY 391,,,14.600103,120.9871,,,,,,,16,2022-04-04,OSP
MNL046 LP169 NP7-8,MNL046,LP169,NP7-8,MNL046 LP169,Reten Apartment,MANILA,3,1,BARANGAY 391,,,14.599969,120.9869,,,,,,,16,2022-04-04,OSP
MNL001 LP21 NP3-4,MNL001,LP21,NP3-4,MNL001 LP21,Zen Tower,MANILA,3,1,BARANGAY 391,,,14.601806,120.984932,,,,,,,16,2015-07-27,OSP
MNL001 LP481 NP1-2,MNL001,LP481,NP1-2,MNL001 LP481,Zen Tower,MANILA,3,1,BARANGAY 391,,,14.601933,120.985794,,,,,,,16,2019-12-17,OSP
MNL001 LP481 NP3-4,MNL001,LP481,NP3-4,MNL001 LP481,Zen Tower,MANILA,3,1,BARANGAY 391,,,14.601604,120.985038,,,,,,,16,2019-12-17,OSP
MNL001 LP481 NP5-6,MNL001,LP481,NP5-6,MNL001 LP481,Zen Tower,MANILA,3,1,BARANGAY 391,,,14.60223,120.985395,,,,,,,16,2019-12-17,OSP
MNL001 LP481 NP7-8,MNL001,LP481,NP7-8,MNL001 LP481,Zen Tower,MANILA,3,1,BARANGAY 391,,,14.602493,120.985521,,,,,,,16,2019-12-17,OSP
MNL003 LP123 NP7-8,MNL003,LP123,NP7-8,MNL003 LP123,City Square,MANILA,3,1,BARANGAY 392,,,14.600813,120.986901,,,,,,,16,2018-06-28,OSP
MNL003 LP124 NP1-2,MNL003,LP124,NP1-2,MNL003 LP124,City Square,MANILA,3,1,BARANGAY 392,,,14.600609,120.987285,,,,,,,16,2018-06-28,OSP
MNL046 LP172 NP3-4,MNL046,LP172,NP3-4,MNL046 LP172,Reten Apartment,MANILA,3,1,BARANGAY 392,,,14.600997,120.987,,,,,,,16,2022-04-04,OSP
MNL046 LP172 NP5-6,MNL046,LP172,NP5-6,MNL046 LP172,Reten Apartment,MANILA,3,1,BARANGAY 392,,,14.601228,120.9871,,,,,,,16,2022-04-04,OSP
MNL046 LP172 NP7-8,MNL046,LP172,NP7-8,MNL046 LP172,Reten Apartment,MANILA,3,1,BARANGAY 392,,,14.601547,120.987,,,,,,,16,2022-04-04,OSP
MNL046 LP173 NP1-2,MNL046,LP173,NP1-2,MNL046 LP173,Reten Apartment,MANILA,3,1,BARANGAY 392,,,14.600764,120.987,,,,,,,16,2022-04-04,OSP
MNL046 LP173 NP3-4,MNL046,LP173,NP3-4,MNL046 LP173,Reten Apartment,MANILA,3,1,BARANGAY 392,,,14.600817,120.9869,,,,,,,16,2022-04-04,OSP
MNL046 LP169 NP1-2,MNL046,LP169,NP1-2,MNL046 LP169,Reten Apartment,MANILA,3,1,BARANGAY 392,,,14.600464,120.9874,,,,,,,16,2022-04-04,OSP
MNL046 LP169 NP3-4,MNL046,LP169,NP3-4,MNL046 LP169,Reten Apartment,MANILA,3,1,BARANGAY 392,,,14.600286,120.9873,,,,,,,16,2022-04-04,OSP
MNL046 LP170 NP1-2,MNL046,LP170,NP1-2,MNL046 LP170,Reten Apartment,MANILA,3,1,BARANGAY 392,,,14.600628,120.9876,,,,,,,16,2022-04-04,OSP
MNL046 LP170 NP3-4,MNL046,LP170,NP3-4,MNL046 LP170,Reten Apartment,MANILA,3,1,BARANGAY 392,,,14.601069,120.9878,,,,,,,16,2022-04-04,OSP
MNL046 LP170 NP5-6,MNL046,LP170,NP5-6,MNL046 LP170,Reten Apartment,MANILA,3,1,BARANGAY 392,,,14.60125,120.9879,,,,,,,16,2022-04-04,OSP
MNL046 LP170 NP7-8,MNL046,LP170,NP7-8,MNL046 LP170,Reten Apartment,MANILA,3,1,BARANGAY 392,,,14.601525,120.988,,,,,,,16,2022-04-04,OSP
MNL046 LP171 NP1-2,MNL046,LP171,NP1-2,MNL046 LP171,Reten Apartment,MANILA,3,1,BARANGAY 392,,,14.600553,120.9874,,,,,,,16,2022-04-04,OSP
MNL046 LP171 NP3-4,MNL046,LP171,NP3-4,MNL046 LP171,Reten Apartment,MANILA,3,1,BARANGAY 392,,,14.600608,120.9873,,,,,,,16,2022-04-04,OSP
MNL046 LP171 NP5-6,MNL046,LP171,NP5-6,MNL046 LP171,Reten Apartment,MANILA,3,1,BARANGAY 392,,,14.600944,120.9873,,,,,,,16,2022-04-04,OSP
MNL046 LP171 NP7-8,MNL046,LP171,NP7-8,MNL046 LP171,Reten Apartment,MANILA,3,1,BARANGAY 392,,,14.601186,120.9874,,,,,,,16,2022-04-04,OSP
MNL046 LP172 NP1-2,MNL046,LP172,NP1-2,MNL046 LP172,Reten Apartment,MANILA,3,1,BARANGAY 392,,,14.600683,120.9871,,,,,,,16,2022-04-04,OSP
MNL003 LP125 NP3-4,MNL003,LP125,NP3-4,MNL003 LP125,City Square,MANILA,3,1,BARANGAY 393,,,14.598922,120.987625,,,,,,,16,2018-06-28,OSP
MNL003 LP125 NP5-6,MNL003,LP125,NP5-6,MNL003 LP125,City Square,MANILA,3,1,BARANGAY 393,,,14.598458,120.986449,,,,,,,16,2018-06-28,OSP
MNL003 LP125 NP7-8,MNL003,LP125,NP7-8,MNL003 LP125,City Square,MANILA,3,1,BARANGAY 393,,,14.598141,120.985655,,,,,,,16,2018-06-28,OSP
MNL002 LP3 NP7-8,MNL002,LP3,NP7-8,MNL002 LP3,Don Quintos,MANILA,3,1,BARANGAY 393,,,14.599387,120.98866,,,,,,,16,2016-06-16,OSP
MNL046 LP180 NP1-2,MNL046,LP180,NP1-2,MNL046 LP180,Reten Apartment,MANILA,3,1,BARANGAY 393,,,14.5989,120.9856,,,,,,,16,2022-04-04,OSP
MNL046 LP180 NP3-4,MNL046,LP180,NP3-4,MNL046 LP180,Reten Apartment,MANILA,3,1,BARANGAY 393,,,14.5987,120.9857,,,,,,,16,2022-04-04,OSP
MNL046 LP180 NP5-6,MNL046,LP180,NP5-6,MNL046 LP180,Reten Apartment,MANILA,3,1,BARANGAY 393,,,14.59876,120.9852,,,,,,,16,2022-04-04,OSP
MNL046 LP180 NP7-8,MNL046,LP180,NP7-8,MNL046 LP180,Reten Apartment,MANILA,3,1,BARANGAY 393,,,14.59865,120.9849,,,,,,,16,2022-04-04,OSP
MNL046 LP181 NP1-2,MNL046,LP181,NP1-2,MNL046 LP181,Reten Apartment,MANILA,3,1,BARANGAY 393,,,14.59852,120.9858,,,,,,,16,2022-04-04,OSP
MNL046 LP181 NP3-4,MNL046,LP181,NP3-4,MNL046 LP181,Reten Apartment,MANILA,3,1,BARANGAY 393,,,14.59833,120.9859,,,,,,,16,2022-04-04,OSP
MNL046 LP181 NP5-6,MNL046,LP181,NP5-6,MNL046 LP181,Reten Apartment,MANILA,3,1,BARANGAY 393,,,14.59826,120.986,,,,,,,16,2022-04-04,OSP
MNL046 LP181 NP7-8,MNL046,LP181,NP7-8,MNL046 LP181,Reten Apartment,MANILA,3,1,BARANGAY 393,,,14.59834,120.9862,,,,,,,16,2022-04-04,OSP
MNL046 LP182 NP1-2,MNL046,LP182,NP1-2,MNL046 LP182,Reten Apartment,MANILA,3,1,BARANGAY 393,,,14.59845,120.9862,,,,,,,16,2022-04-04,OSP
MNL046 LP182 NP3-4,MNL046,LP182,NP3-4,MNL046 LP182,Reten Apartment,MANILA,3,1,BARANGAY 393,,,14.59845,120.9865,,,,,,,16,2022-04-04,OSP
MNL046 LP182 NP5-6,MNL046,LP182,NP5-6,MNL046 LP182,Reten Apartment,MANILA,3,1,BARANGAY 393,,,14.59808,120.9866,,,,,,,16,2022-04-04,OSP
MNL046 LP165 NP3-4,MNL046,LP165,NP3-4,MNL046 LP165,Reten Apartment,MANILA,3,1,BARANGAY 393,,,14.599394,120.9886,,,,,,,16,2022-04-04,OSP
MNL046 LP177 NP5-6,MNL046,LP177,NP5-6,MNL046 LP177,Reten Apartment,MANILA,3,1,BARANGAY 393,,,14.5996,120.9854,,,,,,,16,2022-04-04,OSP
MNL046 LP177 NP7-8,MNL046,LP177,NP7-8,MNL046 LP177,Reten Apartment,MANILA,3,1,BARANGAY 393,,,14.59938,120.9854,,,,,,,16,2022-04-04,OSP
MNL046 LP178 NP1-2,MNL046,LP178,NP1-2,MNL046 LP178,Reten Apartment,MANILA,3,1,BARANGAY 393,,,14.59941,120.9857,,,,,,,16,2022-04-04,OSP
MNL046 LP178 NP3-4,MNL046,LP178,NP3-4,MNL046 LP178,Reten Apartment,MANILA,3,1,BARANGAY 393,,,14.59944,120.9859,,,,,,,16,2022-04-04,OSP
MNL046 LP178 NP5-6,MNL046,LP178,NP5-6,MNL046 LP178,Reten Apartment,MANILA,3,1,BARANGAY 393,,,14.59947,120.986,,,,,,,16,2022-04-04,OSP
MNL046 LP178 NP7-8,MNL046,LP178,NP7-8,MNL046 LP178,Reten Apartment,MANILA,3,1,BARANGAY 393,,,14.59973,120.986,,,,,,,16,2022-04-04,OSP
MNL046 LP179 NP1-2,MNL046,LP179,NP1-2,MNL046 LP179,Reten Apartment,MANILA,3,1,BARANGAY 393,,,14.59919,120.9855,,,,,,,16,2022-04-04,OSP
MNL046 LP179 NP3-4,MNL046,LP179,NP3-4,MNL046 LP179,Reten Apartment,MANILA,3,1,BARANGAY 393,,,14.59906,120.9852,,,,,,,16,2022-04-04,OSP
MNL046 LP179 NP5-6,MNL046,LP179,NP5-6,MNL046 LP179,Reten Apartment,MANILA,3,1,BARANGAY 393,,,14.59927,120.9851,,,,,,,16,2022-04-04,OSP
MNL046 LP179 NP7-8,MNL046,LP179,NP7-8,MNL046 LP179,Reten Apartment,MANILA,3,1,BARANGAY 393,,,14.59951,120.9851,,,,,,,16,2022-04-04,OSP
MNL046 LP184 NP3-4,MNL046,LP184,NP3-4,MNL046 LP184,Reten Apartment,MANILA,3,1,BARANGAY 393,,,14.59809,120.9842,,,,,,,16,2022-04-04,OSP
MNL046 LP194 NP1-2,MNL046,LP194,NP1-2,MNL046 LP194,Reten Apartment,MANILA,3,1,BARANGAY 393,,,14.59835,120.9883,,,,,,,16,2022-04-04,OSP
MNL046 LP194 NP3-5,MNL046,LP194,NP3-5,MNL046 LP194,Reten Apartment,MANILA,3,1,BARANGAY 393,,,14.59842,120.9885,,,,,,,24,2022-04-04,OSP
MNL046 LP195 NP1-2,MNL046,LP195,NP1-2,MNL046 LP195,Reten Apartment,MANILA,3,1,BARANGAY 393,,,14.5985,120.9886,,,,,,,16,2022-04-04,OSP
MNL046 LP195 NP3-5,MNL046,LP195,NP3-5,MNL046 LP195,Reten Apartment,MANILA,3,1,BARANGAY 393,,,14.59857,120.9888,,,,,,,24,2022-04-04,OSP
MNL001 LP480 NP5-6,MNL001,LP480,NP5-6,MNL001 LP480,Zen Tower,MANILA,3,1,BARANGAY 393,,,14.597925,120.984863,,,,,,,16,2019-12-17,OSP
MNL001 LP480 NP7-8,MNL001,LP480,NP7-8,MNL001 LP480,Zen Tower,MANILA,3,1,BARANGAY 393,,,14.598086,120.985297,,,,,,,16,2020-07-30,OSP
MNL001 LP178 NP7,MNL001,LP178,NP7,MNL001 LP178,Zen Tower,MANILA,3,1,BARANGAY 393,,ISABELLE DE HIDALGO,14.598205,120.986282,,7F,EE ROOM BUILDING A,MNL49P,,,,2022-04-19,ISP
MNL001 LP179 NP4,MNL001,LP179,NP4,MNL001 LP179,Zen Tower,MANILA,3,1,BARANGAY 393,,ISABELLE DE HIDALGO,14.598205,120.986282,MNL49P,GF,EE ROOM,,,,,2019-01-28,ISP
MNL001 LP178 NP5-6,MNL001,LP178,NP5-6,MNL001 LP178,Zen Tower,MANILA,3,1,BARANGAY 393,,ISABELLE DE HIDALGO,14.598205,120.986282,MNL49P,6F,EE ROOM BUILDING A,,,,,2022-04-19,ISP
MNL001 LP178 NP4,MNL001,LP178,NP4,MNL001 LP178,Zen Tower,MANILA,3,1,BARANGAY 393,,ISABELLE DE HIDALGO,14.598205,120.986282,MNL49P,5F,EE ROOM BUILDING A,,,,,2022-04-19,ISP
MNL001 LP178 NP1-2,MNL001,LP178,NP1-2,MNL001 LP178,Zen Tower,MANILA,3,1,BARANGAY 393,,ISABELLE DE HIDALGO,14.598205,120.986282,MNL49P,GF,EE ROOM BUILDING A,,,,,2019-01-28,ISP
MNL001 LP179 NP5,MNL001,LP179,NP5,MNL001 LP179,Zen Tower,MANILA,3,1,BARANGAY 393,,ISABELLE DE HIDALGO,14.598205,120.986282,MNL49P,GF,EE ROOM,,,,,2019-01-28,ISP
MNL001 LP179 NP1,MNL001,LP179,NP1,MNL001 LP179,Zen Tower,MANILA,3,1,BARANGAY 393,,ISABELLE DE HIDALGO,14.598205,120.986282,MNL49P,GF,EE ROOM,,,,,2019-01-28,ISP
MNL001 LP179 NP3,MNL001,LP179,NP3,MNL001 LP179,Zen Tower,MANILA,3,1,BARANGAY 393,,ISABELLE DE HIDALGO,14.598205,120.986282,MNL49P,GF,EE ROOM,,,,,2019-01-28,ISP
MNL001 LP179 NP6-7,MNL001,LP179,NP6-7,MNL001 LP179,Zen Tower,MANILA,3,1,BARANGAY 393,,ISABELLE DE HIDALGO,14.598205,120.986282,MNL49P,GF,EE ROOM,,,,,2019-01-28,ISP
MNL001 LP179 NP2,MNL001,LP179,NP2,MNL001 LP179,Zen Tower,MANILA,3,1,BARANGAY 393,,ISABELLE DE HIDALGO,14.598205,120.986282,MNL49P,GF,EE ROOM,,,,,2019-01-28,ISP
MNL046 LP183 NP3-4,MNL046,LP183,NP3-4,MNL046 LP183,Reten Apartment,MANILA,3,1,BARANGAY 394,,,14.60017,120.9846,,,,,,,16,2022-04-04,OSP
MNL046 LP183 NP5-6,MNL046,LP183,NP5-6,MNL046 LP183,Reten Apartment,MANILA,3,1,BARANGAY 394,,,14.59984,120.9846,,,,,,,16,2022-04-04,OSP
MNL046 LP183 NP7-8,MNL046,LP183,NP7-8,MNL046 LP183,Reten Apartment,MANILA,3,1,BARANGAY 394,,,14.59933,120.9844,,,,,,,16,2022-04-04,OSP
MNL046 LP184 NP1-2,MNL046,LP184,NP1-2,MNL046 LP184,Reten Apartment,MANILA,3,1,BARANGAY 394,,,14.59889,120.9844,,,,,,,16,2022-04-04,OSP
MNL046 LP177 NP1-2,MNL046,LP177,NP1-2,MNL046 LP177,Reten Apartment,MANILA,3,1,BARANGAY 394,,,14.60049,120.9852,,,,,,,16,2022-04-04,OSP
MNL046 LP177 NP3-4,MNL046,LP177,NP3-4,MNL046 LP177,Reten Apartment,MANILA,3,1,BARANGAY 394,,,14.59981,120.9853,,,,,,,16,2022-04-04,OSP
MNL001 LP21 NP1-2,MNL001,LP21,NP1-2,MNL001 LP21,Zen Tower,MANILA,3,1,BARANGAY 394,,,14.598883,120.984374,,,,,,,16,2015-07-27,OSP
MNL002 LP270 NP5-6,MNL002,LP270,NP5-6,MNL002 LP270,Don Quintos,MANILA,3,1,BARANGAY 395,,,14.602466,120.987351,,,,,,,16,2019-11-26,OSP
MNL002 LP270 NP7-8,MNL002,LP270,NP7-8,MNL002 LP270,Don Quintos,MANILA,3,1,BARANGAY 395,,,14.603033,120.985524,,,,,,,16,2019-11-26,OSP
MNL002 LP271 NP1-2,MNL002,LP271,NP1-2,MNL002 LP271,Don Quintos,MANILA,3,1,BARANGAY 395,,,14.604545,120.987688,,,,,,,16,2019-11-26,OSP
MNL002 LP271 NP3-4,MNL002,LP271,NP3-4,MNL002 LP271,Don Quintos,MANILA,3,1,BARANGAY 395,,,14.60489,120.98713,,,,,,,16,2019-11-26,OSP
MNL002 LP271 NP5-6,MNL002,LP271,NP5-6,MNL002 LP271,Don Quintos,MANILA,3,1,BARANGAY 395,,,14.604663,120.985645,,,,,,,16,2019-11-26,OSP
MNL002 LP3 NP3-4,MNL002,LP3,NP3-4,MNL002 LP3,Don Quintos,MANILA,3,1,BARANGAY 395,,,14.602627,120.987371,,,,,,,16,2016-06-16,OSP
MNL002 LP3 NP5-6,MNL002,LP3,NP5-6,MNL002 LP3,Don Quintos,MANILA,3,1,BARANGAY 395,,,14.601697,120.988127,,,,,,,16,2016-06-16,OSP
MNL046 LP156 NP5-6,MNL046,LP156,NP5-6,MNL046 LP156,Reten Apartment,MANILA,3,1,BARANGAY 395,,,14.603226,120.98749,,,,,,,16,2022-04-04,OSP
MNL046 LP156 NP7-8,MNL046,LP156,NP7-8,MNL046 LP156,Reten Apartment,MANILA,3,1,BARANGAY 395,,,14.602225,120.98722,,,,,,,16,2022-04-04,OSP
MNL046 LP157 NP1-2,MNL046,LP157,NP1-2,MNL046 LP157,Reten Apartment,MANILA,3,1,BARANGAY 395,,,14.601784,120.98818,,,,,,,16,2022-04-04,OSP
MNL046 LP311 NP5-6,MNL046,LP311,NP5-6,MNL046 LP311,Reten Apartment,MANILA,3,1,BARANGAY 395,,,14.603741,120.987645,,,,,,,16,2024-01-11,OSP
MNL046 LP311 NP7-8,MNL046,LP311,NP7-8,MNL046 LP311,Reten Apartment,MANILA,3,1,BARANGAY 395,,,14.603741,120.987645,,,,,,,16,2024-01-11,OSP
MNL046 LP312 NP1-2,MNL046,LP312,NP1-2,MNL046 LP312,Reten Apartment,MANILA,3,1,BARANGAY 395,,,14.602794,120.987423,,,,,,,16,2024-01-11,OSP
MNL046 LP312 NP3-4,MNL046,LP312,NP3-4,MNL046 LP312,Reten Apartment,MANILA,3,1,BARANGAY 395,,,14.602794,120.987423,,,,,,,16,2024-01-11,OSP
MNL046 LP312 NP5-6,MNL046,LP312,NP5-6,MNL046 LP312,Reten Apartment,MANILA,3,1,BARANGAY 395,,,14.602145,120.987536,,,,,,,16,2024-01-11,OSP
MNL046 LP312 NP7-8,MNL046,LP312,NP7-8,MNL046 LP312,Reten Apartment,MANILA,3,1,BARANGAY 395,,,14.602145,120.987536,,,,,,,16,2024-01-11,OSP
MNL046 LP313 NP1-2,MNL046,LP313,NP1-2,MNL046 LP313,Reten Apartment,MANILA,3,1,BARANGAY 395,,,14.601848,120.988122,,,,,,,16,2024-01-11,OSP
MNL046 LP313 NP3-4,MNL046,LP313,NP3-4,MNL046 LP313,Reten Apartment,MANILA,3,1,BARANGAY 395,,,14.601848,120.988122,,,,,,,16,2024-01-11,OSP
MNL046 LP313 NP5-6,MNL046,LP313,NP5-6,MNL046 LP313,Reten Apartment,MANILA,3,1,BARANGAY 395,,,14.602124,120.988279,,,,,,,16,2024-01-11,OSP
MNL046 LP313 NP7-8,MNL046,LP313,NP7-8,MNL046 LP313,Reten Apartment,MANILA,3,1,BARANGAY 395,,,14.602603,120.988627,,,,,,,16,2024-01-11,OSP
MNL046 LP311 NP3-4,MNL046,LP311,NP3-4,MNL046 LP311,Reten Apartment,MANILA,3,1,BARANGAY 395,,,14.60411,120.987795,,,,,,,16,2024-01-11,OSP
MNL001 LP11 NP7-8,MNL001,LP11,NP7-8,MNL001 LP11,Zen Tower,MANILA,3,1,BARANGAY 395,,,14.602813,120.985944,,,,,,,16,2015-07-27,OSP
MNL002 LP269 NP3-4,MNL002,LP269,NP3-4,MNL002 LP269,Don Quintos,MANILA,3,1,BARANGAY 396,,,14.605603,120.988531,,,,,,,16,2019-11-26,OSP
MNL002 LP269 NP5-6,MNL002,LP269,NP5-6,MNL002 LP269,Don Quintos,MANILA,3,1,BARANGAY 396,,,14.604884,120.989207,,,,,,,16,2019-11-26,OSP
MNL002 LP269 NP7-8,MNL002,LP269,NP7-8,MNL002 LP269,Don Quintos,MANILA,3,1,BARANGAY 396,,,14.603854,120.98919,,,,,,,16,2019-11-26,OSP
MNL002 LP270 NP1-2,MNL002,LP270,NP1-2,MNL002 LP270,Don Quintos,MANILA,3,1,BARANGAY 396,,,14.603193,120.98885,,,,,,,16,2019-11-26,OSP
MNL002 LP270 NP3-4,MNL002,LP270,NP3-4,MNL002 LP270,Don Quintos,MANILA,3,1,BARANGAY 396,,,14.604094,120.987807,,,,,,,16,2019-11-26,OSP
MNL046 LP155 NP7-8,MNL046,LP155,NP7-8,MNL046 LP155,Reten Apartment,MANILA,3,1,BARANGAY 396,,,14.605076,120.98798,,,,,,,16,2022-04-04,OSP
MNL046 LP156 NP1-2,MNL046,LP156,NP1-2,MNL046 LP156,Reten Apartment,MANILA,3,1,BARANGAY 396,,,14.603478,120.98844,,,,,,,16,2022-04-04,OSP
MNL046 LP156 NP3-4,MNL046,LP156,NP3-4,MNL046 LP156,Reten Apartment,MANILA,3,1,BARANGAY 396,,,14.604237,120.98775,,,,,,,16,2022-04-04,OSP
MNL046 LP154 NP1-2,MNL046,LP154,NP1-2,MNL046 LP154,Reten Apartment,MANILA,3,1,BARANGAY 396,,,14.606091,120.98896,,,,,,,16,2022-04-04,OSP
MNL046 LP154 NP5-6,MNL046,LP154,NP5-6,MNL046 LP154,Reten Apartment,MANILA,3,1,BARANGAY 396,,,14.605072,120.98998,,,,,,,16,2022-04-04,OSP
MNL046 LP154 NP7-8,MNL046,LP154,NP7-8,MNL046 LP154,Reten Apartment,MANILA,3,1,BARANGAY 396,,,14.604818,120.98972,,,,,,,16,2022-04-04,OSP
MNL046 LP155 NP1-2,MNL046,LP155,NP1-2,MNL046 LP155,Reten Apartment,MANILA,3,1,BARANGAY 396,,,14.605613,120.98842,,,,,,,16,2022-04-04,OSP
MNL046 LP155 NP3-4,MNL046,LP155,NP3-4,MNL046 LP155,Reten Apartment,MANILA,3,1,BARANGAY 396,,,14.605152,120.98891,,,,,,,16,2022-04-04,OSP
MNL046 LP155 NP5-6,MNL046,LP155,NP5-6,MNL046 LP155,Reten Apartment,MANILA,3,1,BARANGAY 396,,,14.603771,120.98919,,,,,,,16,2022-04-04,OSP
MNL046 LP309 NP5-6,MNL046,LP309,NP5-6,MNL046 LP309,Reten Apartment,MANILA,3,1,BARANGAY 396,,,14.605091,120.989969,,,,,,,16,2024-01-11,OSP
MNL046 LP309 NP7-8,MNL046,LP309,NP7-8,MNL046 LP309,Reten Apartment,MANILA,3,1,BARANGAY 396,,,14.6032,120.988841,,,,,,,16,2024-01-11,OSP
MNL046 LP310 NP1-2,MNL046,LP310,NP1-2,MNL046 LP310,Reten Apartment,MANILA,3,1,BARANGAY 396,,,14.603098,120.988783,,,,,,,16,2024-01-11,OSP
MNL046 LP310 NP3-4,MNL046,LP310,NP3-4,MNL046 LP310,Reten Apartment,MANILA,3,1,BARANGAY 396,,,14.603367,120.988534,,,,,,,16,2024-01-11,OSP
MNL046 LP310 NP5-6,MNL046,LP310,NP5-6,MNL046 LP310,Reten Apartment,MANILA,3,1,BARANGAY 396,,,14.603367,120.988534,,,,,,,16,2024-01-11,OSP
MNL046 LP310 NP7-8,MNL046,LP310,NP7-8,MNL046 LP310,Reten Apartment,MANILA,3,1,BARANGAY 396,,,14.603559,120.988327,,,,,,,16,2024-01-11,OSP
MNL046 LP311 NP1-2,MNL046,LP311,NP1-2,MNL046 LP311,Reten Apartment,MANILA,3,1,BARANGAY 396,,,14.603559,120.988327,,,,,,,16,2024-01-11,OSP
MNL001 LP56 NP3-4,MNL001,LP56,NP3-4,MNL001 LP56,Zen Tower,MANILA,3,1,BARANGAY 396,,,14.60464,120.989499,,,,,,,16,2017-01-04,OSP
MNL002 LP268 NP1-2,MNL002,LP268,NP1-2,MNL002 LP268,Don Quintos,MANILA,3,1,BARANGAY 397,,,14.607029,120.990066,,,,,,,16,2019-11-26,OSP
MNL002 LP269 NP1-2,MNL002,LP269,NP1-2,MNL002 LP269,Don Quintos,MANILA,3,1,BARANGAY 397,,,14.606044,120.988982,,,,,,,16,2019-11-26,OSP
MNL002 LP163 NP1-2,MNL002,LP163,NP1-2,MNL002 LP163,Don Quintos,MANILA,3,1,BARANGAY 397,,,14.6056368,120.9905482,,,,,,,16,2018-11-21,OSP
MNL002 LP166 NP1-2,MNL002,LP166,NP1-2,MNL002 LP166,Don Quintos,MANILA,3,1,BARANGAY 397,,,14.60662065,120.9896167,,,,,,,16,2018-11-21,OSP
MNL002 LP162 NP1-2,MNL002,LP162,NP1-2,MNL002 LP162,Don Quintos,MANILA,3,1,BARANGAY 397,,,14.60603449,120.9910225,,,,,,,16,2018-11-21,OSP
MNL002 LP162 NP3-4,MNL002,LP162,NP3-4,MNL002 LP162,Don Quintos,MANILA,3,1,BARANGAY 397,,,14.60704128,120.9900994,,,,,,,16,2018-11-21,OSP
MNL046 LP149 NP1-2,MNL046,LP149,NP1-2,MNL046 LP149,Reten Apartment,MANILA,3,1,BARANGAY 397,,,14.605578,120.99057,,,,,,,16,2022-04-04,OSP
MNL046 LP149 NP3-4,MNL046,LP149,NP3-4,MNL046 LP149,Reten Apartment,MANILA,3,1,BARANGAY 397,,,14.605986,120.99016,,,,,,,16,2022-04-04,OSP
MNL046 LP149 NP5-6,MNL046,LP149,NP5-6,MNL046 LP149,Reten Apartment,MANILA,3,1,BARANGAY 397,,,14.606633,120.98955,,,,,,,16,2022-04-04,OSP
MNL046 LP149 NP7-8,MNL046,LP149,NP7-8,MNL046 LP149,Reten Apartment,MANILA,3,1,BARANGAY 397,,,14.606853,120.99029,,,,,,,16,2022-04-04,OSP
MNL046 LP150 NP1-2,MNL046,LP150,NP1-2,MNL046 LP150,Reten Apartment,MANILA,3,1,BARANGAY 397,,,14.606424,120.99071,,,,,,,16,2022-04-04,OSP
MNL046 LP150 NP3-5,MNL046,LP150,NP3-5,MNL046 LP150,Reten Apartment,MANILA,3,1,BARANGAY 397,,,14.606062,120.99108,,,,,,,24,2022-04-04,OSP
MNL046 LP154 NP3-4,MNL046,LP154,NP3-4,MNL046 LP154,Reten Apartment,MANILA,3,1,BARANGAY 397,,,14.605488,120.98956,,,,,,,16,2022-04-04,OSP
MNL046 LP308 NP1-2,MNL046,LP308,NP1-2,MNL046 LP308,Reten Apartment,MANILA,3,1,BARANGAY 397,,,14.605628,120.990572,,,,,,,16,2024-01-11,OSP
MNL046 LP308 NP3-4,MNL046,LP308,NP3-4,MNL046 LP308,Reten Apartment,MANILA,3,1,BARANGAY 397,,,14.606008,120.990211,,,,,,,16,2024-01-11,OSP
MNL046 LP308 NP5-6,MNL046,LP308,NP5-6,MNL046 LP308,Reten Apartment,MANILA,3,1,BARANGAY 397,,,14.60615,120.990069,,,,,,,16,2024-01-11,OSP
MNL046 LP308 NP7-8,MNL046,LP308,NP7-8,MNL046 LP308,Reten Apartment,MANILA,3,1,BARANGAY 397,,,14.606631,120.989636,,,,,,,16,2024-01-11,OSP
MNL046 LP309 NP1-2,MNL046,LP309,NP1-2,MNL046 LP309,Reten Apartment,MANILA,3,1,BARANGAY 397,,,14.606044,120.989003,,,,,,,16,2024-01-11,OSP
MNL046 LP309 NP3-4,MNL046,LP309,NP3-4,MNL046 LP309,Reten Apartment,MANILA,3,1,BARANGAY 397,,,14.605523,120.98953,,,,,,,16,2024-01-11,OSP
MNL046 LP307 NP1-2,MNL046,LP307,NP1-2,MNL046 LP307,Reten Apartment,MANILA,3,1,BARANGAY 397,,,14.60723,120.990314,,,,,,,16,2024-01-11,OSP
MNL046 LP307 NP3-4,MNL046,LP307,NP3-4,MNL046 LP307,Reten Apartment,MANILA,3,1,BARANGAY 397,,,14.606893,120.990253,,,,,,,16,2024-01-11,OSP
MNL046 LP307 NP5-6,MNL046,LP307,NP5-6,MNL046 LP307,Reten Apartment,MANILA,3,1,BARANGAY 397,,,14.606485,120.99064,,,,,,,16,2024-01-11,OSP
MNL046 LP307 NP7-8,MNL046,LP307,NP7-8,MNL046 LP307,Reten Apartment,MANILA,3,1,BARANGAY 397,,,14.606061,120.991051,,,,,,,16,2024-01-11,OSP
MNL040 LP4 NP1-2,MNL040,LP4,NP1-2,MNL040 LP4,Torre Central,MANILA,3,1,BARANGAY 397,,TORRE CENTRAL,14.606855,120.990619,,25F,AUXILIARY ROOM,MNL040,,,,2020-09-10,ISP
MNL040 LP2 NP6-7-8,MNL040,LP2,NP6-7-8,MNL040 LP2,Torre Central,MANILA,3,1,BARANGAY 397,,TORRE CENTRAL,14.606855,120.990619,,16F,AUXILIARY ROOM,MNL040,,,,2020-09-10,ISP
MNL040 LP3 NP6-7-8,MNL040,LP3,NP6-7-8,MNL040 LP3,Torre Central,MANILA,3,1,BARANGAY 397,,TORRE CENTRAL,14.606855,120.990619,,23F,AUXILIARY ROOM,MNL040,,,,2020-09-10,ISP
MNL040 LP1 NP1-2,MNL040,LP1,NP1-2,MNL040 LP1,Torre Central,MANILA,3,1,BARANGAY 397,,TORRE CENTRAL,14.606855,120.990619,,8F,AUXILIARY ROOM,MNL040,,,,2020-09-10,ISP
MNL040 LP3 NP3-4-5,MNL040,LP3,NP3-4-5,MNL040 LP3,Torre Central,MANILA,3,1,BARANGAY 397,,TORRE CENTRAL,14.606855,120.990619,,20F,AUXILIARY ROOM,MNL040,,,,2020-09-10,ISP
MNL040 LP2 NP1-2,MNL040,LP2,NP1-2,MNL040 LP2,Torre Central,MANILA,3,1,BARANGAY 397,,TORRE CENTRAL,14.606855,120.990619,,10F,AUXILIARY ROOM,MNL040,,,,2020-09-10,ISP
MNL040 LP4 NP3-4-5,MNL040,LP4,NP3-4-5,MNL040 LP4,Torre Central,MANILA,3,1,BARANGAY 397,,TORRE CENTRAL,14.606855,120.990619,,27F,AUXILIARY ROOM,MNL040,,,,2020-09-10,ISP
MNL040 LP4 NP6-7-8,MNL040,LP4,NP6-7-8,MNL040 LP4,Torre Central,MANILA,3,1,BARANGAY 397,,TORRE CENTRAL,14.606855,120.990619,,30F,AUXILIARY ROOM,MNL040,,,,2020-09-10,ISP
MNL040 LP3 NP1-2,MNL040,LP3,NP1-2,MNL040 LP3,Torre Central,MANILA,3,1,BARANGAY 397,,TORRE CENTRAL,14.606855,120.990619,,18F,AUXILIARY ROOM,MNL040,,,,2020-09-10,ISP
MNL040 LP2 NP3-4-5,MNL040,LP2,NP3-4-5,MNL040 LP2,Torre Central,MANILA,3,1,BARANGAY 397,,TORRE CENTRAL,14.606855,120.990619,,12F,AUXILIARY ROOM,MNL040,,,,2020-09-10,ISP
MNL001 LP56 NP5-6,MNL001,LP56,NP5-6,MNL001 LP56,Zen Tower,MANILA,3,1,BARANGAY 397,,,14.606061,120.991067,,,,,,,16,2017-01-04,OSP
MNL002 LP162 NP5-6,MNL002,LP162,NP5-6,MNL002 LP162,Don Quintos,MANILA,3,1,BARANGAY 398,,,14.60546938,120.9915982,,,,,,,16,2018-11-21,OSP
MNL002 LP162 NP7-8,MNL002,LP162,NP7-8,MNL002 LP162,Don Quintos,MANILA,3,1,BARANGAY 398,,,14.605962,120.991789,,,,,,,16,2020-08-06,OSP
MNL046 LP148 NP3-5,MNL046,LP148,NP3-5,MNL046 LP148,Reten Apartment,MANILA,3,1,BARANGAY 398,,,14.605206,120.99094,,,,,,,24,2022-04-04,OSP
MNL046 LP150 NP6-8,MNL046,LP150,NP6-8,MNL046 LP150,Reten Apartment,MANILA,3,1,BARANGAY 398,,,14.605843,120.99129,,,,,,,24,2022-04-04,OSP
MNL046 LP290 NP1-2,MNL046,LP290,NP1-2,MNL046 LP290,Reten Apartment,MANILA,3,1,BARANGAY 398,,,14.604818,120.991543,,,,,,,16,2024-01-09,OSP
MNL046 LP290 NP3-4,MNL046,LP290,NP3-4,MNL046 LP290,Reten Apartment,MANILA,3,1,BARANGAY 398,,,14.604951,120.991696,,,,,,,16,2024-01-09,OSP
MNL046 LP290 NP5-6,MNL046,LP290,NP5-6,MNL046 LP290,Reten Apartment,MANILA,3,1,BARANGAY 398,,,14.605171,120.991904,,,,,,,16,2024-01-09,OSP
MNL046 LP290 NP7-8,MNL046,LP290,NP7-8,MNL046 LP290,Reten Apartment,MANILA,3,1,BARANGAY 398,,,14.605442,120.992213,,,,,,,16,2024-01-09,OSP
MNL046 LP291 NP1-2,MNL046,LP291,NP1-2,MNL046 LP291,Reten Apartment,MANILA,3,1,BARANGAY 398,,,14.605013,120.992058,,,,,,,16,2024-01-09,OSP
MNL046 LP291 NP3-4,MNL046,LP291,NP3-4,MNL046 LP291,Reten Apartment,MANILA,3,1,BARANGAY 398,,,14.605013,120.992058,,,,,,,16,2024-01-09,OSP
MNL046 LP292 NP1-2,MNL046,LP292,NP1-2,MNL046 LP292,Reten Apartment,MANILA,3,1,BARANGAY 398,,,14.604982,120.991351,,,,,,,16,2024-01-09,OSP
MNL046 LP292 NP3-4,MNL046,LP292,NP3-4,MNL046 LP292,Reten Apartment,MANILA,3,1,BARANGAY 398,,,14.605333,120.991744,,,,,,,16,2024-01-09,OSP
MNL046 LP292 NP5-6,MNL046,LP292,NP5-6,MNL046 LP292,Reten Apartment,MANILA,3,1,BARANGAY 398,,,14.605497,120.991596,,,,,,,16,2024-01-09,OSP
MNL046 LP292 NP7-8,MNL046,LP292,NP7-8,MNL046 LP292,Reten Apartment,MANILA,3,1,BARANGAY 398,,,14.605707,120.991826,,,,,,,16,2024-01-09,OSP
MNL046 LP293 NP1-2,MNL046,LP293,NP1-2,MNL046 LP293,Reten Apartment,MANILA,3,1,BARANGAY 398,,,14.605275,120.991361,,,,,,,16,2024-01-09,OSP
MNL046 LP294 NP1-2,MNL046,LP294,NP1-2,MNL046 LP294,Reten Apartment,MANILA,3,1,BARANGAY 398,,,14.605198,120.990957,,,,,,,16,2024-01-09,OSP
MNL046 LP294 NP3-4,MNL046,LP294,NP3-4,MNL046 LP294,Reten Apartment,MANILA,3,1,BARANGAY 398,,,14.605416,120.991149,,,,,,,16,2024-01-09,OSP
MNL046 LP294 NP5-6,MNL046,LP294,NP5-6,MNL046 LP294,Reten Apartment,MANILA,3,1,BARANGAY 398,,,14.605867,120.991656,,,,,,,16,2024-01-09,OSP
MNL046 LP294 NP7-8,MNL046,LP294,NP7-8,MNL046 LP294,Reten Apartment,MANILA,3,1,BARANGAY 398,,,14.605867,120.991656,,,,,,,16,2024-01-09,OSP
MNL046 LP295 NP1-2,MNL046,LP295,NP1-2,MNL046 LP295,Reten Apartment,MANILA,3,1,BARANGAY 398,,,14.606097,120.992144,,,,,,,16,2024-01-09,OSP
MNL046 LP295 NP3-4,MNL046,LP295,NP3-4,MNL046 LP295,Reten Apartment,MANILA,3,1,BARANGAY 398,,,14.606097,120.992144,,,,,,,16,2024-01-09,OSP
MNL046 LP151 NP1-2,MNL046,LP151,NP1-2,MNL046 LP151,Reten Apartment,MANILA,3,1,BARANGAY 398,,,14.605604,120.99151,,,,,,,16,2022-04-04,OSP
MNL046 LP151 NP3-5,MNL046,LP151,NP3-5,MNL046 LP151,Reten Apartment,MANILA,3,1,BARANGAY 398,,,14.6055,120.99161,,,,,,,24,2022-04-04,OSP
MNL046 LP152 NP1-2,MNL046,LP152,NP1-2,MNL046 LP152,Reten Apartment,MANILA,3,1,BARANGAY 398,,,14.605305,120.99181,,,,,,,16,2022-04-04,OSP
MNL046 LP152 NP3-5,MNL046,LP152,NP3-5,MNL046 LP152,Reten Apartment,MANILA,3,1,BARANGAY 398,,,14.605141,120.99197,,,,,,,24,2022-04-04,OSP
MNL046 LP152 NP6-8,MNL046,LP152,NP6-8,MNL046 LP152,Reten Apartment,MANILA,3,1,BARANGAY 398,,,14.606012,120.99209,,,,,,,24,2022-04-04,OSP
MNL046 LP153 NP1-2,MNL046,LP153,NP1-2,MNL046 LP153,Reten Apartment,MANILA,3,1,BARANGAY 398,,,14.606207,120.99196,,,,,,,16,2022-04-04,OSP
MNL046 LP153 NP3-4,MNL046,LP153,NP3-4,MNL046 LP153,Reten Apartment,MANILA,3,1,BARANGAY 398,,,14.606342,120.99183,,,,,,,16,2022-04-04,OSP
MNL046 LP296 NP1-2,MNL046,LP296,NP1-2,MNL046 LP296,Reten Apartment,MANILA,3,1,BARANGAY 398,,,14.606347,120.991874,,,,,,,16,2024-01-09,OSP
MNL046 LP297 NP1-2,MNL046,LP297,NP1-2,MNL046 LP297,Reten Apartment,MANILA,3,1,BARANGAY 398,,,14.606066,120.991579,,,,,,,16,2024-01-09,OSP
MNL046 LP297 NP3-4,MNL046,LP297,NP3-4,MNL046 LP297,Reten Apartment,MANILA,3,1,BARANGAY 398,,,14.605803,120.991288,,,,,,,16,2024-01-09,OSP
MNL002 LP163 NP3-4,MNL002,LP163,NP3-4,MNL002 LP163,Don Quintos,MANILA,3,1,BARANGAY 399,,,14.6053574,120.9907853,,,,,,,16,2018-11-21,OSP
MNL002 LP163 NP5-6,MNL002,LP163,NP5-6,MNL002 LP163,Don Quintos,MANILA,3,1,BARANGAY 399,,,14.60503613,120.9910895,,,,,,,16,2018-11-21,OSP
MNL002 LP163 NP7-8,MNL002,LP163,NP7-8,MNL002 LP163,Don Quintos,MANILA,3,1,BARANGAY 399,,,14.60471895,120.9912577,,,,,,,16,2018-11-21,OSP
MNL002 LP164 NP3-4,MNL002,LP164,NP3-4,MNL002 LP164,Don Quintos,MANILA,3,1,BARANGAY 399,,,14.60442832,120.9904959,,,,,,,16,2018-11-21,OSP
MNL002 LP164 NP5-6,MNL002,LP164,NP5-6,MNL002 LP164,Don Quintos,MANILA,3,1,BARANGAY 399,,,14.60434516,120.9898288,,,,,,,16,2018-11-21,OSP
MNL002 LP164 NP7-8,MNL002,LP164,NP7-8,MNL002 LP164,Don Quintos,MANILA,3,1,BARANGAY 399,,,14.60462062,120.9896724,,,,,,,16,2018-11-21,OSP
MNL046 LP147 NP6-8,MNL046,LP147,NP6-8,MNL046 LP147,Reten Apartment,MANILA,3,1,BARANGAY 399,,,14.6048,120.99126,,,,,,,24,2022-04-04,OSP
MNL046 LP148 NP1-2,MNL046,LP148,NP1-2,MNL046 LP148,Reten Apartment,MANILA,3,1,BARANGAY 399,,,14.605049,120.99111,,,,,,,16,2022-04-04,OSP
MNL046 LP148 NP6-8,MNL046,LP148,NP6-8,MNL046 LP148,Reten Apartment,MANILA,3,1,BARANGAY 399,,,14.605372,120.99077,,,,,,,24,2022-04-04,OSP
MNL046 LP158 NP5-6,MNL046,LP158,NP5-6,MNL046 LP158,Reten Apartment,MANILA,3,1,BARANGAY 399,,,14.604406,120.99047,,,,,,,16,2022-04-04,OSP
MNL046 LP289 NP5-6,MNL046,LP289,NP5-6,MNL046 LP289,Reten Apartment,MANILA,3,1,BARANGAY 399,,,14.604661,120.991251,,,,,,,16,2024-01-09,OSP
MNL046 LP289 NP7-8,MNL046,LP289,NP7-8,MNL046 LP289,Reten Apartment,MANILA,3,1,BARANGAY 399,,,14.604661,120.991251,,,,,,,16,2024-01-09,OSP
MNL046 LP293 NP3-4,MNL046,LP293,NP3-4,MNL046 LP293,Reten Apartment,MANILA,3,1,BARANGAY 399,,,14.605151,120.991205,,,,,,,16,2024-01-09,OSP
MNL046 LP293 NP5-6,MNL046,LP293,NP5-6,MNL046 LP293,Reten Apartment,MANILA,3,1,BARANGAY 399,,,14.605151,120.991205,,,,,,,16,2024-01-09,OSP
MNL046 LP293 NP7-8,MNL046,LP293,NP7-8,MNL046 LP293,Reten Apartment,MANILA,3,1,BARANGAY 399,,,14.60506,120.991105,,,,,,,16,2024-01-09,OSP
MNL046 LP297 NP5-6,MNL046,LP297,NP5-6,MNL046 LP297,Reten Apartment,MANILA,3,1,BARANGAY 399,,,14.60537,120.990806,,,,,,,16,2024-01-09,OSP
MNL046 LP297 NP7-8,MNL046,LP297,NP7-8,MNL046 LP297,Reten Apartment,MANILA,3,1,BARANGAY 399,,,14.605221,120.990585,,,,,,,16,2024-01-09,OSP
MNL046 LP298 NP1-2,MNL046,LP298,NP1-2,MNL046 LP298,Reten Apartment,MANILA,3,1,BARANGAY 399,,,14.604439,120.990963,,,,,,,16,2024-01-09,OSP
MNL046 LP298 NP3-4,MNL046,LP298,NP3-4,MNL046 LP298,Reten Apartment,MANILA,3,1,BARANGAY 399,,,14.604466,120.990464,,,,,,,16,2024-01-09,OSP
MNL046 LP298 NP5-6,MNL046,LP298,NP5-6,MNL046 LP298,Reten Apartment,MANILA,3,1,BARANGAY 399,,,14.604403,120.990149,,,,,,,16,2024-01-09,OSP
MNL046 LP298 NP7-8,MNL046,LP298,NP7-8,MNL046 LP298,Reten Apartment,MANILA,3,1,BARANGAY 399,,,14.604727,120.99036,,,,,,,16,2024-01-09,OSP
MNL046 LP299 NP1-2,MNL046,LP299,NP1-2,MNL046 LP299,Reten Apartment,MANILA,3,1,BARANGAY 399,,,14.604403,120.990149,,,,,,,16,2024-01-09,OSP
MNL046 LP299 NP3-4,MNL046,LP299,NP3-4,MNL046 LP299,Reten Apartment,MANILA,3,1,BARANGAY 399,,,14.604327,120.989847,,,,,,,16,2024-01-09,OSP
MNL046 LP299 NP5-6,MNL046,LP299,NP5-6,MNL046 LP299,Reten Apartment,MANILA,3,1,BARANGAY 399,,,14.604652,120.98965,,,,,,,16,2024-01-09,OSP
MNL046 LP299 NP7-8,MNL046,LP299,NP7-8,MNL046 LP299,Reten Apartment,MANILA,3,1,BARANGAY 399,,,14.604652,120.98965,,,,,,,16,2024-01-09,OSP
MNL046 LP300 NP1-2,MNL046,LP300,NP1-2,MNL046 LP300,Reten Apartment,MANILA,3,1,BARANGAY 399,,,14.604882,120.990539,,,,,,,16,2024-01-09,OSP
MNL046 LP300 NP3-4,MNL046,LP300,NP3-4,MNL046 LP300,Reten Apartment,MANILA,3,1,BARANGAY 399,,,14.605059,120.990752,,,,,,,16,2024-01-09,OSP
MNL003 LP191 NP1-2,MNL003,LP191,NP1-2,MNL003 LP191,City Square,MANILA,3,1,BARANGAY 4,,,14.60726317,120.9680455,,,,,,,16,2019-01-30,OSP
MNL003 LP191 NP3-4,MNL003,LP191,NP3-4,MNL003 LP191,City Square,MANILA,3,1,BARANGAY 4,,,14.60772555,120.9688088,,,,,,,16,2019-01-30,OSP
MNL003 LP192 NP1-2,MNL003,LP192,NP1-2,MNL003 LP192,City Square,MANILA,3,1,BARANGAY 4,,,14.60717835,120.9669969,,,,,,,16,2019-01-30,OSP
MNL003 LP192 NP3-4,MNL003,LP192,NP3-4,MNL003 LP192,City Square,MANILA,3,1,BARANGAY 4,,,14.60691501,120.9665972,,,,,,,16,2019-01-30,OSP
MNL003 LP405 NP1-2,MNL003,LP405,NP1-2,MNL003 LP405,City Square,MANILA,3,1,BARANGAY 4,,,14.606526,120.966061,,,,,,,16,2019-10-02,OSP
MNL005 LP12 NP5-6,MNL005,LP12,NP5-6,MNL005 LP12,Orchard Building (City Square 2),MANILA,3,1,BARANGAY 4,,,14.606366,120.965716,,,,,,,16,2020-08-30,OSP
MNL005 LP12 NP7-8,MNL005,LP12,NP7-8,MNL005 LP12,Orchard Building (City Square 2),MANILA,3,1,BARANGAY 4,,,14.606808,120.965708,,,,,,,16,2020-08-30,OSP
MNL005 LP251 NP3-4-5,MNL005,LP251,NP3-4-5,MNL005 LP251,Orchard Building (City Square 2),MANILA,3,1,BARANGAY 4,,,14.606759,120.96638,,,,,,,24,2021-09-25,OSP
MNL005 LP251 NP6-7-8,MNL005,LP251,NP6-7-8,MNL005 LP251,Orchard Building (City Square 2),MANILA,3,1,BARANGAY 4,,,14.606549,120.96605,,,,,,,24,2021-09-25,OSP
MNL005 LP252 NP1-2,MNL005,LP252,NP1-2,MNL005 LP252,Orchard Building (City Square 2),MANILA,3,1,BARANGAY 4,,,14.606336,120.96567,,,,,,,16,2021-09-25,OSP
MNL005 LP249 NP1-2,MNL005,LP249,NP1-2,MNL005 LP249,Orchard Building (City Square 2),MANILA,3,1,BARANGAY 4,,,14.607826,120.96922,,,,,,,16,2021-09-25,OSP
MNL005 LP249 NP3-4-5,MNL005,LP249,NP3-4-5,MNL005 LP249,Orchard Building (City Square 2),MANILA,3,1,BARANGAY 4,,,14.607616,120.96869,,,,,,,24,2021-09-25,OSP
MNL005 LP249 NP6-7-8,MNL005,LP249,NP6-7-8,MNL005 LP249,Orchard Building (City Square 2),MANILA,3,1,BARANGAY 4,,,14.607276,120.96791,,,,,,,24,2021-09-25,OSP
MNL005 LP250 NP1-2,MNL005,LP250,NP1-2,MNL005 LP250,Orchard Building (City Square 2),MANILA,3,1,BARANGAY 4,,,14.607288,120.96723,,,,,,,16,2021-09-25,OSP
MNL005 LP250 NP3-4-5,MNL005,LP250,NP3-4-5,MNL005 LP250,Orchard Building (City Square 2),MANILA,3,1,BARANGAY 4,,,14.607151,120.96697,,,,,,,24,2021-09-25,OSP
MNL005 LP250 NP6-7-8,MNL005,LP250,NP6-7-8,MNL005 LP250,Orchard Building (City Square 2),MANILA,3,1,BARANGAY 4,,,14.607018,120.96676,,,,,,,24,2021-09-25,OSP
MNL005 LP251 NP1-2,MNL005,LP251,NP1-2,MNL005 LP251,Orchard Building (City Square 2),MANILA,3,1,BARANGAY 4,,,14.606901,120.96658,,,,,,,16,2021-09-25,OSP
MNL005 LP266 NP1-2,MNL005,LP266,NP1-2,MNL005 LP266,Orchard Building (City Square 2),MANILA,3,1,BARANGAY 4,,,14.607279,120.965711,,,,,,,16,2021-10-21,OSP
MNL005 LP266 NP3-5,MNL005,LP266,NP3-5,MNL005 LP266,Orchard Building (City Square 2),MANILA,3,1,BARANGAY 4,,,14.607065,120.965711,,,,,,,24,2021-10-21,OSP
MNL005 LP266 NP6-8,MNL005,LP266,NP6-8,MNL005 LP266,Orchard Building (City Square 2),MANILA,3,1,BARANGAY 4,,,14.606819,120.965722,,,,,,,24,2021-10-21,OSP
MNL005 LP232 NP3-4-5,MNL005,LP232,NP3-4-5,MNL005 LP232,Orchard Building (City Square 2),MANILA,3,1,BARANGAY 4,,,14.607934,120.969263,,,,,,,24,2021-09-25,OSP
MNL005 LP8 NP7-8,MNL005,LP8,NP7-8,MNL005 LP8,Orchard Building (City Square 2),MANILA,3,1,BARANGAY 4,,,14.607104,120.967518,,,,,,,16,2020-08-30,OSP
MNL002 LP12 NP2,MNL002,LP12,NP2,MNL002 LP12,Don Quintos,MANILA,3,1,BARANGAY 400,,VENTURA RESIDENCES,14.603111,120.990892,MNL81P,4F,CONVERGE ROOM,,,,,2017-08-30,ISP
MNL002 LP12 NP5,MNL002,LP12,NP5,MNL002 LP12,Don Quintos,MANILA,3,1,BARANGAY 400,,VENTURA RESIDENCES,14.603111,120.990892,,7F,CONVERGE ROOM,MNL81P,,,,2017-08-30,ISP
MNL002 LP12 NP4,MNL002,LP12,NP4,MNL002 LP12,Don Quintos,MANILA,3,1,BARANGAY 400,,VENTURA RESIDENCES,14.603111,120.990892,MNL81P,6F,CONVERGE ROOM,,,,,2017-08-30,ISP
MNL002 LP12 NP7,MNL002,LP12,NP7,MNL002 LP12,Don Quintos,MANILA,3,1,BARANGAY 400,,VENTURA RESIDENCES,14.603111,120.990892,,9F,CONVERGE ROOM,MNL81P,,,,2017-08-30,ISP
MNL002 LP12 NP3,MNL002,LP12,NP3,MNL002 LP12,Don Quintos,MANILA,3,1,BARANGAY 400,,VENTURA RESIDENCES,14.603111,120.990892,MNL81P,5F,CONVERGE ROOM,,,,,2017-08-30,ISP
MNL002 LP12 NP8,MNL002,LP12,NP8,MNL002 LP12,Don Quintos,MANILA,3,1,BARANGAY 400,,VENTURA RESIDENCES,14.603111,120.990892,MNL81P,10F,CONVERGE ROOM,,,,,2017-08-30,ISP
MNL002 LP12 NP6,MNL002,LP12,NP6,MNL002 LP12,Don Quintos,MANILA,3,1,BARANGAY 400,,VENTURA RESIDENCES,14.603111,120.990892,,8F,CONVERGE ROOM,MNL81P,,,,2017-08-30,ISP
MNL002 LP12 NP1,MNL002,LP12,NP1,MNL002 LP12,Don Quintos,MANILA,3,1,BARANGAY 400,,VENTURA RESIDENCES,14.603111,120.990892,MNL81P,3F,CONVERGE ROOM,,,,,2017-08-30,ISP
MNL046 LP158 NP1-2,MNL046,LP158,NP1-2,MNL046 LP158,Reten Apartment,MANILA,3,1,BARANGAY 400,,,14.602797,120.99036,,,,,,,16,2022-04-04,OSP
MNL046 LP158 NP7-8,MNL046,LP158,NP7-8,MNL046 LP158,Reten Apartment,MANILA,3,1,BARANGAY 400,,,14.603744,120.99059,,,,,,,16,2022-04-04,OSP
MNL046 LP159 NP1-2,MNL046,LP159,NP1-2,MNL046 LP159,Reten Apartment,MANILA,3,1,BARANGAY 400,,,14.602904,120.99082,,,,,,,16,2022-04-04,OSP
MNL001 LP56 NP1-2,MNL001,LP56,NP1-2,MNL001 LP56,Zen Tower,MANILA,3,1,BARANGAY 400,,,14.602785,120.990364,,,,,,,16,2017-01-04,OSP
MNL002 LP164 NP1-2,MNL002,LP164,NP1-2,MNL002 LP164,Don Quintos,MANILA,3,1,BARANGAY 401,,,14.60441029,120.9912657,,,,,,,16,2018-11-21,OSP
MNL002 LP165 NP1-2,MNL002,LP165,NP1-2,MNL002 LP165,Don Quintos,MANILA,3,1,BARANGAY 401,,,14.603835,120.991297,,,,,,,16,2018-11-21,OSP
MNL002 LP165 NP3-4,MNL002,LP165,NP3-4,MNL002 LP165,Don Quintos,MANILA,3,1,BARANGAY 401,,,14.60309705,120.9913773,,,,,,,16,2018-11-21,OSP
MNL002 LP165 NP5-6,MNL002,LP165,NP5-6,MNL002 LP165,Don Quintos,MANILA,3,1,BARANGAY 401,,,14.603194,120.991868,,,,,,,16,2018-11-21,OSP
MNL002 LP165 NP7-8,MNL002,LP165,NP7-8,MNL002 LP165,Don Quintos,MANILA,3,1,BARANGAY 401,,,14.6033424,120.9930373,,,,,,,16,2018-11-21,OSP
MNL046 LP147 NP1-2,MNL046,LP147,NP1-2,MNL046 LP147,Reten Apartment,MANILA,3,1,BARANGAY 401,,,14.604085,120.99129,,,,,,,16,2022-04-04,OSP
MNL046 LP147 NP3-5,MNL046,LP147,NP3-5,MNL046 LP147,Reten Apartment,MANILA,3,1,BARANGAY 401,,,14.60441,120.99127,,,,,,,24,2022-04-04,OSP
MNL046 LP279 NP1-2,MNL046,LP279,NP1-2,MNL046 LP279,Reten Apartment,MANILA,3,1,BARANGAY 401,,,14.603384,120.993037,,,,,,,16,2024-01-09,OSP
MNL046 LP279 NP3-4,MNL046,LP279,NP3-4,MNL046 LP279,Reten Apartment,MANILA,3,1,BARANGAY 401,,,14.60373,120.99305,,,,,,,16,2024-01-09,OSP
MNL046 LP279 NP5-6,MNL046,LP279,NP5-6,MNL046 LP279,Reten Apartment,MANILA,3,1,BARANGAY 401,,,14.604451,120.993083,,,,,,,16,2024-01-09,OSP
MNL046 LP146 NP1-2,MNL046,LP146,NP1-2,MNL046 LP146,Reten Apartment,MANILA,3,1,BARANGAY 401,,,14.603831,120.99131,,,,,,,16,2022-04-04,OSP
MNL046 LP146 NP3-5,MNL046,LP146,NP3-5,MNL046 LP146,Reten Apartment,MANILA,3,1,BARANGAY 401,,,14.604095,120.99159,,,,,,,24,2022-04-04,OSP
MNL046 LP146 NP6-8,MNL046,LP146,NP6-8,MNL046 LP146,Reten Apartment,MANILA,3,1,BARANGAY 401,,,14.60448,120.99152,,,,,,,24,2022-04-04,OSP
MNL046 LP161 NP1-2,MNL046,LP161,NP1-2,MNL046 LP161,Reten Apartment,MANILA,3,1,BARANGAY 401,,,14.603137,120.99182,,,,,,,16,2022-04-04,OSP
MNL046 LP162 NP1-2,MNL046,LP162,NP1-2,MNL046 LP162,Reten Apartment,MANILA,3,1,BARANGAY 401,,,14.603224,120.99241,,,,,,,16,2022-04-04,OSP
MNL046 LP162 NP3-5,MNL046,LP162,NP3-5,MNL046 LP162,Reten Apartment,MANILA,3,1,BARANGAY 401,,,14.603307,120.99291,,,,,,,24,2022-04-04,OSP
MNL046 LP285 NP1-2,MNL046,LP285,NP1-2,MNL046 LP285,Reten Apartment,MANILA,3,1,BARANGAY 401,,,14.603339,120.992827,,,,,,,16,2024-01-09,OSP
MNL046 LP285 NP3-4,MNL046,LP285,NP3-4,MNL046 LP285,Reten Apartment,MANILA,3,1,BARANGAY 401,,,14.603277,120.992418,,,,,,,16,2024-01-09,OSP
MNL046 LP285 NP5-6,MNL046,LP285,NP5-6,MNL046 LP285,Reten Apartment,MANILA,3,1,BARANGAY 401,,,14.603243,120.992175,,,,,,,16,2024-01-09,OSP
MNL046 LP285 NP7-8,MNL046,LP285,NP7-8,MNL046 LP285,Reten Apartment,MANILA,3,1,BARANGAY 401,,,14.603243,120.992175,,,,,,,16,2024-01-09,OSP
MNL046 LP286 NP1-2,MNL046,LP286,NP1-2,MNL046 LP286,Reten Apartment,MANILA,3,1,BARANGAY 401,,,14.603208,120.991805,,,,,,,16,2024-01-09,OSP
MNL046 LP286 NP3-4,MNL046,LP286,NP3-4,MNL046 LP286,Reten Apartment,MANILA,3,1,BARANGAY 401,,,14.603208,120.991805,,,,,,,16,2024-01-09,OSP
MNL046 LP286 NP5-6,MNL046,LP286,NP5-6,MNL046 LP286,Reten Apartment,MANILA,3,1,BARANGAY 401,,,14.603362,120.991821,,,,,,,16,2024-01-09,OSP
MNL046 LP286 NP7-8,MNL046,LP286,NP7-8,MNL046 LP286,Reten Apartment,MANILA,3,1,BARANGAY 401,,,14.603126,120.991362,,,,,,,16,2024-01-09,OSP
MNL046 LP287 NP1-2,MNL046,LP287,NP1-2,MNL046 LP287,Reten Apartment,MANILA,3,1,BARANGAY 401,,,14.603354,120.99135,,,,,,,16,2024-01-09,OSP
MNL046 LP287 NP3-4,MNL046,LP287,NP3-4,MNL046 LP287,Reten Apartment,MANILA,3,1,BARANGAY 401,,,14.60358,120.991331,,,,,,,16,2024-01-09,OSP
MNL046 LP287 NP5-6,MNL046,LP287,NP5-6,MNL046 LP287,Reten Apartment,MANILA,3,1,BARANGAY 401,,,14.60358,120.991331,,,,,,,16,2024-01-09,OSP
MNL046 LP287 NP7-8,MNL046,LP287,NP7-8,MNL046 LP287,Reten Apartment,MANILA,3,1,BARANGAY 401,,,14.603837,120.991314,,,,,,,16,2024-01-09,OSP
MNL046 LP288 NP1-2,MNL046,LP288,NP1-2,MNL046 LP288,Reten Apartment,MANILA,3,1,BARANGAY 401,,,14.603878,120.991636,,,,,,,16,2024-01-09,OSP
MNL046 LP288 NP3-4,MNL046,LP288,NP3-4,MNL046 LP288,Reten Apartment,MANILA,3,1,BARANGAY 401,,,14.604081,120.991604,,,,,,,16,2024-01-09,OSP
MNL046 LP288 NP5-6,MNL046,LP288,NP5-6,MNL046 LP288,Reten Apartment,MANILA,3,1,BARANGAY 401,,,14.60369,120.991835,,,,,,,16,2024-01-09,OSP
MNL046 LP288 NP7-8,MNL046,LP288,NP7-8,MNL046 LP288,Reten Apartment,MANILA,3,1,BARANGAY 401,,,14.603687,120.992052,,,,,,,16,2024-01-09,OSP
MNL046 LP289 NP1-2,MNL046,LP289,NP1-2,MNL046 LP289,Reten Apartment,MANILA,3,1,BARANGAY 401,,,14.604453,120.991259,,,,,,,16,2024-01-09,OSP
MNL046 LP289 NP3-4,MNL046,LP289,NP3-4,MNL046 LP289,Reten Apartment,MANILA,3,1,BARANGAY 401,,,14.604453,120.991259,,,,,,,16,2024-01-09,OSP
MNL046 LP67 NP1-2,MNL046,LP67,NP1-2,MNL046 LP67,Reten Apartment,MANILA,3,1,BARANGAY 401,,,14.60447629,120.9930643,,,,,,,16,2022-03-13,OSP
MNL001 LP13 NP3-4,MNL001,LP13,NP3-4,MNL001 LP13,Zen Tower,MANILA,3,1,BARANGAY 401,,,14.604184,120.993058,,,,,,,16,2015-07-27,OSP
MNL002 LP273 NP1-2,MNL002,LP273,NP1-2,MNL002 LP273,Don Quintos,MANILA,3,1,BARANGAY 402,,,14.601448,120.992351,,,,,,,16,2019-11-26,OSP
MNL002 LP273 NP3-4,MNL002,LP273,NP3-4,MNL002 LP273,Don Quintos,MANILA,3,1,BARANGAY 402,,,14.602338,120.992401,,,,,,,16,2019-11-26,OSP
MNL002 LP259 NP7-8,MNL002,LP259,NP7-8,MNL002 LP259,Don Quintos,MANILA,3,1,BARANGAY 402,,,14.602221,120.992837,,,,,,,16,2019-12-02,OSP
MNL046 LP160 NP1-2,MNL046,LP160,NP1-2,MNL046 LP160,Reten Apartment,MANILA,3,1,BARANGAY 402,,,14.6012,120.99193,,,,,,,16,2022-04-04,OSP
MNL046 LP160 NP3-5,MNL046,LP160,NP3-5,MNL046 LP160,Reten Apartment,MANILA,3,1,BARANGAY 402,,,14.601266,120.99205,,,,,,,24,2022-04-04,OSP
MNL046 LP160 NP6-8,MNL046,LP160,NP6-8,MNL046 LP160,Reten Apartment,MANILA,3,1,BARANGAY 402,,,14.601436,120.99234,,,,,,,24,2022-04-04,OSP
MNL046 LP161 NP3-5,MNL046,LP161,NP3-5,MNL046 LP161,Reten Apartment,MANILA,3,1,BARANGAY 402,,,14.602819,120.99173,,,,,,,24,2022-04-04,OSP
MNL046 LP161 NP6-8,MNL046,LP161,NP6-8,MNL046 LP161,Reten Apartment,MANILA,3,1,BARANGAY 402,,,14.602553,120.99177,,,,,,,24,2022-04-04,OSP
MNL046 LP162 NP6-8,MNL046,LP162,NP6-8,MNL046 LP162,Reten Apartment,MANILA,3,1,BARANGAY 402,,,14.602753,120.9924,,,,,,,24,2022-04-04,OSP
MNL046 LP163 NP1-2,MNL046,LP163,NP1-2,MNL046 LP163,Reten Apartment,MANILA,3,1,BARANGAY 402,,,14.602321,120.99237,,,,,,,16,2022-04-04,OSP
MNL046 LP163 NP3-5,MNL046,LP163,NP3-5,MNL046 LP163,Reten Apartment,MANILA,3,1,BARANGAY 402,,,14.602065,120.99248,,,,,,,24,2022-04-04,OSP
MNL046 LP163 NP6-8,MNL046,LP163,NP6-8,MNL046 LP163,Reten Apartment,MANILA,3,1,BARANGAY 402,,,14.602574,120.99293,,,,,,,24,2022-04-04,OSP
MNL046 LP267 NP1-2,MNL046,LP267,NP1-2,MNL046 LP267,Reten Apartment,MANILA,3,1,BARANGAY 402,,,14.602814,120.99302,,,,,,,16,2024-01-09,OSP
MNL046 LP267 NP3-4,MNL046,LP267,NP3-4,MNL046 LP267,Reten Apartment,MANILA,3,1,BARANGAY 402,,,14.602814,120.99302,,,,,,,16,2024-01-09,OSP
MNL046 LP263 NP5-6,MNL046,LP263,NP5-6,MNL046 LP263,Reten Apartment,MANILA,3,1,BARANGAY 402,,,14.601678,120.99275,,,,,,,16,2024-01-09,OSP
MNL046 LP263 NP7-8,MNL046,LP263,NP7-8,MNL046 LP263,Reten Apartment,MANILA,3,1,BARANGAY 402,,,14.601678,120.99275,,,,,,,16,2024-01-09,OSP
MNL001 LP13 NP1-2,MNL001,LP13,NP1-2,MNL001 LP13,Zen Tower,MANILA,3,1,BARANGAY 402,,,14.6019,120.992676,,,,,,,16,2015-07-27,OSP
MNL002 LP272 NP7-8,MNL002,LP272,NP7-8,MNL002 LP272,Don Quintos,MANILA,3,1,BARANGAY 403,,,14.602122,120.991121,,,,,,,16,2019-11-26,OSP
MNL002 LP272 NP3-4,MNL002,LP272,NP3-4,MNL002 LP272,Don Quintos,MANILA,3,1,BARANGAY 403,,,14.600832,120.991105,,,,,,,16,2019-11-26,OSP
MNL002 LP272 NP5-6,MNL002,LP272,NP5-6,MNL002 LP272,Don Quintos,MANILA,3,1,BARANGAY 403,,,14.602389,120.990505,,,,,,,16,2019-11-26,OSP
MNL046 LP157 NP5-6,MNL046,LP157,NP5-6,MNL046 LP157,Reten Apartment,MANILA,3,1,BARANGAY 403,,,14.601304,120.99094,,,,,,,16,2022-04-04,OSP
MNL046 LP157 NP7-8,MNL046,LP157,NP7-8,MNL046 LP157,Reten Apartment,MANILA,3,1,BARANGAY 403,,,14.601948,120.99068,,,,,,,16,2022-04-04,OSP
MNL046 LP159 NP3-5,MNL046,LP159,NP3-5,MNL046 LP159,Reten Apartment,MANILA,3,1,BARANGAY 403,,,14.602144,120.99113,,,,,,,24,2022-04-04,OSP
MNL046 LP159 NP6-8,MNL046,LP159,NP6-8,MNL046 LP159,Reten Apartment,MANILA,3,1,BARANGAY 403,,,14.601613,120.99135,,,,,,,24,2022-04-04,OSP
MNL001 LP12 NP7-8,MNL001,LP12,NP7-8,MNL001 LP12,Zen Tower,MANILA,3,1,BARANGAY 403,,,14.601041,120.991659,,,,,,,16,2015-07-27,OSP
MNL002 LP272 NP1-2,MNL002,LP272,NP1-2,MNL002 LP272,Don Quintos,MANILA,3,1,BARANGAY 404,,,14.601057,120.989813,,,,,,,16,2019-11-26,OSP
MNL046 LP157 NP3-4,MNL046,LP157,NP3-4,MNL046 LP157,Reten Apartment,MANILA,3,1,BARANGAY 404,,,14.600625,120.99073,,,,,,,16,2022-04-04,OSP
MNL046 LP158 NP3-4,MNL046,LP158,NP3-4,MNL046 LP158,Reten Apartment,MANILA,3,1,BARANGAY 404,,,14.603473,120.99009,,,,,,,16,2022-04-04,OSP
MNL001 LP11 NP5-6,MNL001,LP11,NP5-6,MNL001 LP11,Zen Tower,MANILA,3,1,BARANGAY 404,,,14.601408,120.989043,,,,,,,16,2015-07-27,OSP
MNL002 LP76 NP5-6,MNL002,LP76,NP5-6,MNL002 LP76,Don Quintos,MANILA,3,1,BARANGAY 405,,,14.604836,120.993187,,,,,,,16,2018-04-24,OSP
MNL002 LP76 NP7-8,MNL002,LP76,NP7-8,MNL002 LP76,Don Quintos,MANILA,3,1,BARANGAY 405,,,14.604977,120.993627,,,,,,,16,2020-08-27,OSP
MNL002 LP77 NP1-2,MNL002,LP77,NP1-2,MNL002 LP77,Don Quintos,MANILA,3,1,BARANGAY 405,,,14.604868,120.994183,,,,,,,16,2018-04-24,OSP
MNL002 LP77 NP3-4,MNL002,LP77,NP3-4,MNL002 LP77,Don Quintos,MANILA,3,1,BARANGAY 405,,,14.604661,120.993936,,,,,,,16,2018-04-24,OSP
MNL002 LP77 NP5-6,MNL002,LP77,NP5-6,MNL002 LP77,Don Quintos,MANILA,3,1,BARANGAY 405,,,14.604117,120.993273,,,,,,,16,2018-04-24,OSP
MNL002 LP77 NP7-8,MNL002,LP77,NP7-8,MNL002 LP77,Don Quintos,MANILA,3,1,BARANGAY 405,,,14.604593,120.993466,,,,,,,16,2020-08-23,OSP
MNL046 LP246 NP1-2,MNL046,LP246,NP1-2,MNL046 LP246,Reten Apartment,MANILA,3,1,BARANGAY 405,,,14.604432,120.99368,,,,,,,16,2023-05-08,OSP
MNL046 LP246 NP3-4,MNL046,LP246,NP3-4,MNL046 LP246,Reten Apartment,MANILA,3,1,BARANGAY 405,,,14.604701,120.99395,,,,,,,16,2023-05-08,OSP
MNL046 LP117 NP3-4,MNL046,LP117,NP3-4,MNL046 LP117,Reten Apartment,MANILA,3,1,BARANGAY 405,,,14.60489,120.99424,,,,,,,16,2022-03-10,OSP
MNL046 LP117 NP5-6,MNL046,LP117,NP5-6,MNL046 LP117,Reten Apartment,MANILA,3,1,BARANGAY 405,,,14.605246,120.99385,,,,,,,16,2022-03-10,OSP
MNL046 LP117 NP7-8,MNL046,LP117,NP7-8,MNL046 LP117,Reten Apartment,MANILA,3,1,BARANGAY 405,,,14.604515,120.99385,,,,,,,16,2022-03-10,OSP
MNL046 LP272 NP3-4,MNL046,LP272,NP3-4,MNL046 LP272,Reten Apartment,MANILA,3,1,BARANGAY 405,,,14.604121,120.99327,,,,,,,16,2024-01-09,OSP
MNL046 LP272 NP5-6,MNL046,LP272,NP5-6,MNL046 LP272,Reten Apartment,MANILA,3,1,BARANGAY 405,,,14.604533,120.99351,,,,,,,16,2024-01-09,OSP
MNL046 LP273 NP1-2,MNL046,LP273,NP1-2,MNL046 LP273,Reten Apartment,MANILA,3,1,BARANGAY 405,,,14.605202,120.99326,,,,,,,16,2024-01-09,OSP
MNL046 LP273 NP3-4,MNL046,LP273,NP3-4,MNL046 LP273,Reten Apartment,MANILA,3,1,BARANGAY 405,,,14.605217,120.99343,,,,,,,16,2024-01-09,OSP
MNL046 LP273 NP5-6,MNL046,LP273,NP5-6,MNL046 LP273,Reten Apartment,MANILA,3,1,BARANGAY 405,,,14.604976,120.993662,,,,,,,16,2024-01-09,OSP
MNL046 LP273 NP7-8,MNL046,LP273,NP7-8,MNL046 LP273,Reten Apartment,MANILA,3,1,BARANGAY 405,,,14.604957,120.99414,,,,,,,16,2024-01-09,OSP
MNL046 LP274 NP1-2,MNL046,LP274,NP1-2,MNL046 LP274,Reten Apartment,MANILA,3,1,BARANGAY 405,,,14.605296,120.99379,,,,,,,16,2024-01-09,OSP
MNL046 LP274 NP3-4,MNL046,LP274,NP3-4,MNL046 LP274,Reten Apartment,MANILA,3,1,BARANGAY 405,,,14.605534,120.99356,,,,,,,16,2024-01-09,OSP
MNL046 LP275 NP1-2,MNL046,LP275,NP1-2,MNL046 LP275,Reten Apartment,MANILA,3,1,BARANGAY 405,,,14.604897,120.99425,,,,,,,16,2024-01-09,OSP
MNL046 LP281 NP3-4,MNL046,LP281,NP3-4,MNL046 LP281,Reten Apartment,MANILA,3,1,BARANGAY 405,,,14.605272,120.99326,,,,,,,16,2024-01-09,OSP
MNL046 LP281 NP5-6,MNL046,LP281,NP5-6,MNL046 LP281,Reten Apartment,MANILA,3,1,BARANGAY 405,,,14.605272,120.99326,,,,,,,16,2024-01-09,OSP
MNL046 LP282 NP1-2,MNL046,LP282,NP1-2,MNL046 LP282,Reten Apartment,MANILA,3,1,BARANGAY 405,,,14.605768,120.993281,,,,,,,16,2024-01-09,OSP
MNL046 LP282 NP3-4,MNL046,LP282,NP3-4,MNL046 LP282,Reten Apartment,MANILA,3,1,BARANGAY 405,,,14.605768,120.993281,,,,,,,16,2024-01-09,OSP
MNL046 LP67 NP3-4,MNL046,LP67,NP3-4,MNL046 LP67,Reten Apartment,MANILA,3,1,BARANGAY 405,,,14.60516841,120.9932853,,,,,,,16,2022-03-13,OSP
MNL002 LP75 NP7-8,MNL002,LP75,NP7-8,MNL002 LP75,Don Quintos,MANILA,3,1,BARANGAY 406,,,14.606033,120.993692,,,,,,,16,2020-08-27,OSP
MNL002 LP261 NP5-6,MNL002,LP261,NP5-6,MNL002 LP261,Don Quintos,MANILA,3,1,BARANGAY 406,,,14.605263,120.994758,,,,,,,16,2019-12-02,OSP
MNL046 LP275 NP7-8,MNL046,LP275,NP7-8,MNL046 LP275,Reten Apartment,MANILA,3,1,BARANGAY 406,,,14.60511,120.99448,,,,,,,16,2024-01-09,OSP
MNL046 LP105 NP3-4,MNL046,LP105,NP3-4,MNL046 LP105,Reten Apartment,MANILA,3,1,BARANGAY 406,,,14.605637,120.99406,,,,,,,16,2022-03-10,OSP
MNL046 LP105 NP5-6,MNL046,LP105,NP5-6,MNL046 LP105,Reten Apartment,MANILA,3,1,BARANGAY 406,,,14.605113,120.9945,,,,,,,16,2022-03-10,OSP
MNL046 LP106 NP5-6,MNL046,LP106,NP5-6,MNL046 LP106,Reten Apartment,MANILA,3,1,BARANGAY 406,,,14.605367,120.99476,,,,,,,16,2022-03-10,OSP
MNL002 LP261 NP1-2,MNL002,LP261,NP1-2,MNL002 LP261,Don Quintos,MANILA,3,1,BARANGAY 407,,,14.60378,120.99415,,,,,,,16,2019-12-02,OSP
MNL002 LP261 NP3-4,MNL002,LP261,NP3-4,MNL002 LP261,Don Quintos,MANILA,3,1,BARANGAY 407,,,14.603476,120.994936,,,,,,,16,2019-12-02,OSP
MNL002 LP79 NP1-2,MNL002,LP79,NP1-2,MNL002 LP79,Don Quintos,MANILA,3,1,BARANGAY 407,,,14.603048,120.995734,,,,,,,16,2018-04-24,OSP
MNL002 LP79 NP3-4,MNL002,LP79,NP3-4,MNL002 LP79,Don Quintos,MANILA,3,1,BARANGAY 407,,,14.602879,120.994662,,,,,,,16,2018-04-24,OSP
MNL002 LP79 NP5-6,MNL002,LP79,NP5-6,MNL002 LP79,Don Quintos,MANILA,3,1,BARANGAY 407,,,14.60393,120.994159,,,,,,,16,2018-04-24,OSP
MNL002 LP79 NP7-8,MNL002,LP79,NP7-8,MNL002 LP79,Don Quintos,MANILA,3,1,BARANGAY 407,,,14.603657,120.994253,,,,,,,16,2020-08-27,OSP
MNL046 LP118 NP1-2,MNL046,LP118,NP1-2,MNL046 LP118,Reten Apartment,MANILA,3,1,BARANGAY 407,,,14.603106,120.99447,,,,,,,16,2022-03-10,OSP
MNL046 LP118 NP3-4,MNL046,LP118,NP3-4,MNL046 LP118,Reten Apartment,MANILA,3,1,BARANGAY 407,,,14.603916,120.99413,,,,,,,16,2022-03-10,OSP
MNL046 LP118 NP5-6,MNL046,LP118,NP5-6,MNL046 LP118,Reten Apartment,MANILA,3,1,BARANGAY 407,,,14.603747,120.99377,,,,,,,16,2022-03-10,OSP
MNL046 LP118 NP7-8,MNL046,LP118,NP7-8,MNL046 LP118,Reten Apartment,MANILA,3,1,BARANGAY 407,,,14.603565,120.99339,,,,,,,16,2022-03-10,OSP
MNL046 LP270 NP7-8,MNL046,LP270,NP7-8,MNL046 LP270,Reten Apartment,MANILA,3,1,BARANGAY 407,,,14.603127,120.9945,,,,,,,16,2024-01-09,OSP
MNL046 LP271 NP1-2,MNL046,LP271,NP1-2,MNL046 LP271,Reten Apartment,MANILA,3,1,BARANGAY 407,,,14.603364,120.99438,,,,,,,16,2024-01-09,OSP
MNL046 LP271 NP3-4,MNL046,LP271,NP3-4,MNL046 LP271,Reten Apartment,MANILA,3,1,BARANGAY 407,,,14.603904,120.99416,,,,,,,16,2024-01-09,OSP
MNL046 LP271 NP5-6,MNL046,LP271,NP5-6,MNL046 LP271,Reten Apartment,MANILA,3,1,BARANGAY 407,,,14.603758,120.99377,,,,,,,16,2024-01-09,OSP
MNL046 LP272 NP1-2,MNL046,LP272,NP1-2,MNL046 LP272,Reten Apartment,MANILA,3,1,BARANGAY 407,,,14.603692,120.99359,,,,,,,16,2024-01-09,OSP
MNL046 LP116 NP3-4,MNL046,LP116,NP3-4,MNL046 LP116,Reten Apartment,MANILA,3,1,BARANGAY 407,,,14.602882,120.9952,,,,,,,16,2022-03-10,OSP
MNL046 LP269 NP7-8,MNL046,LP269,NP7-8,MNL046 LP269,Reten Apartment,MANILA,3,1,BARANGAY 407,,,14.603802,120.99521,,,,,,,16,2024-01-09,OSP
MNL046 LP270 NP1-2,MNL046,LP270,NP1-2,MNL046 LP270,Reten Apartment,MANILA,3,1,BARANGAY 407,,,14.603578,120.99498,,,,,,,16,2024-01-09,OSP
MNL046 LP270 NP3-4,MNL046,LP270,NP3-4,MNL046 LP270,Reten Apartment,MANILA,3,1,BARANGAY 407,,,14.603789,120.99466,,,,,,,16,2024-01-09,OSP
MNL046 LP270 NP5-6,MNL046,LP270,NP5-6,MNL046 LP270,Reten Apartment,MANILA,3,1,BARANGAY 407,,,14.60335,120.99478,,,,,,,16,2024-01-09,OSP
MNL002 LP78 NP1-2,MNL002,LP78,NP1-2,MNL002 LP78,Don Quintos,MANILA,3,1,BARANGAY 408,,,14.604291,120.994756,,,,,,,16,2018-04-24,OSP
MNL002 LP78 NP3-4,MNL002,LP78,NP3-4,MNL002 LP78,Don Quintos,MANILA,3,1,BARANGAY 408,,,14.603753,120.995298,,,,,,,16,2018-04-24,OSP
MNL002 LP78 NP5-6,MNL002,LP78,NP5-6,MNL002 LP78,Don Quintos,MANILA,3,1,BARANGAY 408,,,14.603141,120.995914,,,,,,,16,2018-04-24,OSP
MNL002 LP78 NP7-8,MNL002,LP78,NP7-8,MNL002 LP78,Don Quintos,MANILA,3,1,BARANGAY 408,,,14.603166,120.995964,,,,,,,16,2020-08-27,OSP
MNL046 LP117 NP1-2,MNL046,LP117,NP1-2,MNL046 LP117,Reten Apartment,MANILA,3,1,BARANGAY 408,,,14.604495,120.99461,,,,,,,16,2022-03-10,OSP
MNL046 LP275 NP5-6,MNL046,LP275,NP5-6,MNL046 LP275,Reten Apartment,MANILA,3,1,BARANGAY 408,,,14.603989,120.99515,,,,,,,16,2024-01-09,OSP
MNL046 LP275 NP3-4,MNL046,LP275,NP3-4,MNL046 LP275,Reten Apartment,MANILA,3,1,BARANGAY 408,,,14.604473,120.99466,,,,,,,16,2024-01-09,OSP
MNL046 LP116 NP5-6,MNL046,LP116,NP5-6,MNL046 LP116,Reten Apartment,MANILA,3,1,BARANGAY 408,,,14.60342,120.99564,,,,,,,16,2022-03-10,OSP
MNL046 LP116 NP7-8,MNL046,LP116,NP7-8,MNL046 LP116,Reten Apartment,MANILA,3,1,BARANGAY 408,,,14.60388,120.99519,,,,,,,16,2022-03-10,OSP
MNL046 LP269 NP3-4,MNL046,LP269,NP3-4,MNL046 LP269,Reten Apartment,MANILA,3,1,BARANGAY 408,,,14.603046,120.996,,,,,,,16,2024-01-09,OSP
MNL046 LP269 NP5-6,MNL046,LP269,NP5-6,MNL046 LP269,Reten Apartment,MANILA,3,1,BARANGAY 408,,,14.60352,120.99553,,,,,,,16,2024-01-09,OSP
MNL046 LP111 NP3-5,MNL046,LP111,NP3-5,MNL046 LP111,Reten Apartment,MANILA,3,1,BARANGAY 408,,,14.603186,120.99643,,,,,,,24,2022-03-10,OSP
MNL046 LP105 NP7-8,MNL046,LP105,NP7-8,MNL046 LP105,Reten Apartment,MANILA,3,1,BARANGAY 408,,,14.60445,120.99513,,,,,,,16,2022-03-10,OSP
MNL001 LP14 NP7-8,MNL001,LP14,NP7-8,MNL001 LP14,Zen Tower,MANILA,3,1,BARANGAY 408,,,14.603106,120.995856,,,,,,,16,2015-07-27,OSP
MNL002 LP262 NP5-6,MNL002,LP262,NP5-6,MNL002 LP262,Don Quintos,MANILA,3,1,BARANGAY 409,,,14.601813,120.997126,,,,,,,16,2019-12-02,OSP
MNL002 LP257 NP1-2,MNL002,LP257,NP1-2,MNL002 LP257,Don Quintos,MANILA,3,1,BARANGAY 409,,,14.602311,120.997667,,,,,,,16,2019-12-02,OSP
MNL002 LP82 NP3-4,MNL002,LP82,NP3-4,MNL002 LP82,Don Quintos,MANILA,3,1,BARANGAY 409,,,14.602021,120.997794,,,,,,,16,2018-04-24,OSP
MNL002 LP82 NP1-2,MNL002,LP82,NP1-2,MNL002 LP82,Don Quintos,MANILA,3,1,BARANGAY 409,,,14.601852,120.997223,,,,,,,16,2018-04-24,OSP
MNL046 LP250 NP1-2,MNL046,LP250,NP1-2,MNL046 LP250,Reten Apartment,MANILA,3,1,BARANGAY 409,,,14.602851,120.99831,,,,,,,16,2024-01-09,OSP
MNL046 LP252 NP1-2,MNL046,LP252,NP1-2,MNL046 LP252,Reten Apartment,MANILA,3,1,BARANGAY 409,,,14.602297,120.99771,,,,,,,16,2024-01-09,OSP
MNL046 LP252 NP3-4,MNL046,LP252,NP3-4,MNL046 LP252,Reten Apartment,MANILA,3,1,BARANGAY 409,,,14.602003,120.9978,,,,,,,16,2024-01-09,OSP
MNL046 LP259 NP1-2,MNL046,LP259,NP1-2,MNL046 LP259,Reten Apartment,MANILA,3,1,BARANGAY 409,,,14.601696,120.99654,,,,,,,16,2024-01-09,OSP
MNL046 LP259 NP3-4,MNL046,LP259,NP3-4,MNL046 LP259,Reten Apartment,MANILA,3,1,BARANGAY 409,,,14.602088,120.99648,,,,,,,16,2024-01-09,OSP
MNL046 LP259 NP5-6,MNL046,LP259,NP5-6,MNL046 LP259,Reten Apartment,MANILA,3,1,BARANGAY 409,,,14.601539,120.99659,,,,,,,16,2024-01-09,OSP
MNL046 LP259 NP7-8,MNL046,LP259,NP7-8,MNL046 LP259,Reten Apartment,MANILA,3,1,BARANGAY 409,,,14.601329,120.99666,,,,,,,16,2024-01-09,OSP
MNL046 LP260 NP1-2,MNL046,LP260,NP1-2,MNL046 LP260,Reten Apartment,MANILA,3,1,BARANGAY 409,,,14.601758,120.99682,,,,,,,16,2024-01-09,OSP
MNL046 LP260 NP3-4,MNL046,LP260,NP3-4,MNL046 LP260,Reten Apartment,MANILA,3,1,BARANGAY 409,,,14.60186,120.99721,,,,,,,16,2024-01-09,OSP
MNL046 LP260 NP5-6,MNL046,LP260,NP5-6,MNL046 LP260,Reten Apartment,MANILA,3,1,BARANGAY 409,,,14.601941,120.99752,,,,,,,16,2024-01-09,OSP
MNL046 LP260 NP7-8,MNL046,LP260,NP7-8,MNL046 LP260,Reten Apartment,MANILA,3,1,BARANGAY 409,,,14.60154,120.99757,,,,,,,16,2024-01-09,OSP
MNL046 LP108 NP5-6,MNL046,LP108,NP5-6,MNL046 LP108,Reten Apartment,MANILA,3,1,BARANGAY 409,,,14.60285,120.99829,,,,,,,16,2022-03-10,OSP
MNL046 LP109 NP3-4,MNL046,LP109,NP3-4,MNL046 LP109,Reten Apartment,MANILA,3,1,BARANGAY 409,,,14.602456,120.99768,,,,,,,16,2022-03-10,OSP
MNL046 LP109 NP5-6,MNL046,LP109,NP5-6,MNL046 LP109,Reten Apartment,MANILA,3,1,BARANGAY 409,,,14.602025,120.9978,,,,,,,16,2022-03-10,OSP
MNL046 LP110 NP1-2,MNL046,LP110,NP1-2,MNL046 LP110,Reten Apartment,MANILA,3,1,BARANGAY 409,,,14.60185,120.99718,,,,,,,16,2022-03-10,OSP
MNL046 LP110 NP3-5,MNL046,LP110,NP3-5,MNL046 LP110,Reten Apartment,MANILA,3,1,BARANGAY 409,,,14.601754,120.99684,,,,,,,24,2022-03-10,OSP
MNL046 LP110 NP6-8,MNL046,LP110,NP6-8,MNL046 LP110,Reten Apartment,MANILA,3,1,BARANGAY 409,,,14.602121,120.99677,,,,,,,24,2022-03-10,OSP
MNL003 LP212 NP5-6,MNL003,LP212,NP5-6,MNL003 LP212,City Square,MANILA,3,1,BARANGAY 41,,,14.60759012,120.9626482,,,,,,,16,2019-02-12,OSP
MNL003 LP210 NP5-6,MNL003,LP210,NP5-6,MNL003 LP210,City Square,MANILA,3,1,BARANGAY 41,,,14.60739354,120.9632223,,,,,,,16,2019-02-12,OSP
MNL003 LP211 NP3-4,MNL003,LP211,NP3-4,MNL003 LP211,City Square,MANILA,3,1,BARANGAY 41,,,14.60855815,120.9627995,,,,,,,16,2019-02-12,OSP
MNL003 LP211 NP5-6,MNL003,LP211,NP5-6,MNL003 LP211,City Square,MANILA,3,1,BARANGAY 41,,,14.60810777,120.9628702,,,,,,,16,2019-02-12,OSP
MNL003 LP211 NP7-8,MNL003,LP211,NP7-8,MNL003 LP211,City Square,MANILA,3,1,BARANGAY 41,,,14.60744348,120.9629437,,,,,,,16,2019-02-12,OSP
MNL003 LP212 NP1-2,MNL003,LP212,NP1-2,MNL003 LP212,City Square,MANILA,3,1,BARANGAY 41,,,14.60699833,120.9629861,,,,,,,16,2019-02-12,OSP
MNL003 LP212 NP3-4,MNL003,LP212,NP3-4,MNL003 LP212,City Square,MANILA,3,1,BARANGAY 41,,,14.60705411,120.9627262,,,,,,,16,2019-02-12,OSP
MNL003 LP399 NP1-2,MNL003,LP399,NP1-2,MNL003 LP399,City Square,MANILA,3,1,BARANGAY 41,,,14.608729,120.962714,,,,,,,16,2019-10-02,OSP
MNL005 LP239 NP6-7-8,MNL005,LP239,NP6-7-8,MNL005 LP239,Orchard Building (City Square 2),MANILA,3,1,BARANGAY 41,,,14.609524,120.962756,,,,,,,24,2021-09-25,OSP
MNL005 LP39 NP1-2,MNL005,LP39,NP1-2,MNL005 LP39,Orchard Building (City Square 2),MANILA,3,1,BARANGAY 41,,,14.608068,120.962615,,,,,,,16,2020-09-25,OSP
MNL005 LP39 NP3-4,MNL005,LP39,NP3-4,MNL005 LP39,Orchard Building (City Square 2),MANILA,3,1,BARANGAY 41,,,14.609089,120.962656,,,,,,,16,2020-09-25,OSP
MNL005 LP39 NP5-6,MNL005,LP39,NP5-6,MNL005 LP39,Orchard Building (City Square 2),MANILA,3,1,BARANGAY 41,,,14.608358,120.962794,,,,,,,16,2020-09-25,OSP
MNL005 LP310 NP1-2,MNL005,LP310,NP1-2,MNL005 LP310,Orchard Building (City Square 2),MANILA,3,1,BARANGAY 41,,,14.608774,120.962722,,,,,,,16,2021-11-17,OSP
MNL005 LP310 NP3-5,MNL005,LP310,NP3-5,MNL005 LP310,Orchard Building (City Square 2),MANILA,3,1,BARANGAY 41,,,14.608581,120.962762,,,,,,,24,2021-11-17,OSP
MNL005 LP310 NP6-8,MNL005,LP310,NP6-8,MNL005 LP310,Orchard Building (City Square 2),MANILA,3,1,BARANGAY 41,,,14.60833,120.962802,,,,,,,24,2021-11-17,OSP
MNL005 LP311 NP1-2,MNL005,LP311,NP1-2,MNL005 LP311,Orchard Building (City Square 2),MANILA,3,1,BARANGAY 41,,,14.608104,120.962876,,,,,,,16,2021-11-17,OSP
MNL005 LP311 NP3-5,MNL005,LP311,NP3-5,MNL005 LP311,Orchard Building (City Square 2),MANILA,3,1,BARANGAY 41,,,14.607806,120.962897,,,,,,,24,2021-11-17,OSP
MNL005 LP311 NP6-8,MNL005,LP311,NP6-8,MNL005 LP311,Orchard Building (City Square 2),MANILA,3,1,BARANGAY 41,,,14.607805,120.962898,,,,,,,24,2021-11-17,OSP
MNL005 LP312 NP1-2,MNL005,LP312,NP1-2,MNL005 LP312,Orchard Building (City Square 2),MANILA,3,1,BARANGAY 41,,,14.607571,120.962927,,,,,,,16,2021-11-17,OSP
MNL005 LP312 NP3-5,MNL005,LP312,NP3-5,MNL005 LP312,Orchard Building (City Square 2),MANILA,3,1,BARANGAY 41,,,14.607572,120.962926,,,,,,,24,2021-11-17,OSP
MNL005 LP312 NP6-8,MNL005,LP312,NP6-8,MNL005 LP312,Orchard Building (City Square 2),MANILA,3,1,BARANGAY 41,,,14.607404,120.962955,,,,,,,24,2021-11-17,OSP
MNL005 LP313 NP1-2,MNL005,LP313,NP1-2,MNL005 LP313,Orchard Building (City Square 2),MANILA,3,1,BARANGAY 41,,,14.607036,120.963,,,,,,,16,2021-11-17,OSP
MNL005 LP313 NP3-5,MNL005,LP313,NP3-5,MNL005 LP313,Orchard Building (City Square 2),MANILA,3,1,BARANGAY 41,,,14.607057,120.962741,,,,,,,24,2021-11-17,OSP
MNL005 LP313 NP6-8,MNL005,LP313,NP6-8,MNL005 LP313,Orchard Building (City Square 2),MANILA,3,1,BARANGAY 41,,,14.60736,120.962692,,,,,,,24,2021-11-17,OSP
MNL005 LP314 NP1-2,MNL005,LP314,NP1-2,MNL005 LP314,Orchard Building (City Square 2),MANILA,3,1,BARANGAY 41,,,14.607634,120.962642,,,,,,,16,2021-11-17,OSP
MNL005 LP314 NP3-5,MNL005,LP314,NP3-5,MNL005 LP314,Orchard Building (City Square 2),MANILA,3,1,BARANGAY 41,,,14.608047,120.962621,,,,,,,24,2021-11-17,OSP
MNL005 LP304 NP6-8,MNL005,LP304,NP6-8,MNL005 LP304,Orchard Building (City Square 2),MANILA,3,1,BARANGAY 41,,,14.607045,120.963246,,,,,,,24,2021-11-17,OSP
MNL005 LP305 NP1-2,MNL005,LP305,NP1-2,MNL005 LP305,Orchard Building (City Square 2),MANILA,3,1,BARANGAY 41,,,14.607044,120.963246,,,,,,,16,2021-11-17,OSP
MNL005 LP305 NP3-5,MNL005,LP305,NP3-5,MNL005 LP305,Orchard Building (City Square 2),MANILA,3,1,BARANGAY 41,,,14.607042,120.96325,,,,,,,24,2021-11-17,OSP
MNL005 LP305 NP6-8,MNL005,LP305,NP6-8,MNL005 LP305,Orchard Building (City Square 2),MANILA,3,1,BARANGAY 41,,,14.607302,120.963209,,,,,,,24,2021-11-17,OSP
MNL005 LP306 NP1-2,MNL005,LP306,NP1-2,MNL005 LP306,Orchard Building (City Square 2),MANILA,3,1,BARANGAY 41,,,14.607302,120.96321,,,,,,,16,2021-11-17,OSP
MNL005 LP306 NP3-5,MNL005,LP306,NP3-5,MNL005 LP306,Orchard Building (City Square 2),MANILA,3,1,BARANGAY 41,,,14.607763,120.96312,,,,,,,24,2021-11-17,OSP
MNL005 LP309 NP1-2,MNL005,LP309,NP1-2,MNL005 LP309,Orchard Building (City Square 2),MANILA,3,1,BARANGAY 41,,,14.609295,120.962617,,,,,,,16,2021-11-17,OSP
MNL005 LP309 NP3-5,MNL005,LP309,NP3-5,MNL005 LP309,Orchard Building (City Square 2),MANILA,3,1,BARANGAY 41,,,14.609294,120.962619,,,,,,,24,2021-11-17,OSP
MNL005 LP309 NP6-8,MNL005,LP309,NP6-8,MNL005 LP309,Orchard Building (City Square 2),MANILA,3,1,BARANGAY 41,,,14.609086,120.962676,,,,,,,24,2021-11-17,OSP
MNL002 LP258 NP1-2,MNL002,LP258,NP1-2,MNL002 LP258,Don Quintos,MANILA,3,1,BARANGAY 410,,,14.60113,120.997939,,,,,,,16,2019-12-02,OSP
MNL002 LP258 NP3-4,MNL002,LP258,NP3-4,MNL002 LP258,Don Quintos,MANILA,3,1,BARANGAY 410,,,14.600794,120.996867,,,,,,,16,2019-12-02,OSP
MNL002 LP82 NP7-8,MNL002,LP82,NP7-8,MNL002 LP82,Don Quintos,MANILA,3,1,BARANGAY 410,,,14.601443,120.997883,,,,,,,16,2020-08-27,OSP
MNL046 LP252 NP5-6,MNL046,LP252,NP5-6,MNL046 LP252,Reten Apartment,MANILA,3,1,BARANGAY 410,,,14.601433,120.99795,,,,,,,16,2024-01-09,OSP
MNL046 LP252 NP7-8,MNL046,LP252,NP7-8,MNL046 LP252,Reten Apartment,MANILA,3,1,BARANGAY 410,,,14.601139,120.99799,,,,,,,16,2024-01-09,OSP
MNL046 LP253 NP1-2,MNL046,LP253,NP1-2,MNL046 LP253,Reten Apartment,MANILA,3,1,BARANGAY 410,,,14.601031,120.99753,,,,,,,16,2024-01-09,OSP
MNL046 LP253 NP3-4,MNL046,LP253,NP3-4,MNL046 LP253,Reten Apartment,MANILA,3,1,BARANGAY 410,,,14.600918,120.99711,,,,,,,16,2024-01-09,OSP
MNL046 LP253 NP5-6,MNL046,LP253,NP5-6,MNL046 LP253,Reten Apartment,MANILA,3,1,BARANGAY 410,,,14.600712,120.99657,,,,,,,16,2024-01-09,OSP
MNL046 LP253 NP7-8,MNL046,LP253,NP7-8,MNL046 LP253,Reten Apartment,MANILA,3,1,BARANGAY 410,,,14.600671,120.9963,,,,,,,16,2024-01-09,OSP
MNL046 LP109 NP7-8,MNL046,LP109,NP7-8,MNL046 LP109,Reten Apartment,MANILA,3,1,BARANGAY 410,,,14.601396,120.99793,,,,,,,16,2022-03-10,OSP
MNL001 LP15 NP5-6,MNL001,LP15,NP5-6,MNL001 LP15,Zen Tower,MANILA,3,1,BARANGAY 410,,,14.600929,120.998475,,,,,,,16,2015-07-27,OSP
MNL002 LP262 NP1-2,MNL002,LP262,NP1-2,MNL002 LP262,Don Quintos,MANILA,3,1,BARANGAY 411,,,14.602724,120.996581,,,,,,,16,2019-12-02,OSP
MNL002 LP262 NP3-4,MNL002,LP262,NP3-4,MNL002 LP262,Don Quintos,MANILA,3,1,BARANGAY 411,,,14.602224,120.996715,,,,,,,16,2019-12-02,OSP
MNL002 LP257 NP3-4,MNL002,LP257,NP3-4,MNL002 LP257,Don Quintos,MANILA,3,1,BARANGAY 411,,,14.603789,120.997814,,,,,,,16,2019-12-02,OSP
MNL002 LP82 NP5-6,MNL002,LP82,NP5-6,MNL002 LP82,Don Quintos,MANILA,3,1,BARANGAY 411,,,14.602688,120.997654,,,,,,,16,2018-04-24,OSP
MNL046 LP249 NP7-8,MNL046,LP249,NP7-8,MNL046 LP249,Reten Apartment,MANILA,3,1,BARANGAY 411,,,14.603335,120.99806,,,,,,,16,2024-01-09,OSP
MNL046 LP251 NP1-2,MNL046,LP251,NP1-2,MNL046 LP251,Reten Apartment,MANILA,3,1,BARANGAY 411,,,14.603458,120.99741,,,,,,,16,2024-01-09,OSP
MNL046 LP251 NP3-4,MNL046,LP251,NP3-4,MNL046 LP251,Reten Apartment,MANILA,3,1,BARANGAY 411,,,14.603115,120.99751,,,,,,,16,2024-01-09,OSP
MNL046 LP251 NP5-6,MNL046,LP251,NP5-6,MNL046 LP251,Reten Apartment,MANILA,3,1,BARANGAY 411,,,14.602703,120.99762,,,,,,,16,2024-01-09,OSP
MNL046 LP251 NP7-8,MNL046,LP251,NP7-8,MNL046 LP251,Reten Apartment,MANILA,3,1,BARANGAY 411,,,14.602775,120.99799,,,,,,,16,2024-01-09,OSP
MNL046 LP258 NP3-4,MNL046,LP258,NP3-4,MNL046 LP258,Reten Apartment,MANILA,3,1,BARANGAY 411,,,14.602462,120.99593,,,,,,,16,2024-01-09,OSP
MNL046 LP258 NP5-6,MNL046,LP258,NP5-6,MNL046 LP258,Reten Apartment,MANILA,3,1,BARANGAY 411,,,14.602807,120.99588,,,,,,,16,2024-01-09,OSP
MNL046 LP261 NP1-2,MNL046,LP261,NP1-2,MNL046 LP261,Reten Apartment,MANILA,3,1,BARANGAY 411,,,14.602228,120.99675,,,,,,,16,2024-01-09,OSP
MNL046 LP261 NP3-4,MNL046,LP261,NP3-4,MNL046 LP261,Reten Apartment,MANILA,3,1,BARANGAY 411,,,14.602666,120.99662,,,,,,,16,2024-01-09,OSP
MNL046 LP261 NP5-6,MNL046,LP261,NP5-6,MNL046 LP261,Reten Apartment,MANILA,3,1,BARANGAY 411,,,14.602729,120.99694,,,,,,,16,2024-01-09,OSP
MNL046 LP261 NP7-8,MNL046,LP261,NP7-8,MNL046 LP261,Reten Apartment,MANILA,3,1,BARANGAY 411,,,14.602846,120.99658,,,,,,,16,2024-01-09,OSP
MNL046 LP108 NP3-4,MNL046,LP108,NP3-4,MNL046 LP108,Reten Apartment,MANILA,3,1,BARANGAY 411,,,14.60332,120.99807,,,,,,,16,2022-03-10,OSP
MNL046 LP109 NP1-2,MNL046,LP109,NP1-2,MNL046 LP109,Reten Apartment,MANILA,3,1,BARANGAY 411,,,14.603031,120.99753,,,,,,,16,2022-03-10,OSP
MNL046 LP111 NP1-2,MNL046,LP111,NP1-2,MNL046 LP111,Reten Apartment,MANILA,3,1,BARANGAY 411,,,14.602499,120.99666,,,,,,,16,2022-03-10,OSP
MNL046 LP111 NP6-8,MNL046,LP111,NP6-8,MNL046 LP111,Reten Apartment,MANILA,3,1,BARANGAY 411,,,14.60249,120.99594,,,,,,,24,2022-03-10,OSP
MNL002 LP259 NP1-2,MNL002,LP259,NP1-2,MNL002 LP259,Don Quintos,MANILA,3,1,BARANGAY 412,,,14.601347,120.994412,,,,,,,16,2019-12-02,OSP
MNL002 LP258 NP5-6,MNL002,LP258,NP5-6,MNL002 LP258,Don Quintos,MANILA,3,1,BARANGAY 412,,,14.600923,120.995897,,,,,,,16,2019-12-02,OSP
MNL002 LP258 NP7-8,MNL002,LP258,NP7-8,MNL002 LP258,Don Quintos,MANILA,3,1,BARANGAY 412,,,14.601067,120.995404,,,,,,,16,2019-12-02,OSP
MNL002 LP81 NP7-8,MNL002,LP81,NP7-8,MNL002 LP81,Don Quintos,MANILA,3,1,BARANGAY 412,,,14.601418,120.994461,,,,,,,16,2020-08-27,OSP
MNL046 LP113 NP5-6,MNL046,LP113,NP5-6,MNL046 LP113,Reten Apartment,MANILA,3,1,BARANGAY 412,,,14.60132,120.99474,,,,,,,16,2022-03-10,OSP
MNL046 LP113 NP7-8,MNL046,LP113,NP7-8,MNL046 LP113,Reten Apartment,MANILA,3,1,BARANGAY 412,,,14.601145,120.99532,,,,,,,16,2022-03-10,OSP
MNL046 LP114 NP1-2,MNL046,LP114,NP1-2,MNL046 LP114,Reten Apartment,MANILA,3,1,BARANGAY 412,,,14.601314,120.99394,,,,,,,16,2022-03-10,OSP
MNL046 LP114 NP3-5,MNL046,LP114,NP3-5,MNL046 LP114,Reten Apartment,MANILA,3,1,BARANGAY 412,,,14.601206,120.99393,,,,,,,24,2022-03-10,OSP
MNL046 LP114 NP6-8,MNL046,LP114,NP6-8,MNL046 LP114,Reten Apartment,MANILA,3,1,BARANGAY 412,,,14.601223,120.99367,,,,,,,24,2022-03-10,OSP
MNL046 LP262 NP1-2,MNL046,LP262,NP1-2,MNL046 LP262,Reten Apartment,MANILA,3,1,BARANGAY 412,,,14.600903,120.99525,,,,,,,16,2024-01-09,OSP
MNL046 LP262 NP3-4,MNL046,LP262,NP3-4,MNL046 LP262,Reten Apartment,MANILA,3,1,BARANGAY 412,,,14.60103,120.99482,,,,,,,16,2024-01-09,OSP
MNL046 LP262 NP5-6,MNL046,LP262,NP5-6,MNL046 LP262,Reten Apartment,MANILA,3,1,BARANGAY 412,,,14.601155,120.99439,,,,,,,16,2024-01-09,OSP
MNL046 LP254 NP1-2,MNL046,LP254,NP1-2,MNL046 LP254,Reten Apartment,MANILA,3,1,BARANGAY 412,,,14.600693,120.99585,,,,,,,16,2024-01-09,OSP
MNL046 LP254 NP3-4,MNL046,LP254,NP3-4,MNL046 LP254,Reten Apartment,MANILA,3,1,BARANGAY 412,,,14.600966,120.99589,,,,,,,16,2024-01-09,OSP
MNL046 LP254 NP5-6,MNL046,LP254,NP5-6,MNL046 LP254,Reten Apartment,MANILA,3,1,BARANGAY 412,,,14.601094,120.99548,,,,,,,16,2024-01-09,OSP
MNL046 LP254 NP7-8,MNL046,LP254,NP7-8,MNL046 LP254,Reten Apartment,MANILA,3,1,BARANGAY 412,,,14.601285,120.99476,,,,,,,16,2024-01-09,OSP
MNL046 LP255 NP1-2,MNL046,LP255,NP1-2,MNL046 LP255,Reten Apartment,MANILA,3,1,BARANGAY 412,,,14.601457,120.99422,,,,,,,16,2024-01-09,OSP
MNL046 LP255 NP3-4,MNL046,LP255,NP3-4,MNL046 LP255,Reten Apartment,MANILA,3,1,BARANGAY 412,,,14.601574,120.99383,,,,,,,16,2024-01-09,OSP
MNL001 LP15 NP1-2,MNL001,LP15,NP1-2,MNL001 LP15,Zen Tower,MANILA,3,1,BARANGAY 412,,,14.600997,120.995028,,,,,,,16,2015-07-27,OSP
MNL002 LP260 NP1-2,MNL002,LP260,NP1-2,MNL002 LP260,Don Quintos,MANILA,3,1,BARANGAY 413,,,14.601806,120.993675,,,,,,,16,2019-12-02,OSP
MNL002 LP260 NP3-4,MNL002,LP260,NP3-4,MNL002 LP260,Don Quintos,MANILA,3,1,BARANGAY 413,,,14.601693,120.994596,,,,,,,16,2019-12-02,OSP
MNL002 LP81 NP1-2,MNL002,LP81,NP1-2,MNL002 LP81,Don Quintos,MANILA,3,1,BARANGAY 413,,,14.60158,120.995962,,,,,,,16,2018-04-24,OSP
MNL002 LP81 NP3-4,MNL002,LP81,NP3-4,MNL002 LP81,Don Quintos,MANILA,3,1,BARANGAY 413,,,14.601732,120.994717,,,,,,,16,2018-04-24,OSP
MNL046 LP112 NP3-5,MNL046,LP112,NP3-5,MNL046 LP112,Reten Apartment,MANILA,3,1,BARANGAY 413,,,14.601647,120.99543,,,,,,,24,2022-03-10,OSP
MNL046 LP112 NP6-8,MNL046,LP112,NP6-8,MNL046 LP112,Reten Apartment,MANILA,3,1,BARANGAY 413,,,14.601696,120.99495,,,,,,,24,2022-03-10,OSP
MNL046 LP113 NP1-2,MNL046,LP113,NP1-2,MNL046 LP113,Reten Apartment,MANILA,3,1,BARANGAY 413,,,14.601779,120.99411,,,,,,,16,2022-03-10,OSP
MNL046 LP112 NP1-2,MNL046,LP112,NP1-2,MNL046 LP112,Reten Apartment,MANILA,3,1,BARANGAY 413,,,14.601829,120.99604,,,,,,,16,2022-03-10,OSP
MNL046 LP255 NP7-8,MNL046,LP255,NP7-8,MNL046 LP255,Reten Apartment,MANILA,3,1,BARANGAY 413,,,14.601829,120.99365,,,,,,,16,2024-01-09,OSP
MNL046 LP256 NP1-2,MNL046,LP256,NP1-2,MNL046 LP256,Reten Apartment,MANILA,3,1,BARANGAY 413,,,14.60183,120.994,,,,,,,16,2024-01-09,OSP
MNL046 LP256 NP3-4,MNL046,LP256,NP3-4,MNL046 LP256,Reten Apartment,MANILA,3,1,BARANGAY 413,,,14.601754,120.99437,,,,,,,16,2024-01-09,OSP
MNL046 LP256 NP5-6,MNL046,LP256,NP5-6,MNL046 LP256,Reten Apartment,MANILA,3,1,BARANGAY 413,,,14.601739,120.99461,,,,,,,16,2024-01-09,OSP
MNL046 LP256 NP7-8,MNL046,LP256,NP7-8,MNL046 LP256,Reten Apartment,MANILA,3,1,BARANGAY 413,,,14.601711,120.99484,,,,,,,16,2024-01-09,OSP
MNL046 LP257 NP1-2,MNL046,LP257,NP1-2,MNL046 LP257,Reten Apartment,MANILA,3,1,BARANGAY 413,,,14.601684,120.99498,,,,,,,16,2024-01-09,OSP
MNL046 LP257 NP3-4,MNL046,LP257,NP3-4,MNL046 LP257,Reten Apartment,MANILA,3,1,BARANGAY 413,,,14.601589,120.99603,,,,,,,16,2024-01-09,OSP
MNL046 LP257 NP5-6,MNL046,LP257,NP5-6,MNL046 LP257,Reten Apartment,MANILA,3,1,BARANGAY 413,,,14.601311,120.99604,,,,,,,16,2024-01-09,OSP
MNL046 LP257 NP7-8,MNL046,LP257,NP7-8,MNL046 LP257,Reten Apartment,MANILA,3,1,BARANGAY 413,,,14.601843,120.99603,,,,,,,16,2024-01-09,OSP
MNL046 LP258 NP1-2,MNL046,LP258,NP1-2,MNL046 LP258,Reten Apartment,MANILA,3,1,BARANGAY 413,,,14.602067,120.99601,,,,,,,16,2024-01-09,OSP
MNL002 LP80 NP1-2,MNL002,LP80,NP1-2,MNL002 LP80,Don Quintos,MANILA,3,1,BARANGAY 414,,,14.602477,120.995843,,,,,,,16,2018-04-24,OSP
MNL002 LP80 NP3-4,MNL002,LP80,NP3-4,MNL002 LP80,Don Quintos,MANILA,3,1,BARANGAY 414,,,14.6024,120.995235,,,,,,,16,2018-04-24,OSP
MNL002 LP80 NP7-8,MNL002,LP80,NP7-8,MNL002 LP80,Don Quintos,MANILA,3,1,BARANGAY 414,,,14.602334,120.994797,,,,,,,16,2020-08-27,OSP
MNL046 LP115 NP1-2,MNL046,LP115,NP1-2,MNL046 LP115,Reten Apartment,MANILA,3,1,BARANGAY 414,,,14.602395,120.99544,,,,,,,16,2022-03-10,OSP
MNL046 LP115 NP3-4,MNL046,LP115,NP3-4,MNL046 LP115,Reten Apartment,MANILA,3,1,BARANGAY 414,,,14.60226,120.99447,,,,,,,16,2022-03-10,OSP
MNL002 LP80 NP5-6,MNL002,LP80,NP5-6,MNL002 LP80,Don Quintos,MANILA,3,1,BARANGAY 415,,,14.60235,120.994513,,,,,,,16,2018-04-24,OSP
MNL046 LP271 NP7-8,MNL046,LP271,NP7-8,MNL046 LP271,Reten Apartment,MANILA,3,1,BARANGAY 415,,,14.602845,120.9941,,,,,,,16,2024-01-09,OSP
MNL046 LP115 NP5-6,MNL046,LP115,NP5-6,MNL046 LP115,Reten Apartment,MANILA,3,1,BARANGAY 415,,,14.602215,120.99428,,,,,,,16,2022-03-10,OSP
MNL046 LP115 NP7-8,MNL046,LP115,NP7-8,MNL046 LP115,Reten Apartment,MANILA,3,1,BARANGAY 415,,,14.6021,120.99356,,,,,,,16,2022-03-10,OSP
MNL046 LP116 NP1-2,MNL046,LP116,NP1-2,MNL046 LP116,Reten Apartment,MANILA,3,1,BARANGAY 415,,,14.602789,120.99467,,,,,,,16,2022-03-10,OSP
MNL046 LP267 NP5-6,MNL046,LP267,NP5-6,MNL046 LP267,Reten Apartment,MANILA,3,1,BARANGAY 415,,,14.602761,120.99321,,,,,,,16,2024-01-09,OSP
MNL046 LP267 NP7-8,MNL046,LP267,NP7-8,MNL046 LP267,Reten Apartment,MANILA,3,1,BARANGAY 415,,,14.602761,120.99321,,,,,,,16,2024-01-09,OSP
MNL046 LP268 NP1-2,MNL046,LP268,NP1-2,MNL046 LP268,Reten Apartment,MANILA,3,1,BARANGAY 415,,,14.602448,120.9934,,,,,,,16,2024-01-09,OSP
MNL046 LP268 NP3-4,MNL046,LP268,NP3-4,MNL046 LP268,Reten Apartment,MANILA,3,1,BARANGAY 415,,,14.602448,120.9934,,,,,,,16,2024-01-09,OSP
MNL002 LP259 NP3-4,MNL002,LP259,NP3-4,MNL002 LP259,Don Quintos,MANILA,3,1,BARANGAY 416,,,14.601519,120.993638,,,,,,,16,2019-12-02,OSP
MNL002 LP259 NP5-6,MNL002,LP259,NP5-6,MNL002 LP259,Don Quintos,MANILA,3,1,BARANGAY 416,,,14.601494,120.993024,,,,,,,16,2019-12-02,OSP
MNL002 LP81 NP5-6,MNL002,LP81,NP5-6,MNL002 LP81,Don Quintos,MANILA,3,1,BARANGAY 416,,,14.601842,120.993624,,,,,,,16,2018-04-24,OSP
MNL046 LP113 NP3-4,MNL046,LP113,NP3-4,MNL046 LP113,Reten Apartment,MANILA,3,1,BARANGAY 416,,,14.601582,120.9936,,,,,,,16,2022-03-10,OSP
MNL046 LP268 NP5-6,MNL046,LP268,NP5-6,MNL046 LP268,Reten Apartment,MANILA,3,1,BARANGAY 416,,,14.602098,120.99353,,,,,,,16,2024-01-09,OSP
MNL046 LP262 NP7-8,MNL046,LP262,NP7-8,MNL046 LP262,Reten Apartment,MANILA,3,1,BARANGAY 416,,,14.601428,120.99356,,,,,,,16,2024-01-09,OSP
MNL046 LP263 NP1-2,MNL046,LP263,NP1-2,MNL046 LP263,Reten Apartment,MANILA,3,1,BARANGAY 416,,,14.601439,120.9935,,,,,,,16,2024-01-09,OSP
MNL046 LP263 NP3-4,MNL046,LP263,NP3-4,MNL046 LP263,Reten Apartment,MANILA,3,1,BARANGAY 416,,,14.601599,120.99302,,,,,,,16,2024-01-09,OSP
MNL046 LP264 NP1-2,MNL046,LP264,NP1-2,MNL046 LP264,Reten Apartment,MANILA,3,1,BARANGAY 416,,,14.601897,120.99278,,,,,,,16,2024-01-09,OSP
MNL046 LP264 NP3-4,MNL046,LP264,NP3-4,MNL046 LP264,Reten Apartment,MANILA,3,1,BARANGAY 416,,,14.601897,120.99278,,,,,,,16,2024-01-09,OSP
MNL046 LP264 NP5-6,MNL046,LP264,NP5-6,MNL046 LP264,Reten Apartment,MANILA,3,1,BARANGAY 416,,,14.601858,120.99303,,,,,,,16,2024-01-09,OSP
MNL046 LP264 NP7-8,MNL046,LP264,NP7-8,MNL046 LP264,Reten Apartment,MANILA,3,1,BARANGAY 416,,,14.601858,120.99303,,,,,,,16,2024-01-09,OSP
MNL046 LP265 NP1-2,MNL046,LP265,NP1-2,MNL046 LP265,Reten Apartment,MANILA,3,1,BARANGAY 416,,,14.601828,120.99338,,,,,,,16,2024-01-09,OSP
MNL046 LP266 NP1-2,MNL046,LP266,NP1-2,MNL046 LP266,Reten Apartment,MANILA,3,1,BARANGAY 416,,,14.602188,120.99287,,,,,,,16,2024-01-09,OSP
MNL046 LP266 NP3-4,MNL046,LP266,NP3-4,MNL046 LP266,Reten Apartment,MANILA,3,1,BARANGAY 416,,,14.602188,120.99287,,,,,,,16,2024-01-09,OSP
MNL046 LP266 NP5-6,MNL046,LP266,NP5-6,MNL046 LP266,Reten Apartment,MANILA,3,1,BARANGAY 416,,,14.602404,120.99296,,,,,,,16,2024-01-09,OSP
MNL046 LP266 NP7-8,MNL046,LP266,NP7-8,MNL046 LP266,Reten Apartment,MANILA,3,1,BARANGAY 416,,,14.602404,120.99296,,,,,,,16,2024-01-09,OSP
MNL046 LP255 NP5-6,MNL046,LP255,NP5-6,MNL046 LP255,Reten Apartment,MANILA,3,1,BARANGAY 416,,,14.601578,120.99361,,,,,,,16,2024-01-09,OSP
MNL002 LP1 NP7-8,MNL002,LP1,NP7-8,MNL002 LP1,Don Quintos,MANILA,3,1,BARANGAY 417,,,14.605182,121.000358,,,,,,,16,2016-06-16,OSP
MNL002 LP335 NP7-8,MNL002,LP335,NP7-8,MNL002 LP335,Don Quintos,MANILA,3,1,BARANGAY 417,,,14.603936,120.999989,,,,,,,16,2020-02-05,OSP
MNL002 LP336 NP1-2,MNL002,LP336,NP1-2,MNL002 LP336,Don Quintos,MANILA,3,1,BARANGAY 417,,,14.603367,120.999544,,,,,,,16,2020-02-05,OSP
MNL002 LP50 NP1-2,MNL002,LP50,NP1-2,MNL002 LP50,Don Quintos,MANILA,3,1,BARANGAY 417,,,14.604605,121.000507,,,,,,,16,2018-01-08,OSP
MNL035 LP465 NP1-2,MNL035,LP465,NP1-2,MNL035 LP465,Pureza (Legarda / Lacson),MANILA,3,1,BARANGAY 417,,,14.604608,121.000583,,,,,,,16,2021-05-02,OSP
MNL035 LP460 NP1-2,MNL035,LP460,NP1-2,MNL035 LP460,Pureza (Legarda / Lacson),MANILA,3,1,BARANGAY 417,,,14.603192,120.999593,,,,,,,16,2021-05-02,OSP
MNL035 LP462 NP3-4-5,MNL035,LP462,NP3-4-5,MNL035 LP462,Pureza (Legarda / Lacson),MANILA,3,1,BARANGAY 417,,,14.604042,120.999604,,,,,,,24,2021-05-02,OSP
MNL035 LP462 NP6-7-8,MNL035,LP462,NP6-7-8,MNL035 LP462,Pureza (Legarda / Lacson),MANILA,3,1,BARANGAY 417,,,14.603498,120.999036,,,,,,,24,2021-05-02,OSP
MNL035 LP463 NP1-2,MNL035,LP463,NP1-2,MNL035 LP463,Pureza (Legarda / Lacson),MANILA,3,1,BARANGAY 417,,,14.603949,121.00001,,,,,,,16,2021-05-02,OSP
MNL035 LP463 NP3-4-5,MNL035,LP463,NP3-4-5,MNL035 LP463,Pureza (Legarda / Lacson),MANILA,3,1,BARANGAY 417,,,14.603776,121.000149,,,,,,,24,2021-05-02,OSP
MNL035 LP463 NP6-7-8,MNL035,LP463,NP6-7-8,MNL035 LP463,Pureza (Legarda / Lacson),MANILA,3,1,BARANGAY 417,,,14.604359,120.999835,,,,,,,24,2021-05-02,OSP
MNL035 LP464 NP3-4-5,MNL035,LP464,NP3-4-5,MNL035 LP464,Pureza (Legarda / Lacson),MANILA,3,1,BARANGAY 417,,,14.604332,121.000215,,,,,,,24,2021-05-02,OSP
MNL002 LP336 NP3-4,MNL002,LP336,NP3-4,MNL002 LP336,Don Quintos,MANILA,3,1,BARANGAY 418,,,14.602978,120.999717,,,,,,,16,2020-02-05,OSP
MNL002 LP336 NP5-6,MNL002,LP336,NP5-6,MNL002 LP336,Don Quintos,MANILA,3,1,BARANGAY 418,,,14.602195,121.000022,,,,,,,16,2020-02-05,OSP
MNL002 LP336 NP7-8,MNL002,LP336,NP7-8,MNL002 LP336,Don Quintos,MANILA,3,1,BARANGAY 418,,,14.601429,121.000333,,,,,,,16,2020-02-05,OSP
MNL002 LP337 NP1-2,MNL002,LP337,NP1-2,MNL002 LP337,Don Quintos,MANILA,3,1,BARANGAY 418,,,14.60147,121.000562,,,,,,,16,2020-02-05,OSP
MNL002 LP331 NP3-4,MNL002,LP331,NP3-4,MNL002 LP331,Don Quintos,MANILA,3,1,BARANGAY 418,,,14.602441,121.00092,,,,,,,16,2020-02-05,OSP
MNL002 LP49 NP1-2,MNL002,LP49,NP1-2,MNL002 LP49,Don Quintos,MANILA,3,1,BARANGAY 418,,,14.601411,121.000293,,,,,,,16,2018-01-08,OSP
MNL002 LP49 NP7,MNL002,LP49,NP7,MNL002 LP49,Don Quintos,MANILA,3,1,BARANGAY 418,,,14.6028,120.999725,,,,,,,8,2018-01-08,OSP
MNL002 LP47 NP5-6,MNL002,LP47,NP5-6,MNL002 LP47,Don Quintos,MANILA,3,1,BARANGAY 418,,,14.601403,121.001057,,,,,,,16,2018-01-08,OSP
MNL002 LP49 NP8,MNL002,LP49,NP8,MNL002 LP49,Don Quintos,MANILA,3,1,BARANGAY 418,,ONGLAMCO BUILDING,14.601541,121.000910,,2F,CONVERGE ROOM,MNL82P,,,,2018-01-08,ISP
MNL035 LP454 NP3-4-5,MNL035,LP454,NP3-4-5,MNL035 LP454,Pureza (Legarda / Lacson),MANILA,3,1,BARANGAY 418,,,14.601479,121.00106,,,,,,,24,2021-05-02,OSP
MNL035 LP455 NP1-2,MNL035,LP455,NP1-2,MNL035 LP455,Pureza (Legarda / Lacson),MANILA,3,1,BARANGAY 418,,,14.602002,121.000082,,,,,,,16,2021-05-02,OSP
MNL035 LP454 NP1-2,MNL035,LP454,NP1-2,MNL035 LP454,Pureza (Legarda / Lacson),MANILA,3,1,BARANGAY 418,,,14.601515,121.001418,,,,,,,16,2021-05-02,OSP
MNL035 LP460 NP6-7-8,MNL035,LP460,NP6-7-8,MNL035 LP460,Pureza (Legarda / Lacson),MANILA,3,1,BARANGAY 418,,,14.6029,120.99971,,,,,,,24,2021-05-02,OSP
MNL035 LP461 NP1-2,MNL035,LP461,NP1-2,MNL035 LP461,Pureza (Legarda / Lacson),MANILA,3,1,BARANGAY 418,,,14.602729,120.999779,,,,,,,16,2021-05-02,OSP
MNL035 LP461 NP3-4-5,MNL035,LP461,NP3-4-5,MNL035 LP461,Pureza (Legarda / Lacson),MANILA,3,1,BARANGAY 418,,,14.602679,121.000188,,,,,,,24,2021-05-02,OSP
MNL035 LP461 NP6-7-8,MNL035,LP461,NP6-7-8,MNL035 LP461,Pureza (Legarda / Lacson),MANILA,3,1,BARANGAY 418,,,14.602204,120.999997,,,,,,,24,2021-05-02,OSP
MNL035 LP454 NP8,MNL035,LP454,NP8,MNL035 LP454,Pureza (Legarda / Lacson),MANILA,3,1,BARANGAY 418,,ONGLAMCO BUILDING,14.601541,121.000910,,5F,CONVERGE ROOM,MNL82P,,,,2021-05-02,ISP
MNL035 LP454 NP6-7,MNL035,LP454,NP6-7,MNL035 LP454,Pureza (Legarda / Lacson),MANILA,3,1,BARANGAY 418,,ONGLAMCO BUILDING,14.601541,121.000910,,4F,CONVERGE ROOM,MNL82P,,,,2021-05-02,ISP
MNL002 LP335 NP5-6,MNL002,LP335,NP5-6,MNL002 LP335,Don Quintos,MANILA,3,1,BARANGAY 419,,,14.604104,120.999236,,,,,,,16,2020-02-05,OSP
MNL002 LP338 NP7-8,MNL002,LP338,NP7-8,MNL002 LP338,Don Quintos,MANILA,3,1,BARANGAY 419,,,14.603291,120.998478,,,,,,,16,2020-02-05,OSP
MNL002 LP49 NP3-4,MNL002,LP49,NP3-4,MNL002 LP49,Don Quintos,MANILA,3,1,BARANGAY 419,,,14.604075,120.999187,,,,,,,16,2018-01-08,OSP
MNL035 LP457 NP1-2,MNL035,LP457,NP1-2,MNL035 LP457,Pureza (Legarda / Lacson),MANILA,3,1,BARANGAY 419,,,14.602799,120.99868,,,,,,,16,2021-05-02,OSP
MNL035 LP457 NP3-4-5,MNL035,LP457,NP3-4-5,MNL035 LP457,Pureza (Legarda / Lacson),MANILA,3,1,BARANGAY 419,,,14.603074,120.998543,,,,,,,24,2021-05-02,OSP
MNL035 LP457 NP6-7-8,MNL035,LP457,NP6-7-8,MNL035 LP457,Pureza (Legarda / Lacson),MANILA,3,1,BARANGAY 419,,,14.603289,120.99844,,,,,,,24,2021-05-02,OSP
MNL035 LP458 NP1-2,MNL035,LP458,NP1-2,MNL035 LP458,Pureza (Legarda / Lacson),MANILA,3,1,BARANGAY 419,,,14.603525,120.998321,,,,,,,16,2021-05-02,OSP
MNL035 LP459 NP3-4-5,MNL035,LP459,NP3-4-5,MNL035 LP459,Pureza (Legarda / Lacson),MANILA,3,1,BARANGAY 419,,,14.604407,120.999089,,,,,,,24,2021-05-02,OSP
MNL035 LP459 NP6-7-8,MNL035,LP459,NP6-7-8,MNL035 LP459,Pureza (Legarda / Lacson),MANILA,3,1,BARANGAY 419,,,14.604087,120.999224,,,,,,,24,2021-05-02,OSP
MNL035 LP460 NP3-4-5,MNL035,LP460,NP3-4-5,MNL035 LP460,Pureza (Legarda / Lacson),MANILA,3,1,BARANGAY 419,,,14.603148,120.999332,,,,,,,24,2021-05-02,OSP
MNL001 LP14 NP5-6,MNL001,LP14,NP5-6,MNL001 LP14,Zen Tower,MANILA,3,1,BARANGAY 419,,,14.602821,120.998617,,,,,,,16,2015-07-27,OSP
MNL003 LP209 NP5-6,MNL003,LP209,NP5-6,MNL003 LP209,City Square,MANILA,3,1,BARANGAY 42,,,14.60741174,120.9637934,,,,,,,16,2019-02-12,OSP
MNL003 LP210 NP1-2,MNL003,LP210,NP1-2,MNL003 LP210,City Square,MANILA,3,1,BARANGAY 42,,,14.608639,120.9634852,,,,,,,16,2019-02-12,OSP
MNL003 LP210 NP3-4,MNL003,LP210,NP3-4,MNL003 LP210,City Square,MANILA,3,1,BARANGAY 42,,,14.60743783,120.963486,,,,,,,16,2019-02-12,OSP
MNL003 LP210 NP7-8,MNL003,LP210,NP7-8,MNL003 LP210,City Square,MANILA,3,1,BARANGAY 42,,,14.60811978,120.9631069,,,,,,,16,2019-02-12,OSP
MNL003 LP211 NP1-2,MNL003,LP211,NP1-2,MNL003 LP211,City Square,MANILA,3,1,BARANGAY 42,,,14.60858077,120.9630136,,,,,,,16,2019-02-12,OSP
MNL003 LP398 NP5-6,MNL003,LP398,NP5-6,MNL003 LP398,City Square,MANILA,3,1,BARANGAY 42,,,14.608631,120.963208,,,,,,,16,2019-10-02,OSP
MNL003 LP398 NP7-8,MNL003,LP398,NP7-8,MNL003 LP398,City Square,MANILA,3,1,BARANGAY 42,,,14.609127,120.962854,,,,,,,16,2019-10-02,OSP
MNL005 LP239 NP3-4-5,MNL005,LP239,NP3-4-5,MNL005 LP239,Orchard Building (City Square 2),MANILA,3,1,BARANGAY 42,,,14.60955,120.963075,,,,,,,24,2021-09-25,OSP
MNL005 LP35 NP1-2,MNL005,LP35,NP1-2,MNL005 LP35,Orchard Building (City Square 2),MANILA,3,1,BARANGAY 42,,,14.609181,120.963096,,,,,,,16,2020-09-25,OSP
MNL005 LP35 NP3-4,MNL005,LP35,NP3-4,MNL005 LP35,Orchard Building (City Square 2),MANILA,3,1,BARANGAY 42,,,14.608173,120.963381,,,,,,,16,2020-09-25,OSP
MNL005 LP35 NP5-6,MNL005,LP35,NP5-6,MNL005 LP35,Orchard Building (City Square 2),MANILA,3,1,BARANGAY 42,,,14.607145,120.963605,,,,,,,16,2020-09-25,OSP
MNL005 LP33 NP3-4,MNL005,LP33,NP3-4,MNL005 LP33,Orchard Building (City Square 2),MANILA,3,1,BARANGAY 42,,,14.607571,120.963756,,,,,,,16,2020-09-25,OSP
MNL005 LP33 NP1-2,MNL005,LP33,NP1-2,MNL005 LP33,Orchard Building (City Square 2),MANILA,3,1,BARANGAY 42,,,14.607244,120.963849,,,,,,,16,2020-09-25,OSP
MNL005 LP306 NP6-8,MNL005,LP306,NP6-8,MNL005 LP306,Orchard Building (City Square 2),MANILA,3,1,BARANGAY 42,,,14.608128,120.963092,,,,,,,24,2021-11-17,OSP
MNL005 LP307 NP1-2,MNL005,LP307,NP1-2,MNL005 LP307,Orchard Building (City Square 2),MANILA,3,1,BARANGAY 42,,,14.608127,120.963094,,,,,,,16,2021-11-17,OSP
MNL005 LP307 NP3-5,MNL005,LP307,NP3-5,MNL005 LP307,Orchard Building (City Square 2),MANILA,3,1,BARANGAY 42,,,14.608591,120.962991,,,,,,,24,2021-11-17,OSP
MNL005 LP307 NP6-8,MNL005,LP307,NP6-8,MNL005 LP307,Orchard Building (City Square 2),MANILA,3,1,BARANGAY 42,,,14.608592,120.962993,,,,,,,24,2021-11-17,OSP
MNL005 LP308 NP1-2,MNL005,LP308,NP1-2,MNL005 LP308,Orchard Building (City Square 2),MANILA,3,1,BARANGAY 42,,,14.608906,120.962928,,,,,,,16,2021-11-17,OSP
MNL005 LP308 NP3-5,MNL005,LP308,NP3-5,MNL005 LP308,Orchard Building (City Square 2),MANILA,3,1,BARANGAY 42,,,14.608906,120.962927,,,,,,,24,2021-11-17,OSP
MNL005 LP308 NP6-8,MNL005,LP308,NP6-8,MNL005 LP308,Orchard Building (City Square 2),MANILA,3,1,BARANGAY 42,,,14.609118,120.962849,,,,,,,24,2021-11-17,OSP
MNL005 LP301 NP1-2,MNL005,LP301,NP1-2,MNL005 LP301,Orchard Building (City Square 2),MANILA,3,1,BARANGAY 42,,,14.608611,120.963225,,,,,,,16,2021-11-17,OSP
MNL005 LP301 NP3-5,MNL005,LP301,NP3-5,MNL005 LP301,Orchard Building (City Square 2),MANILA,3,1,BARANGAY 42,,,14.608977,120.963141,,,,,,,24,2021-11-17,OSP
MNL005 LP301 NP6-8,MNL005,LP301,NP6-8,MNL005 LP301,Orchard Building (City Square 2),MANILA,3,1,BARANGAY 42,,,14.608977,120.963143,,,,,,,24,2021-11-17,OSP
MNL005 LP302 NP1-2,MNL005,LP302,NP1-2,MNL005 LP302,Orchard Building (City Square 2),MANILA,3,1,BARANGAY 42,,,14.609174,120.963104,,,,,,,16,2021-11-17,OSP
MNL005 LP302 NP3-5,MNL005,LP302,NP3-5,MNL005 LP302,Orchard Building (City Square 2),MANILA,3,1,BARANGAY 42,,,14.608327,120.963303,,,,,,,24,2021-11-17,OSP
MNL005 LP302 NP6-8,MNL005,LP302,NP6-8,MNL005 LP302,Orchard Building (City Square 2),MANILA,3,1,BARANGAY 42,,,14.608162,120.963392,,,,,,,24,2021-11-17,OSP
MNL005 LP303 NP1-2,MNL005,LP303,NP1-2,MNL005 LP303,Orchard Building (City Square 2),MANILA,3,1,BARANGAY 42,,,14.608161,120.963394,,,,,,,16,2021-11-17,OSP
MNL005 LP303 NP3-5,MNL005,LP303,NP3-5,MNL005 LP303,Orchard Building (City Square 2),MANILA,3,1,BARANGAY 42,,,14.607868,120.963418,,,,,,,24,2021-11-17,OSP
MNL005 LP303 NP6-8,MNL005,LP303,NP6-8,MNL005 LP303,Orchard Building (City Square 2),MANILA,3,1,BARANGAY 42,,,14.607869,120.963417,,,,,,,24,2021-11-17,OSP
MNL005 LP304 NP1-2,MNL005,LP304,NP1-2,MNL005 LP304,Orchard Building (City Square 2),MANILA,3,1,BARANGAY 42,,,14.607467,120.963518,,,,,,,16,2021-11-17,OSP
MNL005 LP304 NP3-5,MNL005,LP304,NP3-5,MNL005 LP304,Orchard Building (City Square 2),MANILA,3,1,BARANGAY 42,,,14.607143,120.9636,,,,,,,24,2021-11-17,OSP
MNL005 LP297 NP1-2,MNL005,LP297,NP1-2,MNL005 LP297,Orchard Building (City Square 2),MANILA,3,1,BARANGAY 42,,,14.607185,120.963838,,,,,,,16,2021-11-17,OSP
MNL005 LP297 NP3-5,MNL005,LP297,NP3-5,MNL005 LP297,Orchard Building (City Square 2),MANILA,3,1,BARANGAY 42,,,14.60741,120.963788,,,,,,,24,2021-11-17,OSP
MNL005 LP297 NP6-8,MNL005,LP297,NP6-8,MNL005 LP297,Orchard Building (City Square 2),MANILA,3,1,BARANGAY 42,,,14.60741,120.96379,,,,,,,24,2021-11-17,OSP
MNL005 LP298 NP1-2,MNL005,LP298,NP1-2,MNL005 LP298,Orchard Building (City Square 2),MANILA,3,1,BARANGAY 42,,,14.60788,120.963688,,,,,,,16,2021-11-17,OSP
MNL005 LP299 NP3-5,MNL005,LP299,NP3-5,MNL005 LP299,Orchard Building (City Square 2),MANILA,3,1,BARANGAY 42,,,14.608653,120.963501,,,,,,,24,2021-11-17,OSP
MNL005 LP299 NP6-8,MNL005,LP299,NP6-8,MNL005 LP299,Orchard Building (City Square 2),MANILA,3,1,BARANGAY 42,,,14.608652,120.963504,,,,,,,24,2021-11-17,OSP
MNL002 LP257 NP5-6,MNL002,LP257,NP5-6,MNL002 LP257,Don Quintos,MANILA,3,1,BARANGAY 420,,,14.602285,120.998594,,,,,,,16,2019-12-02,OSP
MNL002 LP257 NP7-8,MNL002,LP257,NP7-8,MNL002 LP257,Don Quintos,MANILA,3,1,BARANGAY 420,,,14.601459,120.999027,,,,,,,16,2019-12-02,OSP
MNL002 LP339 NP3-4,MNL002,LP339,NP3-4,MNL002 LP339,Don Quintos,MANILA,3,1,BARANGAY 420,,,14.601688,120.999263,,,,,,,16,2020-02-05,OSP
MNL002 LP339 NP5-6,MNL002,LP339,NP5-6,MNL002 LP339,Don Quintos,MANILA,3,1,BARANGAY 420,,,14.601436,120.999385,,,,,,,16,2020-08-06,OSP
MNL002 LP339 NP7-8,MNL002,LP339,NP7-8,MNL002 LP339,Don Quintos,MANILA,3,1,BARANGAY 420,,,14.601708,120.999744,,,,,,,16,2020-08-06,OSP
MNL002 LP339 NP1-2,MNL002,LP339,NP1-2,MNL002 LP339,Don Quintos,MANILA,3,1,BARANGAY 420,,,14.602254,120.998976,,,,,,,16,2020-02-05,OSP
MNL035 LP455 NP3-4-5,MNL035,LP455,NP3-4-5,MNL035 LP455,Pureza (Legarda / Lacson),MANILA,3,1,BARANGAY 420,,,14.601687,120.999728,,,,,,,24,2021-05-02,OSP
MNL035 LP455 NP6-7-8,MNL035,LP455,NP6-7-8,MNL035 LP455,Pureza (Legarda / Lacson),MANILA,3,1,BARANGAY 420,,,14.601557,120.999288,,,,,,,24,2021-05-02,OSP
MNL035 LP456 NP1-2,MNL035,LP456,NP1-2,MNL035 LP456,Pureza (Legarda / Lacson),MANILA,3,1,BARANGAY 420,,,14.601979,120.999076,,,,,,,16,2021-05-02,OSP
MNL035 LP456 NP3-4-5,MNL035,LP456,NP3-4-5,MNL035 LP456,Pureza (Legarda / Lacson),MANILA,3,1,BARANGAY 420,,,14.60223,120.998956,,,,,,,24,2021-05-02,OSP
MNL035 LP456 NP6-7-8,MNL035,LP456,NP6-7-8,MNL035 LP456,Pureza (Legarda / Lacson),MANILA,3,1,BARANGAY 420,,,14.602478,120.998836,,,,,,,24,2021-05-02,OSP
MNL046 LP250 NP3-4,MNL046,LP250,NP3-4,MNL046 LP250,Reten Apartment,MANILA,3,1,BARANGAY 420,,,14.602213,120.99836,,,,,,,16,2024-01-09,OSP
MNL046 LP250 NP5-6,MNL046,LP250,NP5-6,MNL046 LP250,Reten Apartment,MANILA,3,1,BARANGAY 420,,,14.602213,120.99836,,,,,,,16,2024-01-09,OSP
MNL046 LP250 NP7-8,MNL046,LP250,NP7-8,MNL046 LP250,Reten Apartment,MANILA,3,1,BARANGAY 420,,,14.602028,120.99875,,,,,,,16,2024-01-09,OSP
MNL046 LP108 NP7-8,MNL046,LP108,NP7-8,MNL046 LP108,Reten Apartment,MANILA,3,1,BARANGAY 420,,,14.601943,120.99877,,,,,,,16,2022-03-10,OSP
MNL002 LP332 NP3-4,MNL002,LP332,NP3-4,MNL002 LP332,Don Quintos,MANILA,3,1,BARANGAY 421,,,14.603187,121.00221,,,,,,,16,2020-02-05,OSP
MNL002 LP333 NP5-6,MNL002,LP333,NP5-6,MNL002 LP333,Don Quintos,MANILA,3,1,BARANGAY 421,,,14.603727,121.002356,,,,,,,16,2020-08-06,OSP
MNL002 LP327 NP5-6,MNL002,LP327,NP5-6,MNL002 LP327,Don Quintos,MANILA,3,1,BARANGAY 421,,,14.604357,121.002863,,,,,,,16,2020-02-05,OSP
MNL002 LP327 NP7-8,MNL002,LP327,NP7-8,MNL002 LP327,Don Quintos,MANILA,3,1,BARANGAY 421,,,14.603894,121.00293,,,,,,,16,2020-02-05,OSP
MNL002 LP328 NP1-2,MNL002,LP328,NP1-2,MNL002 LP328,Don Quintos,MANILA,3,1,BARANGAY 421,,,14.605118,121.00327,,,,,,,16,2020-02-05,OSP
MNL002 LP328 NP3-4,MNL002,LP328,NP3-4,MNL002 LP328,Don Quintos,MANILA,3,1,BARANGAY 421,,,14.60396,121.004136,,,,,,,16,2020-02-05,OSP
MNL002 LP46 NP7-8,MNL002,LP46,NP7-8,MNL002 LP46,Don Quintos,MANILA,3,1,BARANGAY 421,,,14.604612,121.00377,,,,,,,16,2020-08-06,OSP
MNL002 LP41 NP1-2,MNL002,LP41,NP1-2,MNL002 LP41,Don Quintos,MANILA,3,1,BARANGAY 421,,,14.603805,121.003646,,,,,,,16,2018-01-08,OSP
MNL002 LP41 NP5-6,MNL002,LP41,NP5-6,MNL002 LP41,Don Quintos,MANILA,3,1,BARANGAY 421,,,14.603516,121.003009,,,,,,,16,2018-01-08,OSP
MNL002 LP41 NP7-8,MNL002,LP41,NP7-8,MNL002 LP41,Don Quintos,MANILA,3,1,BARANGAY 421,,,14.60369,121.003377,,,,,,,16,2020-08-06,OSP
MNL002 LP42 NP7-8,MNL002,LP42,NP7-8,MNL002 LP42,Don Quintos,MANILA,3,1,BARANGAY 421,,,14.604322,121.003573,,,,,,,16,2020-08-06,OSP
MNL035 LP468 NP3-4,MNL035,LP468,NP3-4,MNL035 LP468,Pureza (Legarda / Lacson),MANILA,3,1,BARANGAY 421,,,14.604204,121.002896,,,,,,,16,2021-05-02,OSP
MNL035 LP468 NP5-6,MNL035,LP468,NP5-6,MNL035 LP468,Pureza (Legarda / Lacson),MANILA,3,1,BARANGAY 421,,,14.604944,121.003228,,,,,,,16,2021-05-02,OSP
MNL035 LP468 NP7-8,MNL035,LP468,NP7-8,MNL035 LP468,Pureza (Legarda / Lacson),MANILA,3,1,BARANGAY 421,,,14.604313,121.003572,,,,,,,16,2021-05-02,OSP
MNL035 LP469 NP1-2,MNL035,LP469,NP1-2,MNL035 LP469,Pureza (Legarda / Lacson),MANILA,3,1,BARANGAY 421,,,14.604602,121.003785,,,,,,,16,2021-05-02,OSP
MNL035 LP467 NP5-6,MNL035,LP467,NP5-6,MNL035 LP467,Pureza (Legarda / Lacson),MANILA,3,1,BARANGAY 421,,,14.603326,121.002223,,,,,,,16,2021-05-02,OSP
MNL035 LP467 NP7-8,MNL035,LP467,NP7-8,MNL035 LP467,Pureza (Legarda / Lacson),MANILA,3,1,BARANGAY 421,,,14.603971,121.002449,,,,,,,16,2021-05-02,OSP
MNL035 LP468 NP1-2,MNL035,LP468,NP1-2,MNL035 LP468,Pureza (Legarda / Lacson),MANILA,3,1,BARANGAY 421,,,14.604653,121.00267,,,,,,,16,2021-05-02,OSP
MNL002 LP274 NP5-6,MNL002,LP274,NP5-6,MNL002 LP274,Don Quintos,MANILA,3,1,BARANGAY 422,,,14.60621,121.001952,,,,,,,16,2019-11-14,OSP
MNL002 LP327 NP3-4,MNL002,LP327,NP3-4,MNL002 LP327,Don Quintos,MANILA,3,1,BARANGAY 422,,,14.605145,121.00235,,,,,,,16,2020-02-05,OSP
MNL002 LP330 NP1-2,MNL002,LP330,NP1-2,MNL002 LP330,Don Quintos,MANILA,3,1,BARANGAY 422,,,14.60462,121.002034,,,,,,,16,2020-02-05,OSP
MNL002 LP327 NP1-2,MNL002,LP327,NP1-2,MNL002 LP327,Don Quintos,MANILA,3,1,BARANGAY 422,,,14.605566,121.002218,,,,,,,16,2020-02-05,OSP
MNL002 LP48 NP7-8,MNL002,LP48,NP7-8,MNL002 LP48,Don Quintos,MANILA,3,1,BARANGAY 422,,,14.605034,121.001895,,,,,,,16,2018-01-08,OSP
MNL002 LP312 NP7-8,MNL002,LP312,NP7-8,MNL002 LP312,Don Quintos,MANILA,3,1,BARANGAY 422,,,14.605735,121.002554,,,,,,,16,2020-08-06,OSP
MNL035 LP451 NP6-7-8,MNL035,LP451,NP6-7-8,MNL035 LP451,Pureza (Legarda / Lacson),MANILA,3,1,BARANGAY 422,,,14.605459,121.001827,,,,,,,24,2021-05-02,OSP
MNL035 LP452 NP1-2,MNL035,LP452,NP1-2,MNL035 LP452,Pureza (Legarda / Lacson),MANILA,3,1,BARANGAY 422,,,14.604658,121.002125,,,,,,,16,2021-05-02,OSP
MNL035 LP452 NP3-4-5,MNL035,LP452,NP3-4-5,MNL035 LP452,Pureza (Legarda / Lacson),MANILA,3,1,BARANGAY 422,,,14.605234,121.002311,,,,,,,24,2021-05-02,OSP
MNL035 LP452 NP6-7-8,MNL035,LP452,NP6-7-8,MNL035 LP452,Pureza (Legarda / Lacson),MANILA,3,1,BARANGAY 422,,,14.605833,121.0021,,,,,,,24,2021-05-02,OSP
MNL035 LP453 NP1-2,MNL035,LP453,NP1-2,MNL035 LP453,Pureza (Legarda / Lacson),MANILA,3,1,BARANGAY 422,,,14.60607,121.002449,,,,,,,16,2021-05-02,OSP
MNL035 LP453 NP3-4-5,MNL035,LP453,NP3-4-5,MNL035 LP453,Pureza (Legarda / Lacson),MANILA,3,1,BARANGAY 422,,,14.605741,121.002565,,,,,,,24,2021-05-02,OSP
MNL035 LP453 NP6-7-8,MNL035,LP453,NP6-7-8,MNL035 LP453,Pureza (Legarda / Lacson),MANILA,3,1,BARANGAY 422,,,14.605368,121.002703,,,,,,,24,2021-05-02,OSP
MNL002 LP274 NP7-8,MNL002,LP274,NP7-8,MNL002 LP274,Don Quintos,MANILA,3,1,BARANGAY 423,,,14.605764,121.001238,,,,,,,16,2019-11-14,OSP
MNL002 LP98 NP3-4,MNL002,LP98,NP3-4,MNL002 LP98,Don Quintos,MANILA,3,1,BARANGAY 423,,,14.605557,121.000923,,,,,,,16,2018-05-22,OSP
MNL002 LP332 NP1-2,MNL002,LP332,NP1-2,MNL002 LP332,Don Quintos,MANILA,3,1,BARANGAY 423,,,14.603215,121.001864,,,,,,,16,2020-02-05,OSP
MNL002 LP334 NP3-4,MNL002,LP334,NP3-4,MNL002 LP334,Don Quintos,MANILA,3,1,BARANGAY 423,,,14.60536,121.000606,,,,,,,16,2020-02-05,OSP
MNL002 LP330 NP3-4,MNL002,LP330,NP3-4,MNL002 LP330,Don Quintos,MANILA,3,1,BARANGAY 423,,,14.604414,121.001456,,,,,,,16,2020-02-05,OSP
MNL002 LP330 NP5-6,MNL002,LP330,NP5-6,MNL002 LP330,Don Quintos,MANILA,3,1,BARANGAY 423,,,14.604313,121.000705,,,,,,,16,2020-02-05,OSP
MNL002 LP48 NP1-2,MNL002,LP48,NP1-2,MNL002 LP48,Don Quintos,MANILA,3,1,BARANGAY 423,,,14.603161,121.001866,,,,,,,16,2018-01-08,OSP
MNL002 LP48 NP5-6,MNL002,LP48,NP5-6,MNL002 LP48,Don Quintos,MANILA,3,1,BARANGAY 423,,,14.604591,121.001613,,,,,,,16,2018-01-08,OSP
MNL035 LP8 NP1-2,MNL035,LP8,NP1-2,MNL035 LP8,Pureza (Legarda / Lacson),MANILA,3,1,BARANGAY 423,,,14.605213,121.00115,,,,,,,16,2021-04-28,OSP
MNL035 LP7 NP7-8,MNL035,LP7,NP7-8,MNL035 LP7,Pureza (Legarda / Lacson),MANILA,3,1,BARANGAY 423,,,14.604527,121.001392,,,,,,,16,2021-04-28,OSP
MNL035 LP450 NP3-4-5,MNL035,LP450,NP3-4-5,MNL035 LP450,Pureza (Legarda / Lacson),MANILA,3,1,BARANGAY 423,,,14.604495,121.000928,,,,,,,24,2021-05-02,OSP
MNL035 LP450 NP6-7-8,MNL035,LP450,NP6-7-8,MNL035 LP450,Pureza (Legarda / Lacson),MANILA,3,1,BARANGAY 423,,,14.604751,121.000827,,,,,,,24,2021-05-02,OSP
MNL035 LP451 NP1-2,MNL035,LP451,NP1-2,MNL035 LP451,Pureza (Legarda / Lacson),MANILA,3,1,BARANGAY 423,,,14.604514,121.001704,,,,,,,16,2021-05-02,OSP
MNL035 LP451 NP3-4-5,MNL035,LP451,NP3-4-5,MNL035 LP451,Pureza (Legarda / Lacson),MANILA,3,1,BARANGAY 423,,,14.605161,121.001533,,,,,,,24,2021-05-02,OSP
MNL046 LP36 NP1-2,MNL046,LP36,NP1-2,MNL046 LP36,Reten Apartment,MANILA,3,1,BARANGAY 423,,,14.605775,121.00124,,,,,,,16,2022-04-04,OSP
MNL002 LP337 NP3-4,MNL002,LP337,NP3-4,MNL002 LP337,Don Quintos,MANILA,3,1,BARANGAY 424,,,14.601622,121.001429,,,,,,,16,2020-02-05,OSP
MNL002 LP337 NP5-6,MNL002,LP337,NP5-6,MNL002 LP337,Don Quintos,MANILA,3,1,BARANGAY 424,,,14.601653,121.002282,,,,,,,16,2020-02-05,OSP
MNL002 LP337 NP7-8,MNL002,LP337,NP7-8,MNL002 LP337,Don Quintos,MANILA,3,1,BARANGAY 424,,,14.602394,121.002155,,,,,,,16,2020-02-05,OSP
MNL002 LP330 NP7-8,MNL002,LP330,NP7-8,MNL002 LP330,Don Quintos,MANILA,3,1,BARANGAY 424,,,14.603864,121.000846,,,,,,,16,2020-02-05,OSP
MNL002 LP331 NP1-2,MNL002,LP331,NP1-2,MNL002 LP331,Don Quintos,MANILA,3,1,BARANGAY 424,,,14.602985,121.001161,,,,,,,16,2020-02-05,OSP
MNL002 LP331 NP5-6,MNL002,LP331,NP5-6,MNL002 LP331,Don Quintos,MANILA,3,1,BARANGAY 424,,,14.60269,121.001611,,,,,,,16,2020-02-05,OSP
MNL002 LP331 NP7-8,MNL002,LP331,NP7-8,MNL002 LP331,Don Quintos,MANILA,3,1,BARANGAY 424,,,14.602065,121.001837,,,,,,,16,2020-02-05,OSP
MNL002 LP48 NP3-4,MNL002,LP48,NP3-4,MNL002 LP48,Don Quintos,MANILA,3,1,BARANGAY 424,,,14.604116,121.001335,,,,,,,16,2018-01-08,OSP
MNL002 LP50 NP3-4,MNL002,LP50,NP3-4,MNL002 LP50,Don Quintos,MANILA,3,1,BARANGAY 424,,,14.603858,121.000895,,,,,,,16,2018-01-08,OSP
MNL002 LP50 NP5-6,MNL002,LP50,NP5-6,MNL002 LP50,Don Quintos,MANILA,3,1,BARANGAY 424,,,14.603229,121.000988,,,,,,,16,2018-01-08,OSP
MNL002 LP50 NP7-8,MNL002,LP50,NP7-8,MNL002 LP50,Don Quintos,MANILA,3,1,BARANGAY 424,,,14.602616,121.001131,,,,,,,16,2018-01-08,OSP
MNL002 LP47 NP7-8,MNL002,LP47,NP7-8,MNL002 LP47,Don Quintos,MANILA,3,1,BARANGAY 424,,,14.601977,121.001486,,,,,,,16,2020-08-06,OSP
MNL035 LP7 NP5-6,MNL035,LP7,NP5-6,MNL035 LP7,Pureza (Legarda / Lacson),MANILA,3,1,BARANGAY 424,,,14.603798,121.001646,,,,,,,16,2021-04-28,OSP
MNL035 LP448 NP3-4-5,MNL035,LP448,NP3-4-5,MNL035 LP448,Pureza (Legarda / Lacson),MANILA,3,1,BARANGAY 424,,,14.60183,121.002328,,,,,,,24,2021-05-02,OSP
MNL035 LP448 NP6-7-8,MNL035,LP448,NP6-7-8,MNL035 LP448,Pureza (Legarda / Lacson),MANILA,3,1,BARANGAY 424,,,14.602666,121.002037,,,,,,,24,2021-05-02,OSP
MNL035 LP449 NP1-2,MNL035,LP449,NP1-2,MNL035 LP449,Pureza (Legarda / Lacson),MANILA,3,1,BARANGAY 424,,,14.602975,121.001492,,,,,,,16,2021-05-02,OSP
MNL035 LP449 NP3-4-5,MNL035,LP449,NP3-4-5,MNL035 LP449,Pureza (Legarda / Lacson),MANILA,3,1,BARANGAY 424,,,14.602049,121.001815,,,,,,,24,2021-05-02,OSP
MNL035 LP449 NP6-7-8,MNL035,LP449,NP6-7-8,MNL035 LP449,Pureza (Legarda / Lacson),MANILA,3,1,BARANGAY 424,,,14.601567,121.001913,,,,,,,24,2021-05-02,OSP
MNL035 LP450 NP1-2,MNL035,LP450,NP1-2,MNL035 LP450,Pureza (Legarda / Lacson),MANILA,3,1,BARANGAY 424,,,14.603716,121.001232,,,,,,,16,2021-05-02,OSP
MNL035 LP465 NP3-4-5,MNL035,LP465,NP3-4-5,MNL035 LP465,Pureza (Legarda / Lacson),MANILA,3,1,BARANGAY 424,,,14.6038,121.000723,,,,,,,24,2021-05-02,OSP
MNL035 LP465 NP6-7-8,MNL035,LP465,NP6-7-8,MNL035 LP465,Pureza (Legarda / Lacson),MANILA,3,1,BARANGAY 424,,,14.603242,121.000921,,,,,,,24,2021-05-02,OSP
MNL035 LP466 NP1-2,MNL035,LP466,NP1-2,MNL035 LP466,Pureza (Legarda / Lacson),MANILA,3,1,BARANGAY 424,,,14.602635,121.001139,,,,,,,16,2021-05-02,OSP
MNL035 LP466 NP3-4-5,MNL035,LP466,NP3-4-5,MNL035 LP466,Pureza (Legarda / Lacson),MANILA,3,1,BARANGAY 424,,,14.602545,121.001307,,,,,,,24,2021-05-02,OSP
MNL035 LP466 NP6-7-8,MNL035,LP466,NP6-7-8,MNL035 LP466,Pureza (Legarda / Lacson),MANILA,3,1,BARANGAY 424,,,14.602251,121.001406,,,,,,,24,2021-05-02,OSP
MNL002 LP332 NP5-6,MNL002,LP332,NP5-6,MNL002 LP332,Don Quintos,MANILA,3,1,BARANGAY 425,,,14.602519,121.002505,,,,,,,16,2020-02-05,OSP
MNL002 LP332 NP7-8,MNL002,LP332,NP7-8,MNL002 LP332,Don Quintos,MANILA,3,1,BARANGAY 425,,,14.602341,121.003244,,,,,,,16,2020-02-05,OSP
MNL002 LP333 NP1-2,MNL002,LP333,NP1-2,MNL002 LP333,Don Quintos,MANILA,3,1,BARANGAY 425,,,14.602763,121.003332,,,,,,,16,2020-02-05,OSP
MNL002 LP333 NP3-4,MNL002,LP333,NP3-4,MNL002 LP333,Don Quintos,MANILA,3,1,BARANGAY 425,,,14.602767,121.002941,,,,,,,16,2020-08-06,OSP
MNL002 LP333 NP7-8,MNL002,LP333,NP7-8,MNL002 LP333,Don Quintos,MANILA,3,1,BARANGAY 425,,,14.602998,121.004027,,,,,,,16,2020-08-06,OSP
MNL002 LP47 NP1-2,MNL002,LP47,NP1-2,MNL002 LP47,Don Quintos,MANILA,3,1,BARANGAY 425,,,14.601749,121.004065,,,,,,,16,2018-01-08,OSP
MNL002 LP47 NP3-4,MNL002,LP47,NP3-4,MNL002 LP47,Don Quintos,MANILA,3,1,BARANGAY 425,,,14.6016,121.002896,,,,,,,16,2018-01-08,OSP
MNL002 LP40 NP1-2,MNL002,LP40,NP1-2,MNL002 LP40,Don Quintos,MANILA,3,1,BARANGAY 425,,,14.602238,121.004199,,,,,,,16,2018-01-08,OSP
MNL002 LP40 NP3-4,MNL002,LP40,NP3-4,MNL002 LP40,Don Quintos,MANILA,3,1,BARANGAY 425,,,14.603195,121.003936,,,,,,,16,2018-01-08,OSP
MNL002 LP40 NP5-6,MNL002,LP40,NP5-6,MNL002 LP40,Don Quintos,MANILA,3,1,BARANGAY 425,,,14.602268,121.003002,,,,,,,16,2018-01-08,OSP
MNL002 LP40 NP7-8,MNL002,LP40,NP7-8,MNL002 LP40,Don Quintos,MANILA,3,1,BARANGAY 425,,,14.602375,121.003782,,,,,,,16,2020-08-06,OSP
MNL035 LP7 NP1-2,MNL035,LP7,NP1-2,MNL035 LP7,Pureza (Legarda / Lacson),MANILA,3,1,BARANGAY 425,,,14.602385,121.004296,,,,,,,16,2021-04-28,OSP
MNL035 LP7 NP3-4,MNL035,LP7,NP3-4,MNL035 LP7,Pureza (Legarda / Lacson),MANILA,3,1,BARANGAY 425,,,14.603226,121.003987,,,,,,,16,2021-04-28,OSP
MNL035 LP448 NP1-2,MNL035,LP448,NP1-2,MNL035 LP448,Pureza (Legarda / Lacson),MANILA,3,1,BARANGAY 425,,,14.601654,121.002742,,,,,,,16,2021-05-02,OSP
MNL035 LP467 NP3-4,MNL035,LP467,NP3-4,MNL035 LP467,Pureza (Legarda / Lacson),MANILA,3,1,BARANGAY 425,,,14.602537,121.002511,,,,,,,16,2021-05-02,OSP
MNL035 LP467 NP1-2,MNL035,LP467,NP1-2,MNL035 LP467,Pureza (Legarda / Lacson),MANILA,3,1,BARANGAY 425,,,14.602306,121.003149,,,,,,,16,2021-05-02,OSP
MNL002 LP329 NP7-8,MNL002,LP329,NP7-8,MNL002 LP329,Don Quintos,MANILA,3,1,BARANGAY 426,,,14.602623,121.007082,,,,,,,16,2020-02-05,OSP
MNL002 LP43 NP7-8,MNL002,LP43,NP7-8,MNL002 LP43,Don Quintos,MANILA,3,1,BARANGAY 426,,,14.602168,121.007408,,,,,,,16,2020-08-06,OSP
MNL002 LP44 NP3-4,MNL002,LP44,NP3-4,MNL002 LP44,Don Quintos,MANILA,3,1,BARANGAY 426,,,14.602468,121.006639,,,,,,,16,2018-01-08,OSP
MNL002 LP44 NP5-6,MNL002,LP44,NP5-6,MNL002 LP44,Don Quintos,MANILA,3,1,BARANGAY 426,,,14.602484,121.007153,,,,,,,16,2018-01-08,OSP
MNL002 LP44 NP7-8,MNL002,LP44,NP7-8,MNL002 LP44,Don Quintos,MANILA,3,1,BARANGAY 426,,,14.602556,121.007507,,,,,,,16,2020-08-06,OSP
MNL002 LP45 NP7-8,MNL002,LP45,NP7-8,MNL002 LP45,Don Quintos,MANILA,3,1,BARANGAY 426,,,14.602438,121.006217,,,,,,,16,2020-08-06,OSP
MNL002 LP43 NP3-4,MNL002,LP43,NP3-4,MNL002 LP43,Don Quintos,MANILA,3,1,BARANGAY 426,,,14.601907,121.006948,,,,,,,16,2018-01-08,OSP
MNL002 LP43 NP5-6,MNL002,LP43,NP5-6,MNL002 LP43,Don Quintos,MANILA,3,1,BARANGAY 426,,,14.602259,121.008099,,,,,,,16,2018-01-08,OSP
MNL035 LP1 NP4-5-6,MNL035,LP1,NP4-5-6,MNL035 LP1,Pureza (Legarda / Lacson),MANILA,3,1,BARANGAY 426,,,14.602089,121.006915,,,,,,,24,2021-04-29,OSP
MNL035 LP1 NP7-8,MNL035,LP1,NP7-8,MNL035 LP1,Pureza (Legarda / Lacson),MANILA,3,1,BARANGAY 426,,,14.602237,121.008069,,,,,,,16,2021-04-29,OSP
MNL035 LP470 NP3-4,MNL035,LP470,NP3-4,MNL035 LP470,Pureza (Legarda / Lacson),MANILA,3,1,BARANGAY 426,,,14.602354,121.00557,,,,,,,16,2021-05-02,OSP
MNL035 LP470 NP5-6,MNL035,LP470,NP5-6,MNL035 LP470,Pureza (Legarda / Lacson),MANILA,3,1,BARANGAY 426,,,14.602445,121.006487,,,,,,,16,2021-05-02,OSP
MNL035 LP470 NP7-8,MNL035,LP470,NP7-8,MNL035 LP470,Pureza (Legarda / Lacson),MANILA,3,1,BARANGAY 426,,,14.602526,121.007251,,,,,,,16,2021-05-02,OSP
MNL002 LP44 NP1-2,MNL002,LP44,NP1-2,MNL002 LP44,Don Quintos,MANILA,3,1,BARANGAY 427,,,14.602293,121.005206,,,,,,,16,2018-01-08,OSP
MNL002 LP45 NP1-2,MNL002,LP45,NP1-2,MNL002 LP45,Don Quintos,MANILA,3,1,BARANGAY 427,,,14.602717,121.004917,,,,,,,16,2018-01-08,OSP
MNL002 LP41 NP3-4,MNL002,LP41,NP3-4,MNL002 LP41,Don Quintos,MANILA,3,1,BARANGAY 427,,,14.603484,121.004304,,,,,,,16,2018-01-08,OSP
MNL002 LP42 NP1-2,MNL002,LP42,NP1-2,MNL002 LP42,Don Quintos,MANILA,3,1,BARANGAY 427,,,14.602674,121.004508,,,,,,,16,2018-01-08,OSP
MNL002 LP42 NP3-4,MNL002,LP42,NP3-4,MNL002 LP42,Don Quintos,MANILA,3,1,BARANGAY 427,,,14.601852,121.004817,,,,,,,16,2018-01-08,OSP
MNL002 LP42 NP5-6,MNL002,LP42,NP5-6,MNL002 LP42,Don Quintos,MANILA,3,1,BARANGAY 427,,,14.603199,121.004428,,,,,,,16,2020-08-06,OSP
MNL002 LP43 NP1-2,MNL002,LP43,NP1-2,MNL002 LP43,Don Quintos,MANILA,3,1,BARANGAY 427,,,14.601816,121.005233,,,,,,,16,2018-01-08,OSP
MNL035 LP1 NP1-2-3,MNL035,LP1,NP1-2-3,MNL035 LP1,Pureza (Legarda / Lacson),MANILA,3,1,BARANGAY 427,,,14.601918,121.005316,,,,,,,24,2021-04-29,OSP
MNL035 LP469 NP5-6,MNL035,LP469,NP5-6,MNL035 LP469,Pureza (Legarda / Lacson),MANILA,3,1,BARANGAY 427,,,14.60306,121.004524,,,,,,,16,2021-05-02,OSP
MNL035 LP469 NP7-8,MNL035,LP469,NP7-8,MNL035 LP469,Pureza (Legarda / Lacson),MANILA,3,1,BARANGAY 427,,,14.602726,121.004642,,,,,,,16,2021-05-02,OSP
MNL035 LP470 NP1-2,MNL035,LP470,NP1-2,MNL035 LP470,Pureza (Legarda / Lacson),MANILA,3,1,BARANGAY 427,,,14.601892,121.004942,,,,,,,16,2021-05-02,OSP
MNL035 LP471 NP7-8,MNL035,LP471,NP7-8,MNL035 LP471,Pureza (Legarda / Lacson),MANILA,3,1,BARANGAY 427,,,14.602966,121.004965,,,,,,,16,2021-05-02,OSP
MNL002 LP328 NP5-6,MNL002,LP328,NP5-6,MNL002 LP328,Don Quintos,MANILA,3,1,BARANGAY 428,,,14.604019,121.004387,,,,,,,16,2020-02-05,OSP
MNL002 LP328 NP7-8,MNL002,LP328,NP7-8,MNL002 LP328,Don Quintos,MANILA,3,1,BARANGAY 428,,,14.60364,121.004862,,,,,,,16,2020-02-05,OSP
MNL002 LP329 NP1-2,MNL002,LP329,NP1-2,MNL002 LP329,Don Quintos,MANILA,3,1,BARANGAY 428,,,14.603171,121.00573,,,,,,,16,2020-02-05,OSP
MNL002 LP329 NP3-4,MNL002,LP329,NP3-4,MNL002 LP329,Don Quintos,MANILA,3,1,BARANGAY 428,,,14.602953,121.005995,,,,,,,16,2020-02-05,OSP
MNL002 LP329 NP5-6,MNL002,LP329,NP5-6,MNL002 LP329,Don Quintos,MANILA,3,1,BARANGAY 428,,,14.602756,121.006625,,,,,,,16,2020-02-05,OSP
MNL002 LP45 NP3-4,MNL002,LP45,NP3-4,MNL002 LP45,Don Quintos,MANILA,3,1,BARANGAY 428,,,14.602824,121.005483,,,,,,,16,2018-01-08,OSP
MNL002 LP45 NP5-6,MNL002,LP45,NP5-6,MNL002 LP45,Don Quintos,MANILA,3,1,BARANGAY 428,,,14.602883,121.006007,,,,,,,16,2018-01-08,OSP
MNL002 LP46 NP1-2,MNL002,LP46,NP1-2,MNL002 LP46,Don Quintos,MANILA,3,1,BARANGAY 428,,,14.603111,121.005666,,,,,,,16,2018-01-08,OSP
MNL002 LP46 NP3-4,MNL002,LP46,NP3-4,MNL002 LP46,Don Quintos,MANILA,3,1,BARANGAY 428,,,14.603382,121.005153,,,,,,,16,2018-01-08,OSP
MNL002 LP46 NP5-6,MNL002,LP46,NP5-6,MNL002 LP46,Don Quintos,MANILA,3,1,BARANGAY 428,,,14.603974,121.004379,,,,,,,16,2018-01-08,OSP
MNL035 LP469 NP3-4,MNL035,LP469,NP3-4,MNL035 LP469,Pureza (Legarda / Lacson),MANILA,3,1,BARANGAY 428,,,14.603996,121.004369,,,,,,,16,2021-05-02,OSP
MNL035 LP471 NP1-2,MNL035,LP471,NP1-2,MNL035 LP471,Pureza (Legarda / Lacson),MANILA,3,1,BARANGAY 428,,,14.602944,121.006,,,,,,,16,2021-05-02,OSP
MNL035 LP471 NP3-4,MNL035,LP471,NP3-4,MNL035 LP471,Pureza (Legarda / Lacson),MANILA,3,1,BARANGAY 428,,,14.603257,121.005502,,,,,,,16,2021-05-02,OSP
MNL035 LP471 NP5-6,MNL035,LP471,NP5-6,MNL035 LP471,Pureza (Legarda / Lacson),MANILA,3,1,BARANGAY 428,,,14.603642,121.004824,,,,,,,16,2021-05-02,OSP
MNL002 LP60 NP1-2,MNL002,LP60,NP1-2,MNL002 LP60,Don Quintos,MANILA,3,1,BARANGAY 429,,,14.606852,120.995748,,,,,,,16,2018-02-04,OSP
MNL002 LP196 NP3-4,MNL002,LP196,NP3-4,MNL002 LP196,Don Quintos,MANILA,3,1,BARANGAY 429,,,14.60728,120.9957,,,,,,,16,2019-05-31,OSP
MNL002 LP196 NP5-6,MNL002,LP196,NP5-6,MNL002 LP196,Don Quintos,MANILA,3,1,BARANGAY 429,,,14.60691,120.9961,,,,,,,16,2019-05-31,OSP
MNL002 LP196 NP7-8,MNL002,LP196,NP7-8,MNL002 LP196,Don Quintos,MANILA,3,1,BARANGAY 429,,,14.60639,120.9966,,,,,,,16,2019-05-31,OSP
MNL046 LP6 NP1-2,MNL046,LP6,NP1-2,MNL046 LP6,Reten Apartment,MANILA,3,1,BARANGAY 429,,,14.606741,120.99577,,,,,,,16,2022-03-10,OSP
MNL046 LP5 NP7-8,MNL046,LP5,NP7-8,MNL046 LP5,Reten Apartment,MANILA,3,1,BARANGAY 429,,,14.607087,120.99545,,,,,,,16,2022-03-10,OSP
MNL046 LP4 NP6-8,MNL046,LP4,NP6-8,MNL046 LP4,Reten Apartment,MANILA,3,1,BARANGAY 429,,,14.606467,120.99654,,,,,,,24,2022-03-10,OSP
MNL046 LP4 NP1-2,MNL046,LP4,NP1-2,MNL046 LP4,Reten Apartment,MANILA,3,1,BARANGAY 429,,,14.607096,120.99592,,,,,,,16,2022-03-10,OSP
MNL046 LP4 NP3-5,MNL046,LP4,NP3-5,MNL046 LP4,Reten Apartment,MANILA,3,1,BARANGAY 429,,,14.606644,120.99634,,,,,,,24,2022-03-10,OSP
MNL046 LP327 NP7-8,MNL046,LP327,NP7-8,MNL046 LP327,Reten Apartment,MANILA,3,1,BARANGAY 429,,,14.606385,120.996651,,,,,,,16,2024-01-11,OSP
MNL046 LP328 NP3-4,MNL046,LP328,NP3-4,MNL046 LP328,Reten Apartment,MANILA,3,1,BARANGAY 429,,,14.607281,120.995334,,,,,,,16,2024-01-11,OSP
MNL046 LP328 NP5-6,MNL046,LP328,NP5-6,MNL046 LP328,Reten Apartment,MANILA,3,1,BARANGAY 429,,,14.606779,120.995804,,,,,,,16,2024-01-11,OSP
MNL046 LP328 NP7-8,MNL046,LP328,NP7-8,MNL046 LP328,Reten Apartment,MANILA,3,1,BARANGAY 429,,,14.606386,120.996203,,,,,,,16,2024-01-11,OSP
MNL046 LP329 NP1-2,MNL046,LP329,NP1-2,MNL046 LP329,Reten Apartment,MANILA,3,1,BARANGAY 429,,,14.606144,120.99644,,,,,,,16,2024-01-11,OSP
MNL046 LP326 NP1-2,MNL046,LP326,NP1-2,MNL046 LP326,Reten Apartment,MANILA,3,1,BARANGAY 429,,,14.607785,120.995293,,,,,,,16,2024-01-11,OSP
MNL046 LP326 NP3-4,MNL046,LP326,NP3-4,MNL046 LP326,Reten Apartment,MANILA,3,1,BARANGAY 429,,,14.607623,120.995452,,,,,,,16,2024-01-11,OSP
MNL046 LP326 NP5-6,MNL046,LP326,NP5-6,MNL046 LP326,Reten Apartment,MANILA,3,1,BARANGAY 429,,,14.607434,120.995691,,,,,,,16,2024-01-11,OSP
MNL046 LP326 NP7-8,MNL046,LP326,NP7-8,MNL046 LP326,Reten Apartment,MANILA,3,1,BARANGAY 429,,,14.607121,120.995939,,,,,,,16,2024-01-11,OSP
MNL046 LP327 NP1-2,MNL046,LP327,NP1-2,MNL046 LP327,Reten Apartment,MANILA,3,1,BARANGAY 429,,,14.60683,120.99622,,,,,,,16,2024-01-11,OSP
MNL046 LP327 NP3-4,MNL046,LP327,NP3-4,MNL046 LP327,Reten Apartment,MANILA,3,1,BARANGAY 429,,,14.60664,120.996404,,,,,,,16,2024-01-11,OSP
MNL046 LP327 NP5-6,MNL046,LP327,NP5-6,MNL046 LP327,Reten Apartment,MANILA,3,1,BARANGAY 429,,,14.606481,120.99655,,,,,,,16,2024-01-11,OSP
MNL046 LP3 NP3-5,MNL046,LP3,NP3-5,MNL046 LP3,Reten Apartment,MANILA,3,1,BARANGAY 429,,,14.607646,120.99539,,,,,,,24,2022-03-10,OSP
MNL046 LP3 NP6-8,MNL046,LP3,NP6-8,MNL046 LP3,Reten Apartment,MANILA,3,1,BARANGAY 429,,,14.607528,120.99551,,,,,,,24,2022-03-10,OSP
MNL003 LP164 NP5-6,MNL003,LP164,NP5-6,MNL003 LP164,City Square,MANILA,3,1,BARANGAY 43,,,14.6094893,120.9622882,,,,,,,16,2019-01-29,OSP
MNL003 LP212 NP7-8,MNL003,LP212,NP7-8,MNL003 LP212,City Square,MANILA,3,1,BARANGAY 43,,,14.60802971,120.9623088,,,,,,,16,2019-02-12,OSP
MNL003 LP213 NP1-2,MNL003,LP213,NP1-2,MNL003 LP213,City Square,MANILA,3,1,BARANGAY 43,,,14.60832264,120.9623026,,,,,,,16,2019-02-12,OSP
MNL003 LP213 NP3-4,MNL003,LP213,NP3-4,MNL003 LP213,City Square,MANILA,3,1,BARANGAY 43,,,14.60875617,120.9622685,,,,,,,16,2019-02-12,OSP
MNL003 LP213 NP5-6,MNL003,LP213,NP5-6,MNL003 LP213,City Square,MANILA,3,1,BARANGAY 43,,,14.60898196,120.9619557,,,,,,,16,2019-02-12,OSP
MNL003 LP213 NP7-8,MNL003,LP213,NP7-8,MNL003 LP213,City Square,MANILA,3,1,BARANGAY 43,,,14.60897869,120.9618152,,,,,,,16,2019-02-12,OSP
MNL003 LP214 NP1-2,MNL003,LP214,NP1-2,MNL003 LP214,City Square,MANILA,3,1,BARANGAY 43,,,14.60896449,120.9616674,,,,,,,16,2019-02-12,OSP
MNL003 LP214 NP3-4,MNL003,LP214,NP3-4,MNL003 LP214,City Square,MANILA,3,1,BARANGAY 43,,,14.60842683,120.9616743,,,,,,,16,2019-02-12,OSP
MNL003 LP214 NP5-6,MNL003,LP214,NP5-6,MNL003 LP214,City Square,MANILA,3,1,BARANGAY 43,,,14.60798628,120.9618483,,,,,,,16,2019-02-12,OSP
MNL005 LP240 NP1-2,MNL005,LP240,NP1-2,MNL005 LP240,Orchard Building (City Square 2),MANILA,3,1,BARANGAY 43,,,14.60948,120.962226,,,,,,,16,2021-09-25,OSP
MNL005 LP38 NP1-2,MNL005,LP38,NP1-2,MNL005 LP38,Orchard Building (City Square 2),MANILA,3,1,BARANGAY 43,,,14.608709,120.961894,,,,,,,16,2020-09-25,OSP
MNL005 LP38 NP3-4,MNL005,LP38,NP3-4,MNL005 LP38,Orchard Building (City Square 2),MANILA,3,1,BARANGAY 43,,,14.609301,120.962227,,,,,,,16,2020-09-25,OSP
MNL005 LP37 NP5-6,MNL005,LP37,NP5-6,MNL005 LP37,Orchard Building (City Square 2),MANILA,3,1,BARANGAY 43,,,14.607986,120.961844,,,,,,,16,2020-09-25,OSP
MNL005 LP37 NP7-8,MNL005,LP37,NP7-8,MNL005 LP37,Orchard Building (City Square 2),MANILA,3,1,BARANGAY 43,,,14.608505,120.961886,,,,,,,16,2020-09-25,OSP
MNL005 LP325 NP6-8,MNL005,LP325,NP6-8,MNL005 LP325,Orchard Building (City Square 2),MANILA,3,1,BARANGAY 43,,,14.609201,120.961823,,,,,,,24,2021-11-17,OSP
MNL005 LP326 NP1-2,MNL005,LP326,NP1-2,MNL005 LP326,Orchard Building (City Square 2),MANILA,3,1,BARANGAY 43,,,14.60875,120.962261,,,,,,,16,2021-11-17,OSP
MNL005 LP326 NP3-5,MNL005,LP326,NP3-5,MNL005 LP326,Orchard Building (City Square 2),MANILA,3,1,BARANGAY 43,,,14.60832,120.962293,,,,,,,24,2021-11-17,OSP
MNL005 LP326 NP6-8,MNL005,LP326,NP6-8,MNL005 LP326,Orchard Building (City Square 2),MANILA,3,1,BARANGAY 43,,,14.608277,120.961986,,,,,,,24,2021-11-17,OSP
MNL005 LP327 NP1-2,MNL005,LP327,NP1-2,MNL005 LP327,Orchard Building (City Square 2),MANILA,3,1,BARANGAY 43,,,14.608855,120.962263,,,,,,,16,2021-11-17,OSP
MNL005 LP327 NP3-5,MNL005,LP327,NP3-5,MNL005 LP327,Orchard Building (City Square 2),MANILA,3,1,BARANGAY 43,,,14.609039,120.962249,,,,,,,24,2021-11-17,OSP
MNL005 LP327 NP6-8,MNL005,LP327,NP6-8,MNL005 LP327,Orchard Building (City Square 2),MANILA,3,1,BARANGAY 43,,,14.60925,120.962245,,,,,,,24,2021-11-17,OSP
MNL005 LP324 NP1-2,MNL005,LP324,NP1-2,MNL005 LP324,Orchard Building (City Square 2),MANILA,3,1,BARANGAY 43,,,14.608212,120.961694,,,,,,,16,2021-11-17,OSP
MNL005 LP324 NP3-5,MNL005,LP324,NP3-5,MNL005 LP324,Orchard Building (City Square 2),MANILA,3,1,BARANGAY 43,,,14.608418,120.961683,,,,,,,24,2021-11-17,OSP
MNL005 LP314 NP6-8,MNL005,LP314,NP6-8,MNL005 LP314,Orchard Building (City Square 2),MANILA,3,1,BARANGAY 43,,,14.608033,120.962307,,,,,,,24,2021-11-17,OSP
MNL002 LP263 NP7-8,MNL002,LP263,NP7-8,MNL002 LP263,Don Quintos,MANILA,3,1,BARANGAY 430,,,14.606383,120.994293,,,,,,,16,2019-12-02,OSP
MNL002 LP261 NP7-8,MNL002,LP261,NP7-8,MNL002 LP261,Don Quintos,MANILA,3,1,BARANGAY 430,,,14.606031,120.993979,,,,,,,16,2019-12-02,OSP
MNL002 LP73 NP1-2,MNL002,LP73,NP1-2,MNL002 LP73,Don Quintos,MANILA,3,1,BARANGAY 430,,,14.605403,120.9948,,,,,,,16,2018-04-24,OSP
MNL046 LP106 NP3-4,MNL046,LP106,NP3-4,MNL046 LP106,Reten Apartment,MANILA,3,1,BARANGAY 430,,,14.60572,120.99443,,,,,,,16,2022-03-10,OSP
MNL046 LP88 NP1-2,MNL046,LP88,NP1-2,MNL046 LP88,Reten Apartment,MANILA,3,1,BARANGAY 430,,,14.606423,120.994319,,,,,,,16,2022-03-10,OSP
MNL046 LP88 NP3-4,MNL046,LP88,NP3-4,MNL046 LP88,Reten Apartment,MANILA,3,1,BARANGAY 430,,,14.60596,120.994759,,,,,,,16,2022-03-10,OSP
MNL002 LP264 NP3-4,MNL002,LP264,NP3-4,MNL002 LP264,Don Quintos,MANILA,3,1,BARANGAY 431,,,14.606609,120.994629,,,,,,,16,2019-12-02,OSP
MNL002 LP265 NP3-4,MNL002,LP265,NP3-4,MNL002 LP265,Don Quintos,MANILA,3,1,BARANGAY 431,,,14.606423,120.995232,,,,,,,16,2019-12-02,OSP
MNL002 LP73 NP3-4,MNL002,LP73,NP3-4,MNL002 LP73,Don Quintos,MANILA,3,1,BARANGAY 431,,,14.605868,120.995302,,,,,,,16,2018-04-24,OSP
MNL002 LP73 NP5-6,MNL002,LP73,NP5-6,MNL002 LP73,Don Quintos,MANILA,3,1,BARANGAY 431,,,14.606119,120.995597,,,,,,,16,2018-04-24,OSP
MNL046 LP83 NP3-4,MNL046,LP83,NP3-4,MNL046 LP83,Reten Apartment,MANILA,3,1,BARANGAY 431,,,14.606749,120.995508,,,,,,,16,2022-03-10,OSP
MNL046 LP86 NP1-2,MNL046,LP86,NP1-2,MNL046 LP86,Reten Apartment,MANILA,3,1,BARANGAY 431,,,14.60643,120.994777,,,,,,,16,2022-03-10,OSP
MNL046 LP86 NP7-8,MNL046,LP86,NP7-8,MNL046 LP86,Reten Apartment,MANILA,3,1,BARANGAY 431,,,14.606889,120.994871,,,,,,,16,2022-03-10,OSP
MNL046 LP87 NP1-2,MNL046,LP87,NP1-2,MNL046 LP87,Reten Apartment,MANILA,3,1,BARANGAY 431,,,14.606446,120.995287,,,,,,,16,2022-03-10,OSP
MNL046 LP87 NP3-4,MNL046,LP87,NP3-4,MNL046 LP87,Reten Apartment,MANILA,3,1,BARANGAY 431,,,14.606094,120.995553,,,,,,,16,2022-03-10,OSP
MNL046 LP83 NP1-2,MNL046,LP83,NP1-2,MNL046 LP83,Reten Apartment,MANILA,3,1,BARANGAY 431,,,14.607238,120.995022,,,,,,,16,2022-03-10,OSP
MNL001 LP14 NP1-2,MNL001,LP14,NP1-2,MNL001 LP14,Zen Tower,MANILA,3,1,BARANGAY 431,,,14.606389,120.995767,,,,,,,16,2015-07-27,OSP
MNL002 LP60 NP5-6,MNL002,LP60,NP5-6,MNL002 LP60,Don Quintos,MANILA,3,1,BARANGAY 432,,,14.605511,120.998079,,,,,,,16,2018-02-04,OSP
MNL002 LP60 NP7-8,MNL002,LP60,NP7-8,MNL002 LP60,Don Quintos,MANILA,3,1,BARANGAY 432,,,14.605379,120.997461,,,,,,,16,2020-08-04,OSP
MNL002 LP338 NP5-6,MNL002,LP338,NP5-6,MNL002 LP338,Don Quintos,MANILA,3,1,BARANGAY 432,,,14.605453,120.997169,,,,,,,16,2020-02-05,OSP
MNL002 LP198 NP3-4,MNL002,LP198,NP3-4,MNL002 LP198,Don Quintos,MANILA,3,1,BARANGAY 432,,,14.605987,120.997262,,,,,,,16,2020-07-29,OSP
MNL002 LP198 NP5-6,MNL002,LP198,NP5-6,MNL002 LP198,Don Quintos,MANILA,3,1,BARANGAY 432,,,14.605009,120.997663,,,,,,,16,2020-07-29,OSP
MNL002 LP198 NP7-8,MNL002,LP198,NP7-8,MNL002 LP198,Don Quintos,MANILA,3,1,BARANGAY 432,,,14.604467,120.998057,,,,,,,16,2020-07-29,OSP
MNL002 LP197 NP1-2,MNL002,LP197,NP1-2,MNL002 LP197,Don Quintos,MANILA,3,1,BARANGAY 432,,,14.60549,120.9979,,,,,,,16,2019-05-31,OSP
MNL002 LP197 NP3-4,MNL002,LP197,NP3-4,MNL002 LP197,Don Quintos,MANILA,3,1,BARANGAY 432,,,14.60596,120.998,,,,,,,16,2019-05-31,OSP