Box Name,OLT,LCP,NAP,LCP Name,Node Name,Municipality,Cluster,Sector,Barangay,Subdivision,Building Name,Latitude,Longitude,Parent Site,Parent Floor,Parent Room,Additional Details,Remarks,Landmark,Capacity,Installation Date,OSP / ISP
MNL004 LP311 NP6-7-8,MNL004,LP311,NP6-7-8,MNL004 LP311,Zamora Pandacan,MANILA,3,2,BARANGAY 672,,,14.581921,120.992194,,,,,,,24,2021-06-20,OSP
MNL004 LP312 NP1-2,MNL004,LP312,NP1-2,MNL004 LP312,Zamora Pandacan,MANILA,3,2,BARANGAY 672,,,14.582425,120.992538,,,,,,,16,2021-06-20,OSP
MNL004 LP312 NP3-4-5,MNL004,LP312,NP3-4-5,MNL004 LP312,Zamora Pandacan,MANILA,3,2,BARANGAY 672,,,14.582361,120.993087,,,,,,,24,2021-06-20,OSP
MNL004 LP312 NP6-7-8,MNL004,LP312,NP6-7-8,MNL004 LP312,Zamora Pandacan,MANILA,3,2,BARANGAY 672,,,14.58279,120.993155,,,,,,,24,2021-06-20,OSP
MNL004 LP289 NP1-2,MNL004,LP289,NP1-2,MNL004 LP289,Zamora Pandacan,MANILA,3,2,BARANGAY 672,,,14.584227,120.991465,,,,,,,16,2021-06-25,OSP
MNL004 LP289 NP3-4,MNL004,LP289,NP3-4,MNL004 LP289,Zamora Pandacan,MANILA,3,2,BARANGAY 672,,,14.583118,120.991666,,,,,,,16,2021-06-25,OSP
MNL004 LP781 NP5-6,MNL004,LP781,NP5-6,MNL004 LP781,Zamora Pandacan,MANILA,3,2,BARANGAY 672,,,14.584604,120.992509,,,,,,ALONG GUIJO ST. COR TINDALO ST. MECO H5-1891,16,2025-03-24,OSP
MNL004 LP779 NP1-2,MNL004,LP779,NP1-2,MNL004 LP779,Zamora Pandacan,MANILA,3,2,BARANGAY 672,,,14.584232,120.991655,,,,,,ALONG NARRA ST. COR. TINDALO ST. MECO H5-2392,16,2025-03-24,OSP
MNL004 LP779 NP3-4,MNL004,LP779,NP3-4,MNL004 LP779,Zamora Pandacan,MANILA,3,2,BARANGAY 672,,,14.583959,120.991702,,,,,,ALONG NARRA ST. COR YAKAL ST. MECO H5-1894,16,2025-03-24,OSP
MNL004 LP779 NP5-6,MNL004,LP779,NP5-6,MNL004 LP779,Zamora Pandacan,MANILA,3,2,BARANGAY 672,,,14.583601,120.99172,,,,,,#108 NARRA ST. COR LAUAN ST. MECO H5-1902,16,2025-03-24,OSP
MNL004 LP779 NP7-8,MNL004,LP779,NP7-8,MNL004 LP779,Zamora Pandacan,MANILA,3,2,BARANGAY 672,,,14.583242,120.991755,,,,,,#118 NARRA ST. COR DAO ST MECO H5-1911,16,2025-03-24,OSP
MNL004 LP780 NP1-2,MNL004,LP780,NP1-2,MNL004 LP780,Zamora Pandacan,MANILA,3,2,BARANGAY 672,,,14.582921,120.991796,,,,,,#126 NARRA ST. COR APITONG ST. MECO H5-1913,16,2025-03-24,OSP
MNL004 LP780 NP3-4,MNL004,LP780,NP3-4,MNL004 LP780,Zamora Pandacan,MANILA,3,2,BARANGAY 672,,,14.582826,120.992762,,,,,,#726 APITONG ST. COR GUIJO ST. MECO H5-1915,16,2025-03-24,OSP
MNL004 LP780 NP5-6,MNL004,LP780,NP5-6,MNL004 LP780,Zamora Pandacan,MANILA,3,2,BARANGAY 672,,,14.583165,120.992888,,,,,,#629 GUIJO ST. COR DAO ST. MECO H5-1909,16,2025-03-24,OSP
MNL004 LP780 NP7-8,MNL004,LP780,NP7-8,MNL004 LP780,Zamora Pandacan,MANILA,3,2,BARANGAY 672,,,14.583491,120.992896,,,,,,ALONG GUIJO ST. COR LAUAN ST. MECO H5-1905,16,2025-03-24,OSP
MNL004 LP781 NP1-2,MNL004,LP781,NP1-2,MNL004 LP781,Zamora Pandacan,MANILA,3,2,BARANGAY 672,,,14.583929,120.992759,,,,,,#427 GUIJO ST. COR. YAKAL ST. MECO H5-1899,16,2025-03-24,OSP
MNL004 LP781 NP3-4,MNL004,LP781,NP3-4,MNL004 LP781,Zamora Pandacan,MANILA,3,2,BARANGAY 672,,,14.584266,120.992628,,,,,,ALONG GUIJO ST. COR MAHOGANY ST. MECO H5-1898,16,2025-03-24,OSP
MNL001 LP365 NP5-6,MNL001,LP365,NP5-6,MNL001 LP365,Zen Tower,MANILA,3,2,BARANGAY 672,,,14.582279,120.990608,,,,,,,16,2020-07-16,OSP
MNL001 LP365 NP7-8,MNL001,LP365,NP7-8,MNL001 LP365,Zen Tower,MANILA,3,2,BARANGAY 672,,,14.582147,120.991344,,,,,,,16,2020-07-16,OSP
MNL001 LP366 NP1-2,MNL001,LP366,NP1-2,MNL001 LP366,Zen Tower,MANILA,3,2,BARANGAY 672,,,14.581594,120.991717,,,,,,,16,2020-07-16,OSP
MNL001 LP199 NP5-6,MNL001,LP199,NP5-6,MNL001 LP199,Zen Tower,MANILA,3,2,BARANGAY 672,,,14.58268743,120.9929548,,,,,,,16,2019-05-03,OSP
MNL001 LP199 NP7-8,MNL001,LP199,NP7-8,MNL001 LP199,Zen Tower,MANILA,3,2,BARANGAY 672,,,14.583024,120.992961,,,,,,,16,2020-09-27,OSP
MNL001 LP199 NP1-2,MNL001,LP199,NP1-2,MNL001 LP199,Zen Tower,MANILA,3,2,BARANGAY 672,,,14.58176572,120.9919022,,,,,,,16,2019-05-03,OSP
MNL001 LP199 NP3-4,MNL001,LP199,NP3-4,MNL001 LP199,Zen Tower,MANILA,3,2,BARANGAY 672,,,14.58215217,120.9925517,,,,,,,16,2019-05-03,OSP
MNL034 LP139 NP5-6,MNL034,LP139,NP5-6,MNL034 LP139,Benitez,MANILA,3,2,BARANGAY 673,,,14.578663,120.992161,,,,,,,16,2021-01-30,OSP
MNL034 LP139 NP7-8,MNL034,LP139,NP7-8,MNL034 LP139,Benitez,MANILA,3,2,BARANGAY 673,,,14.578184,120.99324,,,,,,,16,2021-01-30,OSP
MNL034 LP140 NP1-2,MNL034,LP140,NP1-2,MNL034 LP140,Benitez,MANILA,3,2,BARANGAY 673,,,14.579179,120.991202,,,,,,,16,2021-01-30,OSP
MNL034 LP140 NP3-4,MNL034,LP140,NP3-4,MNL034 LP140,Benitez,MANILA,3,2,BARANGAY 673,,,14.579657,120.990304,,,,,,,16,2021-01-30,OSP
MNL034 LP15 NP5-6,MNL034,LP15,NP5-6,MNL034 LP15,Benitez,MANILA,3,2,BARANGAY 673,,,14.57957,120.99038,,,,,,,16,2020-02-13,OSP
MNL034 LP419 NP1-2,MNL034,LP419,NP1-2,MNL034 LP419,Benitez,MANILA,3,2,BARANGAY 673,,,14.578826,120.991779,,,,,,,16,2023-06-22,OSP
MNL034 LP419 NP3-5,MNL034,LP419,NP3-5,MNL034 LP419,Benitez,MANILA,3,2,BARANGAY 673,,,14.578489,120.99241,,,,,,,24,2023-06-22,OSP
MNL034 LP419 NP6-8,MNL034,LP419,NP6-8,MNL034 LP419,Benitez,MANILA,3,2,BARANGAY 673,,,14.578187,120.992974,,,,,,,24,2023-06-22,OSP
MNL034 LP413 NP1-2,MNL034,LP413,NP1-2,MNL034 LP413,Benitez,MANILA,3,2,BARANGAY 673,,,14.580421,120.992288,,,,,,,16,2023-06-05,OSP
MNL034 LP413 NP3-5,MNL034,LP413,NP3-5,MNL034 LP413,Benitez,MANILA,3,2,BARANGAY 673,,,14.580014,120.992571,,,,,,,24,2023-06-05,OSP
MNL034 LP413 NP6-8,MNL034,LP413,NP6-8,MNL034 LP413,Benitez,MANILA,3,2,BARANGAY 673,,,14.579804,120.992211,,,,,,,24,2023-06-05,OSP
MNL034 LP414 NP1-2,MNL034,LP414,NP1-2,MNL034 LP414,Benitez,MANILA,3,2,BARANGAY 673,,,14.57972,120.99285,,,,,,,16,2023-06-05,OSP
MNL034 LP414 NP3-5,MNL034,LP414,NP3-5,MNL034 LP414,Benitez,MANILA,3,2,BARANGAY 673,,,14.579554,120.99293,,,,,,,24,2023-06-05,OSP
MNL034 LP414 NP6-8,MNL034,LP414,NP6-8,MNL034 LP414,Benitez,MANILA,3,2,BARANGAY 673,,,14.579245,120.993056,,,,,,,24,2023-06-05,OSP
MNL034 LP415 NP1-2,MNL034,LP415,NP1-2,MNL034 LP415,Benitez,MANILA,3,2,BARANGAY 673,,,14.578864,120.993139,,,,,,,16,2023-06-05,OSP
MNL034 LP415 NP3-5,MNL034,LP415,NP3-5,MNL034 LP415,Benitez,MANILA,3,2,BARANGAY 673,,,14.578597,120.993202,,,,,,,24,2023-06-05,OSP
MNL034 LP415 NP6-8,MNL034,LP415,NP6-8,MNL034 LP415,Benitez,MANILA,3,2,BARANGAY 673,,,14.578601,120.993205,,,,,,,24,2023-06-05,OSP
MNL034 LP411 NP1-2,MNL034,LP411,NP1-2,MNL034 LP411,Benitez,MANILA,3,2,BARANGAY 673,,,14.580211,120.991532,,,,,,,16,2023-06-05,OSP
MNL034 LP411 NP3-5,MNL034,LP411,NP3-5,MNL034 LP411,Benitez,MANILA,3,2,BARANGAY 673,,,14.579624,120.991814,,,,,,,24,2023-06-05,OSP
MNL034 LP411 NP6-8,MNL034,LP411,NP6-8,MNL034 LP411,Benitez,MANILA,3,2,BARANGAY 673,,,14.57947,120.991544,,,,,,,24,2023-06-05,OSP
MNL034 LP412 NP3-5,MNL034,LP412,NP3-5,MNL034 LP412,Benitez,MANILA,3,2,BARANGAY 673,,,14.580667,120.992113,,,,,,,24,2023-06-05,OSP
MNL034 LP412 NP6-8,MNL034,LP412,NP6-8,MNL034 LP412,Benitez,MANILA,3,2,BARANGAY 673,,,14.580629,120.992715,,,,,,,24,2023-06-05,OSP
MNL034 LP405 NP1-2,MNL034,LP405,NP1-2,MNL034 LP405,Benitez,MANILA,3,2,BARANGAY 673,,,14.579888,120.990926,,,,,,,16,2023-06-05,OSP
MNL034 LP408 NP3-5,MNL034,LP408,NP3-5,MNL034 LP408,Benitez,MANILA,3,2,BARANGAY 673,,,14.579715,120.990119,,,,,,,24,2023-06-05,OSP
MNL034 LP408 NP6-8,MNL034,LP408,NP6-8,MNL034 LP408,Benitez,MANILA,3,2,BARANGAY 673,,,14.579454,120.990578,,,,,,,24,2023-06-05,OSP
MNL004 LP305 NP3-4-5,MNL004,LP305,NP3-4-5,MNL004 LP305,Zamora Pandacan,MANILA,3,2,BARANGAY 673,,,14.58032,120.99148,,,,,,,24,2021-06-20,OSP
MNL004 LP305 NP6-7-8,MNL004,LP305,NP6-7-8,MNL004 LP305,Zamora Pandacan,MANILA,3,2,BARANGAY 673,,,14.57962,120.991811,,,,,,,24,2021-06-20,OSP
MNL004 LP306 NP1-2,MNL004,LP306,NP1-2,MNL004 LP306,Zamora Pandacan,MANILA,3,2,BARANGAY 673,,,14.579759,120.992094,,,,,,,16,2021-06-20,OSP
MNL004 LP306 NP3-4-5,MNL004,LP306,NP3-4-5,MNL004 LP306,Zamora Pandacan,MANILA,3,2,BARANGAY 673,,,14.580008,120.992569,,,,,,,24,2021-06-20,OSP
MNL004 LP306 NP6-7-8,MNL004,LP306,NP6-7-8,MNL004 LP306,Zamora Pandacan,MANILA,3,2,BARANGAY 673,,,14.580401,120.9923,,,,,,,24,2021-06-20,OSP
MNL004 LP307 NP1-2,MNL004,LP307,NP1-2,MNL004 LP307,Zamora Pandacan,MANILA,3,2,BARANGAY 673,,,14.580716,120.99209,,,,,,,16,2021-06-20,OSP
MNL004 LP308 NP1-2,MNL004,LP308,NP1-2,MNL004 LP308,Zamora Pandacan,MANILA,3,2,BARANGAY 673,,,14.580625,120.992724,,,,,,,16,2021-06-20,OSP
MNL004 LP308 NP3-4-5,MNL004,LP308,NP3-4-5,MNL004 LP308,Zamora Pandacan,MANILA,3,2,BARANGAY 673,,,14.580706,120.993223,,,,,,,24,2021-06-20,OSP
MNL004 LP308 NP6-7-8,MNL004,LP308,NP6-7-8,MNL004 LP308,Zamora Pandacan,MANILA,3,2,BARANGAY 673,,,14.580761,120.993566,,,,,,,24,2021-06-20,OSP
MNL004 LP242 NP6-7-8,MNL004,LP242,NP6-7-8,MNL004 LP242,Zamora Pandacan,MANILA,3,2,BARANGAY 673,,,14.579222,120.991078,,,,,,,24,2021-06-25,OSP
MNL004 LP243 NP1-2,MNL004,LP243,NP1-2,MNL004 LP243,Zamora Pandacan,MANILA,3,2,BARANGAY 673,,,14.57865,120.992122,,,,,,,16,2021-06-25,OSP
MNL004 LP243 NP3-4-5,MNL004,LP243,NP3-4-5,MNL004 LP243,Zamora Pandacan,MANILA,3,2,BARANGAY 673,,,14.578198,120.99297,,,,,,,24,2021-06-25,OSP
MNL004 LP243 NP6-7-8,MNL004,LP243,NP6-7-8,MNL004 LP243,Zamora Pandacan,MANILA,3,2,BARANGAY 673,,,14.57827,120.993641,,,,,,,24,2021-06-25,OSP
MNL004 LP303 NP1-2,MNL004,LP303,NP1-2,MNL004 LP303,Zamora Pandacan,MANILA,3,2,BARANGAY 673,,,14.579773,120.990988,,,,,,,16,2021-06-20,OSP
MNL001 LP366 NP7-8,MNL001,LP366,NP7-8,MNL001 LP366,Zen Tower,MANILA,3,2,BARANGAY 673,,,14.580556,120.992271,,,,,,,16,2020-07-16,OSP
MNL001 LP367 NP1-2,MNL001,LP367,NP1-2,MNL001 LP367,Zen Tower,MANILA,3,2,BARANGAY 673,,,14.580655,120.992901,,,,,,,16,2020-07-16,OSP
MNL001 LP367 NP3-4,MNL001,LP367,NP3-4,MNL001 LP367,Zen Tower,MANILA,3,2,BARANGAY 673,,,14.580715,120.993229,,,,,,,16,2020-07-16,OSP
MNL001 LP368 NP1-2,MNL001,LP368,NP1-2,MNL001 LP368,Zen Tower,MANILA,3,2,BARANGAY 673,,,14.580014,120.992572,,,,,,,16,2020-07-16,OSP
MNL001 LP368 NP3-4,MNL001,LP368,NP3-4,MNL001 LP368,Zen Tower,MANILA,3,2,BARANGAY 673,,,14.579837,120.992236,,,,,,,16,2020-07-16,OSP
MNL001 LP368 NP5-6,MNL001,LP368,NP5-6,MNL001 LP368,Zen Tower,MANILA,3,2,BARANGAY 673,,,14.579613,120.991808,,,,,,,16,2020-07-16,OSP
MNL001 LP368 NP7-8,MNL001,LP368,NP7-8,MNL001 LP368,Zen Tower,MANILA,3,2,BARANGAY 673,,,14.579484,120.991555,,,,,,,16,2020-07-16,OSP
MNL001 LP2 NP3-4,MNL001,LP2,NP3-4,MNL001 LP2,Zen Tower,MANILA,3,2,BARANGAY 673,,,14.580008,120.989695,,,,,,,16,2015-07-22,OSP
MNL001 LP2 NP5-6,MNL001,LP2,NP5-6,MNL001 LP2,Zen Tower,MANILA,3,2,BARANGAY 673,,,14.579128,120.991449,,,,,,,16,2015-07-22,OSP
MNL001 LP200 NP1-2,MNL001,LP200,NP1-2,MNL001 LP200,Zen Tower,MANILA,3,2,BARANGAY 673,,,14.57865737,120.9920814,,,,,,,16,2019-05-03,OSP
MNL001 LP200 NP3-4,MNL001,LP200,NP3-4,MNL001 LP200,Zen Tower,MANILA,3,2,BARANGAY 673,,,14.57818474,120.9929846,,,,,,,16,2019-05-03,OSP
MNL001 LP197 NP1-2,MNL001,LP197,NP1-2,MNL001 LP197,Zen Tower,MANILA,3,2,BARANGAY 673,,,14.57922437,120.9910317,,,,,,,16,2019-05-03,OSP
MNL001 LP197 NP7-8,MNL001,LP197,NP7-8,MNL001 LP197,Zen Tower,MANILA,3,2,BARANGAY 673,,,14.57962448,120.9918059,,,,,,,16,2019-05-03,OSP
MNL034 LP140 NP5-6,MNL034,LP140,NP5-6,MNL034 LP140,Benitez,MANILA,3,2,BARANGAY 674,,,14.580038,120.989616,,,,,,,16,2021-01-30,OSP
MNL034 LP140 NP7-8,MNL034,LP140,NP7-8,MNL034 LP140,Benitez,MANILA,3,2,BARANGAY 674,,,14.580608,120.988498,,,,,,,16,2021-01-30,OSP
MNL034 LP409 NP1-2,MNL034,LP409,NP1-2,MNL034 LP409,Benitez,MANILA,3,2,BARANGAY 674,,,14.580285,120.989013,,,,,,,16,2023-06-05,OSP
MNL034 LP410 NP1-2,MNL034,LP410,NP1-2,MNL034 LP410,Benitez,MANILA,3,2,BARANGAY 674,,,14.581182,120.987272,,,,,,,16,2023-06-05,OSP
MNL034 LP410 NP7-8,MNL034,LP410,NP7-8,MNL034 LP410,Benitez,MANILA,3,2,BARANGAY 674,,,14.582106,120.987513,,,,,,,16,2023-06-05,OSP
MNL034 LP405 NP3-5,MNL034,LP405,NP3-5,MNL034 LP405,Benitez,MANILA,3,2,BARANGAY 674,,,14.580393,120.990675,,,,,,,24,2023-06-05,OSP
MNL034 LP405 NP6-8,MNL034,LP405,NP6-8,MNL034 LP405,Benitez,MANILA,3,2,BARANGAY 674,,,14.581075,120.990387,,,,,,,24,2023-06-05,OSP
MNL034 LP406 NP1-2,MNL034,LP406,NP1-2,MNL034 LP406,Benitez,MANILA,3,2,BARANGAY 674,,,14.5821,120.989944,,,,,,,16,2023-06-05,OSP
MNL034 LP406 NP3-5,MNL034,LP406,NP3-5,MNL034 LP406,Benitez,MANILA,3,2,BARANGAY 674,,,14.581883,120.990753,,,,,,,24,2023-06-05,OSP
MNL034 LP406 NP6-8,MNL034,LP406,NP6-8,MNL034 LP406,Benitez,MANILA,3,2,BARANGAY 674,,,14.580637,120.991326,,,,,,,24,2023-06-05,OSP
MNL034 LP407 NP1-2,MNL034,LP407,NP1-2,MNL034 LP407,Benitez,MANILA,3,2,BARANGAY 674,,,14.581546,120.989584,,,,,,,16,2023-06-05,OSP
MNL034 LP407 NP3-5,MNL034,LP407,NP3-5,MNL034 LP407,Benitez,MANILA,3,2,BARANGAY 674,,,14.581186,120.98966,,,,,,,24,2023-06-05,OSP
MNL034 LP407 NP6-8,MNL034,LP407,NP6-8,MNL034 LP407,Benitez,MANILA,3,2,BARANGAY 674,,,14.580232,120.98984,,,,,,,24,2023-06-05,OSP
MNL034 LP408 NP1-2,MNL034,LP408,NP1-2,MNL034 LP408,Benitez,MANILA,3,2,BARANGAY 674,,,14.579988,120.989599,,,,,,,16,2023-06-05,OSP
MNL034 LP448 NP1-4,MNL034,LP448,NP1-4,MNL034 LP448,Benitez,MANILA,3,2,BARANGAY 674,,FU HONG BUILDING,14.580596,120.990754,,6F,EE RM,MNL083,,,,2023-05-30,ISP
MNL004 LP304 NP6-7-8,MNL004,LP304,NP6-7-8,MNL004 LP304,Zamora Pandacan,MANILA,3,2,BARANGAY 674,,,14.58138,120.99098,,,,,,,24,2021-06-20,OSP
MNL004 LP305 NP1-2,MNL004,LP305,NP1-2,MNL004 LP305,Zamora Pandacan,MANILA,3,2,BARANGAY 674,,,14.580722,120.991292,,,,,,,16,2021-06-20,OSP
MNL004 LP242 NP1-2,MNL004,LP242,NP1-2,MNL004 LP242,Zamora Pandacan,MANILA,3,2,BARANGAY 674,,,14.581722,120.989566,,,,,,,16,2021-06-25,OSP
MNL004 LP242 NP3-4-5,MNL004,LP242,NP3-4-5,MNL004 LP242,Zamora Pandacan,MANILA,3,2,BARANGAY 674,,,14.580006,120.989604,,,,,,,24,2021-06-25,OSP
MNL004 LP303 NP3-4-5,MNL004,LP303,NP3-4-5,MNL004 LP303,Zamora Pandacan,MANILA,3,2,BARANGAY 674,,,14.580506,120.990646,,,,,,,24,2021-06-20,OSP
MNL004 LP303 NP6-7-8,MNL004,LP303,NP6-7-8,MNL004 LP303,Zamora Pandacan,MANILA,3,2,BARANGAY 674,,,14.581223,120.990316,,,,,,,24,2021-06-20,OSP
MNL004 LP304 NP1-2,MNL004,LP304,NP1-2,MNL004 LP304,Zamora Pandacan,MANILA,3,2,BARANGAY 674,,,14.582079,120.989925,,,,,,,16,2021-06-20,OSP
MNL001 LP365 NP1-2,MNL001,LP365,NP1-2,MNL001 LP365,Zen Tower,MANILA,3,2,BARANGAY 674,,,14.583367,120.989312,,,,,,,16,2020-07-16,OSP
MNL001 LP365 NP3-4,MNL001,LP365,NP3-4,MNL001 LP365,Zen Tower,MANILA,3,2,BARANGAY 674,,,14.582074,120.989925,,,,,,,16,2020-07-16,OSP
MNL001 LP366 NP5-6,MNL001,LP366,NP5-6,MNL001 LP366,Zen Tower,MANILA,3,2,BARANGAY 674,,,14.580786,120.991426,,,,,,,16,2020-07-16,OSP
MNL001 LP6 NP1-2,MNL001,LP6,NP1-2,MNL001 LP6,Zen Tower,MANILA,3,2,BARANGAY 674,,,14.58174,120.989559,,,,,,,16,2015-07-22,OSP
MNL001 LP6 NP3-4,MNL001,LP6,NP3-4,MNL001 LP6,Zen Tower,MANILA,3,2,BARANGAY 674,,,14.583578,120.988285,,,,,,,16,2015-07-22,OSP
MNL001 LP197 NP3-4,MNL001,LP197,NP3-4,MNL001 LP197,Zen Tower,MANILA,3,2,BARANGAY 674,,,14.58037773,120.9907,,,,,,,16,2019-05-03,OSP
MNL001 LP197 NP5-6,MNL001,LP197,NP5-6,MNL001 LP197,Zen Tower,MANILA,3,2,BARANGAY 674,,,14.58063435,120.9913557,,,,,,,16,2019-05-03,OSP
MNL001 LP355 NP5-6,MNL001,LP355,NP5-6,MNL001 LP355,Zen Tower,MANILA,3,2,BARANGAY 674,,,14.581807,120.986076,,,,,,,16,2020-03-19,OSP
MNL001 LP355 NP7-8,MNL001,LP355,NP7-8,MNL001 LP355,Zen Tower,MANILA,3,2,BARANGAY 674,,,14.582646,120.987266,,,,,,,16,2020-03-19,OSP
MNL001 LP356 NP1-2,MNL001,LP356,NP1-2,MNL001 LP356,Zen Tower,MANILA,3,2,BARANGAY 674,,,14.583588,120.988275,,,,,,,16,2020-03-19,OSP
MNL001 LP356 NP5-6,MNL001,LP356,NP5-6,MNL001 LP356,Zen Tower,MANILA,3,2,BARANGAY 674,,,14.583849,120.989078,,,,,,,16,2020-03-19,OSP
MNL001 LP356 NP7-8,MNL001,LP356,NP7-8,MNL001 LP356,Zen Tower,MANILA,3,2,BARANGAY 674,,,14.582281,120.988839,,,,,,,16,2020-03-19,OSP
MNL034 LP141 NP7-8,MNL034,LP141,NP7-8,MNL034 LP141,Benitez,MANILA,3,2,BARANGAY 675,,,14.577981,120.989956,,,,,,,16,2021-01-30,OSP
MNL034 LP142 NP1-2,MNL034,LP142,NP1-2,MNL034 LP142,Benitez,MANILA,3,2,BARANGAY 675,,,14.577091,120.990437,,,,,,,16,2021-01-30,OSP
MNL034 LP16 NP1-2,MNL034,LP16,NP1-2,MNL034 LP16,Benitez,MANILA,3,2,BARANGAY 675,,,14.577113,120.989548,,,,,,,16,2020-02-13,OSP
MNL034 LP16 NP7-8,MNL034,LP16,NP7-8,MNL034 LP16,Benitez,MANILA,3,2,BARANGAY 675,,,14.577017,120.988757,,,,,,,16,2020-02-13,OSP
MNL034 LP139 NP1-2,MNL034,LP139,NP1-2,MNL034 LP139,Benitez,MANILA,3,2,BARANGAY 675,,,14.578126,120.990723,,,,,,,16,2021-01-30,OSP
MNL034 LP135 NP5-6,MNL034,LP135,NP5-6,MNL034 LP135,Benitez,MANILA,3,2,BARANGAY 675,,,14.577352,120.991163,,,,,,,16,2021-01-30,OSP
MNL034 LP135 NP7-8,MNL034,LP135,NP7-8,MNL034 LP135,Benitez,MANILA,3,2,BARANGAY 675,,,14.578061,120.991462,,,,,,,16,2021-01-30,OSP
MNL034 LP136 NP1-2,MNL034,LP136,NP1-2,MNL034 LP136,Benitez,MANILA,3,2,BARANGAY 675,,,14.57774,120.992121,,,,,,,16,2021-01-30,OSP
MNL034 LP15 NP3-4,MNL034,LP15,NP3-4,MNL034 LP15,Benitez,MANILA,3,2,BARANGAY 675,,,14.577751,120.991007,,,,,,,16,2020-02-13,OSP
MNL034 LP150 NP5-6,MNL034,LP150,NP5-6,MNL034 LP150,Benitez,MANILA,3,2,BARANGAY 675,,,14.577642,120.988428,,,,,,,16,2021-01-30,OSP
MNL034 LP150 NP7-8,MNL034,LP150,NP7-8,MNL034 LP150,Benitez,MANILA,3,2,BARANGAY 675,,,14.577032,120.988785,,,,,,,16,2021-01-30,OSP
MNL034 LP151 NP1-2,MNL034,LP151,NP1-2,MNL034 LP151,Benitez,MANILA,3,2,BARANGAY 675,,,14.57652,120.989063,,,,,,,16,2021-01-30,OSP
MNL034 LP147 NP7-8,MNL034,LP147,NP7-8,MNL034 LP147,Benitez,MANILA,3,2,BARANGAY 675,,,14.576834,120.989742,,,,,,,16,2021-01-30,OSP
MNL034 LP148 NP1-2,MNL034,LP148,NP1-2,MNL034 LP148,Benitez,MANILA,3,2,BARANGAY 675,,,14.577585,120.989327,,,,,,,16,2021-01-30,OSP
MNL034 LP15 NP1-2,MNL034,LP15,NP1-2,MNL034 LP15,Benitez,MANILA,3,2,BARANGAY 675,,,14.577595,120.991658,,,,,,,16,2020-02-13,OSP
MNL034 LP404 NP3-5,MNL034,LP404,NP3-5,MNL034 LP404,Benitez,MANILA,3,2,BARANGAY 675,,,14.577142,120.990522,,,,,,,24,2023-06-05,OSP
MNL034 LP404 NP6-8,MNL034,LP404,NP6-8,MNL034 LP404,Benitez,MANILA,3,2,BARANGAY 675,,,14.577379,120.99111,,,,,,,24,2023-06-05,OSP
MNL001 LP200 NP5-6,MNL001,LP200,NP5-6,MNL001 LP200,Zen Tower,MANILA,3,2,BARANGAY 675,,,14.57770686,120.9922093,,,,,,,16,2019-05-03,OSP
MNL001 LP196 NP1-2,MNL001,LP196,NP1-2,MNL001 LP196,Zen Tower,MANILA,3,2,BARANGAY 675,,,14.57811048,120.9898104,,,,,,,16,2019-05-03,OSP
MNL001 LP196 NP3-4,MNL001,LP196,NP3-4,MNL001 LP196,Zen Tower,MANILA,3,2,BARANGAY 675,,,14.57707936,120.9903889,,,,,,,16,2019-05-03,OSP
MNL001 LP196 NP5-6,MNL001,LP196,NP5-6,MNL001 LP196,Zen Tower,MANILA,3,2,BARANGAY 675,,,14.57739842,120.9912018,,,,,,,16,2019-05-03,OSP
MNL001 LP194 NP5-6,MNL001,LP194,NP5-6,MNL001 LP194,Zen Tower,MANILA,3,2,BARANGAY 675,,,14.57762231,120.9884128,,,,,,,16,2019-05-03,OSP
MNL001 LP194 NP7-8,MNL001,LP194,NP7-8,MNL001 LP194,Zen Tower,MANILA,3,2,BARANGAY 675,,,14.57649492,120.9890464,,,,,,,16,2019-05-03,OSP
MNL001 LP195 NP1-2,MNL001,LP195,NP1-2,MNL001 LP195,Zen Tower,MANILA,3,2,BARANGAY 675,,,14.57681389,120.9898209,,,,,,,16,2019-05-03,OSP
MNL001 LP1 NP1-2,MNL001,LP1,NP1-2,MNL001 LP1,Zen Tower,MANILA,3,2,BARANGAY 675,,,14.577706,120.990085,,,,,,,16,2018-08-27,OSP
MNL001 LP1 NP3-4,MNL001,LP1,NP3-4,MNL001 LP1,Zen Tower,MANILA,3,2,BARANGAY 675,,,14.576314,120.988301,,,,,,,16,2018-08-27,OSP
PSY002 LP8 NP1-2,PSY002,LP8,NP1-2,PSY002 LP8,Antel,MANILA,3,2,BARANGAY 676,,,14.579203,120.986723,,,,,,,16,2016-06-26,OSP
PSY002 LP8 NP3-4,PSY002,LP8,NP3-4,PSY002 LP8,Antel,MANILA,3,2,BARANGAY 676,,,14.581378,120.985427,,,,,,,16,2016-06-26,OSP
MNL034 LP16 NP3-4,MNL034,LP16,NP3-4,MNL034 LP16,Benitez,MANILA,3,2,BARANGAY 676,,,14.578492,120.988763,,,,,,,16,2020-02-13,OSP
MNL034 LP16 NP5-6,MNL034,LP16,NP5-6,MNL034 LP16,Benitez,MANILA,3,2,BARANGAY 676,,,14.578049,120.988174,,,,,,,16,2020-02-13,OSP
MNL034 LP139 NP3-4,MNL034,LP139,NP3-4,MNL034 LP139,Benitez,MANILA,3,2,BARANGAY 676,,,14.578769,120.990399,,,,,,,16,2021-01-30,OSP
MNL034 LP141 NP1-2,MNL034,LP141,NP1-2,MNL034 LP141,Benitez,MANILA,3,2,BARANGAY 676,,,14.579752,120.988976,,,,,,,16,2021-01-30,OSP
MNL034 LP141 NP3-4,MNL034,LP141,NP3-4,MNL034 LP141,Benitez,MANILA,3,2,BARANGAY 676,,,14.579074,120.989351,,,,,,,16,2021-01-30,OSP
MNL034 LP141 NP5-6,MNL034,LP141,NP5-6,MNL034 LP141,Benitez,MANILA,3,2,BARANGAY 676,,,14.578477,120.989687,,,,,,,16,2021-01-30,OSP
MNL034 LP17 NP1-2,MNL034,LP17,NP1-2,MNL034 LP17,Benitez,MANILA,3,2,BARANGAY 676,,,14.577455,120.987762,,,,,,,16,2020-02-13,OSP
MNL034 LP150 NP1-2,MNL034,LP150,NP1-2,MNL034 LP150,Benitez,MANILA,3,2,BARANGAY 676,,,14.579024,120.987632,,,,,,,16,2021-01-30,OSP
MNL034 LP150 NP3-4,MNL034,LP150,NP3-4,MNL034 LP150,Benitez,MANILA,3,2,BARANGAY 676,,,14.578458,120.987961,,,,,,,16,2021-01-30,OSP
MNL034 LP148 NP3-4,MNL034,LP148,NP3-4,MNL034 LP148,Benitez,MANILA,3,2,BARANGAY 676,,,14.578145,120.989021,,,,,,,16,2021-01-30,OSP
MNL034 LP148 NP5-6,MNL034,LP148,NP5-6,MNL034 LP148,Benitez,MANILA,3,2,BARANGAY 676,,,14.578892,120.988606,,,,,,,16,2021-01-30,OSP
MNL034 LP148 NP7-8,MNL034,LP148,NP7-8,MNL034 LP148,Benitez,MANILA,3,2,BARANGAY 676,,,14.579532,120.988228,,,,,,,16,2021-01-30,OSP
MNL034 LP149 NP1-2,MNL034,LP149,NP1-2,MNL034 LP149,Benitez,MANILA,3,2,BARANGAY 676,,,14.580121,120.987909,,,,,,,16,2021-01-30,OSP
MNL034 LP149 NP3-4,MNL034,LP149,NP3-4,MNL034 LP149,Benitez,MANILA,3,2,BARANGAY 676,,,14.580607,120.987639,,,,,,,16,2021-01-30,OSP
MNL034 LP149 NP5-6,MNL034,LP149,NP5-6,MNL034 LP149,Benitez,MANILA,3,2,BARANGAY 676,,,14.580231,120.986963,,,,,,,16,2021-01-30,OSP
MNL034 LP149 NP7-8,MNL034,LP149,NP7-8,MNL034 LP149,Benitez,MANILA,3,2,BARANGAY 676,,,14.57979,120.987211,,,,,,,16,2021-01-30,OSP
MNL034 LP409 NP3-5,MNL034,LP409,NP3-5,MNL034 LP409,Benitez,MANILA,3,2,BARANGAY 676,,,14.580381,120.988829,,,,,,,24,2023-06-05,OSP
MNL034 LP409 NP6-8,MNL034,LP409,NP6-8,MNL034 LP409,Benitez,MANILA,3,2,BARANGAY 676,,,14.580787,120.98804,,,,,,,24,2023-06-05,OSP
MNL034 LP410 NP3-4,MNL034,LP410,NP3-4,MNL034 LP410,Benitez,MANILA,3,2,BARANGAY 676,,,14.582384,120.984941,,,,,,,16,2023-06-05,OSP
MNL001 LP3 NP3-4,MNL001,LP3,NP3-4,MNL001 LP3,Zen Tower,MANILA,3,2,BARANGAY 676,,,14.58001,120.986196,,,,,,,16,2015-07-22,OSP
MNL001 LP3 NP1-2,MNL001,LP3,NP1-2,MNL001 LP3,Zen Tower,MANILA,3,2,BARANGAY 676,,,14.580789,120.988006,,,,,,,16,2015-07-22,OSP
MNL001 LP2 NP1-2,MNL001,LP2,NP1-2,MNL001 LP2,Zen Tower,MANILA,3,2,BARANGAY 676,,,14.578972,120.989339,,,,,,,16,2015-07-22,OSP
MNL001 LP195 NP3-4,MNL001,LP195,NP3-4,MNL001 LP195,Zen Tower,MANILA,3,2,BARANGAY 676,,,14.57808215,120.9889904,,,,,,,16,2019-05-03,OSP
MNL001 LP195 NP5-6,MNL001,LP195,NP5-6,MNL001 LP195,Zen Tower,MANILA,3,2,BARANGAY 676,,,14.57949686,120.9881799,,,,,,,16,2019-05-03,OSP
MNL001 LP195 NP7-8,MNL001,LP195,NP7-8,MNL001 LP195,Zen Tower,MANILA,3,2,BARANGAY 676,,,14.57972454,120.9889115,,,,,,,16,2019-05-03,OSP
MNL001 LP196 NP7-8,MNL001,LP196,NP7-8,MNL001 LP196,Zen Tower,MANILA,3,2,BARANGAY 676,,,14.57884636,120.9904017,,,,,,,16,2019-05-03,OSP
MNL001 LP194 NP1-2,MNL001,LP194,NP1-2,MNL001 LP194,Zen Tower,MANILA,3,2,BARANGAY 676,,,14.58025701,120.9869472,,,,,,,16,2019-05-03,OSP
MNL001 LP194 NP3-4,MNL001,LP194,NP3-4,MNL001 LP194,Zen Tower,MANILA,3,2,BARANGAY 676,,,14.57901677,120.9876391,,,,,,,16,2019-05-03,OSP
MNL001 LP355 NP3-4,MNL001,LP355,NP3-4,MNL001 LP355,Zen Tower,MANILA,3,2,BARANGAY 676,,,14.582367,120.984937,,,,,,,16,2020-03-19,OSP
MNL001 LP144 NP2,MNL001,LP144,NP2,MNL001 LP144,Zen Tower,MANILA,3,2,BARANGAY 676,,GCK INTERNATIONAL INC.,14.579121,120.987333,MNL130P,12F,TTC ROOM,,,,,2018-09-11,ISP
MNL001 LP144 NP1,MNL001,LP144,NP1,MNL001 LP144,Zen Tower,MANILA,3,2,BARANGAY 676,,GCK INTERNATIONAL INC.,14.579121,120.987333,MNL130P,7F,TTC ROOM,,,,,2018-09-11,ISP
MNL034 LP395 NP1-2,MNL034,LP395,NP1-2,MNL034 LP395,Benitez,MANILA,3,2,BARANGAY 677,,,14.581397,120.994649,,,,,,,16,2023-06-05,OSP
MNL034 LP395 NP3-5,MNL034,LP395,NP3-5,MNL034 LP395,Benitez,MANILA,3,2,BARANGAY 677,,,14.581904,120.994634,,,,,,,24,2023-06-05,OSP
MNL034 LP393 NP6-8,MNL034,LP393,NP6-8,MNL034 LP393,Benitez,MANILA,3,2,BARANGAY 677,,,14.582752,120.994803,,,,,,,24,2023-06-05,OSP
MNL034 LP394 NP1-2,MNL034,LP394,NP1-2,MNL034 LP394,Benitez,MANILA,3,2,BARANGAY 677,,,14.581901,120.994889,,,,,,,16,2023-06-05,OSP
MNL034 LP394 NP3-5,MNL034,LP394,NP3-5,MNL034 LP394,Benitez,MANILA,3,2,BARANGAY 677,,,14.581445,120.994928,,,,,,,24,2023-06-05,OSP
MNL004 LP268 NP3-4-5,MNL004,LP268,NP3-4-5,MNL004 LP268,Zamora Pandacan,MANILA,3,2,BARANGAY 677,,,14.582179,120.994856,,,,,,,24,2021-06-17,OSP
MNL004 LP268 NP6-7-8,MNL004,LP268,NP6-7-8,MNL004 LP268,Zamora Pandacan,MANILA,3,2,BARANGAY 677,,,14.581438,120.994931,,,,,,,24,2021-06-17,OSP
MNL004 LP269 NP1-2,MNL004,LP269,NP1-2,MNL004 LP269,Zamora Pandacan,MANILA,3,2,BARANGAY 677,,,14.583427,120.994721,,,,,,,16,2021-06-17,OSP
MNL004 LP269 NP3-4-5,MNL004,LP269,NP3-4-5,MNL004 LP269,Zamora Pandacan,MANILA,3,2,BARANGAY 677,,,14.583857,120.994001,,,,,,,24,2021-06-17,OSP
MNL004 LP269 NP6-7-8,MNL004,LP269,NP6-7-8,MNL004 LP269,Zamora Pandacan,MANILA,3,2,BARANGAY 677,,,14.584751,120.993911,,,,,,,24,2021-06-17,OSP
MNL004 LP270 NP1-2,MNL004,LP270,NP1-2,MNL004 LP270,Zamora Pandacan,MANILA,3,2,BARANGAY 677,,,14.581382,120.994652,,,,,,,16,2021-06-17,OSP
MNL004 LP270 NP3-4-5,MNL004,LP270,NP3-4-5,MNL004 LP270,Zamora Pandacan,MANILA,3,2,BARANGAY 677,,,14.581705,120.994647,,,,,,,24,2021-06-17,OSP
MNL004 LP270 NP6-7-8,MNL004,LP270,NP6-7-8,MNL004 LP270,Zamora Pandacan,MANILA,3,2,BARANGAY 677,,,14.581919,120.994631,,,,,,,24,2021-06-17,OSP
MNL001 LP227 NP7-8,MNL001,LP227,NP7-8,MNL001 LP227,Zen Tower,MANILA,3,2,BARANGAY 677,,,14.584352,120.993952,,,,,,,16,2020-08-07,OSP
MNL001 LP202 NP1-2,MNL001,LP202,NP1-2,MNL001 LP202,Zen Tower,MANILA,3,2,BARANGAY 677,,,14.58513244,120.993804,,,,,,,16,2019-05-04,OSP
MNL001 LP202 NP3-4,MNL001,LP202,NP3-4,MNL001 LP202,Zen Tower,MANILA,3,2,BARANGAY 677,,,14.58379807,120.9940136,,,,,,,16,2019-05-04,OSP
MNL001 LP202 NP5-6,MNL001,LP202,NP5-6,MNL001 LP202,Zen Tower,MANILA,3,2,BARANGAY 677,,,14.58344817,120.9947266,,,,,,,16,2019-05-04,OSP
MNL001 LP202 NP7-8,MNL001,LP202,NP7-8,MNL001 LP202,Zen Tower,MANILA,3,2,BARANGAY 677,,,14.58273381,120.9948,,,,,,,16,2019-05-04,OSP
MNL001 LP203 NP1-2,MNL001,LP203,NP1-2,MNL001 LP203,Zen Tower,MANILA,3,2,BARANGAY 677,,,14.58142119,120.9949283,,,,,,,16,2019-05-04,OSP
MNL001 LP397 NP5,MNL001,LP397,NP5,MNL001 LP397,Zen Tower,MANILA,3,2,BARANGAY 677,,UN GARDENS CONDOMINIUM (CLUSTER 2),14.584513,120.993566,,GF,STAIRWAY,MNL132P,,,,2020-09-29,ISP
MNL001 LP397 NP8,MNL001,LP397,NP8,MNL001 LP397,Zen Tower,MANILA,3,2,BARANGAY 677,,UN GARDENS CONDOMINIUM (CLUSTER 2),14.584513,120.993566,MNL132P,4F,STAIRWAY,,,,,2020-09-29,ISP
MNL001 LP398 NP4,MNL001,LP398,NP4,MNL001 LP398,Zen Tower,MANILA,3,2,BARANGAY 677,,UN GARDENS CONDOMINIUM (CLUSTER 3),14.584557,120.993250,,4F,STAIRWAY,MNL133P,,,,2020-09-29,ISP
MNL001 LP399 NP3,MNL001,LP399,NP3,MNL001 LP399,Zen Tower,MANILA,3,2,BARANGAY 677,,UN GARDENS CONDOMINIUM (CLUSTER 4),14.584366,120.993282,MNL134P,3F,STAIRWAY,,,,,2020-09-29,ISP
MNL001 LP399 NP4,MNL001,LP399,NP4,MNL001 LP399,Zen Tower,MANILA,3,2,BARANGAY 677,,UN GARDENS CONDOMINIUM (CLUSTER 4),14.584366,120.993282,,4F,STAIRWAY,MNL134P,,,,2020-09-29,ISP
MNL001 LP399 NP7,MNL001,LP399,NP7,MNL001 LP399,Zen Tower,MANILA,3,2,BARANGAY 677,,UN GARDENS CONDOMINIUM (CLUSTER 6),14.584194,120.993286,MNL136P,3F,STAIRWAY,,,,,2020-09-29,ISP
MNL001 LP397 NP7,MNL001,LP397,NP7,MNL001 LP397,Zen Tower,MANILA,3,2,BARANGAY 677,,UN GARDENS CONDOMINIUM (CLUSTER 2),14.584513,120.993566,MNL132P,3F,STAIRWAY,,,,,2020-09-29,ISP
MNL001 LP398 NP3,MNL001,LP398,NP3,MNL001 LP398,Zen Tower,MANILA,3,2,BARANGAY 677,,UN GARDENS CONDOMINIUM (CLUSTER 3),14.584557,120.993250,MNL133P,3F,STAIRWAY,,,,,2020-09-29,ISP
MNL001 LP398 NP8,MNL001,LP398,NP8,MNL001 LP398,Zen Tower,MANILA,3,2,BARANGAY 677,,UN GARDENS CONDOMINIUM (CLUSTER 5),14.584468,120.992957,,4F,STAIRWAY,MNL135P,,,,2020-09-29,ISP
MNL001 LP399 NP6,MNL001,LP399,NP6,MNL001 LP399,Zen Tower,MANILA,3,2,BARANGAY 677,,UN GARDENS CONDOMINIUM (CLUSTER 6),14.584194,120.993286,MNL136P,2F,STAIRWAY,,,,,2020-09-29,ISP
MNL001 LP399 NP8,MNL001,LP399,NP8,MNL001 LP399,Zen Tower,MANILA,3,2,BARANGAY 677,,UN GARDENS CONDOMINIUM (CLUSTER 6),14.584194,120.993286,MNL136P,4F,STAIRWAY,,,,,2020-09-29,ISP
MNL001 LP397 NP1,MNL001,LP397,NP1,MNL001 LP397,Zen Tower,MANILA,3,2,BARANGAY 677,,UN GARDENS CONDOMINIUM (CLUSTER 1),14.584518,120.993751,MNL131P,GF,STAIRWAY,,,,,2020-09-29,ISP
MNL001 LP398 NP2,MNL001,LP398,NP2,MNL001 LP398,Zen Tower,MANILA,3,2,BARANGAY 677,,UN GARDENS CONDOMINIUM (CLUSTER 3),14.584557,120.993250,MNL133P,2F,STAIRWAY,,,,,2020-09-29,ISP
MNL001 LP397 NP4,MNL001,LP397,NP4,MNL001 LP397,Zen Tower,MANILA,3,2,BARANGAY 677,,UN GARDENS CONDOMINIUM (CLUSTER 1),14.584518,120.993751,MNL131P,4F,STAIRWAY,,,,,2020-09-29,ISP
MNL001 LP398 NP5,MNL001,LP398,NP5,MNL001 LP398,Zen Tower,MANILA,3,2,BARANGAY 677,,UN GARDENS CONDOMINIUM (CLUSTER 5),14.584468,120.992957,MNL135P,GF,STAIRWAY,,,,,2020-09-29,ISP
MNL001 LP399 NP2,MNL001,LP399,NP2,MNL001 LP399,Zen Tower,MANILA,3,2,BARANGAY 677,,UN GARDENS CONDOMINIUM (CLUSTER 4),14.584366,120.993282,MNL134P,2F,STAIRWAY,,,,,2020-09-29,ISP
MNL001 LP398 NP7,MNL001,LP398,NP7,MNL001 LP398,Zen Tower,MANILA,3,2,BARANGAY 677,,UN GARDENS CONDOMINIUM (CLUSTER 5),14.584468,120.992957,MNL135P,3F,STAIRWAY,,,,,2020-09-29,ISP
MNL001 LP397 NP3,MNL001,LP397,NP3,MNL001 LP397,Zen Tower,MANILA,3,2,BARANGAY 677,,UN GARDENS CONDOMINIUM (CLUSTER 1),14.584518,120.993751,MNL131P,3F,STAIRWAY,,,,,2020-09-29,ISP
MNL001 LP397 NP6,MNL001,LP397,NP6,MNL001 LP397,Zen Tower,MANILA,3,2,BARANGAY 677,,UN GARDENS CONDOMINIUM (CLUSTER 2),14.584513,120.993566,,2F,STAIRWAY,MNL132P,,,,2020-09-29,ISP
MNL001 LP399 NP5,MNL001,LP399,NP5,MNL001 LP399,Zen Tower,MANILA,3,2,BARANGAY 677,,UN GARDENS CONDOMINIUM (CLUSTER 6),14.584194,120.993286,MNL136P,GF,STAIRWAY,,,,,2020-09-29,ISP
MNL001 LP397 NP2,MNL001,LP397,NP2,MNL001 LP397,Zen Tower,MANILA,3,2,BARANGAY 677,,UN GARDENS CONDOMINIUM (CLUSTER 1),14.584518,120.993751,MNL131P,2F,STAIRWAY,,,,,2020-09-29,ISP
MNL001 LP398 NP6,MNL001,LP398,NP6,MNL001 LP398,Zen Tower,MANILA,3,2,BARANGAY 677,,UN GARDENS CONDOMINIUM (CLUSTER 5),14.584468,120.992957,,2F,STAIRWAY,MNL135P,,,,2020-09-29,ISP
MNL001 LP399 NP1,MNL001,LP399,NP1,MNL001 LP399,Zen Tower,MANILA,3,2,BARANGAY 677,,UN GARDENS CONDOMINIUM (CLUSTER 4),14.584366,120.993282,MNL134P,GF,STAIRWAY,,,,,2020-09-29,ISP
MNL001 LP398 NP1,MNL001,LP398,NP1,MNL001 LP398,Zen Tower,MANILA,3,2,BARANGAY 677,,UN GARDENS CONDOMINIUM (CLUSTER 3),14.584557,120.993250,,GF,STAIRWAY,MNL133P,,,,2020-09-29,ISP
MNL034 LP393 NP1-2,MNL034,LP393,NP1-2,MNL034 LP393,Benitez,MANILA,3,2,BARANGAY 678,,,14.581439,120.995747,,,,,,,16,2023-06-05,OSP
MNL034 LP393 NP3-5,MNL034,LP393,NP3-5,MNL034 LP393,Benitez,MANILA,3,2,BARANGAY 678,,,14.582251,120.995673,,,,,,,24,2023-06-05,OSP
MNL004 LP267 NP6-7-8,MNL004,LP267,NP6-7-8,MNL004 LP267,Zamora Pandacan,MANILA,3,2,BARANGAY 678,,,14.581972,120.995697,,,,,,,24,2021-06-17,OSP
MNL004 LP268 NP1-2,MNL004,LP268,NP1-2,MNL004 LP268,Zamora Pandacan,MANILA,3,2,BARANGAY 678,,,14.582786,120.995229,,,,,,,16,2021-06-17,OSP
MNL001 LP205 NP1-2,MNL001,LP205,NP1-2,MNL001 LP205,Zen Tower,MANILA,3,2,BARANGAY 678,,,14.58153976,120.9957677,,,,,,,16,2019-05-04,OSP
MNL034 LP395 NP6-8,MNL034,LP395,NP6-8,MNL034 LP395,Benitez,MANILA,3,2,BARANGAY 679,,,14.580102,120.994457,,,,,,,24,2023-06-05,OSP
MNL034 LP396 NP6-8,MNL034,LP396,NP6-8,MNL034 LP396,Benitez,MANILA,3,2,BARANGAY 679,,,14.578714,120.995188,,,,,,,24,2023-06-05,OSP
MNL034 LP399 NP6-8,MNL034,LP399,NP6-8,MNL034 LP399,Benitez,MANILA,3,2,BARANGAY 679,,,14.578393,120.99394,,,,,,,24,2023-06-05,OSP
MNL004 LP244 NP3-4-5,MNL004,LP244,NP3-4-5,MNL004 LP244,Zamora Pandacan,MANILA,3,2,BARANGAY 679,,,14.57884,120.995176,,,,,,,24,2021-06-25,OSP
MNL004 LP271 NP1-2,MNL004,LP271,NP1-2,MNL004 LP271,Zamora Pandacan,MANILA,3,2,BARANGAY 679,,,14.581004,120.994637,,,,,,,16,2021-06-17,OSP
MNL004 LP271 NP3-4-5,MNL004,LP271,NP3-4-5,MNL004 LP271,Zamora Pandacan,MANILA,3,2,BARANGAY 679,,,14.580383,120.994517,,,,,,,24,2021-06-17,OSP
MNL004 LP271 NP6-7-8,MNL004,LP271,NP6-7-8,MNL004 LP271,Zamora Pandacan,MANILA,3,2,BARANGAY 679,,,14.580086,120.994466,,,,,,,24,2021-06-17,OSP
MNL001 LP369 NP1-2,MNL001,LP369,NP1-2,MNL001 LP369,Zen Tower,MANILA,3,2,BARANGAY 679,,,14.578571,120.994612,,,,,,,16,2020-07-16,OSP
MNL001 LP203 NP7-8,MNL001,LP203,NP7-8,MNL001 LP203,Zen Tower,MANILA,3,2,BARANGAY 679,,,14.57920051,120.9951488,,,,,,,16,2019-05-04,OSP
MNL001 LP204 NP1-2,MNL001,LP204,NP1-2,MNL001 LP204,Zen Tower,MANILA,3,2,BARANGAY 679,,,14.57882071,120.9951892,,,,,,,16,2019-05-04,OSP
PSY002 LP28 NP6,PSY002,LP28,NP6,PSY002 LP28,Antel,MANILA,3,2,BARANGAY 680,,,14.580122,120.996478,,,,,,,8,2016-11-10,OSP
PSY002 LP28 NP8,PSY002,LP28,NP8,PSY002 LP28,Antel,MANILA,3,2,BARANGAY 680,,AJ BUILDING,14.581386,120.997016,,2F,CONVERGE ROOM,MNL137P,,,,2016-11-10,ISP
MNL034 LP394 NP6-8,MNL034,LP394,NP6-8,MNL034 LP394,Benitez,MANILA,3,2,BARANGAY 680,,,14.580769,120.994989,,,,,,,24,2023-06-05,OSP
MNL034 LP392 NP3-5,MNL034,LP392,NP3-5,MNL034 LP392,Benitez,MANILA,3,2,BARANGAY 680,,,14.580103,120.995862,,,,,,,24,2023-06-05,OSP
MNL034 LP392 NP6-8,MNL034,LP392,NP6-8,MNL034 LP392,Benitez,MANILA,3,2,BARANGAY 680,,,14.580804,120.995804,,,,,,,24,2023-06-05,OSP
MNL034 LP387 NP1-2,MNL034,LP387,NP1-2,MNL034 LP387,Benitez,MANILA,3,2,BARANGAY 680,,,14.58125,120.997334,,,,,,,16,2023-06-05,OSP
MNL034 LP387 NP3-5,MNL034,LP387,NP3-5,MNL034 LP387,Benitez,MANILA,3,2,BARANGAY 680,,,14.580492,120.997384,,,,,,,24,2023-06-05,OSP
MNL034 LP389 NP3-5,MNL034,LP389,NP3-5,MNL034 LP389,Benitez,MANILA,3,2,BARANGAY 680,,,14.580144,120.996489,,,,,,,24,2023-06-05,OSP
MNL034 LP389 NP6-8,MNL034,LP389,NP6-8,MNL034 LP389,Benitez,MANILA,3,2,BARANGAY 680,,,14.581249,120.996417,,,,,,,24,2023-06-05,OSP
MNL004 LP267 NP3-4-5,MNL004,LP267,NP3-4-5,MNL004 LP267,Zamora Pandacan,MANILA,3,2,BARANGAY 680,,,14.580845,120.995796,,,,,,,24,2021-06-17,OSP
MNL004 LP263 NP3-4,MNL004,LP263,NP3-4,MNL004 LP263,Zamora Pandacan,MANILA,3,2,BARANGAY 680,,,14.580146,120.996501,,,,,,,16,2021-06-17,OSP
MNL004 LP263 NP5-6,MNL004,LP263,NP5-6,MNL004 LP263,Zamora Pandacan,MANILA,3,2,BARANGAY 680,,,14.580899,120.996447,,,,,,,16,2021-06-17,OSP
MNL004 LP263 NP7-8,MNL004,LP263,NP7-8,MNL004 LP263,Zamora Pandacan,MANILA,3,2,BARANGAY 680,,,14.581505,120.996402,,,,,,,16,2021-06-17,OSP
MNL004 LP272 NP1-2,MNL004,LP272,NP1-2,MNL004 LP272,Zamora Pandacan,MANILA,3,2,BARANGAY 680,,,14.580744,120.994994,,,,,,,16,2021-06-17,OSP
MNL001 LP206 NP5-6,MNL001,LP206,NP5-6,MNL001 LP206,Zen Tower,MANILA,3,2,BARANGAY 680,,,14.58036476,120.99738,,,,,,,16,2019-05-04,OSP
MNL001 LP207 NP7-8,MNL001,LP207,NP7-8,MNL001 LP207,Zen Tower,MANILA,3,2,BARANGAY 680,,,14.580135,120.996508,,,,,,,16,2020-08-07,OSP
MNL001 LP203 NP3-4,MNL001,LP203,NP3-4,MNL001 LP203,Zen Tower,MANILA,3,2,BARANGAY 680,,,14.58078506,120.9949921,,,,,,,16,2019-05-04,OSP
MNL001 LP203 NP5-6,MNL001,LP203,NP5-6,MNL001 LP203,Zen Tower,MANILA,3,2,BARANGAY 680,,,14.58009098,120.9950627,,,,,,,16,2019-05-04,OSP
MNL001 LP204 NP7-8,MNL001,LP204,NP7-8,MNL001 LP204,Zen Tower,MANILA,3,2,BARANGAY 680,,,14.58017488,120.9958596,,,,,,,16,2019-05-04,OSP
MNL001 LP205 NP3-4,MNL001,LP205,NP3-4,MNL001 LP205,Zen Tower,MANILA,3,2,BARANGAY 680,,,14.58087795,120.9964486,,,,,,,16,2019-05-04,OSP
PSY002 LP28 NP5,PSY002,LP28,NP5,PSY002 LP28,Antel,MANILA,3,2,BARANGAY 681,,,14.578878,120.996646,,,,,,,8,2016-11-10,OSP
MNL034 LP396 NP1-2,MNL034,LP396,NP1-2,MNL034 LP396,Benitez,MANILA,3,2,BARANGAY 681,,,14.579761,120.995105,,,,,,,16,2023-06-05,OSP
MNL034 LP396 NP3-5,MNL034,LP396,NP3-5,MNL034 LP396,Benitez,MANILA,3,2,BARANGAY 681,,,14.579228,120.995156,,,,,,,24,2023-06-05,OSP
MNL034 LP392 NP1-2,MNL034,LP392,NP1-2,MNL034 LP392,Benitez,MANILA,3,2,BARANGAY 681,,,14.579212,120.995943,,,,,,,16,2023-06-05,OSP
MNL034 LP389 NP1-2,MNL034,LP389,NP1-2,MNL034 LP389,Benitez,MANILA,3,2,BARANGAY 681,,,14.579136,120.996568,,,,,,,16,2023-06-05,OSP
MNL004 LP266 NP6-7-8,MNL004,LP266,NP6-7-8,MNL004 LP266,Zamora Pandacan,MANILA,3,2,BARANGAY 681,,,14.579404,120.995916,,,,,,,24,2021-06-17,OSP
MNL004 LP267 NP1-2,MNL004,LP267,NP1-2,MNL004 LP267,Zamora Pandacan,MANILA,3,2,BARANGAY 681,,,14.57984,120.995887,,,,,,,16,2021-06-17,OSP
MNL004 LP244 NP6-7-8,MNL004,LP244,NP6-7-8,MNL004 LP244,Zamora Pandacan,MANILA,3,2,BARANGAY 681,,,14.578868,120.995942,,,,,,,24,2021-06-25,OSP
MNL004 LP245 NP1-2,MNL004,LP245,NP1-2,MNL004 LP245,Zamora Pandacan,MANILA,3,2,BARANGAY 681,,,14.578874,120.99666,,,,,,,16,2021-06-25,OSP
MNL004 LP245 NP3-4-5,MNL004,LP245,NP3-4-5,MNL004 LP245,Zamora Pandacan,MANILA,3,2,BARANGAY 681,,,14.578875,120.997459,,,,,,,24,2021-06-25,OSP
MNL004 LP261 NP3-4-5,MNL004,LP261,NP3-4-5,MNL004 LP261,Zamora Pandacan,MANILA,3,2,BARANGAY 681,,,14.579548,120.997421,,,,,,,24,2021-06-17,OSP
MNL004 LP263 NP1-2,MNL004,LP263,NP1-2,MNL004 LP263,Zamora Pandacan,MANILA,3,2,BARANGAY 681,,,14.579158,120.99657,,,,,,,16,2021-06-17,OSP
MNL004 LP272 NP3-4-5,MNL004,LP272,NP3-4-5,MNL004 LP272,Zamora Pandacan,MANILA,3,2,BARANGAY 681,,,14.579761,120.995091,,,,,,,24,2021-06-17,OSP
MNL001 LP204 NP3-4,MNL001,LP204,NP3-4,MNL001 LP204,Zen Tower,MANILA,3,2,BARANGAY 681,,,14.57887487,120.9959539,,,,,,,16,2019-05-04,OSP
MNL001 LP204 NP5-6,MNL001,LP204,NP5-6,MNL001 LP204,Zen Tower,MANILA,3,2,BARANGAY 681,,,14.57938741,120.9959168,,,,,,,16,2019-05-04,OSP
MNL001 LP205 NP5-6,MNL001,LP205,NP5-6,MNL001 LP205,Zen Tower,MANILA,3,2,BARANGAY 681,,,14.57940011,120.9965604,,,,,,,16,2019-05-04,OSP
MNL001 LP205 NP7-8,MNL001,LP205,NP7-8,MNL001 LP205,Zen Tower,MANILA,3,2,BARANGAY 681,,,14.57890268,120.9966564,,,,,,,16,2019-05-04,OSP
PSY002 LP28 NP7,PSY002,LP28,NP7,PSY002 LP28,Antel,MANILA,3,2,BARANGAY 682,,,14.581654,120.997298,,,,,,,8,2016-11-10,OSP
MNL034 LP386 NP1-2,MNL034,LP386,NP1-2,MNL034 LP386,Benitez,MANILA,3,2,BARANGAY 682,,,14.578838,120.998212,,,,,,,16,2023-06-05,OSP
MNL034 LP386 NP3-5,MNL034,LP386,NP3-5,MNL034 LP386,Benitez,MANILA,3,2,BARANGAY 682,,,14.579613,120.998164,,,,,,,24,2023-06-05,OSP
MNL034 LP386 NP6-8,MNL034,LP386,NP6-8,MNL034 LP386,Benitez,MANILA,3,2,BARANGAY 682,,,14.580466,120.998073,,,,,,,24,2023-06-05,OSP
MNL034 LP387 NP6-8,MNL034,LP387,NP6-8,MNL034 LP387,Benitez,MANILA,3,2,BARANGAY 682,,,14.579452,120.99745,,,,,,,24,2023-06-05,OSP
MNL004 LP82 NP5-6,MNL004,LP82,NP5-6,MNL004 LP82,Zamora Pandacan,MANILA,3,2,BARANGAY 682,,,14.578875,120.997523,,,,,,,16,2019-09-30,OSP
MNL004 LP245 NP6-7-8,MNL004,LP245,NP6-7-8,MNL004 LP245,Zamora Pandacan,MANILA,3,2,BARANGAY 682,,,14.578835,120.998203,,,,,,,24,2021-06-25,OSP
MNL004 LP260 NP3-4-5,MNL004,LP260,NP3-4-5,MNL004 LP260,Zamora Pandacan,MANILA,3,2,BARANGAY 682,,,14.581635,120.997292,,,,,,,24,2021-06-17,OSP
MNL004 LP260 NP6-7-8,MNL004,LP260,NP6-7-8,MNL004 LP260,Zamora Pandacan,MANILA,3,2,BARANGAY 682,,,14.580825,120.997326,,,,,,,24,2021-06-17,OSP
MNL004 LP261 NP1-2,MNL004,LP261,NP1-2,MNL004 LP261,Zamora Pandacan,MANILA,3,2,BARANGAY 682,,,14.58022,120.997374,,,,,,,16,2021-06-17,OSP
MNL004 LP259 NP1-2,MNL004,LP259,NP1-2,MNL004 LP259,Zamora Pandacan,MANILA,3,2,BARANGAY 682,,,14.579568,120.998158,,,,,,,16,2021-06-17,OSP
MNL004 LP259 NP3-4-5,MNL004,LP259,NP3-4-5,MNL004 LP259,Zamora Pandacan,MANILA,3,2,BARANGAY 682,,,14.580237,120.998102,,,,,,,24,2021-06-17,OSP
MNL004 LP259 NP6-7-8,MNL004,LP259,NP6-7-8,MNL004 LP259,Zamora Pandacan,MANILA,3,2,BARANGAY 682,,,14.580981,120.998026,,,,,,,24,2021-06-17,OSP
MNL004 LP260 NP1-2,MNL004,LP260,NP1-2,MNL004 LP260,Zamora Pandacan,MANILA,3,2,BARANGAY 682,,,14.581732,120.997954,,,,,,,16,2021-06-17,OSP
MNL001 LP206 NP3-4,MNL001,LP206,NP3-4,MNL001 LP206,Zen Tower,MANILA,3,2,BARANGAY 682,,,14.57942195,120.9974346,,,,,,,16,2019-05-04,OSP
MNL001 LP206 NP7-8,MNL001,LP206,NP7-8,MNL001 LP206,Zen Tower,MANILA,3,2,BARANGAY 682,,,14.58145133,120.9980003,,,,,,,16,2019-05-04,OSP
MNL001 LP207 NP1-2,MNL001,LP207,NP1-2,MNL001 LP207,Zen Tower,MANILA,3,2,BARANGAY 682,,,14.57945265,120.9981863,,,,,,,16,2019-05-04,OSP
MNL001 LP207 NP3-4,MNL001,LP207,NP3-4,MNL001 LP207,Zen Tower,MANILA,3,2,BARANGAY 682,,,14.578841,120.998208,,,,,,,16,2020-08-07,OSP
MNL001 LP207 NP5-6,MNL001,LP207,NP5-6,MNL001 LP207,Zen Tower,MANILA,3,2,BARANGAY 682,,,14.58021,120.998097,,,,,,,16,2020-08-07,OSP
MNL034 LP400 NP1-2,MNL034,LP400,NP1-2,MNL034 LP400,Benitez,MANILA,3,2,BARANGAY 683,,,14.576911,120.995393,,,,,,,16,2023-06-05,OSP
MNL034 LP400 NP3-5,MNL034,LP400,NP3-5,MNL034 LP400,Benitez,MANILA,3,2,BARANGAY 683,,,14.576565,120.995432,,,,,,,24,2023-06-05,OSP
MNL034 LP400 NP6-8,MNL034,LP400,NP6-8,MNL034 LP400,Benitez,MANILA,3,2,BARANGAY 683,,,14.576338,120.9958,,,,,,,24,2023-06-05,OSP
MNL034 LP390 NP6-8,MNL034,LP390,NP6-8,MNL034 LP390,Benitez,MANILA,3,2,BARANGAY 683,,,14.576887,120.995933,,,,,,,24,2023-06-05,OSP
MNL034 LP391 NP1-2,MNL034,LP391,NP1-2,MNL034 LP391,Benitez,MANILA,3,2,BARANGAY 683,,,14.57759,120.99591,,,,,,,16,2023-06-05,OSP
MNL034 LP391 NP3-5,MNL034,LP391,NP3-5,MNL034 LP391,Benitez,MANILA,3,2,BARANGAY 683,,,14.578361,120.995899,,,,,,,24,2023-06-05,OSP
MNL034 LP391 NP6-8,MNL034,LP391,NP6-8,MNL034 LP391,Benitez,MANILA,3,2,BARANGAY 683,,,14.578735,120.995898,,,,,,,24,2023-06-05,OSP
MNL004 LP266 NP3-4-5,MNL004,LP266,NP3-4-5,MNL004 LP266,Zamora Pandacan,MANILA,3,2,BARANGAY 683,,,14.578024,120.995715,,,,,,,24,2021-06-17,OSP
MNL004 LP264 NP3-4-5,MNL004,LP264,NP3-4-5,MNL004 LP264,Zamora Pandacan,MANILA,3,2,BARANGAY 683,,,14.576905,120.995915,,,,,,,24,2021-06-17,OSP
MNL004 LP264 NP6-7-8,MNL004,LP264,NP6-7-8,MNL004 LP264,Zamora Pandacan,MANILA,3,2,BARANGAY 683,,,14.577319,120.995913,,,,,,,24,2021-06-17,OSP
MNL004 LP274 NP1-2,MNL004,LP274,NP1-2,MNL004 LP274,Zamora Pandacan,MANILA,3,2,BARANGAY 683,,,14.576582,120.995423,,,,,,,16,2021-06-17,OSP
MNL004 LP274 NP3-4-5,MNL004,LP274,NP3-4-5,MNL004 LP274,Zamora Pandacan,MANILA,3,2,BARANGAY 683,,,14.576232,120.995906,,,,,,,24,2021-06-17,OSP
MNL001 LP370 NP3-4,MNL001,LP370,NP3-4,MNL001 LP370,Zen Tower,MANILA,3,2,BARANGAY 683,,,14.576896,120.99542,,,,,,,16,2020-07-16,OSP
MNL001 LP370 NP5-6,MNL001,LP370,NP5-6,MNL001 LP370,Zen Tower,MANILA,3,2,BARANGAY 683,,,14.576897,120.995906,,,,,,,16,2020-07-16,OSP
MNL001 LP370 NP7-8,MNL001,LP370,NP7-8,MNL001 LP370,Zen Tower,MANILA,3,2,BARANGAY 683,,,14.577111,120.995911,,,,,,,16,2020-07-16,OSP
MNL001 LP371 NP1-2,MNL001,LP371,NP1-2,MNL001 LP371,Zen Tower,MANILA,3,2,BARANGAY 683,,,14.577636,120.995908,,,,,,,16,2020-07-16,OSP
MNL001 LP371 NP5-6,MNL001,LP371,NP5-6,MNL001 LP371,Zen Tower,MANILA,3,2,BARANGAY 683,,,14.578044,120.995894,,,,,,,16,2020-07-16,OSP
MNL001 LP371 NP7-8,MNL001,LP371,NP7-8,MNL001 LP371,Zen Tower,MANILA,3,2,BARANGAY 683,,,14.578392,120.995899,,,,,,,16,2020-07-16,OSP
MNL034 LP397 NP1-2,MNL034,LP397,NP1-2,MNL034 LP397,Benitez,MANILA,3,2,BARANGAY 684,,,14.578023,120.995269,,,,,,,16,2023-06-05,OSP
MNL034 LP397 NP3-5,MNL034,LP397,NP3-5,MNL034 LP397,Benitez,MANILA,3,2,BARANGAY 684,,,14.57752,120.995335,,,,,,,24,2023-06-05,OSP
MNL034 LP397 NP6-8,MNL034,LP397,NP6-8,MNL034 LP397,Benitez,MANILA,3,2,BARANGAY 684,,,14.577441,120.995027,,,,,,,24,2023-06-05,OSP
MNL034 LP398 NP1-2,MNL034,LP398,NP1-2,MNL034 LP398,Benitez,MANILA,3,2,BARANGAY 684,,,14.577413,120.994869,,,,,,,16,2023-06-05,OSP
MNL034 LP398 NP3-5,MNL034,LP398,NP3-5,MNL034 LP398,Benitez,MANILA,3,2,BARANGAY 684,,,14.577881,120.994729,,,,,,,24,2023-06-05,OSP
MNL034 LP398 NP6-8,MNL034,LP398,NP6-8,MNL034 LP398,Benitez,MANILA,3,2,BARANGAY 684,,,14.577832,120.994357,,,,,,,24,2023-06-05,OSP
MNL034 LP399 NP1-2,MNL034,LP399,NP1-2,MNL034 LP399,Benitez,MANILA,3,2,BARANGAY 684,,,14.578242,120.994617,,,,,,,16,2023-06-05,OSP
MNL034 LP399 NP3-5,MNL034,LP399,NP3-5,MNL034 LP399,Benitez,MANILA,3,2,BARANGAY 684,,,14.578543,120.99453,,,,,,,24,2023-06-05,OSP
MNL004 LP244 NP1-2,MNL004,LP244,NP1-2,MNL004 LP244,Zamora Pandacan,MANILA,3,2,BARANGAY 684,,,14.578562,120.994559,,,,,,,16,2021-06-25,OSP
MNL004 LP275 NP6-7-8,MNL004,LP275,NP6-7-8,MNL004 LP275,Zamora Pandacan,MANILA,3,2,BARANGAY 684,,,14.577529,120.994835,,,,,,,24,2021-06-17,OSP
MNL004 LP276 NP1-2,MNL004,LP276,NP1-2,MNL004 LP276,Zamora Pandacan,MANILA,3,2,BARANGAY 684,,,14.577884,120.994725,,,,,,,16,2021-06-17,OSP
MNL004 LP276 NP3-4-5,MNL004,LP276,NP3-4-5,MNL004 LP276,Zamora Pandacan,MANILA,3,2,BARANGAY 684,,,14.577833,120.994382,,,,,,,24,2021-06-17,OSP
MNL004 LP276 NP6-7-8,MNL004,LP276,NP6-7-8,MNL004 LP276,Zamora Pandacan,MANILA,3,2,BARANGAY 684,,,14.578124,120.994333,,,,,,,24,2021-06-17,OSP
MNL004 LP272 NP6-7-8,MNL004,LP272,NP6-7-8,MNL004 LP272,Zamora Pandacan,MANILA,3,2,BARANGAY 684,,,14.578298,120.995233,,,,,,,24,2021-06-17,OSP
MNL004 LP273 NP1-2,MNL004,LP273,NP1-2,MNL004 LP273,Zamora Pandacan,MANILA,3,2,BARANGAY 684,,,14.57795,120.995267,,,,,,,16,2021-06-17,OSP
MNL004 LP273 NP3-4-5,MNL004,LP273,NP3-4-5,MNL004 LP273,Zamora Pandacan,MANILA,3,2,BARANGAY 684,,,14.577955,120.995059,,,,,,,24,2021-06-17,OSP
MNL004 LP273 NP6-7-8,MNL004,LP273,NP6-7-8,MNL004 LP273,Zamora Pandacan,MANILA,3,2,BARANGAY 684,,,14.57752,120.995314,,,,,,,24,2021-06-17,OSP
MNL004 LP275 NP1-2,MNL004,LP275,NP1-2,MNL004 LP275,Zamora Pandacan,MANILA,3,2,BARANGAY 684,,,14.577441,120.995023,,,,,,,16,2021-06-17,OSP
MNL004 LP275 NP3-4-5,MNL004,LP275,NP3-4-5,MNL004 LP275,Zamora Pandacan,MANILA,3,2,BARANGAY 684,,,14.577312,120.995055,,,,,,,24,2021-06-17,OSP
MNL001 LP369 NP3-4,MNL001,LP369,NP3-4,MNL001 LP369,Zen Tower,MANILA,3,2,BARANGAY 684,,,14.578257,120.994623,,,,,,,16,2020-07-16,OSP
MNL001 LP369 NP5-6,MNL001,LP369,NP5-6,MNL001 LP369,Zen Tower,MANILA,3,2,BARANGAY 684,,,14.57789,120.994723,,,,,,,16,2020-07-16,OSP
MNL001 LP369 NP7-8,MNL001,LP369,NP7-8,MNL001 LP369,Zen Tower,MANILA,3,2,BARANGAY 684,,,14.577418,120.994903,,,,,,,16,2020-07-16,OSP
MNL001 LP370 NP1-2,MNL001,LP370,NP1-2,MNL001 LP370,Zen Tower,MANILA,3,2,BARANGAY 684,,,14.577269,120.99537,,,,,,,16,2020-07-16,OSP
PSY002 LP28 NP3-4,PSY002,LP28,NP3-4,PSY002 LP28,Antel,MANILA,3,2,BARANGAY 685,,,14.576833,120.996672,,,,,,,16,2016-11-15,OSP
MNL034 LP390 NP1-2,MNL034,LP390,NP1-2,MNL034 LP390,Benitez,MANILA,3,2,BARANGAY 685,,,14.577614,120.996725,,,,,,,16,2023-06-05,OSP
MNL034 LP390 NP3-5,MNL034,LP390,NP3-5,MNL034 LP390,Benitez,MANILA,3,2,BARANGAY 685,,,14.576875,120.996637,,,,,,,24,2023-06-05,OSP
MNL034 LP388 NP1-2,MNL034,LP388,NP1-2,MNL034 LP388,Benitez,MANILA,3,2,BARANGAY 685,,,14.57873,120.997359,,,,,,,16,2023-06-05,OSP
MNL034 LP388 NP3-5,MNL034,LP388,NP3-5,MNL034 LP388,Benitez,MANILA,3,2,BARANGAY 685,,,14.578058,120.997464,,,,,,,24,2023-06-05,OSP
MNL034 LP388 NP6-8,MNL034,LP388,NP6-8,MNL034 LP388,Benitez,MANILA,3,2,BARANGAY 685,,,14.578061,120.996727,,,,,,,24,2023-06-05,OSP
MNL004 LP266 NP1-2,MNL004,LP266,NP1-2,MNL004 LP266,Zamora Pandacan,MANILA,3,2,BARANGAY 685,,,14.57762,120.996183,,,,,,,16,2021-06-17,OSP
MNL004 LP261 NP6-7-8,MNL004,LP261,NP6-7-8,MNL004 LP261,Zamora Pandacan,MANILA,3,2,BARANGAY 685,,,14.578057,120.997214,,,,,,,24,2021-06-17,OSP
MNL004 LP262 NP1-2,MNL004,LP262,NP1-2,MNL004 LP262,Zamora Pandacan,MANILA,3,2,BARANGAY 685,,,14.578067,120.99671,,,,,,,16,2021-06-17,OSP
MNL004 LP262 NP3-4-5,MNL004,LP262,NP3-4-5,MNL004 LP262,Zamora Pandacan,MANILA,3,2,BARANGAY 685,,,14.577811,120.996717,,,,,,,24,2021-06-17,OSP
MNL004 LP262 NP6-7-8,MNL004,LP262,NP6-7-8,MNL004 LP262,Zamora Pandacan,MANILA,3,2,BARANGAY 685,,,14.577248,120.996728,,,,,,,24,2021-06-17,OSP
MNL004 LP264 NP1-2,MNL004,LP264,NP1-2,MNL004 LP264,Zamora Pandacan,MANILA,3,2,BARANGAY 685,,,14.576895,120.996634,,,,,,,16,2021-06-17,OSP
MNL004 LP274 NP6-7-8,MNL004,LP274,NP6-7-8,MNL004 LP274,Zamora Pandacan,MANILA,3,2,BARANGAY 685,,,14.576121,120.996071,,,,,,,24,2021-06-17,OSP
MNL001 LP206 NP1-2,MNL001,LP206,NP1-2,MNL001 LP206,Zen Tower,MANILA,3,2,BARANGAY 685,,,14.57806489,120.9974702,,,,,,,16,2019-05-04,OSP
MNL001 LP371 NP3-4,MNL001,LP371,NP3-4,MNL001 LP371,Zen Tower,MANILA,3,2,BARANGAY 685,,,14.577608,120.996729,,,,,,,16,2020-07-16,OSP
PSY002 LP28 NP1-2,PSY002,LP28,NP1-2,PSY002 LP28,Antel,MANILA,3,2,BARANGAY 686,,,14.575164,120.99533,,,,,,,16,2016-11-14,OSP
MNL034 LP138 NP5-6,MNL034,LP138,NP5-6,MNL034 LP138,Benitez,MANILA,3,2,BARANGAY 686,,,14.575076,120.994495,,,,,,,16,2021-01-30,OSP
MNL034 LP138 NP7-8,MNL034,LP138,NP7-8,MNL034 LP138,Benitez,MANILA,3,2,BARANGAY 686,,,14.574492,120.994713,,,,,,,16,2021-01-30,OSP
MNL034 LP138 NP1-2,MNL034,LP138,NP1-2,MNL034 LP138,Benitez,MANILA,3,2,BARANGAY 686,,,14.575849,120.99417,,,,,,,16,2021-01-30,OSP
MNL034 LP138 NP3-4,MNL034,LP138,NP3-4,MNL034 LP138,Benitez,MANILA,3,2,BARANGAY 686,,,14.57657,120.993888,,,,,,,16,2021-01-30,OSP
MNL034 LP13 NP1-2,MNL034,LP13,NP1-2,MNL034 LP13,Benitez,MANILA,3,2,BARANGAY 686,,,14.575267,120.994372,,,,,,,16,2020-02-13,OSP
MNL034 LP13 NP3-4,MNL034,LP13,NP3-4,MNL034 LP13,Benitez,MANILA,3,2,BARANGAY 686,,,14.575964,120.994519,,,,,,,16,2020-02-13,OSP
MNL034 LP13 NP5-6,MNL034,LP13,NP5-6,MNL034 LP13,Benitez,MANILA,3,2,BARANGAY 686,,,14.575586,120.995039,,,,,,,16,2020-02-13,OSP
MNL034 LP423 NP6-8,MNL034,LP423,NP6-8,MNL034 LP423,Benitez,MANILA,3,2,BARANGAY 686,,,14.575114,120.995237,,,,,,,24,2023-06-22,OSP
MNL034 LP420 NP3-5,MNL034,LP420,NP3-5,MNL034 LP420,Benitez,MANILA,3,2,BARANGAY 686,,,14.577195,120.993626,,,,,,,24,2023-06-22,OSP
MNL034 LP420 NP6-8,MNL034,LP420,NP6-8,MNL034 LP420,Benitez,MANILA,3,2,BARANGAY 686,,,14.576832,120.993749,,,,,,,24,2023-06-22,OSP
MNL034 LP422 NP1-2,MNL034,LP422,NP1-2,MNL034 LP422,Benitez,MANILA,3,2,BARANGAY 686,,,14.575907,120.994386,,,,,,,16,2023-06-22,OSP
MNL034 LP422 NP3-5,MNL034,LP422,NP3-5,MNL034 LP422,Benitez,MANILA,3,2,BARANGAY 686,,,14.575966,120.99457,,,,,,,24,2023-06-22,OSP
MNL034 LP422 NP6-8,MNL034,LP422,NP6-8,MNL034 LP422,Benitez,MANILA,3,2,BARANGAY 686,,,14.576074,120.994871,,,,,,,24,2023-06-22,OSP
MNL034 LP423 NP1-2,MNL034,LP423,NP1-2,MNL034 LP423,Benitez,MANILA,3,2,BARANGAY 686,,,14.575583,120.99506,,,,,,,16,2023-06-22,OSP
MNL034 LP423 NP3-5,MNL034,LP423,NP3-5,MNL034 LP423,Benitez,MANILA,3,2,BARANGAY 686,,,14.575123,120.995233,,,,,,,24,2023-06-22,OSP
MNL004 LP82 NP7-8,MNL004,LP82,NP7-8,MNL004 LP82,Zamora Pandacan,MANILA,3,2,BARANGAY 686,,,14.574447,120.994705,,,,,,,16,2019-09-30,OSP
MNL004 LP256 NP3-4-5,MNL004,LP256,NP3-4-5,MNL004 LP256,Zamora Pandacan,MANILA,3,2,BARANGAY 686,,,14.575087,120.995235,,,,,,,24,2021-06-25,OSP
MNL004 LP256 NP6-7-8,MNL004,LP256,NP6-7-8,MNL004 LP256,Zamora Pandacan,MANILA,3,2,BARANGAY 686,,,14.575782,120.99579,,,,,,,24,2021-06-25,OSP
MNL004 LP253 NP3-4-5,MNL004,LP253,NP3-4-5,MNL004 LP253,Zamora Pandacan,MANILA,3,2,BARANGAY 686,,,14.576485,120.993891,,,,,,,24,2021-06-25,OSP
MNL004 LP255 NP3-4-5,MNL004,LP255,NP3-4-5,MNL004 LP255,Zamora Pandacan,MANILA,3,2,BARANGAY 686,,,14.57592,120.994548,,,,,,,24,2021-06-25,OSP
MNL004 LP255 NP6-7-8,MNL004,LP255,NP6-7-8,MNL004 LP255,Zamora Pandacan,MANILA,3,2,BARANGAY 686,,,14.57599,120.994788,,,,,,,24,2021-06-25,OSP
MNL004 LP256 NP1-2,MNL004,LP256,NP1-2,MNL004 LP256,Zamora Pandacan,MANILA,3,2,BARANGAY 686,,,14.57574,120.994969,,,,,,,16,2021-06-25,OSP
MNL001 LP169 NP5-6,MNL001,LP169,NP5-6,MNL001 LP169,Zen Tower,MANILA,3,2,BARANGAY 686,,,14.576744,120.993775,,,,,,,16,2020-08-27,OSP
MNL001 LP169 NP7-8,MNL001,LP169,NP7-8,MNL001 LP169,Zen Tower,MANILA,3,2,BARANGAY 686,,,14.577192,120.993594,,,,,,,16,2020-08-27,OSP
MNL001 LP201 NP1-2,MNL001,LP201,NP1-2,MNL001 LP201,Zen Tower,MANILA,3,2,BARANGAY 686,,,14.57649472,120.9938869,,,,,,,16,2019-05-03,OSP
MNL001 LP201 NP3-4,MNL001,LP201,NP3-4,MNL001 LP201,Zen Tower,MANILA,3,2,BARANGAY 686,,,14.5758851,120.9941092,,,,,,,16,2019-05-03,OSP
MNL001 LP201 NP5-6,MNL001,LP201,NP5-6,MNL001 LP201,Zen Tower,MANILA,3,2,BARANGAY 686,,,14.57607304,120.9948434,,,,,,,16,2019-05-03,OSP
MNL034 LP14 NP1-2,MNL034,LP14,NP1-2,MNL034 LP14,Benitez,MANILA,3,2,BARANGAY 687,,,14.575993,120.992835,,,,,,,16,2020-02-13,OSP
MNL034 LP14 NP3-4,MNL034,LP14,NP3-4,MNL034 LP14,Benitez,MANILA,3,2,BARANGAY 687,,,14.576842,120.992448,,,,,,,16,2020-02-13,OSP
MNL034 LP14 NP5-6,MNL034,LP14,NP5-6,MNL034 LP14,Benitez,MANILA,3,2,BARANGAY 687,,,14.57714,120.992307,,,,,,,16,2020-02-13,OSP
MNL034 LP14 NP7-8,MNL034,LP14,NP7-8,MNL034 LP14,Benitez,MANILA,3,2,BARANGAY 687,,,14.576999,120.992026,,,,,,,16,2020-02-13,OSP
MNL034 LP12 NP1-2,MNL034,LP12,NP1-2,MNL034 LP12,Benitez,MANILA,3,2,BARANGAY 687,,,14.575573,120.993146,,,,,,,16,2020-02-13,OSP
MNL034 LP136 NP3-4,MNL034,LP136,NP3-4,MNL034 LP136,Benitez,MANILA,3,2,BARANGAY 687,,,14.577197,120.992364,,,,,,,16,2021-01-30,OSP
MNL034 LP136 NP5-6,MNL034,LP136,NP5-6,MNL034 LP136,Benitez,MANILA,3,2,BARANGAY 687,,,14.576599,120.992638,,,,,,,16,2021-01-30,OSP
MNL034 LP136 NP7-8,MNL034,LP136,NP7-8,MNL034 LP136,Benitez,MANILA,3,2,BARANGAY 687,,,14.576126,120.992845,,,,,,,16,2021-01-30,OSP
MNL034 LP137 NP1-2,MNL034,LP137,NP1-2,MNL034 LP137,Benitez,MANILA,3,2,BARANGAY 687,,,14.57558,120.993112,,,,,,,16,2021-01-30,OSP
MNL034 LP420 NP1-2,MNL034,LP420,NP1-2,MNL034 LP420,Benitez,MANILA,3,2,BARANGAY 687,,,14.577769,120.993404,,,,,,,16,2023-06-22,OSP
MNL034 LP421 NP1-2,MNL034,LP421,NP1-2,MNL034 LP421,Benitez,MANILA,3,2,BARANGAY 687,,,14.576144,120.99288,,,,,,,16,2023-06-22,OSP
MNL034 LP421 NP3-5,MNL034,LP421,NP3-5,MNL034 LP421,Benitez,MANILA,3,2,BARANGAY 687,,,14.577304,120.99235,,,,,,,24,2023-06-22,OSP
MNL034 LP421 NP6-8,MNL034,LP421,NP6-8,MNL034 LP421,Benitez,MANILA,3,2,BARANGAY 687,,,14.575679,120.993485,,,,,,,24,2023-06-22,OSP
MNL004 LP253 NP1-2,MNL004,LP253,NP1-2,MNL004 LP253,Zamora Pandacan,MANILA,3,2,BARANGAY 687,,,14.577465,120.993504,,,,,,,16,2021-06-25,OSP
MNL004 LP253 NP6-7-8,MNL004,LP253,NP6-7-8,MNL004 LP253,Zamora Pandacan,MANILA,3,2,BARANGAY 687,,,14.57637,120.993565,,,,,,,24,2021-06-25,OSP
MNL004 LP254 NP1-2,MNL004,LP254,NP1-2,MNL004 LP254,Zamora Pandacan,MANILA,3,2,BARANGAY 687,,,14.576117,120.992863,,,,,,,16,2021-06-25,OSP
MNL004 LP254 NP3-4-5,MNL004,LP254,NP3-4-5,MNL004 LP254,Zamora Pandacan,MANILA,3,2,BARANGAY 687,,,14.576759,120.992561,,,,,,,24,2021-06-25,OSP
MNL004 LP254 NP6-7-8,MNL004,LP254,NP6-7-8,MNL004 LP254,Zamora Pandacan,MANILA,3,2,BARANGAY 687,,,14.575581,120.993145,,,,,,,24,2021-06-25,OSP
MNL004 LP255 NP1-2,MNL004,LP255,NP1-2,MNL004 LP255,Zamora Pandacan,MANILA,3,2,BARANGAY 687,,,14.57574,120.993913,,,,,,,16,2021-06-25,OSP
MNL001 LP169 NP1-2,MNL001,LP169,NP1-2,MNL001 LP169,Zen Tower,MANILA,3,2,BARANGAY 687,,,14.5765662,120.9925787,,,,,,,16,2018-10-25,OSP
MNL001 LP169 NP3-4,MNL001,LP169,NP3-4,MNL001 LP169,Zen Tower,MANILA,3,2,BARANGAY 687,,,14.57635,120.993204,,,,,,,16,2020-08-27,OSP
MNL001 LP2 NP7-8,MNL001,LP2,NP7-8,MNL001 LP2,Zen Tower,MANILA,3,2,BARANGAY 687,,,14.578128,120.993291,,,,,,,16,2015-07-22,OSP
MNL001 LP200 NP7-8,MNL001,LP200,NP7-8,MNL001 LP200,Zen Tower,MANILA,3,2,BARANGAY 687,,,14.57740334,120.993557,,,,,,,16,2019-05-03,OSP
MNL034 LP251 NP1-2,MNL034,LP251,NP1-2,MNL034 LP251,Benitez,MANILA,3,2,BARANGAY 688,,,14.573126,120.99361,,,,,,,16,2021-02-26,OSP
MNL034 LP251 NP3-4,MNL034,LP251,NP3-4,MNL034 LP251,Benitez,MANILA,3,2,BARANGAY 688,,,14.573897,120.993169,,,,,,,16,2021-02-26,OSP
MNL034 LP12 NP3-4,MNL034,LP12,NP3-4,MNL034 LP12,Benitez,MANILA,3,2,BARANGAY 688,,,14.57422,120.993744,,,,,,,16,2020-02-13,OSP
MNL034 LP12 NP5-6,MNL034,LP12,NP5-6,MNL034 LP12,Benitez,MANILA,3,2,BARANGAY 688,,,14.574161,120.993982,,,,,,,16,2020-02-13,OSP
MNL034 LP12 NP7-8,MNL034,LP12,NP7-8,MNL034 LP12,Benitez,MANILA,3,2,BARANGAY 688,,,14.574276,120.99429,,,,,,,16,2020-02-13,OSP
MNL034 LP134 NP3-4,MNL034,LP134,NP3-4,MNL034 LP134,Benitez,MANILA,3,2,BARANGAY 688,,,14.574713,120.992639,,,,,,,16,2021-01-30,OSP
MNL034 LP137 NP3-4,MNL034,LP137,NP3-4,MNL034 LP137,Benitez,MANILA,3,2,BARANGAY 688,,,14.574765,120.99347,,,,,,,16,2021-01-30,OSP
MNL034 LP137 NP5-6,MNL034,LP137,NP5-6,MNL034 LP137,Benitez,MANILA,3,2,BARANGAY 688,,,14.574226,120.993712,,,,,,,16,2021-01-30,OSP
MNL034 LP137 NP7-8,MNL034,LP137,NP7-8,MNL034 LP137,Benitez,MANILA,3,2,BARANGAY 688,,,14.573844,120.993893,,,,,,,16,2021-01-30,OSP
MNL034 LP11 NP7-8,MNL034,LP11,NP7-8,MNL034 LP11,Benitez,MANILA,3,2,BARANGAY 688,,,14.574576,120.992793,,,,,,,16,2020-02-13,OSP
MNL034 LP134 NP1-2,MNL034,LP134,NP1-2,MNL034 LP134,Benitez,MANILA,3,2,BARANGAY 688,,,14.573855,120.993107,,,,,,,16,2021-01-30,OSP
MNL004 LP83 NP1-2,MNL004,LP83,NP1-2,MNL004 LP83,Zamora Pandacan,MANILA,3,2,BARANGAY 688,,,14.573496,120.993962,,,,,,,16,2019-09-30,OSP
MNL004 LP83 NP3-4,MNL004,LP83,NP3-4,MNL004 LP83,Zamora Pandacan,MANILA,3,2,BARANGAY 688,,,14.573123,120.993696,,,,,,,16,2019-09-30,OSP
MNL001 LP166 NP7-8,MNL001,LP166,NP7-8,MNL001 LP166,Zen Tower,MANILA,3,2,BARANGAY 688,,,14.57387728,120.9931988,,,,,,,16,2018-10-25,OSP
MNL001 LP167 NP1-2,MNL001,LP167,NP1-2,MNL001 LP167,Zen Tower,MANILA,3,2,BARANGAY 688,,,14.57483761,120.9934725,,,,,,,16,2018-10-25,OSP
MNL001 LP157 NP7-8,MNL001,LP157,NP7-8,MNL001 LP157,Zen Tower,MANILA,3,2,BARANGAY 688,,,14.575186,120.99356,,,,,,,16,2020-08-07,OSP
MNL034 LP10 NP1-2,MNL034,LP10,NP1-2,MNL034 LP10,Benitez,MANILA,3,2,BARANGAY 689,,,14.572789,120.993365,,,,,,,16,2020-02-13,OSP
MNL034 LP143 NP3-4,MNL034,LP143,NP3-4,MNL034 LP143,Benitez,MANILA,3,2,BARANGAY 689,,,14.574331,120.992453,,,,,,,16,2021-01-30,OSP
MNL034 LP143 NP5-6,MNL034,LP143,NP5-6,MNL034 LP143,Benitez,MANILA,3,2,BARANGAY 689,,,14.573693,120.992788,,,,,,,16,2021-01-30,OSP
MNL034 LP143 NP7-8,MNL034,LP143,NP7-8,MNL034 LP143,Benitez,MANILA,3,2,BARANGAY 689,,,14.572754,120.993334,,,,,,,16,2021-01-30,OSP
MNL034 LP144 NP5-6,MNL034,LP144,NP5-6,MNL034 LP144,Benitez,MANILA,3,2,BARANGAY 689,,,14.574304,120.991995,,,,,,,16,2021-01-30,OSP
MNL034 LP11 NP3-4,MNL034,LP11,NP3-4,MNL034 LP11,Benitez,MANILA,3,2,BARANGAY 689,,,14.574198,120.992488,,,,,,,16,2020-02-13,OSP
MNL034 LP11 NP5-6,MNL034,LP11,NP5-6,MNL034 LP11,Benitez,MANILA,3,2,BARANGAY 689,,,14.573717,120.992818,,,,,,,16,2020-02-13,OSP
MNL034 LP10 NP3-4,MNL034,LP10,NP3-4,MNL034 LP10,Benitez,MANILA,3,2,BARANGAY 689,,,14.573872,120.992352,,,,,,,16,2020-02-13,OSP
MNL004 LP83 NP5-6,MNL004,LP83,NP5-6,MNL004 LP83,Zamora Pandacan,MANILA,3,2,BARANGAY 689,,,14.572488,120.993155,,,,,,,16,2019-09-30,OSP
MNL001 LP166 NP5-6,MNL001,LP166,NP5-6,MNL001 LP166,Zen Tower,MANILA,3,2,BARANGAY 689,,,14.57353619,120.992539,,,,,,,16,2018-10-25,OSP
MNL034 LP144 NP7-8,MNL034,LP144,NP7-8,MNL034 LP144,Benitez,MANILA,3,2,BARANGAY 690,,,14.573607,120.992376,,,,,,,16,2021-01-30,OSP
MNL034 LP152 NP5-6,MNL034,LP152,NP5-6,MNL034 LP152,Benitez,MANILA,3,2,BARANGAY 690,,,14.573177,120.991797,,,,,,,16,2021-01-30,OSP
MNL034 LP21 NP1-2,MNL034,LP21,NP1-2,MNL034 LP21,Benitez,MANILA,3,2,BARANGAY 690,,,14.574141,120.991709,,,,,,,16,2020-02-13,OSP
MNL034 LP21 NP5-6,MNL034,LP21,NP5-6,MNL034 LP21,Benitez,MANILA,3,2,BARANGAY 690,,,14.574355,120.991102,,,,,,,16,2020-02-13,OSP
MNL034 LP146 NP1-2,MNL034,LP146,NP1-2,MNL034 LP146,Benitez,MANILA,3,2,BARANGAY 690,,,14.573795,120.991866,,,,,,,16,2021-01-30,OSP
MNL034 LP146 NP3-4,MNL034,LP146,NP3-4,MNL034 LP146,Benitez,MANILA,3,2,BARANGAY 690,,,14.574094,120.991704,,,,,,,16,2021-01-30,OSP
MNL034 LP146 NP7-8,MNL034,LP146,NP7-8,MNL034 LP146,Benitez,MANILA,3,2,BARANGAY 690,,,14.573649,120.991512,,,,,,,16,2021-01-30,OSP
MNL034 LP403 NP3-5,MNL034,LP403,NP3-5,MNL034 LP403,Benitez,MANILA,3,2,BARANGAY 690,,,14.57351,120.992404,,,,,,,24,2023-06-05,OSP
MNL034 LP403 NP1-2,MNL034,LP403,NP1-2,MNL034 LP403,Benitez,MANILA,3,2,BARANGAY 690,,,14.573375,120.992145,,,,,,,16,2023-06-05,OSP
MNL034 LP145 NP1-2,MNL034,LP145,NP1-2,MNL034 LP145,Benitez,MANILA,3,2,BARANGAY 691,,,14.573048,120.992702,,,,,,,16,2021-01-30,OSP
MNL034 LP145 NP3-4,MNL034,LP145,NP3-4,MNL034 LP145,Benitez,MANILA,3,2,BARANGAY 691,,,14.572444,120.993033,,,,,,,16,2021-01-30,OSP
MNL034 LP145 NP5-6,MNL034,LP145,NP5-6,MNL034 LP145,Benitez,MANILA,3,2,BARANGAY 691,,,14.572847,120.992402,,,,,,,16,2021-01-30,OSP
MNL034 LP145 NP7-8,MNL034,LP145,NP7-8,MNL034 LP145,Benitez,MANILA,3,2,BARANGAY 691,,,14.573339,120.992114,,,,,,,16,2021-01-30,OSP
MNL034 LP152 NP7-8,MNL034,LP152,NP7-8,MNL034 LP152,Benitez,MANILA,3,2,BARANGAY 691,,,14.57243,120.992223,,,,,,,16,2021-01-30,OSP
MNL034 LP20 NP1-2,MNL034,LP20,NP1-2,MNL034 LP20,Benitez,MANILA,3,2,BARANGAY 691,,,14.572281,120.992371,,,,,,,16,2020-02-13,OSP
MNL034 LP20 NP3-4,MNL034,LP20,NP3-4,MNL034 LP20,Benitez,MANILA,3,2,BARANGAY 691,,,14.57213,120.992844,,,,,,,16,2020-02-13,OSP
MNL034 LP20 NP5-6,MNL034,LP20,NP5-6,MNL034 LP20,Benitez,MANILA,3,2,BARANGAY 691,,,14.57284,120.992444,,,,,,,16,2020-02-13,OSP
MNL034 LP20 NP7-8,MNL034,LP20,NP7-8,MNL034 LP20,Benitez,MANILA,3,2,BARANGAY 691,,,14.573349,120.99216,,,,,,,16,2020-02-13,OSP
MNL004 LP83 NP7-8,MNL004,LP83,NP7-8,MNL004 LP83,Zamora Pandacan,MANILA,3,2,BARANGAY 691,,,14.571841,120.992648,,,,,,,16,2019-09-30,OSP
MNL001 LP166 NP3-4,MNL001,LP166,NP3-4,MNL001 LP166,Zen Tower,MANILA,3,2,BARANGAY 691,,,14.57314194,120.9917771,,,,,,,16,2018-10-25,OSP
MNL034 LP153 NP7-8,MNL034,LP153,NP7-8,MNL034 LP153,Benitez,MANILA,3,2,BARANGAY 692,,,14.57282,120.991151,,,,,,,16,2021-01-30,OSP
MNL034 LP18 NP1-2,MNL034,LP18,NP1-2,MNL034 LP18,Benitez,MANILA,3,2,BARANGAY 692,,,14.571376,120.991129,,,,,,,16,2020-02-13,OSP
MNL034 LP18 NP3-4,MNL034,LP18,NP3-4,MNL034 LP18,Benitez,MANILA,3,2,BARANGAY 692,,,14.572056,120.991541,,,,,,,16,2020-02-13,OSP
MNL034 LP19 NP7-8,MNL034,LP19,NP7-8,MNL034 LP19,Benitez,MANILA,3,2,BARANGAY 692,,,14.572967,120.99141,,,,,,,16,2020-02-13,OSP
MNL034 LP153 NP1-2,MNL034,LP153,NP1-2,MNL034 LP153,Benitez,MANILA,3,2,BARANGAY 692,,,14.571206,120.992057,,,,,,,16,2021-01-30,OSP
MNL034 LP153 NP3-4,MNL034,LP153,NP3-4,MNL034 LP153,Benitez,MANILA,3,2,BARANGAY 692,,,14.571652,120.991827,,,,,,,16,2021-01-30,OSP
MNL034 LP153 NP5-6,MNL034,LP153,NP5-6,MNL034 LP153,Benitez,MANILA,3,2,BARANGAY 692,,,14.572406,120.991408,,,,,,,16,2021-01-30,OSP
MNL034 LP402 NP3-5,MNL034,LP402,NP3-5,MNL034 LP402,Benitez,MANILA,3,2,BARANGAY 692,,,14.572803,120.991122,,,,,,,24,2023-06-05,OSP
MNL079 LP2 NP3-4,MNL079,LP2,NP3-4,MNL079 LP2,Harvard Suites,MANILA,3,2,BARANGAY 692,,HARVARD SUITES,14.571223,120.991302,,10F,EE ROOM,MNL079,,,,2023-08-04,ISP
MNL079 LP8 NP4,MNL079,LP8,NP4,MNL079 LP8,Harvard Suites,MANILA,3,2,BARANGAY 692,,HARVARD SUITES,14.571223,120.991302,,40F,EE ROOM,MNL079,,,,2023-08-04,ISP
MNL079 LP8 NP3,MNL079,LP8,NP3,MNL079 LP8,Harvard Suites,MANILA,3,2,BARANGAY 692,,HARVARD SUITES,14.571223,120.991302,,39F,EE ROOM,MNL079,,,,2023-08-04,ISP
MNL079 LP2 NP2,MNL079,LP2,NP2,MNL079 LP2,Harvard Suites,MANILA,3,2,BARANGAY 692,,HARVARD SUITES,14.571223,120.991302,,9F,EE ROOM,MNL079,,,,2023-08-04,ISP
MNL079 LP6 NP5,MNL079,LP6,NP5,MNL079 LP6,Harvard Suites,MANILA,3,2,BARANGAY 692,,HARVARD SUITES,14.571223,120.991302,,30F,EE ROOM,MNL079,,,,2023-08-04,ISP
MNL079 LP8 NP5,MNL079,LP8,NP5,MNL079 LP8,Harvard Suites,MANILA,3,2,BARANGAY 692,,HARVARD SUITES,14.571223,120.991302,,41F,EE ROOM,MNL079,,,,2023-08-04,ISP
MNL079 LP3 NP6-7,MNL079,LP3,NP6-7,MNL079 LP3,Harvard Suites,MANILA,3,2,BARANGAY 692,,HARVARD SUITES,14.571223,120.991302,,16F,EE ROOM,MNL079,,,,2023-08-04,ISP
MNL079 LP7 NP4-5,MNL079,LP7,NP4-5,MNL079 LP7,Harvard Suites,MANILA,3,2,BARANGAY 692,,HARVARD SUITES,14.571223,120.991302,,35F,EE ROOM,MNL079,,,,2023-08-04,ISP
MNL079 LP5 NP6-7,MNL079,LP5,NP6-7,MNL079 LP5,Harvard Suites,MANILA,3,2,BARANGAY 692,,HARVARD SUITES,14.571223,120.991302,,26F,EE ROOM,MNL079,,,,2023-08-04,ISP
MNL079 LP7 NP1,MNL079,LP7,NP1,MNL079 LP7,Harvard Suites,MANILA,3,2,BARANGAY 692,,HARVARD SUITES,14.571223,120.991302,,33F,EE ROOM,MNL079,,,,2023-08-04,ISP
MNL079 LP3 NP1-2,MNL079,LP3,NP1-2,MNL079 LP3,Harvard Suites,MANILA,3,2,BARANGAY 692,,HARVARD SUITES,14.571223,120.991302,,12F,EE ROOM,MNL079,,,,2023-08-04,ISP
MNL079 LP4 NP2-3,MNL079,LP4,NP2-3,MNL079 LP4,Harvard Suites,MANILA,3,2,BARANGAY 692,,HARVARD SUITES,14.571223,120.991302,,19F,EE ROOM,MNL079,,,,2023-08-04,ISP
MNL079 LP1 NP2,MNL079,LP1,NP2,MNL079 LP1,Harvard Suites,MANILA,3,2,BARANGAY 692,,HARVARD SUITES,14.571223,120.991302,,3F,EE ROOM,MNL079,,,,2023-08-04,ISP
MNL079 LP2 NP5-6,MNL079,LP2,NP5-6,MNL079 LP2,Harvard Suites,MANILA,3,2,BARANGAY 692,,HARVARD SUITES,14.571223,120.991302,,11F,EE ROOM,MNL079,,,,2023-08-04,ISP
MNL079 LP7 NP7-8,MNL079,LP7,NP7-8,MNL079 LP7,Harvard Suites,MANILA,3,2,BARANGAY 692,,HARVARD SUITES,14.571223,120.991302,,37F,EE ROOM,MNL079,,,,2023-08-04,ISP
MNL079 LP4 NP4-5,MNL079,LP4,NP4-5,MNL079 LP4,Harvard Suites,MANILA,3,2,BARANGAY 692,,HARVARD SUITES,14.571223,120.991302,,20F,EE ROOM,MNL079,,,,2023-08-04,ISP
MNL079 LP4 NP7-8,MNL079,LP4,NP7-8,MNL079 LP4,Harvard Suites,MANILA,3,2,BARANGAY 692,,HARVARD SUITES,14.571223,120.991302,,22F,EE ROOM,MNL079,,,,2023-08-04,ISP
MNL079 LP5 NP1-2,MNL079,LP5,NP1-2,MNL079 LP5,Harvard Suites,MANILA,3,2,BARANGAY 692,,HARVARD SUITES,14.571223,120.991302,,23F,EE ROOM,MNL079,,,,2023-08-04,ISP
MNL079 LP5 NP3,MNL079,LP5,NP3,MNL079 LP5,Harvard Suites,MANILA,3,2,BARANGAY 692,,HARVARD SUITES,14.571223,120.991302,,24F,EE ROOM,MNL079,,,,2023-08-04,ISP
MNL079 LP2 NP1,MNL079,LP2,NP1,MNL079 LP2,Harvard Suites,MANILA,3,2,BARANGAY 692,,HARVARD SUITES,14.571223,120.991302,,8F,EE ROOM,MNL079,,,,2023-08-04,ISP
MNL079 LP5 NP4-5,MNL079,LP5,NP4-5,MNL079 LP5,Harvard Suites,MANILA,3,2,BARANGAY 692,,HARVARD SUITES,14.571223,120.991302,,25F,EE ROOM,MNL079,,,,2023-08-04,ISP
MNL079 LP2 NP7-8,MNL079,LP2,NP7-8,MNL079 LP2,Harvard Suites,MANILA,3,2,BARANGAY 692,,HARVARD SUITES,14.571223,120.991302,,12F,EE ROOM,MNL079,,,,2023-08-04,ISP
MNL079 LP6 NP8,MNL079,LP6,NP8,MNL079 LP6,Harvard Suites,MANILA,3,2,BARANGAY 692,,HARVARD SUITES,14.571223,120.991302,,32F,EE ROOM,MNL079,,,,2023-08-04,ISP
MNL079 LP4 NP1,MNL079,LP4,NP1,MNL079 LP4,Harvard Suites,MANILA,3,2,BARANGAY 692,,HARVARD SUITES,14.571223,120.991302,,18F,EE ROOM,MNL079,,,,2023-08-04,ISP
MNL079 LP6 NP3-4,MNL079,LP6,NP3-4,MNL079 LP6,Harvard Suites,MANILA,3,2,BARANGAY 692,,HARVARD SUITES,14.571223,120.991302,,29F,EE ROOM,MNL079,,,,2023-08-04,ISP
MNL079 LP8 NP1-2,MNL079,LP8,NP1-2,MNL079 LP8,Harvard Suites,MANILA,3,2,BARANGAY 692,,HARVARD SUITES,14.571223,120.991302,,38F,EE ROOM,MNL079,,,,2023-08-04,ISP
MNL079 LP1 NP3-4,MNL079,LP1,NP3-4,MNL079 LP1,Harvard Suites,MANILA,3,2,BARANGAY 692,,HARVARD SUITES,14.571223,120.991302,,4F,EE ROOM,MNL079,,,,2023-08-04,ISP
MNL079 LP3 NP5,MNL079,LP3,NP5,MNL079 LP3,Harvard Suites,MANILA,3,2,BARANGAY 692,,HARVARD SUITES,14.571223,120.991302,,15F,EE ROOM,MNL079,,,,2023-08-04,ISP
MNL079 LP7 NP6,MNL079,LP7,NP6,MNL079 LP7,Harvard Suites,MANILA,3,2,BARANGAY 692,,HARVARD SUITES,14.571223,120.991302,,36F,EE ROOM,MNL079,,,,2023-08-04,ISP
MNL079 LP4 NP6,MNL079,LP4,NP6,MNL079 LP4,Harvard Suites,MANILA,3,2,BARANGAY 692,,HARVARD SUITES,14.571223,120.991302,,21F,EE ROOM,MNL079,,,,2023-08-04,ISP
MNL079 LP3 NP8,MNL079,LP3,NP8,MNL079 LP3,Harvard Suites,MANILA,3,2,BARANGAY 692,,HARVARD SUITES,14.571223,120.991302,,17F,EE ROOM,MNL079,,,,2023-08-04,ISP
MNL079 LP5 NP8,MNL079,LP5,NP8,MNL079 LP5,Harvard Suites,MANILA,3,2,BARANGAY 692,,HARVARD SUITES,14.571223,120.991302,,27F,EE ROOM,MNL079,,,,2023-08-04,ISP
MNL079 LP6 NP1-2,MNL079,LP6,NP1-2,MNL079 LP6,Harvard Suites,MANILA,3,2,BARANGAY 692,,HARVARD SUITES,14.571223,120.991302,,28F,EE ROOM,MNL079,,,,2023-08-04,ISP
MNL079 LP1 NP5,MNL079,LP1,NP5,MNL079 LP1,Harvard Suites,MANILA,3,2,BARANGAY 692,,HARVARD SUITES,14.571223,120.991302,,5F,EE ROOM,MNL079,,,,2023-08-04,ISP
MNL079 LP1 NP1,MNL079,LP1,NP1,MNL079 LP1,Harvard Suites,MANILA,3,2,BARANGAY 692,,HARVARD SUITES,14.571223,120.991302,,2F,EE ROOM,MNL079,,,,2023-08-04,ISP
MNL079 LP3 NP3-4,MNL079,LP3,NP3-4,MNL079 LP3,Harvard Suites,MANILA,3,2,BARANGAY 692,,HARVARD SUITES,14.571223,120.991302,,14F,EE ROOM,MNL079,,,,2023-08-04,ISP
MNL079 LP6 NP6-7,MNL079,LP6,NP6-7,MNL079 LP6,Harvard Suites,MANILA,3,2,BARANGAY 692,,HARVARD SUITES,14.571223,120.991302,,31F,EE ROOM,MNL079,,,,2023-08-04,ISP
MNL079 LP1 NP6-7,MNL079,LP1,NP6-7,MNL079 LP1,Harvard Suites,MANILA,3,2,BARANGAY 692,,HARVARD SUITES,14.571223,120.991302,,6F,EE ROOM,MNL079,,,,2023-08-04,ISP
MNL079 LP1 NP8,MNL079,LP1,NP8,MNL079 LP1,Harvard Suites,MANILA,3,2,BARANGAY 692,,HARVARD SUITES,14.571223,120.991302,,7F,EE ROOM,MNL079,,,,2023-08-04,ISP
MNL079 LP7 NP2-3,MNL079,LP7,NP2-3,MNL079 LP7,Harvard Suites,MANILA,3,2,BARANGAY 692,,HARVARD SUITES,14.571223,120.991302,,34F,EE ROOM,MNL079,,,,2023-08-04,ISP
MNL004 LP84 NP1-2,MNL004,LP84,NP1-2,MNL004 LP84,Zamora Pandacan,MANILA,3,2,BARANGAY 692,,,14.571143,120.992051,,,,,,,16,2019-09-30,OSP
MNL004 LP84 NP3-4,MNL004,LP84,NP3-4,MNL004 LP84,Zamora Pandacan,MANILA,3,2,BARANGAY 692,,,14.570811,120.991455,,,,,,,16,2019-09-30,OSP
MNL004 LP84 NP5-6,MNL004,LP84,NP5-6,MNL004 LP84,Zamora Pandacan,MANILA,3,2,BARANGAY 692,,,14.571617,120.991011,,,,,,,16,2020-07-29,OSP
MNL004 LP84 NP7-8,MNL004,LP84,NP7-8,MNL004 LP84,Zamora Pandacan,MANILA,3,2,BARANGAY 692,,,14.571903,120.990847,,,,,,,16,2020-07-29,OSP
MNL001 LP166 NP1-2,MNL001,LP166,NP1-2,MNL001 LP166,Zen Tower,MANILA,3,2,BARANGAY 692,,,14.57276583,120.9911123,,,,,,,16,2018-10-25,OSP
MNL034 LP17 NP7-8,MNL034,LP17,NP7-8,MNL034 LP17,Benitez,MANILA,3,2,BARANGAY 693,,,14.572468,120.990518,,,,,,,16,2020-02-13,OSP
MNL034 LP154 NP1-2,MNL034,LP154,NP1-2,MNL034 LP154,Benitez,MANILA,3,2,BARANGAY 693,,,14.573649,120.990695,,,,,,,16,2021-01-30,OSP
MNL034 LP18 NP5-6,MNL034,LP18,NP5-6,MNL034 LP18,Benitez,MANILA,3,2,BARANGAY 693,,,14.5736,120.990662,,,,,,,16,2020-02-13,OSP
MNL034 LP19 NP5-6,MNL034,LP19,NP5-6,MNL034 LP19,Benitez,MANILA,3,2,BARANGAY 693,,,14.573802,120.991011,,,,,,,16,2020-02-13,OSP
MNL034 LP152 NP3-4,MNL034,LP152,NP3-4,MNL034 LP152,Benitez,MANILA,3,2,BARANGAY 693,,,14.573625,120.991121,,,,,,,16,2021-01-30,OSP
MNL034 LP402 NP1-2,MNL034,LP402,NP1-2,MNL034 LP402,Benitez,MANILA,3,2,BARANGAY 693,,,14.572493,120.990547,,,,,,,16,2023-06-05,OSP
MNL034 LP402 NP6-8,MNL034,LP402,NP6-8,MNL034 LP402,Benitez,MANILA,3,2,BARANGAY 693,,,14.573172,120.991747,,,,,,,24,2023-06-05,OSP
MNL034 LP17 NP5-6,MNL034,LP17,NP5-6,MNL034 LP17,Benitez,MANILA,3,2,BARANGAY 694,,,14.573785,120.989774,,,,,,,16,2020-02-13,OSP
MNL034 LP154 NP3-4,MNL034,LP154,NP3-4,MNL034 LP154,Benitez,MANILA,3,2,BARANGAY 694,,,14.574148,120.990426,,,,,,,16,2021-01-30,OSP
MNL034 LP18 NP7-8,MNL034,LP18,NP7-8,MNL034 LP18,Benitez,MANILA,3,2,BARANGAY 694,,,14.5741,120.990383,,,,,,,16,2020-02-13,OSP
MNL034 LP17 NP3-4,MNL034,LP17,NP3-4,MNL034 LP17,Benitez,MANILA,3,2,BARANGAY 694,,,14.574767,120.989216,,,,,,,16,2020-02-13,OSP
MNL034 LP19 NP1-2,MNL034,LP19,NP1-2,MNL034 LP19,Benitez,MANILA,3,2,BARANGAY 694,,,14.575301,120.990209,,,,,,,16,2020-02-13,OSP
MNL034 LP19 NP3-4,MNL034,LP19,NP3-4,MNL034 LP19,Benitez,MANILA,3,2,BARANGAY 694,,,14.5743,120.990732,,,,,,,16,2020-02-13,OSP
MNL034 LP151 NP3-4,MNL034,LP151,NP3-4,MNL034 LP151,Benitez,MANILA,3,2,BARANGAY 694,,,14.575883,120.989441,,,,,,,16,2021-01-30,OSP
MNL034 LP151 NP5-6,MNL034,LP151,NP5-6,MNL034 LP151,Benitez,MANILA,3,2,BARANGAY 694,,,14.575289,120.990173,,,,,,,16,2021-01-30,OSP
MNL034 LP151 NP7-8,MNL034,LP151,NP7-8,MNL034 LP151,Benitez,MANILA,3,2,BARANGAY 694,,,14.574785,120.990458,,,,,,,16,2021-01-30,OSP
MNL034 LP152 NP1-2,MNL034,LP152,NP1-2,MNL034 LP152,Benitez,MANILA,3,2,BARANGAY 694,,,14.574294,120.990738,,,,,,,16,2021-01-30,OSP
MNL034 LP21 NP3-4,MNL034,LP21,NP3-4,MNL034 LP21,Benitez,MANILA,3,2,BARANGAY 694,,,14.574635,120.991369,,,,,,,16,2020-02-13,OSP
MNL034 LP146 NP5-6,MNL034,LP146,NP5-6,MNL034 LP146,Benitez,MANILA,3,2,BARANGAY 694,,,14.574499,120.991047,,,,,,,16,2021-01-30,OSP
MNL034 LP147 NP1-2,MNL034,LP147,NP1-2,MNL034 LP147,Benitez,MANILA,3,2,BARANGAY 694,,,14.575135,120.990692,,,,,,,16,2021-01-30,OSP
MNL034 LP147 NP3-4,MNL034,LP147,NP3-4,MNL034 LP147,Benitez,MANILA,3,2,BARANGAY 694,,,14.575436,120.990529,,,,,,,16,2021-01-30,OSP
MNL034 LP147 NP5-6,MNL034,LP147,NP5-6,MNL034 LP147,Benitez,MANILA,3,2,BARANGAY 694,,,14.576204,120.990105,,,,,,,16,2021-01-30,OSP
MNL001 LP167 NP5-6,MNL001,LP167,NP5-6,MNL001 LP167,Zen Tower,MANILA,3,2,BARANGAY 694,,,14.57445982,120.9910327,,,,,,,16,2018-10-25,OSP
MNL001 LP167 NP7-8,MNL001,LP167,NP7-8,MNL001 LP167,Zen Tower,MANILA,3,2,BARANGAY 694,,,14.57511001,120.9898467,,,,,,,16,2018-10-25,OSP
MNL001 LP168 NP1-2,MNL001,LP168,NP1-2,MNL001 LP168,Zen Tower,MANILA,3,2,BARANGAY 694,,,14.57547522,120.9905459,,,,,,,16,2018-10-25,OSP
MNL034 LP142 NP3-4,MNL034,LP142,NP3-4,MNL034 LP142,Benitez,MANILA,3,2,BARANGAY 695,,,14.576383,120.990832,,,,,,,16,2021-01-30,OSP
MNL034 LP142 NP5-6,MNL034,LP142,NP5-6,MNL034 LP142,Benitez,MANILA,3,2,BARANGAY 695,,,14.575818,120.991154,,,,,,,16,2021-01-30,OSP
MNL034 LP142 NP7-8,MNL034,LP142,NP7-8,MNL034 LP142,Benitez,MANILA,3,2,BARANGAY 695,,,14.575575,120.991734,,,,,,,16,2021-01-30,OSP
MNL034 LP143 NP1-2,MNL034,LP143,NP1-2,MNL034 LP143,Benitez,MANILA,3,2,BARANGAY 695,,,14.575014,120.992067,,,,,,,16,2021-01-30,OSP
MNL034 LP144 NP1-2,MNL034,LP144,NP1-2,MNL034 LP144,Benitez,MANILA,3,2,BARANGAY 695,,,14.575565,120.991292,,,,,,,16,2021-01-30,OSP
MNL034 LP144 NP3-4,MNL034,LP144,NP3-4,MNL034 LP144,Benitez,MANILA,3,2,BARANGAY 695,,,14.574827,120.991702,,,,,,,16,2021-01-30,OSP
MNL034 LP251 NP5-6,MNL034,LP251,NP5-6,MNL034 LP251,Benitez,MANILA,3,2,BARANGAY 695,,,14.575215,120.992422,,,,,,,16,2021-02-26,OSP
MNL034 LP251 NP7-8,MNL034,LP251,NP7-8,MNL034 LP251,Benitez,MANILA,3,2,BARANGAY 695,,,14.576002,120.99148,,,,,,,16,2021-02-26,OSP
MNL034 LP134 NP5-6,MNL034,LP134,NP5-6,MNL034 LP134,Benitez,MANILA,3,2,BARANGAY 695,,,14.575171,120.992369,,,,,,,16,2021-01-30,OSP
MNL034 LP134 NP7-8,MNL034,LP134,NP7-8,MNL034 LP134,Benitez,MANILA,3,2,BARANGAY 695,,,14.575896,120.991967,,,,,,,16,2021-01-30,OSP
MNL034 LP135 NP1-2,MNL034,LP135,NP1-2,MNL034 LP135,Benitez,MANILA,3,2,BARANGAY 695,,,14.576161,120.991828,,,,,,,16,2021-01-30,OSP
MNL034 LP135 NP3-4,MNL034,LP135,NP3-4,MNL034 LP135,Benitez,MANILA,3,2,BARANGAY 695,,,14.576914,120.99141,,,,,,,16,2021-01-30,OSP
MNL034 LP11 NP1-2,MNL034,LP11,NP1-2,MNL034 LP11,Benitez,MANILA,3,2,BARANGAY 695,,,14.575015,120.992089,,,,,,,16,2020-02-13,OSP
MNL034 LP10 NP5-6,MNL034,LP10,NP5-6,MNL034 LP10,Benitez,MANILA,3,2,BARANGAY 695,,,14.574864,120.991798,,,,,,,16,2020-02-13,OSP
MNL034 LP10 NP7-8,MNL034,LP10,NP7-8,MNL034 LP10,Benitez,MANILA,3,2,BARANGAY 695,,,14.575375,120.991507,,,,,,,16,2020-02-13,OSP
MNL034 LP403 NP6-8,MNL034,LP403,NP6-8,MNL034 LP403,Benitez,MANILA,3,2,BARANGAY 695,,,14.574893,120.991784,,,,,,,24,2023-06-05,OSP
MNL034 LP404 NP1-2,MNL034,LP404,NP1-2,MNL034 LP404,Benitez,MANILA,3,2,BARANGAY 695,,,14.575961,120.991176,,,,,,,16,2023-06-05,OSP
MNL034 LP258 NP1,MNL034,LP258,NP1,MNL034 LP258,Benitez,MANILA,3,2,BARANGAY 695,,DY INTERNATIONAL BUILDING,14.576177,120.991254,,4F,NEAR FIRE ESCAPE,MNL109P,,,,2021-03-24,ISP
MNL001 LP168 NP3-4,MNL001,LP168,NP3-4,MNL001 LP168,Zen Tower,MANILA,3,2,BARANGAY 695,,,14.57585567,120.9912449,,,,,,,16,2018-10-25,OSP
MNL001 LP168 NP5-6,MNL001,LP168,NP5-6,MNL001 LP168,Zen Tower,MANILA,3,2,BARANGAY 695,,,14.57600415,120.991529,,,,,,,16,2018-10-25,OSP
MNL001 LP168 NP7-8,MNL001,LP168,NP7-8,MNL001 LP168,Zen Tower,MANILA,3,2,BARANGAY 695,,,14.57620085,120.9919086,,,,,,,16,2018-10-25,OSP
MNL001 LP167 NP3-4,MNL001,LP167,NP3-4,MNL001 LP167,Zen Tower,MANILA,3,2,BARANGAY 695,,,14.57519366,120.9924703,,,,,,,16,2018-10-25,OSP
PSY002 LP7 NP3-4,PSY002,LP7,NP3-4,PSY002 LP7,Antel,MANILA,3,2,BARANGAY 696,,,14.572458,120.990216,,,,,,,16,2016-06-26,OSP
PSY002 LP7 NP5-6,PSY002,LP7,NP5-6,PSY002 LP7,Antel,MANILA,3,2,BARANGAY 696,,,14.574976,120.988851,,,,,,,16,2016-06-26,OSP
MNL034 LP223 NP1-2,MNL034,LP223,NP1-2,MNL034 LP223,Benitez,MANILA,3,2,BARANGAY 696,,,14.574422,120.98737,,,,,,,16,2021-02-18,OSP
MNL034 LP224 NP1-2,MNL034,LP224,NP1-2,MNL034 LP224,Benitez,MANILA,3,2,BARANGAY 696,,,14.575733,120.987617,,,,,,,16,2021-02-18,OSP
MNL034 LP224 NP3-4,MNL034,LP224,NP3-4,MNL034 LP224,Benitez,MANILA,3,2,BARANGAY 696,,,14.574685,120.98823,,,,,,,16,2021-02-18,OSP
MNL034 LP224 NP5-6,MNL034,LP224,NP5-6,MNL034 LP224,Benitez,MANILA,3,2,BARANGAY 696,,,14.574133,120.988541,,,,,,,16,2021-02-18,OSP
MNL034 LP224 NP7-8,MNL034,LP224,NP7-8,MNL034 LP224,Benitez,MANILA,3,2,BARANGAY 696,,,14.573321,120.988884,,,,,,,16,2021-02-18,OSP
MNL034 LP225 NP1-2,MNL034,LP225,NP1-2,MNL034 LP225,Benitez,MANILA,3,2,BARANGAY 696,,,14.572759,120.989205,,,,,,,16,2021-02-18,OSP
MNL034 LP225 NP3-4,MNL034,LP225,NP3-4,MNL034 LP225,Benitez,MANILA,3,2,BARANGAY 696,,,14.572117,120.989563,,,,,,,16,2021-02-18,OSP
MNL034 LP27 NP1-2,MNL034,LP27,NP1-2,MNL034 LP27,Benitez,MANILA,3,2,BARANGAY 696,,,14.573689,120.989556,,,,,,,16,2020-02-18,OSP
MNL034 LP228 NP1-2,MNL034,LP228,NP1-2,MNL034 LP228,Benitez,MANILA,3,2,BARANGAY 696,,,14.571729,120.98887,,,,,,,16,2021-02-18,OSP
MNL034 LP228 NP3-4,MNL034,LP228,NP3-4,MNL034 LP228,Benitez,MANILA,3,2,BARANGAY 696,,,14.572331,120.988525,,,,,,,16,2021-02-18,OSP
MNL034 LP228 NP5-6,MNL034,LP228,NP5-6,MNL034 LP228,Benitez,MANILA,3,2,BARANGAY 696,,,14.573645,120.987809,,,,,,,16,2021-02-18,OSP
MNL034 LP252 NP1-2,MNL034,LP252,NP1-2,MNL034 LP252,Benitez,MANILA,3,2,BARANGAY 696,,,14.57467,120.988985,,,,,,,16,2021-02-26,OSP
MNL034 LP252 NP3-4,MNL034,LP252,NP3-4,MNL034 LP252,Benitez,MANILA,3,2,BARANGAY 696,,,14.573993,120.987721,,,,,,,16,2021-02-26,OSP
MNL001 LP170 NP1-2,MNL001,LP170,NP1-2,MNL001 LP170,Zen Tower,MANILA,3,2,BARANGAY 696,,,14.57209071,120.989551,,,,,,,16,2018-10-25,OSP
MNL001 LP170 NP3-4,MNL001,LP170,NP3-4,MNL001 LP170,Zen Tower,MANILA,3,2,BARANGAY 696,,,14.57328763,120.988899,,,,,,,16,2018-10-25,OSP
MNL001 LP170 NP5-6,MNL001,LP170,NP5-6,MNL001 LP170,Zen Tower,MANILA,3,2,BARANGAY 696,,,14.57426832,120.9883314,,,,,,,16,2018-10-25,OSP
MNL001 LP170 NP7-8,MNL001,LP170,NP7-8,MNL001 LP170,Zen Tower,MANILA,3,2,BARANGAY 696,,,14.57395407,120.9877436,,,,,,,16,2018-10-25,OSP
MNL001 LP98 NP3,MNL001,LP98,NP3,MNL001 LP98,Zen Tower,MANILA,3,2,BARANGAY 696,,HERITAGE CONDOMINIUM,14.571983,120.988381,,5F,MDF ROOM,MNL110P,,,,2018-05-21,ISP
MNL001 LP98 NP5,MNL001,LP98,NP5,MNL001 LP98,Zen Tower,MANILA,3,2,BARANGAY 696,,HERITAGE CONDOMINIUM,14.571983,120.988381,,8F,MDF ROOM,MNL110P,,,,2018-05-21,ISP
MNL001 LP98 NP1,MNL001,LP98,NP1,MNL001 LP98,Zen Tower,MANILA,3,2,BARANGAY 696,,HERITAGE CONDOMINIUM,14.571983,120.988381,,GF,MDF ROOM,MNL110P,,,,2018-05-21,ISP
MNL001 LP98 NP4,MNL001,LP98,NP4,MNL001 LP98,Zen Tower,MANILA,3,2,BARANGAY 696,,HERITAGE CONDOMINIUM,14.571983,120.988381,MNL110P,7F,MDF ROOM,,,,,2018-05-21,ISP
MNL001 LP98 NP2,MNL001,LP98,NP2,MNL001 LP98,Zen Tower,MANILA,3,2,BARANGAY 696,,HERITAGE CONDOMINIUM,14.571983,120.988381,MNL110P,3F,MDF ROOM,,,,,2018-05-21,ISP
MNL034 LP223 NP7-8,MNL034,LP223,NP7-8,MNL034 LP223,Benitez,MANILA,3,2,BARANGAY 697,,,14.574448,120.98639,,,,,,,16,2021-02-18,OSP
MNL034 LP226 NP1-2,MNL034,LP226,NP1-2,MNL034 LP226,Benitez,MANILA,3,2,BARANGAY 697,,,14.573547,120.986895,,,,,,,16,2021-02-18,OSP
MNL034 LP226 NP3-4,MNL034,LP226,NP3-4,MNL034 LP226,Benitez,MANILA,3,2,BARANGAY 697,,,14.573157,120.987241,,,,,,,16,2021-02-18,OSP
MNL034 LP226 NP5-6,MNL034,LP226,NP5-6,MNL034 LP226,Benitez,MANILA,3,2,BARANGAY 697,,,14.57261,120.987542,,,,,,,16,2021-02-18,OSP
MNL034 LP230 NP3-4,MNL034,LP230,NP3-4,MNL034 LP230,Benitez,MANILA,3,2,BARANGAY 697,,,14.571876,120.986881,,,,,,,16,2021-02-18,OSP
MNL034 LP230 NP7-8,MNL034,LP230,NP7-8,MNL034 LP230,Benitez,MANILA,3,2,BARANGAY 697,,,14.572768,120.986386,,,,,,,16,2021-02-18,OSP
MNL034 LP27 NP3-4,MNL034,LP27,NP3-4,MNL034 LP27,Benitez,MANILA,3,2,BARANGAY 697,,,14.572933,120.988167,,,,,,,16,2020-02-18,OSP
MNL034 LP27 NP5-6,MNL034,LP27,NP5-6,MNL034 LP27,Benitez,MANILA,3,2,BARANGAY 697,,,14.572705,120.987488,,,,,,,16,2020-02-18,OSP
MNL034 LP27 NP7-8,MNL034,LP27,NP7-8,MNL034 LP27,Benitez,MANILA,3,2,BARANGAY 697,,,14.572295,120.986773,,,,,,,16,2020-02-18,OSP
MNL034 LP226 NP7-8,MNL034,LP226,NP7-8,MNL034 LP226,Benitez,MANILA,3,2,BARANGAY 697,,,14.572121,120.987815,,,,,,,16,2021-02-18,OSP
MNL034 LP227 NP1-2,MNL034,LP227,NP1-2,MNL034 LP227,Benitez,MANILA,3,2,BARANGAY 697,,,14.571337,120.988138,,,,,,,16,2021-02-18,OSP
MNL034 LP227 NP3-4,MNL034,LP227,NP3-4,MNL034 LP227,Benitez,MANILA,3,2,BARANGAY 697,,,14.571614,120.988652,,,,,,,16,2021-02-18,OSP
MNL034 LP227 NP5-6,MNL034,LP227,NP5-6,MNL034 LP227,Benitez,MANILA,3,2,BARANGAY 697,,,14.570958,120.987419,,,,,,,16,2021-02-18,OSP
MNL034 LP230 NP1-2,MNL034,LP230,NP1-2,MNL034 LP230,Benitez,MANILA,3,2,BARANGAY 697,,,14.571526,120.987092,,,,,,,16,2021-02-18,OSP
MNL034 LP252 NP5-6,MNL034,LP252,NP5-6,MNL034 LP252,Benitez,MANILA,3,2,BARANGAY 697,,,14.573312,120.986418,,,,,,,16,2021-02-26,OSP
MNL070 LP4 NP3-5,MNL070,LP4,NP3-5,MNL070 LP4,Torre Lorenzo,MANILA,3,2,BARANGAY 697,,TORRE LORENZO MALATE,14.573905,120.987584,,37F,TELCO ROOM,MNL070,,,,2022-02-22,ISP
MNL070 LP3 NP3-5,MNL070,LP3,NP3-5,MNL070 LP3,Torre Lorenzo,MANILA,3,2,BARANGAY 697,,TORRE LORENZO MALATE,14.573905,120.987584,,34F,TELCO ROOM,MNL070,,,,2022-02-22,ISP
MNL070 LP3 NP6-8,MNL070,LP3,NP6-8,MNL070 LP3,Torre Lorenzo,MANILA,3,2,BARANGAY 697,,TORRE LORENZO MALATE,14.573905,120.987584,,35F,TELCO ROOM,MNL070,,,,2022-02-22,ISP
MNL070 LP2 NP3-5,MNL070,LP2,NP3-5,MNL070 LP2,Torre Lorenzo,MANILA,3,2,BARANGAY 697,,TORRE LORENZO MALATE,14.573905,120.987584,,31F,TELCO ROOM,MNL070,,,,2022-02-22,ISP
MNL070 LP1 NP2-3,MNL070,LP1,NP2-3,MNL070 LP1,Torre Lorenzo,MANILA,3,2,BARANGAY 697,,TORRE LORENZO MALATE,14.573905,120.987584,,9F,TELCO ROOM,MNL070,,,,2022-02-22,ISP
MNL070 LP6 NP6-8,MNL070,LP6,NP6-8,MNL070 LP6,Torre Lorenzo,MANILA,3,2,BARANGAY 697,,TORRE LORENZO MALATE,14.573905,120.987584,,44F,TELCO ROOM,MNL070,,,,2022-02-22,ISP
MNL070 LP2 NP1-2,MNL070,LP2,NP1-2,MNL070 LP2,Torre Lorenzo,MANILA,3,2,BARANGAY 697,,TORRE LORENZO MALATE,14.573905,120.987584,,12F,TELCO ROOM,MNL070,,,,2022-02-22,ISP
MNL070 LP1 NP4-5,MNL070,LP1,NP4-5,MNL070 LP1,Torre Lorenzo,MANILA,3,2,BARANGAY 697,,TORRE LORENZO MALATE,14.573905,120.987584,,10F,TELCO ROOM,MNL070,,,,2022-02-22,ISP
MNL070 LP6 NP3-5,MNL070,LP6,NP3-5,MNL070 LP6,Torre Lorenzo,MANILA,3,2,BARANGAY 697,,TORRE LORENZO MALATE,14.573905,120.987584,,43F,TELCO ROOM,MNL070,,,,2022-02-22,ISP
MNL070 LP4 NP6-8,MNL070,LP4,NP6-8,MNL070 LP4,Torre Lorenzo,MANILA,3,2,BARANGAY 697,,TORRE LORENZO MALATE,14.573905,120.987584,,38F,TELCO ROOM,MNL070,,,,2022-02-22,ISP
MNL070 LP6 NP1-2,MNL070,LP6,NP1-2,MNL070 LP6,Torre Lorenzo,MANILA,3,2,BARANGAY 697,,TORRE LORENZO MALATE,14.573905,120.987584,,42F,TELCO ROOM,MNL070,,,,2022-02-22,ISP
MNL070 LP2 NP6-8,MNL070,LP2,NP6-8,MNL070 LP2,Torre Lorenzo,MANILA,3,2,BARANGAY 697,,TORRE LORENZO MALATE,14.573905,120.987584,,32F,TELCO ROOM,MNL070,,,,2022-02-22,ISP
MNL070 LP4 NP1-2,MNL070,LP4,NP1-2,MNL070 LP4,Torre Lorenzo,MANILA,3,2,BARANGAY 697,,TORRE LORENZO MALATE,14.573905,120.987584,,36F,TELCO ROOM,MNL070,,,,2022-02-22,ISP
MNL070 LP1 NP1,MNL070,LP1,NP1,MNL070 LP1,Torre Lorenzo,MANILA,3,2,BARANGAY 697,,TORRE LORENZO MALATE,14.573905,120.987584,,3F,TELCO ROOM,MNL070,,,,2022-02-22,ISP
MNL070 LP3 NP1-2,MNL070,LP3,NP1-2,MNL070 LP3,Torre Lorenzo,MANILA,3,2,BARANGAY 697,,TORRE LORENZO MALATE,14.573905,120.987584,,33F,TELCO ROOM,MNL070,,,,2022-02-22,ISP
MNL070 LP5 NP3-5,MNL070,LP5,NP3-5,MNL070 LP5,Torre Lorenzo,MANILA,3,2,BARANGAY 697,,TORRE LORENZO MALATE,14.573905,120.987584,,40F,TELCO ROOM,MNL070,,,,2022-02-22,ISP
MNL070 LP5 NP6-8,MNL070,LP5,NP6-8,MNL070 LP5,Torre Lorenzo,MANILA,3,2,BARANGAY 697,,TORRE LORENZO MALATE,14.573905,120.987584,,41F,TELCO ROOM,MNL070,,,,2022-02-22,ISP
MNL070 LP5 NP1-2,MNL070,LP5,NP1-2,MNL070 LP5,Torre Lorenzo,MANILA,3,2,BARANGAY 697,,TORRE LORENZO MALATE,14.573905,120.987584,,39F,TELCO ROOM,MNL070,,,,2022-02-22,ISP
MNL070 LP1 NP6-8,MNL070,LP1,NP6-8,MNL070 LP1,Torre Lorenzo,MANILA,3,2,BARANGAY 697,,TORRE LORENZO MALATE,14.573905,120.987584,,11F,TELCO ROOM,MNL070,,,,2022-02-22,ISP
MNL070 LP7 NP1-2,MNL070,LP7,NP1-2,MNL070 LP7,Torre Lorenzo,MANILA,3,2,BARANGAY 697,,TORRE LORENZO MALATE,14.573905,120.987584,,45F,TELCO ROOM,MNL070,,,,2022-02-22,ISP
MNL001 LP173 NP3-4,MNL001,LP173,NP3-4,MNL001 LP173,Zen Tower,MANILA,3,2,BARANGAY 697,,,14.57095589,120.9874138,,,,,,,16,2018-10-25,OSP
MNL001 LP173 NP5-6,MNL001,LP173,NP5-6,MNL001 LP173,Zen Tower,MANILA,3,2,BARANGAY 697,,,14.57132984,120.9881599,,,,,,,16,2018-10-25,OSP
MNL001 LP173 NP7-8,MNL001,LP173,NP7-8,MNL001 LP173,Zen Tower,MANILA,3,2,BARANGAY 697,,,14.5716878,120.9889086,,,,,,,16,2018-10-25,OSP
MNL001 LP171 NP1-2,MNL001,LP171,NP1-2,MNL001 LP171,Zen Tower,MANILA,3,2,BARANGAY 697,,,14.57351522,120.9869402,,,,,,,16,2018-10-25,OSP
MNL034 LP230 NP5-6,MNL034,LP230,NP5-6,MNL034 LP230,Benitez,MANILA,3,2,BARANGAY 698,,,14.572158,120.986719,,,,,,,16,2021-02-18,OSP
MNL034 LP231 NP1-2,MNL034,LP231,NP1-2,MNL034 LP231,Benitez,MANILA,3,2,BARANGAY 698,,,14.574211,120.985586,,,,,,,16,2021-02-18,OSP
MNL034 LP231 NP7-8,MNL034,LP231,NP7-8,MNL034 LP231,Benitez,MANILA,3,2,BARANGAY 698,,,14.573791,120.984872,,,,,,,16,2021-02-18,OSP
MNL034 LP232 NP1-2,MNL034,LP232,NP1-2,MNL034 LP232,Benitez,MANILA,3,2,BARANGAY 698,,,14.573382,120.985101,,,,,,,16,2021-02-18,OSP
MNL034 LP232 NP3-4,MNL034,LP232,NP3-4,MNL034 LP232,Benitez,MANILA,3,2,BARANGAY 698,,,14.572264,120.985718,,,,,,,16,2021-02-18,OSP
MNL034 LP232 NP5-6,MNL034,LP232,NP5-6,MNL034 LP232,Benitez,MANILA,3,2,BARANGAY 698,,,14.571779,120.985996,,,,,,,16,2021-02-18,OSP
MNL034 LP232 NP7-8,MNL034,LP232,NP7-8,MNL034 LP232,Benitez,MANILA,3,2,BARANGAY 698,,,14.571073,120.986388,,,,,,,16,2021-02-18,OSP
MNL034 LP233 NP1-2,MNL034,LP233,NP1-2,MNL034 LP233,Benitez,MANILA,3,2,BARANGAY 698,,,14.571992,120.985038,,,,,,,16,2021-02-18,OSP
MNL034 LP233 NP3-4,MNL034,LP233,NP3-4,MNL034 LP233,Benitez,MANILA,3,2,BARANGAY 698,,,14.571258,120.98546,,,,,,,16,2021-02-18,OSP
MNL034 LP233 NP5-6,MNL034,LP233,NP5-6,MNL034 LP233,Benitez,MANILA,3,2,BARANGAY 698,,,14.570344,120.985985,,,,,,,16,2021-02-18,OSP
MNL034 LP28 NP1-2,MNL034,LP28,NP1-2,MNL034 LP28,Benitez,MANILA,3,2,BARANGAY 698,,,14.57174,120.985697,,,,,,,16,2020-02-18,OSP
MNL034 LP28 NP3-4,MNL034,LP28,NP3-4,MNL034 LP28,Benitez,MANILA,3,2,BARANGAY 698,,,14.571496,120.985352,,,,,,,16,2020-02-18,OSP
MNL034 LP229 NP3-4-5,MNL034,LP229,NP3-4-5,MNL034 LP229,Benitez,MANILA,3,2,BARANGAY 698,,,14.570374,120.987239,,,,,,,24,2021-02-18,OSP
MNL034 LP252 NP7-8,MNL034,LP252,NP7-8,MNL034 LP252,Benitez,MANILA,3,2,BARANGAY 698,,,14.572583,120.985069,,,,,,,16,2021-02-26,OSP
MNL034 LP379 NP3-5,MNL034,LP379,NP3-5,MNL034 LP379,Benitez,MANILA,3,2,BARANGAY 698,,,14.570806,120.987371,,,,,,,24,2022-05-26,OSP
MNL034 LP444 NP4,MNL034,LP444,NP4,MNL034 LP444,Benitez,MANILA,3,2,BARANGAY 698,,DAKOTA RESIDENCES,14.572667,120.984972,,GF,EE ROOM,MNL111P,,,,2022-01-29,ISP
MNL034 LP443 NP2-3,MNL034,LP443,NP2-3,MNL034 LP443,Benitez,MANILA,3,2,BARANGAY 698,,DAKOTA RESIDENCES,14.572667,120.984972,,GF,EE ROOM,MNL111P,,,,2022-01-29,ISP
MNL034 LP443 NP4,MNL034,LP443,NP4,MNL034 LP443,Benitez,MANILA,3,2,BARANGAY 698,,DAKOTA RESIDENCES,14.572667,120.984972,,GF,EE ROOM,MNL111P,,,,2022-01-29,ISP
MNL034 LP443 NP1,MNL034,LP443,NP1,MNL034 LP443,Benitez,MANILA,3,2,BARANGAY 698,,DAKOTA RESIDENCES,14.572667,120.984972,,GF,EE ROOM,MNL111P,,,,2022-01-29,ISP
MNL034 LP443 NP5,MNL034,LP443,NP5,MNL034 LP443,Benitez,MANILA,3,2,BARANGAY 698,,DAKOTA RESIDENCES,14.572667,120.984972,,GF,EE ROOM,MNL111P,,,,2022-01-29,ISP
MNL034 LP445 NP1,MNL034,LP445,NP1,MNL034 LP445,Benitez,MANILA,3,2,BARANGAY 698,,DAKOTA RESIDENCES,14.572667,120.984972,,GF,EE ROOM,MNL111P,,,,2022-01-29,ISP
MNL034 LP444 NP1-2,MNL034,LP444,NP1-2,MNL034 LP444,Benitez,MANILA,3,2,BARANGAY 698,,DAKOTA RESIDENCES,14.572667,120.984972,,GF,EE ROOM,MNL111P,,,,2022-01-29,ISP
MNL034 LP444 NP3,MNL034,LP444,NP3,MNL034 LP444,Benitez,MANILA,3,2,BARANGAY 698,,DAKOTA RESIDENCES,14.572667,120.984972,,GF,EE ROOM,MNL111P,,,,2022-01-29,ISP
MNL030 LP6 NP1,MNL030,LP6,NP1,MNL030 LP6,Birch Tower,MANILA,3,2,BARANGAY 698,,BIRCH TOWER,14.574208,120.984836,,46F,EE ROOM BUILDING A,MNL030,,,,2021-06-24,ISP
MNL030 LP2 NP4,MNL030,LP2,NP4,MNL030 LP2,Birch Tower,MANILA,3,2,BARANGAY 698,,BIRCH TOWER,14.574208,120.984836,,17F,EE ROOM BUILDING A,MNL030,,,,2021-06-24,ISP
MNL030 LP6 NP3,MNL030,LP6,NP3,MNL030 LP6,Birch Tower,MANILA,3,2,BARANGAY 698,,BIRCH TOWER,14.574208,120.984836,,48F,EE ROOM BUILDING A,MNL030,,,,2021-06-24,ISP
MNL030 LP3 NP7,MNL030,LP3,NP7,MNL030 LP3,Birch Tower,MANILA,3,2,BARANGAY 698,,BIRCH TOWER,14.574208,120.984836,,28F,EE ROOM BUILDING A,MNL030,,,,2021-06-24,ISP
MNL030 LP3 NP2,MNL030,LP3,NP2,MNL030 LP3,Birch Tower,MANILA,3,2,BARANGAY 698,,BIRCH TOWER,14.574208,120.984836,,23F,EE ROOM BUILDING A,MNL030,,,,2021-06-24,ISP
MNL030 LP1 NP3,MNL030,LP1,NP3,MNL030 LP1,Birch Tower,MANILA,3,2,BARANGAY 698,,BIRCH TOWER,14.574208,120.984836,,6F,EE ROOM BUILDING A,MNL030,,,,2021-06-24,ISP
MNL030 LP2 NP3,MNL030,LP2,NP3,MNL030 LP2,Birch Tower,MANILA,3,2,BARANGAY 698,,BIRCH TOWER,14.574208,120.984836,,16F,EE ROOM BUILDING A,MNL030,,,,2021-06-24,ISP
MNL030 LP3 NP8,MNL030,LP3,NP8,MNL030 LP3,Birch Tower,MANILA,3,2,BARANGAY 698,,BIRCH TOWER,14.574208,120.984836,,29F,EE ROOM BUILDING A,MNL030,,,,2021-06-24,ISP
MNL030 LP1 NP2,MNL030,LP1,NP2,MNL030 LP1,Birch Tower,MANILA,3,2,BARANGAY 698,,BIRCH TOWER,14.574208,120.984836,,3F,EE ROOM BUILDING A,MNL030,,,,2021-06-24,ISP
MNL030 LP4 NP1,MNL030,LP4,NP1,MNL030 LP4,Birch Tower,MANILA,3,2,BARANGAY 698,,BIRCH TOWER,14.574208,120.984836,,30F,EE ROOM BUILDING A,MNL030,,,,2021-06-24,ISP
MNL030 LP5 NP6,MNL030,LP5,NP6,MNL030 LP5,Birch Tower,MANILA,3,2,BARANGAY 698,,BIRCH TOWER,14.574208,120.984836,,43F,EE ROOM BUILDING A,MNL030,,,,2021-06-24,ISP
MNL030 LP3 NP4,MNL030,LP3,NP4,MNL030 LP3,Birch Tower,MANILA,3,2,BARANGAY 698,,BIRCH TOWER,14.574208,120.984836,,25F,EE ROOM BUILDING A,MNL030,,,,2021-06-24,ISP
MNL030 LP3 NP3,MNL030,LP3,NP3,MNL030 LP3,Birch Tower,MANILA,3,2,BARANGAY 698,,BIRCH TOWER,14.574208,120.984836,,24F,EE ROOM BUILDING A,MNL030,,,,2021-06-24,ISP
MNL030 LP3 NP5,MNL030,LP3,NP5,MNL030 LP3,Birch Tower,MANILA,3,2,BARANGAY 698,,BIRCH TOWER,14.574208,120.984836,,26F,EE ROOM BUILDING A,MNL030,,,,2021-06-24,ISP
MNL030 LP1 NP8,MNL030,LP1,NP8,MNL030 LP1,Birch Tower,MANILA,3,2,BARANGAY 698,,BIRCH TOWER,14.574208,120.984836,,12F,EE ROOM BUILDING A,MNL030,,,,2021-06-24,ISP
MNL030 LP4 NP8,MNL030,LP4,NP8,MNL030 LP4,Birch Tower,MANILA,3,2,BARANGAY 698,,BIRCH TOWER,14.574208,120.984836,,37F,EE ROOM BUILDING A,MNL030,,,,2021-06-24,ISP
MNL030 LP2 NP2,MNL030,LP2,NP2,MNL030 LP2,Birch Tower,MANILA,3,2,BARANGAY 698,,BIRCH TOWER,14.574208,120.984836,,15F,EE ROOM BUILDING A,MNL030,,,,2021-06-24,ISP
MNL030 LP2 NP1,MNL030,LP2,NP1,MNL030 LP2,Birch Tower,MANILA,3,2,BARANGAY 698,,BIRCH TOWER,14.574208,120.984836,,14F,EE ROOM BUILDING A,MNL030,,,,2021-06-24,ISP
MNL030 LP1 NP6,MNL030,LP1,NP6,MNL030 LP1,Birch Tower,MANILA,3,2,BARANGAY 698,,BIRCH TOWER,14.574208,120.984836,,10F,EE ROOM BUILDING A,MNL030,,,,2021-06-24,ISP
MNL030 LP5 NP2,MNL030,LP5,NP2,MNL030 LP5,Birch Tower,MANILA,3,2,BARANGAY 698,,BIRCH TOWER,14.574208,120.984836,,39F,EE ROOM BUILDING A,MNL030,,,,2021-06-24,ISP
MNL030 LP6 NP2,MNL030,LP6,NP2,MNL030 LP6,Birch Tower,MANILA,3,2,BARANGAY 698,,BIRCH TOWER,14.574208,120.984836,,47F,EE ROOM BUILDING A,MNL030,,,,2021-06-24,ISP
MNL030 LP4 NP6,MNL030,LP4,NP6,MNL030 LP4,Birch Tower,MANILA,3,2,BARANGAY 698,,BIRCH TOWER,14.574208,120.984836,,35F,EE ROOM BUILDING A,MNL030,,,,2021-06-24,ISP
MNL030 LP4 NP2,MNL030,LP4,NP2,MNL030 LP4,Birch Tower,MANILA,3,2,BARANGAY 698,,BIRCH TOWER,14.574208,120.984836,,31F,EE ROOM BUILDING A,MNL030,,,,2021-06-24,ISP
MNL030 LP1 NP1,MNL030,LP1,NP1,MNL030 LP1,Birch Tower,MANILA,3,2,BARANGAY 698,,BIRCH TOWER,14.574208,120.984836,,GF,EE ROOM BUILDING A,MNL030,,,,2021-06-24,ISP
MNL030 LP4 NP3,MNL030,LP4,NP3,MNL030 LP4,Birch Tower,MANILA,3,2,BARANGAY 698,,BIRCH TOWER,14.574208,120.984836,,32F,EE ROOM BUILDING A,MNL030,,,,2021-06-24,ISP
MNL030 LP1 NP7,MNL030,LP1,NP7,MNL030 LP1,Birch Tower,MANILA,3,2,BARANGAY 698,,BIRCH TOWER,14.574208,120.984836,,11F,EE ROOM BUILDING A,MNL030,,,,2021-06-24,ISP
MNL030 LP4 NP4,MNL030,LP4,NP4,MNL030 LP4,Birch Tower,MANILA,3,2,BARANGAY 698,,BIRCH TOWER,14.574208,120.984836,,33F,EE ROOM BUILDING A,MNL030,,,,2021-06-24,ISP
MNL030 LP3 NP6,MNL030,LP3,NP6,MNL030 LP3,Birch Tower,MANILA,3,2,BARANGAY 698,,BIRCH TOWER,14.574208,120.984836,,27F,EE ROOM BUILDING A,MNL030,,,,2021-06-24,ISP
MNL030 LP2 NP8,MNL030,LP2,NP8,MNL030 LP2,Birch Tower,MANILA,3,2,BARANGAY 698,,BIRCH TOWER,14.574208,120.984836,,21F,EE ROOM BUILDING A,MNL030,,,,2021-06-24,ISP
MNL030 LP1 NP4,MNL030,LP1,NP4,MNL030 LP1,Birch Tower,MANILA,3,2,BARANGAY 698,,BIRCH TOWER,14.574208,120.984836,,8F,EE ROOM BUILDING A,MNL030,,,,2021-06-24,ISP
MNL030 LP1 NP5,MNL030,LP1,NP5,MNL030 LP1,Birch Tower,MANILA,3,2,BARANGAY 698,,BIRCH TOWER,14.574208,120.984836,,9F,EE ROOM BUILDING A,MNL030,,,,2021-06-24,ISP
MNL030 LP5 NP1,MNL030,LP5,NP1,MNL030 LP5,Birch Tower,MANILA,3,2,BARANGAY 698,,BIRCH TOWER,14.574208,120.984836,,38F,EE ROOM BUILDING A,MNL030,,,,2021-06-24,ISP
MNL030 LP6 NP4,MNL030,LP6,NP4,MNL030 LP6,Birch Tower,MANILA,3,2,BARANGAY 698,,BIRCH TOWER,14.574208,120.984836,,49F,EE ROOM BUILDING A,MNL030,,,,2021-06-24,ISP
MNL030 LP5 NP8,MNL030,LP5,NP8,MNL030 LP5,Birch Tower,MANILA,3,2,BARANGAY 698,,BIRCH TOWER,14.574208,120.984836,,45F,EE ROOM BUILDING A,MNL030,,,,2021-06-24,ISP
MNL030 LP4 NP5,MNL030,LP4,NP5,MNL030 LP4,Birch Tower,MANILA,3,2,BARANGAY 698,,BIRCH TOWER,14.574208,120.984836,,34F,EE ROOM BUILDING A,MNL030,,,,2021-06-24,ISP
MNL030 LP2 NP5,MNL030,LP2,NP5,MNL030 LP2,Birch Tower,MANILA,3,2,BARANGAY 698,,BIRCH TOWER,14.574208,120.984836,,18F,EE ROOM BUILDING A,MNL030,,,,2021-06-24,ISP
MNL030 LP5 NP7,MNL030,LP5,NP7,MNL030 LP5,Birch Tower,MANILA,3,2,BARANGAY 698,,BIRCH TOWER,14.574208,120.984836,,44F,EE ROOM BUILDING A,MNL030,,,,2021-06-24,ISP
MNL030 LP5 NP3,MNL030,LP5,NP3,MNL030 LP5,Birch Tower,MANILA,3,2,BARANGAY 698,,BIRCH TOWER,14.574208,120.984836,,40F,EE ROOM BUILDING A,MNL030,,,,2021-06-24,ISP
MNL030 LP5 NP4,MNL030,LP5,NP4,MNL030 LP5,Birch Tower,MANILA,3,2,BARANGAY 698,,BIRCH TOWER,14.574208,120.984836,,41F,EE ROOM BUILDING A,MNL030,,,,2021-06-24,ISP
MNL030 LP2 NP7,MNL030,LP2,NP7,MNL030 LP2,Birch Tower,MANILA,3,2,BARANGAY 698,,BIRCH TOWER,14.574208,120.984836,,20F,EE ROOM BUILDING A,MNL030,,,,2021-06-24,ISP
MNL030 LP4 NP7,MNL030,LP4,NP7,MNL030 LP4,Birch Tower,MANILA,3,2,BARANGAY 698,,BIRCH TOWER,14.574208,120.984836,,36F,EE ROOM BUILDING A,MNL030,,,,2021-06-24,ISP
MNL030 LP5 NP5,MNL030,LP5,NP5,MNL030 LP5,Birch Tower,MANILA,3,2,BARANGAY 698,,BIRCH TOWER,14.574208,120.984836,,42F,EE ROOM BUILDING A,MNL030,,,,2021-06-24,ISP
MNL030 LP2 NP6,MNL030,LP2,NP6,MNL030 LP2,Birch Tower,MANILA,3,2,BARANGAY 698,,BIRCH TOWER,14.574208,120.984836,,19F,EE ROOM BUILDING A,MNL030,,,,2021-06-24,ISP
MNL030 LP3 NP1,MNL030,LP3,NP1,MNL030 LP3,Birch Tower,MANILA,3,2,BARANGAY 698,,BIRCH TOWER,14.574208,120.984836,,22F,EE ROOM BUILDING A,MNL030,,,,2021-06-24,ISP
MNL001 LP171 NP5-6,MNL001,LP171,NP5-6,MNL001 LP171,Zen Tower,MANILA,3,2,BARANGAY 698,,,14.57271771,120.9854472,,,,,,,16,2018-10-25,OSP
MNL001 LP173 NP1-2,MNL001,LP173,NP1-2,MNL001 LP173,Zen Tower,MANILA,3,2,BARANGAY 698,,,14.57079763,120.9865346,,,,,,,16,2018-10-25,OSP
MNL001 LP171 NP3-4,MNL001,LP171,NP3-4,MNL001 LP171,Zen Tower,MANILA,3,2,BARANGAY 698,,,14.57301919,120.9859816,,,,,,,16,2018-10-25,OSP
PSY002 LP23 NP3-4,PSY002,LP23,NP3-4,PSY002 LP23,Antel,MANILA,3,2,BARANGAY 699,,,14.570025,120.9847,,,,,,,16,2017-06-06,OSP
PSY002 LP23 NP5-6,PSY002,LP23,NP5-6,PSY002 LP23,Antel,MANILA,3,2,BARANGAY 699,,,14.571892,120.983933,,,,,,,16,2017-06-06,OSP
MNL034 LP259 NP1-2,MNL034,LP259,NP1-2,MNL034 LP259,Benitez,MANILA,3,2,BARANGAY 699,,,14.572015,120.983877,,,,,,,16,2021-07-27,OSP
MNL034 LP259 NP3-4,MNL034,LP259,NP3-4,MNL034 LP259,Benitez,MANILA,3,2,BARANGAY 699,,,14.572537,120.983394,,,,,,,16,2021-07-27,OSP
MNL034 LP259 NP5-6,MNL034,LP259,NP5-6,MNL034 LP259,Benitez,MANILA,3,2,BARANGAY 699,,,14.57318,120.982258,,,,,,,16,2021-07-27,OSP
MNL034 LP28 NP5-6,MNL034,LP28,NP5-6,MNL034 LP28,Benitez,MANILA,3,2,BARANGAY 699,,,14.57164,120.984177,,,,,,,16,2020-02-18,OSP
MNL034 LP28 NP7-8,MNL034,LP28,NP7-8,MNL034 LP28,Benitez,MANILA,3,2,BARANGAY 699,,,14.569617,120.984867,,,,,,,16,2020-02-18,OSP
MNL034 LP237 NP1-2,MNL034,LP237,NP1-2,MNL034 LP237,Benitez,MANILA,3,2,BARANGAY 699,,,14.571827,120.984729,,,,,,,16,2021-02-18,OSP
MNL034 LP237 NP3-4,MNL034,LP237,NP3-4,MNL034 LP237,Benitez,MANILA,3,2,BARANGAY 699,,,14.571602,120.984169,,,,,,,16,2021-02-18,OSP
MNL034 LP237 NP5-6,MNL034,LP237,NP5-6,MNL034 LP237,Benitez,MANILA,3,2,BARANGAY 699,,,14.571163,120.984242,,,,,,,16,2021-02-18,OSP
MNL034 LP237 NP7-8,MNL034,LP237,NP7-8,MNL034 LP237,Benitez,MANILA,3,2,BARANGAY 699,,,14.570356,120.984558,,,,,,,16,2021-02-18,OSP
MNL034 LP253 NP1-2,MNL034,LP253,NP1-2,MNL034 LP253,Benitez,MANILA,3,2,BARANGAY 699,,,14.572579,120.983506,,,,,,,16,2021-02-26,OSP
MNL034 LP253 NP3-4,MNL034,LP253,NP3-4,MNL034 LP253,Benitez,MANILA,3,2,BARANGAY 699,,,14.572247,120.982728,,,,,,,16,2021-02-26,OSP
MNL034 LP253 NP5-6,MNL034,LP253,NP5-6,MNL034 LP253,Benitez,MANILA,3,2,BARANGAY 699,,,14.571045,120.98331,,,,,,,16,2021-02-26,OSP
MNL034 LP253 NP7-8,MNL034,LP253,NP7-8,MNL034 LP253,Benitez,MANILA,3,2,BARANGAY 699,,,14.569493,120.984189,,,,,,,16,2021-02-26,OSP
MNL034 LP254 NP1-2,MNL034,LP254,NP1-2,MNL034 LP254,Benitez,MANILA,3,2,BARANGAY 699,,,14.569824,120.985351,,,,,,,16,2021-02-26,OSP
MNL034 LP457 NP2,MNL034,LP457,NP2,MNL034 LP457,Benitez,MANILA,3,2,BARANGAY 699,,LANDBANK PLAZA,14.572782,120.983006,,21F,TELEPHONE CUPBOARD,,,,8,2024-07-19,ISP
MNL034 LP457 NP3,MNL034,LP457,NP3,MNL034 LP457,Benitez,MANILA,3,2,BARANGAY 699,,LANDBANK PLAZA,14.572782,120.983006,,24F,TELEPHONE CUPBOARD,,,,8,2024-07-19,ISP
MNL034 LP447 NP2,MNL034,LP447,NP2,MNL034 LP447,Benitez,MANILA,3,2,BARANGAY 699,,LANDBANK PLAZA,14.572782,120.983006,,17F,TELEPHONE CUPBOARD,MNL112P,,,,2023-03-19,ISP
MNL034 LP457 NP5,MNL034,LP457,NP5,MNL034 LP457,Benitez,MANILA,3,2,BARANGAY 699,,LANDBANK PLAZA,14.572782,120.983006,,30F,TELEPHONE CUPBOARD,,,,8,2024-07-19,ISP
MNL034 LP447 NP1,MNL034,LP447,NP1,MNL034 LP447,Benitez,MANILA,3,2,BARANGAY 699,,LANDBANK PLAZA,14.572782,120.983006,,17F,TELEPHONE CUPBOARD,MNL112P,,,,2023-03-19,ISP
MNL034 LP457 NP4,MNL034,LP457,NP4,MNL034 LP457,Benitez,MANILA,3,2,BARANGAY 699,,LANDBANK PLAZA,14.572782,120.983006,,27F,TELEPHONE CUPBOARD,,,,8,2024-07-19,ISP
MNL034 LP447 NP3,MNL034,LP447,NP3,MNL034 LP447,Benitez,MANILA,3,2,BARANGAY 699,,LANDBANK PLAZA,14.572782,120.983006,,17F,RISER ROOM,,,,8,2024-07-16,ISP
MNL034 LP447 NP4-5,MNL034,LP447,NP4-5,MNL034 LP447,Benitez,MANILA,3,2,BARANGAY 699,,LANDBANK PLAZA,14.572782,120.983006,,32F,RISER ROOM,,,,16,2024-07-16,ISP
MNL034 LP457 NP1,MNL034,LP457,NP1,MNL034 LP457,Benitez,MANILA,3,2,BARANGAY 699,,LANDBANK PLAZA,14.572782,120.983006,,18F,TELEPHONE CUPBOARD,,,,8,2024-07-19,ISP
MNL001 LP171 NP7-8,MNL001,LP171,NP7-8,MNL001 LP171,Zen Tower,MANILA,3,2,BARANGAY 699,,,14.57231908,120.9846593,,,,,,,16,2018-10-25,OSP
MNL001 LP172 NP1-2,MNL001,LP172,NP1-2,MNL001 LP172,Zen Tower,MANILA,3,2,BARANGAY 699,,,14.57193036,120.9839208,,,,,,,16,2018-10-25,OSP
MNL001 LP172 NP3-4,MNL001,LP172,NP3-4,MNL001 LP172,Zen Tower,MANILA,3,2,BARANGAY 699,,,14.57077465,120.984387,,,,,,,16,2018-10-25,OSP
MNL001 LP172 NP5-6,MNL001,LP172,NP5-6,MNL001 LP172,Zen Tower,MANILA,3,2,BARANGAY 699,,,14.56960616,120.9848691,,,,,,,16,2018-10-25,OSP
MNL001 LP172 NP7-8,MNL001,LP172,NP7-8,MNL001 LP172,Zen Tower,MANILA,3,2,BARANGAY 699,,,14.57008275,120.9861123,,,,,,,16,2018-10-25,OSP
MNL001 LP145 NP1,MNL001,LP145,NP1,MNL001 LP145,Zen Tower,MANILA,3,2,BARANGAY 699,,IMPERIAL BAYFRONT TOWER,14.573141,120.983596,MNL115P,2F,AUXILIARY ROOM,,,,,2018-09-11,ISP
MNL001 LP299 NP1-2,MNL001,LP299,NP1-2,MNL001 LP299,Zen Tower,MANILA,3,2,BARANGAY 699,,MARINA RESIDENTIAL SUITES,14.573287,120.982424,MNL114P,27F,EE ROOM BUILDING A,,,,,2020-01-09,ISP
MNL001 LP107 NP3-7,MNL001,LP107,NP3-7,MNL001 LP107,Zen Tower,MANILA,3,2,BARANGAY 699,,MARINA RESIDENTIAL SUITES,14.573287,120.982424,,26F,EE ROOM BUILDING A,,,,16,2017-07-17,ISP
MNL001 LP145 NP4,MNL001,LP145,NP4,MNL001 LP145,Zen Tower,MANILA,3,2,BARANGAY 699,,IMPERIAL BAYFRONT TOWER,14.573141,120.983596,,7F,AUXILIARY ROOM,MNL115P,,,,2018-09-11,ISP
MNL001 LP78 NP4,MNL001,LP78,NP4,MNL001 LP78,Zen Tower,MANILA,3,2,BARANGAY 699,,RAMON MAGSAYSAY CENTER,14.571909,120.982201,,10F,AHU ROOM,MNL011,,,,2017-05-28,ISP
MNL001 LP78 NP7,MNL001,LP78,NP7,MNL001 LP78,Zen Tower,MANILA,3,2,BARANGAY 699,,RAMON MAGSAYSAY CENTER,14.571909,120.982201,MNL011,17F,AHU ROOM,,,,,2017-05-28,ISP
MNL001 LP103 NP1,MNL001,LP103,NP1,MNL001 LP103,Zen Tower,MANILA,3,2,BARANGAY 699,,ALPHA GRANDVIEW CONDOMINIUM,14.571431,120.983389,,5F,AUXILIARY ROOM,MNL113P,,,,2017-08-17,ISP
MNL001 LP160 NP5,MNL001,LP160,NP5,MNL001 LP160,Zen Tower,MANILA,3,2,BARANGAY 699,,STANDFORD TOWER CONDOMINIUM,14.569988,120.984205,MNL156P,14F,EE ROOM BUILDING A,,,,,2019-02-12,ISP
MNL001 LP145 NP3,MNL001,LP145,NP3,MNL001 LP145,Zen Tower,MANILA,3,2,BARANGAY 699,,IMPERIAL BAYFRONT TOWER,14.573141,120.983596,MNL115P,5F,AUXILIARY ROOM,,,,,2018-09-11,ISP
MNL001 LP106 NP3-4,MNL001,LP106,NP3-4,MNL001 LP106,Zen Tower,MANILA,3,2,BARANGAY 699,,ALPHA GRANDVIEW CONDOMINIUM,14.571431,120.983389,MNL113P,28F,AUXILIARY ROOM,,,,,2017-08-17,ISP
MNL001 LP298 NP1-2,MNL001,LP298,NP1-2,MNL001 LP298,Zen Tower,MANILA,3,2,BARANGAY 699,,MARINA RESIDENTIAL SUITES,14.573287,120.982424,MNL114P,19F,EE ROOM BUILDING A,,,,,2020-01-09,ISP
MNL001 LP145 NP6,MNL001,LP145,NP6,MNL001 LP145,Zen Tower,MANILA,3,2,BARANGAY 699,,IMPERIAL BAYFRONT TOWER,14.573141,120.983596,,10F,AUXILIARY ROOM,MNL115P,,,,2018-09-11,ISP
MNL001 LP145 NP2,MNL001,LP145,NP2,MNL001 LP145,Zen Tower,MANILA,3,2,BARANGAY 699,,IMPERIAL BAYFRONT TOWER,14.573141,120.983596,MNL115P,4F,AUXILIARY ROOM,,,,,2018-09-11,ISP
MNL001 LP299 NP5-6,MNL001,LP299,NP5-6,MNL001 LP299,Zen Tower,MANILA,3,2,BARANGAY 699,,MARINA RESIDENTIAL SUITES,14.573287,120.982424,MNL114P,31F,EE ROOM BUILDING A,,,,,2020-01-09,ISP
MNL001 LP298 NP4,MNL001,LP298,NP4,MNL001 LP298,Zen Tower,MANILA,3,2,BARANGAY 699,,MARINA RESIDENTIAL SUITES,14.573287,120.982424,MNL114P,21F,EE ROOM BUILDING A,,,,,2020-01-09,ISP
MNL001 LP160 NP6,MNL001,LP160,NP6,MNL001 LP160,Zen Tower,MANILA,3,2,BARANGAY 699,,STANDFORD TOWER CONDOMINIUM,14.569988,120.984205,,16F,EE ROOM BUILDING A,MNL156P,,,,2019-02-12,ISP
MNL001 LP146 NP5,MNL001,LP146,NP5,MNL001 LP146,Zen Tower,MANILA,3,2,BARANGAY 699,,IMPERIAL BAYFRONT TOWER,14.573141,120.983596,,18F,AUXILIARY ROOM,MNL115P,,,,2018-09-11,ISP
MNL001 LP78 NP5,MNL001,LP78,NP5,MNL001 LP78,Zen Tower,MANILA,3,2,BARANGAY 699,,RAMON MAGSAYSAY CENTER,14.571909,120.982201,MNL011,12F,AHU ROOM,,,,,2017-05-28,ISP
MNL001 LP298 NP5-6,MNL001,LP298,NP5-6,MNL001 LP298,Zen Tower,MANILA,3,2,BARANGAY 699,,MARINA RESIDENTIAL SUITES,14.573287,120.982424,MNL114P,23F,EE ROOM BUILDING A,,,,,2020-01-09,ISP
MNL001 LP106 NP5-6,MNL001,LP106,NP5-6,MNL001 LP106,Zen Tower,MANILA,3,2,BARANGAY 699,,ALPHA GRANDVIEW CONDOMINIUM,14.571431,120.983389,,31F,AUXILIARY ROOM,MNL113P,,,,2017-08-17,ISP
MNL001 LP107 NP1-5,MNL001,LP107,NP1-5,MNL001 LP107,Zen Tower,MANILA,3,2,BARANGAY 699,,MARINA RESIDENTIAL SUITES,14.573287,120.982424,,17F,EE ROOM BUILDING A,,,,16,2017-07-17,ISP
MNL001 LP298 NP8,MNL001,LP298,NP8,MNL001 LP298,Zen Tower,MANILA,3,2,BARANGAY 699,,MARINA RESIDENTIAL SUITES,14.573287,120.982424,,25F,EE ROOM BUILDING A,MNL114P,,,,2020-01-09,ISP
MNL001 LP104 NP5-6,MNL001,LP104,NP5-6,MNL001 LP104,Zen Tower,MANILA,3,2,BARANGAY 699,,ALPHA GRANDVIEW CONDOMINIUM,14.571431,120.983389,,10F,AUXILIARY ROOM,MNL113P,,,,2017-08-17,ISP
MNL001 LP103 NP2-3,MNL001,LP103,NP2-3,MNL001 LP103,Zen Tower,MANILA,3,2,BARANGAY 699,,ALPHA GRANDVIEW CONDOMINIUM,14.571431,120.983389,MNL113P,6F,AUXILIARY ROOM,,,,,2017-08-17,ISP
MNL001 LP299 NP3,MNL001,LP299,NP3,MNL001 LP299,Zen Tower,MANILA,3,2,BARANGAY 699,,MARINA RESIDENTIAL SUITES,14.573287,120.982424,MNL114P,28F,EE ROOM BUILDING A,,,,,2020-01-09,ISP
MNL001 LP299 NP7,MNL001,LP299,NP7,MNL001 LP299,Zen Tower,MANILA,3,2,BARANGAY 699,,MARINA RESIDENTIAL SUITES,14.573287,120.982424,MNL114P,32F,EE ROOM BUILDING A,,,,,2020-01-09,ISP
MNL001 LP146 NP1,MNL001,LP146,NP1,MNL001 LP146,Zen Tower,MANILA,3,2,BARANGAY 699,,IMPERIAL BAYFRONT TOWER,14.573141,120.983596,MNL115P,11F,AUXILIARY ROOM,,,,,2018-09-11,ISP
MNL001 LP160 NP2,MNL001,LP160,NP2,MNL001 LP160,Zen Tower,MANILA,3,2,BARANGAY 699,,STANDFORD TOWER CONDOMINIUM,14.569988,120.984205,,7F,EE ROOM BUILDING A,MNL156P,,,,2019-02-12,ISP
MNL001 LP105 NP1-2,MNL001,LP105,NP1-2,MNL001 LP105,Zen Tower,MANILA,3,2,BARANGAY 699,,ALPHA GRANDVIEW CONDOMINIUM,14.571431,120.983389,MNL113P,15F,AUXILIARY ROOM,,,,,2017-08-17,ISP
MNL001 LP103 NP4-5,MNL001,LP103,NP4-5,MNL001 LP103,Zen Tower,MANILA,3,2,BARANGAY 699,,ALPHA GRANDVIEW CONDOMINIUM,14.571431,120.983389,,7F,AUXILIARY ROOM,MNL113P,,,,2017-08-17,ISP
MNL001 LP145 NP5,MNL001,LP145,NP5,MNL001 LP145,Zen Tower,MANILA,3,2,BARANGAY 699,,IMPERIAL BAYFRONT TOWER,14.573141,120.983596,MNL115P,8F,AUXILIARY ROOM,,,,,2018-09-11,ISP
MNL001 LP105 NP7-8,MNL001,LP105,NP7-8,MNL001 LP105,Zen Tower,MANILA,3,2,BARANGAY 699,,ALPHA GRANDVIEW CONDOMINIUM,14.571431,120.983389,MNL113P,22F,AUXILIARY ROOM,,,,,2017-08-17,ISP
MNL001 LP298 NP7,MNL001,LP298,NP7,MNL001 LP298,Zen Tower,MANILA,3,2,BARANGAY 699,,MARINA RESIDENTIAL SUITES,14.573287,120.982424,,24F,EE ROOM BUILDING A,MNL114P,,,,2020-01-09,ISP
MNL001 LP160 NP3,MNL001,LP160,NP3,MNL001 LP160,Zen Tower,MANILA,3,2,BARANGAY 699,,STANDFORD TOWER CONDOMINIUM,14.569988,120.984205,MNL156P,9F,EE ROOM BUILDING A,,,,,2019-02-12,ISP
MNL001 LP78 NP2,MNL001,LP78,NP2,MNL001 LP78,Zen Tower,MANILA,3,2,BARANGAY 699,,RAMON MAGSAYSAY CENTER,14.571909,120.982201,MNL011,6F,AHU ROOM,,,,,2017-05-28,ISP
MNL001 LP146 NP4,MNL001,LP146,NP4,MNL001 LP146,Zen Tower,MANILA,3,2,BARANGAY 699,,IMPERIAL BAYFRONT TOWER,14.573141,120.983596,MNL115P,17F,AUXILIARY ROOM,,,,,2018-09-11,ISP
MNL001 LP106 NP7-8,MNL001,LP106,NP7-8,MNL001 LP106,Zen Tower,MANILA,3,2,BARANGAY 699,,ALPHA GRANDVIEW CONDOMINIUM,14.571431,120.983389,MNL113P,PH,AUXILIARY ROOM,,,,,2017-08-17,ISP
MNL001 LP160 NP1,MNL001,LP160,NP1,MNL001 LP160,Zen Tower,MANILA,3,2,BARANGAY 699,,STANDFORD TOWER CONDOMINIUM,14.569988,120.984205,,5F,EE ROOM BUILDING A,MNL156P,,,,2019-02-12,ISP
MNL001 LP107 NP2-6,MNL001,LP107,NP2-6,MNL001 LP107,Zen Tower,MANILA,3,2,BARANGAY 699,,MARINA RESIDENTIAL SUITES,14.573287,120.982424,,22F,EE ROOM BUILDING A,,,,16,2017-07-17,ISP
MNL001 LP104 NP3-4,MNL001,LP104,NP3-4,MNL001 LP104,Zen Tower,MANILA,3,2,BARANGAY 699,,ALPHA GRANDVIEW CONDOMINIUM,14.571431,120.983389,MNL113P,9F,AUXILIARY ROOM,,,,,2017-08-17,ISP
MNL001 LP107 NP4-8,MNL001,LP107,NP4-8,MNL001 LP107,Zen Tower,MANILA,3,2,BARANGAY 699,,MARINA RESIDENTIAL SUITES,14.573287,120.982424,,30F,EE ROOM BUILDING A,,,,16,2017-07-17,ISP
MNL001 LP299 NP4,MNL001,LP299,NP4,MNL001 LP299,Zen Tower,MANILA,3,2,BARANGAY 699,,MARINA RESIDENTIAL SUITES,14.573287,120.982424,MNL114P,29F,EE ROOM BUILDING A,,,,,2020-01-09,ISP
MNL001 LP106 NP1-2,MNL001,LP106,NP1-2,MNL001 LP106,Zen Tower,MANILA,3,2,BARANGAY 699,,ALPHA GRANDVIEW CONDOMINIUM,14.571431,120.983389,MNL113P,25F,AUXILIARY ROOM,,,,,2017-08-17,ISP
MNL001 LP104 NP7-8,MNL001,LP104,NP7-8,MNL001 LP104,Zen Tower,MANILA,3,2,BARANGAY 699,,ALPHA GRANDVIEW CONDOMINIUM,14.571431,120.983389,MNL113P,12F,AUXILIARY ROOM,,,,,2017-08-17,ISP
MNL001 LP146 NP2,MNL001,LP146,NP2,MNL001 LP146,Zen Tower,MANILA,3,2,BARANGAY 699,,IMPERIAL BAYFRONT TOWER,14.573141,120.983596,,15F,AUXILIARY ROOM,MNL115P,,,,2018-09-11,ISP
MNL001 LP105 NP3-4,MNL001,LP105,NP3-4,MNL001 LP105,Zen Tower,MANILA,3,2,BARANGAY 699,,ALPHA GRANDVIEW CONDOMINIUM,14.571431,120.983389,,16F,AUXILIARY ROOM,MNL113P,,,,2017-08-17,ISP
MNL001 LP146 NP3,MNL001,LP146,NP3,MNL001 LP146,Zen Tower,MANILA,3,2,BARANGAY 699,,IMPERIAL BAYFRONT TOWER,14.573141,120.983596,,16F,AUXILIARY ROOM,MNL115P,,,,2018-09-11,ISP
MNL001 LP160 NP4,MNL001,LP160,NP4,MNL001 LP160,Zen Tower,MANILA,3,2,BARANGAY 699,,STANDFORD TOWER CONDOMINIUM,14.569988,120.984205,,11F,EE ROOM BUILDING A,MNL156P,,,,2019-02-12,ISP
MNL001 LP78 NP1,MNL001,LP78,NP1,MNL001 LP78,Zen Tower,MANILA,3,2,BARANGAY 699,,RAMON MAGSAYSAY CENTER,14.571909,120.982201,MNL011,4F,AHU ROOM,,,,,2017-05-28,ISP
MNL001 LP298 NP3,MNL001,LP298,NP3,MNL001 LP298,Zen Tower,MANILA,3,2,BARANGAY 699,,MARINA RESIDENTIAL SUITES,14.573287,120.982424,,20F,EE ROOM BUILDING A,MNL114P,,,,2020-01-09,ISP
MNL001 LP78 NP6,MNL001,LP78,NP6,MNL001 LP78,Zen Tower,MANILA,3,2,BARANGAY 699,,RAMON MAGSAYSAY CENTER,14.571909,120.982201,MNL011,15F,AHU ROOM,,,,,2017-05-28,ISP
MNL001 LP78 NP3,MNL001,LP78,NP3,MNL001 LP78,Zen Tower,MANILA,3,2,BARANGAY 699,,RAMON MAGSAYSAY CENTER,14.571909,120.982201,,8F,AHU ROOM,MNL011,,,,2017-05-28,ISP
MNL001 LP105 NP5-6,MNL001,LP105,NP5-6,MNL001 LP105,Zen Tower,MANILA,3,2,BARANGAY 699,,ALPHA GRANDVIEW CONDOMINIUM,14.571431,120.983389,MNL113P,19F,AUXILIARY ROOM,,,,,2017-08-17,ISP
MNL001 LP104 NP1-2,MNL001,LP104,NP1-2,MNL001 LP104,Zen Tower,MANILA,3,2,BARANGAY 699,,ALPHA GRANDVIEW CONDOMINIUM,14.571431,120.983389,MNL113P,8F,AUXILIARY ROOM,,,,,2017-08-17,ISP
MNL034 LP238 NP1-2,MNL034,LP238,NP1-2,MNL034 LP238,Benitez,MANILA,3,2,BARANGAY 700,,,14.569599,120.984873,,,,,,,16,2021-02-18,OSP
MNL034 LP238 NP3-4,MNL034,LP238,NP3-4,MNL034 LP238,Benitez,MANILA,3,2,BARANGAY 700,,,14.568808,120.9852,,,,,,,16,2021-02-18,OSP
MNL001 LP175 NP1-2,MNL001,LP175,NP1-2,MNL001 LP175,Zen Tower,MANILA,3,2,BARANGAY 700,,,14.56886679,120.986067,,,,,,,16,2018-10-25,OSP
MNL001 LP175 NP3-4,MNL001,LP175,NP3-4,MNL001 LP175,Zen Tower,MANILA,3,2,BARANGAY 700,,,14.56881121,120.9851853,,,,,,,16,2018-10-25,OSP
PSY002 LP23 NP1-2,PSY002,LP23,NP1-2,PSY002 LP23,Antel,MANILA,3,2,BARANGAY 701,,,14.568478,120.98533,,,,,,,16,2017-06-06,OSP
PSY002 LP22 NP7-8,PSY002,LP22,NP7-8,PSY002 LP22,Antel,MANILA,3,2,BARANGAY 701,,,14.566524,120.986133,,,,,,,16,2017-06-06,OSP
MNL034 LP239 NP5-6,MNL034,LP239,NP5-6,MNL034 LP239,Benitez,MANILA,3,2,BARANGAY 701,,,14.566775,120.986051,,,,,,,16,2021-02-18,OSP
MNL034 LP239 NP7-8,MNL034,LP239,NP7-8,MNL034 LP239,Benitez,MANILA,3,2,BARANGAY 701,,,14.566308,120.986237,,,,,,,16,2021-02-18,OSP
MNL034 LP240 NP1-2,MNL034,LP240,NP1-2,MNL034 LP240,Benitez,MANILA,3,2,BARANGAY 701,,,14.567331,120.985171,,,,,,,16,2021-02-18,OSP
MNL034 LP240 NP3-4,MNL034,LP240,NP3-4,MNL034 LP240,Benitez,MANILA,3,2,BARANGAY 701,,,14.566764,120.985444,,,,,,,16,2021-02-18,OSP
MNL034 LP240 NP5-6,MNL034,LP240,NP5-6,MNL034 LP240,Benitez,MANILA,3,2,BARANGAY 701,,,14.566172,120.985731,,,,,,,16,2021-02-18,OSP
MNL034 LP240 NP7-8,MNL034,LP240,NP7-8,MNL034 LP240,Benitez,MANILA,3,2,BARANGAY 701,,,14.565373,120.986126,,,,,,,16,2021-02-18,OSP
MNL034 LP29 NP1-2,MNL034,LP29,NP1-2,MNL034 LP29,Benitez,MANILA,3,2,BARANGAY 701,,,14.567461,120.98572,,,,,,,16,2020-02-18,OSP
MNL034 LP29 NP3-4,MNL034,LP29,NP3-4,MNL034 LP29,Benitez,MANILA,3,2,BARANGAY 701,,,14.5656,120.986613,,,,,,,16,2020-02-18,OSP
MNL034 LP29 NP5-6,MNL034,LP29,NP5-6,MNL034 LP29,Benitez,MANILA,3,2,BARANGAY 701,,,14.567829,120.986636,,,,,,,16,2020-02-18,OSP
MNL034 LP29 NP7-8,MNL034,LP29,NP7-8,MNL034 LP29,Benitez,MANILA,3,2,BARANGAY 701,,,14.566548,120.987349,,,,,,,16,2020-02-18,OSP
MNL034 LP238 NP5-6,MNL034,LP238,NP5-6,MNL034 LP238,Benitez,MANILA,3,2,BARANGAY 701,,,14.568643,120.984658,,,,,,,16,2021-02-18,OSP
MNL034 LP238 NP7-8,MNL034,LP238,NP7-8,MNL034 LP238,Benitez,MANILA,3,2,BARANGAY 701,,,14.56766,120.985,,,,,,,16,2021-02-18,OSP
MNL034 LP239 NP1-2,MNL034,LP239,NP1-2,MNL034 LP239,Benitez,MANILA,3,2,BARANGAY 701,,,14.568129,120.985481,,,,,,,16,2021-02-18,OSP
MNL034 LP239 NP3-4,MNL034,LP239,NP3-4,MNL034 LP239,Benitez,MANILA,3,2,BARANGAY 701,,,14.567291,120.985827,,,,,,,16,2021-02-18,OSP
MNL034 LP254 NP3-4,MNL034,LP254,NP3-4,MNL034 LP254,Benitez,MANILA,3,2,BARANGAY 701,,,14.567361,120.986876,,,,,,,16,2021-02-26,OSP
MNL034 LP254 NP5-6,MNL034,LP254,NP5-6,MNL034 LP254,Benitez,MANILA,3,2,BARANGAY 701,,,14.565835,120.987727,,,,,,,16,2021-02-26,OSP
MNL034 LP446 NP1,MNL034,LP446,NP1,MNL034 LP446,Benitez,MANILA,3,2,BARANGAY 701,,ECHELON TOWER CONDOMINIUM,14.566677,120.986397,,2F,EE ROOM,MNL117P,,,,2023-01-30,ISP
MNL034 LP265 NP2,MNL034,LP265,NP2,MNL034 LP265,Benitez,MANILA,3,2,BARANGAY 701,,NORTH SYQUIA APARTMENTS,14.568075,120.984711,,GF,NO EXACT FLOOR LEVEL,MNL116P,,,,2021-08-02,ISP
MNL034 LP265 NP1,MNL034,LP265,NP1,MNL034 LP265,Benitez,MANILA,3,2,BARANGAY 701,,NORTH SYQUIA APARTMENTS,14.568075,120.984711,,GF,NO EXACT FLOOR LEVEL,MNL116P,,,,2021-08-02,ISP
MNL034 LP446 NP2,MNL034,LP446,NP2,MNL034 LP446,Benitez,MANILA,3,2,BARANGAY 701,,ECHELON TOWER CONDOMINIUM,14.566677,120.986397,,2F,EE ROOM,MNL117P,,,,2023-01-30,ISP
MNL001 LP175 NP5-6,MNL001,LP175,NP5-6,MNL001 LP175,Zen Tower,MANILA,3,2,BARANGAY 701,,,14.56731335,120.9851819,,,,,,,16,2018-10-25,OSP
MNL001 LP123 NP6,MNL001,LP123,NP6,MNL001 LP123,Zen Tower,MANILA,3,2,BARANGAY 701,,LE MIRAGE DE MALATE VACATION CONDOMINIUM,14.565792,120.986727,MNL118P,28F,TTC ROOM,,,,,2019-07-21,ISP
MNL001 LP82 NP7,MNL001,LP82,NP7,MNL001 LP82,Zen Tower,MANILA,3,2,BARANGAY 701,,MARBELLA MANILA (TOWER 2),14.565968,120.984939,,15F,CONVERGE ROOM,MNL119P,,,,2017-02-09,ISP
MNL001 LP82 NP6,MNL001,LP82,NP6,MNL001 LP82,Zen Tower,MANILA,3,2,BARANGAY 701,,MARBELLA MANILA (TOWER 2),14.565968,120.984939,MNL119P,12F,CONVERGE ROOM,,,,,2017-02-09,ISP
MNL001 LP121 NP6,MNL001,LP121,NP6,MNL001 LP121,Zen Tower,MANILA,3,2,BARANGAY 701,,LE MIRAGE DE MALATE VACATION CONDOMINIUM,14.565792,120.986727,,11F,TTC ROOM,MNL118P,,,,2019-07-21,ISP
MNL001 LP121 NP4,MNL001,LP121,NP4,MNL001 LP121,Zen Tower,MANILA,3,2,BARANGAY 701,,LE MIRAGE DE MALATE VACATION CONDOMINIUM,14.565792,120.986727,,9F,TTC ROOM,MNL118P,,,,2019-07-21,ISP
MNL001 LP121 NP5,MNL001,LP121,NP5,MNL001 LP121,Zen Tower,MANILA,3,2,BARANGAY 701,,LE MIRAGE DE MALATE VACATION CONDOMINIUM,14.565792,120.986727,MNL118P,10F,TTC ROOM,,,,,2019-07-21,ISP
MNL001 LP76 NP2,MNL001,LP76,NP2,MNL001 LP76,Zen Tower,MANILA,3,2,BARANGAY 701,,ECHELON TOWER CONDOMINIUM,14.566677,120.986397,MNL117P,6F,EE ROOM BUILDING A,,,,,2017-04-24,ISP
MNL001 LP77 NP3-4,MNL001,LP77,NP3-4,MNL001 LP77,Zen Tower,MANILA,3,2,BARANGAY 701,,ECHELON TOWER CONDOMINIUM,14.566677,120.986397,MNL117P,PH,EE ROOM BUILDING A,,,,,2021-08-22,ISP
MNL001 LP76 NP5,MNL001,LP76,NP5,MNL001 LP76,Zen Tower,MANILA,3,2,BARANGAY 701,,ECHELON TOWER CONDOMINIUM,14.566677,120.986397,,9F,EE ROOM BUILDING A,MNL117P,,,,2017-04-24,ISP
MNL001 LP76 NP1,MNL001,LP76,NP1,MNL001 LP76,Zen Tower,MANILA,3,2,BARANGAY 701,,ECHELON TOWER CONDOMINIUM,14.566677,120.986397,,2F,EE ROOM BUILDING A,MNL117P,,,,2017-04-24,ISP
MNL001 LP122 NP1,MNL001,LP122,NP1,MNL001 LP122,Zen Tower,MANILA,3,2,BARANGAY 701,,LE MIRAGE DE MALATE VACATION CONDOMINIUM,14.565792,120.986727,MNL118P,15F,TTC ROOM,,,,,2019-07-21,ISP
MNL001 LP82 NP3,MNL001,LP82,NP3,MNL001 LP82,Zen Tower,MANILA,3,2,BARANGAY 701,,MARBELLA MANILA (TOWER 2),14.565968,120.984939,MNL119P,6F,CONVERGE ROOM,,,,,2017-02-09,ISP
MNL001 LP82 NP4,MNL001,LP82,NP4,MNL001 LP82,Zen Tower,MANILA,3,2,BARANGAY 701,,MARBELLA MANILA (TOWER 2),14.565968,120.984939,MNL119P,8F,CONVERGE ROOM,,,,,2017-02-09,ISP
MNL001 LP122 NP5,MNL001,LP122,NP5,MNL001 LP122,Zen Tower,MANILA,3,2,BARANGAY 701,,LE MIRAGE DE MALATE VACATION CONDOMINIUM,14.565792,120.986727,,19F,TTC ROOM,MNL118P,,,,2019-07-21,ISP
MNL001 LP123 NP5,MNL001,LP123,NP5,MNL001 LP123,Zen Tower,MANILA,3,2,BARANGAY 701,,LE MIRAGE DE MALATE VACATION CONDOMINIUM,14.565792,120.986727,MNL118P,27F,TTC ROOM,,,,,2019-07-21,ISP
MNL001 LP77 NP1,MNL001,LP77,NP1,MNL001 LP77,Zen Tower,MANILA,3,2,BARANGAY 701,,ECHELON TOWER CONDOMINIUM,14.566677,120.986397,MNL117P,17F,EE ROOM BUILDING A,,,,,2017-04-24,ISP
MNL001 LP76 NP8,MNL001,LP76,NP8,MNL001 LP76,Zen Tower,MANILA,3,2,BARANGAY 701,,ECHELON TOWER CONDOMINIUM,14.566677,120.986397,MNL117P,15F,EE ROOM BUILDING A,,,,,2017-04-24,ISP
MNL001 LP121 NP7,MNL001,LP121,NP7,MNL001 LP121,Zen Tower,MANILA,3,2,BARANGAY 701,,LE MIRAGE DE MALATE VACATION CONDOMINIUM,14.565792,120.986727,MNL118P,12F,TTC ROOM,,,,,2019-07-21,ISP
MNL001 LP82 NP1,MNL001,LP82,NP1,MNL001 LP82,Zen Tower,MANILA,3,2,BARANGAY 701,,MARBELLA MANILA (TOWER 2),14.565968,120.984939,MNL119P,2F,CONVERGE ROOM,,,,,2017-02-09,ISP
MNL001 LP123 NP7,MNL001,LP123,NP7,MNL001 LP123,Zen Tower,MANILA,3,2,BARANGAY 701,,LE MIRAGE DE MALATE VACATION CONDOMINIUM,14.565792,120.986727,,29F,TTC ROOM,MNL118P,,,,2019-07-21,ISP
MNL001 LP123 NP2,MNL001,LP123,NP2,MNL001 LP123,Zen Tower,MANILA,3,2,BARANGAY 701,,LE MIRAGE DE MALATE VACATION CONDOMINIUM,14.565792,120.986727,,24F,TTC ROOM,MNL118P,,,,2019-07-21,ISP
MNL001 LP76 NP6,MNL001,LP76,NP6,MNL001 LP76,Zen Tower,MANILA,3,2,BARANGAY 701,,ECHELON TOWER CONDOMINIUM,14.566677,120.986397,MNL117P,11F,EE ROOM BUILDING A,,,,,2017-04-24,ISP
MNL001 LP77 NP7,MNL001,LP77,NP7,MNL001 LP77,Zen Tower,MANILA,3,2,BARANGAY 701,,ECHELON TOWER CONDOMINIUM,14.566677,120.986397,MNL117P,2F,EE ROOM,,,,,2023-01-30,ISP
MNL001 LP121 NP8,MNL001,LP121,NP8,MNL001 LP121,Zen Tower,MANILA,3,2,BARANGAY 701,,LE MIRAGE DE MALATE VACATION CONDOMINIUM,14.565792,120.986727,MNL118P,14F,TTC ROOM,,,,,2019-07-21,ISP
MNL001 LP76 NP3,MNL001,LP76,NP3,MNL001 LP76,Zen Tower,MANILA,3,2,BARANGAY 701,,ECHELON TOWER CONDOMINIUM,14.566677,120.986397,MNL117P,7F,EE ROOM BUILDING A,,,,,2017-04-24,ISP
MNL001 LP122 NP6,MNL001,LP122,NP6,MNL001 LP122,Zen Tower,MANILA,3,2,BARANGAY 701,,LE MIRAGE DE MALATE VACATION CONDOMINIUM,14.565792,120.986727,,20F,TTC ROOM,MNL118P,,,,2019-07-21,ISP
MNL001 LP82 NP2,MNL001,LP82,NP2,MNL001 LP82,Zen Tower,MANILA,3,2,BARANGAY 701,,MARBELLA MANILA (TOWER 2),14.565968,120.984939,MNL119P,4F,CONVERGE ROOM,,,,,2017-02-09,ISP
MNL001 LP122 NP3,MNL001,LP122,NP3,MNL001 LP122,Zen Tower,MANILA,3,2,BARANGAY 701,,LE MIRAGE DE MALATE VACATION CONDOMINIUM,14.565792,120.986727,,17F,TTC ROOM,MNL118P,,,,2019-07-21,ISP
MNL001 LP123 NP3,MNL001,LP123,NP3,MNL001 LP123,Zen Tower,MANILA,3,2,BARANGAY 701,,LE MIRAGE DE MALATE VACATION CONDOMINIUM,14.565792,120.986727,,25F,TTC ROOM,MNL118P,,,,2019-07-21,ISP
MNL001 LP76 NP7,MNL001,LP76,NP7,MNL001 LP76,Zen Tower,MANILA,3,2,BARANGAY 701,,ECHELON TOWER CONDOMINIUM,14.566677,120.986397,,12F,EE ROOM BUILDING A,MNL117P,,,,2017-04-24,ISP
MNL001 LP121 NP1,MNL001,LP121,NP1,MNL001 LP121,Zen Tower,MANILA,3,2,BARANGAY 701,,LE MIRAGE DE MALATE VACATION CONDOMINIUM,14.565792,120.986727,,6F,TTC ROOM,MNL118P,,,,2019-07-21,ISP
MNL001 LP123 NP1,MNL001,LP123,NP1,MNL001 LP123,Zen Tower,MANILA,3,2,BARANGAY 701,,LE MIRAGE DE MALATE VACATION CONDOMINIUM,14.565792,120.986727,,23F,TTC ROOM,MNL118P,,,,2019-07-21,ISP
MNL001 LP122 NP4,MNL001,LP122,NP4,MNL001 LP122,Zen Tower,MANILA,3,2,BARANGAY 701,,LE MIRAGE DE MALATE VACATION CONDOMINIUM,14.565792,120.986727,MNL118P,18F,TTC ROOM,,,,,2019-07-21,ISP
MNL001 LP76 NP4,MNL001,LP76,NP4,MNL001 LP76,Zen Tower,MANILA,3,2,BARANGAY 701,,ECHELON TOWER CONDOMINIUM,14.566677,120.986397,,8F,EE ROOM BUILDING A,MNL117P,,,,2017-04-24,ISP
MNL001 LP123 NP4,MNL001,LP123,NP4,MNL001 LP123,Zen Tower,MANILA,3,2,BARANGAY 701,,LE MIRAGE DE MALATE VACATION CONDOMINIUM,14.565792,120.986727,,26F,TTC ROOM,MNL118P,,,,2019-07-21,ISP
MNL001 LP82 NP5,MNL001,LP82,NP5,MNL001 LP82,Zen Tower,MANILA,3,2,BARANGAY 701,,MARBELLA MANILA (TOWER 2),14.565968,120.984939,,10F,CONVERGE ROOM,MNL119P,,,,2017-02-09,ISP
MNL001 LP121 NP3,MNL001,LP121,NP3,MNL001 LP121,Zen Tower,MANILA,3,2,BARANGAY 701,,LE MIRAGE DE MALATE VACATION CONDOMINIUM,14.565792,120.986727,MNL118P,8F,TTC ROOM,,,,,2019-07-21,ISP
MNL001 LP77 NP6,MNL001,LP77,NP6,MNL001 LP77,Zen Tower,MANILA,3,2,BARANGAY 701,,ECHELON TOWER CONDOMINIUM,14.566677,120.986397,MNL117P,2F,EE ROOM,,,,,2023-01-30,ISP
MNL001 LP77 NP5,MNL001,LP77,NP5,MNL001 LP77,Zen Tower,MANILA,3,2,BARANGAY 701,,ECHELON TOWER CONDOMINIUM,14.566677,120.986397,MNL117P,2F,EE ROOM,,,,,2023-01-30,ISP
MNL001 LP121 NP2,MNL001,LP121,NP2,MNL001 LP121,Zen Tower,MANILA,3,2,BARANGAY 701,,LE MIRAGE DE MALATE VACATION CONDOMINIUM,14.565792,120.986727,,7F,TTC ROOM,MNL118P,,,,2019-07-21,ISP
MNL001 LP122 NP8,MNL001,LP122,NP8,MNL001 LP122,Zen Tower,MANILA,3,2,BARANGAY 701,,LE MIRAGE DE MALATE VACATION CONDOMINIUM,14.565792,120.986727,MNL118P,22F,TTC ROOM,,,,,2019-07-21,ISP
MNL001 LP77 NP2,MNL001,LP77,NP2,MNL001 LP77,Zen Tower,MANILA,3,2,BARANGAY 701,,ECHELON TOWER CONDOMINIUM,14.566677,120.986397,MNL117P,19F,EE ROOM BUILDING A,,,,,2017-04-24,ISP
MNL001 LP122 NP7,MNL001,LP122,NP7,MNL001 LP122,Zen Tower,MANILA,3,2,BARANGAY 701,,LE MIRAGE DE MALATE VACATION CONDOMINIUM,14.565792,120.986727,MNL118P,21F,TTC ROOM,,,,,2019-07-21,ISP
MNL001 LP82 NP8,MNL001,LP82,NP8,MNL001 LP82,Zen Tower,MANILA,3,2,BARANGAY 701,,MARBELLA MANILA (TOWER 2),14.565968,120.984939,MNL119P,17F,CONVERGE ROOM,,,,,2017-02-09,ISP
MNL001 LP122 NP2,MNL001,LP122,NP2,MNL001 LP122,Zen Tower,MANILA,3,2,BARANGAY 701,,LE MIRAGE DE MALATE VACATION CONDOMINIUM,14.565792,120.986727,MNL118P,16F,TTC ROOM,,,,,2019-07-21,ISP
MNL034 LP233 NP7-8,MNL034,LP233,NP7-8,MNL034 LP233,Benitez,MANILA,3,2,BARANGAY 702,,,14.569807,120.986279,,,,,,,16,2021-02-18,OSP
MNL034 LP234 NP1-2,MNL034,LP234,NP1-2,MNL034 LP234,Benitez,MANILA,3,2,BARANGAY 702,,,14.568913,120.98691,,,,,,,16,2021-02-18,OSP
MNL034 LP227 NP7-8,MNL034,LP227,NP7-8,MNL034 LP227,Benitez,MANILA,3,2,BARANGAY 702,,,14.570693,120.987549,,,,,,,16,2021-02-18,OSP
MNL034 LP229 NP1-2,MNL034,LP229,NP1-2,MNL034 LP229,Benitez,MANILA,3,2,BARANGAY 702,,,14.570523,120.987653,,,,,,,16,2021-02-18,OSP
MNL034 LP229 NP6-7-8,MNL034,LP229,NP6-7-8,MNL034 LP229,Benitez,MANILA,3,2,BARANGAY 702,,,14.570108,120.987887,,,,,,,24,2021-02-18,OSP
MNL034 LP235 NP1-2,MNL034,LP235,NP1-2,MNL034 LP235,Benitez,MANILA,3,2,BARANGAY 702,,,14.569409,120.987965,,,,,,,16,2021-02-18,OSP
MNL034 LP235 NP3-4-5,MNL034,LP235,NP3-4-5,MNL034 LP235,Benitez,MANILA,3,2,BARANGAY 702,,,14.569703,120.988609,,,,,,,24,2021-02-18,OSP
MNL034 LP379 NP6-8,MNL034,LP379,NP6-8,MNL034 LP379,Benitez,MANILA,3,2,BARANGAY 702,,,14.570332,120.986901,,,,,,,24,2022-05-26,OSP
MNL034 LP380 NP1-2,MNL034,LP380,NP1-2,MNL034 LP380,Benitez,MANILA,3,2,BARANGAY 702,,,14.569929,120.987129,,,,,,,16,2022-05-26,OSP
MNL034 LP380 NP3-5,MNL034,LP380,NP3-5,MNL034 LP380,Benitez,MANILA,3,2,BARANGAY 702,,,14.569461,120.987311,,,,,,,24,2022-05-26,OSP
MNL034 LP380 NP6-8,MNL034,LP380,NP6-8,MNL034 LP380,Benitez,MANILA,3,2,BARANGAY 702,,,14.570082,120.987499,,,,,,,24,2022-05-26,OSP
MNL034 LP381 NP1-2,MNL034,LP381,NP1-2,MNL034 LP381,Benitez,MANILA,3,2,BARANGAY 702,,,14.569209,120.987619,,,,,,,16,2022-05-26,OSP
MNL034 LP381 NP6-8,MNL034,LP381,NP6-8,MNL034 LP381,Benitez,MANILA,3,2,BARANGAY 702,,,14.569821,120.98638,,,,,,,24,2022-05-26,OSP
MNL034 LP378 NP1-2,MNL034,LP378,NP1-2,MNL034 LP378,Benitez,MANILA,3,2,BARANGAY 702,,,14.569494,120.988206,,,,,,,16,2022-05-26,OSP
MNL034 LP378 NP3-5,MNL034,LP378,NP3-5,MNL034 LP378,Benitez,MANILA,3,2,BARANGAY 702,,,14.569849,120.988038,,,,,,,24,2022-05-26,OSP
MNL034 LP378 NP6-8,MNL034,LP378,NP6-8,MNL034 LP378,Benitez,MANILA,3,2,BARANGAY 702,,,14.570277,120.987796,,,,,,,24,2022-05-26,OSP
MNL034 LP379 NP1-2,MNL034,LP379,NP1-2,MNL034 LP379,Benitez,MANILA,3,2,BARANGAY 702,,,14.570672,120.987578,,,,,,,16,2022-05-26,OSP
MNL001 LP174 NP1-2,MNL001,LP174,NP1-2,MNL001 LP174,Zen Tower,MANILA,3,2,BARANGAY 702,,,14.56985592,120.9890139,,,,,,,16,2018-10-25,OSP
MNL001 LP174 NP3-4,MNL001,LP174,NP3-4,MNL001 LP174,Zen Tower,MANILA,3,2,BARANGAY 702,,,14.56969704,120.9886183,,,,,,,16,2018-10-25,OSP
MNL001 LP174 NP5-6,MNL001,LP174,NP5-6,MNL001 LP174,Zen Tower,MANILA,3,2,BARANGAY 702,,,14.56947832,120.988176,,,,,,,16,2018-10-25,OSP
MNL001 LP174 NP7-8,MNL001,LP174,NP7-8,MNL001 LP174,Zen Tower,MANILA,3,2,BARANGAY 702,,,14.56892983,120.9869325,,,,,,,16,2018-10-25,OSP
MNL001 LP238 NP1-2,MNL001,LP238,NP1-2,MNL001 LP238,Zen Tower,MANILA,3,2,BARANGAY 702,,,14.56902397,120.987252,,,,,,,16,2019-07-04,OSP
MNL001 LP236 NP1-2,MNL001,LP236,NP1-2,MNL001 LP236,Zen Tower,MANILA,3,2,BARANGAY 702,,,14.56993192,120.9879691,,,,,,,16,2019-07-04,OSP
MNL001 LP236 NP3-4,MNL001,LP236,NP3-4,MNL001 LP236,Zen Tower,MANILA,3,2,BARANGAY 702,,,14.56979962,120.9876499,,,,,,,16,2019-07-04,OSP
MNL001 LP236 NP5-6,MNL001,LP236,NP5-6,MNL001 LP236,Zen Tower,MANILA,3,2,BARANGAY 702,,,14.57022757,120.9878015,,,,,,,16,2019-07-04,OSP
MNL001 LP236 NP7-8,MNL001,LP236,NP7-8,MNL001 LP236,Zen Tower,MANILA,3,2,BARANGAY 702,,,14.57005015,120.9874202,,,,,,,16,2019-07-04,OSP
MNL001 LP237 NP1-2,MNL001,LP237,NP1-2,MNL001 LP237,Zen Tower,MANILA,3,2,BARANGAY 702,,,14.57051935,120.9876489,,,,,,,16,2019-07-04,OSP
MNL001 LP237 NP3-4,MNL001,LP237,NP3-4,MNL001 LP237,Zen Tower,MANILA,3,2,BARANGAY 702,,,14.57020991,120.9869818,,,,,,,16,2019-07-04,OSP
MNL001 LP237 NP5-6,MNL001,LP237,NP5-6,MNL001 LP237,Zen Tower,MANILA,3,2,BARANGAY 702,,,14.570096,120.98695,,,,,,,16,2020-08-07,OSP
MNL001 LP237 NP7-8,MNL001,LP237,NP7-8,MNL001 LP237,Zen Tower,MANILA,3,2,BARANGAY 702,,,14.56966,120.987192,,,,,,,16,2020-08-07,OSP
PSY002 LP7 NP1-2,PSY002,LP7,NP1-2,PSY002 LP7,Antel,MANILA,3,2,BARANGAY 703,,,14.570748,120.991188,,,,,,,16,2016-06-26,OSP
MNL034 LP225 NP5-6,MNL034,LP225,NP5-6,MNL034 LP225,Benitez,MANILA,3,2,BARANGAY 703,,,14.57117,120.990096,,,,,,,16,2021-02-18,OSP
MNL034 LP225 NP7-8,MNL034,LP225,NP7-8,MNL034 LP225,Benitez,MANILA,3,2,BARANGAY 703,,,14.570391,120.990541,,,,,,,16,2021-02-18,OSP
MNL034 LP228 NP7-8,MNL034,LP228,NP7-8,MNL034 LP228,Benitez,MANILA,3,2,BARANGAY 703,,,14.57028,120.989808,,,,,,,16,2021-02-18,OSP
MNL048 LP4 NP3-4,MNL048,LP4,NP3-4,MNL048 LP4,One Taft Residences,MANILA,3,2,BARANGAY 703,,ONE TAFT RESIDENCES,14.571717,120.990564,,20F,TELCO ROOM,,,,16,2024-11-21,ISP
MNL048 LP2 NP1,MNL048,LP2,NP1,MNL048 LP2,One Taft Residences,MANILA,3,2,BARANGAY 703,,ONE TAFT RESIDENCES,14.571717,120.990564,,8F,TELCO ROOM,,,,8,2024-11-21,ISP
MNL048 LP1 NP3,MNL048,LP1,NP3,MNL048 LP1,One Taft Residences,MANILA,3,2,BARANGAY 703,,ONE TAFT RESIDENCES,14.571717,120.990564,,3F,TELCO ROOM,,,,8,2024-11-21,ISP
MNL048 LP7 NP5,MNL048,LP7,NP5,MNL048 LP7,One Taft Residences,MANILA,3,2,BARANGAY 703,,ONE TAFT RESIDENCES,14.571717,120.990564,,34F,TELCO ROOM,,,,8,2024-11-21,ISP
MNL048 LP9 NP2,MNL048,LP9,NP2,MNL048 LP9,One Taft Residences,MANILA,3,2,BARANGAY 703,,ONE TAFT RESIDENCES,14.571717,120.990564,,40F,TELCO ROOM,,,,8,2024-11-21,ISP
MNL048 LP2 NP3-4,MNL048,LP2,NP3-4,MNL048 LP2,One Taft Residences,MANILA,3,2,BARANGAY 703,,ONE TAFT RESIDENCES,14.571717,120.990564,,10F,TELCO ROOM,,,,16,2024-11-21,ISP
MNL048 LP3 NP2,MNL048,LP3,NP2,MNL048 LP3,One Taft Residences,MANILA,3,2,BARANGAY 703,,ONE TAFT RESIDENCES,14.571717,120.990564,,15F,TELCO ROOM,,,,8,2024-11-21,ISP
MNL048 LP3 NP5,MNL048,LP3,NP5,MNL048 LP3,One Taft Residences,MANILA,3,2,BARANGAY 703,,ONE TAFT RESIDENCES,14.571717,120.990564,,17F,TELCO ROOM,,,,8,2024-11-21,ISP
MNL048 LP1 NP2,MNL048,LP1,NP2,MNL048 LP1,One Taft Residences,MANILA,3,2,BARANGAY 703,,ONE TAFT RESIDENCES,14.571717,120.990564,,2F,TELCO ROOM,,,,8,2024-11-21,ISP
MNL048 LP2 NP2,MNL048,LP2,NP2,MNL048 LP2,One Taft Residences,MANILA,3,2,BARANGAY 703,,ONE TAFT RESIDENCES,14.571717,120.990564,,9F,TELCO ROOM,,,,8,2024-11-21,ISP
MNL048 LP6 NP5,MNL048,LP6,NP5,MNL048 LP6,One Taft Residences,MANILA,3,2,BARANGAY 703,,ONE TAFT RESIDENCES,14.571717,120.990564,,29F,TELCO ROOM,,,,8,2024-11-21,ISP
MNL048 LP8 NP5,MNL048,LP8,NP5,MNL048 LP8,One Taft Residences,MANILA,3,2,BARANGAY 703,,ONE TAFT RESIDENCES,14.571717,120.990564,,38F,TELCO ROOM,,,,8,2024-11-21,ISP
MNL048 LP1 NP4,MNL048,LP1,NP4,MNL048 LP1,One Taft Residences,MANILA,3,2,BARANGAY 703,,ONE TAFT RESIDENCES,14.571717,120.990564,,7F,TELCO ROOM,,,,8,2024-11-21,ISP
MNL048 LP8 NP1,MNL048,LP8,NP1,MNL048 LP8,One Taft Residences,MANILA,3,2,BARANGAY 703,,ONE TAFT RESIDENCES,14.571717,120.990564,,35F,TELCO ROOM,,,,8,2024-11-21,ISP
MNL048 LP1 NP1,MNL048,LP1,NP1,MNL048 LP1,One Taft Residences,MANILA,3,2,BARANGAY 703,,ONE TAFT RESIDENCES,14.571717,120.990564,,GF,TELCO ROOM,,,,8,2024-11-21,ISP
MNL048 LP3 NP3-4,MNL048,LP3,NP3-4,MNL048 LP3,One Taft Residences,MANILA,3,2,BARANGAY 703,,ONE TAFT RESIDENCES,14.571717,120.990564,,16F,TELCO ROOM,,,,16,2024-11-21,ISP
MNL048 LP8 NP2,MNL048,LP8,NP2,MNL048 LP8,One Taft Residences,MANILA,3,2,BARANGAY 703,,ONE TAFT RESIDENCES,14.571717,120.990564,,36F,TELCO ROOM,,,,8,2024-11-21,ISP
MNL048 LP5 NP2,MNL048,LP5,NP2,MNL048 LP5,One Taft Residences,MANILA,3,2,BARANGAY 703,,ONE TAFT RESIDENCES,14.571717,120.990564,,23F,TELCO ROOM,,,,8,2024-11-21,ISP
MNL048 LP7 NP2,MNL048,LP7,NP2,MNL048 LP7,One Taft Residences,MANILA,3,2,BARANGAY 703,,ONE TAFT RESIDENCES,14.571717,120.990564,,31F,TELCO ROOM,,,,8,2024-11-21,ISP
MNL048 LP6 NP1,MNL048,LP6,NP1,MNL048 LP6,One Taft Residences,MANILA,3,2,BARANGAY 703,,ONE TAFT RESIDENCES,14.571717,120.990564,,26F,TELCO ROOM,,,,8,2024-11-21,ISP
MNL048 LP2 NP5,MNL048,LP2,NP5,MNL048 LP2,One Taft Residences,MANILA,3,2,BARANGAY 703,,ONE TAFT RESIDENCES,14.571717,120.990564,,11F,TELCO ROOM,,,,8,2024-11-21,ISP
MNL048 LP5 NP1,MNL048,LP5,NP1,MNL048 LP5,One Taft Residences,MANILA,3,2,BARANGAY 703,,ONE TAFT RESIDENCES,14.571717,120.990564,,22F,TELCO ROOM,,,,8,2024-11-21,ISP
MNL048 LP5 NP3,MNL048,LP5,NP3,MNL048 LP5,One Taft Residences,MANILA,3,2,BARANGAY 703,,ONE TAFT RESIDENCES,14.571717,120.990564,,24F,TELCO ROOM,,,,8,2024-11-21,ISP
MNL048 LP4 NP1,MNL048,LP4,NP1,MNL048 LP4,One Taft Residences,MANILA,3,2,BARANGAY 703,,ONE TAFT RESIDENCES,14.571717,120.990564,,18F,TELCO ROOM,,,,8,2024-11-21,ISP
MNL048 LP7 NP3,MNL048,LP7,NP3,MNL048 LP7,One Taft Residences,MANILA,3,2,BARANGAY 703,,ONE TAFT RESIDENCES,14.571717,120.990564,,32F,TELCO ROOM,,,,8,2024-11-21,ISP
MNL048 LP9 NP3-4,MNL048,LP9,NP3-4,MNL048 LP9,One Taft Residences,MANILA,3,2,BARANGAY 703,,ONE TAFT RESIDENCES,14.571717,120.990564,,41F,TELCO ROOM,,,,16,2024-11-21,ISP
MNL048 LP4 NP2,MNL048,LP4,NP2,MNL048 LP4,One Taft Residences,MANILA,3,2,BARANGAY 703,,ONE TAFT RESIDENCES,14.571717,120.990564,,19F,TELCO ROOM,,,,8,2024-11-21,ISP
MNL048 LP7 NP1,MNL048,LP7,NP1,MNL048 LP7,One Taft Residences,MANILA,3,2,BARANGAY 703,,ONE TAFT RESIDENCES,14.571717,120.990564,,30F,TELCO ROOM,,,,8,2024-11-21,ISP
MNL048 LP6 NP3-4,MNL048,LP6,NP3-4,MNL048 LP6,One Taft Residences,MANILA,3,2,BARANGAY 703,,ONE TAFT RESIDENCES,14.571717,120.990564,,28F,TELCO ROOM,,,,16,2024-11-21,ISP
MNL048 LP8 NP3-4,MNL048,LP8,NP3-4,MNL048 LP8,One Taft Residences,MANILA,3,2,BARANGAY 703,,ONE TAFT RESIDENCES,14.571717,120.990564,,37F,TELCO ROOM,,,,16,2024-11-21,ISP
MNL048 LP7 NP4,MNL048,LP7,NP4,MNL048 LP7,One Taft Residences,MANILA,3,2,BARANGAY 703,,ONE TAFT RESIDENCES,14.571717,120.990564,,33F,TELCO ROOM,,,,8,2024-11-21,ISP
MNL048 LP9 NP1,MNL048,LP9,NP1,MNL048 LP9,One Taft Residences,MANILA,3,2,BARANGAY 703,,ONE TAFT RESIDENCES,14.571717,120.990564,,39F,TELCO ROOM,,,,8,2024-11-21,ISP
MNL048 LP5 NP4,MNL048,LP5,NP4,MNL048 LP5,One Taft Residences,MANILA,3,2,BARANGAY 703,,ONE TAFT RESIDENCES,14.571717,120.990564,,25F,TELCO ROOM,,,,8,2024-11-21,ISP
MNL048 LP3 NP1,MNL048,LP3,NP1,MNL048 LP3,One Taft Residences,MANILA,3,2,BARANGAY 703,,ONE TAFT RESIDENCES,14.571717,120.990564,,12F,TELCO ROOM,,,,8,2024-11-21,ISP
MNL048 LP6 NP2,MNL048,LP6,NP2,MNL048 LP6,One Taft Residences,MANILA,3,2,BARANGAY 703,,ONE TAFT RESIDENCES,14.571717,120.990564,,27F,TELCO ROOM,,,,8,2024-11-21,ISP
MNL048 LP4 NP5,MNL048,LP4,NP5,MNL048 LP4,One Taft Residences,MANILA,3,2,BARANGAY 703,,ONE TAFT RESIDENCES,14.571717,120.990564,,21F,TELCO ROOM,,,,8,2024-11-21,ISP
MNL048 LP9 NP5,MNL048,LP9,NP5,MNL048 LP9,One Taft Residences,MANILA,3,2,BARANGAY 703,,ONE TAFT RESIDENCES,14.571717,120.990564,,PH,TELCO ROOM,,,,8,2024-11-21,ISP
MNL034 LP234 NP3-4-5,MNL034,LP234,NP3-4-5,MNL034 LP234,Benitez,MANILA,3,2,BARANGAY 704,,,14.568439,120.987159,,,,,,,24,2021-02-18,OSP
MNL034 LP234 NP6-7-8,MNL034,LP234,NP6-7-8,MNL034 LP234,Benitez,MANILA,3,2,BARANGAY 704,,,14.568152,120.987319,,,,,,,24,2021-02-18,OSP
MNL034 LP383 NP6-8,MNL034,LP383,NP6-8,MNL034 LP383,Benitez,MANILA,3,2,BARANGAY 704,,,14.567808,120.98751,,,,,,,24,2022-05-26,OSP
MNL034 LP384 NP1-2,MNL034,LP384,NP1-2,MNL034 LP384,Benitez,MANILA,3,2,BARANGAY 704,,,14.567538,120.987654,,,,,,,16,2022-05-26,OSP
MNL034 LP384 NP3-5,MNL034,LP384,NP3-5,MNL034 LP384,Benitez,MANILA,3,2,BARANGAY 704,,,14.567538,120.987653,,,,,,,24,2022-05-26,OSP
MNL034 LP384 NP6-8,MNL034,LP384,NP6-8,MNL034 LP384,Benitez,MANILA,3,2,BARANGAY 704,,,14.567262,120.987802,,,,,,,24,2022-05-26,OSP
MNL034 LP381 NP3-5,MNL034,LP381,NP3-5,MNL034 LP381,Benitez,MANILA,3,2,BARANGAY 704,,,14.568872,120.986917,,,,,,,24,2022-05-26,OSP
MNL034 LP382 NP1-2,MNL034,LP382,NP1-2,MNL034 LP382,Benitez,MANILA,3,2,BARANGAY 704,,,14.568353,120.98722,,,,,,,16,2022-05-26,OSP
MNL034 LP382 NP3-5,MNL034,LP382,NP3-5,MNL034 LP382,Benitez,MANILA,3,2,BARANGAY 704,,,14.568353,120.98722,,,,,,,24,2022-05-26,OSP
MNL034 LP382 NP6-8,MNL034,LP382,NP6-8,MNL034 LP382,Benitez,MANILA,3,2,BARANGAY 704,,,14.56813,120.987337,,,,,,,24,2022-05-26,OSP
MNL034 LP383 NP1-2,MNL034,LP383,NP1-2,MNL034 LP383,Benitez,MANILA,3,2,BARANGAY 704,,,14.568128,120.987335,,,,,,,16,2022-05-26,OSP
MNL034 LP383 NP3-5,MNL034,LP383,NP3-5,MNL034 LP383,Benitez,MANILA,3,2,BARANGAY 704,,,14.567808,120.98751,,,,,,,24,2022-05-26,OSP
MNL001 LP256 NP1-2,MNL001,LP256,NP1-2,MNL001 LP256,Zen Tower,MANILA,3,2,BARANGAY 704,,,14.56766998,120.9880658,,,,,,,16,2019-07-04,OSP
MNL001 LP256 NP3-4,MNL001,LP256,NP3-4,MNL001 LP256,Zen Tower,MANILA,3,2,BARANGAY 704,,,14.56776999,120.9882847,,,,,,,16,2019-07-04,OSP
MNL001 LP256 NP5-6,MNL001,LP256,NP5-6,MNL001 LP256,Zen Tower,MANILA,3,2,BARANGAY 704,,,14.56789017,120.9885435,,,,,,,16,2019-07-04,OSP
MNL001 LP256 NP7-8,MNL001,LP256,NP7-8,MNL001 LP256,Zen Tower,MANILA,3,2,BARANGAY 704,,,14.56761652,120.9882995,,,,,,,16,2019-07-04,OSP
MNL001 LP238 NP3-4,MNL001,LP238,NP3-4,MNL001 LP238,Zen Tower,MANILA,3,2,BARANGAY 704,,,14.56839891,120.987709,,,,,,,16,2019-07-04,OSP
MNL001 LP238 NP5-6,MNL001,LP238,NP5-6,MNL001 LP238,Zen Tower,MANILA,3,2,BARANGAY 704,,,14.56863091,120.9881631,,,,,,,16,2019-07-04,OSP
MNL001 LP238 NP7-8,MNL001,LP238,NP7-8,MNL001 LP238,Zen Tower,MANILA,3,2,BARANGAY 704,,,14.56832952,120.9879898,,,,,,,16,2019-07-04,OSP
MNL001 LP239 NP1-2,MNL001,LP239,NP1-2,MNL001 LP239,Zen Tower,MANILA,3,2,BARANGAY 704,,,14.56842374,120.9871717,,,,,,,16,2019-07-04,OSP
MNL001 LP239 NP3-4,MNL001,LP239,NP3-4,MNL001 LP239,Zen Tower,MANILA,3,2,BARANGAY 704,,,14.56782676,120.9875119,,,,,,,16,2019-07-04,OSP
MNL001 LP239 NP5-6,MNL001,LP239,NP5-6,MNL001 LP239,Zen Tower,MANILA,3,2,BARANGAY 704,,,14.56752899,120.9876771,,,,,,,16,2019-07-04,OSP
MNL001 LP239 NP7-8,MNL001,LP239,NP7-8,MNL001 LP239,Zen Tower,MANILA,3,2,BARANGAY 704,,,14.56721153,120.9878494,,,,,,,16,2019-07-04,OSP
MNL001 LP235 NP7-8,MNL001,LP235,NP7-8,MNL001 LP235,Zen Tower,MANILA,3,2,BARANGAY 704,,,14.56715799,120.9888399,,,,,,,16,2019-07-04,OSP
MNL034 LP235 NP6-7-8,MNL034,LP235,NP6-7-8,MNL034 LP235,Benitez,MANILA,3,2,BARANGAY 705,,,14.569397,120.988767,,,,,,,24,2021-02-18,OSP
MNL034 LP375 NP6-8,MNL034,LP375,NP6-8,MNL034 LP375,Benitez,MANILA,3,2,BARANGAY 705,,,14.568156,120.988936,,,,,,,24,2022-05-26,OSP
MNL034 LP376 NP1-2,MNL034,LP376,NP1-2,MNL034 LP376,Benitez,MANILA,3,2,BARANGAY 705,,,14.568155,120.988936,,,,,,,16,2022-05-26,OSP
MNL034 LP376 NP3-5,MNL034,LP376,NP3-5,MNL034 LP376,Benitez,MANILA,3,2,BARANGAY 705,,,14.568082,120.988789,,,,,,,24,2022-05-26,OSP
MNL034 LP376 NP6-8,MNL034,LP376,NP6-8,MNL034 LP376,Benitez,MANILA,3,2,BARANGAY 705,,,14.568082,120.98879,,,,,,,24,2022-05-26,OSP
MNL001 LP235 NP3-4,MNL001,LP235,NP3-4,MNL001 LP235,Zen Tower,MANILA,3,2,BARANGAY 705,,,14.56833647,120.9892284,,,,,,,16,2019-07-04,OSP
MNL034 LP246 NP6-7-8,MNL034,LP246,NP6-7-8,MNL034 LP246,Benitez,MANILA,3,2,BARANGAY 706,,,14.568293,120.990075,,,,,,,24,2021-02-26,OSP
MNL034 LP236 NP1-2,MNL034,LP236,NP1-2,MNL034 LP236,Benitez,MANILA,3,2,BARANGAY 706,,,14.569168,120.988875,,,,,,,16,2021-02-18,OSP
MNL034 LP236 NP3-4-5,MNL034,LP236,NP3-4-5,MNL034 LP236,Benitez,MANILA,3,2,BARANGAY 706,,,14.568816,120.989037,,,,,,,24,2021-02-18,OSP
MNL034 LP236 NP6-7-8,MNL034,LP236,NP6-7-8,MNL034 LP236,Benitez,MANILA,3,2,BARANGAY 706,,,14.568388,120.989242,,,,,,,24,2021-02-18,OSP
MNL034 LP375 NP1-2,MNL034,LP375,NP1-2,MNL034 LP375,Benitez,MANILA,3,2,BARANGAY 706,,,14.567969,120.989427,,,,,,,16,2022-05-26,OSP
MNL034 LP375 NP3-5,MNL034,LP375,NP3-5,MNL034 LP375,Benitez,MANILA,3,2,BARANGAY 706,,,14.568257,120.989285,,,,,,,24,2022-05-26,OSP
MNL034 LP377 NP1-2,MNL034,LP377,NP1-2,MNL034 LP377,Benitez,MANILA,3,2,BARANGAY 706,,,14.568784,120.989035,,,,,,,16,2022-05-26,OSP
MNL034 LP377 NP3-5,MNL034,LP377,NP3-5,MNL034 LP377,Benitez,MANILA,3,2,BARANGAY 706,,,14.569181,120.988843,,,,,,,24,2022-05-26,OSP
MNL034 LP377 NP6-8,MNL034,LP377,NP6-8,MNL034 LP377,Benitez,MANILA,3,2,BARANGAY 706,,,14.568989,120.988417,,,,,,,24,2022-05-26,OSP
MNL034 LP370 NP3-5,MNL034,LP370,NP3-5,MNL034 LP370,Benitez,MANILA,3,2,BARANGAY 706,,,14.568159,120.989948,,,,,,,24,2022-05-26,OSP
MNL001 LP235 NP1-2,MNL001,LP235,NP1-2,MNL001 LP235,Zen Tower,MANILA,3,2,BARANGAY 706,,,14.56911815,120.9888664,,,,,,,16,2019-07-04,OSP
MNL001 LP235 NP5-6,MNL001,LP235,NP5-6,MNL001 LP235,Zen Tower,MANILA,3,2,BARANGAY 706,,,14.56789734,120.9894401,,,,,,,16,2019-07-04,OSP
MNL034 LP242 NP7-8,MNL034,LP242,NP7-8,MNL034 LP242,Benitez,MANILA,3,2,BARANGAY 708,,,14.566968,120.991347,,,,,,,16,2021-02-26,OSP
MNL034 LP40 NP3-4,MNL034,LP40,NP3-4,MNL034 LP40,Benitez,MANILA,3,2,BARANGAY 708,,,14.566592,120.991356,,,,,,,16,2020-02-19,OSP
MNL034 LP40 NP5-6,MNL034,LP40,NP5-6,MNL034 LP40,Benitez,MANILA,3,2,BARANGAY 708,,,14.56705,120.991456,,,,,,,16,2020-02-19,OSP
MNL034 LP369 NP1-2,MNL034,LP369,NP1-2,MNL034 LP369,Benitez,MANILA,3,2,BARANGAY 708,,,14.566975,120.991316,,,,,,,16,2022-05-26,OSP
MNL034 LP365 NP6-8,MNL034,LP365,NP6-8,MNL034 LP365,Benitez,MANILA,3,2,BARANGAY 708,,,14.567263,120.992078,,,,,,,24,2022-05-26,OSP
MNL034 LP366 NP1-2,MNL034,LP366,NP1-2,MNL034 LP366,Benitez,MANILA,3,2,BARANGAY 708,,,14.566686,120.991482,,,,,,,16,2022-05-26,OSP
MNL001 LP191 NP7-8,MNL001,LP191,NP7-8,MNL001 LP191,Zen Tower,MANILA,3,2,BARANGAY 708,,,14.56727048,120.9920621,,,,,,,16,2019-04-30,OSP
MNL001 LP192 NP7-8,MNL001,LP192,NP7-8,MNL001 LP192,Zen Tower,MANILA,3,2,BARANGAY 708,,,14.56665347,120.991508,,,,,,,16,2019-04-30,OSP
PSY002 LP6 NP5-6,PSY002,LP6,NP5-6,PSY002 LP6,Antel,MANILA,3,2,BARANGAY 709,,,14.566232,120.993316,,,,,,,16,2016-06-26,OSP
PSY002 LP6 NP7-8,PSY002,LP6,NP7-8,PSY002 LP6,Antel,MANILA,3,2,BARANGAY 709,,,14.568731,120.992271,,,,,,,16,2016-06-26,OSP
MNL034 LP241 NP1-2,MNL034,LP241,NP1-2,MNL034 LP241,Benitez,MANILA,3,2,BARANGAY 709,,,14.56936,120.991249,,,,,,,16,2021-02-26,OSP
MNL034 LP241 NP3-4,MNL034,LP241,NP3-4,MNL034 LP241,Benitez,MANILA,3,2,BARANGAY 709,,,14.5691,120.991353,,,,,,,16,2021-02-26,OSP
MNL034 LP242 NP3-4,MNL034,LP242,NP3-4,MNL034 LP242,Benitez,MANILA,3,2,BARANGAY 709,,,14.567625,120.991958,,,,,,,16,2021-02-26,OSP
MNL034 LP242 NP5-6,MNL034,LP242,NP5-6,MNL034 LP242,Benitez,MANILA,3,2,BARANGAY 709,,,14.567274,120.992111,,,,,,,16,2021-02-26,OSP
MNL034 LP364 NP1-2,MNL034,LP364,NP1-2,MNL034 LP364,Benitez,MANILA,3,2,BARANGAY 709,,,14.569906,120.991633,,,,,,,16,2022-05-26,OSP
MNL034 LP364 NP3-5,MNL034,LP364,NP3-5,MNL034 LP364,Benitez,MANILA,3,2,BARANGAY 709,,,14.568947,120.9921,,,,,,,24,2022-05-26,OSP
MNL034 LP364 NP6-8,MNL034,LP364,NP6-8,MNL034 LP364,Benitez,MANILA,3,2,BARANGAY 709,,,14.567666,120.992739,,,,,,,24,2022-05-26,OSP
MNL001 LP191 NP1-2,MNL001,LP191,NP1-2,MNL001 LP191,Zen Tower,MANILA,3,2,BARANGAY 709,,,14.56962213,120.9911898,,,,,,,16,2019-04-30,OSP
MNL001 LP191 NP5-6,MNL001,LP191,NP5-6,MNL001 LP191,Zen Tower,MANILA,3,2,BARANGAY 709,,,14.56800462,120.9917521,,,,,,,16,2019-04-30,OSP
MNL001 LP95 NP5-6,MNL001,LP95,NP5-6,MNL001 LP95,Zen Tower,MANILA,3,2,BARANGAY 709,,EGI TAFT TOWER,14.566077,120.993132,,24F,TTC ROOM,MNL120P,,,,2017-06-04,ISP
MNL001 LP92 NP1-2,MNL001,LP92,NP1-2,MNL001 LP92,Zen Tower,MANILA,3,2,BARANGAY 709,,EGI TAFT TOWER,14.566077,120.993132,MNL120P,9F,TTC ROOM,,,,,2017-06-04,ISP
MNL001 LP91 NP6,MNL001,LP91,NP6,MNL001 LP91,Zen Tower,MANILA,3,2,BARANGAY 709,,EGI TAFT TOWER,14.566077,120.993132,MNL120P,8F,TTC ROOM,,,,,2017-06-04,ISP
MNL001 LP95 NP7-8,MNL001,LP95,NP7-8,MNL001 LP95,Zen Tower,MANILA,3,2,BARANGAY 709,,EGI TAFT TOWER,14.566077,120.993132,MNL120P,25F,TTC ROOM,,,,,2017-06-04,ISP
MNL001 LP91 NP5,MNL001,LP91,NP5,MNL001 LP91,Zen Tower,MANILA,3,2,BARANGAY 709,,EGI TAFT TOWER,14.566077,120.993132,,7F,TTC ROOM,MNL120P,,,,2017-06-04,ISP
MNL001 LP93 NP1-2,MNL001,LP93,NP1-2,MNL001 LP93,Zen Tower,MANILA,3,2,BARANGAY 709,,EGI TAFT TOWER,14.566077,120.993132,MNL120P,14F,TTC ROOM,,,,,2017-06-04,ISP
MNL001 LP94 NP5-6,MNL001,LP94,NP5-6,MNL001 LP94,Zen Tower,MANILA,3,2,BARANGAY 709,,EGI TAFT TOWER,14.566077,120.993132,MNL120P,20F,TTC ROOM,,,,,2017-06-04,ISP
MNL001 LP94 NP3-4,MNL001,LP94,NP3-4,MNL001 LP94,Zen Tower,MANILA,3,2,BARANGAY 709,,EGI TAFT TOWER,14.566077,120.993132,MNL120P,19F,TTC ROOM,,,,,2017-06-04,ISP
MNL001 LP94 NP1-2,MNL001,LP94,NP1-2,MNL001 LP94,Zen Tower,MANILA,3,2,BARANGAY 709,,EGI TAFT TOWER,14.566077,120.993132,MNL120P,18F,TTC ROOM,,,,,2017-06-04,ISP
MNL001 LP91 NP2,MNL001,LP91,NP2,MNL001 LP91,Zen Tower,MANILA,3,2,BARANGAY 709,,EGI TAFT TOWER,14.566077,120.993132,MNL120P,3F,TTC ROOM,,,,,2017-06-04,ISP
MNL001 LP93 NP7-8,MNL001,LP93,NP7-8,MNL001 LP93,Zen Tower,MANILA,3,2,BARANGAY 709,,EGI TAFT TOWER,14.566077,120.993132,MNL120P,17F,TTC ROOM,,,,,2017-06-04,ISP
MNL001 LP91 NP3,MNL001,LP91,NP3,MNL001 LP91,Zen Tower,MANILA,3,2,BARANGAY 709,,EGI TAFT TOWER,14.566077,120.993132,MNL120P,3F,TTC ROOM,,,,,2017-06-04,ISP
MNL001 LP96 NP5-6,MNL001,LP96,NP5-6,MNL001 LP96,Zen Tower,MANILA,3,2,BARANGAY 709,,EGI TAFT TOWER,14.566077,120.993132,MNL120P,28F,TTC ROOM,,,,,2017-06-04,ISP
MNL001 LP95 NP1-2,MNL001,LP95,NP1-2,MNL001 LP95,Zen Tower,MANILA,3,2,BARANGAY 709,,EGI TAFT TOWER,14.566077,120.993132,MNL120P,22F,TTC ROOM,,,,,2017-06-04,ISP
MNL001 LP96 NP7-8,MNL001,LP96,NP7-8,MNL001 LP96,Zen Tower,MANILA,3,2,BARANGAY 709,,EGI TAFT TOWER,14.566077,120.993132,MNL120P,28F,TTC ROOM,,,,,2017-06-04,ISP
MNL001 LP96 NP3-4,MNL001,LP96,NP3-4,MNL001 LP96,Zen Tower,MANILA,3,2,BARANGAY 709,,EGI TAFT TOWER,14.566077,120.993132,MNL120P,27F,TTC ROOM,,,,,2017-06-04,ISP
MNL001 LP94 NP7-8,MNL001,LP94,NP7-8,MNL001 LP94,Zen Tower,MANILA,3,2,BARANGAY 709,,EGI TAFT TOWER,14.566077,120.993132,,21F,TTC ROOM,MNL120P,,,,2017-06-04,ISP
MNL001 LP92 NP3-4,MNL001,LP92,NP3-4,MNL001 LP92,Zen Tower,MANILA,3,2,BARANGAY 709,,EGI TAFT TOWER,14.566077,120.993132,MNL120P,10F,TTC ROOM,,,,,2017-06-04,ISP
MNL001 LP91 NP4,MNL001,LP91,NP4,MNL001 LP91,Zen Tower,MANILA,3,2,BARANGAY 709,,EGI TAFT TOWER,14.566077,120.993132,MNL120P,6F,TTC ROOM,,,,,2017-06-04,ISP
MNL001 LP93 NP5-6,MNL001,LP93,NP5-6,MNL001 LP93,Zen Tower,MANILA,3,2,BARANGAY 709,,EGI TAFT TOWER,14.566077,120.993132,MNL120P,16F,TTC ROOM,,,,,2017-06-04,ISP
MNL001 LP91 NP1,MNL001,LP91,NP1,MNL001 LP91,Zen Tower,MANILA,3,2,BARANGAY 709,,EGI TAFT TOWER,14.566077,120.993132,MNL120P,3F,TTC ROOM,,,,,2017-06-04,ISP
MNL001 LP96 NP1-2,MNL001,LP96,NP1-2,MNL001 LP96,Zen Tower,MANILA,3,2,BARANGAY 709,,EGI TAFT TOWER,14.566077,120.993132,MNL120P,26F,TTC ROOM,,,,,2017-06-04,ISP
MNL001 LP95 NP3-4,MNL001,LP95,NP3-4,MNL001 LP95,Zen Tower,MANILA,3,2,BARANGAY 709,,EGI TAFT TOWER,14.566077,120.993132,MNL120P,23F,TTC ROOM,,,,,2017-06-04,ISP
MNL001 LP92 NP7-8,MNL001,LP92,NP7-8,MNL001 LP92,Zen Tower,MANILA,3,2,BARANGAY 709,,EGI TAFT TOWER,14.566077,120.993132,MNL120P,12F,TTC ROOM,,,,,2017-06-04,ISP
MNL001 LP93 NP3-4,MNL001,LP93,NP3-4,MNL001 LP93,Zen Tower,MANILA,3,2,BARANGAY 709,,EGI TAFT TOWER,14.566077,120.993132,,15F,TTC ROOM,MNL120P,,,,2017-06-04,ISP
MNL001 LP92 NP5-6,MNL001,LP92,NP5-6,MNL001 LP92,Zen Tower,MANILA,3,2,BARANGAY 709,,EGI TAFT TOWER,14.566077,120.993132,MNL120P,11F,TTC ROOM,,,,,2017-06-04,ISP
MNL034 LP247 NP1-2,MNL034,LP247,NP1-2,MNL034 LP247,Benitez,MANILA,3,2,BARANGAY 710,,,14.568031,120.989883,,,,,,,16,2021-02-26,OSP
MNL034 LP247 NP3-4-5,MNL034,LP247,NP3-4-5,MNL034 LP247,Benitez,MANILA,3,2,BARANGAY 710,,,14.567712,120.990043,,,,,,,24,2021-02-26,OSP
MNL034 LP247 NP6-7-8,MNL034,LP247,NP6-7-8,MNL034 LP247,Benitez,MANILA,3,2,BARANGAY 710,,,14.567199,120.990292,,,,,,,24,2021-02-26,OSP
MNL034 LP248 NP1-2,MNL034,LP248,NP1-2,MNL034 LP248,Benitez,MANILA,3,2,BARANGAY 710,,,14.567546,120.989629,,,,,,,16,2021-02-26,OSP
MNL034 LP249 NP1-2,MNL034,LP249,NP1-2,MNL034 LP249,Benitez,MANILA,3,2,BARANGAY 710,,,14.567251,120.98978,,,,,,,16,2021-02-26,OSP
MNL034 LP249 NP3-4-5,MNL034,LP249,NP3-4-5,MNL034 LP249,Benitez,MANILA,3,2,BARANGAY 710,,,14.566852,120.990061,,,,,,,24,2021-02-26,OSP
MNL034 LP38 NP1-2,MNL034,LP38,NP1-2,MNL034 LP38,Benitez,MANILA,3,2,BARANGAY 710,,,14.567999,120.989847,,,,,,,16,2020-02-19,OSP
MNL034 LP38 NP3-4,MNL034,LP38,NP3-4,MNL034 LP38,Benitez,MANILA,3,2,BARANGAY 710,,,14.567487,120.990161,,,,,,,16,2020-02-19,OSP
MNL034 LP38 NP5-6,MNL034,LP38,NP5-6,MNL034 LP38,Benitez,MANILA,3,2,BARANGAY 710,,,14.566986,120.990351,,,,,,,16,2020-02-19,OSP
MNL034 LP370 NP6-8,MNL034,LP370,NP6-8,MNL034 LP370,Benitez,MANILA,3,2,BARANGAY 710,,,14.567818,120.989949,,,,,,,24,2022-05-26,OSP
MNL034 LP371 NP1-2,MNL034,LP371,NP1-2,MNL034 LP371,Benitez,MANILA,3,2,BARANGAY 710,,,14.567341,120.990211,,,,,,,16,2022-05-26,OSP
MNL034 LP371 NP3-5,MNL034,LP371,NP3-5,MNL034 LP371,Benitez,MANILA,3,2,BARANGAY 710,,,14.567337,120.990212,,,,,,,24,2022-05-26,OSP
MNL034 LP371 NP6-8,MNL034,LP371,NP6-8,MNL034 LP371,Benitez,MANILA,3,2,BARANGAY 710,,,14.566963,120.990339,,,,,,,24,2022-05-26,OSP
MNL034 LP373 NP1-2,MNL034,LP373,NP1-2,MNL034 LP373,Benitez,MANILA,3,2,BARANGAY 710,,,14.567682,120.989571,,,,,,,16,2022-05-26,OSP
MNL034 LP373 NP3-5,MNL034,LP373,NP3-5,MNL034 LP373,Benitez,MANILA,3,2,BARANGAY 710,,,14.566836,120.990031,,,,,,,24,2022-05-26,OSP
MNL001 LP193 NP1-2,MNL001,LP193,NP1-2,MNL001 LP193,Zen Tower,MANILA,3,2,BARANGAY 710,,,14.56760102,120.989585,,,,,,,16,2019-04-30,OSP
MNL001 LP193 NP3-4,MNL001,LP193,NP3-4,MNL001 LP193,Zen Tower,MANILA,3,2,BARANGAY 710,,,14.56685269,120.9900687,,,,,,,16,2019-04-30,OSP