Box Name,OLT,LCP,NAP,LCP Name,Node Name,Municipality,Cluster,Sector,Barangay,Subdivision,Building Name,Latitude,Longitude,Parent Site,Parent Floor,Parent Room,Additional Details,Remarks,Landmark,Capacity,Installation Date,OSP / ISP
MNL003 LP461 NP5-6,MNL003,LP461,NP5-6,MNL003 LP461,City Square,MANILA,3,1,BARANGAY 146,,,14.633424,120.96768,,,,,,,16,2019-11-20,OSP
MNL003 LP461 NP7-8,MNL003,LP461,NP7-8,MNL003 LP461,City Square,MANILA,3,1,BARANGAY 146,,,14.634298,120.967284,,,,,,,16,2019-11-20,OSP
MNL003 LP462 NP1-2,MNL003,LP462,NP1-2,MNL003 LP462,City Square,MANILA,3,1,BARANGAY 146,,,14.632855,120.967928,,,,,,,16,2019-11-20,OSP
MNL003 LP463 NP5-6,MNL003,LP463,NP5-6,MNL003 LP463,City Square,MANILA,3,1,BARANGAY 146,,,14.633003,120.968169,,,,,,,16,2019-11-20,OSP
MNL003 LP463 NP7-8,MNL003,LP463,NP7-8,MNL003 LP463,City Square,MANILA,3,1,BARANGAY 146,,,14.634067,120.967693,,,,,,,16,2019-11-20,OSP
MNL003 LP464 NP1-2,MNL003,LP464,NP1-2,MNL003 LP464,City Square,MANILA,3,1,BARANGAY 146,,,14.633522,120.967941,,,,,,,16,2019-11-20,OSP
MNL003 LP464 NP3-4,MNL003,LP464,NP3-4,MNL003 LP464,City Square,MANILA,3,1,BARANGAY 146,,,14.633634,120.96819,,,,,,,16,2019-11-20,OSP
MNL003 LP464 NP5-6,MNL003,LP464,NP5-6,MNL003 LP464,City Square,MANILA,3,1,BARANGAY 146,,,14.632718,120.968613,,,,,,,16,2019-11-20,OSP
MNL003 LP464 NP7-8,MNL003,LP464,NP7-8,MNL003 LP464,City Square,MANILA,3,1,BARANGAY 146,,,14.634555,120.967811,,,,,,,16,2019-11-20,OSP
MNL003 LP460 NP7-8,MNL003,LP460,NP7-8,MNL003 LP460,City Square,MANILA,3,1,BARANGAY 146,,,14.63274,120.967653,,,,,,,16,2019-11-20,OSP
MNL003 LP461 NP1-2,MNL003,LP461,NP1-2,MNL003 LP461,City Square,MANILA,3,1,BARANGAY 146,,,14.633287,120.967411,,,,,,,16,2019-11-20,OSP
MNL003 LP85 NP7-8,MNL003,LP85,NP7-8,MNL003 LP85,City Square,MANILA,3,1,BARANGAY 146,,,14.63273547,120.9686563,,,,,,,16,2018-11-11,OSP
MNL003 LP86 NP1-2,MNL003,LP86,NP1-2,MNL003 LP86,City Square,MANILA,3,1,BARANGAY 146,,,14.63250222,120.9681263,,,,,,,16,2018-11-11,OSP
MNL045 LP585 NP3-5,MNL045,LP585,NP3-5,MNL045 LP585,Radial Road 10,MANILA,3,1,BARANGAY 146,,,14.632858,120.968923,,,,,,,24,2022-02-14,OSP
MNL045 LP585 NP6-8,MNL045,LP585,NP6-8,MNL045 LP585,Radial Road 10,MANILA,3,1,BARANGAY 146,,,14.632745,120.968655,,,,,,,24,2022-02-14,OSP
MNL045 LP586 NP1-2,MNL045,LP586,NP1-2,MNL045 LP586,Radial Road 10,MANILA,3,1,BARANGAY 146,,,14.632615,120.968351,,,,,,,16,2022-02-14,OSP
MNL045 LP586 NP3-5,MNL045,LP586,NP3-5,MNL045 LP586,Radial Road 10,MANILA,3,1,BARANGAY 146,,,14.632514,120.968121,,,,,,,24,2022-02-14,OSP
MNL045 LP586 NP6-8,MNL045,LP586,NP6-8,MNL045 LP586,Radial Road 10,MANILA,3,1,BARANGAY 146,,,14.632398,120.967856,,,,,,,24,2022-02-14,OSP
MNL045 LP580 NP1-2,MNL045,LP580,NP1-2,MNL045 LP580,Radial Road 10,MANILA,3,1,BARANGAY 146,,,14.634426,120.968157,,,,,,,16,2022-02-14,OSP
MNL045 LP582 NP1-2,MNL045,LP582,NP1-2,MNL045 LP582,Radial Road 10,MANILA,3,1,BARANGAY 146,,,14.634018,120.968238,,,,,,,16,2022-02-14,OSP
MNL045 LP575 NP1-2,MNL045,LP575,NP1-2,MNL045 LP575,Radial Road 10,MANILA,3,1,BARANGAY 146,,,14.633539,120.967925,,,,,,,16,2022-02-14,OSP
MNL045 LP575 NP3-5,MNL045,LP575,NP3-5,MNL045 LP575,Radial Road 10,MANILA,3,1,BARANGAY 146,,,14.633837,120.967776,,,,,,,24,2022-02-14,OSP
MNL045 LP575 NP6-8,MNL045,LP575,NP6-8,MNL045 LP575,Radial Road 10,MANILA,3,1,BARANGAY 146,,,14.633836,120.96779,,,,,,,24,2022-02-14,OSP
MNL045 LP576 NP1-2,MNL045,LP576,NP1-2,MNL045 LP576,Radial Road 10,MANILA,3,1,BARANGAY 146,,,14.634165,120.967617,,,,,,,16,2022-02-14,OSP
MNL045 LP576 NP3-5,MNL045,LP576,NP3-5,MNL045 LP576,Radial Road 10,MANILA,3,1,BARANGAY 146,,,14.634332,120.967542,,,,,,,24,2022-02-14,OSP
MNL045 LP576 NP6-8,MNL045,LP576,NP6-8,MNL045 LP576,Radial Road 10,MANILA,3,1,BARANGAY 146,,,14.634334,120.967533,,,,,,,24,2022-02-14,OSP
MNL045 LP577 NP1-2,MNL045,LP577,NP1-2,MNL045 LP577,Radial Road 10,MANILA,3,1,BARANGAY 146,,,14.633648,120.968193,,,,,,,16,2022-02-14,OSP
MNL045 LP577 NP3-5,MNL045,LP577,NP3-5,MNL045 LP577,Radial Road 10,MANILA,3,1,BARANGAY 146,,,14.634218,120.967943,,,,,,,24,2022-02-14,OSP
MNL045 LP577 NP6-8,MNL045,LP577,NP6-8,MNL045 LP577,Radial Road 10,MANILA,3,1,BARANGAY 146,,,14.634213,120.967952,,,,,,,24,2022-02-14,OSP
MNL045 LP578 NP1-2,MNL045,LP578,NP1-2,MNL045 LP578,Radial Road 10,MANILA,3,1,BARANGAY 146,,,14.634413,120.967866,,,,,,,16,2022-02-14,OSP
MNL045 LP578 NP3-5,MNL045,LP578,NP3-5,MNL045 LP578,Radial Road 10,MANILA,3,1,BARANGAY 146,,,14.634404,120.967867,,,,,,,24,2022-02-14,OSP
MNL045 LP579 NP1-2,MNL045,LP579,NP1-2,MNL045 LP579,Radial Road 10,MANILA,3,1,BARANGAY 146,,,14.633762,120.968445,,,,,,,16,2022-02-14,OSP
MNL045 LP579 NP3-5,MNL045,LP579,NP3-5,MNL045 LP579,Radial Road 10,MANILA,3,1,BARANGAY 146,,,14.633761,120.96844,,,,,,,24,2022-02-14,OSP
MNL045 LP579 NP6-8,MNL045,LP579,NP6-8,MNL045 LP579,Radial Road 10,MANILA,3,1,BARANGAY 146,,,14.634123,120.968282,,,,,,,24,2022-02-14,OSP
MNL045 LP571 NP1-2,MNL045,LP571,NP1-2,MNL045 LP571,Radial Road 10,MANILA,3,1,BARANGAY 146,,,14.633313,120.967427,,,,,,,16,2022-02-14,OSP
MNL045 LP571 NP3-5,MNL045,LP571,NP3-5,MNL045 LP571,Radial Road 10,MANILA,3,1,BARANGAY 146,,,14.633501,120.967345,,,,,,,24,2022-02-14,OSP
MNL045 LP571 NP6-8,MNL045,LP571,NP6-8,MNL045 LP571,Radial Road 10,MANILA,3,1,BARANGAY 146,,,14.633948,120.967143,,,,,,,24,2022-02-14,OSP
MNL045 LP572 NP1-2,MNL045,LP572,NP1-2,MNL045 LP572,Radial Road 10,MANILA,3,1,BARANGAY 146,,,14.633944,120.967147,,,,,,,16,2022-02-14,OSP
MNL045 LP572 NP3-5,MNL045,LP572,NP3-5,MNL045 LP572,Radial Road 10,MANILA,3,1,BARANGAY 146,,,14.634202,120.966967,,,,,,,24,2022-02-14,OSP
MNL045 LP572 NP6-8,MNL045,LP572,NP6-8,MNL045 LP572,Radial Road 10,MANILA,3,1,BARANGAY 146,,,14.634211,120.966966,,,,,,,24,2022-02-14,OSP
MNL045 LP573 NP1-2,MNL045,LP573,NP1-2,MNL045 LP573,Radial Road 10,MANILA,3,1,BARANGAY 146,,,14.633439,120.967699,,,,,,,16,2022-02-14,OSP
MNL045 LP573 NP3-5,MNL045,LP573,NP3-5,MNL045 LP573,Radial Road 10,MANILA,3,1,BARANGAY 146,,,14.633724,120.96753,,,,,,,24,2022-02-14,OSP
MNL045 LP573 NP6-8,MNL045,LP573,NP6-8,MNL045 LP573,Radial Road 10,MANILA,3,1,BARANGAY 146,,,14.633731,120.967522,,,,,,,24,2022-02-14,OSP
MNL045 LP574 NP1-2,MNL045,LP574,NP1-2,MNL045 LP574,Radial Road 10,MANILA,3,1,BARANGAY 146,,,14.633999,120.967442,,,,,,,16,2022-02-14,OSP
MNL045 LP574 NP3-5,MNL045,LP574,NP3-5,MNL045 LP574,Radial Road 10,MANILA,3,1,BARANGAY 146,,,14.634008,120.96744,,,,,,,24,2022-02-14,OSP
MNL045 LP574 NP6-8,MNL045,LP574,NP6-8,MNL045 LP574,Radial Road 10,MANILA,3,1,BARANGAY 146,,,14.634341,120.967287,,,,,,,24,2022-02-14,OSP
MNL003 LP27 NP2,MNL003,LP27,NP2,MNL003 LP27,City Square,MANILA,3,1,BARANGAY 147,,,14.621719,120.97213,,,,,,,8,2017-11-27,OSP
MNL036 LP141 NP7-8,MNL036,LP141,NP7-8,MNL036 LP141,Juan Luna/ Solis,MANILA,3,1,BARANGAY 147,,,14.621209,120.971841,,,,,,,16,2020-11-28,OSP
MNL036 LP234 NP1-2,MNL036,LP234,NP1-2,MNL036 LP234,Juan Luna/ Solis,MANILA,3,1,BARANGAY 147,,,14.621802,120.972055,,,,,,,16,2022-05-10,OSP
MNL036 LP234 NP3-5,MNL036,LP234,NP3-5,MNL036 LP234,Juan Luna/ Solis,MANILA,3,1,BARANGAY 147,,,14.621487,120.971939,,,,,,,24,2022-05-10,OSP
MNL036 LP234 NP6-8,MNL036,LP234,NP6-8,MNL036 LP234,Juan Luna/ Solis,MANILA,3,1,BARANGAY 147,,,14.62149,120.971935,,,,,,,24,2022-05-10,OSP
MNL036 LP10 NP7-8,MNL036,LP10,NP7-8,MNL036 LP10,Juan Luna/ Solis,MANILA,3,1,BARANGAY 147,,,14.621993,120.972119,,,,,,,16,2020-07-30,OSP
MNL036 LP197 NP6-8,MNL036,LP197,NP6-8,MNL036 LP197,Juan Luna/ Solis,MANILA,3,1,BARANGAY 147,,,14.621991,120.972119,,,,,,,24,2022-05-10,OSP
MNL003 LP27 NP3,MNL003,LP27,NP3,MNL003 LP27,City Square,MANILA,3,1,BARANGAY 148,,,14.622253,120.972139,,,,,,,8,2017-11-27,OSP
MNL003 LP27 NP4,MNL003,LP27,NP4,MNL003 LP27,City Square,MANILA,3,1,BARANGAY 148,,,14.623138,120.970375,,,,,,,8,2017-11-27,OSP
MNL003 LP27 NP8,MNL003,LP27,NP8,MNL003 LP27,City Square,MANILA,3,1,BARANGAY 148,,,14.622709,120.970988,,,,,,,8,2016-07-28,OSP
MNL003 LP383 NP1-2,MNL003,LP383,NP1-2,MNL003 LP383,City Square,MANILA,3,1,BARANGAY 148,,,14.62570921,120.9674401,,,,,,,16,2019-06-16,OSP
MNL003 LP58 NP5-6,MNL003,LP58,NP5-6,MNL003 LP58,City Square,MANILA,3,1,BARANGAY 148,,,14.62499,120.967318,,,,,,,16,2018-07-18,OSP
MNL003 LP58 NP7-8,MNL003,LP58,NP7-8,MNL003 LP58,City Square,MANILA,3,1,BARANGAY 148,,,14.625469,120.966954,,,,,,,16,2018-07-18,OSP
MNL003 LP58 NP1-2,MNL003,LP58,NP1-2,MNL003 LP58,City Square,MANILA,3,1,BARANGAY 148,,,14.625448,120.967919,,,,,,,16,2018-07-18,OSP
MNL003 LP58 NP3-4,MNL003,LP58,NP3-4,MNL003 LP58,City Square,MANILA,3,1,BARANGAY 148,,,14.625266,120.9677,,,,,,,16,2018-07-18,OSP
VAL001 LP27 NP5-6,VAL001,LP27,NP5-6,VAL001 LP27,Gotaco,MANILA,3,1,BARANGAY 148,,,14.622176,120.972259,,,,,,,16,2016-03-07,OSP
MNL036 LP141 NP5-6,MNL036,LP141,NP5-6,MNL036 LP141,Juan Luna/ Solis,MANILA,3,1,BARANGAY 148,,,14.622877,120.97243,,,,,,,16,2020-11-28,OSP
MNL036 LP9 NP1-2,MNL036,LP9,NP1-2,MNL036 LP9,Juan Luna/ Solis,MANILA,3,1,BARANGAY 148,,,14.62584,120.966729,,,,,,,16,2020-07-30,OSP
MNL036 LP120 NP7-8,MNL036,LP120,NP7-8,MNL036 LP120,Juan Luna/ Solis,MANILA,3,1,BARANGAY 148,,,14.623281,120.97289,,,,,,,16,2020-11-28,OSP
MNL036 LP244 NP1-2,MNL036,LP244,NP1-2,MNL036 LP244,Juan Luna/ Solis,MANILA,3,1,BARANGAY 148,,,14.622718,120.971176,,,,,,,16,2022-05-10,OSP
MNL036 LP244 NP3-5,MNL036,LP244,NP3-5,MNL036 LP244,Juan Luna/ Solis,MANILA,3,1,BARANGAY 148,,,14.624238,120.968015,,,,,,,24,2022-05-10,OSP
MNL036 LP244 NP6-8,MNL036,LP244,NP6-8,MNL036 LP244,Juan Luna/ Solis,MANILA,3,1,BARANGAY 148,,,14.625028,120.967315,,,,,,,24,2022-05-10,OSP
MNL036 LP245 NP1-2,MNL036,LP245,NP1-2,MNL036 LP245,Juan Luna/ Solis,MANILA,3,1,BARANGAY 148,,,14.625187,120.967546,,,,,,,16,2022-05-10,OSP
MNL036 LP245 NP3-5,MNL036,LP245,NP3-5,MNL036 LP245,Juan Luna/ Solis,MANILA,3,1,BARANGAY 148,,,14.625578,120.967238,,,,,,,24,2022-05-10,OSP
MNL036 LP245 NP6-8,MNL036,LP245,NP6-8,MNL036 LP245,Juan Luna/ Solis,MANILA,3,1,BARANGAY 148,,,14.625718,120.967438,,,,,,,24,2022-05-10,OSP
MNL036 LP246 NP1-2,MNL036,LP246,NP1-2,MNL036 LP246,Juan Luna/ Solis,MANILA,3,1,BARANGAY 148,,,14.625419,120.967007,,,,,,,16,2022-05-10,OSP
MNL036 LP246 NP3-5,MNL036,LP246,NP3-5,MNL036 LP246,Juan Luna/ Solis,MANILA,3,1,BARANGAY 148,,,14.626127,120.967097,,,,,,,24,2022-05-10,OSP
MNL036 LP246 NP6-8,MNL036,LP246,NP6-8,MNL036 LP246,Juan Luna/ Solis,MANILA,3,1,BARANGAY 148,,,14.626419,120.966895,,,,,,,24,2022-05-10,OSP
MNL036 LP10 NP5-6,MNL036,LP10,NP5-6,MNL036 LP10,Juan Luna/ Solis,MANILA,3,1,BARANGAY 148,,,14.623573,120.972609,,,,,,,16,2020-07-30,OSP
MNL036 LP220 NP1-2,MNL036,LP220,NP1-2,MNL036 LP220,Juan Luna/ Solis,MANILA,3,1,BARANGAY 148,,,14.623138,120.972579,,,,,,,16,2022-05-10,OSP
MNL036 LP220 NP3-5,MNL036,LP220,NP3-5,MNL036 LP220,Juan Luna/ Solis,MANILA,3,1,BARANGAY 148,,,14.623137,120.97258,,,,,,,24,2022-05-10,OSP
MNL036 LP221 NP3-5,MNL036,LP221,NP3-5,MNL036 LP221,Juan Luna/ Solis,MANILA,3,1,BARANGAY 148,,,14.622493,120.972407,,,,,,,24,2022-05-10,OSP
MNL036 LP221 NP6-8,MNL036,LP221,NP6-8,MNL036 LP221,Juan Luna/ Solis,MANILA,3,1,BARANGAY 148,,,14.622492,120.972408,,,,,,,24,2022-05-10,OSP
MNL036 LP217 NP3-5,MNL036,LP217,NP3-5,MNL036 LP217,Juan Luna/ Solis,MANILA,3,1,BARANGAY 148,,,14.62382,120.972758,,,,,,,24,2022-05-10,OSP
MNL036 LP217 NP6-8,MNL036,LP217,NP6-8,MNL036 LP217,Juan Luna/ Solis,MANILA,3,1,BARANGAY 148,,,14.623816,120.972755,,,,,,,24,2022-05-10,OSP
MNL036 LP218 NP6-8,MNL036,LP218,NP6-8,MNL036 LP218,Juan Luna/ Solis,MANILA,3,1,BARANGAY 148,,,14.623565,120.972693,,,,,,,24,2022-05-10,OSP
MNL036 LP219 NP1-2,MNL036,LP219,NP1-2,MNL036 LP219,Juan Luna/ Solis,MANILA,3,1,BARANGAY 148,,,14.623565,120.972695,,,,,,,16,2022-05-10,OSP
MNL036 LP219 NP3-5,MNL036,LP219,NP3-5,MNL036 LP219,Juan Luna/ Solis,MANILA,3,1,BARANGAY 148,,,14.623349,120.972637,,,,,,,24,2022-05-10,OSP
MNL036 LP219 NP6-8,MNL036,LP219,NP6-8,MNL036 LP219,Juan Luna/ Solis,MANILA,3,1,BARANGAY 148,,,14.623345,120.972634,,,,,,,24,2022-05-10,OSP
MNL036 LP196 NP6-8,MNL036,LP196,NP6-8,MNL036 LP196,Juan Luna/ Solis,MANILA,3,1,BARANGAY 148,,,14.62332,120.972504,,,,,,,24,2022-05-10,OSP
MNL036 LP197 NP1-2,MNL036,LP197,NP1-2,MNL036 LP197,Juan Luna/ Solis,MANILA,3,1,BARANGAY 148,,,14.622911,120.97239,,,,,,,16,2022-05-10,OSP
MNL036 LP197 NP3-5,MNL036,LP197,NP3-5,MNL036 LP197,Juan Luna/ Solis,MANILA,3,1,BARANGAY 148,,,14.622456,120.972269,,,,,,,24,2022-05-10,OSP
MNL036 LP3 NP7-8,MNL036,LP3,NP7-8,MNL036 LP3,Juan Luna/ Solis,MANILA,3,1,BARANGAY 148,,,14.624659,120.96915,,,,,,,16,2020-07-30,OSP
MNL036 LP189 NP5-6,MNL036,LP189,NP5-6,MNL036 LP189,Juan Luna/ Solis,MANILA,3,1,BARANGAY 148,,,14.625889,120.967598,,,,,,,16,2021-04-18,OSP
MNL036 LP320 NP5-6,MNL036,LP320,NP5-6,MNL036 LP320,Juan Luna/ Solis,MANILA,3,1,BARANGAY 148,,,14.62451281,120.9685896,,,,,,"HOUSE # 2217 ALCALDE ST., TONDO 2 MANILA (NEAR ALCALDE CHAPEL)",16,2024-12-18,OSP
MNL036 LP320 NP7-8,MNL036,LP320,NP7-8,MNL036 LP320,Juan Luna/ Solis,MANILA,3,1,BARANGAY 148,,,14.62452787,120.9680948,,,,,,"HOUSE # 2214 DALAGA ST., TONDO 2 MANILA",16,2024-12-18,OSP
MNL036 LP172 NP5-6-7,MNL036,LP172,NP5-6-7,MNL036 LP172,Juan Luna/ Solis,MANILA,3,1,BARANGAY 148,,JADE GARDEN MANILA (BUILDING 3),14.622723,120.970360,,GF,CONVERGE ROOM,MNL14P,,,,2021-04-18,ISP
MNL036 LP172 NP3-4,MNL036,LP172,NP3-4,MNL036 LP172,Juan Luna/ Solis,MANILA,3,1,BARANGAY 148,,JADE GARDEN MANILA (BUILDING 2),14.622723,120.970360,,GF,CONVERGE ROOM,MNL13P,,,,2021-04-18,ISP
MNL036 LP172 NP1-2,MNL036,LP172,NP1-2,MNL036 LP172,Juan Luna/ Solis,MANILA,3,1,BARANGAY 148,,JADE GARDEN MANILA (BUILDING 1),14.622723,120.970360,,GF,CONVERGE ROOM,MNL12P,,,,2021-04-18,ISP
MNL003 LP165 NP1-2,MNL003,LP165,NP1-2,MNL003 LP165,City Square,MANILA,3,1,BARANGAY 149,,,14.620428,120.971325,,,,,,,16,2018-12-11,OSP
MNL003 LP165 NP3-4,MNL003,LP165,NP3-4,MNL003 LP165,City Square,MANILA,3,1,BARANGAY 149,,,14.620531,120.970989,,,,,,,16,2018-12-11,OSP
MNL003 LP165 NP5-6,MNL003,LP165,NP5-6,MNL003 LP165,City Square,MANILA,3,1,BARANGAY 149,,,14.620672,120.970475,,,,,,,16,2018-12-11,OSP
MNL003 LP165 NP7-8,MNL003,LP165,NP7-8,MNL003 LP165,City Square,MANILA,3,1,BARANGAY 149,,,14.620531,120.970996,,,,,,,16,2020-08-07,OSP
MNL003 LP101 NP5-6,MNL003,LP101,NP5-6,MNL003 LP101,City Square,MANILA,3,1,BARANGAY 149,,,14.62105233,120.9718236,,,,,,,16,2018-11-25,OSP
MNL003 LP27 NP1,MNL003,LP27,NP1,MNL003 LP27,City Square,MANILA,3,1,BARANGAY 149,,,14.620221,120.971601,,,,,,,8,2017-11-27,OSP
MNL003 LP23 NP6,MNL003,LP23,NP6,MNL003 LP23,City Square,MANILA,3,1,BARANGAY 149,,,14.620504,120.970716,,,,,,,8,2017-11-27,OSP
MNL003 LP23 NP7-8,MNL003,LP23,NP7-8,MNL003 LP23,City Square,MANILA,3,1,BARANGAY 149,,,14.620231,120.97149,,,,,,,16,2020-08-07,OSP
MNL036 LP239 NP6-8,MNL036,LP239,NP6-8,MNL036 LP239,Juan Luna/ Solis,MANILA,3,1,BARANGAY 149,,,14.620597,120.970355,,,,,,,24,2022-05-10,OSP
MNL036 LP240 NP1-2,MNL036,LP240,NP1-2,MNL036 LP240,Juan Luna/ Solis,MANILA,3,1,BARANGAY 149,,,14.620824,120.970742,,,,,,,16,2022-05-10,OSP
MNL036 LP240 NP3-5,MNL036,LP240,NP3-5,MNL036 LP240,Juan Luna/ Solis,MANILA,3,1,BARANGAY 149,,,14.621028,120.970813,,,,,,,24,2022-05-10,OSP
MNL036 LP240 NP6-8,MNL036,LP240,NP6-8,MNL036 LP240,Juan Luna/ Solis,MANILA,3,1,BARANGAY 149,,,14.621434,120.970989,,,,,,,24,2022-05-10,OSP
MNL036 LP11 NP1-2,MNL036,LP11,NP1-2,MNL036 LP11,Juan Luna/ Solis,MANILA,3,1,BARANGAY 149,,,14.620658,120.971665,,,,,,,16,2020-07-30,OSP
MNL036 LP235 NP1-2,MNL036,LP235,NP1-2,MNL036 LP235,Juan Luna/ Solis,MANILA,3,1,BARANGAY 149,,,14.621161,120.971822,,,,,,,16,2022-05-10,OSP
MNL036 LP235 NP3-5,MNL036,LP235,NP3-5,MNL036 LP235,Juan Luna/ Solis,MANILA,3,1,BARANGAY 149,,,14.62116,120.971821,,,,,,,24,2022-05-10,OSP
MNL036 LP235 NP6-8,MNL036,LP235,NP6-8,MNL036 LP235,Juan Luna/ Solis,MANILA,3,1,BARANGAY 149,,,14.620686,120.97165,,,,,,,24,2022-05-10,OSP
MNL036 LP239 NP1-2,MNL036,LP239,NP1-2,MNL036 LP239,Juan Luna/ Solis,MANILA,3,1,BARANGAY 149,,,14.62034,120.971171,,,,,,,16,2022-05-10,OSP
MNL036 LP239 NP3-5,MNL036,LP239,NP3-5,MNL036 LP239,Juan Luna/ Solis,MANILA,3,1,BARANGAY 149,,,14.620501,120.970659,,,,,,,24,2022-05-10,OSP
MNL036 LP36 NP1-2,MNL036,LP36,NP1-2,MNL036 LP36,Juan Luna/ Solis,MANILA,3,1,BARANGAY 149,,,14.620594,120.970382,,,,,,,16,2020-07-30,OSP
MNL036 LP36 NP5-6,MNL036,LP36,NP5-6,MNL036 LP36,Juan Luna/ Solis,MANILA,3,1,BARANGAY 149,,,14.620904,120.970824,,,,,,,16,2020-07-30,OSP
MNL036 LP36 NP7-8,MNL036,LP36,NP7-8,MNL036 LP36,Juan Luna/ Solis,MANILA,3,1,BARANGAY 149,,,14.62138,120.970942,,,,,,,16,2020-07-30,OSP
MNL003 LP201 NP5-6,MNL003,LP201,NP5-6,MNL003 LP201,City Square,MANILA,3,1,BARANGAY 15,,,14.60263981,120.9646295,,,,,,,16,2019-01-30,OSP
MNL005 LP345 NP3-5,MNL005,LP345,NP3-5,MNL005 LP345,Orchard Building (City Square 2),MANILA,3,1,BARANGAY 15,,,14.602624,120.96454,,,,,,,24,2021-10-21,OSP
MNL005 LP345 NP6-8,MNL005,LP345,NP6-8,MNL005 LP345,Orchard Building (City Square 2),MANILA,3,1,BARANGAY 15,,,14.602629,120.964538,,,,,,,24,2021-10-21,OSP
MNL005 LP346 NP1-2,MNL005,LP346,NP1-2,MNL005 LP346,Orchard Building (City Square 2),MANILA,3,1,BARANGAY 15,,,14.602647,120.964765,,,,,,,16,2021-10-21,OSP
MNL005 LP346 NP3-5,MNL005,LP346,NP3-5,MNL005 LP346,Orchard Building (City Square 2),MANILA,3,1,BARANGAY 15,,,14.602674,120.964931,,,,,,,24,2021-10-21,OSP
MNL005 LP346 NP6-8,MNL005,LP346,NP6-8,MNL005 LP346,Orchard Building (City Square 2),MANILA,3,1,BARANGAY 15,,,14.602706,120.965214,,,,,,,24,2021-10-21,OSP
MNL005 LP347 NP1-2,MNL005,LP347,NP1-2,MNL005 LP347,Orchard Building (City Square 2),MANILA,3,1,BARANGAY 15,,,14.6029,120.964506,,,,,,,16,2021-10-21,OSP
MNL005 LP347 NP3-5,MNL005,LP347,NP3-5,MNL005 LP347,Orchard Building (City Square 2),MANILA,3,1,BARANGAY 15,,,14.602906,120.964507,,,,,,,24,2021-10-21,OSP
MNL005 LP335 NP3-5,MNL005,LP335,NP3-5,MNL005 LP335,Orchard Building (City Square 2),MANILA,3,1,BARANGAY 15,,,14.602655,120.965347,,,,,,,24,2021-10-21,OSP
MNL005 LP336 NP3-5,MNL005,LP336,NP3-5,MNL005 LP336,Orchard Building (City Square 2),MANILA,3,1,BARANGAY 15,,,14.603198,120.965212,,,,,,,24,2021-10-21,OSP
MNL005 LP336 NP6-8,MNL005,LP336,NP6-8,MNL005 LP336,Orchard Building (City Square 2),MANILA,3,1,BARANGAY 15,,,14.6032,120.965216,,,,,,,24,2021-10-21,OSP
MNL003 LP131 NP1-2,MNL003,LP131,NP1-2,MNL003 LP131,City Square,MANILA,3,1,BARANGAY 150,,,14.62085058,120.9676276,,,,,,,16,2018-11-29,OSP
MNL003 LP23 NP4,MNL003,LP23,NP4,MNL003 LP23,City Square,MANILA,3,1,BARANGAY 150,,,14.620854,120.96805,,,,,,,8,2017-11-27,OSP
MNL003 LP23 NP5,MNL003,LP23,NP5,MNL003 LP23,City Square,MANILA,3,1,BARANGAY 150,,,14.620822,120.969416,,,,,,,8,2017-11-27,OSP
MNL036 LP38 NP3-4,MNL036,LP38,NP3-4,MNL036 LP38,Juan Luna/ Solis,MANILA,3,1,BARANGAY 150,,,14.621768,120.970026,,,,,,,16,2020-07-30,OSP
MNL036 LP38 NP5-6,MNL036,LP38,NP5-6,MNL036 LP38,Juan Luna/ Solis,MANILA,3,1,BARANGAY 150,,,14.621249,120.970255,,,,,,,16,2020-07-30,OSP
MNL036 LP38 NP7-8,MNL036,LP38,NP7-8,MNL036 LP38,Juan Luna/ Solis,MANILA,3,1,BARANGAY 150,,,14.621603,120.97036,,,,,,,16,2020-07-30,OSP
MNL036 LP39 NP1-2,MNL036,LP39,NP1-2,MNL036 LP39,Juan Luna/ Solis,MANILA,3,1,BARANGAY 150,,,14.621154,120.970564,,,,,,,16,2020-07-30,OSP
MNL036 LP39 NP3-4,MNL036,LP39,NP3-4,MNL036 LP39,Juan Luna/ Solis,MANILA,3,1,BARANGAY 150,,,14.621468,120.970644,,,,,,,16,2020-07-30,OSP
MNL036 LP241 NP1-2,MNL036,LP241,NP1-2,MNL036 LP241,Juan Luna/ Solis,MANILA,3,1,BARANGAY 150,,,14.621144,120.970489,,,,,,,16,2022-05-10,OSP
MNL036 LP241 NP3-5,MNL036,LP241,NP3-5,MNL036 LP241,Juan Luna/ Solis,MANILA,3,1,BARANGAY 150,,,14.621242,120.97022,,,,,,,24,2022-05-10,OSP
MNL036 LP241 NP6-8,MNL036,LP241,NP6-8,MNL036 LP241,Juan Luna/ Solis,MANILA,3,1,BARANGAY 150,,,14.620713,120.969994,,,,,,,24,2022-05-10,OSP
MNL036 LP242 NP1-2,MNL036,LP242,NP1-2,MNL036 LP242,Juan Luna/ Solis,MANILA,3,1,BARANGAY 150,,,14.621049,120.969813,,,,,,,16,2022-05-10,OSP
MNL036 LP242 NP3-5,MNL036,LP242,NP3-5,MNL036 LP242,Juan Luna/ Solis,MANILA,3,1,BARANGAY 150,,,14.621319,120.969895,,,,,,,24,2022-05-10,OSP
MNL036 LP242 NP6-8,MNL036,LP242,NP6-8,MNL036 LP242,Juan Luna/ Solis,MANILA,3,1,BARANGAY 150,,,14.621699,120.970026,,,,,,,24,2022-05-10,OSP
MNL036 LP243 NP1-2,MNL036,LP243,NP1-2,MNL036 LP243,Juan Luna/ Solis,MANILA,3,1,BARANGAY 150,,,14.621428,120.969544,,,,,,,16,2022-05-10,OSP
MNL036 LP243 NP3-5,MNL036,LP243,NP3-5,MNL036 LP243,Juan Luna/ Solis,MANILA,3,1,BARANGAY 150,,,14.621815,120.969665,,,,,,,24,2022-05-10,OSP
MNL036 LP243 NP6-8,MNL036,LP243,NP6-8,MNL036 LP243,Juan Luna/ Solis,MANILA,3,1,BARANGAY 150,,,14.622117,120.96976,,,,,,,24,2022-05-10,OSP
MNL036 LP36 NP3-4,MNL036,LP36,NP3-4,MNL036 LP36,Juan Luna/ Solis,MANILA,3,1,BARANGAY 150,,,14.620691,120.970067,,,,,,,16,2020-07-30,OSP
MNL036 LP37 NP1-2,MNL036,LP37,NP1-2,MNL036 LP37,Juan Luna/ Solis,MANILA,3,1,BARANGAY 150,,,14.620774,120.969746,,,,,,,16,2020-07-30,OSP
MNL036 LP37 NP3-4,MNL036,LP37,NP3-4,MNL036 LP37,Juan Luna/ Solis,MANILA,3,1,BARANGAY 150,,,14.620846,120.969408,,,,,,,16,2020-07-30,OSP
MNL036 LP37 NP5-6,MNL036,LP37,NP5-6,MNL036 LP37,Juan Luna/ Solis,MANILA,3,1,BARANGAY 150,,,14.621455,120.969582,,,,,,,16,2020-07-30,OSP
MNL036 LP37 NP7-8,MNL036,LP37,NP7-8,MNL036 LP37,Juan Luna/ Solis,MANILA,3,1,BARANGAY 150,,,14.622081,120.969766,,,,,,,16,2020-07-30,OSP
MNL036 LP38 NP1-2,MNL036,LP38,NP1-2,MNL036 LP38,Juan Luna/ Solis,MANILA,3,1,BARANGAY 150,,,14.621349,120.969909,,,,,,,16,2020-07-30,OSP
MNL003 LP101 NP1-2,MNL003,LP101,NP1-2,MNL003 LP101,City Square,MANILA,3,1,BARANGAY 151,,,14.61902598,120.9710468,,,,,,,16,2018-11-25,OSP
MNL003 LP101 NP3-4,MNL003,LP101,NP3-4,MNL003 LP101,City Square,MANILA,3,1,BARANGAY 151,,,14.62007781,120.9714503,,,,,,,16,2018-11-25,OSP
MNL003 LP23 NP1,MNL003,LP23,NP1,MNL003 LP23,City Square,MANILA,3,1,BARANGAY 151,,,14.618658,120.970066,,,,,,,8,2017-11-27,OSP
MNL003 LP23 NP2,MNL003,LP23,NP2,MNL003 LP23,City Square,MANILA,3,1,BARANGAY 151,,,14.619312,120.969628,,,,,,,8,2017-11-27,OSP
MNL003 LP23 NP3,MNL003,LP23,NP3,MNL003 LP23,City Square,MANILA,3,1,BARANGAY 151,,,14.620086,120.969185,,,,,,,8,2017-11-27,OSP
MNL003 LP44 NP5,MNL003,LP44,NP5,MNL003 LP44,City Square,MANILA,3,1,BARANGAY 151,,LANDWEALTH MANSION HOA (BUILDING B),14.620138,120.970120,MNL158P,GF,EE ROOM BUILDING A,,,,,2018-03-14,ISP
MNL003 LP44 NP3,MNL003,LP44,NP3,MNL003 LP44,City Square,MANILA,3,1,BARANGAY 151,,LANDWEALTH MANSION HOA (BUILDING B),14.620138,120.970120,MNL158P,GF,EE ROOM BUILDING A,,,,,2018-03-14,ISP
MNL003 LP43 NP3,MNL003,LP43,NP3,MNL003 LP43,City Square,MANILA,3,1,BARANGAY 151,,LANDWEALTH MANSION HOA (BUILDING C),14.619524,120.970149,MNL159P,GF,EE ROOM BUILDING A,,,,,2018-03-14,ISP
MNL003 LP43 NP1,MNL003,LP43,NP1,MNL003 LP43,City Square,MANILA,3,1,BARANGAY 151,,LANDWEALTH MANSION HOA (BUILDING C),14.619524,120.970149,MNL159P,GF,EE ROOM BUILDING A,,,,,2018-03-14,ISP
MNL003 LP33 NP2,MNL003,LP33,NP2,MNL003 LP33,City Square,MANILA,3,1,BARANGAY 151,,LANDWEALTH MANSION,14.619323,120.970892,MNL15P,4F,TELCO ROOM,,,,,2018-03-06,ISP
MNL003 LP33 NP5,MNL003,LP33,NP5,MNL003 LP33,City Square,MANILA,3,1,BARANGAY 151,,LANDWEALTH MANSION,14.619323,120.970892,,8F,TELCO ROOM,MNL15P,,,,2018-03-06,ISP
MNL003 LP33 NP1,MNL003,LP33,NP1,MNL003 LP33,City Square,MANILA,3,1,BARANGAY 151,,LANDWEALTH MANSION,14.619323,120.970892,MNL15P,2F,TELCO ROOM,,,,,2018-03-06,ISP
MNL003 LP33 NP3,MNL003,LP33,NP3,MNL003 LP33,City Square,MANILA,3,1,BARANGAY 151,,LANDWEALTH MANSION,14.619323,120.970892,MNL15P,5F,TELCO ROOM,,,,,2018-03-06,ISP
MNL003 LP43 NP7,MNL003,LP43,NP7,MNL003 LP43,City Square,MANILA,3,1,BARANGAY 151,,LANDWEALTH MANSION HOA (BUILDING D),14.619811,120.970161,MNL160P,GF,EE ROOM BUILDING A,,,,,2018-03-14,ISP
MNL003 LP44 NP1,MNL003,LP44,NP1,MNL003 LP44,City Square,MANILA,3,1,BARANGAY 151,,LANDWEALTH MANSION HOA (BUILDING A),14.619741,120.970939,MNL157P,GF,EE ROOM BUILDING A,,,,,2018-03-14,ISP
MNL003 LP44 NP4,MNL003,LP44,NP4,MNL003 LP44,City Square,MANILA,3,1,BARANGAY 151,,LANDWEALTH MANSION HOA (BUILDING B),14.620138,120.970120,MNL158P,GF,EE ROOM BUILDING A,,,,,2018-03-14,ISP
MNL003 LP44 NP2,MNL003,LP44,NP2,MNL003 LP44,City Square,MANILA,3,1,BARANGAY 151,,LANDWEALTH MANSION HOA (BUILDING B),14.620138,120.970120,MNL158P,GF,EE ROOM BUILDING A,,,,,2018-03-14,ISP
MNL003 LP44 NP6,MNL003,LP44,NP6,MNL003 LP44,City Square,MANILA,3,1,BARANGAY 151,,LANDWEALTH MANSION HOA (BUILDING B),14.620138,120.970120,MNL158P,GF,EE ROOM BUILDING A,,,,,2018-03-14,ISP
MNL003 LP43 NP4,MNL003,LP43,NP4,MNL003 LP43,City Square,MANILA,3,1,BARANGAY 151,,LANDWEALTH MANSION HOA (BUILDING D),14.619811,120.970161,MNL160P,GF,EE ROOM BUILDING A,,,,,2018-03-14,ISP
MNL003 LP43 NP2,MNL003,LP43,NP2,MNL003 LP43,City Square,MANILA,3,1,BARANGAY 151,,LANDWEALTH MANSION HOA (BUILDING C),14.619524,120.970149,MNL159P,GF,EE ROOM BUILDING A,,,,,2018-03-14,ISP
MNL003 LP33 NP4,MNL003,LP33,NP4,MNL003 LP33,City Square,MANILA,3,1,BARANGAY 151,,LANDWEALTH MANSION,14.619323,120.970892,,6F,TELCO ROOM,MNL15P,,,,2018-03-06,ISP
MNL003 LP43 NP8,MNL003,LP43,NP8,MNL003 LP43,City Square,MANILA,3,1,BARANGAY 151,,LANDWEALTH MANSION HOA (BUILDING D),14.619811,120.970161,MNL160P,GF,EE ROOM BUILDING A,,,,,2018-03-14,ISP
MNL003 LP43 NP5,MNL003,LP43,NP5,MNL003 LP43,City Square,MANILA,3,1,BARANGAY 151,,LANDWEALTH MANSION HOA (BUILDING D),14.619811,120.970161,MNL160P,GF,EE ROOM BUILDING A,,,,,2018-03-14,ISP
MNL003 LP43 NP6,MNL003,LP43,NP6,MNL003 LP43,City Square,MANILA,3,1,BARANGAY 151,,LANDWEALTH MANSION HOA (BUILDING D),14.619811,120.970161,MNL160P,GF,EE ROOM BUILDING A,,,,,2018-03-14,ISP
VAL001 LP27 NP7-8,VAL001,LP27,NP7-8,VAL001 LP27,Gotaco,MANILA,3,1,BARANGAY 151,,,14.619791,120.971331,,,,,,,16,2016-03-07,OSP
MNL036 LP142 NP1-2,MNL036,LP142,NP1-2,MNL036 LP142,Juan Luna/ Solis,MANILA,3,1,BARANGAY 151,,,14.619056,120.971053,,,,,,,16,2020-11-28,OSP
MNL036 LP11 NP3-4,MNL036,LP11,NP3-4,MNL036 LP11,Juan Luna/ Solis,MANILA,3,1,BARANGAY 151,,,14.619506,120.971254,,,,,,,16,2020-07-30,OSP
MNL036 LP236 NP1-2,MNL036,LP236,NP1-2,MNL036 LP236,Juan Luna/ Solis,MANILA,3,1,BARANGAY 151,,,14.620098,120.971436,,,,,,,16,2022-05-10,OSP
MNL036 LP236 NP3-5,MNL036,LP236,NP3-5,MNL036 LP236,Juan Luna/ Solis,MANILA,3,1,BARANGAY 151,,,14.619487,120.971213,,,,,,,24,2022-05-10,OSP
MNL036 LP236 NP6-8,MNL036,LP236,NP6-8,MNL036 LP236,Juan Luna/ Solis,MANILA,3,1,BARANGAY 151,,,14.619487,120.971212,,,,,,,24,2022-05-10,OSP
MNL036 LP237 NP1-2,MNL036,LP237,NP1-2,MNL036 LP237,Juan Luna/ Solis,MANILA,3,1,BARANGAY 151,,,14.619087,120.971061,,,,,,,16,2022-05-10,OSP
MNL036 LP237 NP3-5,MNL036,LP237,NP3-5,MNL036 LP237,Juan Luna/ Solis,MANILA,3,1,BARANGAY 151,,,14.619086,120.971061,,,,,,,24,2022-05-10,OSP
MNL036 LP237 NP6-8,MNL036,LP237,NP6-8,MNL036 LP237,Juan Luna/ Solis,MANILA,3,1,BARANGAY 151,,,14.619067,120.971052,,,,,,,24,2022-05-10,OSP
MNL036 LP238 NP1-2,MNL036,LP238,NP1-2,MNL036 LP238,Juan Luna/ Solis,MANILA,3,1,BARANGAY 151,,,14.618668,120.970892,,,,,,,16,2022-05-10,OSP
MNL036 LP238 NP3-5,MNL036,LP238,NP3-5,MNL036 LP238,Juan Luna/ Solis,MANILA,3,1,BARANGAY 151,,,14.618673,120.970888,,,,,,,24,2022-05-10,OSP
MNL036 LP238 NP6-8,MNL036,LP238,NP6-8,MNL036 LP238,Juan Luna/ Solis,MANILA,3,1,BARANGAY 151,,,14.618658,120.97089,,,,,,,24,2022-05-10,OSP
MNL036 LP124 NP7-8,MNL036,LP124,NP7-8,MNL036 LP124,Juan Luna/ Solis,MANILA,3,1,BARANGAY 152,,,14.622233,120.974123,,,,,,,16,2020-11-28,OSP
MNL036 LP125 NP5-6,MNL036,LP125,NP5-6,MNL036 LP125,Juan Luna/ Solis,MANILA,3,1,BARANGAY 152,,,14.62196,120.973663,,,,,,,16,2020-11-28,OSP
MNL003 LP27 NP5,MNL003,LP27,NP5,MNL003 LP27,City Square,MANILA,3,1,BARANGAY 153,,,14.621964,120.973445,,,,,,,8,2017-11-27,OSP
MNL003 LP222 NP3-4,MNL003,LP222,NP3-4,MNL003 LP222,City Square,MANILA,3,1,BARANGAY 153,,,14.621663,120.973079,,,,,,,16,2019-03-29,OSP
MNL003 LP222 NP5-6,MNL003,LP222,NP5-6,MNL003 LP222,City Square,MANILA,3,1,BARANGAY 153,,,14.622104,120.97313,,,,,,,16,2019-03-29,OSP
MNL003 LP222 NP7-8,MNL003,LP222,NP7-8,MNL003 LP222,City Square,MANILA,3,1,BARANGAY 153,,,14.622218,120.973499,,,,,,,16,2019-03-29,OSP
MNL003 LP223 NP1-2,MNL003,LP223,NP1-2,MNL003 LP223,City Square,MANILA,3,1,BARANGAY 153,,,14.622723,120.973527,,,,,,,16,2019-03-29,OSP
MNL036 LP123 NP1-2,MNL036,LP123,NP1-2,MNL036 LP123,Juan Luna/ Solis,MANILA,3,1,BARANGAY 153,,,14.622792,120.973023,,,,,,,16,2020-11-28,OSP
MNL036 LP123 NP3-4,MNL036,LP123,NP3-4,MNL036 LP123,Juan Luna/ Solis,MANILA,3,1,BARANGAY 153,,,14.622815,120.972864,,,,,,,16,2020-11-28,OSP
MNL036 LP124 NP1-2,MNL036,LP124,NP1-2,MNL036 LP124,Juan Luna/ Solis,MANILA,3,1,BARANGAY 153,,,14.622697,120.973771,,,,,,,16,2020-11-28,OSP
MNL036 LP124 NP3-4,MNL036,LP124,NP3-4,MNL036 LP124,Juan Luna/ Solis,MANILA,3,1,BARANGAY 153,,,14.622696,120.974099,,,,,,,16,2020-11-28,OSP
MNL036 LP124 NP5-6,MNL036,LP124,NP5-6,MNL036 LP124,Juan Luna/ Solis,MANILA,3,1,BARANGAY 153,,,14.622443,120.974117,,,,,,,16,2020-11-28,OSP
MNL036 LP125 NP1-2,MNL036,LP125,NP1-2,MNL036 LP125,Juan Luna/ Solis,MANILA,3,1,BARANGAY 153,,,14.622428,120.97347,,,,,,,16,2020-11-28,OSP
MNL036 LP125 NP3-4,MNL036,LP125,NP3-4,MNL036 LP125,Juan Luna/ Solis,MANILA,3,1,BARANGAY 153,,,14.622015,120.973365,,,,,,,16,2020-11-28,OSP
MNL036 LP125 NP7-8,MNL036,LP125,NP7-8,MNL036 LP125,Juan Luna/ Solis,MANILA,3,1,BARANGAY 153,,,14.622416,120.972988,,,,,,,16,2020-11-28,OSP
MNL036 LP126 NP1-2,MNL036,LP126,NP1-2,MNL036 LP126,Juan Luna/ Solis,MANILA,3,1,BARANGAY 153,,,14.622111,120.973129,,,,,,,16,2020-11-28,OSP
MNL036 LP126 NP3-4,MNL036,LP126,NP3-4,MNL036 LP126,Juan Luna/ Solis,MANILA,3,1,BARANGAY 153,,,14.622138,120.972742,,,,,,,16,2020-11-28,OSP
MNL036 LP126 NP5-6,MNL036,LP126,NP5-6,MNL036 LP126,Juan Luna/ Solis,MANILA,3,1,BARANGAY 153,,,14.622399,120.972802,,,,,,,16,2020-11-28,OSP
MNL036 LP127 NP1-2,MNL036,LP127,NP1-2,MNL036 LP127,Juan Luna/ Solis,MANILA,3,1,BARANGAY 153,,,14.6217,120.972869,,,,,,,16,2020-11-28,OSP
MNL036 LP127 NP3-4,MNL036,LP127,NP3-4,MNL036 LP127,Juan Luna/ Solis,MANILA,3,1,BARANGAY 153,,,14.621764,120.97231,,,,,,,16,2020-11-28,OSP
MNL036 LP127 NP5-6,MNL036,LP127,NP5-6,MNL036 LP127,Juan Luna/ Solis,MANILA,3,1,BARANGAY 153,,,14.621662,120.973082,,,,,,,16,2020-11-28,OSP
MNL036 LP127 NP7-8,MNL036,LP127,NP7-8,MNL036 LP127,Juan Luna/ Solis,MANILA,3,1,BARANGAY 153,,,14.62165,120.973227,,,,,,,16,2020-11-28,OSP
MNL036 LP121 NP7-8,MNL036,LP121,NP7-8,MNL036 LP121,Juan Luna/ Solis,MANILA,3,1,BARANGAY 153,,,14.62295,120.97355,,,,,,,16,2020-11-28,OSP
MNL036 LP122 NP1-2,MNL036,LP122,NP1-2,MNL036 LP122,Juan Luna/ Solis,MANILA,3,1,BARANGAY 153,,,14.622733,120.973511,,,,,,,16,2020-11-28,OSP
MNL036 LP122 NP3-4,MNL036,LP122,NP3-4,MNL036 LP122,Juan Luna/ Solis,MANILA,3,1,BARANGAY 153,,,14.622758,120.973249,,,,,,,16,2020-11-28,OSP
MNL036 LP122 NP7-8,MNL036,LP122,NP7-8,MNL036 LP122,Juan Luna/ Solis,MANILA,3,1,BARANGAY 153,,,14.623069,120.973072,,,,,,,16,2020-11-28,OSP
MNL036 LP220 NP6-8,MNL036,LP220,NP6-8,MNL036 LP220,Juan Luna/ Solis,MANILA,3,1,BARANGAY 153,,,14.62287,120.972521,,,,,,,24,2022-05-10,OSP
MNL036 LP221 NP1-2,MNL036,LP221,NP1-2,MNL036 LP221,Juan Luna/ Solis,MANILA,3,1,BARANGAY 153,,,14.622865,120.972523,,,,,,,16,2022-05-10,OSP
MNL036 LP222 NP1-2,MNL036,LP222,NP1-2,MNL036 LP222,Juan Luna/ Solis,MANILA,3,1,BARANGAY 153,,,14.622207,120.97232,,,,,,,16,2022-05-10,OSP
MNL036 LP222 NP3-5,MNL036,LP222,NP3-5,MNL036 LP222,Juan Luna/ Solis,MANILA,3,1,BARANGAY 153,,,14.622205,120.972319,,,,,,,24,2022-05-10,OSP
MNL003 LP27 NP6-7,MNL003,LP27,NP6-7,MNL003 LP27,City Square,MANILA,3,1,BARANGAY 154,,,14.618911,120.971908,,,,,,,16,2016-07-28,OSP
MNL003 LP226 NP3-4,MNL003,LP226,NP3-4,MNL003 LP226,City Square,MANILA,3,1,BARANGAY 154,,,14.618758,120.972563,,,,,,,16,2019-03-29,OSP
MNL003 LP226 NP7-8,MNL003,LP226,NP7-8,MNL003 LP226,City Square,MANILA,3,1,BARANGAY 154,,,14.619595,120.972609,,,,,,,16,2019-03-29,OSP
MNL003 LP227 NP1-2,MNL003,LP227,NP1-2,MNL003 LP227,City Square,MANILA,3,1,BARANGAY 154,,,14.618919,120.97166,,,,,,,16,2019-03-29,OSP
MNL036 LP263 NP6-8,MNL036,LP263,NP6-8,MNL036 LP263,Juan Luna/ Solis,MANILA,3,1,BARANGAY 154,,,14.619134,120.972543,,,,,,,24,2022-05-11,OSP
MNL036 LP261 NP3-5,MNL036,LP261,NP3-5,MNL036 LP261,Juan Luna/ Solis,MANILA,3,1,BARANGAY 154,,,14.618794,120.972536,,,,,,,24,2022-05-11,OSP
MNL036 LP261 NP6-8,MNL036,LP261,NP6-8,MNL036 LP261,Juan Luna/ Solis,MANILA,3,1,BARANGAY 154,,,14.618896,120.9721,,,,,,,24,2022-05-11,OSP
MNL036 LP262 NP1-2,MNL036,LP262,NP1-2,MNL036 LP262,Juan Luna/ Solis,MANILA,3,1,BARANGAY 154,,,14.618935,120.971689,,,,,,,16,2022-05-11,OSP
MNL036 LP262 NP3-5,MNL036,LP262,NP3-5,MNL036 LP262,Juan Luna/ Solis,MANILA,3,1,BARANGAY 154,,,14.619372,120.971841,,,,,,,24,2022-05-11,OSP
MNL036 LP262 NP6-8,MNL036,LP262,NP6-8,MNL036 LP262,Juan Luna/ Solis,MANILA,3,1,BARANGAY 154,,,14.619819,120.971981,,,,,,,24,2022-05-11,OSP
MNL036 LP263 NP1-2,MNL036,LP263,NP1-2,MNL036 LP263,Juan Luna/ Solis,MANILA,3,1,BARANGAY 154,,,14.619753,120.972301,,,,,,,16,2022-05-11,OSP
MNL036 LP263 NP3-5,MNL036,LP263,NP3-5,MNL036 LP263,Juan Luna/ Solis,MANILA,3,1,BARANGAY 154,,,14.619606,120.972594,,,,,,,24,2022-05-11,OSP
MNL036 LP133 NP5-6,MNL036,LP133,NP5-6,MNL036 LP133,Juan Luna/ Solis,MANILA,3,1,BARANGAY 154,,,14.619123,120.972552,,,,,,,16,2020-11-28,OSP
MNL036 LP133 NP7-8,MNL036,LP133,NP7-8,MNL036 LP133,Juan Luna/ Solis,MANILA,3,1,BARANGAY 154,,,14.619618,120.972604,,,,,,,16,2020-11-28,OSP
MNL036 LP134 NP1-2,MNL036,LP134,NP1-2,MNL036 LP134,Juan Luna/ Solis,MANILA,3,1,BARANGAY 154,,,14.61978,120.972175,,,,,,,16,2020-11-28,OSP
MNL036 LP134 NP3-4,MNL036,LP134,NP3-4,MNL036 LP134,Juan Luna/ Solis,MANILA,3,1,BARANGAY 154,,,14.619826,120.971986,,,,,,,16,2020-11-28,OSP
MNL036 LP134 NP5-6,MNL036,LP134,NP5-6,MNL036 LP134,Juan Luna/ Solis,MANILA,3,1,BARANGAY 154,,,14.619377,120.971846,,,,,,,16,2020-11-28,OSP
MNL036 LP134 NP7-8,MNL036,LP134,NP7-8,MNL036 LP134,Juan Luna/ Solis,MANILA,3,1,BARANGAY 154,,,14.619244,120.97206,,,,,,,16,2020-11-28,OSP
MNL036 LP135 NP1-2,MNL036,LP135,NP1-2,MNL036 LP135,Juan Luna/ Solis,MANILA,3,1,BARANGAY 154,,,14.618938,120.971706,,,,,,,16,2020-11-28,OSP
MNL003 LP221 NP3-4,MNL003,LP221,NP3-4,MNL003 LP221,City Square,MANILA,3,1,BARANGAY 155,,,14.621275,120.97453,,,,,,,16,2019-03-29,OSP
MNL036 LP137 NP1-2,MNL036,LP137,NP1-2,MNL036 LP137,Juan Luna/ Solis,MANILA,3,1,BARANGAY 155,,,14.620599,120.97443,,,,,,,16,2020-11-28,OSP
MNL036 LP137 NP3-4,MNL036,LP137,NP3-4,MNL036 LP137,Juan Luna/ Solis,MANILA,3,1,BARANGAY 155,,,14.620729,120.974452,,,,,,,16,2020-11-28,OSP
MNL036 LP137 NP5-6,MNL036,LP137,NP5-6,MNL036 LP137,Juan Luna/ Solis,MANILA,3,1,BARANGAY 155,,,14.621275,120.974537,,,,,,,16,2020-11-28,OSP
MNL036 LP279 NP6-8,MNL036,LP279,NP6-8,MNL036 LP279,Juan Luna/ Solis,MANILA,3,1,BARANGAY 155,,,14.62058,120.974442,,,,,,,24,2022-05-11,OSP
MNL036 LP280 NP1-2,MNL036,LP280,NP1-2,MNL036 LP280,Juan Luna/ Solis,MANILA,3,1,BARANGAY 155,,,14.620733,120.974462,,,,,,,16,2022-05-11,OSP
MNL036 LP280 NP3-5,MNL036,LP280,NP3-5,MNL036 LP280,Juan Luna/ Solis,MANILA,3,1,BARANGAY 155,,,14.620733,120.974462,,,,,,,24,2022-05-11,OSP
MNL036 LP280 NP6-8,MNL036,LP280,NP6-8,MNL036 LP280,Juan Luna/ Solis,MANILA,3,1,BARANGAY 155,,,14.620943,120.974492,,,,,,,24,2022-05-11,OSP
MNL036 LP281 NP1-2,MNL036,LP281,NP1-2,MNL036 LP281,Juan Luna/ Solis,MANILA,3,1,BARANGAY 155,,,14.620941,120.974492,,,,,,,16,2022-05-11,OSP
MNL036 LP281 NP3-5,MNL036,LP281,NP3-5,MNL036 LP281,Juan Luna/ Solis,MANILA,3,1,BARANGAY 155,,,14.621269,120.974538,,,,,,,24,2022-05-11,OSP
MNL036 LP281 NP6-8,MNL036,LP281,NP6-8,MNL036 LP281,Juan Luna/ Solis,MANILA,3,1,BARANGAY 155,,,14.621267,120.974537,,,,,,,24,2022-05-11,OSP
MNL003 LP226 NP1-2,MNL003,LP226,NP1-2,MNL003 LP226,City Square,MANILA,3,1,BARANGAY 156,,,14.617562,120.973257,,,,,,,16,2019-03-29,OSP
MNL003 LP227 NP3-4,MNL003,LP227,NP3-4,MNL003 LP227,City Square,MANILA,3,1,BARANGAY 156,,,14.617887,120.973305,,,,,,,16,2019-09-23,OSP
MNL003 LP227 NP5-6,MNL003,LP227,NP5-6,MNL003 LP227,City Square,MANILA,3,1,BARANGAY 156,,,14.618322,120.973376,,,,,,,16,2019-09-23,OSP
MNL003 LP61 NP1-2,MNL003,LP61,NP1-2,MNL003 LP61,City Square,MANILA,3,1,BARANGAY 156,,,14.61735964,120.9739553,,,,,,,16,2018-08-27,OSP
MNL003 LP62 NP1-2,MNL003,LP62,NP1-2,MNL003 LP62,City Square,MANILA,3,1,BARANGAY 156,,,14.61823731,120.97414,,,,,,,16,2018-08-27,OSP
MNL036 LP264 NP1-2,MNL036,LP264,NP1-2,MNL036 LP264,Juan Luna/ Solis,MANILA,3,1,BARANGAY 156,,,14.61824,120.972674,,,,,,,16,2022-05-11,OSP
MNL036 LP264 NP3-5,MNL036,LP264,NP3-5,MNL036 LP264,Juan Luna/ Solis,MANILA,3,1,BARANGAY 156,,,14.618237,120.972674,,,,,,,24,2022-05-11,OSP
MNL036 LP264 NP6-8,MNL036,LP264,NP6-8,MNL036 LP264,Juan Luna/ Solis,MANILA,3,1,BARANGAY 156,,,14.617976,120.972634,,,,,,,24,2022-05-11,OSP
MNL036 LP265 NP1-2,MNL036,LP265,NP1-2,MNL036 LP265,Juan Luna/ Solis,MANILA,3,1,BARANGAY 156,,,14.617974,120.972636,,,,,,,16,2022-05-11,OSP
MNL036 LP265 NP3-5,MNL036,LP265,NP3-5,MNL036 LP265,Juan Luna/ Solis,MANILA,3,1,BARANGAY 156,,,14.617717,120.972501,,,,,,,24,2022-05-11,OSP
MNL036 LP265 NP6-8,MNL036,LP265,NP6-8,MNL036 LP265,Juan Luna/ Solis,MANILA,3,1,BARANGAY 156,,,14.617716,120.972501,,,,,,,24,2022-05-11,OSP
MNL036 LP266 NP1-2,MNL036,LP266,NP1-2,MNL036 LP266,Juan Luna/ Solis,MANILA,3,1,BARANGAY 156,,,14.617621,120.972944,,,,,,,16,2022-05-11,OSP
MNL036 LP266 NP3-5,MNL036,LP266,NP3-5,MNL036 LP266,Juan Luna/ Solis,MANILA,3,1,BARANGAY 156,,,14.617557,120.973251,,,,,,,24,2022-05-11,OSP
MNL036 LP266 NP6-8,MNL036,LP266,NP6-8,MNL036 LP266,Juan Luna/ Solis,MANILA,3,1,BARANGAY 156,,,14.617556,120.973254,,,,,,,24,2022-05-11,OSP
MNL036 LP139 NP1-2,MNL036,LP139,NP1-2,MNL036 LP139,Juan Luna/ Solis,MANILA,3,1,BARANGAY 156,,,14.618109,120.974132,,,,,,,16,2020-11-28,OSP
MNL036 LP139 NP3-4,MNL036,LP139,NP3-4,MNL036 LP139,Juan Luna/ Solis,MANILA,3,1,BARANGAY 156,,,14.617399,120.974004,,,,,,,16,2020-11-28,OSP
MNL036 LP261 NP1-2,MNL036,LP261,NP1-2,MNL036 LP261,Juan Luna/ Solis,MANILA,3,1,BARANGAY 156,,,14.618538,120.972689,,,,,,,16,2022-05-11,OSP
MNL036 LP132 NP1-2,MNL036,LP132,NP1-2,MNL036 LP132,Juan Luna/ Solis,MANILA,3,1,BARANGAY 156,,,14.618327,120.973369,,,,,,,16,2020-11-28,OSP
MNL036 LP132 NP3-4,MNL036,LP132,NP3-4,MNL036 LP132,Juan Luna/ Solis,MANILA,3,1,BARANGAY 156,,,14.617902,120.973313,,,,,,,16,2020-11-28,OSP
MNL036 LP133 NP1-2,MNL036,LP133,NP1-2,MNL036 LP133,Juan Luna/ Solis,MANILA,3,1,BARANGAY 156,,,14.61853,120.972687,,,,,,,16,2020-11-28,OSP
MNL036 LP133 NP3-4,MNL036,LP133,NP3-4,MNL036 LP133,Juan Luna/ Solis,MANILA,3,1,BARANGAY 156,,,14.617911,120.972625,,,,,,,16,2020-11-28,OSP
MNL036 LP275 NP3-5,MNL036,LP275,NP3-5,MNL036 LP275,Juan Luna/ Solis,MANILA,3,1,BARANGAY 156,,,14.618289,120.973709,,,,,,,24,2022-05-11,OSP
MNL036 LP275 NP6-8,MNL036,LP275,NP6-8,MNL036 LP275,Juan Luna/ Solis,MANILA,3,1,BARANGAY 156,,,14.618288,120.97371,,,,,,,24,2022-05-11,OSP
MNL036 LP270 NP1-2,MNL036,LP270,NP1-2,MNL036 LP270,Juan Luna/ Solis,MANILA,3,1,BARANGAY 156,,,14.617405,120.973995,,,,,,,16,2022-05-11,OSP
MNL036 LP270 NP3-5,MNL036,LP270,NP3-5,MNL036 LP270,Juan Luna/ Solis,MANILA,3,1,BARANGAY 156,,,14.617826,120.97407,,,,,,,24,2022-05-11,OSP
MNL036 LP270 NP6-8,MNL036,LP270,NP6-8,MNL036 LP270,Juan Luna/ Solis,MANILA,3,1,BARANGAY 156,,,14.617823,120.974072,,,,,,,24,2022-05-11,OSP
MNL036 LP271 NP1-2,MNL036,LP271,NP1-2,MNL036 LP271,Juan Luna/ Solis,MANILA,3,1,BARANGAY 156,,,14.618091,120.974115,,,,,,,16,2022-05-11,OSP
MNL036 LP271 NP3-5,MNL036,LP271,NP3-5,MNL036 LP271,Juan Luna/ Solis,MANILA,3,1,BARANGAY 156,,,14.61809,120.974116,,,,,,,24,2022-05-11,OSP
MNL045 LP465 NP6-8,MNL045,LP465,NP6-8,MNL045 LP465,Radial Road 10,MANILA,3,1,BARANGAY 156,,,14.61726455,120.9739555,,,,,,,24,2022-03-10,OSP
MNL045 LP465 NP1-2,MNL045,LP465,NP1-2,MNL045 LP465,Radial Road 10,MANILA,3,1,BARANGAY 156,,,14.61756235,120.9725487,,,,,,,16,2022-03-10,OSP
MNL045 LP465 NP3-5,MNL045,LP465,NP3-5,MNL045 LP465,Radial Road 10,MANILA,3,1,BARANGAY 156,,,14.61742317,120.9732107,,,,,,,24,2022-03-10,OSP
MNL003 LP226 NP5-6,MNL003,LP226,NP5-6,MNL003 LP226,City Square,MANILA,3,1,BARANGAY 157,,,14.619526,120.972852,,,,,,,16,2019-03-29,OSP
MNL003 LP227 NP7-8,MNL003,LP227,NP7-8,MNL003 LP227,City Square,MANILA,3,1,BARANGAY 157,,,14.618907,120.973465,,,,,,,16,2019-09-23,OSP
MNL036 LP267 NP6-8,MNL036,LP267,NP6-8,MNL036 LP267,Juan Luna/ Solis,MANILA,3,1,BARANGAY 157,,,14.618946,120.973509,,,,,,,24,2022-05-11,OSP
MNL036 LP268 NP1-2,MNL036,LP268,NP1-2,MNL036 LP268,Juan Luna/ Solis,MANILA,3,1,BARANGAY 157,,,14.619194,120.973203,,,,,,,16,2022-05-11,OSP
MNL036 LP268 NP3-5,MNL036,LP268,NP3-5,MNL036 LP268,Juan Luna/ Solis,MANILA,3,1,BARANGAY 157,,,14.619195,120.973203,,,,,,,24,2022-05-11,OSP
MNL036 LP268 NP6-8,MNL036,LP268,NP6-8,MNL036 LP268,Juan Luna/ Solis,MANILA,3,1,BARANGAY 157,,,14.619344,120.973567,,,,,,,24,2022-05-11,OSP
MNL036 LP269 NP1-2,MNL036,LP269,NP1-2,MNL036 LP269,Juan Luna/ Solis,MANILA,3,1,BARANGAY 157,,,14.619398,120.973224,,,,,,,16,2022-05-11,OSP
MNL036 LP140 NP1-2,MNL036,LP140,NP1-2,MNL036 LP140,Juan Luna/ Solis,MANILA,3,1,BARANGAY 157,,,14.619094,120.973791,,,,,,,16,2020-11-28,OSP
MNL036 LP259 NP3-5,MNL036,LP259,NP3-5,MNL036 LP259,Juan Luna/ Solis,MANILA,3,1,BARANGAY 157,,,14.619703,120.972919,,,,,,,24,2022-05-11,OSP
MNL036 LP259 NP6-8,MNL036,LP259,NP6-8,MNL036 LP259,Juan Luna/ Solis,MANILA,3,1,BARANGAY 157,,,14.619703,120.972919,,,,,,,24,2022-05-11,OSP
MNL036 LP260 NP1-2,MNL036,LP260,NP1-2,MNL036 LP260,Juan Luna/ Solis,MANILA,3,1,BARANGAY 157,,,14.619231,120.972838,,,,,,,16,2022-05-11,OSP
MNL036 LP260 NP3-5,MNL036,LP260,NP3-5,MNL036 LP260,Juan Luna/ Solis,MANILA,3,1,BARANGAY 157,,,14.618854,120.972756,,,,,,,24,2022-05-11,OSP
MNL036 LP260 NP6-8,MNL036,LP260,NP6-8,MNL036 LP260,Juan Luna/ Solis,MANILA,3,1,BARANGAY 157,,,14.61885,120.972759,,,,,,,24,2022-05-11,OSP
MNL036 LP131 NP5-6,MNL036,LP131,NP5-6,MNL036 LP131,Juan Luna/ Solis,MANILA,3,1,BARANGAY 157,,,14.619389,120.973576,,,,,,,16,2020-11-28,OSP
MNL036 LP130 NP3-4,MNL036,LP130,NP3-4,MNL036 LP130,Juan Luna/ Solis,MANILA,3,1,BARANGAY 157,,,14.619973,120.972966,,,,,,,16,2020-11-28,OSP
MNL036 LP130 NP5-6,MNL036,LP130,NP5-6,MNL036 LP130,Juan Luna/ Solis,MANILA,3,1,BARANGAY 157,,,14.619528,120.972875,,,,,,,16,2020-11-28,OSP
MNL036 LP130 NP7-8,MNL036,LP130,NP7-8,MNL036 LP130,Juan Luna/ Solis,MANILA,3,1,BARANGAY 157,,,14.619224,120.972829,,,,,,,16,2020-11-28,OSP
MNL036 LP131 NP1-2,MNL036,LP131,NP1-2,MNL036 LP131,Juan Luna/ Solis,MANILA,3,1,BARANGAY 157,,,14.619192,120.973186,,,,,,,16,2020-11-28,OSP
MNL036 LP131 NP3-4,MNL036,LP131,NP3-4,MNL036 LP131,Juan Luna/ Solis,MANILA,3,1,BARANGAY 157,,,14.619158,120.973547,,,,,,,16,2020-11-28,OSP
MNL036 LP255 NP6-8,MNL036,LP255,NP6-8,MNL036 LP255,Juan Luna/ Solis,MANILA,3,1,BARANGAY 157,,,14.619995,120.972995,,,,,,,24,2022-05-11,OSP
MNL036 LP259 NP1-2,MNL036,LP259,NP1-2,MNL036 LP259,Juan Luna/ Solis,MANILA,3,1,BARANGAY 157,,,14.619849,120.972975,,,,,,,16,2022-05-11,OSP
MNL036 LP273 NP6-8,MNL036,LP273,NP6-8,MNL036 LP273,Juan Luna/ Solis,MANILA,3,1,BARANGAY 157,,,14.619097,120.973934,,,,,,,24,2022-05-11,OSP
MNL036 LP274 NP1-2,MNL036,LP274,NP1-2,MNL036 LP274,Juan Luna/ Solis,MANILA,3,1,BARANGAY 157,,,14.619096,120.973935,,,,,,,16,2022-05-11,OSP
MNL036 LP274 NP3-5,MNL036,LP274,NP3-5,MNL036 LP274,Juan Luna/ Solis,MANILA,3,1,BARANGAY 157,,,14.619078,120.97379,,,,,,,24,2022-05-11,OSP
MNL036 LP269 NP3-5,MNL036,LP269,NP3-5,MNL036 LP269,Juan Luna/ Solis,MANILA,3,1,BARANGAY 157,,,14.619397,120.973222,,,,,,,24,2022-05-11,OSP
MNL036 LP269 NP6-8,MNL036,LP269,NP6-8,MNL036 LP269,Juan Luna/ Solis,MANILA,3,1,BARANGAY 157,,,14.619537,120.973296,,,,,,,24,2022-05-11,OSP
MNL003 LP221 NP5-6,MNL003,LP221,NP5-6,MNL003 LP221,City Square,MANILA,3,1,BARANGAY 158,,,14.620039,120.972611,,,,,,,16,2019-03-29,OSP
MNL003 LP221 NP7-8,MNL003,LP221,NP7-8,MNL003 LP221,City Square,MANILA,3,1,BARANGAY 158,,,14.620193,120.971733,,,,,,,16,2019-03-29,OSP
MNL003 LP222 NP1-2,MNL003,LP222,NP1-2,MNL003 LP222,City Square,MANILA,3,1,BARANGAY 158,,,14.620865,120.972523,,,,,,,16,2019-03-29,OSP
MNL036 LP128 NP1-2,MNL036,LP128,NP1-2,MNL036 LP128,Juan Luna/ Solis,MANILA,3,1,BARANGAY 158,,,14.621362,120.972963,,,,,,,16,2020-11-28,OSP
MNL036 LP128 NP3-4,MNL036,LP128,NP3-4,MNL036 LP128,Juan Luna/ Solis,MANILA,3,1,BARANGAY 158,,,14.620838,120.972844,,,,,,,16,2020-11-28,OSP
MNL036 LP128 NP5-6,MNL036,LP128,NP5-6,MNL036 LP128,Juan Luna/ Solis,MANILA,3,1,BARANGAY 158,,,14.620934,120.972375,,,,,,,16,2020-11-28,OSP
MNL036 LP129 NP1-2,MNL036,LP129,NP1-2,MNL036 LP129,Juan Luna/ Solis,MANILA,3,1,BARANGAY 158,,,14.621015,120.972112,,,,,,,16,2020-11-28,OSP
MNL036 LP129 NP3-4,MNL036,LP129,NP3-4,MNL036 LP129,Juan Luna/ Solis,MANILA,3,1,BARANGAY 158,,,14.620646,120.971788,,,,,,,16,2020-11-28,OSP
MNL036 LP129 NP5-6,MNL036,LP129,NP5-6,MNL036 LP129,Juan Luna/ Solis,MANILA,3,1,BARANGAY 158,,,14.620559,120.971998,,,,,,,16,2020-11-28,OSP
MNL036 LP129 NP7-8,MNL036,LP129,NP7-8,MNL036 LP129,Juan Luna/ Solis,MANILA,3,1,BARANGAY 158,,,14.620172,120.971729,,,,,,,16,2020-11-28,OSP
MNL036 LP130 NP1-2,MNL036,LP130,NP1-2,MNL036 LP130,Juan Luna/ Solis,MANILA,3,1,BARANGAY 158,,,14.620061,120.972367,,,,,,,16,2020-11-28,OSP
MNL036 LP253 NP6-8,MNL036,LP253,NP6-8,MNL036 LP253,Juan Luna/ Solis,MANILA,3,1,BARANGAY 158,,,14.62052,120.972246,,,,,,,24,2022-05-11,OSP
MNL036 LP254 NP1-2,MNL036,LP254,NP1-2,MNL036 LP254,Juan Luna/ Solis,MANILA,3,1,BARANGAY 158,,,14.620152,120.972029,,,,,,,16,2022-05-11,OSP
MNL036 LP254 NP3-5,MNL036,LP254,NP3-5,MNL036 LP254,Juan Luna/ Solis,MANILA,3,1,BARANGAY 158,,,14.620084,120.972391,,,,,,,24,2022-05-11,OSP
MNL036 LP254 NP6-8,MNL036,LP254,NP6-8,MNL036 LP254,Juan Luna/ Solis,MANILA,3,1,BARANGAY 158,,,14.620083,120.972394,,,,,,,24,2022-05-11,OSP
MNL036 LP255 NP1-2,MNL036,LP255,NP1-2,MNL036 LP255,Juan Luna/ Solis,MANILA,3,1,BARANGAY 158,,,14.620049,120.97263,,,,,,,16,2022-05-11,OSP
MNL036 LP255 NP3-5,MNL036,LP255,NP3-5,MNL036 LP255,Juan Luna/ Solis,MANILA,3,1,BARANGAY 158,,,14.620024,120.972805,,,,,,,24,2022-05-11,OSP
MNL036 LP256 NP1-2,MNL036,LP256,NP1-2,MNL036 LP256,Juan Luna/ Solis,MANILA,3,1,BARANGAY 158,,,14.620173,120.973024,,,,,,,16,2022-05-11,OSP
MNL036 LP256 NP3-5,MNL036,LP256,NP3-5,MNL036 LP256,Juan Luna/ Solis,MANILA,3,1,BARANGAY 158,,,14.620292,120.973042,,,,,,,24,2022-05-11,OSP
MNL036 LP256 NP6-8,MNL036,LP256,NP6-8,MNL036 LP256,Juan Luna/ Solis,MANILA,3,1,BARANGAY 158,,,14.62029,120.973042,,,,,,,24,2022-05-11,OSP
MNL036 LP257 NP6-8,MNL036,LP257,NP6-8,MNL036 LP257,Juan Luna/ Solis,MANILA,3,1,BARANGAY 158,,,14.620571,120.973104,,,,,,,24,2022-05-11,OSP
MNL036 LP258 NP1-2,MNL036,LP258,NP1-2,MNL036 LP258,Juan Luna/ Solis,MANILA,3,1,BARANGAY 158,,,14.620569,120.973103,,,,,,,16,2022-05-11,OSP
MNL036 LP249 NP3-5,MNL036,LP249,NP3-5,MNL036 LP249,Juan Luna/ Solis,MANILA,3,1,BARANGAY 158,,,14.621104,120.97259,,,,,,,24,2022-05-11,OSP
MNL036 LP249 NP6-8,MNL036,LP249,NP6-8,MNL036 LP249,Juan Luna/ Solis,MANILA,3,1,BARANGAY 158,,,14.621102,120.972591,,,,,,,24,2022-05-11,OSP
MNL036 LP250 NP1-2,MNL036,LP250,NP1-2,MNL036 LP250,Juan Luna/ Solis,MANILA,3,1,BARANGAY 158,,,14.620937,120.972393,,,,,,,16,2022-05-11,OSP
MNL036 LP250 NP3-5,MNL036,LP250,NP3-5,MNL036 LP250,Juan Luna/ Solis,MANILA,3,1,BARANGAY 158,,,14.620845,120.97268,,,,,,,24,2022-05-11,OSP
MNL036 LP250 NP6-8,MNL036,LP250,NP6-8,MNL036 LP250,Juan Luna/ Solis,MANILA,3,1,BARANGAY 158,,,14.620845,120.97268,,,,,,,24,2022-05-11,OSP
MNL036 LP251 NP1-2,MNL036,LP251,NP1-2,MNL036 LP251,Juan Luna/ Solis,MANILA,3,1,BARANGAY 158,,,14.620847,120.972844,,,,,,,16,2022-05-11,OSP
MNL036 LP251 NP3-5,MNL036,LP251,NP3-5,MNL036 LP251,Juan Luna/ Solis,MANILA,3,1,BARANGAY 158,,,14.621027,120.972871,,,,,,,24,2022-05-11,OSP
MNL036 LP251 NP6-8,MNL036,LP251,NP6-8,MNL036 LP251,Juan Luna/ Solis,MANILA,3,1,BARANGAY 158,,,14.621028,120.972872,,,,,,,24,2022-05-11,OSP
MNL036 LP252 NP1-2,MNL036,LP252,NP1-2,MNL036 LP252,Juan Luna/ Solis,MANILA,3,1,BARANGAY 158,,,14.62136,120.972961,,,,,,,16,2022-05-11,OSP
MNL036 LP252 NP3-5,MNL036,LP252,NP3-5,MNL036 LP252,Juan Luna/ Solis,MANILA,3,1,BARANGAY 158,,,14.621414,120.972977,,,,,,,24,2022-05-11,OSP
MNL036 LP252 NP6-8,MNL036,LP252,NP6-8,MNL036 LP252,Juan Luna/ Solis,MANILA,3,1,BARANGAY 158,,,14.621414,120.972976,,,,,,,24,2022-05-11,OSP
MNL036 LP253 NP1-2,MNL036,LP253,NP1-2,MNL036 LP253,Juan Luna/ Solis,MANILA,3,1,BARANGAY 158,,,14.620643,120.971794,,,,,,,16,2022-05-11,OSP
MNL036 LP253 NP3-5,MNL036,LP253,NP3-5,MNL036 LP253,Juan Luna/ Solis,MANILA,3,1,BARANGAY 158,,,14.620552,120.971985,,,,,,,24,2022-05-11,OSP
MNL036 LP247 NP1-2,MNL036,LP247,NP1-2,MNL036 LP247,Juan Luna/ Solis,MANILA,3,1,BARANGAY 158,,,14.621078,120.971945,,,,,,,16,2022-05-11,OSP
MNL036 LP247 NP3-5,MNL036,LP247,NP3-5,MNL036 LP247,Juan Luna/ Solis,MANILA,3,1,BARANGAY 158,,,14.621075,120.971945,,,,,,,24,2022-05-11,OSP
MNL036 LP247 NP6-8,MNL036,LP247,NP6-8,MNL036 LP247,Juan Luna/ Solis,MANILA,3,1,BARANGAY 158,,,14.621018,120.972138,,,,,,,24,2022-05-11,OSP
MNL036 LP248 NP1-2,MNL036,LP248,NP1-2,MNL036 LP248,Juan Luna/ Solis,MANILA,3,1,BARANGAY 158,,,14.621199,120.972261,,,,,,,16,2022-05-11,OSP
MNL036 LP248 NP3-5,MNL036,LP248,NP3-5,MNL036 LP248,Juan Luna/ Solis,MANILA,3,1,BARANGAY 158,,,14.621198,120.972259,,,,,,,24,2022-05-11,OSP
MNL036 LP248 NP6-8,MNL036,LP248,NP6-8,MNL036 LP248,Juan Luna/ Solis,MANILA,3,1,BARANGAY 158,,,14.621143,120.972345,,,,,,,24,2022-05-11,OSP
MNL036 LP249 NP1-2,MNL036,LP249,NP1-2,MNL036 LP249,Juan Luna/ Solis,MANILA,3,1,BARANGAY 158,,,14.621143,120.972345,,,,,,,16,2022-05-11,OSP
MNL003 LP26 NP2,MNL003,LP26,NP2,MNL003 LP26,City Square,MANILA,3,1,BARANGAY 159,,,14.618548,120.974162,,,,,,,8,2017-11-27,OSP
MNL003 LP26 NP3,MNL003,LP26,NP3,MNL003 LP26,City Square,MANILA,3,1,BARANGAY 159,,,14.618928,120.974236,,,,,,,8,2017-11-27,OSP
MNL003 LP26 NP6-7-8,MNL003,LP26,NP6-7-8,MNL003 LP26,City Square,MANILA,3,1,BARANGAY 159,,,14.619412,120.974298,,,,,,,24,2020-08-07,OSP
MNL003 LP62 NP3-4,MNL003,LP62,NP3-4,MNL003 LP62,City Square,MANILA,3,1,BARANGAY 159,,,14.61929494,120.9743341,,,,,,,16,2018-08-27,OSP
MNL036 LP267 NP1-2,MNL036,LP267,NP1-2,MNL036 LP267,Juan Luna/ Solis,MANILA,3,1,BARANGAY 159,,,14.618807,120.973456,,,,,,,16,2022-05-11,OSP
MNL036 LP267 NP3-5,MNL036,LP267,NP3-5,MNL036 LP267,Juan Luna/ Solis,MANILA,3,1,BARANGAY 159,,,14.618804,120.973455,,,,,,,24,2022-05-11,OSP
MNL036 LP138 NP1-2,MNL036,LP138,NP1-2,MNL036 LP138,Juan Luna/ Solis,MANILA,3,1,BARANGAY 159,,,14.619667,120.974405,,,,,,,16,2020-11-28,OSP
MNL036 LP138 NP3-4,MNL036,LP138,NP3-4,MNL036 LP138,Juan Luna/ Solis,MANILA,3,1,BARANGAY 159,,,14.619355,120.974346,,,,,,,16,2020-11-28,OSP
MNL036 LP138 NP5-6,MNL036,LP138,NP5-6,MNL036 LP138,Juan Luna/ Solis,MANILA,3,1,BARANGAY 159,,,14.619054,120.974296,,,,,,,16,2020-11-28,OSP
MNL036 LP138 NP7-8,MNL036,LP138,NP7-8,MNL036 LP138,Juan Luna/ Solis,MANILA,3,1,BARANGAY 159,,,14.618481,120.974201,,,,,,,16,2020-11-28,OSP
MNL036 LP140 NP3-4,MNL036,LP140,NP3-4,MNL036 LP140,Juan Luna/ Solis,MANILA,3,1,BARANGAY 159,,,14.61876,120.973741,,,,,,,16,2020-11-28,OSP
MNL036 LP140 NP5-6,MNL036,LP140,NP5-6,MNL036 LP140,Juan Luna/ Solis,MANILA,3,1,BARANGAY 159,,,14.618551,120.973756,,,,,,,16,2020-11-28,OSP
MNL036 LP131 NP7-8,MNL036,LP131,NP7-8,MNL036 LP131,Juan Luna/ Solis,MANILA,3,1,BARANGAY 159,,,14.618794,120.973437,,,,,,,16,2020-11-28,OSP
MNL036 LP274 NP6-8,MNL036,LP274,NP6-8,MNL036 LP274,Juan Luna/ Solis,MANILA,3,1,BARANGAY 159,,,14.618764,120.973734,,,,,,,24,2022-05-11,OSP
MNL036 LP275 NP1-2,MNL036,LP275,NP1-2,MNL036 LP275,Juan Luna/ Solis,MANILA,3,1,BARANGAY 159,,,14.618562,120.97374,,,,,,,16,2022-05-11,OSP
MNL036 LP276 NP1-2,MNL036,LP276,NP1-2,MNL036 LP276,Juan Luna/ Solis,MANILA,3,1,BARANGAY 159,,,14.619317,120.974329,,,,,,,16,2022-05-11,OSP
MNL036 LP276 NP3-5,MNL036,LP276,NP3-5,MNL036 LP276,Juan Luna/ Solis,MANILA,3,1,BARANGAY 159,,,14.619645,120.974385,,,,,,,24,2022-05-11,OSP
MNL036 LP276 NP6-8,MNL036,LP276,NP6-8,MNL036 LP276,Juan Luna/ Solis,MANILA,3,1,BARANGAY 159,,,14.61964,120.974382,,,,,,,24,2022-05-11,OSP
MNL036 LP277 NP1-2,MNL036,LP277,NP1-2,MNL036 LP277,Juan Luna/ Solis,MANILA,3,1,BARANGAY 159,,,14.619941,120.974431,,,,,,,16,2022-05-11,OSP
MNL036 LP277 NP3-5,MNL036,LP277,NP3-5,MNL036 LP277,Juan Luna/ Solis,MANILA,3,1,BARANGAY 159,,,14.61994,120.974433,,,,,,,24,2022-05-11,OSP
MNL036 LP277 NP6-8,MNL036,LP277,NP6-8,MNL036 LP277,Juan Luna/ Solis,MANILA,3,1,BARANGAY 159,,,14.619939,120.974433,,,,,,,24,2022-05-11,OSP
MNL036 LP271 NP6-8,MNL036,LP271,NP6-8,MNL036 LP271,Juan Luna/ Solis,MANILA,3,1,BARANGAY 159,,,14.618439,120.974177,,,,,,,24,2022-05-11,OSP
MNL036 LP272 NP1-2,MNL036,LP272,NP1-2,MNL036 LP272,Juan Luna/ Solis,MANILA,3,1,BARANGAY 159,,,14.618436,120.974176,,,,,,,16,2022-05-11,OSP
MNL036 LP272 NP3-5,MNL036,LP272,NP3-5,MNL036 LP272,Juan Luna/ Solis,MANILA,3,1,BARANGAY 159,,,14.618724,120.974228,,,,,,,24,2022-05-11,OSP
MNL036 LP272 NP6-8,MNL036,LP272,NP6-8,MNL036 LP272,Juan Luna/ Solis,MANILA,3,1,BARANGAY 159,,,14.619046,120.974284,,,,,,,24,2022-05-11,OSP
MNL036 LP273 NP1-2,MNL036,LP273,NP1-2,MNL036 LP273,Juan Luna/ Solis,MANILA,3,1,BARANGAY 159,,,14.619078,120.974101,,,,,,,16,2022-05-11,OSP
MNL036 LP273 NP3-5,MNL036,LP273,NP3-5,MNL036 LP273,Juan Luna/ Solis,MANILA,3,1,BARANGAY 159,,,14.619077,120.974101,,,,,,,24,2022-05-11,OSP
MNL003 LP201 NP3-4,MNL003,LP201,NP3-4,MNL003 LP201,City Square,MANILA,3,1,BARANGAY 16,,,14.60199925,120.9645954,,,,,,,16,2019-01-30,OSP
MNL003 LP407 NP5-6,MNL003,LP407,NP5-6,MNL003 LP407,City Square,MANILA,3,1,BARANGAY 16,,,14.602197,120.965836,,,,,,,16,2019-10-28,OSP
MNL003 LP408 NP1-2,MNL003,LP408,NP1-2,MNL003 LP408,City Square,MANILA,3,1,BARANGAY 16,,,14.602648,120.965098,,,,,,,16,2019-10-28,OSP
MNL003 LP408 NP5-6,MNL003,LP408,NP5-6,MNL003 LP408,City Square,MANILA,3,1,BARANGAY 16,,,14.602315,120.965385,,,,,,,16,2019-10-28,OSP
MNL003 LP408 NP7-8,MNL003,LP408,NP7-8,MNL003 LP408,City Square,MANILA,3,1,BARANGAY 16,,,14.601997,120.965441,,,,,,,16,2019-10-28,OSP
MNL005 LP344 NP1-2,MNL005,LP344,NP1-2,MNL005 LP344,Orchard Building (City Square 2),MANILA,3,1,BARANGAY 16,,,14.60204,120.964606,,,,,,,16,2021-10-21,OSP
MNL005 LP344 NP3-5,MNL005,LP344,NP3-5,MNL005 LP344,Orchard Building (City Square 2),MANILA,3,1,BARANGAY 16,,,14.602047,120.964913,,,,,,,24,2021-10-21,OSP
MNL005 LP344 NP6-8,MNL005,LP344,NP6-8,MNL005 LP344,Orchard Building (City Square 2),MANILA,3,1,BARANGAY 16,,,14.602049,120.964918,,,,,,,24,2021-10-21,OSP
MNL005 LP345 NP1-2,MNL005,LP345,NP1-2,MNL005 LP345,Orchard Building (City Square 2),MANILA,3,1,BARANGAY 16,,,14.60239,120.964563,,,,,,,16,2021-10-21,OSP
MNL005 LP335 NP1-2,MNL005,LP335,NP1-2,MNL005 LP335,Orchard Building (City Square 2),MANILA,3,1,BARANGAY 16,,,14.602335,120.9654,,,,,,,16,2021-10-21,OSP
MNL005 LP337 NP1-2,MNL005,LP337,NP1-2,MNL005 LP337,Orchard Building (City Square 2),MANILA,3,1,BARANGAY 16,,,14.602281,120.965364,,,,,,,16,2021-10-21,OSP
MNL005 LP337 NP3-5,MNL005,LP337,NP3-5,MNL005 LP337,Orchard Building (City Square 2),MANILA,3,1,BARANGAY 16,,,14.602279,120.965365,,,,,,,24,2021-10-21,OSP
MNL005 LP334 NP1-2,MNL005,LP334,NP1-2,MNL005 LP334,Orchard Building (City Square 2),MANILA,3,1,BARANGAY 16,,,14.602346,120.965684,,,,,,,16,2021-10-21,OSP
MNL005 LP334 NP3-5,MNL005,LP334,NP3-5,MNL005 LP334,Orchard Building (City Square 2),MANILA,3,1,BARANGAY 16,,,14.602254,120.965824,,,,,,,24,2021-10-21,OSP
MNL003 LP221 NP1-2,MNL003,LP221,NP1-2,MNL003 LP221,City Square,MANILA,3,1,BARANGAY 160,,,14.620079,120.974371,,,,,,,16,2019-03-29,OSP
MNL003 LP26 NP4-5,MNL003,LP26,NP4-5,MNL003 LP26,City Square,MANILA,3,1,BARANGAY 160,,,14.61996,120.97439,,,,,,,16,2017-11-27,OSP
MNL036 LP136 NP1-2,MNL036,LP136,NP1-2,MNL036 LP136,Juan Luna/ Solis,MANILA,3,1,BARANGAY 160,,,14.620123,120.973399,,,,,,,16,2020-11-28,OSP
MNL036 LP136 NP3-4,MNL036,LP136,NP3-4,MNL036 LP136,Juan Luna/ Solis,MANILA,3,1,BARANGAY 160,,,14.62011,120.974001,,,,,,,16,2020-11-28,OSP
MNL036 LP136 NP5-6,MNL036,LP136,NP5-6,MNL036 LP136,Juan Luna/ Solis,MANILA,3,1,BARANGAY 160,,,14.620097,120.97435,,,,,,,16,2020-11-28,OSP
MNL036 LP136 NP7-8,MNL036,LP136,NP7-8,MNL036 LP136,Juan Luna/ Solis,MANILA,3,1,BARANGAY 160,,,14.620373,120.974403,,,,,,,16,2020-11-28,OSP
MNL036 LP257 NP1-2,MNL036,LP257,NP1-2,MNL036 LP257,Juan Luna/ Solis,MANILA,3,1,BARANGAY 160,,,14.620425,120.973072,,,,,,,16,2022-05-11,OSP
MNL036 LP257 NP3-5,MNL036,LP257,NP3-5,MNL036 LP257,Juan Luna/ Solis,MANILA,3,1,BARANGAY 160,,,14.620425,120.973071,,,,,,,24,2022-05-11,OSP
MNL036 LP258 NP3-5,MNL036,LP258,NP3-5,MNL036 LP258,Juan Luna/ Solis,MANILA,3,1,BARANGAY 160,,,14.62074,120.973142,,,,,,,24,2022-05-11,OSP
MNL036 LP258 NP6-8,MNL036,LP258,NP6-8,MNL036 LP258,Juan Luna/ Solis,MANILA,3,1,BARANGAY 160,,,14.620736,120.973142,,,,,,,24,2022-05-11,OSP
MNL036 LP279 NP3-5,MNL036,LP279,NP3-5,MNL036 LP279,Juan Luna/ Solis,MANILA,3,1,BARANGAY 160,,,14.620107,120.973375,,,,,,,24,2022-05-11,OSP
MNL036 LP278 NP1-2,MNL036,LP278,NP1-2,MNL036 LP278,Juan Luna/ Solis,MANILA,3,1,BARANGAY 160,,,14.620087,120.97437,,,,,,,16,2022-05-11,OSP
MNL036 LP278 NP3-5,MNL036,LP278,NP3-5,MNL036 LP278,Juan Luna/ Solis,MANILA,3,1,BARANGAY 160,,,14.620086,120.97437,,,,,,,24,2022-05-11,OSP
MNL036 LP278 NP6-8,MNL036,LP278,NP6-8,MNL036 LP278,Juan Luna/ Solis,MANILA,3,1,BARANGAY 160,,,14.620354,120.974409,,,,,,,24,2022-05-11,OSP
MNL036 LP279 NP1-2,MNL036,LP279,NP1-2,MNL036 LP279,Juan Luna/ Solis,MANILA,3,1,BARANGAY 160,,,14.620099,120.973734,,,,,,,16,2022-05-11,OSP
MNL003 LP224 NP1-2,MNL003,LP224,NP1-2,MNL003 LP224,City Square,MANILA,3,1,BARANGAY 161,,,14.627733,120.973716,,,,,,,16,2019-03-29,OSP
MNL003 LP224 NP3-4,MNL003,LP224,NP3-4,MNL003 LP224,City Square,MANILA,3,1,BARANGAY 161,,,14.62751,120.975419,,,,,,,16,2019-03-29,OSP
VAL001 LP27 NP1-2,VAL001,LP27,NP1-2,VAL001 LP27,Gotaco,MANILA,3,1,BARANGAY 161,,,14.628366,120.97384,,,,,,,16,2016-03-07,OSP
MNL036 LP115 NP1-2,MNL036,LP115,NP1-2,MNL036 LP115,Juan Luna/ Solis,MANILA,3,1,BARANGAY 161,,,14.627658,120.974243,,,,,,,16,2020-11-28,OSP
MNL036 LP114 NP1-2,MNL036,LP114,NP1-2,MNL036 LP114,Juan Luna/ Solis,MANILA,3,1,BARANGAY 161,,,14.627508,120.975415,,,,,,,16,2020-11-28,OSP
MNL036 LP114 NP3-4,MNL036,LP114,NP3-4,MNL036 LP114,Juan Luna/ Solis,MANILA,3,1,BARANGAY 161,,,14.627553,120.973975,,,,,,,16,2020-11-28,OSP
MNL036 LP212 NP1-2,MNL036,LP212,NP1-2,MNL036 LP212,Juan Luna/ Solis,MANILA,3,1,BARANGAY 161,,,14.627563,120.975018,,,,,,,16,2022-05-10,OSP
MNL036 LP212 NP3-5,MNL036,LP212,NP3-5,MNL036 LP212,Juan Luna/ Solis,MANILA,3,1,BARANGAY 161,,,14.6276,120.97471,,,,,,,24,2022-05-10,OSP
MNL036 LP212 NP6-8,MNL036,LP212,NP6-8,MNL036 LP212,Juan Luna/ Solis,MANILA,3,1,BARANGAY 161,,,14.627645,120.97437,,,,,,,24,2022-05-10,OSP
MNL036 LP213 NP1-2,MNL036,LP213,NP1-2,MNL036 LP213,Juan Luna/ Solis,MANILA,3,1,BARANGAY 161,,,14.628422,120.975538,,,,,,,16,2022-05-10,OSP
MNL036 LP67 NP3-4,MNL036,LP67,NP3-4,MNL036 LP67,Juan Luna/ Solis,MANILA,3,1,BARANGAY 161,,,14.628378,120.973856,,,,,,,16,2020-08-30,OSP
MNL036 LP67 NP5-6,MNL036,LP67,NP5-6,MNL036 LP67,Juan Luna/ Solis,MANILA,3,1,BARANGAY 161,,,14.62832,120.974098,,,,,,,16,2020-08-30,OSP
MNL036 LP64 NP7-8,MNL036,LP64,NP7-8,MNL036 LP64,Juan Luna/ Solis,MANILA,3,1,BARANGAY 161,,,14.628229,120.975513,,,,,,,16,2020-08-30,OSP
MNL003 LP224 NP7-8,MNL003,LP224,NP7-8,MNL003 LP224,City Square,MANILA,3,1,BARANGAY 162,,,14.626649,120.975026,,,,,,,16,2019-03-29,OSP
MNL003 LP225 NP1-2,MNL003,LP225,NP1-2,MNL003 LP225,City Square,MANILA,3,1,BARANGAY 162,,,14.62656,120.974117,,,,,,,16,2019-03-29,OSP
MNL036 LP114 NP5-6,MNL036,LP114,NP5-6,MNL036 LP114,Juan Luna/ Solis,MANILA,3,1,BARANGAY 162,,,14.627297,120.973832,,,,,,,16,2020-11-28,OSP
MNL036 LP114 NP7-8,MNL036,LP114,NP7-8,MNL036 LP114,Juan Luna/ Solis,MANILA,3,1,BARANGAY 162,,,14.627091,120.97372,,,,,,,16,2020-11-28,OSP
MNL036 LP115 NP3-4,MNL036,LP115,NP3-4,MNL036 LP115,Juan Luna/ Solis,MANILA,3,1,BARANGAY 162,,,14.627241,120.974199,,,,,,,16,2020-11-28,OSP
MNL036 LP115 NP5-6,MNL036,LP115,NP5-6,MNL036 LP115,Juan Luna/ Solis,MANILA,3,1,BARANGAY 162,,,14.627064,120.97418,,,,,,,16,2020-11-28,OSP
MNL036 LP112 NP1-2,MNL036,LP112,NP1-2,MNL036 LP112,Juan Luna/ Solis,MANILA,3,1,BARANGAY 162,,,14.626664,120.973481,,,,,,,16,2020-11-28,OSP
MNL036 LP112 NP3-4,MNL036,LP112,NP3-4,MNL036 LP112,Juan Luna/ Solis,MANILA,3,1,BARANGAY 162,,,14.626558,120.974117,,,,,,,16,2020-11-28,OSP
MNL036 LP112 NP5-6,MNL036,LP112,NP5-6,MNL036 LP112,Juan Luna/ Solis,MANILA,3,1,BARANGAY 162,,,14.626592,120.974725,,,,,,,16,2020-11-28,OSP
MNL036 LP112 NP7-8,MNL036,LP112,NP7-8,MNL036 LP112,Juan Luna/ Solis,MANILA,3,1,BARANGAY 162,,,14.626758,120.974704,,,,,,,16,2020-11-28,OSP
MNL036 LP113 NP1-2,MNL036,LP113,NP1-2,MNL036 LP113,Juan Luna/ Solis,MANILA,3,1,BARANGAY 162,,,14.626734,120.975329,,,,,,,16,2020-11-28,OSP
MNL036 LP210 NP1-2,MNL036,LP210,NP1-2,MNL036 LP210,Juan Luna/ Solis,MANILA,3,1,BARANGAY 162,,,14.626665,120.973749,,,,,,,16,2022-05-10,OSP
MNL036 LP210 NP3-5,MNL036,LP210,NP3-5,MNL036 LP210,Juan Luna/ Solis,MANILA,3,1,BARANGAY 162,,,14.626553,120.974129,,,,,,,24,2022-05-10,OSP
MNL036 LP210 NP6-8,MNL036,LP210,NP6-8,MNL036 LP210,Juan Luna/ Solis,MANILA,3,1,BARANGAY 162,,,14.626547,120.974441,,,,,,,24,2022-05-10,OSP
MNL036 LP211 NP1-2,MNL036,LP211,NP1-2,MNL036 LP211,Juan Luna/ Solis,MANILA,3,1,BARANGAY 162,,,14.626687,120.975133,,,,,,,16,2022-05-10,OSP
MNL036 LP211 NP3-5,MNL036,LP211,NP3-5,MNL036 LP211,Juan Luna/ Solis,MANILA,3,1,BARANGAY 162,,,14.626686,120.975134,,,,,,,24,2022-05-10,OSP
MNL036 LP211 NP6-8,MNL036,LP211,NP6-8,MNL036 LP211,Juan Luna/ Solis,MANILA,3,1,BARANGAY 162,,,14.626725,120.975324,,,,,,,24,2022-05-10,OSP
MNL003 LP223 NP3-4,MNL003,LP223,NP3-4,MNL003 LP223,City Square,MANILA,3,1,BARANGAY 163,,,14.623231,120.973732,,,,,,,16,2019-03-29,OSP
MNL003 LP223 NP5-6,MNL003,LP223,NP5-6,MNL003 LP223,City Square,MANILA,3,1,BARANGAY 163,,,14.623746,120.973897,,,,,,,16,2019-03-29,OSP
MNL003 LP223 NP7-8,MNL003,LP223,NP7-8,MNL003 LP223,City Square,MANILA,3,1,BARANGAY 163,,,14.623913,120.973464,,,,,,,16,2019-03-29,OSP
MNL036 LP119 NP7-8,MNL036,LP119,NP7-8,MNL036 LP119,Juan Luna/ Solis,MANILA,3,1,BARANGAY 163,,,14.623858,120.973649,,,,,,,16,2020-11-28,OSP
MNL036 LP120 NP1-2,MNL036,LP120,NP1-2,MNL036 LP120,Juan Luna/ Solis,MANILA,3,1,BARANGAY 163,,,14.623749,120.9739,,,,,,,16,2020-11-28,OSP
MNL036 LP120 NP3-4,MNL036,LP120,NP3-4,MNL036 LP120,Juan Luna/ Solis,MANILA,3,1,BARANGAY 163,,,14.623618,120.974364,,,,,,,16,2020-11-28,OSP
MNL036 LP120 NP5-6,MNL036,LP120,NP5-6,MNL036 LP120,Juan Luna/ Solis,MANILA,3,1,BARANGAY 163,,,14.623252,120.973294,,,,,,,16,2020-11-28,OSP
MNL036 LP121 NP1-2,MNL036,LP121,NP1-2,MNL036 LP121,Juan Luna/ Solis,MANILA,3,1,BARANGAY 163,,,14.623245,120.973744,,,,,,,16,2020-11-28,OSP
MNL036 LP121 NP3-4,MNL036,LP121,NP3-4,MNL036 LP121,Juan Luna/ Solis,MANILA,3,1,BARANGAY 163,,,14.623221,120.973853,,,,,,,16,2020-11-28,OSP
MNL036 LP121 NP5-6,MNL036,LP121,NP5-6,MNL036 LP121,Juan Luna/ Solis,MANILA,3,1,BARANGAY 163,,,14.623163,120.974164,,,,,,,16,2020-11-28,OSP
MNL036 LP122 NP5-6,MNL036,LP122,NP5-6,MNL036 LP122,Juan Luna/ Solis,MANILA,3,1,BARANGAY 163,,,14.623079,120.97329,,,,,,,16,2020-11-28,OSP
MNL036 LP116 NP5-6,MNL036,LP116,NP5-6,MNL036 LP116,Juan Luna/ Solis,MANILA,3,1,BARANGAY 163,,,14.624116,120.973334,,,,,,,16,2020-11-28,OSP
MNL036 LP116 NP7-8,MNL036,LP116,NP7-8,MNL036 LP116,Juan Luna/ Solis,MANILA,3,1,BARANGAY 163,,,14.624092,120.973487,,,,,,,16,2020-11-28,OSP
MNL036 LP117 NP1-2,MNL036,LP117,NP1-2,MNL036 LP117,Juan Luna/ Solis,MANILA,3,1,BARANGAY 163,,,14.624287,120.973694,,,,,,,16,2020-11-28,OSP
MNL036 LP117 NP3-4,MNL036,LP117,NP3-4,MNL036 LP117,Juan Luna/ Solis,MANILA,3,1,BARANGAY 163,,,14.62454,120.973785,,,,,,,16,2020-11-28,OSP
MNL036 LP117 NP5-6,MNL036,LP117,NP5-6,MNL036 LP117,Juan Luna/ Solis,MANILA,3,1,BARANGAY 163,,,14.62472,120.973882,,,,,,,16,2020-11-28,OSP
MNL036 LP119 NP1-2,MNL036,LP119,NP1-2,MNL036 LP119,Juan Luna/ Solis,MANILA,3,1,BARANGAY 163,,,14.623927,120.973446,,,,,,,16,2020-11-28,OSP
MNL036 LP119 NP3-4,MNL036,LP119,NP3-4,MNL036 LP119,Juan Luna/ Solis,MANILA,3,1,BARANGAY 163,,,14.623543,120.973331,,,,,,,16,2020-11-28,OSP
MNL036 LP119 NP5-6,MNL036,LP119,NP5-6,MNL036 LP119,Juan Luna/ Solis,MANILA,3,1,BARANGAY 163,,,14.6236,120.973027,,,,,,,16,2020-11-28,OSP
MNL036 LP226 NP1-2,MNL036,LP226,NP1-2,MNL036 LP226,Juan Luna/ Solis,MANILA,3,1,BARANGAY 163,,,14.623343,120.973284,,,,,,,16,2022-05-10,OSP
MNL036 LP226 NP3-5,MNL036,LP226,NP3-5,MNL036 LP226,Juan Luna/ Solis,MANILA,3,1,BARANGAY 163,,,14.623343,120.973285,,,,,,,24,2022-05-10,OSP
MNL036 LP226 NP6-8,MNL036,LP226,NP6-8,MNL036 LP226,Juan Luna/ Solis,MANILA,3,1,BARANGAY 163,,,14.623526,120.973335,,,,,,,24,2022-05-10,OSP
MNL036 LP227 NP1-2,MNL036,LP227,NP1-2,MNL036 LP227,Juan Luna/ Solis,MANILA,3,1,BARANGAY 163,,,14.623712,120.973391,,,,,,,16,2022-05-10,OSP
MNL036 LP227 NP3-5,MNL036,LP227,NP3-5,MNL036 LP227,Juan Luna/ Solis,MANILA,3,1,BARANGAY 163,,,14.623712,120.973392,,,,,,,24,2022-05-10,OSP
MNL036 LP227 NP6-8,MNL036,LP227,NP6-8,MNL036 LP227,Juan Luna/ Solis,MANILA,3,1,BARANGAY 163,,,14.623859,120.973603,,,,,,,24,2022-05-10,OSP
MNL036 LP228 NP1-2,MNL036,LP228,NP1-2,MNL036 LP228,Juan Luna/ Solis,MANILA,3,1,BARANGAY 163,,,14.624296,120.973607,,,,,,,16,2022-05-10,OSP
MNL036 LP228 NP3-5,MNL036,LP228,NP3-5,MNL036 LP228,Juan Luna/ Solis,MANILA,3,1,BARANGAY 163,,,14.624295,120.973607,,,,,,,24,2022-05-10,OSP
MNL036 LP228 NP6-8,MNL036,LP228,NP6-8,MNL036 LP228,Juan Luna/ Solis,MANILA,3,1,BARANGAY 163,,,14.624391,120.97372,,,,,,,24,2022-05-10,OSP
MNL036 LP229 NP1-2,MNL036,LP229,NP1-2,MNL036 LP229,Juan Luna/ Solis,MANILA,3,1,BARANGAY 163,,,14.62369,120.974175,,,,,,,16,2022-05-10,OSP
MNL036 LP229 NP3-5,MNL036,LP229,NP3-5,MNL036 LP229,Juan Luna/ Solis,MANILA,3,1,BARANGAY 163,,,14.62369,120.974177,,,,,,,24,2022-05-10,OSP
MNL036 LP229 NP6-8,MNL036,LP229,NP6-8,MNL036 LP229,Juan Luna/ Solis,MANILA,3,1,BARANGAY 163,,,14.623606,120.97436,,,,,,,24,2022-05-10,OSP
MNL036 LP216 NP6-8,MNL036,LP216,NP6-8,MNL036 LP216,Juan Luna/ Solis,MANILA,3,1,BARANGAY 163,,,14.624269,120.972874,,,,,,,24,2022-05-10,OSP
MNL036 LP217 NP1-2,MNL036,LP217,NP1-2,MNL036 LP217,Juan Luna/ Solis,MANILA,3,1,BARANGAY 163,,,14.624264,120.972872,,,,,,,16,2022-05-10,OSP
MNL036 LP218 NP1-2,MNL036,LP218,NP1-2,MNL036 LP218,Juan Luna/ Solis,MANILA,3,1,BARANGAY 163,,,14.623655,120.972716,,,,,,,16,2022-05-10,OSP
MNL036 LP218 NP3-5,MNL036,LP218,NP3-5,MNL036 LP218,Juan Luna/ Solis,MANILA,3,1,BARANGAY 163,,,14.623652,120.972716,,,,,,,24,2022-05-10,OSP
MNL003 LP225 NP7-8,MNL003,LP225,NP7-8,MNL003 LP225,City Square,MANILA,3,1,BARANGAY 164,,,14.625193,120.974991,,,,,,,16,2019-09-23,OSP
MNL036 LP117 NP7-8,MNL036,LP117,NP7-8,MNL036 LP117,Juan Luna/ Solis,MANILA,3,1,BARANGAY 164,,,14.624731,120.974282,,,,,,,16,2020-11-28,OSP
MNL036 LP118 NP1-2,MNL036,LP118,NP1-2,MNL036 LP118,Juan Luna/ Solis,MANILA,3,1,BARANGAY 164,,,14.624661,120.974414,,,,,,,16,2020-11-28,OSP
MNL003 LP225 NP3-4,MNL003,LP225,NP3-4,MNL003 LP225,City Square,MANILA,3,1,BARANGAY 165,,,14.626305,120.975177,,,,,,,16,2019-09-23,OSP
MNL003 LP225 NP5-6,MNL003,LP225,NP5-6,MNL003 LP225,City Square,MANILA,3,1,BARANGAY 165,,,14.625584,120.975066,,,,,,,16,2019-09-23,OSP
MNL036 LP113 NP3-4,MNL036,LP113,NP3-4,MNL036 LP113,Juan Luna/ Solis,MANILA,3,1,BARANGAY 165,,,14.626293,120.975166,,,,,,,16,2020-11-28,OSP
MNL036 LP113 NP5-6,MNL036,LP113,NP5-6,MNL036 LP113,Juan Luna/ Solis,MANILA,3,1,BARANGAY 165,,,14.625803,120.975081,,,,,,,16,2020-11-28,OSP
MNL036 LP113 NP7-8,MNL036,LP113,NP7-8,MNL036 LP113,Juan Luna/ Solis,MANILA,3,1,BARANGAY 165,,,14.625449,120.975013,,,,,,,16,2020-11-28,OSP
MNL003 LP52 NP5-6,MNL003,LP52,NP5-6,MNL003 LP52,City Square,MANILA,3,1,BARANGAY 166,,,14.62544,120.971667,,,,,,,16,2018-07-18,OSP
MNL003 LP52 NP7-8,MNL003,LP52,NP7-8,MNL003 LP52,City Square,MANILA,3,1,BARANGAY 166,,,14.625336,120.972484,,,,,,,16,2020-08-07,OSP
MNL003 LP53 NP1-2,MNL003,LP53,NP1-2,MNL003 LP53,City Square,MANILA,3,1,BARANGAY 166,,,14.625461,120.972185,,,,,,,16,2018-07-18,OSP
MNL003 LP53 NP3-4,MNL003,LP53,NP3-4,MNL003 LP53,City Square,MANILA,3,1,BARANGAY 166,,,14.625695,120.972243,,,,,,,16,2018-07-18,OSP
MNL003 LP53 NP5-6,MNL003,LP53,NP5-6,MNL003 LP53,City Square,MANILA,3,1,BARANGAY 166,,,14.625957,120.972289,,,,,,,16,2018-07-18,OSP
MNL003 LP53 NP7-8,MNL003,LP53,NP7-8,MNL003 LP53,City Square,MANILA,3,1,BARANGAY 166,,,14.626449,120.972396,,,,,,,16,2018-07-18,OSP
VAL001 LP27 NP3-4,VAL001,LP27,NP3-4,VAL001 LP27,Gotaco,MANILA,3,1,BARANGAY 166,,,14.625317,120.973118,,,,,,,16,2016-03-07,OSP
MNL036 LP141 NP1-2,MNL036,LP141,NP1-2,MNL036 LP141,Juan Luna/ Solis,MANILA,3,1,BARANGAY 166,,,14.625751,120.973101,,,,,,,16,2020-11-28,OSP
MNL036 LP116 NP1-2,MNL036,LP116,NP1-2,MNL036 LP116,Juan Luna/ Solis,MANILA,3,1,BARANGAY 166,,,14.62579,120.973238,,,,,,,16,2020-11-28,OSP
MNL036 LP1 NP3-4,MNL036,LP1,NP3-4,MNL036 LP1,Juan Luna/ Solis,MANILA,3,1,BARANGAY 166,,,14.626437,120.971846,,,,,,,16,2020-07-30,OSP
MNL036 LP1 NP5-6,MNL036,LP1,NP5-6,MNL036 LP1,Juan Luna/ Solis,MANILA,3,1,BARANGAY 166,,,14.626564,120.971383,,,,,,,16,2020-07-30,OSP
MNL036 LP10 NP1-2,MNL036,LP10,NP1-2,MNL036 LP10,Juan Luna/ Solis,MANILA,3,1,BARANGAY 166,,,14.626211,120.973214,,,,,,,16,2020-07-30,OSP
MNL036 LP10 NP3-4,MNL036,LP10,NP3-4,MNL036 LP10,Juan Luna/ Solis,MANILA,3,1,BARANGAY 166,,,14.625283,120.973047,,,,,,,16,2020-07-30,OSP
MNL036 LP223 NP1-2,MNL036,LP223,NP1-2,MNL036 LP223,Juan Luna/ Solis,MANILA,3,1,BARANGAY 166,,,14.625285,120.973007,,,,,,,16,2022-05-10,OSP
MNL036 LP223 NP3-5,MNL036,LP223,NP3-5,MNL036 LP223,Juan Luna/ Solis,MANILA,3,1,BARANGAY 166,,,14.625284,120.972259,,,,,,,24,2022-05-10,OSP
MNL036 LP215 NP3-5,MNL036,LP215,NP3-5,MNL036 LP215,Juan Luna/ Solis,MANILA,3,1,BARANGAY 166,,,14.625827,120.973217,,,,,,,24,2022-05-10,OSP
MNL036 LP215 NP6-8,MNL036,LP215,NP6-8,MNL036 LP215,Juan Luna/ Solis,MANILA,3,1,BARANGAY 166,,,14.625372,120.973098,,,,,,,24,2022-05-10,OSP
MNL036 LP216 NP1-2,MNL036,LP216,NP1-2,MNL036 LP216,Juan Luna/ Solis,MANILA,3,1,BARANGAY 166,,,14.625369,120.973099,,,,,,,16,2022-05-10,OSP
MNL036 LP214 NP6-8,MNL036,LP214,NP6-8,MNL036 LP214,Juan Luna/ Solis,MANILA,3,1,BARANGAY 166,,,14.625945,120.973155,,,,,,,24,2022-05-10,OSP
MNL036 LP215 NP1-2,MNL036,LP215,NP1-2,MNL036 LP215,Juan Luna/ Solis,MANILA,3,1,BARANGAY 166,,,14.625941,120.973156,,,,,,,16,2022-05-10,OSP
MNL036 LP2 NP1-2,MNL036,LP2,NP1-2,MNL036 LP2,Juan Luna/ Solis,MANILA,3,1,BARANGAY 166,,,14.625957,120.971741,,,,,,,16,2020-07-30,OSP
MNL036 LP195 NP1-2,MNL036,LP195,NP1-2,MNL036 LP195,Juan Luna/ Solis,MANILA,3,1,BARANGAY 166,,,14.626206,120.973185,,,,,,,16,2022-05-10,OSP
MNL036 LP195 NP3-5,MNL036,LP195,NP3-5,MNL036 LP195,Juan Luna/ Solis,MANILA,3,1,BARANGAY 166,,,14.625752,120.973084,,,,,,,24,2022-05-10,OSP
MNL036 LP195 NP6-8,MNL036,LP195,NP6-8,MNL036 LP195,Juan Luna/ Solis,MANILA,3,1,BARANGAY 166,,,14.625304,120.972982,,,,,,,24,2022-05-10,OSP
MNL036 LP179 NP3-4,MNL036,LP179,NP3-4,MNL036 LP179,Juan Luna/ Solis,MANILA,3,1,BARANGAY 166,,,14.626548,120.971347,,,,,,,16,2021-04-18,OSP
MNL036 LP179 NP5-6,MNL036,LP179,NP5-6,MNL036 LP179,Juan Luna/ Solis,MANILA,3,1,BARANGAY 166,,,14.626314,120.97129,,,,,,,16,2021-04-18,OSP
MNL036 LP174 NP3-4,MNL036,LP174,NP3-4,MNL036 LP174,Juan Luna/ Solis,MANILA,3,1,BARANGAY 166,,,14.625333,120.972758,,,,,,,16,2021-04-18,OSP
MNL036 LP175 NP7-8,MNL036,LP175,NP7-8,MNL036 LP175,Juan Luna/ Solis,MANILA,3,1,BARANGAY 166,,,14.625474,120.971619,,,,,,,16,2021-04-18,OSP
MNL036 LP176 NP1-2,MNL036,LP176,NP1-2,MNL036 LP176,Juan Luna/ Solis,MANILA,3,1,BARANGAY 166,,,14.626456,120.97184,,,,,,,16,2021-04-18,OSP
MNL036 LP176 NP3-4,MNL036,LP176,NP3-4,MNL036 LP176,Juan Luna/ Solis,MANILA,3,1,BARANGAY 166,,,14.626622,120.971871,,,,,,,16,2021-04-18,OSP
MNL036 LP173 NP1-2,MNL036,LP173,NP1-2,MNL036 LP173,Juan Luna/ Solis,MANILA,3,1,BARANGAY 166,,,14.626435,120.97231,,,,,,,16,2021-04-18,OSP
MNL036 LP173 NP3-4,MNL036,LP173,NP3-4,MNL036 LP173,Juan Luna/ Solis,MANILA,3,1,BARANGAY 166,,,14.625928,120.972214,,,,,,,16,2021-04-18,OSP
MNL036 LP173 NP5-6,MNL036,LP173,NP5-6,MNL036 LP173,Juan Luna/ Solis,MANILA,3,1,BARANGAY 166,,,14.625658,120.972146,,,,,,,16,2021-04-18,OSP
MNL036 LP173 NP7-8,MNL036,LP173,NP7-8,MNL036 LP173,Juan Luna/ Solis,MANILA,3,1,BARANGAY 166,,,14.625413,120.972081,,,,,,,16,2021-04-18,OSP
MNL036 LP174 NP1-2,MNL036,LP174,NP1-2,MNL036 LP174,Juan Luna/ Solis,MANILA,3,1,BARANGAY 166,,,14.625385,120.972491,,,,,,,16,2021-04-18,OSP
MNL036 LP317 NP7-8,MNL036,LP317,NP7-8,MNL036 LP317,Juan Luna/ Solis,MANILA,3,1,BARANGAY 166,,,14.62602864,120.9712256,,,,,,"HOUSE # 2418 R. FERNANDEZ ST. CORNER CALLEJON J ST., TONDO 2 MANILA",16,2024-12-18,OSP
MNL003 LP101 NP7-8,MNL003,LP101,NP7-8,MNL003 LP101,City Square,MANILA,3,1,BARANGAY 167,,,14.62449183,120.9727954,,,,,,,16,2018-11-25,OSP
MNL003 LP54 NP1-2,MNL003,LP54,NP1-2,MNL003 LP54,City Square,MANILA,3,1,BARANGAY 167,,,14.624863,120.972047,,,,,,,16,2018-07-18,OSP
MNL003 LP54 NP3-4,MNL003,LP54,NP3-4,MNL003 LP54,City Square,MANILA,3,1,BARANGAY 167,,,14.62453,120.97195,,,,,,,16,2018-07-18,OSP
MNL003 LP54 NP5-6,MNL003,LP54,NP5-6,MNL003 LP54,City Square,MANILA,3,1,BARANGAY 167,,,14.624168,120.971866,,,,,,,16,2018-07-18,OSP
MNL003 LP54 NP7-8,MNL003,LP54,NP7-8,MNL003 LP54,City Square,MANILA,3,1,BARANGAY 167,,,14.624235,120.971316,,,,,,,16,2018-07-18,OSP
MNL036 LP141 NP3-4,MNL036,LP141,NP3-4,MNL036 LP141,Juan Luna/ Solis,MANILA,3,1,BARANGAY 167,,,14.624486,120.972812,,,,,,,16,2020-11-28,OSP
MNL036 LP116 NP3-4,MNL036,LP116,NP3-4,MNL036 LP116,Juan Luna/ Solis,MANILA,3,1,BARANGAY 167,,,14.624939,120.97305,,,,,,,16,2020-11-28,OSP
MNL036 LP225 NP6-8,MNL036,LP225,NP6-8,MNL036 LP225,Juan Luna/ Solis,MANILA,3,1,BARANGAY 167,,,14.62515,120.971554,,,,,,,24,2022-05-10,OSP
MNL036 LP223 NP6-8,MNL036,LP223,NP6-8,MNL036 LP223,Juan Luna/ Solis,MANILA,3,1,BARANGAY 167,,,14.625038,120.972013,,,,,,,24,2022-05-10,OSP
MNL036 LP224 NP1-2,MNL036,LP224,NP1-2,MNL036 LP224,Juan Luna/ Solis,MANILA,3,1,BARANGAY 167,,,14.624607,120.971933,,,,,,,16,2022-05-10,OSP
MNL036 LP224 NP3-5,MNL036,LP224,NP3-5,MNL036 LP224,Juan Luna/ Solis,MANILA,3,1,BARANGAY 167,,,14.624391,120.9719,,,,,,,24,2022-05-10,OSP
MNL036 LP224 NP6-8,MNL036,LP224,NP6-8,MNL036 LP224,Juan Luna/ Solis,MANILA,3,1,BARANGAY 167,,,14.624462,120.971391,,,,,,,24,2022-05-10,OSP
MNL036 LP225 NP1-2,MNL036,LP225,NP1-2,MNL036 LP225,Juan Luna/ Solis,MANILA,3,1,BARANGAY 167,,,14.624717,120.971451,,,,,,,16,2022-05-10,OSP
MNL036 LP225 NP3-5,MNL036,LP225,NP3-5,MNL036 LP225,Juan Luna/ Solis,MANILA,3,1,BARANGAY 167,,,14.624935,120.971501,,,,,,,24,2022-05-10,OSP
MNL036 LP216 NP3-5,MNL036,LP216,NP3-5,MNL036 LP216,Juan Luna/ Solis,MANILA,3,1,BARANGAY 167,,,14.624726,120.972966,,,,,,,24,2022-05-10,OSP
MNL036 LP196 NP3-5,MNL036,LP196,NP3-5,MNL036 LP196,Juan Luna/ Solis,MANILA,3,1,BARANGAY 167,,,14.624003,120.972684,,,,,,,24,2022-05-10,OSP
MNL036 LP2 NP3-4,MNL036,LP2,NP3-4,MNL036 LP2,Juan Luna/ Solis,MANILA,3,1,BARANGAY 167,,,14.624664,120.971442,,,,,,,16,2020-07-30,OSP
MNL036 LP196 NP1-2,MNL036,LP196,NP1-2,MNL036 LP196,Juan Luna/ Solis,MANILA,3,1,BARANGAY 167,,,14.62449,120.9728,,,,,,,16,2022-05-10,OSP
MNL036 LP174 NP5-6,MNL036,LP174,NP5-6,MNL036 LP174,Juan Luna/ Solis,MANILA,3,1,BARANGAY 167,,,14.625068,120.972003,,,,,,,16,2021-04-18,OSP
MNL036 LP174 NP7-8,MNL036,LP174,NP7-8,MNL036 LP174,Juan Luna/ Solis,MANILA,3,1,BARANGAY 167,,,14.624638,120.971918,,,,,,,16,2021-04-18,OSP
MNL036 LP175 NP1-2,MNL036,LP175,NP1-2,MNL036 LP175,Juan Luna/ Solis,MANILA,3,1,BARANGAY 167,,,14.624194,120.971817,,,,,,,16,2021-04-18,OSP
MNL036 LP175 NP3-4,MNL036,LP175,NP3-4,MNL036 LP175,Juan Luna/ Solis,MANILA,3,1,BARANGAY 167,,,14.624173,120.971352,,,,,,,16,2021-04-18,OSP
MNL036 LP175 NP5-6,MNL036,LP175,NP5-6,MNL036 LP175,Juan Luna/ Solis,MANILA,3,1,BARANGAY 167,,,14.624955,120.971509,,,,,,,16,2021-04-18,OSP
MNL003 LP50 NP3-4,MNL003,LP50,NP3-4,MNL003 LP50,City Square,MANILA,3,1,BARANGAY 168,,,14.626173,120.971255,,,,,,,16,2018-07-18,OSP
MNL003 LP50 NP5-6,MNL003,LP50,NP5-6,MNL003 LP50,City Square,MANILA,3,1,BARANGAY 168,,,14.625701,120.971156,,,,,,,16,2018-07-18,OSP
MNL003 LP50 NP7-8,MNL003,LP50,NP7-8,MNL003 LP50,City Square,MANILA,3,1,BARANGAY 168,,,14.625815,120.970572,,,,,,,16,2020-08-07,OSP
MNL003 LP51 NP3-4,MNL003,LP51,NP3-4,MNL003 LP51,City Square,MANILA,3,1,BARANGAY 168,,,14.626965,120.970251,,,,,,,16,2018-07-18,OSP
MNL003 LP51 NP5-6,MNL003,LP51,NP5-6,MNL003 LP51,City Square,MANILA,3,1,BARANGAY 168,,,14.626344,120.97011,,,,,,,16,2018-07-18,OSP
MNL003 LP51 NP7-8,MNL003,LP51,NP7-8,MNL003 LP51,City Square,MANILA,3,1,BARANGAY 168,,,14.62594,120.970051,,,,,,,16,2020-08-07,OSP
MNL003 LP52 NP1-2,MNL003,LP52,NP1-2,MNL003 LP52,City Square,MANILA,3,1,BARANGAY 168,,,14.625663,120.970038,,,,,,,16,2018-07-18,OSP
MNL003 LP52 NP3-4,MNL003,LP52,NP3-4,MNL003 LP52,City Square,MANILA,3,1,BARANGAY 168,,,14.625546,120.970628,,,,,,,16,2018-07-18,OSP
MNL036 LP4 NP1-2,MNL036,LP4,NP1-2,MNL036 LP4,Juan Luna/ Solis,MANILA,3,1,BARANGAY 168,,,14.626078,120.969323,,,,,,,16,2020-07-30,OSP
MNL036 LP1 NP7-8,MNL036,LP1,NP7-8,MNL036 LP1,Juan Luna/ Solis,MANILA,3,1,BARANGAY 168,,,14.626113,120.970659,,,,,,,16,2020-07-30,OSP
MNL036 LP3 NP3-4,MNL036,LP3,NP3-4,MNL036 LP3,Juan Luna/ Solis,MANILA,3,1,BARANGAY 168,,,14.62567,120.969996,,,,,,,16,2020-07-30,OSP
MNL036 LP186 NP7-8,MNL036,LP186,NP7-8,MNL036 LP186,Juan Luna/ Solis,MANILA,3,1,BARANGAY 168,,,14.626063,120.969297,,,,,,,16,2021-04-18,OSP
MNL036 LP187 NP1-2,MNL036,LP187,NP1-2,MNL036 LP187,Juan Luna/ Solis,MANILA,3,1,BARANGAY 168,,,14.625947,120.969506,,,,,,,16,2021-04-18,OSP
MNL036 LP187 NP3-4,MNL036,LP187,NP3-4,MNL036 LP187,Juan Luna/ Solis,MANILA,3,1,BARANGAY 168,,,14.625688,120.969977,,,,,,,16,2021-04-18,OSP
MNL036 LP187 NP5-6,MNL036,LP187,NP5-6,MNL036 LP187,Juan Luna/ Solis,MANILA,3,1,BARANGAY 168,,,14.625973,120.97005,,,,,,,16,2021-04-18,OSP
MNL036 LP181 NP7-8,MNL036,LP181,NP7-8,MNL036 LP181,Juan Luna/ Solis,MANILA,3,1,BARANGAY 168,,,14.62589,120.970614,,,,,,,16,2021-04-18,OSP
MNL036 LP182 NP1-2,MNL036,LP182,NP1-2,MNL036 LP182,Juan Luna/ Solis,MANILA,3,1,BARANGAY 168,,,14.626359,120.970663,,,,,,,16,2021-04-18,OSP
MNL036 LP179 NP7-8,MNL036,LP179,NP7-8,MNL036 LP179,Juan Luna/ Solis,MANILA,3,1,BARANGAY 168,,,14.625786,120.971165,,,,,,,16,2021-04-18,OSP
MNL036 LP181 NP5-6,MNL036,LP181,NP5-6,MNL036 LP181,Juan Luna/ Solis,MANILA,3,1,BARANGAY 168,,,14.625505,120.97053,,,,,,,16,2021-04-18,OSP
MNL036 LP317 NP3-4,MNL036,LP317,NP3-4,MNL036 LP317,Juan Luna/ Solis,MANILA,3,1,BARANGAY 168,,,14.62661078,120.970715,,,,,,"HOUSE # 2453 ALONG AMPIL ST. CORNER BATO ST., TONDO 2 MANILA",16,2024-12-18,OSP
MNL036 LP317 NP5-6,MNL036,LP317,NP5-6,MNL036 LP317,Juan Luna/ Solis,MANILA,3,1,BARANGAY 168,,,14.62671453,120.9701966,,,,,,"HOUSE # 2458 ALONG AMPIL ST. CORNER YANGCO ST., TONDO 2 MANILA",16,2024-12-18,OSP
MNL036 LP318 NP1-2,MNL036,LP318,NP1-2,MNL036 LP318,Juan Luna/ Solis,MANILA,3,1,BARANGAY 168,,,14.62554102,120.9711079,,,,,,"ALONG R. FERNANDEZ ST. CORNER CAVITE ST., TONDO 2 MANILA",16,2024-12-18,OSP
MNL036 LP319 NP1-2,MNL036,LP319,NP1-2,MNL036 LP319,Juan Luna/ Solis,MANILA,3,1,BARANGAY 168,,,14.62654957,120.9698782,,,,,,"HOUSE # 2422 ALCALDE ST. CORNER CALLEJON K ST., TONDO 2 MANILA",16,2024-12-18,OSP
MNL036 LP319 NP3-4,MNL036,LP319,NP3-4,MNL036 LP319,Juan Luna/ Solis,MANILA,3,1,BARANGAY 168,,,14.62618462,120.969616,,,,,,"HOUSE # 2410 ALCALDE ST. CORNER CALLEJON I ST., TONDO 2 MANILA",16,2024-12-18,OSP
MNL003 LP382 NP1-2,MNL003,LP382,NP1-2,MNL003 LP382,City Square,MANILA,3,1,BARANGAY 169,,,14.62495932,120.9692858,,,,,,,16,2019-06-16,OSP
MNL003 LP55 NP1-2,MNL003,LP55,NP1-2,MNL003 LP55,City Square,MANILA,3,1,BARANGAY 169,,,14.624346,120.970848,,,,,,,16,2018-07-18,OSP
MNL003 LP55 NP3-4,MNL003,LP55,NP3-4,MNL003 LP55,City Square,MANILA,3,1,BARANGAY 169,,,14.624545,120.970888,,,,,,,16,2018-07-18,OSP
MNL003 LP55 NP5-6,MNL003,LP55,NP5-6,MNL003 LP55,City Square,MANILA,3,1,BARANGAY 169,,,14.624764,120.970946,,,,,,,16,2018-07-18,OSP
MNL003 LP55 NP7-8,MNL003,LP55,NP7-8,MNL003 LP55,City Square,MANILA,3,1,BARANGAY 169,,,14.62515,120.97101,,,,,,,16,2018-07-18,OSP
MNL003 LP56 NP1-2,MNL003,LP56,NP1-2,MNL003 LP56,City Square,MANILA,3,1,BARANGAY 169,,,14.624477,120.969709,,,,,,,16,2018-07-18,OSP
MNL003 LP56 NP3-4,MNL003,LP56,NP3-4,MNL003 LP56,City Square,MANILA,3,1,BARANGAY 169,,,14.6252,120.969876,,,,,,,16,2018-07-18,OSP
MNL003 LP56 NP5-6,MNL003,LP56,NP5-6,MNL003 LP56,City Square,MANILA,3,1,BARANGAY 169,,,14.625441,120.969923,,,,,,,16,2018-07-18,OSP
MNL003 LP56 NP7-8,MNL003,LP56,NP7-8,MNL003 LP56,City Square,MANILA,3,1,BARANGAY 169,,,14.624697,120.969215,,,,,,,16,2018-07-18,OSP
MNL036 LP2 NP5-6,MNL036,LP2,NP5-6,MNL036 LP2,Juan Luna/ Solis,MANILA,3,1,BARANGAY 169,,,14.624806,120.970364,,,,,,,16,2020-07-30,OSP
MNL036 LP2 NP7-8,MNL036,LP2,NP7-8,MNL036 LP2,Juan Luna/ Solis,MANILA,3,1,BARANGAY 169,,,14.624314,120.970209,,,,,,,16,2020-07-30,OSP
MNL036 LP3 NP1-2,MNL036,LP3,NP1-2,MNL036 LP3,Juan Luna/ Solis,MANILA,3,1,BARANGAY 169,,,14.624928,120.969811,,,,,,,16,2020-07-30,OSP
MNL036 LP187 NP7-8,MNL036,LP187,NP7-8,MNL036 LP187,Juan Luna/ Solis,MANILA,3,1,BARANGAY 169,,,14.625379,120.969907,,,,,,,16,2021-04-18,OSP
MNL036 LP188 NP1-2,MNL036,LP188,NP1-2,MNL036 LP188,Juan Luna/ Solis,MANILA,3,1,BARANGAY 169,,,14.624682,120.96976,,,,,,,16,2021-04-18,OSP
MNL036 LP188 NP3-4,MNL036,LP188,NP3-4,MNL036 LP188,Juan Luna/ Solis,MANILA,3,1,BARANGAY 169,,,14.624705,120.96916,,,,,,,16,2021-04-18,OSP
MNL036 LP180 NP1-2,MNL036,LP180,NP1-2,MNL036 LP180,Juan Luna/ Solis,MANILA,3,1,BARANGAY 169,,,14.625205,120.971042,,,,,,,16,2021-04-18,OSP
MNL036 LP180 NP3-4,MNL036,LP180,NP3-4,MNL036 LP180,Juan Luna/ Solis,MANILA,3,1,BARANGAY 169,,,14.624806,120.970951,,,,,,,16,2021-04-18,OSP
MNL036 LP180 NP5-6,MNL036,LP180,NP5-6,MNL036 LP180,Juan Luna/ Solis,MANILA,3,1,BARANGAY 169,,,14.624539,120.970896,,,,,,,16,2021-04-18,OSP
MNL036 LP180 NP7-8,MNL036,LP180,NP7-8,MNL036 LP180,Juan Luna/ Solis,MANILA,3,1,BARANGAY 169,,,14.62422,120.970841,,,,,,,16,2021-04-18,OSP
MNL036 LP181 NP1-2,MNL036,LP181,NP1-2,MNL036 LP181,Juan Luna/ Solis,MANILA,3,1,BARANGAY 169,,,14.624605,120.970305,,,,,,,16,2021-04-18,OSP
MNL036 LP181 NP3-4,MNL036,LP181,NP3-4,MNL036 LP181,Juan Luna/ Solis,MANILA,3,1,BARANGAY 169,,,14.625272,120.970469,,,,,,,16,2021-04-18,OSP
MNL036 LP318 NP3-4,MNL036,LP318,NP3-4,MNL036 LP318,Juan Luna/ Solis,MANILA,3,1,BARANGAY 169,,,14.62520444,120.9710314,,,,,,"HOUSE # 2330-B R. FERNANDEZ ST. CORNER CALLEJON H ST., TONDO 2 MANILA",16,2024-12-18,OSP
MNL036 LP318 NP5-6,MNL036,LP318,NP5-6,MNL036 LP318,Juan Luna/ Solis,MANILA,3,1,BARANGAY 169,,,14.62528077,120.9704556,,,,,,"HOUSE # 2324 BATO ST. CORNER CALLEJON H ST., TONDO 2 MANILA",16,2024-12-18,OSP
MNL036 LP318 NP7-8,MNL036,LP318,NP7-8,MNL036 LP318,Juan Luna/ Solis,MANILA,3,1,BARANGAY 169,,,14.62537641,120.9699187,,,,,,"HOUSE # 2344 YANGCO ST. CORNER CALLEJON H ST., TONDO 2 MANILA",16,2024-12-18,OSP
MNL036 LP319 NP7-8,MNL036,LP319,NP7-8,MNL036 LP319,Juan Luna/ Solis,MANILA,3,1,BARANGAY 169,,,14.62547486,120.9696467,,,,,,"HOUSE # 2338 CABO ST. CORNER CALLEJON H ST., TONDO 2 MANILA",16,2024-12-18,OSP
MNL036 LP320 NP1-2,MNL036,LP320,NP1-2,MNL036 LP320,Juan Luna/ Solis,MANILA,3,1,BARANGAY 169,,,14.62499766,120.9692986,,,,,,"HOUSE # 2309 CABO ST. CORNER CALLEJON E ST., TONDO 2 MANILA",16,2024-12-18,OSP
MNL003 LP411 NP7-8,MNL003,LP411,NP7-8,MNL003 LP411,City Square,MANILA,3,1,BARANGAY 17,,,14.60167,120.963204,,,,,,,16,2019-11-12,OSP
MNL003 LP410 NP1-2,MNL003,LP410,NP1-2,MNL003 LP410,City Square,MANILA,3,1,BARANGAY 17,,,14.601409,120.96407,,,,,,,16,2019-11-12,OSP
MNL003 LP411 NP5-6,MNL003,LP411,NP5-6,MNL003 LP411,City Square,MANILA,3,1,BARANGAY 17,,,14.601475,120.963221,,,,,,,16,2019-11-12,OSP
MNL005 LP376 NP1-2,MNL005,LP376,NP1-2,MNL005 LP376,Orchard Building (City Square 2),MANILA,3,1,BARANGAY 17,,,14.601445,120.964395,,,,,,,16,2021-11-01,OSP
MNL005 LP370 NP1-2,MNL005,LP370,NP1-2,MNL005 LP370,Orchard Building (City Square 2),MANILA,3,1,BARANGAY 17,,,14.601421,120.964067,,,,,,,16,2021-11-01,OSP
MNL005 LP373 NP3-5,MNL005,LP373,NP3-5,MNL005 LP373,Orchard Building (City Square 2),MANILA,3,1,BARANGAY 17,,,14.601484,120.963211,,,,,,,24,2021-11-01,OSP
MNL005 LP373 NP6-8,MNL005,LP373,NP6-8,MNL005 LP373,Orchard Building (City Square 2),MANILA,3,1,BARANGAY 17,,,14.601667,120.963201,,,,,,,24,2021-11-01,OSP
MNL005 LP369 NP3-5,MNL005,LP369,NP3-5,MNL005 LP369,Orchard Building (City Square 2),MANILA,3,1,BARANGAY 17,,,14.601734,120.963669,,,,,,,24,2021-11-01,OSP
MNL005 LP369 NP6-8,MNL005,LP369,NP6-8,MNL005 LP369,Orchard Building (City Square 2),MANILA,3,1,BARANGAY 17,,,14.601471,120.963685,,,,,,,24,2021-11-01,OSP
MNL003 LP383 NP5-6,MNL003,LP383,NP5-6,MNL003 LP383,City Square,MANILA,3,1,BARANGAY 170,,,14.62683011,120.9688781,,,,,,,16,2019-06-16,OSP
MNL003 LP383 NP7-8,MNL003,LP383,NP7-8,MNL003 LP383,City Square,MANILA,3,1,BARANGAY 170,,,14.62727529,120.9694925,,,,,,,16,2019-06-16,OSP
MNL003 LP384 NP1-2,MNL003,LP384,NP1-2,MNL003 LP384,City Square,MANILA,3,1,BARANGAY 170,,,14.62766634,120.9691654,,,,,,,16,2019-06-16,OSP
MNL003 LP384 NP3-4,MNL003,LP384,NP3-4,MNL003 LP384,City Square,MANILA,3,1,BARANGAY 170,,,14.62721309,120.968596,,,,,,,16,2019-06-16,OSP
MNL036 LP5 NP1-2,MNL036,LP5,NP1-2,MNL036 LP5,Juan Luna/ Solis,MANILA,3,1,BARANGAY 170,,,14.626886,120.969825,,,,,,,16,2020-07-30,OSP
MNL036 LP4 NP3-4,MNL036,LP4,NP3-4,MNL036 LP4,Juan Luna/ Solis,MANILA,3,1,BARANGAY 170,,,14.626254,120.969004,,,,,,,16,2020-07-30,OSP
MNL036 LP4 NP7-8,MNL036,LP4,NP7-8,MNL036 LP4,Juan Luna/ Solis,MANILA,3,1,BARANGAY 170,,,14.626572,120.969404,,,,,,,16,2020-07-30,OSP
MNL036 LP186 NP1-2,MNL036,LP186,NP1-2,MNL036 LP186,Juan Luna/ Solis,MANILA,3,1,BARANGAY 170,,,14.627066,120.968388,,,,,,,16,2021-04-18,OSP
MNL036 LP186 NP3-4,MNL036,LP186,NP3-4,MNL036 LP186,Juan Luna/ Solis,MANILA,3,1,BARANGAY 170,,,14.626694,120.968674,,,,,,,16,2021-04-18,OSP
MNL036 LP186 NP5-6,MNL036,LP186,NP5-6,MNL036 LP186,Juan Luna/ Solis,MANILA,3,1,BARANGAY 170,,,14.626282,120.968996,,,,,,,16,2021-04-18,OSP
MNL036 LP185 NP5-6,MNL036,LP185,NP5-6,MNL036 LP185,Juan Luna/ Solis,MANILA,3,1,BARANGAY 170,,,14.627674,120.969178,,,,,,,16,2021-04-18,OSP
MNL036 LP185 NP7-8,MNL036,LP185,NP7-8,MNL036 LP185,Juan Luna/ Solis,MANILA,3,1,BARANGAY 170,,,14.627375,120.968786,,,,,,,16,2021-04-18,OSP
MNL036 LP324 NP1-2,MNL036,LP324,NP1-2,MNL036 LP324,Juan Luna/ Solis,MANILA,3,1,BARANGAY 170,,,14.62737952,120.968776,,,,,,"HOUSE # 2422 EARNSHAW ST. CORNER TECSON ST., TONDO 2 MANILA",16,2024-12-18,OSP
MNL036 LP324 NP3-4,MNL036,LP324,NP3-4,MNL036 LP324,Juan Luna/ Solis,MANILA,3,1,BARANGAY 170,,,14.62753438,120.9689956,,,,,,"HOUSE # 2442 EARNSHAW ST. CORNER CALLEJON K ST., TONDO 2 MANILA",16,2024-12-18,OSP
MNL036 LP324 NP5-6,MNL036,LP324,NP5-6,MNL036 LP324,Juan Luna/ Solis,MANILA,3,1,BARANGAY 170,,,14.62766948,120.9691838,,,,,,"HOUSE # 2444 EARNSHAW ST. CORNER CALLEJON L ST., TONDO 2 MANILA",16,2024-12-18,OSP
MNL036 LP323 NP1-2,MNL036,LP323,NP1-2,MNL036 LP323,Juan Luna/ Solis,MANILA,3,1,BARANGAY 170,,,14.6270144,120.9691017,,,,,,"HOUSE # 2419 FIDEL ST. CORNER TECSON ST., TONDO 2 MANILA",16,2024-12-18,OSP
MNL036 LP323 NP7-8,MNL036,LP323,NP7-8,MNL036 LP323,Juan Luna/ Solis,MANILA,3,1,BARANGAY 170,,,14.62700509,120.9687703,,,,,,"HOUSE # 416 CALLEJON I ST., TONDO 2 MANILA",16,2024-12-18,OSP
MNL036 LP319 NP5-6,MNL036,LP319,NP5-6,MNL036 LP319,Juan Luna/ Solis,MANILA,3,1,BARANGAY 170,,,14.6264487,120.9692041,,,,,,"HOUSE # 2410 S. DEL ROSARIO ST. CORNER CALLEJON I ST., TONDO 2 MANILA",16,2024-12-18,OSP
MNL003 LP382 NP3-4,MNL003,LP382,NP3-4,MNL003 LP382,City Square,MANILA,3,1,BARANGAY 171,,,14.62546829,120.9692174,,,,,,,16,2019-06-16,OSP
MNL003 LP383 NP3-4,MNL003,LP383,NP3-4,MNL003 LP383,City Square,MANILA,3,1,BARANGAY 171,,,14.62645097,120.9683914,,,,,,,16,2019-06-16,OSP
MNL003 LP384 NP5-6,MNL003,LP384,NP5-6,MNL003 LP384,City Square,MANILA,3,1,BARANGAY 171,,,14.62632196,120.9673602,,,,,,,16,2019-06-16,OSP
MNL003 LP57 NP1-2,MNL003,LP57,NP1-2,MNL003 LP57,City Square,MANILA,3,1,BARANGAY 171,,,14.625123,120.968492,,,,,,,16,2018-07-18,OSP
MNL003 LP57 NP3-4,MNL003,LP57,NP3-4,MNL003 LP57,City Square,MANILA,3,1,BARANGAY 171,,,14.625872,120.968503,,,,,,,16,2018-07-18,OSP
MNL003 LP57 NP5-6,MNL003,LP57,NP5-6,MNL003 LP57,City Square,MANILA,3,1,BARANGAY 171,,,14.626078,120.968775,,,,,,,16,2018-07-18,OSP
MNL003 LP57 NP7-8,MNL003,LP57,NP7-8,MNL003 LP57,City Square,MANILA,3,1,BARANGAY 171,,,14.625725,120.968906,,,,,,,16,2020-08-07,OSP
MNL036 LP4 NP5-6,MNL036,LP4,NP5-6,MNL036 LP4,Juan Luna/ Solis,MANILA,3,1,BARANGAY 171,,,14.625659,120.968172,,,,,,,16,2020-07-30,OSP
MNL036 LP8 NP5-6,MNL036,LP8,NP5-6,MNL036 LP8,Juan Luna/ Solis,MANILA,3,1,BARANGAY 171,,,14.626308,120.967355,,,,,,,16,2020-07-30,OSP
MNL036 LP3 NP5-6,MNL036,LP3,NP5-6,MNL036 LP3,Juan Luna/ Solis,MANILA,3,1,BARANGAY 171,,,14.625348,120.968689,,,,,,,16,2020-07-30,OSP
MNL036 LP188 NP5-6,MNL036,LP188,NP5-6,MNL036 LP188,Juan Luna/ Solis,MANILA,3,1,BARANGAY 171,,,14.624895,120.968841,,,,,,,16,2021-04-18,OSP
MNL036 LP188 NP7-8,MNL036,LP188,NP7-8,MNL036 LP188,Juan Luna/ Solis,MANILA,3,1,BARANGAY 171,,,14.625148,120.969,,,,,,,16,2021-04-18,OSP
MNL036 LP189 NP1-2,MNL036,LP189,NP1-2,MNL036 LP189,Juan Luna/ Solis,MANILA,3,1,BARANGAY 171,,,14.625104,120.968499,,,,,,,16,2021-04-18,OSP
MNL036 LP189 NP3-4,MNL036,LP189,NP3-4,MNL036 LP189,Juan Luna/ Solis,MANILA,3,1,BARANGAY 171,,,14.625506,120.967911,,,,,,,16,2021-04-18,OSP
MNL036 LP321 NP1-2,MNL036,LP321,NP1-2,MNL036 LP321,Juan Luna/ Solis,MANILA,3,1,BARANGAY 171,,,14.62532254,120.9691116,,,,,,"HOUSE # 2316 ALCALDE ST. CORNER CALLEJON F ST., TONDO 2 MANILA",16,2024-12-18,OSP
MNL036 LP321 NP3-4,MNL036,LP321,NP3-4,MNL036 LP321,Juan Luna/ Solis,MANILA,3,1,BARANGAY 171,,,14.62555263,120.9687729,,,,,,"HOUSE # 2330 DALAGA ST. CORNER CALLEJON F ST., TONDO 2 MANILA",16,2024-12-18,OSP
MNL036 LP321 NP5-6,MNL036,LP321,NP5-6,MNL036 LP321,Juan Luna/ Solis,MANILA,3,1,BARANGAY 171,,,14.62580969,120.9683702,,,,,,"HOUSE # 2313 S. DEL ROSARIO ST. CORNER CALLEJON F ST., TONDO 2 MANILA",16,2024-12-18,OSP
MNL036 LP321 NP7-8,MNL036,LP321,NP7-8,MNL036 LP321,Juan Luna/ Solis,MANILA,3,1,BARANGAY 171,,,14.62567751,120.9681797,,,,,,"HOUSE # 2305 S. DEL ROSARIO ST. CORNER CALLEJON E ST., TONDO 2 MANILA",16,2024-12-18,OSP
MNL036 LP322 NP1-2,MNL036,LP322,NP1-2,MNL036 LP322,Juan Luna/ Solis,MANILA,3,1,BARANGAY 171,,,14.62622966,120.9680547,,,,,,"HOUSE # 2318 FIDEL ST. CORNER CALLEJON F ST., TONDO 2 MANILA",16,2024-12-18,OSP
MNL036 LP322 NP5-6,MNL036,LP322,NP5-6,MNL036 LP322,Juan Luna/ Solis,MANILA,3,1,BARANGAY 171,,,14.62645752,120.9675529,,,,,,"HOUSE # 2313 EARNSHAW ST. CORNER CALLEJON E ST., TONDO 2 MANILA",16,2024-12-18,OSP
MNL036 LP320 NP3-4,MNL036,LP320,NP3-4,MNL036 LP320,Juan Luna/ Solis,MANILA,3,1,BARANGAY 171,,,14.62489267,120.9688419,,,,,,"HOUSE # 500 ANTIPOLO ST. CORNER ALCALDE ST., TONDO 2 MANILA",16,2024-12-18,OSP
MNL036 LP5 NP7-8,MNL036,LP5,NP7-8,MNL036 LP5,Juan Luna/ Solis,MANILA,3,1,BARANGAY 172,,,14.627835,120.96845,,,,,,,16,2020-07-30,OSP
MNL036 LP5 NP5-6,MNL036,LP5,NP5-6,MNL036 LP5,Juan Luna/ Solis,MANILA,3,1,BARANGAY 172,,,14.627992,120.968655,,,,,,,16,2020-07-30,OSP
MNL036 LP8 NP1-2,MNL036,LP8,NP1-2,MNL036 LP8,Juan Luna/ Solis,MANILA,3,1,BARANGAY 172,,,14.627524,120.968013,,,,,,,16,2020-07-30,OSP
MNL036 LP8 NP3-4,MNL036,LP8,NP3-4,MNL036 LP8,Juan Luna/ Solis,MANILA,3,1,BARANGAY 172,,,14.626817,120.967058,,,,,,,16,2020-07-30,OSP
MNL036 LP8 NP7-8,MNL036,LP8,NP7-8,MNL036 LP8,Juan Luna/ Solis,MANILA,3,1,BARANGAY 172,,,14.626725,120.967933,,,,,,,16,2020-07-30,OSP
MNL036 LP190 NP1-2,MNL036,LP190,NP1-2,MNL036 LP190,Juan Luna/ Solis,MANILA,3,1,BARANGAY 172,,,14.626736,120.966945,,,,,,,16,2021-04-18,OSP
MNL036 LP190 NP3-4,MNL036,LP190,NP3-4,MNL036 LP190,Juan Luna/ Solis,MANILA,3,1,BARANGAY 172,,,14.627126,120.96746,,,,,,,16,2021-04-18,OSP
MNL036 LP190 NP5-6,MNL036,LP190,NP5-6,MNL036 LP190,Juan Luna/ Solis,MANILA,3,1,BARANGAY 172,,,14.627343,120.967721,,,,,,,16,2022-04-18,OSP
MNL036 LP189 NP7-8,MNL036,LP189,NP7-8,MNL036 LP189,Juan Luna/ Solis,MANILA,3,1,BARANGAY 172,,,14.626537,120.967207,,,,,,,16,2021-04-18,OSP
MNL036 LP324 NP7-8,MNL036,LP324,NP7-8,MNL036 LP324,Juan Luna/ Solis,MANILA,3,1,BARANGAY 172,,,14.62797224,120.9689846,,,,,,"ALONG GAPAN ST. CORNER CALLEJON L ST., TONDO 2 MANILA",16,2024-12-18,OSP
MNL036 LP322 NP3-4,MNL036,LP322,NP3-4,MNL036 LP322,Juan Luna/ Solis,MANILA,3,1,BARANGAY 172,,,14.62659966,120.9677567,,,,,,"HOUSE # 2320 EARNSHAW ST. CORNER CALLEJON F ST., TONDO 2 MANILA",16,2024-12-18,OSP
MNL036 LP322 NP7-8,MNL036,LP322,NP7-8,MNL036 LP322,Juan Luna/ Solis,MANILA,3,1,BARANGAY 172,,,14.62693557,120.9671909,,,,,,"CALLEJON E ST. CORNER GAPAN ST., TONDO 2 MANILA",16,2024-12-18,OSP
MNL003 LP102 NP3-4,MNL003,LP102,NP3-4,MNL003 LP102,City Square,MANILA,3,1,BARANGAY 173,,,14.62805996,120.9736296,,,,,,,16,2018-11-25,OSP
MNL003 LP49 NP3-4,MNL003,LP49,NP3-4,MNL003 LP49,City Square,MANILA,3,1,BARANGAY 173,,,14.627815,120.972526,,,,,,,16,2018-07-18,OSP
MNL003 LP49 NP5-6,MNL003,LP49,NP5-6,MNL003 LP49,City Square,MANILA,3,1,BARANGAY 173,,,14.627708,120.973135,,,,,,,16,2018-07-18,OSP
MNL003 LP379 NP7-8,MNL003,LP379,NP7-8,MNL003 LP379,City Square,MANILA,3,1,BARANGAY 173,,,14.62830066,120.9721281,,,,,,,16,2019-06-16,OSP
MNL003 LP380 NP1-2,MNL003,LP380,NP1-2,MNL003 LP380,City Square,MANILA,3,1,BARANGAY 173,,,14.62847689,120.972168,,,,,,,16,2019-06-16,OSP
MNL003 LP380 NP3-4,MNL003,LP380,NP3-4,MNL003 LP380,City Square,MANILA,3,1,BARANGAY 173,,,14.62879868,120.9722194,,,,,,,16,2019-06-16,OSP
MNL036 LP100 NP1-2,MNL036,LP100,NP1-2,MNL036 LP100,Juan Luna/ Solis,MANILA,3,1,BARANGAY 173,,,14.627551,120.973514,,,,,,,16,2020-08-30,OSP
MNL036 LP100 NP3-4,MNL036,LP100,NP3-4,MNL036 LP100,Juan Luna/ Solis,MANILA,3,1,BARANGAY 173,,,14.628495,120.973754,,,,,,,16,2020-08-30,OSP
MNL036 LP192 NP3-5,MNL036,LP192,NP3-5,MNL036 LP192,Juan Luna/ Solis,MANILA,3,1,BARANGAY 173,,,14.628496,120.973721,,,,,,,24,2022-05-10,OSP
MNL036 LP67 NP1-2,MNL036,LP67,NP1-2,MNL036 LP67,Juan Luna/ Solis,MANILA,3,1,BARANGAY 173,,,14.628746,120.973962,,,,,,,16,2020-08-30,OSP
MNL036 LP7 NP3-4,MNL036,LP7,NP3-4,MNL036 LP7,Juan Luna/ Solis,MANILA,3,1,BARANGAY 173,,,14.629025,120.972304,,,,,,,16,2020-07-30,OSP
MNL036 LP176 NP7-8,MNL036,LP176,NP7-8,MNL036 LP176,Juan Luna/ Solis,MANILA,3,1,BARANGAY 173,,,14.627926,120.972063,,,,,,,16,2021-04-18,OSP
MNL036 LP177 NP1-2,MNL036,LP177,NP1-2,MNL036 LP177,Juan Luna/ Solis,MANILA,3,1,BARANGAY 173,,,14.628496,120.972185,,,,,,,16,2021-04-18,OSP
MNL036 LP178 NP1-2,MNL036,LP178,NP1-2,MNL036 LP178,Juan Luna/ Solis,MANILA,3,1,BARANGAY 173,,,14.628167,120.971721,,,,,,,16,2021-04-18,OSP
MNL003 LP102 NP1-2,MNL003,LP102,NP1-2,MNL003 LP102,City Square,MANILA,3,1,BARANGAY 174,,,14.62679636,120.9733664,,,,,,,16,2018-11-25,OSP
MNL003 LP50 NP1-2,MNL003,LP50,NP1-2,MNL003 LP50,City Square,MANILA,3,1,BARANGAY 174,,,14.626895,120.971419,,,,,,,16,2018-07-18,OSP
MNL003 LP381 NP5-6,MNL003,LP381,NP5-6,MNL003 LP381,City Square,MANILA,3,1,BARANGAY 174,,,14.62708654,120.9719089,,,,,,,16,2019-06-16,OSP
MNL003 LP381 NP7-8,MNL003,LP381,NP7-8,MNL003 LP381,City Square,MANILA,3,1,BARANGAY 174,,,14.62759951,120.9720429,,,,,,,16,2019-06-16,OSP
MNL036 LP1 NP1-2,MNL036,LP1,NP1-2,MNL036 LP1,Juan Luna/ Solis,MANILA,3,1,BARANGAY 174,,,14.626752,120.972423,,,,,,,16,2020-07-30,OSP
MNL036 LP214 NP1-2,MNL036,LP214,NP1-2,MNL036 LP214,Juan Luna/ Solis,MANILA,3,1,BARANGAY 174,,,14.626662,120.973339,,,,,,,16,2022-05-10,OSP
MNL036 LP214 NP3-5,MNL036,LP214,NP3-5,MNL036 LP214,Juan Luna/ Solis,MANILA,3,1,BARANGAY 174,,,14.62666,120.973338,,,,,,,24,2022-05-10,OSP
MNL036 LP192 NP1-2,MNL036,LP192,NP1-2,MNL036 LP192,Juan Luna/ Solis,MANILA,3,1,BARANGAY 174,,,14.627546,120.973502,,,,,,,16,2022-05-10,OSP
MNL036 LP178 NP5-6,MNL036,LP178,NP5-6,MNL036 LP178,Juan Luna/ Solis,MANILA,3,1,BARANGAY 174,,,14.627668,120.971584,,,,,,,16,2021-04-18,OSP
MNL036 LP176 NP5-6,MNL036,LP176,NP5-6,MNL036 LP176,Juan Luna/ Solis,MANILA,3,1,BARANGAY 174,,,14.627453,120.972002,,,,,,,16,2021-04-18,OSP
MNL003 LP47 NP5-6,MNL003,LP47,NP5-6,MNL003 LP47,City Square,MANILA,3,1,BARANGAY 175,,,14.628327,120.970538,,,,,,,16,2018-07-18,OSP
MNL003 LP48 NP7-8,MNL003,LP48,NP7-8,MNL003 LP48,City Square,MANILA,3,1,BARANGAY 175,,,14.627961,120.971275,,,,,,,16,2018-07-18,OSP
MNL003 LP49 NP1-2,MNL003,LP49,NP1-2,MNL003 LP49,City Square,MANILA,3,1,BARANGAY 175,,,14.627876,120.971626,,,,,,,16,2018-07-18,OSP
MNL003 LP379 NP1-2,MNL003,LP379,NP1-2,MNL003 LP379,City Square,MANILA,3,1,BARANGAY 175,,,14.62877272,120.971291,,,,,,,16,2019-06-16,OSP
MNL003 LP379 NP3-4,MNL003,LP379,NP3-4,MNL003 LP379,City Square,MANILA,3,1,BARANGAY 175,,,14.62869203,120.9718012,,,,,,,16,2019-06-16,OSP
MNL003 LP379 NP5-6,MNL003,LP379,NP5-6,MNL003 LP379,City Square,MANILA,3,1,BARANGAY 175,,,14.62831944,120.9717279,,,,,,,16,2019-06-16,OSP
MNL003 LP46 NP3-4,MNL003,LP46,NP3-4,MNL003 LP46,City Square,MANILA,3,1,BARANGAY 175,,,14.629205,120.971187,,,,,,,16,2018-07-18,OSP
MNL003 LP46 NP5-6,MNL003,LP46,NP5-6,MNL003 LP46,City Square,MANILA,3,1,BARANGAY 175,,,14.628905,120.970792,,,,,,,16,2018-07-18,OSP
MNL036 LP7 NP1-2,MNL036,LP7,NP1-2,MNL036 LP7,Juan Luna/ Solis,MANILA,3,1,BARANGAY 175,,,14.629202,120.971222,,,,,,,16,2020-07-30,OSP
MNL036 LP183 NP3-4,MNL036,LP183,NP3-4,MNL036 LP183,Juan Luna/ Solis,MANILA,3,1,BARANGAY 175,,,14.628019,120.970881,,,,,,,16,2021-04-18,OSP
MNL036 LP183 NP5-6,MNL036,LP183,NP5-6,MNL036 LP183,Juan Luna/ Solis,MANILA,3,1,BARANGAY 175,,,14.628621,120.971194,,,,,,,16,2021-04-18,OSP
MNL036 LP183 NP7-8,MNL036,LP183,NP7-8,MNL036 LP183,Juan Luna/ Solis,MANILA,3,1,BARANGAY 175,,,14.62892,120.971397,,,,,,,16,2021-04-18,OSP
MNL036 LP184 NP1-2,MNL036,LP184,NP1-2,MNL036 LP184,Juan Luna/ Solis,MANILA,3,1,BARANGAY 175,,,14.629214,120.971228,,,,,,,16,2021-04-18,OSP
MNL036 LP184 NP3-4,MNL036,LP184,NP3-4,MNL036 LP184,Juan Luna/ Solis,MANILA,3,1,BARANGAY 175,,,14.629023,120.970975,,,,,,,16,2021-04-18,OSP
MNL036 LP184 NP5-6,MNL036,LP184,NP5-6,MNL036 LP184,Juan Luna/ Solis,MANILA,3,1,BARANGAY 175,,,14.628694,120.97057,,,,,,,16,2021-04-18,OSP
MNL036 LP184 NP7-8,MNL036,LP184,NP7-8,MNL036 LP184,Juan Luna/ Solis,MANILA,3,1,BARANGAY 175,,,14.628514,120.970325,,,,,,,16,2021-04-18,OSP
MNL036 LP177 NP7-8,MNL036,LP177,NP7-8,MNL036 LP177,Juan Luna/ Solis,MANILA,3,1,BARANGAY 175,,,14.628514,120.971775,,,,,,,16,2021-04-18,OSP
MNL036 LP178 NP3-4,MNL036,LP178,NP3-4,MNL036 LP178,Juan Luna/ Solis,MANILA,3,1,BARANGAY 175,,,14.627881,120.971631,,,,,,,16,2021-04-18,OSP
MNL036 LP6 NP5-6,MNL036,LP6,NP5-6,MNL036 LP6,Juan Luna/ Solis,MANILA,3,1,BARANGAY 175,,,14.628283,120.971015,,,,,,,16,2020-07-30,OSP
MNL036 LP6 NP7-8,MNL036,LP6,NP7-8,MNL036 LP6,Juan Luna/ Solis,MANILA,3,1,BARANGAY 175,,,14.628483,120.970325,,,,,,,16,2020-07-30,OSP
MNL003 LP47 NP1-2,MNL003,LP47,NP1-2,MNL003 LP47,City Square,MANILA,3,1,BARANGAY 176,,,14.628518,120.970266,,,,,,,16,2018-07-18,OSP
MNL003 LP47 NP3-4,MNL003,LP47,NP3-4,MNL003 LP47,City Square,MANILA,3,1,BARANGAY 176,,,14.628163,120.96981,,,,,,,16,2018-07-18,OSP
MNL003 LP47 NP7-8,MNL003,LP47,NP7-8,MNL003 LP47,City Square,MANILA,3,1,BARANGAY 176,,,14.628046,120.970317,,,,,,,16,2020-08-07,OSP
MNL003 LP51 NP1-2,MNL003,LP51,NP1-2,MNL003 LP51,City Square,MANILA,3,1,BARANGAY 176,,,14.626965,120.970839,,,,,,,16,2018-07-18,OSP
MNL003 LP381 NP3-4,MNL003,LP381,NP3-4,MNL003 LP381,City Square,MANILA,3,1,BARANGAY 176,,,14.62771318,120.971159,,,,,,,16,2019-06-16,OSP
MNL003 LP48 NP1-2,MNL003,LP48,NP1-2,MNL003 LP48,City Square,MANILA,3,1,BARANGAY 176,,,14.628021,120.97084,,,,,,,16,2018-07-18,OSP
MNL003 LP48 NP3-4,MNL003,LP48,NP3-4,MNL003 LP48,City Square,MANILA,3,1,BARANGAY 176,,,14.627748,120.970633,,,,,,,16,2018-07-18,OSP
MNL003 LP48 NP5-6,MNL003,LP48,NP5-6,MNL003 LP48,City Square,MANILA,3,1,BARANGAY 176,,,14.627384,120.970372,,,,,,,16,2018-07-18,OSP
MNL003 LP49 NP7-8,MNL003,LP49,NP7-8,MNL003 LP49,City Square,MANILA,3,1,BARANGAY 176,,,14.627389,120.971507,,,,,,,16,2018-07-18,OSP
MNL003 LP381 NP1-2,MNL003,LP381,NP1-2,MNL003 LP381,City Square,MANILA,3,1,BARANGAY 176,,,14.62718658,120.9708948,,,,,,,16,2019-06-16,OSP
MNL036 LP5 NP3-4,MNL036,LP5,NP3-4,MNL036 LP5,Juan Luna/ Solis,MANILA,3,1,BARANGAY 176,,,14.627901,120.96951,,,,,,,16,2020-07-30,OSP
MNL036 LP182 NP3-4,MNL036,LP182,NP3-4,MNL036 LP182,Juan Luna/ Solis,MANILA,3,1,BARANGAY 176,,,14.626985,120.970858,,,,,,,16,2021-04-18,OSP
MNL036 LP182 NP5-6,MNL036,LP182,NP5-6,MNL036 LP182,Juan Luna/ Solis,MANILA,3,1,BARANGAY 176,,,14.627023,120.970442,,,,,,,16,2021-04-18,OSP
MNL036 LP182 NP7-8,MNL036,LP182,NP7-8,MNL036 LP182,Juan Luna/ Solis,MANILA,3,1,BARANGAY 176,,,14.627456,120.970404,,,,,,,16,2021-04-18,OSP
MNL036 LP183 NP1-2,MNL036,LP183,NP1-2,MNL036 LP183,Juan Luna/ Solis,MANILA,3,1,BARANGAY 176,,,14.627854,120.970648,,,,,,,16,2021-04-18,OSP
MNL036 LP185 NP1-2,MNL036,LP185,NP1-2,MNL036 LP185,Juan Luna/ Solis,MANILA,3,1,BARANGAY 176,,,14.628231,120.969943,,,,,,,16,2021-04-18,OSP
MNL036 LP185 NP3-4,MNL036,LP185,NP3-4,MNL036 LP185,Juan Luna/ Solis,MANILA,3,1,BARANGAY 176,,,14.627919,120.969513,,,,,,,16,2021-04-18,OSP
MNL036 LP178 NP7-8,MNL036,LP178,NP7-8,MNL036 LP178,Juan Luna/ Solis,MANILA,3,1,BARANGAY 176,,,14.627336,120.971512,,,,,,,16,2021-04-18,OSP
MNL036 LP179 NP1-2,MNL036,LP179,NP1-2,MNL036 LP179,Juan Luna/ Solis,MANILA,3,1,BARANGAY 176,,,14.626923,120.971329,,,,,,,16,2021-04-18,OSP
MNL036 LP6 NP1-2,MNL036,LP6,NP1-2,MNL036 LP6,Juan Luna/ Solis,MANILA,3,1,BARANGAY 176,,,14.628028,120.9697,,,,,,,16,2020-07-30,OSP
MNL036 LP6 NP3-4,MNL036,LP6,NP3-4,MNL036 LP6,Juan Luna/ Solis,MANILA,3,1,BARANGAY 176,,,14.627839,120.970185,,,,,,,16,2020-07-30,OSP
MNL036 LP323 NP3-4,MNL036,LP323,NP3-4,MNL036 LP323,Juan Luna/ Solis,MANILA,3,1,BARANGAY 176,,,14.62769816,120.9700091,,,,,,"HOUSE # 2518 FIDEL ST. CORNER CALLEJON N ST., TONDO 2 MANILA",16,2024-12-18,OSP
MNL036 LP323 NP5-6,MNL036,LP323,NP5-6,MNL036 LP323,Juan Luna/ Solis,MANILA,3,1,BARANGAY 176,,,14.62745814,120.9704026,,,,,,"HOUSE # 2514 S. DEL ROSARIO ST. CORNER CALLEJON N ST., TONDO 2 MANILA",16,2024-12-18,OSP
MNL036 LP317 NP1-2,MNL036,LP317,NP1-2,MNL036 LP317,Juan Luna/ Solis,MANILA,3,1,BARANGAY 176,,,14.62691389,120.9713333,,,,,,"ALONG DEL FIERRO ST. CORNER FERNANDEZ ST., TONDO MANILA (FRONT OF SAINT DOMINIC MONTESORRI DE MANILA)",16,2024-12-18,OSP
CCS004 LP448 NP6-8,CCS004,LP448,NP6-8,CCS004 LP448,A.Mabini Street,MANILA,3,1,BARANGAY 177,,,14.635724,120.973672,,,,,,,24,2023-03-09,OSP
CCS004 LP449 NP1-2,CCS004,LP449,NP1-2,CCS004 LP449,A.Mabini Street,MANILA,3,1,BARANGAY 177,,,14.635724,120.973672,,,,,,,16,2023-03-09,OSP
CCS004 LP449 NP3-5,CCS004,LP449,NP3-5,CCS004 LP449,A.Mabini Street,MANILA,3,1,BARANGAY 177,,,14.635763,120.973407,,,,,,,24,2023-03-09,OSP
CCS004 LP449 NP6-8,CCS004,LP449,NP6-8,CCS004 LP449,A.Mabini Street,MANILA,3,1,BARANGAY 177,,,14.635763,120.973407,,,,,,,24,2023-03-09,OSP
CCS004 LP450 NP1-2,CCS004,LP450,NP1-2,CCS004 LP450,A.Mabini Street,MANILA,3,1,BARANGAY 177,,,14.635508,120.973862,,,,,,,16,2023-03-09,OSP
CCS004 LP450 NP3-5,CCS004,LP450,NP3-5,CCS004 LP450,A.Mabini Street,MANILA,3,1,BARANGAY 177,,,14.635508,120.973862,,,,,,,24,2023-03-09,OSP
CCS004 LP450 NP6-8,CCS004,LP450,NP6-8,CCS004 LP450,A.Mabini Street,MANILA,3,1,BARANGAY 177,,,14.635309,120.973783,,,,,,,24,2023-03-09,OSP
CCS004 LP451 NP1-2,CCS004,LP451,NP1-2,CCS004 LP451,A.Mabini Street,MANILA,3,1,BARANGAY 177,,,14.635309,120.973783,,,,,,,16,2023-03-09,OSP
CCS004 LP451 NP3-5,CCS004,LP451,NP3-5,CCS004 LP451,A.Mabini Street,MANILA,3,1,BARANGAY 177,,,14.635012,120.973635,,,,,,,24,2023-03-09,OSP
CCS004 LP451 NP6-8,CCS004,LP451,NP6-8,CCS004 LP451,A.Mabini Street,MANILA,3,1,BARANGAY 177,,,14.635012,120.973635,,,,,,,24,2023-03-09,OSP
CCS004 LP448 NP1-2,CCS004,LP448,NP1-2,CCS004 LP448,A.Mabini Street,MANILA,3,1,BARANGAY 177,,,14.635694,120.973916,,,,,,,16,2023-03-09,OSP
CCS004 LP448 NP3-5,CCS004,LP448,NP3-5,CCS004 LP448,A.Mabini Street,MANILA,3,1,BARANGAY 177,,,14.635694,120.973916,,,,,,,24,2023-03-09,OSP
MNL003 LP103 NP3-4,MNL003,LP103,NP3-4,MNL003 LP103,City Square,MANILA,3,1,BARANGAY 177,,,14.63381817,120.9749036,,,,,,,16,2018-11-25,OSP
MNL003 LP103 NP5-6,MNL003,LP103,NP5-6,MNL003 LP103,City Square,MANILA,3,1,BARANGAY 177,,,14.63511919,120.9751467,,,,,,,16,2018-11-25,OSP
MNL003 LP318 NP3-4,MNL003,LP318,NP3-4,MNL003 LP318,City Square,MANILA,3,1,BARANGAY 177,,,14.633891,120.974474,,,,,,,16,2019-03-29,OSP
VAL001 LP26 NP5-6,VAL001,LP26,NP5-6,VAL001 LP26,Gotaco,MANILA,3,1,BARANGAY 177,,,14.634554,120.975074,,,,,,,16,2016-03-07,OSP
MNL036 LP101 NP7-8,MNL036,LP101,NP7-8,MNL036 LP101,Juan Luna/ Solis,MANILA,3,1,BARANGAY 177,,,14.634376,120.974987,,,,,,,16,2020-08-30,OSP
MNL036 LP102 NP1-2,MNL036,LP102,NP1-2,MNL036 LP102,Juan Luna/ Solis,MANILA,3,1,BARANGAY 177,,,14.635114,120.975137,,,,,,,16,2020-08-30,OSP
MNL036 LP199 NP1-2,MNL036,LP199,NP1-2,MNL036 LP199,Juan Luna/ Solis,MANILA,3,1,BARANGAY 177,,,14.634188,120.975106,,,,,,,16,2023-04-29,OSP
MNL036 LP284 NP6-8,MNL036,LP284,NP6-8,MNL036 LP284,Juan Luna/ Solis,MANILA,3,1,BARANGAY 177,,,14.633899,120.974464,,,,,,,24,2023-04-29,OSP
MNL036 LP285 NP1-2,MNL036,LP285,NP1-2,MNL036 LP285,Juan Luna/ Solis,MANILA,3,1,BARANGAY 177,,,14.634543,120.974583,,,,,,,16,2023-04-29,OSP
MNL036 LP285 NP3-5,MNL036,LP285,NP3-5,MNL036 LP285,Juan Luna/ Solis,MANILA,3,1,BARANGAY 177,,,14.634935,120.97466,,,,,,,24,2023-04-29,OSP
MNL036 LP285 NP6-8,MNL036,LP285,NP6-8,MNL036 LP285,Juan Luna/ Solis,MANILA,3,1,BARANGAY 177,,,14.635084,120.974693,,,,,,,24,2023-04-29,OSP
MNL036 LP286 NP1-2,MNL036,LP286,NP1-2,MNL036 LP286,Juan Luna/ Solis,MANILA,3,1,BARANGAY 177,,,14.635177,120.974683,,,,,,,16,2023-04-29,OSP
MNL036 LP286 NP3-5,MNL036,LP286,NP3-5,MNL036 LP286,Juan Luna/ Solis,MANILA,3,1,BARANGAY 177,,,14.635316,120.974302,,,,,,,24,2023-04-29,OSP
MNL036 LP286 NP6-8,MNL036,LP286,NP6-8,MNL036 LP286,Juan Luna/ Solis,MANILA,3,1,BARANGAY 177,,,14.634984,120.974081,,,,,,,24,2023-04-29,OSP
MNL036 LP287 NP1-2,MNL036,LP287,NP1-2,MNL036 LP287,Juan Luna/ Solis,MANILA,3,1,BARANGAY 177,,,14.634689,120.973877,,,,,,,16,2023-04-29,OSP
MNL036 LP287 NP3-5,MNL036,LP287,NP3-5,MNL036 LP287,Juan Luna/ Solis,MANILA,3,1,BARANGAY 177,,,14.634733,120.973817,,,,,,,24,2023-04-29,OSP
MNL036 LP287 NP6-8,MNL036,LP287,NP6-8,MNL036 LP287,Juan Luna/ Solis,MANILA,3,1,BARANGAY 177,,,14.634734,120.973819,,,,,,,24,2023-04-29,OSP
MNL036 LP288 NP1-2,MNL036,LP288,NP1-2,MNL036 LP288,Juan Luna/ Solis,MANILA,3,1,BARANGAY 177,,,14.634334,120.973745,,,,,,,16,2023-04-29,OSP
MNL036 LP288 NP3-5,MNL036,LP288,NP3-5,MNL036 LP288,Juan Luna/ Solis,MANILA,3,1,BARANGAY 177,,,14.634051,120.973745,,,,,,,24,2023-04-29,OSP
MNL036 LP284 NP3-5,MNL036,LP284,NP3-5,MNL036 LP284,Juan Luna/ Solis,MANILA,3,1,BARANGAY 177,,,14.633899,120.974461,,,,,,,24,2023-04-29,OSP
MNL036 LP162 NP5-6,MNL036,LP162,NP5-6,MNL036 LP162,Juan Luna/ Solis,MANILA,3,1,BARANGAY 177,,,14.634047,120.973756,,,,,,,16,2020-12-15,OSP
MNL036 LP162 NP7-8,MNL036,LP162,NP7-8,MNL036 LP162,Juan Luna/ Solis,MANILA,3,1,BARANGAY 177,,,14.63469,120.973885,,,,,,,16,2020-12-15,OSP
MNL036 LP163 NP1-2,MNL036,LP163,NP1-2,MNL036 LP163,Juan Luna/ Solis,MANILA,3,1,BARANGAY 177,,,14.635309,120.974332,,,,,,,16,2020-12-15,OSP
MNL036 LP163 NP3-4,MNL036,LP163,NP3-4,MNL036 LP163,Juan Luna/ Solis,MANILA,3,1,BARANGAY 177,,,14.634912,120.974684,,,,,,,16,2020-12-15,OSP
MNL036 LP163 NP5-6,MNL036,LP163,NP5-6,MNL036 LP163,Juan Luna/ Solis,MANILA,3,1,BARANGAY 177,,,14.634561,120.974609,,,,,,,16,2020-12-15,OSP
MNL036 LP163 NP7-8,MNL036,LP163,NP7-8,MNL036 LP163,Juan Luna/ Solis,MANILA,3,1,BARANGAY 177,,,14.633898,120.974466,,,,,,,16,2020-12-15,OSP
MNL003 LP317 NP7-8,MNL003,LP317,NP7-8,MNL003 LP317,City Square,MANILA,3,1,BARANGAY 178,,,14.63337,120.973538,,,,,,,16,2019-03-29,OSP
MNL003 LP318 NP1-2,MNL003,LP318,NP1-2,MNL003 LP318,City Square,MANILA,3,1,BARANGAY 178,,,14.633227,120.974345,,,,,,,16,2019-03-29,OSP
MNL036 LP101 NP5-6,MNL036,LP101,NP5-6,MNL036 LP101,Juan Luna/ Solis,MANILA,3,1,BARANGAY 178,,,14.633402,120.974807,,,,,,,16,2020-08-30,OSP
MNL036 LP198 NP3-5,MNL036,LP198,NP3-5,MNL036 LP198,Juan Luna/ Solis,MANILA,3,1,BARANGAY 178,,,14.633325,120.974932,,,,,,,24,2023-04-29,OSP
MNL036 LP198 NP6-8,MNL036,LP198,NP6-8,MNL036 LP198,Juan Luna/ Solis,MANILA,3,1,BARANGAY 178,,,14.633592,120.974983,,,,,,,24,2023-04-29,OSP
MNL036 LP288 NP6-8,MNL036,LP288,NP6-8,MNL036 LP288,Juan Luna/ Solis,MANILA,3,1,BARANGAY 178,,,14.633721,120.973608,,,,,,,24,2023-04-29,OSP
MNL036 LP289 NP1-2,MNL036,LP289,NP1-2,MNL036 LP289,Juan Luna/ Solis,MANILA,3,1,BARANGAY 178,,,14.633369,120.973548,,,,,,,16,2023-04-29,OSP
MNL036 LP289 NP3-5,MNL036,LP289,NP3-5,MNL036 LP289,Juan Luna/ Solis,MANILA,3,1,BARANGAY 178,,,14.633003,120.973452,,,,,,,24,2023-04-29,OSP
MNL036 LP283 NP1-2,MNL036,LP283,NP1-2,MNL036 LP283,Juan Luna/ Solis,MANILA,3,1,BARANGAY 178,,,14.632683,120.974635,,,,,,,16,2023-04-29,OSP
MNL036 LP283 NP3-5,MNL036,LP283,NP3-5,MNL036 LP283,Juan Luna/ Solis,MANILA,3,1,BARANGAY 178,,,14.632868,120.974273,,,,,,,24,2023-04-29,OSP
MNL036 LP283 NP6-8,MNL036,LP283,NP6-8,MNL036 LP283,Juan Luna/ Solis,MANILA,3,1,BARANGAY 178,,,14.63335,120.97436,,,,,,,24,2023-04-29,OSP
MNL036 LP284 NP1-2,MNL036,LP284,NP1-2,MNL036 LP284,Juan Luna/ Solis,MANILA,3,1,BARANGAY 178,,,14.633566,120.974402,,,,,,,16,2023-04-29,OSP
MNL036 LP161 NP7-8,MNL036,LP161,NP7-8,MNL036 LP161,Juan Luna/ Solis,MANILA,3,1,BARANGAY 178,,,14.633023,120.973416,,,,,,,16,2020-12-15,OSP
MNL036 LP162 NP1-2,MNL036,LP162,NP1-2,MNL036 LP162,Juan Luna/ Solis,MANILA,3,1,BARANGAY 178,,,14.633375,120.973528,,,,,,,16,2020-12-15,OSP
MNL036 LP162 NP3-4,MNL036,LP162,NP3-4,MNL036 LP162,Juan Luna/ Solis,MANILA,3,1,BARANGAY 178,,,14.633844,120.973631,,,,,,,16,2020-12-15,OSP
MNL036 LP164 NP1-2,MNL036,LP164,NP1-2,MNL036 LP164,Juan Luna/ Solis,MANILA,3,1,BARANGAY 178,,,14.633566,120.974389,,,,,,,16,2020-12-15,OSP
MNL036 LP164 NP3-4,MNL036,LP164,NP3-4,MNL036 LP164,Juan Luna/ Solis,MANILA,3,1,BARANGAY 178,,,14.63324,120.974336,,,,,,,16,2020-12-15,OSP
MNL036 LP164 NP5-6,MNL036,LP164,NP5-6,MNL036 LP164,Juan Luna/ Solis,MANILA,3,1,BARANGAY 178,,,14.632881,120.974213,,,,,,,16,2020-12-15,OSP
MNL003 LP102 NP5-6,MNL003,LP102,NP5-6,MNL003 LP102,City Square,MANILA,3,1,BARANGAY 179,,,14.62928891,120.9739603,,,,,,,16,2018-11-25,OSP
MNL003 LP45 NP1-2,MNL003,LP45,NP1-2,MNL003 LP45,City Square,MANILA,3,1,BARANGAY 179,,,14.628914,120.973789,,,,,,,16,2018-07-18,OSP
MNL003 LP45 NP3-4,MNL003,LP45,NP3-4,MNL003 LP45,City Square,MANILA,3,1,BARANGAY 179,,,14.629035,120.972687,,,,,,,16,2018-07-18,OSP
MNL003 LP311 NP3-4,MNL003,LP311,NP3-4,MNL003 LP311,City Square,MANILA,3,1,BARANGAY 179,,,14.629939,120.973252,,,,,,,16,2019-03-29,OSP
MNL003 LP311 NP5-6,MNL003,LP311,NP5-6,MNL003 LP311,City Square,MANILA,3,1,BARANGAY 179,,,14.629969,120.972834,,,,,,,16,2019-03-29,OSP
MNL003 LP311 NP7-8,MNL003,LP311,NP7-8,MNL003 LP311,City Square,MANILA,3,1,BARANGAY 179,,,14.6305,120.972871,,,,,,,16,2019-03-29,OSP
MNL003 LP312 NP3-4,MNL003,LP312,NP3-4,MNL003 LP312,City Square,MANILA,3,1,BARANGAY 179,,,14.630276,120.972609,,,,,,,16,2019-03-29,OSP
MNL003 LP312 NP5-6,MNL003,LP312,NP5-6,MNL003 LP312,City Square,MANILA,3,1,BARANGAY 179,,,14.629959,120.972586,,,,,,,16,2019-03-29,OSP
MNL036 LP150 NP3-4,MNL036,LP150,NP3-4,MNL036 LP150,Juan Luna/ Solis,MANILA,3,1,BARANGAY 179,,,14.63039,120.973631,,,,,,,16,2020-12-15,OSP
MNL036 LP150 NP5-6,MNL036,LP150,NP5-6,MNL036 LP150,Juan Luna/ Solis,MANILA,3,1,BARANGAY 179,,,14.630173,120.973587,,,,,,,16,2020-12-15,OSP
MNL036 LP151 NP3-4,MNL036,LP151,NP3-4,MNL036 LP151,Juan Luna/ Solis,MANILA,3,1,BARANGAY 179,,,14.630344,120.973885,,,,,,,16,2020-12-15,OSP
MNL036 LP149 NP1-2,MNL036,LP149,NP1-2,MNL036 LP149,Juan Luna/ Solis,MANILA,3,1,BARANGAY 179,,,14.630231,120.972863,,,,,,,16,2020-12-15,OSP
MNL036 LP149 NP3-4,MNL036,LP149,NP3-4,MNL036 LP149,Juan Luna/ Solis,MANILA,3,1,BARANGAY 179,,,14.629966,120.972833,,,,,,,16,2020-12-15,OSP
MNL036 LP149 NP5-6,MNL036,LP149,NP5-6,MNL036 LP149,Juan Luna/ Solis,MANILA,3,1,BARANGAY 179,,,14.629895,120.973258,,,,,,,16,2020-12-15,OSP
MNL036 LP149 NP7-8,MNL036,LP149,NP7-8,MNL036 LP149,Juan Luna/ Solis,MANILA,3,1,BARANGAY 179,,,14.630371,120.973349,,,,,,,16,2020-12-15,OSP
MNL036 LP144 NP5-6,MNL036,LP144,NP5-6,MNL036 LP144,Juan Luna/ Solis,MANILA,3,1,BARANGAY 179,,,14.629667,120.973009,,,,,,,16,2020-12-15,OSP
MNL036 LP144 NP7-8,MNL036,LP144,NP7-8,MNL036 LP144,Juan Luna/ Solis,MANILA,3,1,BARANGAY 179,,,14.62958,120.973362,,,,,,,16,2020-12-15,OSP
MNL036 LP100 NP5-6,MNL036,LP100,NP5-6,MNL036 LP100,Juan Luna/ Solis,MANILA,3,1,BARANGAY 179,,,14.629811,120.974073,,,,,,,16,2020-08-30,OSP
MNL036 LP314 NP1-2,MNL036,LP314,NP1-2,MNL036 LP314,Juan Luna/ Solis,MANILA,3,1,BARANGAY 179,,,14.630451,120.972877,,,,,,,16,2023-04-29,OSP
MNL036 LP314 NP3-5,MNL036,LP314,NP3-5,MNL036 LP314,Juan Luna/ Solis,MANILA,3,1,BARANGAY 179,,,14.630145,120.973299,,,,,,,24,2023-04-29,OSP
MNL036 LP314 NP6-8,MNL036,LP314,NP6-8,MNL036 LP314,Juan Luna/ Solis,MANILA,3,1,BARANGAY 179,,,14.630372,120.973345,,,,,,,24,2023-04-29,OSP
MNL036 LP316 NP3-5,MNL036,LP316,NP3-5,MNL036 LP316,Juan Luna/ Solis,MANILA,3,1,BARANGAY 179,,,14.630166,120.973586,,,,,,,24,2023-04-29,OSP
MNL036 LP316 NP6-8,MNL036,LP316,NP6-8,MNL036 LP316,Juan Luna/ Solis,MANILA,3,1,BARANGAY 179,,,14.63028,120.973858,,,,,,,24,2023-04-29,OSP
MNL036 LP313 NP1-2,MNL036,LP313,NP1-2,MNL036 LP313,Juan Luna/ Solis,MANILA,3,1,BARANGAY 179,,,14.629953,120.97256,,,,,,,16,2023-04-29,OSP
MNL036 LP192 NP6-8,MNL036,LP192,NP6-8,MNL036 LP192,Juan Luna/ Solis,MANILA,3,1,BARANGAY 179,,,14.628847,120.973795,,,,,,,24,2022-05-10,OSP
MNL036 LP193 NP1-2,MNL036,LP193,NP1-2,MNL036 LP193,Juan Luna/ Solis,MANILA,3,1,BARANGAY 179,,,14.629279,120.973908,,,,,,,16,2022-05-10,OSP
MNL036 LP193 NP3-5,MNL036,LP193,NP3-5,MNL036 LP193,Juan Luna/ Solis,MANILA,3,1,BARANGAY 179,,,14.629921,120.974066,,,,,,,24,2022-05-10,OSP
MNL036 LP7 NP5-6,MNL036,LP7,NP5-6,MNL036 LP7,Juan Luna/ Solis,MANILA,3,1,BARANGAY 179,,,14.628991,120.97273,,,,,,,16,2020-07-30,OSP
MNL003 LP197 NP7-8,MNL003,LP197,NP7-8,MNL003 LP197,City Square,MANILA,3,1,BARANGAY 18,,,14.60016771,120.9645215,,,,,,,16,2019-01-30,OSP
MNL003 LP198 NP1-2,MNL003,LP198,NP1-2,MNL003 LP198,City Square,MANILA,3,1,BARANGAY 18,,,14.60070888,120.9632115,,,,,,,16,2019-01-30,OSP
MNL003 LP200 NP7-8,MNL003,LP200,NP7-8,MNL003 LP200,City Square,MANILA,3,1,BARANGAY 18,,,14.60135458,120.9644246,,,,,,,16,2019-01-30,OSP
MNL003 LP410 NP3-4,MNL003,LP410,NP3-4,MNL003 LP410,City Square,MANILA,3,1,BARANGAY 18,,,14.601112,120.964071,,,,,,,16,2019-11-12,OSP
MNL003 LP410 NP5-6,MNL003,LP410,NP5-6,MNL003 LP410,City Square,MANILA,3,1,BARANGAY 18,,,14.600931,120.964108,,,,,,,16,2019-11-12,OSP
MNL003 LP410 NP7-8,MNL003,LP410,NP7-8,MNL003 LP410,City Square,MANILA,3,1,BARANGAY 18,,,14.600768,120.964133,,,,,,,16,2019-11-12,OSP
MNL003 LP411 NP1-2,MNL003,LP411,NP1-2,MNL003 LP411,City Square,MANILA,3,1,BARANGAY 18,,,14.601306,120.963633,,,,,,,16,2019-11-12,OSP
MNL003 LP411 NP3-4,MNL003,LP411,NP3-4,MNL003 LP411,City Square,MANILA,3,1,BARANGAY 18,,,14.600923,120.963609,,,,,,,16,2019-11-12,OSP
MNL005 LP260 NP6-7-8,MNL005,LP260,NP6-7-8,MNL005 LP260,Orchard Building (City Square 2),MANILA,3,1,BARANGAY 18,,,14.600685,120.963177,,,,,,,24,2021-09-25,OSP
MNL005 LP376 NP3-4,MNL005,LP376,NP3-4,MNL005 LP376,Orchard Building (City Square 2),MANILA,3,1,BARANGAY 18,,,14.601045,120.964427,,,,,,,16,2021-11-01,OSP
MNL005 LP376 NP5-6,MNL005,LP376,NP5-6,MNL005 LP376,Orchard Building (City Square 2),MANILA,3,1,BARANGAY 18,,,14.600723,120.964448,,,,,,,16,2021-11-01,OSP
MNL005 LP370 NP3-5,MNL005,LP370,NP3-5,MNL005 LP370,Orchard Building (City Square 2),MANILA,3,1,BARANGAY 18,,,14.601139,120.964074,,,,,,,24,2021-11-01,OSP
MNL005 LP370 NP6-8,MNL005,LP370,NP6-8,MNL005 LP370,Orchard Building (City Square 2),MANILA,3,1,BARANGAY 18,,,14.600956,120.964116,,,,,,,24,2021-11-01,OSP
MNL005 LP371 NP1-2,MNL005,LP371,NP1-2,MNL005 LP371,Orchard Building (City Square 2),MANILA,3,1,BARANGAY 18,,,14.600603,120.96415,,,,,,,16,2021-11-01,OSP
MNL005 LP371 NP3-5,MNL005,LP371,NP3-5,MNL005 LP371,Orchard Building (City Square 2),MANILA,3,1,BARANGAY 18,,,14.600743,120.963635,,,,,,,24,2021-11-01,OSP
MNL005 LP371 NP6-8,MNL005,LP371,NP6-8,MNL005 LP371,Orchard Building (City Square 2),MANILA,3,1,BARANGAY 18,,,14.600907,120.963616,,,,,,,24,2021-11-01,OSP
MNL005 LP372 NP1-2,MNL005,LP372,NP1-2,MNL005 LP372,Orchard Building (City Square 2),MANILA,3,1,BARANGAY 18,,,14.601232,120.963582,,,,,,,16,2021-11-01,OSP
MNL005 LP372 NP3-5,MNL005,LP372,NP3-5,MNL005 LP372,Orchard Building (City Square 2),MANILA,3,1,BARANGAY 18,,,14.601222,120.963232,,,,,,,24,2021-11-01,OSP
MNL005 LP372 NP6-8,MNL005,LP372,NP6-8,MNL005 LP372,Orchard Building (City Square 2),MANILA,3,1,BARANGAY 18,,,14.600959,120.963252,,,,,,,24,2021-11-01,OSP
MNL005 LP373 NP1-2,MNL005,LP373,NP1-2,MNL005 LP373,Orchard Building (City Square 2),MANILA,3,1,BARANGAY 18,,,14.601398,120.96357,,,,,,,16,2021-11-01,OSP
MNL003 LP45 NP5-6,MNL003,LP45,NP5-6,MNL003 LP45,City Square,MANILA,3,1,BARANGAY 180,,,14.629115,120.97195,,,,,,,16,2018-07-18,OSP
MNL003 LP313 NP1-2,MNL003,LP313,NP1-2,MNL003 LP313,City Square,MANILA,3,1,BARANGAY 180,,,14.630629,120.972202,,,,,,,16,2019-03-29,OSP
MNL003 LP313 NP3-4,MNL003,LP313,NP3-4,MNL003 LP313,City Square,MANILA,3,1,BARANGAY 180,,,14.630367,120.972144,,,,,,,16,2019-03-29,OSP
MNL003 LP313 NP5-6,MNL003,LP313,NP5-6,MNL003 LP313,City Square,MANILA,3,1,BARANGAY 180,,,14.630792,120.971237,,,,,,,16,2019-03-29,OSP
MNL003 LP313 NP7-8,MNL003,LP313,NP7-8,MNL003 LP313,City Square,MANILA,3,1,BARANGAY 180,,,14.630481,120.971167,,,,,,,16,2019-03-29,OSP
MNL003 LP46 NP1-2,MNL003,LP46,NP1-2,MNL003 LP46,City Square,MANILA,3,1,BARANGAY 180,,,14.629168,120.971576,,,,,,,16,2018-07-18,OSP
MNL003 LP46 NP7-8,MNL003,LP46,NP7-8,MNL003 LP46,City Square,MANILA,3,1,BARANGAY 180,,,14.629151,120.971518,,,,,,,16,2020-08-07,OSP
MNL036 LP145 NP7-8,MNL036,LP145,NP7-8,MNL036 LP145,Juan Luna/ Solis,MANILA,3,1,BARANGAY 180,,,14.63026,120.971158,,,,,,,16,2020-12-15,OSP
MNL036 LP146 NP1-2,MNL036,LP146,NP1-2,MNL036 LP146,Juan Luna/ Solis,MANILA,3,1,BARANGAY 180,,,14.630519,120.971161,,,,,,,16,2020-12-15,OSP
MNL036 LP146 NP3-4,MNL036,LP146,NP3-4,MNL036 LP146,Juan Luna/ Solis,MANILA,3,1,BARANGAY 180,,,14.630423,120.971633,,,,,,,16,2020-12-15,OSP
MNL036 LP146 NP5-6,MNL036,LP146,NP5-6,MNL036 LP146,Juan Luna/ Solis,MANILA,3,1,BARANGAY 180,,,14.630355,120.97212,,,,,,,16,2020-12-15,OSP
MNL036 LP146 NP7-8,MNL036,LP146,NP7-8,MNL036 LP146,Juan Luna/ Solis,MANILA,3,1,BARANGAY 180,,,14.630282,120.972595,,,,,,,16,2020-12-15,OSP
MNL036 LP147 NP1-2,MNL036,LP147,NP1-2,MNL036 LP147,Juan Luna/ Solis,MANILA,3,1,BARANGAY 180,,,14.630624,120.972189,,,,,,,16,2020-12-15,OSP
MNL036 LP147 NP3-4,MNL036,LP147,NP3-4,MNL036 LP147,Juan Luna/ Solis,MANILA,3,1,BARANGAY 180,,,14.630707,120.971704,,,,,,,16,2020-12-15,OSP
MNL036 LP147 NP5-6,MNL036,LP147,NP5-6,MNL036 LP147,Juan Luna/ Solis,MANILA,3,1,BARANGAY 180,,,14.630796,120.971219,,,,,,,16,2020-12-15,OSP
MNL036 LP144 NP1-2,MNL036,LP144,NP1-2,MNL036 LP144,Juan Luna/ Solis,MANILA,3,1,BARANGAY 180,,,14.62937,120.972514,,,,,,,16,2020-12-15,OSP
MNL036 LP144 NP3-4,MNL036,LP144,NP3-4,MNL036 LP144,Juan Luna/ Solis,MANILA,3,1,BARANGAY 180,,,14.629723,120.972543,,,,,,,16,2020-12-15,OSP
MNL036 LP145 NP1-2,MNL036,LP145,NP1-2,MNL036 LP145,Juan Luna/ Solis,MANILA,3,1,BARANGAY 180,,,14.630035,120.972079,,,,,,,16,2020-12-15,OSP
MNL036 LP145 NP3-4,MNL036,LP145,NP3-4,MNL036 LP145,Juan Luna/ Solis,MANILA,3,1,BARANGAY 180,,,14.629808,120.972042,,,,,,,16,2020-12-15,OSP
MNL036 LP145 NP5-6,MNL036,LP145,NP5-6,MNL036 LP145,Juan Luna/ Solis,MANILA,3,1,BARANGAY 180,,,14.629758,120.972299,,,,,,,16,2020-12-15,OSP
MNL036 LP313 NP6-8,MNL036,LP313,NP6-8,MNL036 LP313,Juan Luna/ Solis,MANILA,3,1,BARANGAY 180,,,14.629154,120.972462,,,,,,,24,2023-04-29,OSP
MNL036 LP309 NP6-8,MNL036,LP309,NP6-8,MNL036 LP309,Juan Luna/ Solis,MANILA,3,1,BARANGAY 180,,,14.630524,120.972621,,,,,,,24,2023-04-29,OSP
MNL036 LP310 NP1-2,MNL036,LP310,NP1-2,MNL036 LP310,Juan Luna/ Solis,MANILA,3,1,BARANGAY 180,,,14.63062,120.972185,,,,,,,16,2023-04-29,OSP
MNL036 LP310 NP3-5,MNL036,LP310,NP3-5,MNL036 LP310,Juan Luna/ Solis,MANILA,3,1,BARANGAY 180,,,14.630657,120.971897,,,,,,,24,2023-04-29,OSP
MNL036 LP310 NP6-8,MNL036,LP310,NP6-8,MNL036 LP310,Juan Luna/ Solis,MANILA,3,1,BARANGAY 180,,,14.630733,120.971192,,,,,,,24,2023-04-29,OSP
MNL036 LP311 NP1-2,MNL036,LP311,NP1-2,MNL036 LP311,Juan Luna/ Solis,MANILA,3,1,BARANGAY 180,,,14.630479,120.971147,,,,,,,16,2023-04-29,OSP
MNL036 LP311 NP3-5,MNL036,LP311,NP3-5,MNL036 LP311,Juan Luna/ Solis,MANILA,3,1,BARANGAY 180,,,14.630364,120.97117,,,,,,,24,2023-04-29,OSP
MNL036 LP311 NP6-8,MNL036,LP311,NP6-8,MNL036 LP311,Juan Luna/ Solis,MANILA,3,1,BARANGAY 180,,,14.630261,120.971142,,,,,,,24,2023-04-29,OSP
MNL036 LP312 NP1-2,MNL036,LP312,NP1-2,MNL036 LP312,Juan Luna/ Solis,MANILA,3,1,BARANGAY 180,,,14.630361,120.972127,,,,,,,16,2023-04-29,OSP
MNL036 LP312 NP3-5,MNL036,LP312,NP3-5,MNL036 LP312,Juan Luna/ Solis,MANILA,3,1,BARANGAY 180,,,14.630353,120.972127,,,,,,,24,2023-04-29,OSP
MNL036 LP312 NP6-8,MNL036,LP312,NP6-8,MNL036 LP312,Juan Luna/ Solis,MANILA,3,1,BARANGAY 180,,,14.630025,120.97212,,,,,,,24,2023-04-29,OSP
MNL036 LP313 NP3-5,MNL036,LP313,NP3-5,MNL036 LP313,Juan Luna/ Solis,MANILA,3,1,BARANGAY 180,,,14.629708,120.972537,,,,,,,24,2023-04-29,OSP
MNL036 LP177 NP3-4,MNL036,LP177,NP3-4,MNL036 LP177,Juan Luna/ Solis,MANILA,3,1,BARANGAY 180,,,14.629046,120.972301,,,,,,,16,2021-04-18,OSP
MNL036 LP177 NP5-6,MNL036,LP177,NP5-6,MNL036 LP177,Juan Luna/ Solis,MANILA,3,1,BARANGAY 180,,,14.629091,120.971912,,,,,,,16,2021-04-18,OSP
MNL003 LP102 NP7-8,MNL003,LP102,NP7-8,MNL003 LP102,City Square,MANILA,3,1,BARANGAY 181,,,14.63107621,120.9743718,,,,,,,16,2018-11-25,OSP
MNL003 LP317 NP1-2,MNL003,LP317,NP1-2,MNL003 LP317,City Square,MANILA,3,1,BARANGAY 181,,,14.631207,120.973515,,,,,,,16,2019-03-29,OSP
MNL003 LP310 NP5-6,MNL003,LP310,NP5-6,MNL003 LP310,City Square,MANILA,3,1,BARANGAY 181,,,14.630668,120.973685,,,,,,,16,2019-03-29,OSP
MNL003 LP311 NP1-2,MNL003,LP311,NP1-2,MNL003 LP311,City Square,MANILA,3,1,BARANGAY 181,,,14.630709,120.973418,,,,,,,16,2019-03-29,OSP
MNL003 LP312 NP1-2,MNL003,LP312,NP1-2,MNL003 LP312,City Square,MANILA,3,1,BARANGAY 181,,,14.630839,120.972652,,,,,,,16,2019-03-29,OSP
MNL003 LP312 NP7-8,MNL003,LP312,NP7-8,MNL003 LP312,City Square,MANILA,3,1,BARANGAY 181,,,14.630905,120.972315,,,,,,,16,2019-03-29,OSP
MNL003 LP310 NP1-2,MNL003,LP310,NP1-2,MNL003 LP310,City Square,MANILA,3,1,BARANGAY 181,,,14.630515,120.974231,,,,,,,16,2019-03-29,OSP
MNL003 LP310 NP3-4,MNL003,LP310,NP3-4,MNL003 LP310,City Square,MANILA,3,1,BARANGAY 181,,,14.630618,120.973972,,,,,,,16,2019-03-29,OSP
MNL036 LP150 NP1-2,MNL036,LP150,NP1-2,MNL036 LP150,Juan Luna/ Solis,MANILA,3,1,BARANGAY 181,,,14.630708,120.973423,,,,,,,16,2020-12-15,OSP
MNL036 LP150 NP7-8,MNL036,LP150,NP7-8,MNL036 LP150,Juan Luna/ Solis,MANILA,3,1,BARANGAY 181,,,14.630666,120.973696,,,,,,,16,2020-12-15,OSP
MNL036 LP151 NP1-2,MNL036,LP151,NP1-2,MNL036 LP151,Juan Luna/ Solis,MANILA,3,1,BARANGAY 181,,,14.630612,120.973983,,,,,,,16,2020-12-15,OSP
MNL036 LP151 NP5-6,MNL036,LP151,NP5-6,MNL036 LP151,Juan Luna/ Solis,MANILA,3,1,BARANGAY 181,,,14.631177,120.974065,,,,,,,16,2020-12-15,OSP
MNL036 LP151 NP7-8,MNL036,LP151,NP7-8,MNL036 LP151,Juan Luna/ Solis,MANILA,3,1,BARANGAY 181,,,14.63122,120.973792,,,,,,,16,2020-12-15,OSP
MNL036 LP152 NP1-2,MNL036,LP152,NP1-2,MNL036 LP152,Juan Luna/ Solis,MANILA,3,1,BARANGAY 181,,,14.631253,120.973491,,,,,,,16,2020-12-15,OSP
MNL036 LP152 NP3-4,MNL036,LP152,NP3-4,MNL036 LP152,Juan Luna/ Solis,MANILA,3,1,BARANGAY 181,,,14.631307,120.973172,,,,,,,16,2020-12-15,OSP
MNL036 LP148 NP3-4,MNL036,LP148,NP3-4,MNL036 LP148,Juan Luna/ Solis,MANILA,3,1,BARANGAY 181,,,14.630895,120.972329,,,,,,,16,2020-12-15,OSP
MNL036 LP148 NP5-6,MNL036,LP148,NP5-6,MNL036 LP148,Juan Luna/ Solis,MANILA,3,1,BARANGAY 181,,,14.630845,120.972665,,,,,,,16,2020-12-15,OSP
MNL036 LP148 NP7-8,MNL036,LP148,NP7-8,MNL036 LP148,Juan Luna/ Solis,MANILA,3,1,BARANGAY 181,,,14.630799,120.97291,,,,,,,16,2020-12-15,OSP
MNL036 LP100 NP7-8,MNL036,LP100,NP7-8,MNL036 LP100,Juan Luna/ Solis,MANILA,3,1,BARANGAY 181,,,14.630506,120.974229,,,,,,,16,2020-08-30,OSP
MNL036 LP315 NP1-2,MNL036,LP315,NP1-2,MNL036 LP315,Juan Luna/ Solis,MANILA,3,1,BARANGAY 181,,,14.630708,120.973414,,,,,,,16,2023-04-29,OSP
MNL036 LP315 NP3-5,MNL036,LP315,NP3-5,MNL036 LP315,Juan Luna/ Solis,MANILA,3,1,BARANGAY 181,,,14.631211,120.973769,,,,,,,24,2023-04-29,OSP
MNL036 LP315 NP6-8,MNL036,LP315,NP6-8,MNL036 LP315,Juan Luna/ Solis,MANILA,3,1,BARANGAY 181,,,14.63117,120.974071,,,,,,,24,2023-04-29,OSP
MNL036 LP316 NP1-2,MNL036,LP316,NP1-2,MNL036 LP316,Juan Luna/ Solis,MANILA,3,1,BARANGAY 181,,,14.630666,120.973665,,,,,,,16,2023-04-29,OSP
MNL036 LP309 NP1-2,MNL036,LP309,NP1-2,MNL036 LP309,Juan Luna/ Solis,MANILA,3,1,BARANGAY 181,,,14.630899,120.972302,,,,,,,16,2023-04-29,OSP
MNL036 LP309 NP3-5,MNL036,LP309,NP3-5,MNL036 LP309,Juan Luna/ Solis,MANILA,3,1,BARANGAY 181,,,14.630796,120.972917,,,,,,,24,2023-04-29,OSP
MNL036 LP193 NP6-8,MNL036,LP193,NP6-8,MNL036 LP193,Juan Luna/ Solis,MANILA,3,1,BARANGAY 181,,,14.630507,120.974198,,,,,,,24,2022-05-10,OSP
MNL036 LP194 NP1-2,MNL036,LP194,NP1-2,MNL036 LP194,Juan Luna/ Solis,MANILA,3,1,BARANGAY 181,,,14.631116,120.974355,,,,,,,16,2022-05-10,OSP
MNL003 LP315 NP1-2,MNL003,LP315,NP1-2,MNL003 LP315,City Square,MANILA,3,1,BARANGAY 182,,,14.631515,120.971892,,,,,,,16,2019-03-29,OSP
MNL003 LP315 NP3-4,MNL003,LP315,NP3-4,MNL003 LP315,City Square,MANILA,3,1,BARANGAY 182,,,14.631474,120.972151,,,,,,,16,2019-03-29,OSP
MNL003 LP316 NP5-6,MNL003,LP316,NP5-6,MNL003 LP316,City Square,MANILA,3,1,BARANGAY 182,,,14.632851,120.972706,,,,,,,16,2019-03-29,OSP
MNL003 LP316 NP7-8,MNL003,LP316,NP7-8,MNL003 LP316,City Square,MANILA,3,1,BARANGAY 182,,,14.632973,120.971908,,,,,,,16,2019-03-29,OSP
MNL003 LP314 NP1-2,MNL003,LP314,NP1-2,MNL003 LP314,City Square,MANILA,3,1,BARANGAY 182,,,14.631593,120.971363,,,,,,,16,2019-03-29,OSP
MNL003 LP314 NP3-4,MNL003,LP314,NP3-4,MNL003 LP314,City Square,MANILA,3,1,BARANGAY 182,,,14.631555,120.971657,,,,,,,16,2019-03-29,OSP
MNL003 LP314 NP5-6,MNL003,LP314,NP5-6,MNL003 LP314,City Square,MANILA,3,1,BARANGAY 182,,,14.632166,120.971791,,,,,,,16,2019-03-29,OSP
MNL003 LP314 NP7-8,MNL003,LP314,NP7-8,MNL003 LP314,City Square,MANILA,3,1,BARANGAY 182,,,14.632276,120.971221,,,,,,,16,2019-03-29,OSP
MNL036 LP153 NP1-2,MNL036,LP153,NP1-2,MNL036 LP153,Juan Luna/ Solis,MANILA,3,1,BARANGAY 182,,,14.631468,120.972096,,,,,,,16,2020-12-15,OSP
MNL036 LP153 NP3-4,MNL036,LP153,NP3-4,MNL036 LP153,Juan Luna/ Solis,MANILA,3,1,BARANGAY 182,,,14.631508,120.971875,,,,,,,16,2020-12-15,OSP
MNL036 LP147 NP7-8,MNL036,LP147,NP7-8,MNL036 LP147,Juan Luna/ Solis,MANILA,3,1,BARANGAY 182,,,14.631068,120.971326,,,,,,,16,2020-12-15,OSP
MNL036 LP148 NP1-2,MNL036,LP148,NP1-2,MNL036 LP148,Juan Luna/ Solis,MANILA,3,1,BARANGAY 182,,,14.630998,120.971768,,,,,,,16,2020-12-15,OSP
MNL036 LP303 NP3-5,MNL036,LP303,NP3-5,MNL036 LP303,Juan Luna/ Solis,MANILA,3,1,BARANGAY 182,,,14.632651,120.971022,,,,,,,24,2023-04-29,OSP
MNL036 LP303 NP6-8,MNL036,LP303,NP6-8,MNL036 LP303,Juan Luna/ Solis,MANILA,3,1,BARANGAY 182,,,14.632857,120.971048,,,,,,,24,2023-04-29,OSP
MNL036 LP304 NP1-2,MNL036,LP304,NP1-2,MNL036 LP304,Juan Luna/ Solis,MANILA,3,1,BARANGAY 182,,,14.633169,120.971104,,,,,,,16,2023-04-29,OSP
MNL036 LP304 NP3-5,MNL036,LP304,NP3-5,MNL036 LP304,Juan Luna/ Solis,MANILA,3,1,BARANGAY 182,,,14.633487,120.971151,,,,,,,24,2023-04-29,OSP
MNL036 LP304 NP6-8,MNL036,LP304,NP6-8,MNL036 LP304,Juan Luna/ Solis,MANILA,3,1,BARANGAY 182,,,14.63365,120.970894,,,,,,,24,2023-04-29,OSP
MNL036 LP305 NP1-2,MNL036,LP305,NP1-2,MNL036 LP305,Juan Luna/ Solis,MANILA,3,1,BARANGAY 182,,,14.632924,120.970788,,,,,,,16,2023-04-29,OSP
MNL036 LP305 NP3-5,MNL036,LP305,NP3-5,MNL036 LP305,Juan Luna/ Solis,MANILA,3,1,BARANGAY 182,,,14.632929,120.970792,,,,,,,24,2023-04-29,OSP
MNL036 LP305 NP6-8,MNL036,LP305,NP6-8,MNL036 LP305,Juan Luna/ Solis,MANILA,3,1,BARANGAY 182,,,14.632705,120.970728,,,,,,,24,2023-04-29,OSP
MNL036 LP306 NP1-2,MNL036,LP306,NP1-2,MNL036 LP306,Juan Luna/ Solis,MANILA,3,1,BARANGAY 182,,,14.631545,120.971928,,,,,,,16,2023-04-29,OSP
MNL036 LP306 NP3-5,MNL036,LP306,NP3-5,MNL036 LP306,Juan Luna/ Solis,MANILA,3,1,BARANGAY 182,,,14.631548,120.971672,,,,,,,24,2023-04-29,OSP
MNL036 LP306 NP6-8,MNL036,LP306,NP6-8,MNL036 LP306,Juan Luna/ Solis,MANILA,3,1,BARANGAY 182,,,14.631606,120.971368,,,,,,,24,2023-04-29,OSP
MNL036 LP307 NP1-2,MNL036,LP307,NP1-2,MNL036 LP307,Juan Luna/ Solis,MANILA,3,1,BARANGAY 182,,,14.631843,120.97175,,,,,,,16,2023-04-29,OSP
MNL036 LP307 NP3-5,MNL036,LP307,NP3-5,MNL036 LP307,Juan Luna/ Solis,MANILA,3,1,BARANGAY 182,,,14.631887,120.971606,,,,,,,24,2023-04-29,OSP
MNL036 LP307 NP6-8,MNL036,LP307,NP6-8,MNL036 LP307,Juan Luna/ Solis,MANILA,3,1,BARANGAY 182,,,14.63193,120.971394,,,,,,,24,2023-04-29,OSP
MNL036 LP308 NP1-2,MNL036,LP308,NP1-2,MNL036 LP308,Juan Luna/ Solis,MANILA,3,1,BARANGAY 182,,,14.631327,120.971384,,,,,,,16,2023-04-29,OSP
MNL036 LP308 NP3-5,MNL036,LP308,NP3-5,MNL036 LP308,Juan Luna/ Solis,MANILA,3,1,BARANGAY 182,,,14.631062,120.971323,,,,,,,24,2023-04-29,OSP
MNL036 LP308 NP6-8,MNL036,LP308,NP6-8,MNL036 LP308,Juan Luna/ Solis,MANILA,3,1,BARANGAY 182,,,14.63102,120.971567,,,,,,,24,2023-04-29,OSP
MNL036 LP300 NP1-2,MNL036,LP300,NP1-2,MNL036 LP300,Juan Luna/ Solis,MANILA,3,1,BARANGAY 182,,,14.632217,120.971749,,,,,,,16,2023-04-29,OSP
MNL036 LP300 NP3-5,MNL036,LP300,NP3-5,MNL036 LP300,Juan Luna/ Solis,MANILA,3,1,BARANGAY 182,,,14.632183,120.971673,,,,,,,24,2023-04-29,OSP
MNL036 LP300 NP6-8,MNL036,LP300,NP6-8,MNL036 LP300,Juan Luna/ Solis,MANILA,3,1,BARANGAY 182,,,14.632219,120.971476,,,,,,,24,2023-04-29,OSP
MNL036 LP301 NP1-2,MNL036,LP301,NP1-2,MNL036 LP301,Juan Luna/ Solis,MANILA,3,1,BARANGAY 182,,,14.632446,120.971517,,,,,,,16,2023-04-29,OSP
MNL036 LP301 NP3-5,MNL036,LP301,NP3-5,MNL036 LP301,Juan Luna/ Solis,MANILA,3,1,BARANGAY 182,,,14.632793,120.97155,,,,,,,24,2023-04-29,OSP
MNL036 LP301 NP6-8,MNL036,LP301,NP6-8,MNL036 LP301,Juan Luna/ Solis,MANILA,3,1,BARANGAY 182,,,14.633052,120.971608,,,,,,,24,2023-04-29,OSP
MNL036 LP302 NP1-2,MNL036,LP302,NP1-2,MNL036 LP302,Juan Luna/ Solis,MANILA,3,1,BARANGAY 182,,,14.632547,120.97128,,,,,,,16,2023-04-29,OSP
MNL036 LP302 NP3-5,MNL036,LP302,NP3-5,MNL036 LP302,Juan Luna/ Solis,MANILA,3,1,BARANGAY 182,,,14.632772,120.971321,,,,,,,24,2023-04-29,OSP
MNL036 LP302 NP6-8,MNL036,LP302,NP6-8,MNL036 LP302,Juan Luna/ Solis,MANILA,3,1,BARANGAY 182,,,14.633201,120.971393,,,,,,,24,2023-04-29,OSP
MNL036 LP303 NP1-2,MNL036,LP303,NP1-2,MNL036 LP303,Juan Luna/ Solis,MANILA,3,1,BARANGAY 182,,,14.632313,120.970944,,,,,,,16,2023-04-29,OSP
MNL036 LP296 NP1-2,MNL036,LP296,NP1-2,MNL036 LP296,Juan Luna/ Solis,MANILA,3,1,BARANGAY 182,,,14.632839,120.972386,,,,,,,16,2023-04-29,OSP
MNL036 LP296 NP3-5,MNL036,LP296,NP3-5,MNL036 LP296,Juan Luna/ Solis,MANILA,3,1,BARANGAY 182,,,14.632366,120.97233,,,,,,,24,2023-04-29,OSP
MNL036 LP297 NP1-2,MNL036,LP297,NP1-2,MNL036 LP297,Juan Luna/ Solis,MANILA,3,1,BARANGAY 182,,,14.631781,120.972264,,,,,,,16,2023-04-29,OSP
MNL036 LP297 NP3-5,MNL036,LP297,NP3-5,MNL036 LP297,Juan Luna/ Solis,MANILA,3,1,BARANGAY 182,,,14.631633,120.972243,,,,,,,24,2023-04-29,OSP
MNL036 LP297 NP6-8,MNL036,LP297,NP6-8,MNL036 LP297,Juan Luna/ Solis,MANILA,3,1,BARANGAY 182,,,14.631869,120.972007,,,,,,,24,2023-04-29,OSP
MNL036 LP298 NP1-2,MNL036,LP298,NP1-2,MNL036 LP298,Juan Luna/ Solis,MANILA,3,1,BARANGAY 182,,,14.632119,120.972075,,,,,,,16,2023-04-29,OSP
MNL036 LP298 NP3-5,MNL036,LP298,NP3-5,MNL036 LP298,Juan Luna/ Solis,MANILA,3,1,BARANGAY 182,,,14.632399,120.972061,,,,,,,24,2023-04-29,OSP
MNL036 LP298 NP6-8,MNL036,LP298,NP6-8,MNL036 LP298,Juan Luna/ Solis,MANILA,3,1,BARANGAY 182,,,14.632683,120.972098,,,,,,,24,2023-04-29,OSP
MNL036 LP299 NP1-2,MNL036,LP299,NP1-2,MNL036 LP299,Juan Luna/ Solis,MANILA,3,1,BARANGAY 182,,,14.632887,120.972146,,,,,,,16,2023-04-29,OSP
MNL036 LP299 NP3-5,MNL036,LP299,NP3-5,MNL036 LP299,Juan Luna/ Solis,MANILA,3,1,BARANGAY 182,,,14.632745,120.971851,,,,,,,24,2023-04-29,OSP
MNL036 LP299 NP6-8,MNL036,LP299,NP6-8,MNL036 LP299,Juan Luna/ Solis,MANILA,3,1,BARANGAY 182,,,14.632453,120.9718,,,,,,,24,2023-04-29,OSP
MNL036 LP161 NP1-2,MNL036,LP161,NP1-2,MNL036 LP161,Juan Luna/ Solis,MANILA,3,1,BARANGAY 182,,,14.632851,120.972379,,,,,,,16,2020-12-15,OSP
MNL036 LP161 NP3-4,MNL036,LP161,NP3-4,MNL036 LP161,Juan Luna/ Solis,MANILA,3,1,BARANGAY 182,,,14.632858,120.972703,,,,,,,16,2020-12-15,OSP
MNL036 LP159 NP1-2,MNL036,LP159,NP1-2,MNL036 LP159,Juan Luna/ Solis,MANILA,3,1,BARANGAY 182,,,14.632718,120.970723,,,,,,,16,2020-12-15,OSP
MNL036 LP159 NP3-4,MNL036,LP159,NP3-4,MNL036 LP159,Juan Luna/ Solis,MANILA,3,1,BARANGAY 182,,,14.633011,120.970529,,,,,,,16,2020-12-15,OSP
MNL036 LP159 NP5-6,MNL036,LP159,NP5-6,MNL036 LP159,Juan Luna/ Solis,MANILA,3,1,BARANGAY 182,,,14.633684,120.970894,,,,,,,16,2020-12-15,OSP
MNL036 LP159 NP7-8,MNL036,LP159,NP7-8,MNL036 LP159,Juan Luna/ Solis,MANILA,3,1,BARANGAY 182,,,14.633525,120.971128,,,,,,,16,2020-12-15,OSP
MNL036 LP160 NP1-2,MNL036,LP160,NP1-2,MNL036 LP160,Juan Luna/ Solis,MANILA,3,1,BARANGAY 182,,,14.63332,120.971424,,,,,,,16,2020-12-15,OSP
MNL036 LP160 NP3-4,MNL036,LP160,NP3-4,MNL036 LP160,Juan Luna/ Solis,MANILA,3,1,BARANGAY 182,,,14.633209,120.971405,,,,,,,16,2020-12-15,OSP
MNL036 LP160 NP5-6,MNL036,LP160,NP5-6,MNL036 LP160,Juan Luna/ Solis,MANILA,3,1,BARANGAY 182,,,14.632976,120.971913,,,,,,,16,2020-12-15,OSP
MNL036 LP160 NP7-8,MNL036,LP160,NP7-8,MNL036 LP160,Juan Luna/ Solis,MANILA,3,1,BARANGAY 182,,,14.632873,120.97214,,,,,,,16,2020-12-15,OSP
MNL036 LP153 NP5-6,MNL036,LP153,NP5-6,MNL036 LP153,Juan Luna/ Solis,MANILA,3,1,BARANGAY 182,,,14.63161,120.97172,,,,,,,16,2020-12-15,OSP
MNL036 LP153 NP7-8,MNL036,LP153,NP7-8,MNL036 LP153,Juan Luna/ Solis,MANILA,3,1,BARANGAY 182,,,14.631609,120.971719,,,,,,,16,2020-12-15,OSP
MNL036 LP154 NP1-2,MNL036,LP154,NP1-2,MNL036 LP154,Juan Luna/ Solis,MANILA,3,1,BARANGAY 182,,,14.631834,120.971757,,,,,,,16,2020-12-15,OSP
MNL036 LP154 NP3-4,MNL036,LP154,NP3-4,MNL036 LP154,Juan Luna/ Solis,MANILA,3,1,BARANGAY 182,,,14.631924,120.971412,,,,,,,16,2020-12-15,OSP
MNL036 LP154 NP5-6,MNL036,LP154,NP5-6,MNL036 LP154,Juan Luna/ Solis,MANILA,3,1,BARANGAY 182,,,14.631991,120.971119,,,,,,,16,2020-12-15,OSP
MNL036 LP154 NP7-8,MNL036,LP154,NP7-8,MNL036 LP154,Juan Luna/ Solis,MANILA,3,1,BARANGAY 182,,,14.631989,120.971118,,,,,,,16,2020-12-15,OSP
MNL036 LP155 NP1-2,MNL036,LP155,NP1-2,MNL036 LP155,Juan Luna/ Solis,MANILA,3,1,BARANGAY 182,,,14.632276,120.971246,,,,,,,16,2020-12-15,OSP
MNL036 LP155 NP3-4,MNL036,LP155,NP3-4,MNL036 LP155,Juan Luna/ Solis,MANILA,3,1,BARANGAY 182,,,14.632378,120.970875,,,,,,,16,2020-12-15,OSP
MNL036 LP155 NP5-6,MNL036,LP155,NP5-6,MNL036 LP155,Juan Luna/ Solis,MANILA,3,1,BARANGAY 182,,,14.633029,120.971379,,,,,,,16,2020-12-15,OSP
MNL036 LP155 NP7-8,MNL036,LP155,NP7-8,MNL036 LP155,Juan Luna/ Solis,MANILA,3,1,BARANGAY 182,,,14.632781,120.971581,,,,,,,16,2020-12-15,OSP
MNL036 LP156 NP1-2,MNL036,LP156,NP1-2,MNL036 LP156,Juan Luna/ Solis,MANILA,3,1,BARANGAY 182,,,14.63222,120.971492,,,,,,,16,2020-12-15,OSP
MNL036 LP156 NP3-4,MNL036,LP156,NP3-4,MNL036 LP156,Juan Luna/ Solis,MANILA,3,1,BARANGAY 182,,,14.632164,120.971803,,,,,,,16,2020-12-15,OSP
MNL036 LP156 NP5-6,MNL036,LP156,NP5-6,MNL036 LP156,Juan Luna/ Solis,MANILA,3,1,BARANGAY 182,,,14.632748,120.971856,,,,,,,16,2020-12-15,OSP
MNL036 LP156 NP7-8,MNL036,LP156,NP7-8,MNL036 LP156,Juan Luna/ Solis,MANILA,3,1,BARANGAY 182,,,14.63268,120.972111,,,,,,,16,2020-12-15,OSP
MNL036 LP157 NP1-2,MNL036,LP157,NP1-2,MNL036 LP157,Juan Luna/ Solis,MANILA,3,1,BARANGAY 182,,,14.632116,120.972066,,,,,,,16,2020-12-15,OSP
MNL036 LP157 NP5-6,MNL036,LP157,NP5-6,MNL036 LP157,Juan Luna/ Solis,MANILA,3,1,BARANGAY 182,,,14.632645,120.972369,,,,,,,16,2020-12-15,OSP
MNL003 LP103 NP1-2,MNL003,LP103,NP1-2,MNL003 LP103,City Square,MANILA,3,1,BARANGAY 183,,,14.63262572,120.974684,,,,,,,16,2018-11-25,OSP
MNL003 LP45 NP7-8,MNL003,LP45,NP7-8,MNL003 LP45,City Square,MANILA,3,1,BARANGAY 183,,,14.632038,120.972557,,,,,,,16,2018-10-18,OSP
MNL003 LP315 NP5-6,MNL003,LP315,NP5-6,MNL003 LP315,City Square,MANILA,3,1,BARANGAY 183,,,14.631432,120.972379,,,,,,,16,2019-03-29,OSP
MNL003 LP315 NP7-8,MNL003,LP315,NP7-8,MNL003 LP315,City Square,MANILA,3,1,BARANGAY 183,,,14.63138,120.972703,,,,,,,16,2019-03-29,OSP
MNL003 LP316 NP1-2,MNL003,LP316,NP1-2,MNL003 LP316,City Square,MANILA,3,1,BARANGAY 183,,,14.631988,120.972874,,,,,,,16,2019-03-29,OSP
MNL003 LP316 NP3-4,MNL003,LP316,NP3-4,MNL003 LP316,City Square,MANILA,3,1,BARANGAY 183,,,14.632446,120.972962,,,,,,,16,2019-03-29,OSP
MNL003 LP317 NP3-4,MNL003,LP317,NP3-4,MNL003 LP317,City Square,MANILA,3,1,BARANGAY 183,,,14.632046,120.973734,,,,,,,16,2019-03-29,OSP
MNL003 LP317 NP5-6,MNL003,LP317,NP5-6,MNL003 LP317,City Square,MANILA,3,1,BARANGAY 183,,,14.632355,120.973295,,,,,,,16,2019-03-29,OSP
MNL036 LP152 NP5-6,MNL036,LP152,NP5-6,MNL036 LP152,Juan Luna/ Solis,MANILA,3,1,BARANGAY 183,,,14.631375,120.972702,,,,,,,16,2020-12-15,OSP
MNL036 LP152 NP7-8,MNL036,LP152,NP7-8,MNL036 LP152,Juan Luna/ Solis,MANILA,3,1,BARANGAY 183,,,14.631414,120.972361,,,,,,,16,2020-12-15,OSP
MNL036 LP101 NP1-2,MNL036,LP101,NP1-2,MNL036 LP101,Juan Luna/ Solis,MANILA,3,1,BARANGAY 183,,,14.631551,120.974467,,,,,,,16,2020-08-30,OSP
MNL036 LP101 NP3-4,MNL036,LP101,NP3-4,MNL036 LP101,Juan Luna/ Solis,MANILA,3,1,BARANGAY 183,,,14.632665,120.974666,,,,,,,16,2020-08-30,OSP
MNL036 LP194 NP3-5,MNL036,LP194,NP3-5,MNL036 LP194,Juan Luna/ Solis,MANILA,3,1,BARANGAY 183,,,14.631546,120.974436,,,,,,,24,2022-05-10,OSP
MNL036 LP194 NP6-8,MNL036,LP194,NP6-8,MNL036 LP194,Juan Luna/ Solis,MANILA,3,1,BARANGAY 183,,,14.63191,120.974503,,,,,,,24,2022-05-10,OSP
MNL036 LP294 NP6-8,MNL036,LP294,NP6-8,MNL036 LP294,Juan Luna/ Solis,MANILA,3,1,BARANGAY 183,,,14.631532,120.972742,,,,,,,24,2023-04-29,OSP
MNL036 LP295 NP1-2,MNL036,LP295,NP1-2,MNL036 LP295,Juan Luna/ Solis,MANILA,3,1,BARANGAY 183,,,14.632603,120.972651,,,,,,,16,2023-04-29,OSP
MNL036 LP295 NP3-5,MNL036,LP295,NP3-5,MNL036 LP295,Juan Luna/ Solis,MANILA,3,1,BARANGAY 183,,,14.632316,120.972603,,,,,,,24,2023-04-29,OSP
MNL036 LP295 NP6-8,MNL036,LP295,NP6-8,MNL036 LP295,Juan Luna/ Solis,MANILA,3,1,BARANGAY 183,,,14.63153,120.972744,,,,,,,24,2023-04-29,OSP
MNL036 LP296 NP6-8,MNL036,LP296,NP6-8,MNL036 LP296,Juan Luna/ Solis,MANILA,3,1,BARANGAY 183,,,14.632063,120.97232,,,,,,,24,2023-04-29,OSP
MNL036 LP290 NP1-2,MNL036,LP290,NP1-2,MNL036 LP290,Juan Luna/ Solis,MANILA,3,1,BARANGAY 183,,,14.632529,120.973328,,,,,,,16,2023-04-29,OSP
MNL036 LP290 NP3-5,MNL036,LP290,NP3-5,MNL036 LP290,Juan Luna/ Solis,MANILA,3,1,BARANGAY 183,,,14.632518,120.973517,,,,,,,24,2023-04-29,OSP
MNL036 LP290 NP6-8,MNL036,LP290,NP6-8,MNL036 LP290,Juan Luna/ Solis,MANILA,3,1,BARANGAY 183,,,14.632419,120.973714,,,,,,,24,2023-04-29,OSP
MNL036 LP291 NP1-2,MNL036,LP291,NP1-2,MNL036 LP291,Juan Luna/ Solis,MANILA,3,1,BARANGAY 183,,,14.632363,120.974183,,,,,,,16,2023-04-29,OSP
MNL036 LP291 NP3-5,MNL036,LP291,NP3-5,MNL036 LP291,Juan Luna/ Solis,MANILA,3,1,BARANGAY 183,,,14.632033,120.974128,,,,,,,24,2023-04-29,OSP
MNL036 LP291 NP6-8,MNL036,LP291,NP6-8,MNL036 LP291,Juan Luna/ Solis,MANILA,3,1,BARANGAY 183,,,14.632051,120.973716,,,,,,,24,2023-04-29,OSP
MNL036 LP292 NP1-2,MNL036,LP292,NP1-2,MNL036 LP292,Juan Luna/ Solis,MANILA,3,1,BARANGAY 183,,,14.632159,120.973496,,,,,,,16,2023-04-29,OSP
MNL036 LP292 NP3-5,MNL036,LP292,NP3-5,MNL036 LP292,Juan Luna/ Solis,MANILA,3,1,BARANGAY 183,,,14.632202,120.973261,,,,,,,24,2023-04-29,OSP
MNL036 LP292 NP6-8,MNL036,LP292,NP6-8,MNL036 LP292,Juan Luna/ Solis,MANILA,3,1,BARANGAY 183,,,14.631849,120.973179,,,,,,,24,2023-04-29,OSP
MNL036 LP293 NP1-2,MNL036,LP293,NP1-2,MNL036 LP293,Juan Luna/ Solis,MANILA,3,1,BARANGAY 183,,,14.632878,120.973027,,,,,,,16,2023-04-29,OSP
MNL036 LP293 NP3-5,MNL036,LP293,NP3-5,MNL036 LP293,Juan Luna/ Solis,MANILA,3,1,BARANGAY 183,,,14.632336,120.972933,,,,,,,24,2023-04-29,OSP
MNL036 LP293 NP6-8,MNL036,LP293,NP6-8,MNL036 LP293,Juan Luna/ Solis,MANILA,3,1,BARANGAY 183,,,14.631786,120.972833,,,,,,,24,2023-04-29,OSP
MNL036 LP294 NP1-2,MNL036,LP294,NP1-2,MNL036 LP294,Juan Luna/ Solis,MANILA,3,1,BARANGAY 183,,,14.631783,120.972827,,,,,,,16,2023-04-29,OSP
MNL036 LP294 NP3-5,MNL036,LP294,NP3-5,MNL036 LP294,Juan Luna/ Solis,MANILA,3,1,BARANGAY 183,,,14.631532,120.972742,,,,,,,24,2023-04-29,OSP
MNL036 LP289 NP6-8,MNL036,LP289,NP6-8,MNL036 LP289,Juan Luna/ Solis,MANILA,3,1,BARANGAY 183,,,14.632749,120.973385,,,,,,,24,2023-04-29,OSP
MNL036 LP165 NP3-4,MNL036,LP165,NP3-4,MNL036 LP165,Juan Luna/ Solis,MANILA,3,1,BARANGAY 183,,,14.631768,120.974002,,,,,,,16,2020-12-15,OSP
MNL036 LP165 NP5-6,MNL036,LP165,NP5-6,MNL036 LP165,Juan Luna/ Solis,MANILA,3,1,BARANGAY 183,,,14.632129,120.9737,,,,,,,16,2020-12-15,OSP
MNL036 LP165 NP7-8,MNL036,LP165,NP7-8,MNL036 LP165,Juan Luna/ Solis,MANILA,3,1,BARANGAY 183,,,14.631544,120.97361,,,,,,,16,2020-12-15,OSP
MNL036 LP166 NP1-2,MNL036,LP166,NP1-2,MNL036 LP166,Juan Luna/ Solis,MANILA,3,1,BARANGAY 183,,,14.632164,120.973261,,,,,,,16,2020-12-15,OSP
MNL036 LP166 NP3-4,MNL036,LP166,NP3-4,MNL036 LP166,Juan Luna/ Solis,MANILA,3,1,BARANGAY 183,,,14.631629,120.973123,,,,,,,16,2020-12-15,OSP
MNL036 LP166 NP5-6,MNL036,LP166,NP5-6,MNL036 LP166,Juan Luna/ Solis,MANILA,3,1,BARANGAY 183,,,14.632537,120.973333,,,,,,,16,2020-12-15,OSP
MNL036 LP166 NP7-8,MNL036,LP166,NP7-8,MNL036 LP166,Juan Luna/ Solis,MANILA,3,1,BARANGAY 183,,,14.63241,120.973782,,,,,,,16,2020-12-15,OSP
MNL036 LP161 NP5-6,MNL036,LP161,NP5-6,MNL036 LP161,Juan Luna/ Solis,MANILA,3,1,BARANGAY 183,,,14.632893,120.973072,,,,,,,16,2020-12-15,OSP
MNL036 LP164 NP7-8,MNL036,LP164,NP7-8,MNL036 LP164,Juan Luna/ Solis,MANILA,3,1,BARANGAY 183,,,14.63236,120.974184,,,,,,,16,2020-12-15,OSP
MNL036 LP165 NP1-2,MNL036,LP165,NP1-2,MNL036 LP165,Juan Luna/ Solis,MANILA,3,1,BARANGAY 183,,,14.632048,120.974131,,,,,,,16,2020-12-15,OSP
MNL036 LP157 NP7-8,MNL036,LP157,NP7-8,MNL036 LP157,Juan Luna/ Solis,MANILA,3,1,BARANGAY 183,,,14.632601,120.97266,,,,,,,16,2020-12-15,OSP
MNL036 LP158 NP1-2,MNL036,LP158,NP1-2,MNL036 LP158,Juan Luna/ Solis,MANILA,3,1,BARANGAY 183,,,14.632021,120.972573,,,,,,,16,2020-12-15,OSP
MNL036 LP158 NP3-4,MNL036,LP158,NP3-4,MNL036 LP158,Juan Luna/ Solis,MANILA,3,1,BARANGAY 183,,,14.632003,120.972867,,,,,,,16,2020-12-15,OSP
MNL036 LP158 NP5-6,MNL036,LP158,NP5-6,MNL036 LP158,Juan Luna/ Solis,MANILA,3,1,BARANGAY 183,,,14.632302,120.972936,,,,,,,16,2020-12-15,OSP