Box Name,OLT,LCP,NAP,LCP Name,Node Name,Municipality,Cluster,Sector,Barangay,Subdivision,Building Name,Latitude,Longitude,Parent Site,Parent Floor,Parent Room,Additional Details,Remarks,Landmark,Capacity,Installation Date,OSP / ISP
MNL036 LP79 NP1-2,MNL036,LP79,NP1-2,MNL036 LP79,Juan Luna/ Solis,MANILA,3,1,BARANGAY 110,,,14.617728,120.961067,,,,,,,16,2020-07-30,OSP
MNL036 LP79 NP3-4,MNL036,LP79,NP3-4,MNL036 LP79,Juan Luna/ Solis,MANILA,3,1,BARANGAY 110,,,14.617454,120.960501,,,,,,,16,2020-07-30,OSP
MNL036 LP79 NP5-6,MNL036,LP79,NP5-6,MNL036 LP79,Juan Luna/ Solis,MANILA,3,1,BARANGAY 110,,,14.617319,120.960491,,,,,,,16,2020-07-30,OSP
MNL036 LP79 NP7-8,MNL036,LP79,NP7-8,MNL036 LP79,Juan Luna/ Solis,MANILA,3,1,BARANGAY 110,,,14.617099,120.96053,,,,,,,16,2020-07-30,OSP
MNL045 LP20 NP1-2,MNL045,LP20,NP1-2,MNL045 LP20,Radial Road 10,MANILA,3,1,BARANGAY 110,,,14.617418,120.961429,,,,,,,16,2021-08-30,OSP
MNL045 LP22 NP1-2,MNL045,LP22,NP1-2,MNL045 LP22,Radial Road 10,MANILA,3,1,BARANGAY 110,,,14.617103,120.960537,,,,,,,16,2021-08-30,OSP
MNL045 LP22 NP3-4,MNL045,LP22,NP3-4,MNL045 LP22,Radial Road 10,MANILA,3,1,BARANGAY 110,,,14.617314,120.960494,,,,,,,16,2021-08-30,OSP
MNL045 LP19 NP5-6,MNL045,LP19,NP5-6,MNL045 LP19,Radial Road 10,MANILA,3,1,BARANGAY 110,,,14.616899,120.961446,,,,,,,16,2021-08-30,OSP
MNL045 LP19 NP7-8,MNL045,LP19,NP7-8,MNL045 LP19,Radial Road 10,MANILA,3,1,BARANGAY 110,,,14.617145,120.961442,,,,,,,16,2021-08-30,OSP
MNL045 LP21 NP1-2,MNL045,LP21,NP1-2,MNL045 LP21,Radial Road 10,MANILA,3,1,BARANGAY 110,,,14.617319,120.961019,,,,,,,16,2021-08-30,OSP
MNL045 LP21 NP3-4,MNL045,LP21,NP3-4,MNL045 LP21,Radial Road 10,MANILA,3,1,BARANGAY 110,,,14.617119,120.961057,,,,,,,16,2021-08-30,OSP
MNL045 LP21 NP5-6,MNL045,LP21,NP5-6,MNL045 LP21,Radial Road 10,MANILA,3,1,BARANGAY 110,,,14.616895,120.96102,,,,,,,16,2021-08-30,OSP
MNL045 LP21 NP7-8,MNL045,LP21,NP7-8,MNL045 LP21,Radial Road 10,MANILA,3,1,BARANGAY 110,,,14.61685,120.960557,,,,,,,16,2021-08-30,OSP
MNL045 LP22 NP5-6,MNL045,LP22,NP5-6,MNL045 LP22,Radial Road 10,MANILA,3,1,BARANGAY 110,,,14.617461,120.960509,,,,,,,16,2021-08-30,OSP
MNL045 LP91 NP1-2,MNL045,LP91,NP1-2,MNL045 LP91,Radial Road 10,MANILA,3,1,BARANGAY 110,,,14.614612,120.961387,,,,,,,16,2021-08-30,OSP
MNL045 LP91 NP3-4,MNL045,LP91,NP3-4,MNL045 LP91,Radial Road 10,MANILA,3,1,BARANGAY 110,,,14.614612,120.961384,,,,,,,16,2021-08-30,OSP
MNL045 LP93 NP1-2,MNL045,LP93,NP1-2,MNL045 LP93,Radial Road 10,MANILA,3,1,BARANGAY 110,,,14.614485,120.960703,,,,,,,16,2021-08-30,OSP
MNL045 LP93 NP3-4,MNL045,LP93,NP3-4,MNL045 LP93,Radial Road 10,MANILA,3,1,BARANGAY 110,,,14.614485,120.960703,,,,,,,16,2021-08-30,OSP
MNL045 LP93 NP5-6,MNL045,LP93,NP5-6,MNL045 LP93,Radial Road 10,MANILA,3,1,BARANGAY 110,,,14.614448,120.960472,,,,,,,16,2021-08-30,OSP
MNL045 LP93 NP7-8,MNL045,LP93,NP7-8,MNL045 LP93,Radial Road 10,MANILA,3,1,BARANGAY 110,,,14.614448,120.960473,,,,,,,16,2021-08-30,OSP
MNL045 LP87 NP5-6,MNL045,LP87,NP5-6,MNL045 LP87,Radial Road 10,MANILA,3,1,BARANGAY 110,,,14.616348,120.961553,,,,,,,16,2021-08-30,OSP
MNL045 LP87 NP7-8,MNL045,LP87,NP7-8,MNL045 LP87,Radial Road 10,MANILA,3,1,BARANGAY 110,,,14.616345,120.961555,,,,,,,16,2021-08-30,OSP
MNL003 LP141 NP5-6,MNL003,LP141,NP5-6,MNL003 LP141,City Square,MANILA,3,1,BARANGAY 111,,,14.61798762,120.9637649,,,,,,,16,2018-11-29,OSP
MNL003 LP141 NP7-8,MNL003,LP141,NP7-8,MNL003 LP141,City Square,MANILA,3,1,BARANGAY 111,,,14.61744992,120.9638702,,,,,,,16,2018-11-29,OSP
MNL036 LP70 NP5-6,MNL036,LP70,NP5-6,MNL036 LP70,Juan Luna/ Solis,MANILA,3,1,BARANGAY 111,,,14.618042,120.96408,,,,,,,16,2020-07-30,OSP
MNL036 LP70 NP7-8,MNL036,LP70,NP7-8,MNL036 LP70,Juan Luna/ Solis,MANILA,3,1,BARANGAY 111,,,14.617254,120.963915,,,,,,,16,2020-07-30,OSP
MNL036 LP71 NP7-8,MNL036,LP71,NP7-8,MNL036 LP71,Juan Luna/ Solis,MANILA,3,1,BARANGAY 111,,,14.616965,120.963676,,,,,,,16,2020-07-30,OSP
MNL036 LP72 NP1-2,MNL036,LP72,NP1-2,MNL036 LP72,Juan Luna/ Solis,MANILA,3,1,BARANGAY 111,,,14.617697,120.963556,,,,,,,16,2020-07-30,OSP
MNL036 LP70 NP3-4,MNL036,LP70,NP3-4,MNL036 LP70,Juan Luna/ Solis,MANILA,3,1,BARANGAY 111,,,14.617156,120.964252,,,,,,,16,2020-07-30,OSP
MNL045 LP4 NP1-2,MNL045,LP4,NP1-2,MNL045 LP4,Radial Road 10,MANILA,3,1,BARANGAY 111,,,14.616955,120.963676,,,,,,,16,2021-08-30,OSP
MNL045 LP4 NP3-4,MNL045,LP4,NP3-4,MNL045 LP4,Radial Road 10,MANILA,3,1,BARANGAY 111,,,14.617216,120.963651,,,,,,,16,2021-08-30,OSP
MNL045 LP4 NP5-6,MNL045,LP4,NP5-6,MNL045 LP4,Radial Road 10,MANILA,3,1,BARANGAY 111,,,14.617216,120.963651,,,,,,,16,2021-08-30,OSP
MNL045 LP4 NP7-8,MNL045,LP4,NP7-8,MNL045 LP4,Radial Road 10,MANILA,3,1,BARANGAY 111,,,14.617707,120.96356,,,,,,,16,2021-08-30,OSP
MNL045 LP9 NP1-2,MNL045,LP9,NP1-2,MNL045 LP9,Radial Road 10,MANILA,3,1,BARANGAY 111,,,14.61717,120.964257,,,,,,,16,2021-08-30,OSP
MNL045 LP9 NP3-4,MNL045,LP9,NP3-4,MNL045 LP9,Radial Road 10,MANILA,3,1,BARANGAY 111,,,14.617387,120.96421,,,,,,,16,2021-08-30,OSP
MNL045 LP9 NP5-6,MNL045,LP9,NP5-6,MNL045 LP9,Radial Road 10,MANILA,3,1,BARANGAY 111,,,14.617696,120.964147,,,,,,,16,2021-08-30,OSP
MNL045 LP9 NP7-8,MNL045,LP9,NP7-8,MNL045 LP9,Radial Road 10,MANILA,3,1,BARANGAY 111,,,14.618043,120.964079,,,,,,,16,2021-08-30,OSP
MNL045 LP5 NP1-2,MNL045,LP5,NP1-2,MNL045 LP5,Radial Road 10,MANILA,3,1,BARANGAY 111,,,14.61804,120.963482,,,,,,,16,2021-08-30,OSP
MNL045 LP5 NP7-8,MNL045,LP5,NP7-8,MNL045 LP5,Radial Road 10,MANILA,3,1,BARANGAY 111,,,14.617982,120.963769,,,,,,,8,2021-08-30,OSP
MNL045 LP5 NP7-9,MNL045,LP5,NP7-9,MNL045 LP5,Radial Road 10,MANILA,3,1,BARANGAY 111,,,14.617982,120.963769,,,,,,,8,2021-08-30,OSP
MNL045 LP6 NP1-2,MNL045,LP6,NP1-2,MNL045 LP6,Radial Road 10,MANILA,3,1,BARANGAY 111,,,14.617732,120.963823,,,,,,,16,2021-08-30,OSP
MNL045 LP6 NP3-4,MNL045,LP6,NP3-4,MNL045 LP6,Radial Road 10,MANILA,3,1,BARANGAY 111,,,14.617505,120.963871,,,,,,,16,2021-08-30,OSP
MNL045 LP6 NP5-6,MNL045,LP6,NP5-6,MNL045 LP6,Radial Road 10,MANILA,3,1,BARANGAY 111,,,14.617254,120.963915,,,,,,,16,2021-08-30,OSP
MNL045 LP6 NP7-8,MNL045,LP6,NP7-8,MNL045 LP6,Radial Road 10,MANILA,3,1,BARANGAY 111,,,14.616948,120.963973,,,,,,,16,2021-08-30,OSP
MNL003 LP142 NP3-4,MNL003,LP142,NP3-4,MNL003 LP142,City Square,MANILA,3,1,BARANGAY 112,,,14.61787953,120.9632279,,,,,,,16,2018-11-29,OSP
MNL003 LP142 NP5-6,MNL003,LP142,NP5-6,MNL003 LP142,City Square,MANILA,3,1,BARANGAY 112,,,14.61712965,120.9632029,,,,,,,16,2018-11-29,OSP
MNL003 LP142 NP7-8,MNL003,LP142,NP7-8,MNL003 LP142,City Square,MANILA,3,1,BARANGAY 112,,,14.61684729,120.9632158,,,,,,,16,2018-11-29,OSP
MNL003 LP146 NP5-6,MNL003,LP146,NP5-6,MNL003 LP146,City Square,MANILA,3,1,BARANGAY 112,,,14.61750327,120.9626524,,,,,,,16,2018-12-11,OSP
MNL003 LP146 NP7-8,MNL003,LP146,NP7-8,MNL003 LP146,City Square,MANILA,3,1,BARANGAY 112,,,14.61698784,120.9627584,,,,,,,16,2018-12-11,OSP
MNL003 LP147 NP1-2,MNL003,LP147,NP1-2,MNL003 LP147,City Square,MANILA,3,1,BARANGAY 112,,,14.61674325,120.9627256,,,,,,,16,2018-11-29,OSP
MNL003 LP147 NP3-4,MNL003,LP147,NP3-4,MNL003 LP147,City Square,MANILA,3,1,BARANGAY 112,,,14.61675857,120.9624202,,,,,,,16,2018-11-29,OSP
MNL003 LP147 NP5-6,MNL003,LP147,NP5-6,MNL003 LP147,City Square,MANILA,3,1,BARANGAY 112,,,14.61705492,120.9623698,,,,,,,16,2018-11-29,OSP
MNL003 LP147 NP7-8,MNL003,LP147,NP7-8,MNL003 LP147,City Square,MANILA,3,1,BARANGAY 112,,,14.61758078,120.9622846,,,,,,,16,2018-11-29,OSP
MNL003 LP148 NP3-4,MNL003,LP148,NP3-4,MNL003 LP148,City Square,MANILA,3,1,BARANGAY 112,,,14.61750691,120.9619226,,,,,,,16,2018-11-29,OSP
MNL003 LP148 NP5-6,MNL003,LP148,NP5-6,MNL003 LP148,City Square,MANILA,3,1,BARANGAY 112,,,14.61727735,120.9619826,,,,,,,16,2018-11-29,OSP
MNL003 LP148 NP7-8,MNL003,LP148,NP7-8,MNL003 LP148,City Square,MANILA,3,1,BARANGAY 112,,,14.61691704,120.9620833,,,,,,,16,2018-11-29,OSP
MNL036 LP81 NP1-2-3,MNL036,LP81,NP1-2-3,MNL036 LP81,Juan Luna/ Solis,MANILA,3,1,BARANGAY 112,,,14.61671,120.961798,,,,,,,24,2020-07-30,OSP
MNL036 LP81 NP4-5-6,MNL036,LP81,NP4-5-6,MNL036 LP81,Juan Luna/ Solis,MANILA,3,1,BARANGAY 112,,,14.616901,120.961805,,,,,,,24,2020-07-30,OSP
MNL036 LP81 NP7-8,MNL036,LP81,NP7-8,MNL036 LP81,Juan Luna/ Solis,MANILA,3,1,BARANGAY 112,,,14.616697,120.962126,,,,,,,16,2020-07-30,OSP
MNL036 LP72 NP3-4,MNL036,LP72,NP3-4,MNL036 LP72,Juan Luna/ Solis,MANILA,3,1,BARANGAY 112,,,14.617626,120.96322,,,,,,,16,2020-07-30,OSP
MNL045 LP16 NP3-4,MNL045,LP16,NP3-4,MNL045 LP16,Radial Road 10,MANILA,3,1,BARANGAY 112,,,14.616779,120.962407,,,,,,,16,2021-08-30,OSP
MNL045 LP16 NP5-6,MNL045,LP16,NP5-6,MNL045 LP16,Radial Road 10,MANILA,3,1,BARANGAY 112,,,14.617052,120.962378,,,,,,,16,2021-08-30,OSP
MNL045 LP16 NP7-8,MNL045,LP16,NP7-8,MNL045 LP16,Radial Road 10,MANILA,3,1,BARANGAY 112,,,14.617286,120.962335,,,,,,,16,2021-08-30,OSP
MNL045 LP2 NP1-2,MNL045,LP2,NP1-2,MNL045 LP2,Radial Road 10,MANILA,3,1,BARANGAY 112,,,14.617123,120.963226,,,,,,,16,2021-08-30,OSP
MNL045 LP2 NP3-4,MNL045,LP2,NP3-4,MNL045 LP2,Radial Road 10,MANILA,3,1,BARANGAY 112,,,14.616855,120.963232,,,,,,,16,2021-08-30,OSP
MNL045 LP17 NP1-2,MNL045,LP17,NP1-2,MNL045 LP17,Radial Road 10,MANILA,3,1,BARANGAY 112,,,14.617544,120.962265,,,,,,,16,2021-08-30,OSP
MNL045 LP17 NP7-8,MNL045,LP17,NP7-8,MNL045 LP17,Radial Road 10,MANILA,3,1,BARANGAY 112,,,14.617715,120.96188,,,,,,,16,2021-08-30,OSP
MNL045 LP16 NP1-2,MNL045,LP16,NP1-2,MNL045 LP16,Radial Road 10,MANILA,3,1,BARANGAY 112,,,14.616739,120.962732,,,,,,,16,2021-08-30,OSP
MNL045 LP18 NP1-2,MNL045,LP18,NP1-2,MNL045 LP18,Radial Road 10,MANILA,3,1,BARANGAY 112,,,14.617451,120.961958,,,,,,,16,2021-08-30,OSP
MNL045 LP18 NP3-4,MNL045,LP18,NP3-4,MNL045 LP18,Radial Road 10,MANILA,3,1,BARANGAY 112,,,14.61717,120.962029,,,,,,,16,2021-08-30,OSP
MNL045 LP18 NP5-6,MNL045,LP18,NP5-6,MNL045 LP18,Radial Road 10,MANILA,3,1,BARANGAY 112,,,14.616907,120.962108,,,,,,,16,2021-08-30,OSP
MNL045 LP18 NP7-8,MNL045,LP18,NP7-8,MNL045 LP18,Radial Road 10,MANILA,3,1,BARANGAY 112,,,14.616704,120.962115,,,,,,,16,2021-08-30,OSP
MNL045 LP1 NP3-4,MNL045,LP1,NP3-4,MNL045 LP1,Radial Road 10,MANILA,3,1,BARANGAY 112,,,14.617882,120.963227,,,,,,,16,2021-08-30,OSP
MNL045 LP1 NP5-6,MNL045,LP1,NP5-6,MNL045 LP1,Radial Road 10,MANILA,3,1,BARANGAY 112,,,14.617629,120.963219,,,,,,,16,2021-08-30,OSP
MNL045 LP1 NP7-8,MNL045,LP1,NP7-8,MNL045 LP1,Radial Road 10,MANILA,3,1,BARANGAY 112,,,14.617387,120.963223,,,,,,,16,2021-08-30,OSP
MNL045 LP15 NP5-6,MNL045,LP15,NP5-6,MNL045 LP15,Radial Road 10,MANILA,3,1,BARANGAY 112,,,14.617509,120.962669,,,,,,,16,2021-08-30,OSP
MNL045 LP15 NP7-8,MNL045,LP15,NP7-8,MNL045 LP15,Radial Road 10,MANILA,3,1,BARANGAY 112,,,14.616996,120.962768,,,,,,,16,2021-08-30,OSP
MNL045 LP19 NP1-2,MNL045,LP19,NP1-2,MNL045 LP19,Radial Road 10,MANILA,3,1,BARANGAY 112,,,14.61671,120.961796,,,,,,,16,2021-08-30,OSP
MNL045 LP19 NP3-4,MNL045,LP19,NP3-4,MNL045 LP19,Radial Road 10,MANILA,3,1,BARANGAY 112,,,14.616639,120.961536,,,,,,,16,2021-08-30,OSP
MNL045 LP15 NP3-4,MNL045,LP15,NP3-4,MNL045 LP15,Radial Road 10,MANILA,3,1,BARANGAY 112,,,14.617737,120.962555,,,,,,,16,2021-08-30,OSP
MNL045 LP87 NP3-4,MNL045,LP87,NP3-4,MNL045 LP87,Radial Road 10,MANILA,3,1,BARANGAY 112,,,14.61671,120.961801,,,,,,,16,2021-08-30,OSP
MNL045 LP87 NP1-2,MNL045,LP87,NP1-2,MNL045 LP87,Radial Road 10,MANILA,3,1,BARANGAY 112,,,14.61671,120.961801,,,,,,,16,2021-08-30,OSP
MNL045 LP78 NP5-6,MNL045,LP78,NP5-6,MNL045 LP78,Radial Road 10,MANILA,3,1,BARANGAY 112,,,14.616773,120.962406,,,,,,,16,2021-08-30,OSP
MNL045 LP78 NP7-8,MNL045,LP78,NP7-8,MNL045 LP78,Radial Road 10,MANILA,3,1,BARANGAY 112,,,14.616773,120.962405,,,,,,,16,2021-08-30,OSP
MNL045 LP79 NP1-2,MNL045,LP79,NP1-2,MNL045 LP79,Radial Road 10,MANILA,3,1,BARANGAY 112,,,14.616703,120.962121,,,,,,,16,2021-08-30,OSP
MNL045 LP79 NP3-4,MNL045,LP79,NP3-4,MNL045 LP79,Radial Road 10,MANILA,3,1,BARANGAY 112,,,14.616703,120.962121,,,,,,,16,2021-08-30,OSP
MNL045 LP70 NP1-2,MNL045,LP70,NP1-2,MNL045 LP70,Radial Road 10,MANILA,3,1,BARANGAY 112,,,14.616995,120.962767,,,,,,,16,2021-08-30,OSP
MNL045 LP70 NP3-4-5,MNL045,LP70,NP3-4-5,MNL045 LP70,Radial Road 10,MANILA,3,1,BARANGAY 112,,,14.616739,120.96274,,,,,,,24,2021-08-30,OSP
MNL045 LP70 NP6-7-8,MNL045,LP70,NP6-7-8,MNL045 LP70,Radial Road 10,MANILA,3,1,BARANGAY 112,,,14.616771,120.962512,,,,,,,24,2021-08-30,OSP
MNL003 LP253 NP5-6,MNL003,LP253,NP5-6,MNL003 LP253,City Square,MANILA,3,1,BARANGAY 116,,,14.61495876,120.9625809,,,,,,,16,2019-02-27,OSP
MNL003 LP253 NP7-8,MNL003,LP253,NP7-8,MNL003 LP253,City Square,MANILA,3,1,BARANGAY 116,,,14.61472896,120.9623513,,,,,,,16,2019-02-27,OSP
MNL003 LP255 NP7-8,MNL003,LP255,NP7-8,MNL003 LP255,City Square,MANILA,3,1,BARANGAY 116,,,14.61460075,120.9619645,,,,,,,16,2019-02-27,OSP
MNL003 LP256 NP1-2,MNL003,LP256,NP1-2,MNL003 LP256,City Square,MANILA,3,1,BARANGAY 116,,,14.61514452,120.9619281,,,,,,,16,2019-02-27,OSP
MNL003 LP256 NP3-4,MNL003,LP256,NP3-4,MNL003 LP256,City Square,MANILA,3,1,BARANGAY 116,,,14.61613298,120.9618615,,,,,,,16,2019-02-27,OSP
MNL003 LP256 NP5-6,MNL003,LP256,NP5-6,MNL003 LP256,City Square,MANILA,3,1,BARANGAY 116,,,14.61609274,120.9615747,,,,,,,16,2019-02-27,OSP
MNL003 LP256 NP7-8,MNL003,LP256,NP7-8,MNL003 LP256,City Square,MANILA,3,1,BARANGAY 116,,,14.61512446,120.9616449,,,,,,,16,2019-02-27,OSP
MNL003 LP257 NP1-2,MNL003,LP257,NP1-2,MNL003 LP257,City Square,MANILA,3,1,BARANGAY 116,,,14.61457699,120.9616693,,,,,,,16,2019-02-27,OSP
MNL003 LP247 NP3-4,MNL003,LP247,NP3-4,MNL003 LP247,City Square,MANILA,3,1,BARANGAY 116,,,14.61583626,120.9632373,,,,,,,16,2019-02-27,OSP
MNL003 LP247 NP5-6,MNL003,LP247,NP5-6,MNL003 LP247,City Square,MANILA,3,1,BARANGAY 116,,,14.61535877,120.9632393,,,,,,,16,2019-02-27,OSP
MNL003 LP252 NP3-4,MNL003,LP252,NP3-4,MNL003 LP252,City Square,MANILA,3,1,BARANGAY 116,,,14.61474895,120.962881,,,,,,,16,2019-02-27,OSP
MNL003 LP252 NP5-6,MNL003,LP252,NP5-6,MNL003 LP252,City Square,MANILA,3,1,BARANGAY 116,,,14.61557442,120.962833,,,,,,,16,2019-02-27,OSP
MNL003 LP252 NP7-8,MNL003,LP252,NP7-8,MNL003 LP252,City Square,MANILA,3,1,BARANGAY 116,,,14.616118,120.9627846,,,,,,,16,2019-02-27,OSP
MNL003 LP253 NP1-2,MNL003,LP253,NP1-2,MNL003 LP253,City Square,MANILA,3,1,BARANGAY 116,,,14.61608754,120.9624883,,,,,,,16,2019-02-27,OSP
MNL003 LP253 NP3-4,MNL003,LP253,NP3-4,MNL003 LP253,City Square,MANILA,3,1,BARANGAY 116,,,14.61540246,120.9625503,,,,,,,16,2019-02-27,OSP
MNL036 LP82 NP1-2,MNL036,LP82,NP1-2,MNL036 LP82,Juan Luna/ Solis,MANILA,3,1,BARANGAY 116,,,14.616075,120.962172,,,,,,,16,2020-07-30,OSP
MNL036 LP82 NP3-4,MNL036,LP82,NP3-4,MNL036 LP82,Juan Luna/ Solis,MANILA,3,1,BARANGAY 116,,,14.615647,120.961892,,,,,,,16,2020-07-30,OSP
MNL036 LP82 NP5-6,MNL036,LP82,NP5-6,MNL036 LP82,Juan Luna/ Solis,MANILA,3,1,BARANGAY 116,,,14.615733,120.962198,,,,,,,16,2020-07-30,OSP
MNL036 LP82 NP7-8,MNL036,LP82,NP7-8,MNL036 LP82,Juan Luna/ Solis,MANILA,3,1,BARANGAY 116,,,14.615203,120.962243,,,,,,,16,2020-07-30,OSP
MNL036 LP83 NP1-2,MNL036,LP83,NP1-2,MNL036 LP83,Juan Luna/ Solis,MANILA,3,1,BARANGAY 116,,,14.615215,120.962862,,,,,,,16,2020-07-30,OSP
MNL036 LP72 NP5-6,MNL036,LP72,NP5-6,MNL036 LP72,Juan Luna/ Solis,MANILA,3,1,BARANGAY 116,,,14.616536,120.963223,,,,,,,16,2020-07-30,OSP
MNL036 LP72 NP7-8,MNL036,LP72,NP7-8,MNL036 LP72,Juan Luna/ Solis,MANILA,3,1,BARANGAY 116,,,14.616186,120.963231,,,,,,,16,2020-07-30,OSP
MNL036 LP73 NP1-2,MNL036,LP73,NP1-2,MNL036 LP73,Juan Luna/ Solis,MANILA,3,1,BARANGAY 116,,,14.61547,120.963242,,,,,,,16,2020-07-30,OSP
MNL045 LP2 NP5-6,MNL045,LP2,NP5-6,MNL045 LP2,Radial Road 10,MANILA,3,1,BARANGAY 116,,,14.616547,120.963228,,,,,,,16,2021-08-30,OSP
MNL045 LP2 NP7-8,MNL045,LP2,NP7-8,MNL045 LP2,Radial Road 10,MANILA,3,1,BARANGAY 116,,,14.616196,120.963245,,,,,,,16,2021-08-30,OSP
MNL045 LP109 NP3-4-5,MNL045,LP109,NP3-4-5,MNL045 LP109,Radial Road 10,MANILA,3,1,BARANGAY 116,,,14.614626,120.962292,,,,,,,24,2021-08-30,OSP
MNL045 LP109 NP6-7-8,MNL045,LP109,NP6-7-8,MNL045 LP109,Radial Road 10,MANILA,3,1,BARANGAY 116,,,14.614626,120.962292,,,,,,,24,2021-08-30,OSP
MNL045 LP88 NP1-2,MNL045,LP88,NP1-2,MNL045 LP88,Radial Road 10,MANILA,3,1,BARANGAY 116,,,14.616099,120.961574,,,,,,,16,2021-08-30,OSP
MNL045 LP88 NP3-4,MNL045,LP88,NP3-4,MNL045 LP88,Radial Road 10,MANILA,3,1,BARANGAY 116,,,14.616099,120.961576,,,,,,,16,2021-08-30,OSP
MNL045 LP88 NP5-6,MNL045,LP88,NP5-6,MNL045 LP88,Radial Road 10,MANILA,3,1,BARANGAY 116,,,14.61535,120.961623,,,,,,,16,2021-08-30,OSP
MNL045 LP88 NP7-8,MNL045,LP88,NP7-8,MNL045 LP88,Radial Road 10,MANILA,3,1,BARANGAY 116,,,14.615353,120.961628,,,,,,,16,2021-08-30,OSP
MNL045 LP89 NP1-2,MNL045,LP89,NP1-2,MNL045 LP89,Radial Road 10,MANILA,3,1,BARANGAY 116,,,14.614887,120.961601,,,,,,,16,2021-08-30,OSP
MNL045 LP89 NP3-4,MNL045,LP89,NP3-4,MNL045 LP89,Radial Road 10,MANILA,3,1,BARANGAY 116,,,14.614889,120.961604,,,,,,,16,2021-08-30,OSP
MNL045 LP89 NP5-6,MNL045,LP89,NP5-6,MNL045 LP89,Radial Road 10,MANILA,3,1,BARANGAY 116,,,14.614577,120.961655,,,,,,,16,2021-08-30,OSP
MNL045 LP89 NP7-8,MNL045,LP89,NP7-8,MNL045 LP89,Radial Road 10,MANILA,3,1,BARANGAY 116,,,14.614572,120.96165,,,,,,,16,2021-08-30,OSP
MNL045 LP35 NP5-6,MNL045,LP35,NP5-6,MNL045 LP35,Radial Road 10,MANILA,3,1,BARANGAY 116,,,14.615966,120.963235,,,,,,,16,2021-08-30,OSP
MNL045 LP35 NP7-8,MNL045,LP35,NP7-8,MNL045 LP35,Radial Road 10,MANILA,3,1,BARANGAY 116,,,14.615968,120.963238,,,,,,,16,2021-08-30,OSP
MNL045 LP83 NP1-2,MNL045,LP83,NP1-2,MNL045 LP83,Radial Road 10,MANILA,3,1,BARANGAY 116,,,14.614597,120.961964,,,,,,,16,2021-08-30,OSP
MNL045 LP83 NP3-4,MNL045,LP83,NP3-4,MNL045 LP83,Radial Road 10,MANILA,3,1,BARANGAY 116,,,14.614603,120.961962,,,,,,,16,2021-08-30,OSP
MNL045 LP83 NP5-6,MNL045,LP83,NP5-6,MNL045 LP83,Radial Road 10,MANILA,3,1,BARANGAY 116,,,14.614925,120.961942,,,,,,,16,2021-08-30,OSP
MNL045 LP83 NP7-8,MNL045,LP83,NP7-8,MNL045 LP83,Radial Road 10,MANILA,3,1,BARANGAY 116,,,14.614924,120.961944,,,,,,,16,2021-08-30,OSP
MNL045 LP84 NP1-2,MNL045,LP84,NP1-2,MNL045 LP84,Radial Road 10,MANILA,3,1,BARANGAY 116,,,14.615154,120.961922,,,,,,,16,2021-08-30,OSP
MNL045 LP84 NP3-4,MNL045,LP84,NP3-4,MNL045 LP84,Radial Road 10,MANILA,3,1,BARANGAY 116,,,14.615157,120.961922,,,,,,,16,2021-08-30,OSP
MNL045 LP84 NP5-6,MNL045,LP84,NP5-6,MNL045 LP84,Radial Road 10,MANILA,3,1,BARANGAY 116,,,14.615497,120.961886,,,,,,,16,2021-08-30,OSP
MNL045 LP84 NP7-8,MNL045,LP84,NP7-8,MNL045 LP84,Radial Road 10,MANILA,3,1,BARANGAY 116,,,14.615499,120.961886,,,,,,,16,2021-08-30,OSP
MNL045 LP85 NP1-2,MNL045,LP85,NP1-2,MNL045 LP85,Radial Road 10,MANILA,3,1,BARANGAY 116,,,14.61584,120.961863,,,,,,,16,2021-08-30,OSP
MNL045 LP85 NP3-4,MNL045,LP85,NP3-4,MNL045 LP85,Radial Road 10,MANILA,3,1,BARANGAY 116,,,14.61584,120.961867,,,,,,,16,2021-08-30,OSP
MNL045 LP85 NP5-6,MNL045,LP85,NP5-6,MNL045 LP85,Radial Road 10,MANILA,3,1,BARANGAY 116,,,14.616136,120.961865,,,,,,,16,2021-08-30,OSP
MNL045 LP85 NP7-8,MNL045,LP85,NP7-8,MNL045 LP85,Radial Road 10,MANILA,3,1,BARANGAY 116,,,14.616134,120.961867,,,,,,,16,2021-08-30,OSP
MNL045 LP86 NP1-2,MNL045,LP86,NP1-2,MNL045 LP86,Radial Road 10,MANILA,3,1,BARANGAY 116,,,14.616447,120.961838,,,,,,,16,2021-08-30,OSP
MNL045 LP86 NP3-4,MNL045,LP86,NP3-4,MNL045 LP86,Radial Road 10,MANILA,3,1,BARANGAY 116,,,14.616447,120.961834,,,,,,,16,2021-08-30,OSP
MNL045 LP86 NP5-6,MNL045,LP86,NP5-6,MNL045 LP86,Radial Road 10,MANILA,3,1,BARANGAY 116,,,14.616445,120.961834,,,,,,,16,2021-08-30,OSP
MNL045 LP86 NP7-8,MNL045,LP86,NP7-8,MNL045 LP86,Radial Road 10,MANILA,3,1,BARANGAY 116,,,14.616449,120.961834,,,,,,,16,2021-08-30,OSP
MNL045 LP32 NP5-6,MNL045,LP32,NP5-6,MNL045 LP32,Radial Road 10,MANILA,3,1,BARANGAY 116,,,14.615723,120.963235,,,,,,,16,2021-08-30,OSP
MNL045 LP32 NP1-2,MNL045,LP32,NP1-2,MNL045 LP32,Radial Road 10,MANILA,3,1,BARANGAY 116,,,14.615489,120.963239,,,,,,,16,2021-08-30,OSP
MNL045 LP32 NP3-4,MNL045,LP32,NP3-4,MNL045 LP32,Radial Road 10,MANILA,3,1,BARANGAY 116,,,14.615723,120.963233,,,,,,,16,2021-08-30,OSP
MNL045 LP79 NP7-8,MNL045,LP79,NP7-8,MNL045 LP79,Radial Road 10,MANILA,3,1,BARANGAY 116,,,14.616287,120.962151,,,,,,,16,2021-08-30,OSP
MNL045 LP80 NP1-2,MNL045,LP80,NP1-2,MNL045 LP80,Radial Road 10,MANILA,3,1,BARANGAY 116,,,14.616099,120.962168,,,,,,,16,2021-08-30,OSP
MNL045 LP80 NP3-4,MNL045,LP80,NP3-4,MNL045 LP80,Radial Road 10,MANILA,3,1,BARANGAY 116,,,14.616102,120.962167,,,,,,,16,2021-08-30,OSP
MNL045 LP80 NP5-6,MNL045,LP80,NP5-6,MNL045 LP80,Radial Road 10,MANILA,3,1,BARANGAY 116,,,14.615779,120.962189,,,,,,,16,2021-08-30,OSP
MNL045 LP80 NP7-8,MNL045,LP80,NP7-8,MNL045 LP80,Radial Road 10,MANILA,3,1,BARANGAY 116,,,14.615781,120.962191,,,,,,,16,2021-08-30,OSP
MNL045 LP81 NP1-2,MNL045,LP81,NP1-2,MNL045 LP81,Radial Road 10,MANILA,3,1,BARANGAY 116,,,14.615472,120.962215,,,,,,,16,2021-08-30,OSP
MNL045 LP81 NP3-4,MNL045,LP81,NP3-4,MNL045 LP81,Radial Road 10,MANILA,3,1,BARANGAY 116,,,14.615469,120.962215,,,,,,,16,2021-08-30,OSP
MNL045 LP81 NP5-6,MNL045,LP81,NP5-6,MNL045 LP81,Radial Road 10,MANILA,3,1,BARANGAY 116,,,14.615197,120.962245,,,,,,,16,2021-08-30,OSP
MNL045 LP81 NP7-8,MNL045,LP81,NP7-8,MNL045 LP81,Radial Road 10,MANILA,3,1,BARANGAY 116,,,14.615198,120.962243,,,,,,,16,2021-08-30,OSP
MNL045 LP82 NP1-2,MNL045,LP82,NP1-2,MNL045 LP82,Radial Road 10,MANILA,3,1,BARANGAY 116,,,14.614892,120.962272,,,,,,,16,2021-08-30,OSP
MNL045 LP82 NP3-4,MNL045,LP82,NP3-4,MNL045 LP82,Radial Road 10,MANILA,3,1,BARANGAY 116,,,14.614893,120.962274,,,,,,,16,2021-08-30,OSP
MNL045 LP75 NP5-6,MNL045,LP75,NP5-6,MNL045 LP75,Radial Road 10,MANILA,3,1,BARANGAY 116,,,14.614963,120.962574,,,,,,,16,2021-08-30,OSP
MNL045 LP75 NP7-8,MNL045,LP75,NP7-8,MNL045 LP75,Radial Road 10,MANILA,3,1,BARANGAY 116,,,14.614963,120.962575,,,,,,,16,2021-08-30,OSP
MNL045 LP76 NP1-2,MNL045,LP76,NP1-2,MNL045 LP76,Radial Road 10,MANILA,3,1,BARANGAY 116,,,14.615399,120.962535,,,,,,,16,2021-08-30,OSP
MNL045 LP76 NP3-4,MNL045,LP76,NP3-4,MNL045 LP76,Radial Road 10,MANILA,3,1,BARANGAY 116,,,14.615401,120.962532,,,,,,,16,2021-08-30,OSP
MNL045 LP76 NP5-6,MNL045,LP76,NP5-6,MNL045 LP76,Radial Road 10,MANILA,3,1,BARANGAY 116,,,14.615685,120.962514,,,,,,,16,2021-08-30,OSP
MNL045 LP76 NP7-8,MNL045,LP76,NP7-8,MNL045 LP76,Radial Road 10,MANILA,3,1,BARANGAY 116,,,14.615683,120.962515,,,,,,,16,2021-08-30,OSP
MNL045 LP77 NP1-2,MNL045,LP77,NP1-2,MNL045 LP77,Radial Road 10,MANILA,3,1,BARANGAY 116,,,14.615971,120.962499,,,,,,,16,2021-08-30,OSP
MNL045 LP77 NP3-4,MNL045,LP77,NP3-4,MNL045 LP77,Radial Road 10,MANILA,3,1,BARANGAY 116,,,14.61597,120.962499,,,,,,,16,2021-08-30,OSP
MNL045 LP77 NP5-6,MNL045,LP77,NP5-6,MNL045 LP77,Radial Road 10,MANILA,3,1,BARANGAY 116,,,14.616226,120.96248,,,,,,,16,2021-08-30,OSP
MNL045 LP77 NP7-8,MNL045,LP77,NP7-8,MNL045 LP77,Radial Road 10,MANILA,3,1,BARANGAY 116,,,14.616225,120.962477,,,,,,,16,2021-08-30,OSP
MNL045 LP78 NP1-2,MNL045,LP78,NP1-2,MNL045 LP78,Radial Road 10,MANILA,3,1,BARANGAY 116,,,14.616471,120.962452,,,,,,,16,2021-08-30,OSP
MNL045 LP78 NP3-4,MNL045,LP78,NP3-4,MNL045 LP78,Radial Road 10,MANILA,3,1,BARANGAY 116,,,14.616474,120.962453,,,,,,,16,2021-08-30,OSP
MNL045 LP79 NP5-6,MNL045,LP79,NP5-6,MNL045 LP79,Radial Road 10,MANILA,3,1,BARANGAY 116,,,14.616288,120.962153,,,,,,,16,2021-08-30,OSP
MNL045 LP71 NP1-2,MNL045,LP71,NP1-2,MNL045 LP71,Radial Road 10,MANILA,3,1,BARANGAY 116,,,14.616172,120.962782,,,,,,,16,2021-08-30,OSP
MNL045 LP71 NP3-4-5,MNL045,LP71,NP3-4-5,MNL045 LP71,Radial Road 10,MANILA,3,1,BARANGAY 116,,,14.616176,120.962782,,,,,,,24,2021-08-30,OSP
MNL045 LP71 NP6-7-8,MNL045,LP71,NP6-7-8,MNL045 LP71,Radial Road 10,MANILA,3,1,BARANGAY 116,,,14.616147,120.962789,,,,,,,24,2021-08-30,OSP
MNL045 LP72 NP1-2,MNL045,LP72,NP1-2,MNL045 LP72,Radial Road 10,MANILA,3,1,BARANGAY 116,,,14.615873,120.962808,,,,,,,16,2021-08-30,OSP
MNL045 LP72 NP3-4,MNL045,LP72,NP3-4,MNL045 LP72,Radial Road 10,MANILA,3,1,BARANGAY 116,,,14.615874,120.962809,,,,,,,16,2021-08-30,OSP
MNL045 LP72 NP5-6,MNL045,LP72,NP5-6,MNL045 LP72,Radial Road 10,MANILA,3,1,BARANGAY 116,,,14.615502,120.962838,,,,,,,16,2021-08-30,OSP
MNL045 LP72 NP7-8,MNL045,LP72,NP7-8,MNL045 LP72,Radial Road 10,MANILA,3,1,BARANGAY 116,,,14.615501,120.962836,,,,,,,16,2021-08-30,OSP
MNL045 LP73 NP1-2,MNL045,LP73,NP1-2,MNL045 LP73,Radial Road 10,MANILA,3,1,BARANGAY 116,,,14.61521,120.962859,,,,,,,16,2021-08-30,OSP
MNL045 LP73 NP3-4,MNL045,LP73,NP3-4,MNL045 LP73,Radial Road 10,MANILA,3,1,BARANGAY 116,,,14.615209,120.962855,,,,,,,16,2021-08-30,OSP
MNL045 LP73 NP5-6,MNL045,LP73,NP5-6,MNL045 LP73,Radial Road 10,MANILA,3,1,BARANGAY 116,,,14.614948,120.962878,,,,,,,16,2021-08-30,OSP
MNL045 LP73 NP7-8,MNL045,LP73,NP7-8,MNL045 LP73,Radial Road 10,MANILA,3,1,BARANGAY 116,,,14.614948,120.962878,,,,,,,16,2021-08-30,OSP
MNL045 LP74 NP1-2,MNL045,LP74,NP1-2,MNL045 LP74,Radial Road 10,MANILA,3,1,BARANGAY 116,,,14.61469,120.962902,,,,,,,16,2021-08-30,OSP
MNL045 LP74 NP3-4,MNL045,LP74,NP3-4,MNL045 LP74,Radial Road 10,MANILA,3,1,BARANGAY 116,,,14.61469,120.962901,,,,,,,16,2021-08-30,OSP
MNL045 LP74 NP5-6,MNL045,LP74,NP5-6,MNL045 LP74,Radial Road 10,MANILA,3,1,BARANGAY 116,,,14.614645,120.962592,,,,,,,16,2021-08-30,OSP
MNL045 LP74 NP7-8,MNL045,LP74,NP7-8,MNL045 LP74,Radial Road 10,MANILA,3,1,BARANGAY 116,,,14.61465,120.962592,,,,,,,16,2021-08-30,OSP
MNL045 LP75 NP1-2,MNL045,LP75,NP1-2,MNL045 LP75,Radial Road 10,MANILA,3,1,BARANGAY 116,,,14.614777,120.962592,,,,,,,16,2021-08-30,OSP
MNL045 LP75 NP3-4,MNL045,LP75,NP3-4,MNL045 LP75,Radial Road 10,MANILA,3,1,BARANGAY 116,,,14.614776,120.962591,,,,,,,16,2021-08-30,OSP
MNL045 LP52 NP1-2,MNL045,LP52,NP1-2,MNL045 LP52,Radial Road 10,MANILA,3,1,BARANGAY 116,,,14.614696,120.963219,,,,,,,16,2021-08-30,OSP
MNL045 LP52 NP3-4,MNL045,LP52,NP3-4,MNL045 LP52,Radial Road 10,MANILA,3,1,BARANGAY 116,,,14.614694,120.963221,,,,,,,16,2021-08-30,OSP
MNL045 LP52 NP5-6,MNL045,LP52,NP5-6,MNL045 LP52,Radial Road 10,MANILA,3,1,BARANGAY 116,,,14.614954,120.963242,,,,,,,16,2021-08-30,OSP
MNL045 LP52 NP7-8,MNL045,LP52,NP7-8,MNL045 LP52,Radial Road 10,MANILA,3,1,BARANGAY 116,,,14.614955,120.963242,,,,,,,16,2021-08-30,OSP
MNL003 LP246 NP7-8,MNL003,LP246,NP7-8,MNL003 LP246,City Square,MANILA,3,1,BARANGAY 117,,,14.61581724,120.9641491,,,,,,,16,2019-02-27,OSP
MNL003 LP247 NP1-2,MNL003,LP247,NP1-2,MNL003 LP247,City Square,MANILA,3,1,BARANGAY 117,,,14.61611182,120.9637288,,,,,,,16,2019-02-27,OSP
MNL003 LP244 NP1-2,MNL003,LP244,NP1-2,MNL003 LP244,City Square,MANILA,3,1,BARANGAY 117,,,14.61684452,120.9647241,,,,,,,16,2019-02-27,OSP
MNL003 LP394 NP1-2,MNL003,LP394,NP1-2,MNL003 LP394,City Square,MANILA,3,1,BARANGAY 117,,,14.61684093,120.9642727,,,,,,,16,2019-06-16,OSP
MNL003 LP394 NP3-4,MNL003,LP394,NP3-4,MNL003 LP394,City Square,MANILA,3,1,BARANGAY 117,,,14.61653983,120.9643489,,,,,,,16,2019-06-16,OSP
MNL036 LP71 NP1-2,MNL036,LP71,NP1-2,MNL036 LP71,Juan Luna/ Solis,MANILA,3,1,BARANGAY 117,,,14.616626,120.963981,,,,,,,16,2020-07-30,OSP
MNL036 LP71 NP3-4,MNL036,LP71,NP3-4,MNL036 LP71,Juan Luna/ Solis,MANILA,3,1,BARANGAY 117,,,14.616069,120.96401,,,,,,,16,2020-07-30,OSP
MNL036 LP71 NP5-6,MNL036,LP71,NP5-6,MNL036 LP71,Juan Luna/ Solis,MANILA,3,1,BARANGAY 117,,,14.616295,120.963746,,,,,,,16,2020-07-30,OSP
MNL036 LP73 NP7-8,MNL036,LP73,NP7-8,MNL036 LP73,Juan Luna/ Solis,MANILA,3,1,BARANGAY 117,,,14.615864,120.963713,,,,,,,16,2020-07-30,OSP
MNL036 LP68 NP7-8,MNL036,LP68,NP7-8,MNL036 LP68,Juan Luna/ Solis,MANILA,3,1,BARANGAY 117,,,14.615967,120.964686,,,,,,,16,2020-07-30,OSP
MNL036 LP69 NP1-2,MNL036,LP69,NP1-2,MNL036 LP69,Juan Luna/ Solis,MANILA,3,1,BARANGAY 117,,,14.616372,120.96472,,,,,,,16,2020-07-30,OSP
MNL036 LP69 NP7-8,MNL036,LP69,NP7-8,MNL036 LP69,Juan Luna/ Solis,MANILA,3,1,BARANGAY 117,,,14.615967,120.964686,,,,,,,16,2020-07-30,OSP
MNL036 LP70 NP1-2,MNL036,LP70,NP1-2,MNL036 LP70,Juan Luna/ Solis,MANILA,3,1,BARANGAY 117,,,14.616008,120.964327,,,,,,,16,2020-07-30,OSP
MNL045 LP12 NP1-2,MNL045,LP12,NP1-2,MNL045 LP12,Radial Road 10,MANILA,3,1,BARANGAY 117,,,14.616862,120.964729,,,,,,,16,2021-08-30,OSP
MNL045 LP12 NP3-4,MNL045,LP12,NP3-4,MNL045 LP12,Radial Road 10,MANILA,3,1,BARANGAY 117,,,14.61663,120.964712,,,,,,,16,2021-08-30,OSP
MNL045 LP12 NP5-6,MNL045,LP12,NP5-6,MNL045 LP12,Radial Road 10,MANILA,3,1,BARANGAY 117,,,14.61638,120.964714,,,,,,,16,2021-08-30,OSP
MNL045 LP12 NP7-8,MNL045,LP12,NP7-8,MNL045 LP12,Radial Road 10,MANILA,3,1,BARANGAY 117,,,14.615969,120.964691,,,,,,,16,2021-08-30,OSP
MNL045 LP26 NP3-4-5,MNL045,LP26,NP3-4-5,MNL045 LP26,Radial Road 10,MANILA,3,1,BARANGAY 117,,,14.616276,120.964747,,,,,,,24,2021-08-30,OSP
MNL045 LP26 NP6-7-8,MNL045,LP26,NP6-7-8,MNL045 LP26,Radial Road 10,MANILA,3,1,BARANGAY 117,,,14.616272,120.96475,,,,,,,24,2021-08-30,OSP
MNL045 LP27 NP1-2,MNL045,LP27,NP1-2,MNL045 LP27,Radial Road 10,MANILA,3,1,BARANGAY 117,,,14.615972,120.964694,,,,,,,16,2021-08-30,OSP
MNL045 LP35 NP1-2,MNL045,LP35,NP1-2,MNL045 LP35,Radial Road 10,MANILA,3,1,BARANGAY 117,,,14.615858,120.963423,,,,,,,16,2021-08-30,OSP
MNL045 LP35 NP3-4,MNL045,LP35,NP3-4,MNL045 LP35,Radial Road 10,MANILA,3,1,BARANGAY 117,,,14.615854,120.963421,,,,,,,16,2021-08-30,OSP
MNL045 LP34 NP5-6,MNL045,LP34,NP5-6,MNL045 LP34,Radial Road 10,MANILA,3,1,BARANGAY 117,,,14.615875,120.963717,,,,,,,16,2021-08-30,OSP
MNL045 LP34 NP7-8,MNL045,LP34,NP7-8,MNL045 LP34,Radial Road 10,MANILA,3,1,BARANGAY 117,,,14.615873,120.963719,,,,,,,16,2021-08-30,OSP
MNL045 LP34 NP1-2,MNL045,LP34,NP1-2,MNL045 LP34,Radial Road 10,MANILA,3,1,BARANGAY 117,,,14.615812,120.964148,,,,,,,16,2021-08-30,OSP
MNL045 LP34 NP3-4,MNL045,LP34,NP3-4,MNL045 LP34,Radial Road 10,MANILA,3,1,BARANGAY 117,,,14.615807,120.964155,,,,,,,16,2021-08-30,OSP
MNL045 LP8 NP1-2,MNL045,LP8,NP1-2,MNL045 LP8,Radial Road 10,MANILA,3,1,BARANGAY 117,,,14.616031,120.964326,,,,,,,16,2021-08-30,OSP
MNL045 LP8 NP3-4,MNL045,LP8,NP3-4,MNL045 LP8,Radial Road 10,MANILA,3,1,BARANGAY 117,,,14.61637,120.964349,,,,,,,16,2021-08-30,OSP
MNL045 LP8 NP5-6,MNL045,LP8,NP5-6,MNL045 LP8,Radial Road 10,MANILA,3,1,BARANGAY 117,,,14.616641,120.964336,,,,,,,16,2021-08-30,OSP
MNL045 LP8 NP7-8,MNL045,LP8,NP7-8,MNL045 LP8,Radial Road 10,MANILA,3,1,BARANGAY 117,,,14.616945,120.964271,,,,,,,16,2021-08-30,OSP
MNL045 LP3 NP1-2,MNL045,LP3,NP1-2,MNL045 LP3,Radial Road 10,MANILA,3,1,BARANGAY 117,,,14.616148,120.963518,,,,,,,16,2021-08-30,OSP
MNL045 LP3 NP3-4,MNL045,LP3,NP3-4,MNL045 LP3,Radial Road 10,MANILA,3,1,BARANGAY 117,,,14.616122,120.963729,,,,,,,16,2021-08-30,OSP
MNL045 LP3 NP5-6,MNL045,LP3,NP5-6,MNL045 LP3,Radial Road 10,MANILA,3,1,BARANGAY 117,,,14.616305,120.963747,,,,,,,16,2021-08-30,OSP
MNL045 LP3 NP7-8,MNL045,LP3,NP7-8,MNL045 LP3,Radial Road 10,MANILA,3,1,BARANGAY 117,,,14.616605,120.963713,,,,,,,16,2021-08-30,OSP
MNL045 LP7 NP1-2,MNL045,LP7,NP1-2,MNL045 LP7,Radial Road 10,MANILA,3,1,BARANGAY 117,,,14.616632,120.963986,,,,,,,16,2021-08-30,OSP
MNL045 LP7 NP3-4,MNL045,LP7,NP3-4,MNL045 LP7,Radial Road 10,MANILA,3,1,BARANGAY 117,,,14.616285,120.964003,,,,,,,16,2021-08-30,OSP
MNL045 LP7 NP5-6,MNL045,LP7,NP5-6,MNL045 LP7,Radial Road 10,MANILA,3,1,BARANGAY 117,,,14.616075,120.964017,,,,,,,16,2021-08-30,OSP
MNL045 LP7 NP7-8,MNL045,LP7,NP7-8,MNL045 LP7,Radial Road 10,MANILA,3,1,BARANGAY 117,,,14.616054,120.964131,,,,,,,16,2021-08-30,OSP
MNL003 LP179 NP3-4,MNL003,LP179,NP3-4,MNL003 LP179,City Square,MANILA,3,1,BARANGAY 118,,,14.61155764,120.9627445,,,,,,,16,2019-01-29,OSP
MNL003 LP179 NP5-6,MNL003,LP179,NP5-6,MNL003 LP179,City Square,MANILA,3,1,BARANGAY 118,,,14.61154497,120.9624413,,,,,,,16,2019-01-29,OSP
MNL003 LP179 NP7-8,MNL003,LP179,NP7-8,MNL003 LP179,City Square,MANILA,3,1,BARANGAY 118,,,14.61143666,120.9619264,,,,,,,16,2019-01-29,OSP
MNL003 LP180 NP1-2,MNL003,LP180,NP1-2,MNL003 LP180,City Square,MANILA,3,1,BARANGAY 118,,,14.61142931,120.9616986,,,,,,,16,2019-01-29,OSP
MNL003 LP180 NP3-4,MNL003,LP180,NP3-4,MNL003 LP180,City Square,MANILA,3,1,BARANGAY 118,,,14.61209207,120.9618528,,,,,,,16,2019-01-29,OSP
MNL003 LP180 NP5-6,MNL003,LP180,NP5-6,MNL003 LP180,City Square,MANILA,3,1,BARANGAY 118,,,14.6120836,120.961588,,,,,,,16,2019-01-29,OSP
MNL003 LP180 NP7-8,MNL003,LP180,NP7-8,MNL003 LP180,City Square,MANILA,3,1,BARANGAY 118,,,14.612256,120.961586,,,,,,,16,2020-09-29,OSP
MNL003 LP257 NP3-4,MNL003,LP257,NP3-4,MNL003 LP257,City Square,MANILA,3,1,BARANGAY 118,,,14.61410945,120.9617071,,,,,,,16,2019-02-27,OSP
MNL003 LP258 NP1-2,MNL003,LP258,NP1-2,MNL003 LP258,City Square,MANILA,3,1,BARANGAY 118,,,14.61283368,120.9618384,,,,,,,16,2019-02-27,OSP
MNL003 LP258 NP3-4,MNL003,LP258,NP3-4,MNL003 LP258,City Square,MANILA,3,1,BARANGAY 118,,,14.61236392,120.9618661,,,,,,,16,2019-02-27,OSP
MNL003 LP258 NP5-6,MNL003,LP258,NP5-6,MNL003 LP258,City Square,MANILA,3,1,BARANGAY 118,,,14.61231465,120.9612906,,,,,,,16,2019-02-27,OSP
MNL003 LP258 NP7-8,MNL003,LP258,NP7-8,MNL003 LP258,City Square,MANILA,3,1,BARANGAY 118,,,14.61308577,120.9612755,,,,,,,16,2019-02-27,OSP
MNL003 LP259 NP1-2,MNL003,LP259,NP1-2,MNL003 LP259,City Square,MANILA,3,1,BARANGAY 118,,,14.61372931,120.9612223,,,,,,,16,2019-02-27,OSP
MNL003 LP259 NP7-8,MNL003,LP259,NP7-8,MNL003 LP259,City Square,MANILA,3,1,BARANGAY 118,,,14.61335323,120.9605965,,,,,,,16,2019-02-27,OSP
MNL005 LP470 NP1-2,MNL005,LP470,NP1-2,MNL005 LP470,Orchard Building (City Square 2),MANILA,3,1,BARANGAY 118,,,14.612012,120.961604,,,,,,,16,2021-11-28,OSP
MNL005 LP470 NP3-5,MNL005,LP470,NP3-5,MNL005 LP470,Orchard Building (City Square 2),MANILA,3,1,BARANGAY 118,,,14.612161,120.961616,,,,,,,24,2021-11-28,OSP
MNL005 LP470 NP6-8,MNL005,LP470,NP6-8,MNL005 LP470,Orchard Building (City Square 2),MANILA,3,1,BARANGAY 118,,,14.612159,120.961617,,,,,,,24,2021-11-28,OSP
MNL005 LP465 NP1-2,MNL005,LP465,NP1-2,MNL005 LP465,Orchard Building (City Square 2),MANILA,3,1,BARANGAY 118,,,14.612137,120.96274,,,,,,,16,2021-11-28,OSP
MNL005 LP465 NP3-5,MNL005,LP465,NP3-5,MNL005 LP465,Orchard Building (City Square 2),MANILA,3,1,BARANGAY 118,,,14.611852,120.962749,,,,,,,24,2021-11-28,OSP
MNL005 LP465 NP6-8,MNL005,LP465,NP6-8,MNL005 LP465,Orchard Building (City Square 2),MANILA,3,1,BARANGAY 118,,,14.611854,120.962748,,,,,,,24,2021-11-28,OSP
MNL005 LP466 NP1-2,MNL005,LP466,NP1-2,MNL005 LP466,Orchard Building (City Square 2),MANILA,3,1,BARANGAY 118,,,14.611554,120.962766,,,,,,,16,2021-11-28,OSP
MNL005 LP466 NP6-8,MNL005,LP466,NP6-8,MNL005 LP466,Orchard Building (City Square 2),MANILA,3,1,BARANGAY 118,,,14.611548,120.962511,,,,,,,24,2021-11-28,OSP
MNL005 LP467 NP1-2,MNL005,LP467,NP1-2,MNL005 LP467,Orchard Building (City Square 2),MANILA,3,1,BARANGAY 118,,,14.61182,120.962481,,,,,,,16,2021-11-28,OSP
MNL005 LP467 NP3-5,MNL005,LP467,NP3-5,MNL005 LP467,Orchard Building (City Square 2),MANILA,3,1,BARANGAY 118,,,14.612105,120.962453,,,,,,,24,2021-11-28,OSP
MNL005 LP467 NP6-8,MNL005,LP467,NP6-8,MNL005 LP467,Orchard Building (City Square 2),MANILA,3,1,BARANGAY 118,,,14.612107,120.962456,,,,,,,24,2021-11-28,OSP
MNL005 LP468 NP1-2,MNL005,LP468,NP1-2,MNL005 LP468,Orchard Building (City Square 2),MANILA,3,1,BARANGAY 118,,,14.611463,120.962259,,,,,,,16,2021-11-28,OSP
MNL005 LP468 NP3-5,MNL005,LP468,NP3-5,MNL005 LP468,Orchard Building (City Square 2),MANILA,3,1,BARANGAY 118,,,14.612155,120.962183,,,,,,,24,2021-11-28,OSP
MNL005 LP468 NP6-8,MNL005,LP468,NP6-8,MNL005 LP468,Orchard Building (City Square 2),MANILA,3,1,BARANGAY 118,,,14.612157,120.962183,,,,,,,24,2021-11-28,OSP
MNL005 LP469 NP1-2,MNL005,LP469,NP1-2,MNL005 LP469,Orchard Building (City Square 2),MANILA,3,1,BARANGAY 118,,,14.611449,120.961916,,,,,,,16,2021-11-28,OSP
MNL005 LP469 NP3-5,MNL005,LP469,NP3-5,MNL005 LP469,Orchard Building (City Square 2),MANILA,3,1,BARANGAY 118,,,14.612049,120.961873,,,,,,,24,2021-11-28,OSP
MNL005 LP469 NP6-8,MNL005,LP469,NP6-8,MNL005 LP469,Orchard Building (City Square 2),MANILA,3,1,BARANGAY 118,,,14.61144,120.961696,,,,,,,24,2021-11-28,OSP
MNL045 LP100 NP1-2,MNL045,LP100,NP1-2,MNL045 LP100,Radial Road 10,MANILA,3,1,BARANGAY 118,,,14.612806,120.961294,,,,,,,16,2021-08-30,OSP
MNL045 LP100 NP3-4,MNL045,LP100,NP3-4,MNL045 LP100,Radial Road 10,MANILA,3,1,BARANGAY 118,,,14.612805,120.961293,,,,,,,16,2021-08-30,OSP
MNL045 LP100 NP5-6,MNL045,LP100,NP5-6,MNL045 LP100,Radial Road 10,MANILA,3,1,BARANGAY 118,,,14.612579,120.961311,,,,,,,16,2021-08-30,OSP
MNL045 LP100 NP7-8,MNL045,LP100,NP7-8,MNL045 LP100,Radial Road 10,MANILA,3,1,BARANGAY 118,,,14.612581,120.961308,,,,,,,16,2021-08-30,OSP
MNL045 LP101 NP1-2,MNL045,LP101,NP1-2,MNL045 LP101,Radial Road 10,MANILA,3,1,BARANGAY 118,,,14.612308,120.9613,,,,,,,16,2021-08-30,OSP
MNL045 LP101 NP3-4-5,MNL045,LP101,NP3-4-5,MNL045 LP101,Radial Road 10,MANILA,3,1,BARANGAY 118,,,14.612262,120.961578,,,,,,,24,2021-08-30,OSP
MNL045 LP101 NP6-7-8,MNL045,LP101,NP6-7-8,MNL045 LP101,Radial Road 10,MANILA,3,1,BARANGAY 118,,,14.61235,120.961873,,,,,,,24,2021-08-30,OSP
MNL045 LP102 NP1-2,MNL045,LP102,NP1-2,MNL045 LP102,Radial Road 10,MANILA,3,1,BARANGAY 118,,,14.612556,120.961887,,,,,,,16,2021-08-30,OSP
MNL045 LP102 NP3-4,MNL045,LP102,NP3-4,MNL045 LP102,Radial Road 10,MANILA,3,1,BARANGAY 118,,,14.612555,120.961887,,,,,,,16,2021-08-30,OSP
MNL045 LP102 NP5-6,MNL045,LP102,NP5-6,MNL045 LP102,Radial Road 10,MANILA,3,1,BARANGAY 118,,,14.612827,120.961837,,,,,,,16,2021-08-30,OSP
MNL045 LP102 NP7-8,MNL045,LP102,NP7-8,MNL045 LP102,Radial Road 10,MANILA,3,1,BARANGAY 118,,,14.612827,120.961839,,,,,,,16,2021-08-30,OSP
MNL045 LP95 NP3-4,MNL045,LP95,NP3-4,MNL045 LP95,Radial Road 10,MANILA,3,1,BARANGAY 118,,,14.612556,120.960808,,,,,,,16,2021-08-30,OSP
MNL045 LP95 NP5-6,MNL045,LP95,NP5-6,MNL045 LP95,Radial Road 10,MANILA,3,1,BARANGAY 118,,,14.612288,120.960877,,,,,,,16,2021-08-30,OSP
MNL045 LP95 NP7-8,MNL045,LP95,NP7-8,MNL045 LP95,Radial Road 10,MANILA,3,1,BARANGAY 118,,,14.612286,120.960877,,,,,,,16,2021-08-30,OSP
MNL045 LP96 NP1-2,MNL045,LP96,NP1-2,MNL045 LP96,Radial Road 10,MANILA,3,1,BARANGAY 118,,,14.61374,120.961222,,,,,,,16,2021-08-30,OSP
MNL045 LP97 NP1-2,MNL045,LP97,NP1-2,MNL045 LP97,Radial Road 10,MANILA,3,1,BARANGAY 118,,,14.613544,120.961701,,,,,,,16,2021-08-30,OSP
MNL045 LP97 NP3-4-5,MNL045,LP97,NP3-4-5,MNL045 LP97,Radial Road 10,MANILA,3,1,BARANGAY 118,,,14.613358,120.961776,,,,,,,24,2021-08-30,OSP
MNL045 LP98 NP1-2,MNL045,LP98,NP1-2,MNL045 LP98,Radial Road 10,MANILA,3,1,BARANGAY 118,,,14.613464,120.961231,,,,,,,16,2021-08-30,OSP
MNL045 LP98 NP3-4-5,MNL045,LP98,NP3-4-5,MNL045 LP98,Radial Road 10,MANILA,3,1,BARANGAY 118,,,14.613277,120.961228,,,,,,,24,2021-08-30,OSP
MNL045 LP98 NP6-7-8,MNL045,LP98,NP6-7-8,MNL045 LP98,Radial Road 10,MANILA,3,1,BARANGAY 118,,,14.613268,120.961255,,,,,,,24,2021-08-30,OSP
MNL045 LP99 NP1-2,MNL045,LP99,NP1-2,MNL045 LP99,Radial Road 10,MANILA,3,1,BARANGAY 118,,,14.613044,120.961281,,,,,,,16,2021-08-30,OSP
MNL045 LP99 NP3-4-5,MNL045,LP99,NP3-4-5,MNL045 LP99,Radial Road 10,MANILA,3,1,BARANGAY 118,,,14.613059,120.961516,,,,,,,24,2021-08-30,OSP
MNL045 LP99 NP6-7-8,MNL045,LP99,NP6-7-8,MNL045 LP99,Radial Road 10,MANILA,3,1,BARANGAY 118,,,14.61308,120.961822,,,,,,,24,2021-08-30,OSP
MNL045 LP90 NP5-6,MNL045,LP90,NP5-6,MNL045 LP90,Radial Road 10,MANILA,3,1,BARANGAY 118,,,14.614118,120.961691,,,,,,,16,2021-08-30,OSP
MNL045 LP90 NP7-8,MNL045,LP90,NP7-8,MNL045 LP90,Radial Road 10,MANILA,3,1,BARANGAY 118,,,14.614118,120.961697,,,,,,,16,2021-08-30,OSP
MNL045 LP91 NP5-6,MNL045,LP91,NP5-6,MNL045 LP91,Radial Road 10,MANILA,3,1,BARANGAY 118,,,14.614523,120.961111,,,,,,,16,2021-08-30,OSP
MNL045 LP91 NP7-8,MNL045,LP91,NP7-8,MNL045 LP91,Radial Road 10,MANILA,3,1,BARANGAY 118,,,14.614524,120.961112,,,,,,,16,2021-08-30,OSP
MNL045 LP92 NP1-2,MNL045,LP92,NP1-2,MNL045 LP92,Radial Road 10,MANILA,3,1,BARANGAY 118,,,14.614524,120.961112,,,,,,,16,2021-08-30,OSP
MNL045 LP92 NP3-4-5,MNL045,LP92,NP3-4-5,MNL045 LP92,Radial Road 10,MANILA,3,1,BARANGAY 118,,,14.613986,120.961139,,,,,,,24,2021-08-30,OSP
MNL045 LP92 NP6-7-8,MNL045,LP92,NP6-7-8,MNL045 LP92,Radial Road 10,MANILA,3,1,BARANGAY 118,,,14.613983,120.96114,,,,,,,24,2021-08-30,OSP
MNL045 LP94 NP1-2,MNL045,LP94,NP1-2,MNL045 LP94,Radial Road 10,MANILA,3,1,BARANGAY 118,,,14.613957,120.960527,,,,,,,16,2021-08-30,OSP
MNL045 LP94 NP3-4-5,MNL045,LP94,NP3-4-5,MNL045 LP94,Radial Road 10,MANILA,3,1,BARANGAY 118,,,14.613427,120.960569,,,,,,,24,2021-08-30,OSP
MNL045 LP94 NP6-7-8,MNL045,LP94,NP6-7-8,MNL045 LP94,Radial Road 10,MANILA,3,1,BARANGAY 118,,,14.612943,120.960771,,,,,,,24,2021-08-30,OSP
MNL045 LP95 NP1-2,MNL045,LP95,NP1-2,MNL045 LP95,Radial Road 10,MANILA,3,1,BARANGAY 118,,,14.612559,120.960808,,,,,,,16,2021-08-30,OSP
MNL003 LP254 NP1-2,MNL003,LP254,NP1-2,MNL003 LP254,City Square,MANILA,3,1,BARANGAY 119,,,14.61461521,120.9622909,,,,,,,16,2019-02-27,OSP
MNL003 LP254 NP3-4,MNL003,LP254,NP3-4,MNL003 LP254,City Square,MANILA,3,1,BARANGAY 119,,,14.61391492,120.9623401,,,,,,,16,2019-02-27,OSP
MNL003 LP255 NP5-6,MNL003,LP255,NP5-6,MNL003 LP255,City Square,MANILA,3,1,BARANGAY 119,,,14.61388393,120.9620507,,,,,,,16,2019-02-27,OSP
MNL003 LP257 NP5-6,MNL003,LP257,NP5-6,MNL003 LP257,City Square,MANILA,3,1,BARANGAY 119,,,14.61386141,120.9617346,,,,,,,16,2019-02-27,OSP
MNL003 LP251 NP1-2,MNL003,LP251,NP1-2,MNL003 LP251,City Square,MANILA,3,1,BARANGAY 119,,,14.61394161,120.9629242,,,,,,,16,2019-02-27,OSP
MNL003 LP251 NP7-8,MNL003,LP251,NP7-8,MNL003 LP251,City Square,MANILA,3,1,BARANGAY 119,,,14.61391985,120.9626554,,,,,,,16,2019-02-27,OSP
MNL003 LP252 NP1-2,MNL003,LP252,NP1-2,MNL003 LP252,City Square,MANILA,3,1,BARANGAY 119,,,14.61462752,120.9625957,,,,,,,16,2019-02-27,OSP
MNL036 LP74 NP1-2,MNL036,LP74,NP1-2,MNL036 LP74,Juan Luna/ Solis,MANILA,3,1,BARANGAY 119,,,14.614288,120.963275,,,,,,,16,2020-07-30,OSP
MNL045 LP112 NP3-4-5,MNL045,LP112,NP3-4-5,MNL045 LP112,Radial Road 10,MANILA,3,1,BARANGAY 119,,,14.613661,120.963369,,,,,,,24,2021-08-30,OSP
MNL045 LP112 NP6-7-8,MNL045,LP112,NP6-7-8,MNL045 LP112,Radial Road 10,MANILA,3,1,BARANGAY 119,,,14.613663,120.963369,,,,,,,24,2021-08-30,OSP
MNL045 LP108 NP5-6,MNL045,LP108,NP5-6,MNL045 LP108,Radial Road 10,MANILA,3,1,BARANGAY 119,,,14.613911,120.962339,,,,,,,16,2021-08-30,OSP
MNL045 LP108 NP7-8,MNL045,LP108,NP7-8,MNL045 LP108,Radial Road 10,MANILA,3,1,BARANGAY 119,,,14.613909,120.962343,,,,,,,16,2021-08-30,OSP
MNL045 LP109 NP1-2,MNL045,LP109,NP1-2,MNL045 LP109,Radial Road 10,MANILA,3,1,BARANGAY 119,,,14.614257,120.962328,,,,,,,16,2021-08-30,OSP
MNL045 LP110 NP1-2,MNL045,LP110,NP1-2,MNL045 LP110,Radial Road 10,MANILA,3,1,BARANGAY 119,,,14.613932,120.962752,,,,,,,16,2021-08-30,OSP
MNL045 LP110 NP3-4-5,MNL045,LP110,NP3-4-5,MNL045 LP110,Radial Road 10,MANILA,3,1,BARANGAY 119,,,14.614052,120.962653,,,,,,,24,2021-08-30,OSP
MNL045 LP110 NP6-7-8,MNL045,LP110,NP6-7-8,MNL045 LP110,Radial Road 10,MANILA,3,1,BARANGAY 119,,,14.614294,120.962639,,,,,,,24,2021-08-30,OSP
MNL045 LP111 NP1-2,MNL045,LP111,NP1-2,MNL045 LP111,Radial Road 10,MANILA,3,1,BARANGAY 119,,,14.613947,120.962913,,,,,,,16,2021-08-30,OSP
MNL045 LP111 NP3-4,MNL045,LP111,NP3-4,MNL045 LP111,Radial Road 10,MANILA,3,1,BARANGAY 119,,,14.613945,120.962912,,,,,,,16,2021-08-30,OSP
MNL045 LP111 NP5-6,MNL045,LP111,NP5-6,MNL045 LP111,Radial Road 10,MANILA,3,1,BARANGAY 119,,,14.61427,120.962986,,,,,,,16,2021-08-30,OSP
MNL045 LP111 NP7-8,MNL045,LP111,NP7-8,MNL045 LP111,Radial Road 10,MANILA,3,1,BARANGAY 119,,,14.614272,120.962984,,,,,,,16,2021-08-30,OSP
MNL045 LP105 NP1-2,MNL045,LP105,NP1-2,MNL045 LP105,Radial Road 10,MANILA,3,1,BARANGAY 119,,,14.613889,120.962054,,,,,,,16,2021-08-30,OSP
MNL045 LP105 NP3-4-5,MNL045,LP105,NP3-4-5,MNL045 LP105,Radial Road 10,MANILA,3,1,BARANGAY 119,,,14.614147,120.962038,,,,,,,24,2021-08-30,OSP
MNL045 LP105 NP6-7-8,MNL045,LP105,NP6-7-8,MNL045 LP105,Radial Road 10,MANILA,3,1,BARANGAY 119,,,14.61436,120.962004,,,,,,,24,2021-08-30,OSP
MNL045 LP96 NP3-4-5,MNL045,LP96,NP3-4-5,MNL045 LP96,Radial Road 10,MANILA,3,1,BARANGAY 119,,,14.613863,120.961728,,,,,,,24,2021-08-30,OSP
MNL045 LP96 NP6-7-8,MNL045,LP96,NP6-7-8,MNL045 LP96,Radial Road 10,MANILA,3,1,BARANGAY 119,,,14.613861,120.961726,,,,,,,24,2021-08-30,OSP
MNL045 LP51 NP3-4-5,MNL045,LP51,NP3-4-5,MNL045 LP51,Radial Road 10,MANILA,3,1,BARANGAY 119,,,14.614474,120.963295,,,,,,,24,2021-08-30,OSP
MNL045 LP51 NP6-7-8,MNL045,LP51,NP6-7-8,MNL045 LP51,Radial Road 10,MANILA,3,1,BARANGAY 119,,,14.614474,120.963295,,,,,,,24,2021-08-30,OSP
MNL045 LP90 NP1-2,MNL045,LP90,NP1-2,MNL045 LP90,Radial Road 10,MANILA,3,1,BARANGAY 119,,,14.614348,120.961671,,,,,,,16,2021-08-30,OSP
MNL045 LP90 NP3-4,MNL045,LP90,NP3-4,MNL045 LP90,Radial Road 10,MANILA,3,1,BARANGAY 119,,,14.614346,120.961673,,,,,,,16,2021-08-30,OSP
MNL045 LP82 NP5-6,MNL045,LP82,NP5-6,MNL045 LP82,Radial Road 10,MANILA,3,1,BARANGAY 119,,,14.614613,120.962304,,,,,,,16,2021-08-30,OSP
MNL045 LP82 NP7-8,MNL045,LP82,NP7-8,MNL045 LP82,Radial Road 10,MANILA,3,1,BARANGAY 119,,,14.614615,120.962304,,,,,,,16,2021-08-30,OSP
MNL045 LP67 NP3-4-5,MNL045,LP67,NP3-4-5,MNL045 LP67,Radial Road 10,MANILA,3,1,BARANGAY 119,,,14.613638,120.963031,,,,,,,24,2021-08-30,OSP
MNL045 LP67 NP6-7-8,MNL045,LP67,NP6-7-8,MNL045 LP67,Radial Road 10,MANILA,3,1,BARANGAY 119,,,14.613639,120.963033,,,,,,,24,2021-08-30,OSP
MNL045 LP67 NP1-2,MNL045,LP67,NP1-2,MNL045 LP67,Radial Road 10,MANILA,3,1,BARANGAY 119,,,14.613392,120.963054,,,,,,,16,2021-08-30,OSP
MNL003 LP196 NP7-8,MNL003,LP196,NP7-8,MNL003 LP196,City Square,MANILA,3,1,BARANGAY 12,,,14.60079155,120.9658537,,,,,,,16,2019-01-30,OSP
MNL003 LP197 NP1-2,MNL003,LP197,NP1-2,MNL003 LP197,City Square,MANILA,3,1,BARANGAY 12,,,14.60044497,120.9655282,,,,,,,16,2019-01-30,OSP
MNL003 LP197 NP3-4,MNL003,LP197,NP3-4,MNL003 LP197,City Square,MANILA,3,1,BARANGAY 12,,,14.60017431,120.9652372,,,,,,,16,2019-01-30,OSP
MNL003 LP409 NP7-8,MNL003,LP409,NP7-8,MNL003 LP409,City Square,MANILA,3,1,BARANGAY 12,,,14.601423,120.965684,,,,,,,16,2020-08-27,OSP
MNL005 LP116 NP1-2,MNL005,LP116,NP1-2,MNL005 LP116,Orchard Building (City Square 2),MANILA,3,1,BARANGAY 12,,,14.600416,120.965514,,,,,,,16,2021-01-29,OSP
MNL005 LP116 NP3-4-5,MNL005,LP116,NP3-4-5,MNL005 LP116,Orchard Building (City Square 2),MANILA,3,1,BARANGAY 12,,,14.600239,120.965333,,,,,,,24,2021-01-29,OSP
MNL005 LP116 NP6-7-8,MNL005,LP116,NP6-7-8,MNL005 LP116,Orchard Building (City Square 2),MANILA,3,1,BARANGAY 12,,,14.600125,120.965211,,,,,,,24,2021-01-29,OSP
MNL005 LP114 NP3-4-5,MNL005,LP114,NP3-4-5,MNL005 LP114,Orchard Building (City Square 2),MANILA,3,1,BARANGAY 12,,,14.601159,120.966249,,,,,,,24,2021-01-29,OSP
MNL005 LP115 NP3-4-5,MNL005,LP115,NP3-4-5,MNL005 LP115,Orchard Building (City Square 2),MANILA,3,1,BARANGAY 12,,,14.600825,120.96589,,,,,,,24,2021-01-29,OSP
MNL005 LP115 NP6-7-8,MNL005,LP115,NP6-7-8,MNL005 LP115,Orchard Building (City Square 2),MANILA,3,1,BARANGAY 12,,,14.600627,120.965702,,,,,,,24,2021-01-29,OSP
MNL005 LP191 NP3-5,MNL005,LP191,NP3-5,MNL005 LP191,Orchard Building (City Square 2),MANILA,3,1,BARANGAY 12,,,14.601262,120.96626,,,,,,,24,2021-08-30,OSP
MNL005 LP191 NP6-8,MNL005,LP191,NP6-8,MNL005 LP191,Orchard Building (City Square 2),MANILA,3,1,BARANGAY 12,,,14.600043,120.96501,,,,,,,24,2021-08-30,OSP
MNL005 LP341 NP1-2,MNL005,LP341,NP1-2,MNL005 LP341,Orchard Building (City Square 2),MANILA,3,1,BARANGAY 12,,,14.601474,120.965444,,,,,,,16,2021-10-21,OSP
MNL005 LP342 NP1-2,MNL005,LP342,NP1-2,MNL005 LP342,Orchard Building (City Square 2),MANILA,3,1,BARANGAY 12,,,14.600765,120.964748,,,,,,,16,2021-10-21,OSP
MNL005 LP342 NP3-5,MNL005,LP342,NP3-5,MNL005 LP342,Orchard Building (City Square 2),MANILA,3,1,BARANGAY 12,,,14.600804,120.965079,,,,,,,24,2021-10-21,OSP
MNL005 LP342 NP6-8,MNL005,LP342,NP6-8,MNL005 LP342,Orchard Building (City Square 2),MANILA,3,1,BARANGAY 12,,,14.600358,120.964792,,,,,,,24,2021-10-21,OSP
MNL005 LP338 NP6-8,MNL005,LP338,NP6-8,MNL005 LP338,Orchard Building (City Square 2),MANILA,3,1,BARANGAY 12,,,14.601431,120.965631,,,,,,,24,2021-10-21,OSP
MNL003 LP254 NP5-6,MNL003,LP254,NP5-6,MNL003 LP254,City Square,MANILA,3,1,BARANGAY 120,,,14.61326816,120.962384,,,,,,,16,2019-02-27,OSP
MNL003 LP254 NP7-8,MNL003,LP254,NP7-8,MNL003 LP254,City Square,MANILA,3,1,BARANGAY 120,,,14.61284899,120.9624182,,,,,,,16,2019-02-27,OSP
MNL003 LP255 NP1-2,MNL003,LP255,NP1-2,MNL003 LP255,City Square,MANILA,3,1,BARANGAY 120,,,14.61237722,120.9621681,,,,,,,16,2019-02-27,OSP
MNL003 LP255 NP3-4,MNL003,LP255,NP3-4,MNL003 LP255,City Square,MANILA,3,1,BARANGAY 120,,,14.61333555,120.9621046,,,,,,,16,2019-02-27,OSP
MNL003 LP257 NP7-8,MNL003,LP257,NP7-8,MNL003 LP257,City Square,MANILA,3,1,BARANGAY 120,,,14.61326215,120.9618689,,,,,,,16,2019-02-27,OSP
MNL045 LP103 NP1-2,MNL045,LP103,NP1-2,MNL045 LP103,Radial Road 10,MANILA,3,1,BARANGAY 120,,,14.612377,120.962173,,,,,,,16,2021-08-30,OSP
MNL045 LP103 NP3-4-5,MNL045,LP103,NP3-4-5,MNL045 LP103,Radial Road 10,MANILA,3,1,BARANGAY 120,,,14.612578,120.962146,,,,,,,24,2021-08-30,OSP
MNL045 LP103 NP6-7-8,MNL045,LP103,NP6-7-8,MNL045 LP103,Radial Road 10,MANILA,3,1,BARANGAY 120,,,14.6129,120.962131,,,,,,,24,2021-08-30,OSP
MNL045 LP104 NP1-2,MNL045,LP104,NP1-2,MNL045 LP104,Radial Road 10,MANILA,3,1,BARANGAY 120,,,14.61311,120.962126,,,,,,,16,2021-08-30,OSP
MNL045 LP104 NP3-4-5,MNL045,LP104,NP3-4-5,MNL045 LP104,Radial Road 10,MANILA,3,1,BARANGAY 120,,,14.613348,120.962101,,,,,,,24,2021-08-30,OSP
MNL045 LP104 NP6-7-8,MNL045,LP104,NP6-7-8,MNL045 LP104,Radial Road 10,MANILA,3,1,BARANGAY 120,,,14.613577,120.962084,,,,,,,24,2021-08-30,OSP
MNL045 LP106 NP1-2,MNL045,LP106,NP1-2,MNL045 LP106,Radial Road 10,MANILA,3,1,BARANGAY 120,,,14.612404,120.962499,,,,,,,16,2021-08-30,OSP
MNL045 LP106 NP3-4,MNL045,LP106,NP3-4,MNL045 LP106,Radial Road 10,MANILA,3,1,BARANGAY 120,,,14.612405,120.962497,,,,,,,16,2021-08-30,OSP
MNL045 LP106 NP5-6,MNL045,LP106,NP5-6,MNL045 LP106,Radial Road 10,MANILA,3,1,BARANGAY 120,,,14.612663,120.962445,,,,,,,16,2021-08-30,OSP
MNL045 LP106 NP7-8,MNL045,LP106,NP7-8,MNL045 LP106,Radial Road 10,MANILA,3,1,BARANGAY 120,,,14.612663,120.962445,,,,,,,16,2021-08-30,OSP
MNL045 LP107 NP1-2,MNL045,LP107,NP1-2,MNL045 LP107,Radial Road 10,MANILA,3,1,BARANGAY 120,,,14.613008,120.96241,,,,,,,16,2021-08-30,OSP
MNL045 LP107 NP3-4,MNL045,LP107,NP3-4,MNL045 LP107,Radial Road 10,MANILA,3,1,BARANGAY 120,,,14.613009,120.962419,,,,,,,16,2021-08-30,OSP
MNL045 LP107 NP5-6,MNL045,LP107,NP5-6,MNL045 LP107,Radial Road 10,MANILA,3,1,BARANGAY 120,,,14.613258,120.962396,,,,,,,16,2021-08-30,OSP
MNL045 LP107 NP7-8,MNL045,LP107,NP7-8,MNL045 LP107,Radial Road 10,MANILA,3,1,BARANGAY 120,,,14.613261,120.962398,,,,,,,16,2021-08-30,OSP
MNL045 LP108 NP1-2,MNL045,LP108,NP1-2,MNL045 LP108,Radial Road 10,MANILA,3,1,BARANGAY 120,,,14.613599,120.962371,,,,,,,16,2021-08-30,OSP
MNL045 LP108 NP3-4,MNL045,LP108,NP3-4,MNL045 LP108,Radial Road 10,MANILA,3,1,BARANGAY 120,,,14.613602,120.962369,,,,,,,16,2021-08-30,OSP
MNL045 LP97 NP6-7-8,MNL045,LP97,NP6-7-8,MNL045 LP97,Radial Road 10,MANILA,3,1,BARANGAY 120,,,14.613337,120.96184,,,,,,,24,2021-08-30,OSP
MNL045 LP68 NP5-6,MNL045,LP68,NP5-6,MNL045 LP68,Radial Road 10,MANILA,3,1,BARANGAY 120,,,14.612881,120.962751,,,,,,,16,2021-08-30,OSP
MNL045 LP68 NP7-8,MNL045,LP68,NP7-8,MNL045 LP68,Radial Road 10,MANILA,3,1,BARANGAY 120,,,14.61288,120.962752,,,,,,,16,2021-08-30,OSP
MNL045 LP69 NP1-2,MNL045,LP69,NP1-2,MNL045 LP69,Radial Road 10,MANILA,3,1,BARANGAY 120,,,14.612679,120.962745,,,,,,,16,2021-08-30,OSP
MNL045 LP69 NP3-4,MNL045,LP69,NP3-4,MNL045 LP69,Radial Road 10,MANILA,3,1,BARANGAY 120,,,14.61268,120.962744,,,,,,,16,2021-08-30,OSP
MNL045 LP69 NP5-6,MNL045,LP69,NP5-6,MNL045 LP69,Radial Road 10,MANILA,3,1,BARANGAY 120,,,14.612424,120.962726,,,,,,,16,2021-08-30,OSP
MNL045 LP69 NP7-8,MNL045,LP69,NP7-8,MNL045 LP69,Radial Road 10,MANILA,3,1,BARANGAY 120,,,14.612424,120.962726,,,,,,,16,2021-08-30,OSP
MNL003 LP175 NP1-2,MNL003,LP175,NP1-2,MNL003 LP175,City Square,MANILA,3,1,BARANGAY 121,,,14.61141057,120.9640603,,,,,,,16,2019-01-29,OSP
MNL003 LP175 NP3-4,MNL003,LP175,NP3-4,MNL003 LP175,City Square,MANILA,3,1,BARANGAY 121,,,14.61158801,120.964035,,,,,,,16,2019-01-29,OSP
MNL003 LP175 NP5-6,MNL003,LP175,NP5-6,MNL003 LP175,City Square,MANILA,3,1,BARANGAY 121,,,14.61187903,120.9639701,,,,,,,16,2019-01-29,OSP
MNL003 LP175 NP7-8,MNL003,LP175,NP7-8,MNL003 LP175,City Square,MANILA,3,1,BARANGAY 121,,,14.61235056,120.9639917,,,,,,,16,2019-01-29,OSP
MNL003 LP176 NP1-2,MNL003,LP176,NP1-2,MNL003 LP176,City Square,MANILA,3,1,BARANGAY 121,,,14.61282228,120.9639579,,,,,,,16,2019-01-29,OSP
MNL003 LP177 NP5-6,MNL003,LP177,NP5-6,MNL003 LP177,City Square,MANILA,3,1,BARANGAY 121,,,14.61246703,120.9632768,,,,,,,16,2019-01-29,OSP
MNL003 LP173 NP3-4,MNL003,LP173,NP3-4,MNL003 LP173,City Square,MANILA,3,1,BARANGAY 121,,,14.61222258,120.9643895,,,,,,,16,2019-01-29,OSP
MNL003 LP173 NP5-6,MNL003,LP173,NP5-6,MNL003 LP173,City Square,MANILA,3,1,BARANGAY 121,,,14.61184292,120.9644267,,,,,,,16,2019-01-29,OSP
MNL003 LP251 NP3-4,MNL003,LP251,NP3-4,MNL003 LP251,City Square,MANILA,3,1,BARANGAY 121,,,14.61303202,120.9630423,,,,,,,16,2019-02-27,OSP
MNL003 LP251 NP5-6,MNL003,LP251,NP5-6,MNL003 LP251,City Square,MANILA,3,1,BARANGAY 121,,,14.61327125,120.9627155,,,,,,,16,2019-02-27,OSP
MNL005 LP437 NP6-8,MNL005,LP437,NP6-8,MNL005 LP437,Orchard Building (City Square 2),MANILA,3,1,BARANGAY 121,,,14.611311,120.964281,,,,,,,24,2021-11-28,OSP
MNL005 LP438 NP1-2,MNL005,LP438,NP1-2,MNL005 LP438,Orchard Building (City Square 2),MANILA,3,1,BARANGAY 121,,,14.611344,120.964428,,,,,,,16,2021-11-28,OSP
MNL005 LP438 NP3-5,MNL005,LP438,NP3-5,MNL005 LP438,Orchard Building (City Square 2),MANILA,3,1,BARANGAY 121,,,14.611342,120.964426,,,,,,,24,2021-11-28,OSP
MNL005 LP438 NP6-8,MNL005,LP438,NP6-8,MNL005 LP438,Orchard Building (City Square 2),MANILA,3,1,BARANGAY 121,,,14.611567,120.964446,,,,,,,24,2021-11-28,OSP
MNL005 LP439 NP1-2,MNL005,LP439,NP1-2,MNL005 LP439,Orchard Building (City Square 2),MANILA,3,1,BARANGAY 121,,,14.611824,120.964405,,,,,,,16,2021-11-28,OSP
MNL005 LP439 NP6-8,MNL005,LP439,NP6-8,MNL005 LP439,Orchard Building (City Square 2),MANILA,3,1,BARANGAY 121,,,14.612053,120.964355,,,,,,,24,2021-11-28,OSP
MNL005 LP464 NP3-5,MNL005,LP464,NP3-5,MNL005 LP464,Orchard Building (City Square 2),MANILA,3,1,BARANGAY 121,,,14.612447,120.963018,,,,,,,24,2021-11-28,OSP
MNL005 LP464 NP6-8,MNL005,LP464,NP6-8,MNL005 LP464,Orchard Building (City Square 2),MANILA,3,1,BARANGAY 121,,,14.612446,120.963019,,,,,,,24,2021-11-28,OSP
MNL005 LP464 NP1-2,MNL005,LP464,NP1-2,MNL005 LP464,Orchard Building (City Square 2),MANILA,3,1,BARANGAY 121,,,14.61247,120.963273,,,,,,,16,2021-11-28,OSP
MNL005 LP454 NP3-5,MNL005,LP454,NP3-5,MNL005 LP454,Orchard Building (City Square 2),MANILA,3,1,BARANGAY 121,,,14.612751,120.963956,,,,,,,24,2021-11-28,OSP
MNL005 LP454 NP6-8,MNL005,LP454,NP6-8,MNL005 LP454,Orchard Building (City Square 2),MANILA,3,1,BARANGAY 121,,,14.612754,120.963953,,,,,,,24,2021-11-28,OSP
MNL005 LP455 NP1-2,MNL005,LP455,NP1-2,MNL005 LP455,Orchard Building (City Square 2),MANILA,3,1,BARANGAY 121,,,14.612942,120.963944,,,,,,,16,2021-11-28,OSP
MNL005 LP455 NP3-5,MNL005,LP455,NP3-5,MNL005 LP455,Orchard Building (City Square 2),MANILA,3,1,BARANGAY 121,,,14.612943,120.963944,,,,,,,24,2021-11-28,OSP
MNL005 LP455 NP6-8,MNL005,LP455,NP6-8,MNL005 LP455,Orchard Building (City Square 2),MANILA,3,1,BARANGAY 121,,,14.612943,120.963943,,,,,,,24,2021-11-28,OSP
MNL005 LP451 NP3-5,MNL005,LP451,NP3-5,MNL005 LP451,Orchard Building (City Square 2),MANILA,3,1,BARANGAY 121,,,14.611601,120.964018,,,,,,,24,2021-11-28,OSP
MNL005 LP451 NP6-8,MNL005,LP451,NP6-8,MNL005 LP451,Orchard Building (City Square 2),MANILA,3,1,BARANGAY 121,,,14.611556,120.963785,,,,,,,24,2021-11-28,OSP
MNL005 LP452 NP1-2,MNL005,LP452,NP1-2,MNL005 LP452,Orchard Building (City Square 2),MANILA,3,1,BARANGAY 121,,,14.611745,120.964007,,,,,,,16,2021-11-28,OSP
MNL005 LP452 NP3-5,MNL005,LP452,NP3-5,MNL005 LP452,Orchard Building (City Square 2),MANILA,3,1,BARANGAY 121,,,14.612005,120.96399,,,,,,,24,2021-11-28,OSP
MNL005 LP452 NP6-8,MNL005,LP452,NP6-8,MNL005 LP452,Orchard Building (City Square 2),MANILA,3,1,BARANGAY 121,,,14.612004,120.96399,,,,,,,24,2021-11-28,OSP
MNL005 LP453 NP1-2,MNL005,LP453,NP1-2,MNL005 LP453,Orchard Building (City Square 2),MANILA,3,1,BARANGAY 121,,,14.612173,120.963984,,,,,,,16,2021-11-28,OSP
MNL005 LP453 NP3-5,MNL005,LP453,NP3-5,MNL005 LP453,Orchard Building (City Square 2),MANILA,3,1,BARANGAY 121,,,14.612342,120.963974,,,,,,,24,2021-11-28,OSP
MNL005 LP453 NP6-8,MNL005,LP453,NP6-8,MNL005 LP453,Orchard Building (City Square 2),MANILA,3,1,BARANGAY 121,,,14.612542,120.963924,,,,,,,24,2021-11-28,OSP
MNL005 LP454 NP1-2,MNL005,LP454,NP1-2,MNL005 LP454,Orchard Building (City Square 2),MANILA,3,1,BARANGAY 121,,,14.61254,120.963926,,,,,,,16,2021-11-28,OSP
MNL005 LP440 NP1-2,MNL005,LP440,NP1-2,MNL005 LP440,Orchard Building (City Square 2),MANILA,3,1,BARANGAY 121,,,14.612344,120.964329,,,,,,,16,2021-11-28,OSP
MNL005 LP440 NP3-5,MNL005,LP440,NP3-5,MNL005 LP440,Orchard Building (City Square 2),MANILA,3,1,BARANGAY 121,,,14.612344,120.964329,,,,,,,24,2021-11-28,OSP
MNL005 LP440 NP6-8,MNL005,LP440,NP6-8,MNL005 LP440,Orchard Building (City Square 2),MANILA,3,1,BARANGAY 121,,,14.612603,120.964278,,,,,,,24,2021-11-28,OSP
MNL045 LP68 NP1-2,MNL045,LP68,NP1-2,MNL045 LP68,Radial Road 10,MANILA,3,1,BARANGAY 121,,,14.613051,120.963037,,,,,,,16,2021-08-30,OSP
MNL045 LP68 NP3-4,MNL045,LP68,NP3-4,MNL045 LP68,Radial Road 10,MANILA,3,1,BARANGAY 121,,,14.613054,120.963039,,,,,,,16,2021-08-30,OSP
MNL003 LP246 NP5-6,MNL003,LP246,NP5-6,MNL003 LP246,City Square,MANILA,3,1,BARANGAY 122,,,14.61559352,120.9641269,,,,,,,16,2019-02-27,OSP
MNL003 LP247 NP7-8,MNL003,LP247,NP7-8,MNL003 LP247,City Square,MANILA,3,1,BARANGAY 122,,,14.61500475,120.9632458,,,,,,,16,2019-02-27,OSP
MNL003 LP248 NP1-2,MNL003,LP248,NP1-2,MNL003 LP248,City Square,MANILA,3,1,BARANGAY 122,,,14.61467102,120.9632873,,,,,,,16,2019-02-27,OSP
MNL003 LP248 NP3-4,MNL003,LP248,NP3-4,MNL003 LP248,City Square,MANILA,3,1,BARANGAY 122,,,14.61428598,120.9638175,,,,,,,16,2019-02-27,OSP
MNL003 LP248 NP5-6,MNL003,LP248,NP5-6,MNL003 LP248,City Square,MANILA,3,1,BARANGAY 122,,,14.614286,120.96442,,,,,,,16,2019-02-27,OSP
MNL003 LP246 NP1-2,MNL003,LP246,NP1-2,MNL003 LP246,City Square,MANILA,3,1,BARANGAY 122,,,14.615214,120.964433,,,,,,,16,2019-02-27,OSP
MNL003 LP246 NP3-4,MNL003,LP246,NP3-4,MNL003 LP246,City Square,MANILA,3,1,BARANGAY 122,,,14.61526631,120.9641036,,,,,,,16,2019-02-27,OSP
MNL036 LP74 NP7-8,MNL036,LP74,NP7-8,MNL036 LP74,Juan Luna/ Solis,MANILA,3,1,BARANGAY 122,,,14.614649,120.964573,,,,,,,16,2020-07-30,OSP
MNL036 LP75 NP1-2,MNL036,LP75,NP1-2,MNL036 LP75,Juan Luna/ Solis,MANILA,3,1,BARANGAY 122,,,14.61544,120.964646,,,,,,,16,2020-07-30,OSP
MNL036 LP73 NP3-4,MNL036,LP73,NP3-4,MNL036 LP73,Juan Luna/ Solis,MANILA,3,1,BARANGAY 122,,,14.615326,120.963697,,,,,,,16,2020-07-30,OSP
MNL036 LP73 NP5-6,MNL036,LP73,NP5-6,MNL036 LP73,Juan Luna/ Solis,MANILA,3,1,BARANGAY 122,,,14.615624,120.963692,,,,,,,16,2020-07-30,OSP
MNL036 LP74 NP3-4,MNL036,LP74,NP3-4,MNL036 LP74,Juan Luna/ Solis,MANILA,3,1,BARANGAY 122,,,14.614338,120.964126,,,,,,,16,2020-07-30,OSP
MNL045 LP51 NP1-2,MNL045,LP51,NP1-2,MNL045 LP51,Radial Road 10,MANILA,3,1,BARANGAY 122,,,14.614289,120.963315,,,,,,,16,2021-08-30,OSP
MNL045 LP50 NP3-4,MNL045,LP50,NP3-4,MNL045 LP50,Radial Road 10,MANILA,3,1,BARANGAY 122,,,14.614281,120.963823,,,,,,,16,2021-08-30,OSP
MNL045 LP50 NP5-6,MNL045,LP50,NP5-6,MNL045 LP50,Radial Road 10,MANILA,3,1,BARANGAY 122,,,14.61429,120.963544,,,,,,,16,2021-08-30,OSP
MNL045 LP50 NP7-8,MNL045,LP50,NP7-8,MNL045 LP50,Radial Road 10,MANILA,3,1,BARANGAY 122,,,14.614288,120.963542,,,,,,,16,2021-08-30,OSP
MNL045 LP50 NP1-2,MNL045,LP50,NP1-2,MNL045 LP50,Radial Road 10,MANILA,3,1,BARANGAY 122,,,14.614281,120.963821,,,,,,,16,2021-08-30,OSP
MNL045 LP49 NP1-2,MNL045,LP49,NP1-2,MNL045 LP49,Radial Road 10,MANILA,3,1,BARANGAY 122,,,14.614354,120.964126,,,,,,,16,2021-08-30,OSP
MNL045 LP49 NP3-4,MNL045,LP49,NP3-4,MNL045 LP49,Radial Road 10,MANILA,3,1,BARANGAY 122,,,14.614354,120.964126,,,,,,,16,2021-08-30,OSP
MNL045 LP49 NP5-6,MNL045,LP49,NP5-6,MNL045 LP49,Radial Road 10,MANILA,3,1,BARANGAY 122,,,14.614277,120.964047,,,,,,,16,2021-08-30,OSP
MNL045 LP49 NP7-8,MNL045,LP49,NP7-8,MNL045 LP49,Radial Road 10,MANILA,3,1,BARANGAY 122,,,14.614277,120.964047,,,,,,,16,2021-08-30,OSP
MNL045 LP33 NP5-6,MNL045,LP33,NP5-6,MNL045 LP33,Radial Road 10,MANILA,3,1,BARANGAY 122,,,14.615599,120.964127,,,,,,,16,2021-08-30,OSP
MNL045 LP33 NP7-8,MNL045,LP33,NP7-8,MNL045 LP33,Radial Road 10,MANILA,3,1,BARANGAY 122,,,14.615597,120.964129,,,,,,,16,2021-08-30,OSP
MNL045 LP33 NP1-2,MNL045,LP33,NP1-2,MNL045 LP33,Radial Road 10,MANILA,3,1,BARANGAY 122,,,14.61563,120.963692,,,,,,,16,2021-08-30,OSP
MNL045 LP33 NP3-4,MNL045,LP33,NP3-4,MNL045 LP33,Radial Road 10,MANILA,3,1,BARANGAY 122,,,14.61563,120.963693,,,,,,,16,2021-08-30,OSP
MNL045 LP32 NP7-8,MNL045,LP32,NP7-8,MNL045 LP32,Radial Road 10,MANILA,3,1,BARANGAY 122,,,14.615613,120.963429,,,,,,,16,2021-08-30,OSP
MNL045 LP48 NP1-2,MNL045,LP48,NP1-2,MNL045 LP48,Radial Road 10,MANILA,3,1,BARANGAY 122,,,14.614657,120.964577,,,,,,,16,2021-08-30,OSP
MNL045 LP31 NP5-6,MNL045,LP31,NP5-6,MNL045 LP31,Radial Road 10,MANILA,3,1,BARANGAY 122,,,14.615359,120.963441,,,,,,,16,2021-08-30,OSP
MNL045 LP31 NP7-8,MNL045,LP31,NP7-8,MNL045 LP31,Radial Road 10,MANILA,3,1,BARANGAY 122,,,14.615356,120.963442,,,,,,,16,2021-08-30,OSP
MNL045 LP31 NP1-2,MNL045,LP31,NP1-2,MNL045 LP31,Radial Road 10,MANILA,3,1,BARANGAY 122,,,14.615328,120.963695,,,,,,,16,2021-08-30,OSP
MNL045 LP31 NP3-4,MNL045,LP31,NP3-4,MNL045 LP31,Radial Road 10,MANILA,3,1,BARANGAY 122,,,14.615328,120.963693,,,,,,,16,2021-08-30,OSP
MNL045 LP30 NP1-2,MNL045,LP30,NP1-2,MNL045 LP30,Radial Road 10,MANILA,3,1,BARANGAY 122,,,14.615266,120.964108,,,,,,,16,2021-08-30,OSP
MNL045 LP30 NP3-4-5,MNL045,LP30,NP3-4-5,MNL045 LP30,Radial Road 10,MANILA,3,1,BARANGAY 122,,,14.615304,120.963859,,,,,,,24,2021-08-30,OSP
MNL045 LP30 NP6-7-8,MNL045,LP30,NP6-7-8,MNL045 LP30,Radial Road 10,MANILA,3,1,BARANGAY 122,,,14.615305,120.963859,,,,,,,24,2021-08-30,OSP
MNL045 LP47 NP1-2,MNL045,LP47,NP1-2,MNL045 LP47,Radial Road 10,MANILA,3,1,BARANGAY 122,,,14.614797,120.964613,,,,,,,16,2021-08-30,OSP
MNL045 LP47 NP3-4-5,MNL045,LP47,NP3-4-5,MNL045 LP47,Radial Road 10,MANILA,3,1,BARANGAY 122,,,14.614798,120.964612,,,,,,,24,2021-08-30,OSP
MNL045 LP47 NP6-7-8,MNL045,LP47,NP6-7-8,MNL045 LP47,Radial Road 10,MANILA,3,1,BARANGAY 122,,,14.614657,120.964579,,,,,,,24,2021-08-30,OSP
MNL045 LP29 NP1-2,MNL045,LP29,NP1-2,MNL045 LP29,Radial Road 10,MANILA,3,1,BARANGAY 122,,,14.615248,120.964313,,,,,,,16,2021-08-30,OSP
MNL045 LP29 NP3-4-5,MNL045,LP29,NP3-4-5,MNL045 LP29,Radial Road 10,MANILA,3,1,BARANGAY 122,,,14.61525,120.964313,,,,,,,24,2021-08-30,OSP
MNL045 LP29 NP6-7-8,MNL045,LP29,NP6-7-8,MNL045 LP29,Radial Road 10,MANILA,3,1,BARANGAY 122,,,14.615264,120.964107,,,,,,,24,2021-08-30,OSP
MNL045 LP28 NP1-2,MNL045,LP28,NP1-2,MNL045 LP28,Radial Road 10,MANILA,3,1,BARANGAY 122,,,14.615451,120.964643,,,,,,,16,2021-08-30,OSP
MNL045 LP28 NP3-4,MNL045,LP28,NP3-4,MNL045 LP28,Radial Road 10,MANILA,3,1,BARANGAY 122,,,14.615449,120.964643,,,,,,,16,2021-08-30,OSP
MNL045 LP28 NP5-6,MNL045,LP28,NP5-6,MNL045 LP28,Radial Road 10,MANILA,3,1,BARANGAY 122,,,14.61524,120.964631,,,,,,,16,2021-08-30,OSP
MNL045 LP28 NP7-8,MNL045,LP28,NP7-8,MNL045 LP28,Radial Road 10,MANILA,3,1,BARANGAY 122,,,14.615237,120.964628,,,,,,,16,2021-08-30,OSP
MNL045 LP46 NP5-6,MNL045,LP46,NP5-6,MNL045 LP46,Radial Road 10,MANILA,3,1,BARANGAY 122,,,14.615031,120.964667,,,,,,,16,2021-08-30,OSP
MNL045 LP46 NP7-8,MNL045,LP46,NP7-8,MNL045 LP46,Radial Road 10,MANILA,3,1,BARANGAY 122,,,14.61503,120.964668,,,,,,,16,2021-08-30,OSP
MNL003 LP164 NP3-4,MNL003,LP164,NP3-4,MNL003 LP164,City Square,MANILA,3,1,BARANGAY 123,,,14.60952552,120.9626695,,,,,,,16,2019-01-29,OSP
MNL003 LP164 NP7-8,MNL003,LP164,NP7-8,MNL003 LP164,City Square,MANILA,3,1,BARANGAY 123,,,14.60945054,120.9618409,,,,,,,16,2019-01-29,OSP
MNL003 LP181 NP1-2,MNL003,LP181,NP1-2,MNL003 LP181,City Square,MANILA,3,1,BARANGAY 123,,,14.61073339,120.9624104,,,,,,,16,2019-01-29,OSP
MNL003 LP181 NP3-4,MNL003,LP181,NP3-4,MNL003 LP181,City Square,MANILA,3,1,BARANGAY 123,,,14.61071171,120.9619936,,,,,,,16,2019-01-29,OSP
MNL003 LP181 NP5-6,MNL003,LP181,NP5-6,MNL003 LP181,City Square,MANILA,3,1,BARANGAY 123,,,14.61037993,120.9617509,,,,,,,16,2019-01-29,OSP
MNL003 LP181 NP7-8,MNL003,LP181,NP7-8,MNL003 LP181,City Square,MANILA,3,1,BARANGAY 123,,,14.61003809,120.9617813,,,,,,,16,2019-01-29,OSP
MNL003 LP397 NP3-4,MNL003,LP397,NP3-4,MNL003 LP397,City Square,MANILA,3,1,BARANGAY 123,,,14.610363,120.961132,,,,,,,16,2019-10-03,OSP
MNL003 LP397 NP5-6,MNL003,LP397,NP5-6,MNL003 LP397,City Square,MANILA,3,1,BARANGAY 123,,,14.610814,120.961029,,,,,,,16,2019-10-03,OSP
MNL003 LP397 NP7-8,MNL003,LP397,NP7-8,MNL003 LP397,City Square,MANILA,3,1,BARANGAY 123,,,14.61124,120.960926,,,,,,,16,2019-10-03,OSP
MNL003 LP395 NP1-2,MNL003,LP395,NP1-2,MNL003 LP395,City Square,MANILA,3,1,BARANGAY 123,,,14.610226,120.962846,,,,,,,16,2019-10-03,OSP
MNL003 LP397 NP1-2,MNL003,LP397,NP1-2,MNL003 LP397,City Square,MANILA,3,1,BARANGAY 123,,,14.6099,120.961219,,,,,,,16,2019-10-03,OSP
MNL005 LP240 NP3-4-5,MNL005,LP240,NP3-4-5,MNL005 LP240,Orchard Building (City Square 2),MANILA,3,1,BARANGAY 123,,,14.60945,120.961869,,,,,,,24,2021-09-25,OSP
MNL005 LP240 NP6-7-8,MNL005,LP240,NP6-7-8,MNL005 LP240,Orchard Building (City Square 2),MANILA,3,1,BARANGAY 123,,,14.609447,120.96187,,,,,,,24,2021-09-25,OSP
MNL005 LP365 NP6-8,MNL005,LP365,NP6-8,MNL005 LP365,Orchard Building (City Square 2),MANILA,3,1,BARANGAY 123,,,14.611317,120.960897,,,,,,,24,2021-11-01,OSP
MNL005 LP360 NP1-2,MNL005,LP360,NP1-2,MNL005 LP360,Orchard Building (City Square 2),MANILA,3,1,BARANGAY 123,,,14.609649,120.961278,,,,,,,16,2021-11-01,OSP
MNL005 LP360 NP3-5,MNL005,LP360,NP3-5,MNL005 LP360,Orchard Building (City Square 2),MANILA,3,1,BARANGAY 123,,,14.609651,120.961278,,,,,,,24,2021-11-01,OSP
MNL005 LP360 NP6-8,MNL005,LP360,NP6-8,MNL005 LP360,Orchard Building (City Square 2),MANILA,3,1,BARANGAY 123,,,14.60965,120.961278,,,,,,,24,2021-11-01,OSP
MNL005 LP361 NP1-2,MNL005,LP361,NP1-2,MNL005 LP361,Orchard Building (City Square 2),MANILA,3,1,BARANGAY 123,,,14.60985,120.961239,,,,,,,16,2021-11-01,OSP
MNL005 LP361 NP3-5,MNL005,LP361,NP3-5,MNL005 LP361,Orchard Building (City Square 2),MANILA,3,1,BARANGAY 123,,,14.610031,120.961202,,,,,,,24,2021-11-01,OSP
MNL005 LP361 NP6-8,MNL005,LP361,NP6-8,MNL005 LP361,Orchard Building (City Square 2),MANILA,3,1,BARANGAY 123,,,14.610031,120.961202,,,,,,,24,2021-11-01,OSP
MNL005 LP362 NP1-2,MNL005,LP362,NP1-2,MNL005 LP362,Orchard Building (City Square 2),MANILA,3,1,BARANGAY 123,,,14.610204,120.961167,,,,,,,16,2021-11-01,OSP
MNL005 LP362 NP3-5,MNL005,LP362,NP3-5,MNL005 LP362,Orchard Building (City Square 2),MANILA,3,1,BARANGAY 123,,,14.610459,120.961107,,,,,,,24,2021-11-01,OSP
MNL005 LP362 NP6-8,MNL005,LP362,NP6-8,MNL005 LP362,Orchard Building (City Square 2),MANILA,3,1,BARANGAY 123,,,14.610459,120.961106,,,,,,,24,2021-11-01,OSP
MNL005 LP363 NP1-2,MNL005,LP363,NP1-2,MNL005 LP363,Orchard Building (City Square 2),MANILA,3,1,BARANGAY 123,,,14.610725,120.96104,,,,,,,16,2021-11-01,OSP
MNL005 LP363 NP3-5,MNL005,LP363,NP3-5,MNL005 LP363,Orchard Building (City Square 2),MANILA,3,1,BARANGAY 123,,,14.610834,120.961018,,,,,,,24,2021-11-01,OSP
MNL005 LP363 NP6-8,MNL005,LP363,NP6-8,MNL005 LP363,Orchard Building (City Square 2),MANILA,3,1,BARANGAY 123,,,14.610834,120.961017,,,,,,,24,2021-11-01,OSP
MNL005 LP364 NP1-2,MNL005,LP364,NP1-2,MNL005 LP364,Orchard Building (City Square 2),MANILA,3,1,BARANGAY 123,,,14.610996,120.960973,,,,,,,16,2021-11-01,OSP
MNL005 LP364 NP3-5,MNL005,LP364,NP3-5,MNL005 LP364,Orchard Building (City Square 2),MANILA,3,1,BARANGAY 123,,,14.610996,120.960973,,,,,,,24,2021-11-01,OSP
MNL005 LP364 NP6-8,MNL005,LP364,NP6-8,MNL005 LP364,Orchard Building (City Square 2),MANILA,3,1,BARANGAY 123,,,14.610995,120.960973,,,,,,,24,2021-11-01,OSP
MNL005 LP365 NP1-2,MNL005,LP365,NP1-2,MNL005 LP365,Orchard Building (City Square 2),MANILA,3,1,BARANGAY 123,,,14.611181,120.960931,,,,,,,16,2021-11-01,OSP
MNL005 LP365 NP3-5,MNL005,LP365,NP3-5,MNL005 LP365,Orchard Building (City Square 2),MANILA,3,1,BARANGAY 123,,,14.61118,120.960929,,,,,,,24,2021-11-01,OSP
MNL005 LP356 NP3-5,MNL005,LP356,NP3-5,MNL005 LP356,Orchard Building (City Square 2),MANILA,3,1,BARANGAY 123,,,14.609795,120.962984,,,,,,,24,2021-11-01,OSP
MNL005 LP356 NP6-8,MNL005,LP356,NP6-8,MNL005 LP356,Orchard Building (City Square 2),MANILA,3,1,BARANGAY 123,,,14.609795,120.962987,,,,,,,24,2021-11-01,OSP
MNL005 LP357 NP1-2,MNL005,LP357,NP1-2,MNL005 LP357,Orchard Building (City Square 2),MANILA,3,1,BARANGAY 123,,,14.609795,120.962985,,,,,,,16,2021-11-01,OSP
MNL005 LP357 NP3-5,MNL005,LP357,NP3-5,MNL005 LP357,Orchard Building (City Square 2),MANILA,3,1,BARANGAY 123,,,14.609757,120.962523,,,,,,,24,2021-11-01,OSP
MNL005 LP357 NP6-8,MNL005,LP357,NP6-8,MNL005 LP357,Orchard Building (City Square 2),MANILA,3,1,BARANGAY 123,,,14.609755,120.962524,,,,,,,24,2021-11-01,OSP
MNL005 LP358 NP1-2,MNL005,LP358,NP1-2,MNL005 LP358,Orchard Building (City Square 2),MANILA,3,1,BARANGAY 123,,,14.609752,120.962387,,,,,,,16,2021-11-01,OSP
MNL005 LP358 NP3-5,MNL005,LP358,NP3-5,MNL005 LP358,Orchard Building (City Square 2),MANILA,3,1,BARANGAY 123,,,14.609711,120.962073,,,,,,,24,2021-11-01,OSP
MNL005 LP358 NP6-8,MNL005,LP358,NP6-8,MNL005 LP358,Orchard Building (City Square 2),MANILA,3,1,BARANGAY 123,,,14.609712,120.962073,,,,,,,24,2021-11-01,OSP
MNL005 LP359 NP1-2,MNL005,LP359,NP1-2,MNL005 LP359,Orchard Building (City Square 2),MANILA,3,1,BARANGAY 123,,,14.609684,120.961854,,,,,,,16,2021-11-01,OSP
MNL005 LP359 NP3-5,MNL005,LP359,NP3-5,MNL005 LP359,Orchard Building (City Square 2),MANILA,3,1,BARANGAY 123,,,14.609664,120.961525,,,,,,,24,2021-11-01,OSP
MNL005 LP359 NP6-8,MNL005,LP359,NP6-8,MNL005 LP359,Orchard Building (City Square 2),MANILA,3,1,BARANGAY 123,,,14.609666,120.961525,,,,,,,24,2021-11-01,OSP
MNL005 LP3 NP1-2,MNL005,LP3,NP1-2,MNL005 LP3,Orchard Building (City Square 2),MANILA,3,1,BARANGAY 123,,,14.609375,120.961313,,,,,,,16,2020-08-30,OSP
MNL005 LP474 NP3-5,MNL005,LP474,NP3-5,MNL005 LP474,Orchard Building (City Square 2),MANILA,3,1,BARANGAY 123,,,14.610761,120.962547,,,,,,,24,2021-11-28,OSP
MNL005 LP474 NP6-8,MNL005,LP474,NP6-8,MNL005 LP474,Orchard Building (City Square 2),MANILA,3,1,BARANGAY 123,,,14.610732,120.962297,,,,,,,24,2021-11-28,OSP
MNL005 LP475 NP1-2,MNL005,LP475,NP1-2,MNL005 LP475,Orchard Building (City Square 2),MANILA,3,1,BARANGAY 123,,,14.610345,120.962329,,,,,,,16,2021-11-28,OSP
MNL005 LP475 NP3-5,MNL005,LP475,NP3-5,MNL005 LP475,Orchard Building (City Square 2),MANILA,3,1,BARANGAY 123,,,14.610345,120.962328,,,,,,,24,2021-11-28,OSP
MNL005 LP475 NP6-8,MNL005,LP475,NP6-8,MNL005 LP475,Orchard Building (City Square 2),MANILA,3,1,BARANGAY 123,,,14.610179,120.962341,,,,,,,24,2021-11-28,OSP
MNL005 LP476 NP1-2,MNL005,LP476,NP1-2,MNL005 LP476,Orchard Building (City Square 2),MANILA,3,1,BARANGAY 123,,,14.610177,120.962339,,,,,,,16,2021-11-28,OSP
MNL005 LP476 NP3-5,MNL005,LP476,NP3-5,MNL005 LP476,Orchard Building (City Square 2),MANILA,3,1,BARANGAY 123,,,14.609985,120.962358,,,,,,,24,2021-11-28,OSP
MNL005 LP476 NP6-8,MNL005,LP476,NP6-8,MNL005 LP476,Orchard Building (City Square 2),MANILA,3,1,BARANGAY 123,,,14.609984,120.962358,,,,,,,24,2021-11-28,OSP
MNL005 LP477 NP1-2,MNL005,LP477,NP1-2,MNL005 LP477,Orchard Building (City Square 2),MANILA,3,1,BARANGAY 123,,,14.610687,120.961734,,,,,,,16,2021-11-28,OSP
MNL005 LP477 NP3-5,MNL005,LP477,NP3-5,MNL005 LP477,Orchard Building (City Square 2),MANILA,3,1,BARANGAY 123,,,14.610686,120.961734,,,,,,,24,2021-11-28,OSP
MNL005 LP477 NP6-8,MNL005,LP477,NP6-8,MNL005 LP477,Orchard Building (City Square 2),MANILA,3,1,BARANGAY 123,,,14.610686,120.961732,,,,,,,24,2021-11-28,OSP
MNL005 LP478 NP1-2,MNL005,LP478,NP1-2,MNL005 LP478,Orchard Building (City Square 2),MANILA,3,1,BARANGAY 123,,,14.61048,120.961921,,,,,,,16,2021-11-28,OSP
MNL005 LP478 NP3-5,MNL005,LP478,NP3-5,MNL005 LP478,Orchard Building (City Square 2),MANILA,3,1,BARANGAY 123,,,14.609815,120.961794,,,,,,,24,2021-11-28,OSP
MNL005 LP478 NP6-8,MNL005,LP478,NP6-8,MNL005 LP478,Orchard Building (City Square 2),MANILA,3,1,BARANGAY 123,,,14.609816,120.961799,,,,,,,24,2021-11-28,OSP
MNL005 LP471 NP1-2,MNL005,LP471,NP1-2,MNL005 LP471,Orchard Building (City Square 2),MANILA,3,1,BARANGAY 123,,,14.611271,120.96275,,,,,,,16,2021-11-28,OSP
MNL005 LP471 NP3-5,MNL005,LP471,NP3-5,MNL005 LP471,Orchard Building (City Square 2),MANILA,3,1,BARANGAY 123,,,14.610788,120.962793,,,,,,,24,2021-11-28,OSP
MNL005 LP471 NP6-8,MNL005,LP471,NP6-8,MNL005 LP471,Orchard Building (City Square 2),MANILA,3,1,BARANGAY 123,,,14.610785,120.962791,,,,,,,24,2021-11-28,OSP
MNL005 LP472 NP1-2,MNL005,LP472,NP1-2,MNL005 LP472,Orchard Building (City Square 2),MANILA,3,1,BARANGAY 123,,,14.610552,120.962812,,,,,,,16,2021-11-28,OSP
MNL005 LP472 NP3-5,MNL005,LP472,NP3-5,MNL005 LP472,Orchard Building (City Square 2),MANILA,3,1,BARANGAY 123,,,14.610388,120.962824,,,,,,,24,2021-11-28,OSP
MNL005 LP472 NP6-8,MNL005,LP472,NP6-8,MNL005 LP472,Orchard Building (City Square 2),MANILA,3,1,BARANGAY 123,,,14.610388,120.962824,,,,,,,24,2021-11-28,OSP
MNL005 LP473 NP1-2,MNL005,LP473,NP1-2,MNL005 LP473,Orchard Building (City Square 2),MANILA,3,1,BARANGAY 123,,,14.610386,120.962825,,,,,,,16,2021-11-28,OSP
MNL005 LP473 NP3-5,MNL005,LP473,NP3-5,MNL005 LP473,Orchard Building (City Square 2),MANILA,3,1,BARANGAY 123,,,14.610077,120.962853,,,,,,,24,2021-11-28,OSP
MNL005 LP473 NP6-8,MNL005,LP473,NP6-8,MNL005 LP473,Orchard Building (City Square 2),MANILA,3,1,BARANGAY 123,,,14.610075,120.962851,,,,,,,24,2021-11-28,OSP
MNL005 LP474 NP1-2,MNL005,LP474,NP1-2,MNL005 LP474,Orchard Building (City Square 2),MANILA,3,1,BARANGAY 123,,,14.610757,120.962546,,,,,,,16,2021-11-28,OSP
MNL003 LP475 NP3-4,MNL003,LP475,NP3-4,MNL003 LP475,City Square,MANILA,3,1,BARANGAY 124,,,14.631668,120.963938,,,,,,,16,2019-11-20,OSP
MNL003 LP476 NP3-4,MNL003,LP476,NP3-4,MNL003 LP476,City Square,MANILA,3,1,BARANGAY 124,,,14.63176,120.964639,,,,,,,16,2019-11-20,OSP
MNL003 LP476 NP5-6,MNL003,LP476,NP5-6,MNL003 LP476,City Square,MANILA,3,1,BARANGAY 124,,,14.632252,120.96506,,,,,,,16,2019-11-20,OSP
MNL045 LP554 NP6-8,MNL045,LP554,NP6-8,MNL045 LP554,Radial Road 10,MANILA,3,1,BARANGAY 124,,,14.631764,120.964628,,,,,,,24,2022-02-14,OSP
MNL045 LP555 NP1-2,MNL045,LP555,NP1-2,MNL045 LP555,Radial Road 10,MANILA,3,1,BARANGAY 124,,,14.632256,120.965063,,,,,,,16,2022-02-14,OSP
MNL045 LP555 NP3-5,MNL045,LP555,NP3-5,MNL045 LP555,Radial Road 10,MANILA,3,1,BARANGAY 124,,,14.632251,120.965057,,,,,,,24,2022-02-14,OSP
MNL045 LP555 NP6-8,MNL045,LP555,NP6-8,MNL045 LP555,Radial Road 10,MANILA,3,1,BARANGAY 124,,,14.632257,120.965057,,,,,,,24,2022-02-14,OSP
MNL045 LP553 NP1-2,MNL045,LP553,NP1-2,MNL045 LP553,Radial Road 10,MANILA,3,1,BARANGAY 124,,,14.632082,120.964102,,,,,,,16,2022-02-14,OSP
MNL045 LP553 NP3-5,MNL045,LP553,NP3-5,MNL045 LP553,Radial Road 10,MANILA,3,1,BARANGAY 124,,,14.631637,120.964222,,,,,,,24,2022-02-14,OSP
MNL045 LP553 NP6-8,MNL045,LP553,NP6-8,MNL045 LP553,Radial Road 10,MANILA,3,1,BARANGAY 124,,,14.63153,120.964465,,,,,,,24,2022-02-14,OSP
MNL045 LP554 NP1-2,MNL045,LP554,NP1-2,MNL045 LP554,Radial Road 10,MANILA,3,1,BARANGAY 124,,,14.631753,120.964632,,,,,,,16,2022-02-14,OSP
MNL045 LP554 NP3-5,MNL045,LP554,NP3-5,MNL045 LP554,Radial Road 10,MANILA,3,1,BARANGAY 124,,,14.631757,120.964625,,,,,,,24,2022-02-14,OSP
MNL003 LP457 NP7-8,MNL003,LP457,NP7-8,MNL003 LP457,City Square,MANILA,3,1,BARANGAY 125,,,14.634235,120.966208,,,,,,,16,2019-11-20,OSP
MNL045 LP580 NP3-5,MNL045,LP580,NP3-5,MNL045 LP580,Radial Road 10,MANILA,3,1,BARANGAY 125,,,14.634914,120.967948,,,,,,,24,2022-02-14,OSP
MNL045 LP580 NP6-8,MNL045,LP580,NP6-8,MNL045 LP580,Radial Road 10,MANILA,3,1,BARANGAY 125,,,14.634903,120.967951,,,,,,,24,2022-02-14,OSP
MNL045 LP578 NP6-8,MNL045,LP578,NP6-8,MNL045 LP578,Radial Road 10,MANILA,3,1,BARANGAY 125,,,14.634885,120.967668,,,,,,,24,2022-02-14,OSP
MNL045 LP559 NP1-2,MNL045,LP559,NP1-2,MNL045 LP559,Radial Road 10,MANILA,3,1,BARANGAY 125,,,14.634406,120.966088,,,,,,,16,2022-02-14,OSP
MNL003 LP475 NP5-6,MNL003,LP475,NP5-6,MNL003 LP475,City Square,MANILA,3,1,BARANGAY 126,,,14.632726,120.963451,,,,,,,16,2019-11-20,OSP
MNL003 LP475 NP7-8,MNL003,LP475,NP7-8,MNL003 LP475,City Square,MANILA,3,1,BARANGAY 126,,,14.633342,120.963161,,,,,,,16,2019-11-20,OSP
MNL003 LP476 NP1-2,MNL003,LP476,NP1-2,MNL003 LP476,City Square,MANILA,3,1,BARANGAY 126,,,14.632086,120.964097,,,,,,,16,2019-11-20,OSP
MNL003 LP476 NP7-8,MNL003,LP476,NP7-8,MNL003 LP476,City Square,MANILA,3,1,BARANGAY 126,,,14.633476,120.964402,,,,,,,16,2019-11-20,OSP
MNL003 LP477 NP1-2,MNL003,LP477,NP1-2,MNL003 LP477,City Square,MANILA,3,1,BARANGAY 126,,,14.632853,120.964882,,,,,,,16,2019-11-20,OSP
MNL005 LP147 NP7-8,MNL005,LP147,NP7-8,MNL005 LP147,Orchard Building (City Square 2),MANILA,3,1,BARANGAY 126,,,14.631946,120.963795,,,,,,,16,2021-08-30,OSP
MNL045 LP560 NP1-2,MNL045,LP560,NP1-2,MNL045 LP560,Radial Road 10,MANILA,3,1,BARANGAY 126,,,14.633728,120.964772,,,,,,,16,2022-02-14,OSP
MNL045 LP560 NP7-8,MNL045,LP560,NP7-8,MNL045 LP560,Radial Road 10,MANILA,3,1,BARANGAY 126,,,14.634945,120.96394,,,,,,,16,2022-02-14,OSP
MNL045 LP556 NP1-2,MNL045,LP556,NP1-2,MNL045 LP556,Radial Road 10,MANILA,3,1,BARANGAY 126,,,14.632564,120.963872,,,,,,,16,2022-02-14,OSP
MNL045 LP556 NP3-5,MNL045,LP556,NP3-5,MNL045 LP556,Radial Road 10,MANILA,3,1,BARANGAY 126,,,14.633616,120.964313,,,,,,,24,2022-02-14,OSP
MNL045 LP556 NP6-8,MNL045,LP556,NP6-8,MNL045 LP556,Radial Road 10,MANILA,3,1,BARANGAY 126,,,14.632954,120.96361,,,,,,,24,2022-02-14,OSP
MNL045 LP557 NP1-2,MNL045,LP557,NP1-2,MNL045 LP557,Radial Road 10,MANILA,3,1,BARANGAY 126,,,14.633309,120.963452,,,,,,,16,2022-02-14,OSP
MNL045 LP557 NP3-5,MNL045,LP557,NP3-5,MNL045 LP557,Radial Road 10,MANILA,3,1,BARANGAY 126,,,14.63365,120.963401,,,,,,,24,2022-02-14,OSP
MNL045 LP557 NP6-8,MNL045,LP557,NP6-8,MNL045 LP557,Radial Road 10,MANILA,3,1,BARANGAY 126,,,14.633918,120.963647,,,,,,,24,2022-02-14,OSP
MNL045 LP558 NP1-2,MNL045,LP558,NP1-2,MNL045 LP558,Radial Road 10,MANILA,3,1,BARANGAY 126,,,14.632544,120.964648,,,,,,,16,2022-02-14,OSP
MNL045 LP552 NP1-2,MNL045,LP552,NP1-2,MNL045 LP552,Radial Road 10,MANILA,3,1,BARANGAY 126,,,14.632091,120.963708,,,,,,,16,2022-02-14,OSP
MNL045 LP552 NP3-5,MNL045,LP552,NP3-5,MNL045 LP552,Radial Road 10,MANILA,3,1,BARANGAY 126,,,14.63282,120.963373,,,,,,,24,2022-02-14,OSP
MNL045 LP552 NP6-8,MNL045,LP552,NP6-8,MNL045 LP552,Radial Road 10,MANILA,3,1,BARANGAY 126,,,14.633381,120.963122,,,,,,,24,2022-02-14,OSP
MNL045 LP147 NP7-8,MNL045,LP147,NP7-8,MNL045 LP147,Radial Road 10,MANILA,3,1,BARANGAY 126,,,14.631946,120.963795,,,,MTF VELASQUEZ-H. LOPEZ BLVD.,,189 H. LOPEZ BLVD. COR. SIMEON DE JESUS CICTSI-NPT,16,2021-08-31,OSP
MNL003 LP477 NP5-6,MNL003,LP477,NP5-6,MNL003 LP477,City Square,MANILA,3,1,BARANGAY 127,,,14.634248,120.96591,,,,,,,16,2019-11-20,OSP
MNL003 LP477 NP3-4,MNL003,LP477,NP3-4,MNL003 LP477,City Square,MANILA,3,1,BARANGAY 127,,,14.633562,120.965405,,,,,,,16,2019-11-20,OSP
MNL045 LP560 NP3-4,MNL045,LP560,NP3-4,MNL045 LP560,Radial Road 10,MANILA,3,1,BARANGAY 127,,,14.634229,120.965215,,,,,,,16,2022-02-14,OSP
MNL045 LP560 NP5-6,MNL045,LP560,NP5-6,MNL045 LP560,Radial Road 10,MANILA,3,1,BARANGAY 127,,,14.634635,120.965447,,,,,,,16,2022-02-14,OSP
MNL045 LP558 NP3-5,MNL045,LP558,NP3-5,MNL045 LP558,Radial Road 10,MANILA,3,1,BARANGAY 127,,,14.6332,120.965097,,,,,,,24,2022-02-14,OSP
MNL045 LP558 NP6-8,MNL045,LP558,NP6-8,MNL045 LP558,Radial Road 10,MANILA,3,1,BARANGAY 127,,,14.633834,120.965624,,,,,,,24,2022-02-14,OSP
MNL045 LP559 NP3-5,MNL045,LP559,NP3-5,MNL045 LP559,Radial Road 10,MANILA,3,1,BARANGAY 127,,,14.634823,120.966451,,,,,,,24,2022-02-14,OSP
MAL002 LP181 NP1-2,MAL002,LP181,NP1-2,MAL002 LP181,Rivera,MANILA,3,1,BARANGAY 127,,,14.635573,120.964804,,,,,,,16,2019-03-29,OSP
MAL002 LP181 NP3-4,MAL002,LP181,NP3-4,MAL002 LP181,Rivera,MANILA,3,1,BARANGAY 127,,,14.634677,120.965421,,,,,,,16,2019-03-29,OSP
MNL036 LP103 NP3-4,MNL036,LP103,NP3-4,MNL036 LP103,Juan Luna/ Solis,MANILA,3,1,BARANGAY 128,,,14.63009,120.962313,,,,,,,16,2020-08-30,OSP
MNL036 LP103 NP5-6,MNL036,LP103,NP5-6,MNL036 LP103,Juan Luna/ Solis,MANILA,3,1,BARANGAY 128,,,14.630631,120.961245,,,,,,,16,2020-08-30,OSP
MNL036 LP103 NP7-8,MNL036,LP103,NP7-8,MNL036 LP103,Juan Luna/ Solis,MANILA,3,1,BARANGAY 128,,,14.630323,120.960938,,,,,,,16,2020-08-30,OSP
MNL036 LP104 NP1-2,MNL036,LP104,NP1-2,MNL036 LP104,Juan Luna/ Solis,MANILA,3,1,BARANGAY 128,,,14.630802,120.962122,,,,,,,16,2020-08-30,OSP
MNL036 LP104 NP3-4,MNL036,LP104,NP3-4,MNL036 LP104,Juan Luna/ Solis,MANILA,3,1,BARANGAY 128,,,14.63223,120.961565,,,,,,,16,2020-08-30,OSP
MNL036 LP104 NP5-6,MNL036,LP104,NP5-6,MNL036 LP104,Juan Luna/ Solis,MANILA,3,1,BARANGAY 128,,,14.632385,120.961396,,,,,,,16,2020-08-30,OSP
MNL036 LP104 NP7-8,MNL036,LP104,NP7-8,MNL036 LP104,Juan Luna/ Solis,MANILA,3,1,BARANGAY 128,,,14.632355,120.961992,,,,,,,16,2020-08-30,OSP
MNL045 LP550 NP1-2,MNL045,LP550,NP1-2,MNL045 LP550,Radial Road 10,MANILA,3,1,BARANGAY 128,,,14.632359,120.961993,,,,,,,16,2022-01-27,OSP
MNL045 LP550 NP3-5,MNL045,LP550,NP3-5,MNL045 LP550,Radial Road 10,MANILA,3,1,BARANGAY 128,,,14.632361,120.961993,,,,,,,24,2022-01-27,OSP
MNL045 LP550 NP6-8,MNL045,LP550,NP6-8,MNL045 LP550,Radial Road 10,MANILA,3,1,BARANGAY 128,,,14.632362,120.961994,,,,,,,24,2022-01-27,OSP
MNL045 LP544 NP3-5,MNL045,LP544,NP3-5,MNL045 LP544,Radial Road 10,MANILA,3,1,BARANGAY 128,,,14.633312,120.961611,,,,,,,24,2022-01-27,OSP
MNL045 LP544 NP6-8,MNL045,LP544,NP6-8,MNL045 LP544,Radial Road 10,MANILA,3,1,BARANGAY 128,,,14.633315,120.961606,,,,,,,24,2022-01-27,OSP
MNL045 LP545 NP1-2,MNL045,LP545,NP1-2,MNL045 LP545,Radial Road 10,MANILA,3,1,BARANGAY 128,,,14.633387,120.961955,,,,,,,16,2022-01-27,OSP
MNL045 LP545 NP3-5,MNL045,LP545,NP3-5,MNL045 LP545,Radial Road 10,MANILA,3,1,BARANGAY 128,,,14.633388,120.961952,,,,,,,24,2022-01-27,OSP
MNL045 LP545 NP6-8,MNL045,LP545,NP6-8,MNL045 LP545,Radial Road 10,MANILA,3,1,BARANGAY 128,,,14.633388,120.961958,,,,,,,24,2022-01-27,OSP
MNL045 LP546 NP1-2,MNL045,LP546,NP1-2,MNL045 LP546,Radial Road 10,MANILA,3,1,BARANGAY 128,,,14.633179,120.962185,,,,,,,16,2022-01-27,OSP
MNL045 LP546 NP3-5,MNL045,LP546,NP3-5,MNL045 LP546,Radial Road 10,MANILA,3,1,BARANGAY 128,,,14.63317,120.962189,,,,,,,24,2022-01-27,OSP
MNL045 LP546 NP6-8,MNL045,LP546,NP6-8,MNL045 LP546,Radial Road 10,MANILA,3,1,BARANGAY 128,,,14.633168,120.962191,,,,,,,24,2022-01-27,OSP
MNL045 LP547 NP1-2,MNL045,LP547,NP1-2,MNL045 LP547,Radial Road 10,MANILA,3,1,BARANGAY 128,,,14.633024,120.962129,,,,,,,16,2022-01-27,OSP
MNL045 LP547 NP3-5,MNL045,LP547,NP3-5,MNL045 LP547,Radial Road 10,MANILA,3,1,BARANGAY 128,,,14.633032,120.962129,,,,,,,24,2022-01-27,OSP
MNL045 LP547 NP6-8,MNL045,LP547,NP6-8,MNL045 LP547,Radial Road 10,MANILA,3,1,BARANGAY 128,,,14.633044,120.962135,,,,,,,24,2022-01-27,OSP
MNL045 LP548 NP1-2,MNL045,LP548,NP1-2,MNL045 LP548,Radial Road 10,MANILA,3,1,BARANGAY 128,,,14.632743,120.962233,,,,,,,16,2022-01-27,OSP
MNL045 LP548 NP3-5,MNL045,LP548,NP3-5,MNL045 LP548,Radial Road 10,MANILA,3,1,BARANGAY 128,,,14.632744,120.962233,,,,,,,24,2022-01-27,OSP
MNL045 LP548 NP6-8,MNL045,LP548,NP6-8,MNL045 LP548,Radial Road 10,MANILA,3,1,BARANGAY 128,,,14.632749,120.962228,,,,,,,24,2022-01-27,OSP
MNL045 LP549 NP1-2,MNL045,LP549,NP1-2,MNL045 LP549,Radial Road 10,MANILA,3,1,BARANGAY 128,,,14.632521,120.962142,,,,,,,16,2022-01-27,OSP
MNL045 LP549 NP3-5,MNL045,LP549,NP3-5,MNL045 LP549,Radial Road 10,MANILA,3,1,BARANGAY 128,,,14.632518,120.962139,,,,,,,24,2022-01-27,OSP
MNL045 LP549 NP6-8,MNL045,LP549,NP6-8,MNL045 LP549,Radial Road 10,MANILA,3,1,BARANGAY 128,,,14.632517,120.962148,,,,,,,24,2022-01-27,OSP
MNL045 LP539 NP6-8,MNL045,LP539,NP6-8,MNL045 LP539,Radial Road 10,MANILA,3,1,BARANGAY 128,,,14.632545,120.96124,,,,,,,24,2022-01-27,OSP
MNL045 LP540 NP1-2,MNL045,LP540,NP1-2,MNL045 LP540,Radial Road 10,MANILA,3,1,BARANGAY 128,,,14.632712,120.961067,,,,,,,16,2022-01-27,OSP
MNL045 LP540 NP3-5,MNL045,LP540,NP3-5,MNL045 LP540,Radial Road 10,MANILA,3,1,BARANGAY 128,,,14.63271,120.961069,,,,,,,24,2022-01-27,OSP
MNL045 LP540 NP6-8,MNL045,LP540,NP6-8,MNL045 LP540,Radial Road 10,MANILA,3,1,BARANGAY 128,,,14.632712,120.961067,,,,,,,24,2022-01-27,OSP
MNL045 LP541 NP1-2,MNL045,LP541,NP1-2,MNL045 LP541,Radial Road 10,MANILA,3,1,BARANGAY 128,,,14.632859,120.960931,,,,,,,16,2022-01-27,OSP
MNL045 LP541 NP3-5,MNL045,LP541,NP3-5,MNL045 LP541,Radial Road 10,MANILA,3,1,BARANGAY 128,,,14.632863,120.960935,,,,,,,24,2022-01-27,OSP
MNL045 LP541 NP6-8,MNL045,LP541,NP6-8,MNL045 LP541,Radial Road 10,MANILA,3,1,BARANGAY 128,,,14.632859,120.960931,,,,,,,24,2022-01-27,OSP
MNL045 LP542 NP1-2,MNL045,LP542,NP1-2,MNL045 LP542,Radial Road 10,MANILA,3,1,BARANGAY 128,,,14.632997,120.961139,,,,,,,16,2022-01-27,OSP
MNL045 LP542 NP3-5,MNL045,LP542,NP3-5,MNL045 LP542,Radial Road 10,MANILA,3,1,BARANGAY 128,,,14.633,120.96114,,,,,,,24,2022-01-27,OSP
MNL045 LP542 NP6-8,MNL045,LP542,NP6-8,MNL045 LP542,Radial Road 10,MANILA,3,1,BARANGAY 128,,,14.633002,120.961142,,,,,,,24,2022-01-27,OSP
MNL045 LP543 NP1-2,MNL045,LP543,NP1-2,MNL045 LP543,Radial Road 10,MANILA,3,1,BARANGAY 128,,,14.633102,120.961297,,,,,,,16,2022-01-27,OSP
MNL045 LP543 NP3-5,MNL045,LP543,NP3-5,MNL045 LP543,Radial Road 10,MANILA,3,1,BARANGAY 128,,,14.633107,120.961307,,,,,,,24,2022-01-27,OSP
MNL045 LP543 NP6-8,MNL045,LP543,NP6-8,MNL045 LP543,Radial Road 10,MANILA,3,1,BARANGAY 128,,,14.633109,120.961304,,,,,,,24,2022-01-27,OSP
MNL045 LP544 NP1-2,MNL045,LP544,NP1-2,MNL045 LP544,Radial Road 10,MANILA,3,1,BARANGAY 128,,,14.633313,120.961603,,,,,,,16,2022-01-27,OSP
MNL045 LP534 NP1-2,MNL045,LP534,NP1-2,MNL045 LP534,Radial Road 10,MANILA,3,1,BARANGAY 128,,,14.631301,120.961972,,,,,,,16,2022-01-27,OSP
MNL045 LP534 NP3-5,MNL045,LP534,NP3-5,MNL045 LP534,Radial Road 10,MANILA,3,1,BARANGAY 128,,,14.631295,120.961965,,,,,,,24,2022-01-27,OSP
MNL045 LP534 NP6-8,MNL045,LP534,NP6-8,MNL045 LP534,Radial Road 10,MANILA,3,1,BARANGAY 128,,,14.631297,120.961966,,,,,,,24,2022-01-27,OSP
MNL045 LP535 NP1-2,MNL045,LP535,NP1-2,MNL045 LP535,Radial Road 10,MANILA,3,1,BARANGAY 128,,,14.631486,120.961906,,,,,,,16,2022-01-27,OSP
MNL045 LP535 NP3-5,MNL045,LP535,NP3-5,MNL045 LP535,Radial Road 10,MANILA,3,1,BARANGAY 128,,,14.631476,120.961907,,,,,,,24,2022-01-27,OSP
MNL045 LP535 NP6-8,MNL045,LP535,NP6-8,MNL045 LP535,Radial Road 10,MANILA,3,1,BARANGAY 128,,,14.631484,120.961902,,,,,,,24,2022-01-27,OSP
MNL045 LP536 NP1-2,MNL045,LP536,NP1-2,MNL045 LP536,Radial Road 10,MANILA,3,1,BARANGAY 128,,,14.631689,120.961843,,,,,,,16,2022-01-27,OSP
MNL045 LP536 NP3-5,MNL045,LP536,NP3-5,MNL045 LP536,Radial Road 10,MANILA,3,1,BARANGAY 128,,,14.631688,120.961839,,,,,,,24,2022-01-27,OSP
MNL045 LP536 NP6-8,MNL045,LP536,NP6-8,MNL045 LP536,Radial Road 10,MANILA,3,1,BARANGAY 128,,,14.63168,120.96184,,,,,,,24,2022-01-27,OSP
MNL045 LP537 NP1-2,MNL045,LP537,NP1-2,MNL045 LP537,Radial Road 10,MANILA,3,1,BARANGAY 128,,,14.632228,120.96156,,,,,,,16,2022-01-27,OSP
MNL045 LP537 NP3-5,MNL045,LP537,NP3-5,MNL045 LP537,Radial Road 10,MANILA,3,1,BARANGAY 128,,,14.632211,120.961564,,,,,,,24,2022-01-27,OSP
MNL045 LP537 NP6-8,MNL045,LP537,NP6-8,MNL045 LP537,Radial Road 10,MANILA,3,1,BARANGAY 128,,,14.632219,120.961562,,,,,,,24,2022-01-27,OSP
MNL045 LP538 NP1-2,MNL045,LP538,NP1-2,MNL045 LP538,Radial Road 10,MANILA,3,1,BARANGAY 128,,,14.632389,120.961401,,,,,,,16,2022-01-27,OSP
MNL045 LP538 NP3-5,MNL045,LP538,NP3-5,MNL045 LP538,Radial Road 10,MANILA,3,1,BARANGAY 128,,,14.632392,120.961399,,,,,,,24,2022-01-27,OSP
MNL045 LP538 NP6-8,MNL045,LP538,NP6-8,MNL045 LP538,Radial Road 10,MANILA,3,1,BARANGAY 128,,,14.632384,120.961406,,,,,,,24,2022-01-27,OSP
MNL045 LP539 NP1-2,MNL045,LP539,NP1-2,MNL045 LP539,Radial Road 10,MANILA,3,1,BARANGAY 128,,,14.632543,120.96124,,,,,,,16,2022-01-27,OSP
MNL045 LP539 NP3-5,MNL045,LP539,NP3-5,MNL045 LP539,Radial Road 10,MANILA,3,1,BARANGAY 128,,,14.632544,120.96124,,,,,,,24,2022-01-27,OSP
MNL045 LP529 NP3-5,MNL045,LP529,NP3-5,MNL045 LP529,Radial Road 10,MANILA,3,1,BARANGAY 128,,,14.630776,120.961757,,,,,,,24,2022-01-27,OSP
MNL045 LP529 NP6-8,MNL045,LP529,NP6-8,MNL045 LP529,Radial Road 10,MANILA,3,1,BARANGAY 128,,,14.630771,120.961754,,,,,,,24,2022-01-27,OSP
MNL045 LP530 NP1-2,MNL045,LP530,NP1-2,MNL045 LP530,Radial Road 10,MANILA,3,1,BARANGAY 128,,,14.630684,120.961533,,,,,,,16,2022-01-27,OSP
MNL045 LP530 NP3-5,MNL045,LP530,NP3-5,MNL045 LP530,Radial Road 10,MANILA,3,1,BARANGAY 128,,,14.630688,120.961535,,,,,,,24,2022-01-27,OSP
MNL045 LP530 NP6-8,MNL045,LP530,NP6-8,MNL045 LP530,Radial Road 10,MANILA,3,1,BARANGAY 128,,,14.630687,120.961528,,,,,,,24,2022-01-27,OSP
MNL045 LP531 NP1-2,MNL045,LP531,NP1-2,MNL045 LP531,Radial Road 10,MANILA,3,1,BARANGAY 128,,,14.630614,120.961262,,,,,,,16,2022-01-27,OSP
MNL045 LP531 NP3-5,MNL045,LP531,NP3-5,MNL045 LP531,Radial Road 10,MANILA,3,1,BARANGAY 128,,,14.630604,120.96128,,,,,,,24,2022-01-27,OSP
MNL045 LP531 NP6-8,MNL045,LP531,NP6-8,MNL045 LP531,Radial Road 10,MANILA,3,1,BARANGAY 128,,,14.630609,120.961278,,,,,,,24,2022-01-27,OSP
MNL045 LP532 NP1-2,MNL045,LP532,NP1-2,MNL045 LP532,Radial Road 10,MANILA,3,1,BARANGAY 128,,,14.630474,120.960882,,,,,,,16,2022-01-27,OSP
MNL045 LP532 NP3-5,MNL045,LP532,NP3-5,MNL045 LP532,Radial Road 10,MANILA,3,1,BARANGAY 128,,,14.630476,120.960889,,,,,,,24,2022-01-27,OSP
MNL045 LP532 NP6-8,MNL045,LP532,NP6-8,MNL045 LP532,Radial Road 10,MANILA,3,1,BARANGAY 128,,,14.630482,120.960884,,,,,,,24,2022-01-27,OSP
MNL045 LP533 NP1-2,MNL045,LP533,NP1-2,MNL045 LP533,Radial Road 10,MANILA,3,1,BARANGAY 128,,,14.630157,120.960982,,,,,,,16,2022-01-27,OSP
MNL045 LP533 NP3-5,MNL045,LP533,NP3-5,MNL045 LP533,Radial Road 10,MANILA,3,1,BARANGAY 128,,,14.630162,120.960993,,,,,,,24,2022-01-27,OSP
MNL045 LP533 NP6-8,MNL045,LP533,NP6-8,MNL045 LP533,Radial Road 10,MANILA,3,1,BARANGAY 128,,,14.630148,120.960996,,,,,,,24,2022-01-27,OSP
MNL045 LP524 NP1-2,MNL045,LP524,NP1-2,MNL045 LP524,Radial Road 10,MANILA,3,1,BARANGAY 128,,,14.629674,120.962445,,,,,,,16,2022-01-27,OSP
MNL045 LP524 NP3-5,MNL045,LP524,NP3-5,MNL045 LP524,Radial Road 10,MANILA,3,1,BARANGAY 128,,,14.62968,120.962444,,,,,,,24,2022-01-27,OSP
MNL045 LP524 NP6-8,MNL045,LP524,NP6-8,MNL045 LP524,Radial Road 10,MANILA,3,1,BARANGAY 128,,,14.629678,120.962442,,,,,,,24,2022-01-27,OSP
MNL045 LP525 NP1-2,MNL045,LP525,NP1-2,MNL045 LP525,Radial Road 10,MANILA,3,1,BARANGAY 128,,,14.630074,120.962329,,,,,,,16,2022-01-27,OSP
MNL045 LP525 NP3-5,MNL045,LP525,NP3-5,MNL045 LP525,Radial Road 10,MANILA,3,1,BARANGAY 128,,,14.630079,120.962328,,,,,,,24,2022-01-27,OSP
MNL045 LP525 NP6-8,MNL045,LP525,NP6-8,MNL045 LP525,Radial Road 10,MANILA,3,1,BARANGAY 128,,,14.630085,120.962329,,,,,,,24,2022-01-27,OSP
MNL045 LP526 NP1-2,MNL045,LP526,NP1-2,MNL045 LP526,Radial Road 10,MANILA,3,1,BARANGAY 128,,,14.630399,120.962234,,,,,,,16,2022-01-27,OSP
MNL045 LP526 NP3-5,MNL045,LP526,NP3-5,MNL045 LP526,Radial Road 10,MANILA,3,1,BARANGAY 128,,,14.630393,120.962234,,,,,,,24,2022-01-27,OSP
MNL045 LP526 NP6-8,MNL045,LP526,NP6-8,MNL045 LP526,Radial Road 10,MANILA,3,1,BARANGAY 128,,,14.630411,120.96223,,,,,,,24,2022-01-27,OSP
MNL045 LP527 NP1-2,MNL045,LP527,NP1-2,MNL045 LP527,Radial Road 10,MANILA,3,1,BARANGAY 128,,,14.630646,120.96216,,,,,,,16,2022-01-27,OSP
MNL045 LP527 NP3-5,MNL045,LP527,NP3-5,MNL045 LP527,Radial Road 10,MANILA,3,1,BARANGAY 128,,,14.630647,120.962167,,,,,,,24,2022-01-27,OSP
MNL045 LP527 NP6-8,MNL045,LP527,NP6-8,MNL045 LP527,Radial Road 10,MANILA,3,1,BARANGAY 128,,,14.630652,120.962163,,,,,,,24,2022-01-27,OSP
MNL045 LP528 NP1-2,MNL045,LP528,NP1-2,MNL045 LP528,Radial Road 10,MANILA,3,1,BARANGAY 128,,,14.630905,120.962089,,,,,,,16,2022-01-27,OSP
MNL045 LP528 NP3-5,MNL045,LP528,NP3-5,MNL045 LP528,Radial Road 10,MANILA,3,1,BARANGAY 128,,,14.630893,120.962084,,,,,,,24,2022-01-27,OSP
MNL045 LP528 NP6-8,MNL045,LP528,NP6-8,MNL045 LP528,Radial Road 10,MANILA,3,1,BARANGAY 128,,,14.630898,120.962088,,,,,,,24,2022-01-27,OSP
MNL045 LP529 NP1-2,MNL045,LP529,NP1-2,MNL045 LP529,Radial Road 10,MANILA,3,1,BARANGAY 128,,,14.630774,120.961752,,,,,,,16,2022-01-27,OSP
MNL003 LP80 NP5-6,MNL003,LP80,NP5-6,MNL003 LP80,City Square,MANILA,3,1,BARANGAY 129,,,14.62981405,120.9645586,,,,,,,16,2018-11-11,OSP
MNL003 LP80 NP7-8,MNL003,LP80,NP7-8,MNL003 LP80,City Square,MANILA,3,1,BARANGAY 129,,,14.62989846,120.9647472,,,,,,,16,2018-11-11,OSP
MNL003 LP475 NP1-2,MNL003,LP475,NP1-2,MNL003 LP475,City Square,MANILA,3,1,BARANGAY 129,,,14.630615,120.964422,,,,,,,16,2019-11-20,OSP
MNL036 LP103 NP1-2,MNL036,LP103,NP1-2,MNL036 LP103,Juan Luna/ Solis,MANILA,3,1,BARANGAY 129,,,14.629482,120.962556,,,,,,,16,2020-08-30,OSP
MNL005 LP146 NP7-8,MNL005,LP146,NP7-8,MNL005 LP146,Orchard Building (City Square 2),MANILA,3,1,BARANGAY 129,,,14.629904,120.964735,,,,,,,16,2021-08-30,OSP
MNL005 LP147 NP3-4,MNL005,LP147,NP3-4,MNL005 LP147,Orchard Building (City Square 2),MANILA,3,1,BARANGAY 129,,,14.630604,120.964397,,,,,,,16,2021-08-30,OSP
MNL005 LP147 NP5-6,MNL005,LP147,NP5-6,MNL005 LP147,Orchard Building (City Square 2),MANILA,3,1,BARANGAY 129,,,14.630966,120.964236,,,,,,,16,2021-08-30,OSP
MNL045 LP140 NP1-2,MNL045,LP140,NP1-2,MNL045 LP140,Radial Road 10,MANILA,3,1,BARANGAY 129,,,14.629484,120.962554,,,,,,,16,2021-08-30,OSP
MNL045 LP140 NP3-5,MNL045,LP140,NP3-5,MNL045 LP140,Radial Road 10,MANILA,3,1,BARANGAY 129,,,14.629306,120.96226,,,,,,,24,2021-08-30,OSP
MNL045 LP140 NP6-8,MNL045,LP140,NP6-8,MNL045 LP140,Radial Road 10,MANILA,3,1,BARANGAY 129,,,14.629212,120.961962,,,,,,,24,2021-08-30,OSP
MNL045 LP139 NP3-5,MNL045,LP139,NP3-5,MNL045 LP139,Radial Road 10,MANILA,3,1,BARANGAY 129,,,14.629224,120.963131,,,,,,,24,2021-08-30,OSP
MNL045 LP139 NP6-8,MNL045,LP139,NP6-8,MNL045 LP139,Radial Road 10,MANILA,3,1,BARANGAY 129,,,14.62911,120.962807,,,,,,,24,2021-08-30,OSP
MNL045 LP551 NP1-2,MNL045,LP551,NP1-2,MNL045 LP551,Radial Road 10,MANILA,3,1,BARANGAY 129,,,14.629883,120.964712,,,,,,,16,2022-02-14,OSP
MNL045 LP551 NP3-5,MNL045,LP551,NP3-5,MNL045 LP551,Radial Road 10,MANILA,3,1,BARANGAY 129,,,14.630577,120.964393,,,,,,,24,2022-02-14,OSP
MNL045 LP551 NP6-8,MNL045,LP551,NP6-8,MNL045 LP551,Radial Road 10,MANILA,3,1,BARANGAY 129,,,14.630971,120.964216,,,,,,,24,2022-02-14,OSP
MNL045 LP116 NP1-2,MNL045,LP116,NP1-2,MNL045 LP116,Radial Road 10,MANILA,3,1,BARANGAY 129,,,14.630028,120.965014,,,,"BRGY. 129, 130, 132 - 134, 139 POI 1 & 2 EXPANSION",,INFRONT OF SAVE 5 SELF SERVICE LAUNDROMAT RODRIGUEZ ST. - MECO K3-2456,16,2021-08-31,OSP
MNL045 LP146 NP7-8,MNL045,LP146,NP7-8,MNL045 LP146,Radial Road 10,MANILA,3,1,BARANGAY 129,,,14.629904,120.964735,,,,MTF VELASQUEZ-H. LOPEZ BLVD.,,H. LOPEZ BLVD. COR. GUIDOTE ST. CICTSI-NPT,16,2021-08-31,OSP
MNL045 LP147 NP1-2,MNL045,LP147,NP1-2,MNL045 LP147,Radial Road 10,MANILA,3,1,BARANGAY 129,,,14.630222,120.964571,,,,MTF VELASQUEZ-H. LOPEZ BLVD.,,248 H. LOPEZ BLVD. MECO NPT,16,2021-08-31,OSP
MNL045 LP147 NP3-4,MNL045,LP147,NP3-4,MNL045 LP147,Radial Road 10,MANILA,3,1,BARANGAY 129,,,14.630604,120.964397,,,,MTF VELASQUEZ-H. LOPEZ BLVD.,,239 H. LOPEZ BLVD. MECO NPT,16,2021-08-31,OSP
MNL045 LP147 NP5-6,MNL045,LP147,NP5-6,MNL045 LP147,Radial Road 10,MANILA,3,1,BARANGAY 129,,,14.630966,120.964236,,,,MTF VELASQUEZ-H. LOPEZ BLVD.,,H. LOPEZ BLVD. INFRONT OF JUN CAR AIRCON MECO K3-443,16,2021-08-31,OSP
MNL045 LP132 NP7-8,MNL045,LP132,NP7-8,MNL045 LP132,Radial Road 10,MANILA,3,1,BARANGAY 129,,,14.629738,120.964321,,,,,,,,2025-03-20,OSP
MNL003 LP408 NP3-4,MNL003,LP408,NP3-4,MNL003 LP408,City Square,MANILA,3,1,BARANGAY 13,,,14.603005,120.965398,,,,,,,16,2019-10-28,OSP
MNL003 LP406 NP1-2,MNL003,LP406,NP1-2,MNL003 LP406,City Square,MANILA,3,1,BARANGAY 13,,,14.603537,120.966253,,,,,,,16,2019-10-28,OSP
MNL003 LP406 NP7-8,MNL003,LP406,NP7-8,MNL003 LP406,City Square,MANILA,3,1,BARANGAY 13,,,14.602987,120.966352,,,,,,,16,2019-10-28,OSP
MNL003 LP407 NP1-2,MNL003,LP407,NP1-2,MNL003 LP407,City Square,MANILA,3,1,BARANGAY 13,,,14.602533,120.96614,,,,,,,16,2019-10-28,OSP
MNL005 LP335 NP6-8,MNL005,LP335,NP6-8,MNL005 LP335,Orchard Building (City Square 2),MANILA,3,1,BARANGAY 13,,,14.602899,120.965428,,,,,,,24,2021-10-21,OSP
MNL005 LP336 NP1-2,MNL005,LP336,NP1-2,MNL005 LP336,Orchard Building (City Square 2),MANILA,3,1,BARANGAY 13,,,14.603034,120.965399,,,,,,,16,2021-10-21,OSP
MNL005 LP331 NP1-2,MNL005,LP331,NP1-2,MNL005 LP331,Orchard Building (City Square 2),MANILA,3,1,BARANGAY 13,,,14.6033,120.966309,,,,,,,16,2021-10-21,OSP
MNL005 LP331 NP3-5,MNL005,LP331,NP3-5,MNL005 LP331,Orchard Building (City Square 2),MANILA,3,1,BARANGAY 13,,,14.603132,120.966329,,,,,,,24,2021-10-21,OSP
MNL005 LP331 NP6-8,MNL005,LP331,NP6-8,MNL005 LP331,Orchard Building (City Square 2),MANILA,3,1,BARANGAY 13,,,14.603135,120.966326,,,,,,,24,2021-10-21,OSP
MNL005 LP333 NP1-2,MNL005,LP333,NP1-2,MNL005 LP333,Orchard Building (City Square 2),MANILA,3,1,BARANGAY 13,,,14.602568,120.966164,,,,,,,16,2021-10-21,OSP
MNL003 LP78 NP5-6,MNL003,LP78,NP5-6,MNL003 LP78,City Square,MANILA,3,1,BARANGAY 130,,,14.62867411,120.9644623,,,,,,,16,2018-11-11,OSP
MNL003 LP79 NP1-2,MNL003,LP79,NP1-2,MNL003 LP79,City Square,MANILA,3,1,BARANGAY 130,,,14.62852068,120.9641026,,,,,,,16,2018-11-11,OSP
MNL003 LP79 NP3-4,MNL003,LP79,NP3-4,MNL003 LP79,City Square,MANILA,3,1,BARANGAY 130,,,14.62838855,120.9637722,,,,,,,16,2018-11-11,OSP
MNL003 LP79 NP5-6,MNL003,LP79,NP5-6,MNL003 LP79,City Square,MANILA,3,1,BARANGAY 130,,,14.62882434,120.9635799,,,,,,,16,2018-11-11,OSP
MNL003 LP79 NP7-8,MNL003,LP79,NP7-8,MNL003 LP79,City Square,MANILA,3,1,BARANGAY 130,,,14.62928583,120.9633724,,,,,,,16,2018-11-11,OSP
MNL003 LP80 NP1-2,MNL003,LP80,NP1-2,MNL003 LP80,City Square,MANILA,3,1,BARANGAY 130,,,14.62943828,120.9637021,,,,,,,16,2018-11-11,OSP
MNL003 LP80 NP3-4,MNL003,LP80,NP3-4,MNL003 LP80,City Square,MANILA,3,1,BARANGAY 130,,,14.62958235,120.9640331,,,,,,,16,2018-11-11,OSP
MNL045 LP138 NP3-4,MNL045,LP138,NP3-4,MNL045 LP138,Radial Road 10,MANILA,3,1,BARANGAY 130,,,14.628495,120.963732,,,,,,,16,2021-08-30,OSP
MNL045 LP138 NP5-6,MNL045,LP138,NP5-6,MNL045 LP138,Radial Road 10,MANILA,3,1,BARANGAY 130,,,14.628693,120.96364,,,,,,,16,2021-08-30,OSP
MNL045 LP138 NP7-8,MNL045,LP138,NP7-8,MNL045 LP138,Radial Road 10,MANILA,3,1,BARANGAY 130,,,14.629049,120.963484,,,,,,,16,2021-08-30,OSP
MNL045 LP139 NP1-2,MNL045,LP139,NP1-2,MNL045 LP139,Radial Road 10,MANILA,3,1,BARANGAY 130,,,14.629308,120.963356,,,,,,,16,2021-08-30,OSP
MNL045 LP131 NP5-6,MNL045,LP131,NP5-6,MNL045 LP131,Radial Road 10,MANILA,3,1,BARANGAY 130,,,14.628685,120.964442,,,,,,,16,2021-08-30,OSP
MNL045 LP131 NP7-8,MNL045,LP131,NP7-8,MNL045 LP131,Radial Road 10,MANILA,3,1,BARANGAY 130,,,14.628809,120.964737,,,,,,,16,2021-08-30,OSP
MNL045 LP132 NP1-2,MNL045,LP132,NP1-2,MNL045 LP132,Radial Road 10,MANILA,3,1,BARANGAY 130,,,14.628893,120.96435,,,,,,,16,2021-08-30,OSP
MNL045 LP132 NP3-4,MNL045,LP132,NP3-4,MNL045 LP132,Radial Road 10,MANILA,3,1,BARANGAY 130,,,14.629209,120.964212,,,,,,,16,2021-08-30,OSP
MNL045 LP132 NP5-6,MNL045,LP132,NP5-6,MNL045 LP132,Radial Road 10,MANILA,3,1,BARANGAY 130,,,14.62961,120.964024,,,,,,,16,2021-08-30,OSP
MNL045 LP133 NP1-2,MNL045,LP133,NP1-2,MNL045 LP133,Radial Road 10,MANILA,3,1,BARANGAY 130,,,14.629458,120.963689,,,,,,,16,2021-08-30,OSP
MNL045 LP133 NP3-4,MNL045,LP133,NP3-4,MNL045 LP133,Radial Road 10,MANILA,3,1,BARANGAY 130,,,14.62924,120.963783,,,,,,,16,2021-08-30,OSP
MNL045 LP133 NP5-6,MNL045,LP133,NP5-6,MNL045 LP133,Radial Road 10,MANILA,3,1,BARANGAY 130,,,14.62912,120.963912,,,,,,,16,2021-08-30,OSP
MNL045 LP133 NP7-8,MNL045,LP133,NP7-8,MNL045 LP133,Radial Road 10,MANILA,3,1,BARANGAY 130,,,14.62886,120.964026,,,,,,,16,2021-08-30,OSP
MNL045 LP134 NP1-2,MNL045,LP134,NP1-2,MNL045 LP134,Radial Road 10,MANILA,3,1,BARANGAY 130,,,14.628532,120.964109,,,,,,,16,2021-08-30,OSP
MNL045 LP521 NP6-8,MNL045,LP521,NP6-8,MNL045 LP521,Radial Road 10,MANILA,3,1,BARANGAY 130,,,14.628916,120.964988,,,,,,,24,2023-05-22,OSP
MNL003 LP453 NP7-8,MNL003,LP453,NP7-8,MNL003 LP453,City Square,MANILA,3,1,BARANGAY 131,,,14.631483,120.965762,,,,,,,16,2019-11-20,OSP
MNL003 LP454 NP5-6,MNL003,LP454,NP5-6,MNL003 LP454,City Square,MANILA,3,1,BARANGAY 131,,,14.631101,120.966292,,,,,,,16,2019-11-20,OSP
MNL003 LP455 NP1-2,MNL003,LP455,NP1-2,MNL003 LP455,City Square,MANILA,3,1,BARANGAY 131,,,14.631603,120.966051,,,,,,,16,2019-11-20,OSP
MNL003 LP453 NP5-6,MNL003,LP453,NP5-6,MNL003 LP453,City Square,MANILA,3,1,BARANGAY 131,,,14.6308,120.965685,,,,,,,16,2019-11-20,OSP
MNL003 LP87 NP3-4,MNL003,LP87,NP3-4,MNL003 LP87,City Square,MANILA,3,1,BARANGAY 131,,,14.63160316,120.9660503,,,,,,,16,2018-11-11,OSP
MNL003 LP87 NP5-6,MNL003,LP87,NP5-6,MNL003 LP87,City Square,MANILA,3,1,BARANGAY 131,,,14.63146818,120.9657519,,,,,,,16,2018-11-11,OSP
MNL003 LP87 NP7-8,MNL003,LP87,NP7-8,MNL003 LP87,City Square,MANILA,3,1,BARANGAY 131,,,14.63133343,120.965439,,,,,,,16,2018-11-11,OSP
MNL005 LP116 NP3-4,MNL005,LP116,NP3-4,MNL005 LP116,Orchard Building (City Square 2),MANILA,3,1,BARANGAY 131,,,14.630386,120.965153,,,,,,,16,2021-08-30,OSP
MNL005 LP116 NP5-6,MNL005,LP116,NP5-6,MNL005 LP116,Orchard Building (City Square 2),MANILA,3,1,BARANGAY 131,,,14.630716,120.965014,,,,,,,16,2021-08-30,OSP
MNL005 LP116 NP7-8,MNL005,LP116,NP7-8,MNL005 LP116,Orchard Building (City Square 2),MANILA,3,1,BARANGAY 131,,,14.631072,120.964833,,,,,,,16,2021-08-30,OSP
MNL045 LP124 NP7-8,MNL045,LP124,NP7-8,MNL045 LP124,Radial Road 10,MANILA,3,1,BARANGAY 131,,,14.63054,120.966175,,,,,,,16,2021-08-30,OSP
MNL045 LP125 NP1-2,MNL045,LP125,NP1-2,MNL045 LP125,Radial Road 10,MANILA,3,1,BARANGAY 131,,,14.630669,120.966472,,,,,,,16,2021-08-30,OSP
MNL045 LP561 NP1-2,MNL045,LP561,NP1-2,MNL045 LP561,Radial Road 10,MANILA,3,1,BARANGAY 131,,,14.631338,120.965446,,,,,,,16,2022-02-14,OSP
MNL045 LP561 NP3-5,MNL045,LP561,NP3-5,MNL045 LP561,Radial Road 10,MANILA,3,1,BARANGAY 131,,,14.631472,120.965744,,,,,,,24,2022-02-14,OSP
MNL045 LP561 NP6-8,MNL045,LP561,NP6-8,MNL045 LP561,Radial Road 10,MANILA,3,1,BARANGAY 131,,,14.631475,120.965758,,,,,,,24,2022-02-14,OSP
MNL045 LP562 NP1-2,MNL045,LP562,NP1-2,MNL045 LP562,Radial Road 10,MANILA,3,1,BARANGAY 131,,,14.631599,120.966047,,,,,,,16,2022-02-14,OSP
MNL045 LP562 NP3-5,MNL045,LP562,NP3-5,MNL045 LP562,Radial Road 10,MANILA,3,1,BARANGAY 131,,,14.63161,120.966058,,,,,,,24,2022-02-14,OSP
MNL045 LP116 NP3-4,MNL045,LP116,NP3-4,MNL045 LP116,Radial Road 10,MANILA,3,1,BARANGAY 131,,,14.630386,120.965153,,,,"BRGY. 129, 130, 132 - 134, 139 POI 1 & 2 EXPANSION",,INFRONT OF HOUSE NO. 225 GUIDOTE ST. - MECO K3-0379,16,2021-08-31,OSP
MNL045 LP116 NP5-6,MNL045,LP116,NP5-6,MNL045 LP116,Radial Road 10,MANILA,3,1,BARANGAY 131,,,14.630716,120.965014,,,,"BRGY. 129, 130, 132 - 134, 139 POI 1 & 2 EXPANSION",,BESIDE HOUSE NO. 218A GUIDOTE ST. - MECO K3-0443,16,2021-08-31,OSP
MNL045 LP116 NP7-8,MNL045,LP116,NP7-8,MNL045 LP116,Radial Road 10,MANILA,3,1,BARANGAY 131,,,14.631072,120.964833,,,,"BRGY. 129, 130, 132 - 134, 139 POI 1 & 2 EXPANSION",,GUIDOTE ST. CORNER PINOY ST. - MECO NPT,16,2021-08-31,OSP
MNL045 LP121 NP1-2,MNL045,LP121,NP1-2,MNL045 LP121,Radial Road 10,MANILA,3,1,BARANGAY 131,,,14.630279,120.965582,,,,"BRGY. 129, 130, 132 - 134, 139 POI 1 & 2 EXPANSION",,SALONGA ST. CORNER RODRIGUEZ ST. - CICTSI NPT,16,2021-08-31,OSP
MNL045 LP121 NP3-4,MNL045,LP121,NP3-4,MNL045 LP121,Radial Road 10,MANILA,3,1,BARANGAY 131,,,14.630401,120.965862,,,,"BRGY. 129, 130, 132 - 134, 139 POI 1 & 2 EXPANSION",,BELTRAN ST. CORNER RODRIGUEZ ST. - CICTSI NPT,16,2021-08-31,OSP
MNL003 LP454 NP1-2,MNL003,LP454,NP1-2,MNL003 LP454,City Square,MANILA,3,1,BARANGAY 132,,,14.629692,120.966598,,,,,,,16,2019-11-20,OSP
MNL003 LP77 NP3-4,MNL003,LP77,NP3-4,MNL003 LP77,City Square,MANILA,3,1,BARANGAY 132,,,14.62827348,120.966103,,,,,,,16,2018-11-11,OSP
MNL003 LP77 NP7-8,MNL003,LP77,NP7-8,MNL003 LP77,City Square,MANILA,3,1,BARANGAY 132,,,14.62868673,120.9670809,,,,,,,16,2018-11-11,OSP
MNL003 LP453 NP1-2,MNL003,LP453,NP1-2,MNL003 LP453,City Square,MANILA,3,1,BARANGAY 132,,,14.629438,120.966317,,,,,,,16,2019-11-20,OSP
MNL003 LP453 NP3-4,MNL003,LP453,NP3-4,MNL003 LP453,City Square,MANILA,3,1,BARANGAY 132,,,14.630076,120.966039,,,,,,,16,2019-11-20,OSP
MNL003 LP81 NP7-8,MNL003,LP81,NP7-8,MNL003 LP81,City Square,MANILA,3,1,BARANGAY 132,,,14.63038419,120.9658775,,,,,,,16,2018-11-11,OSP
MNL003 LP82 NP1-2,MNL003,LP82,NP1-2,MNL003 LP82,City Square,MANILA,3,1,BARANGAY 132,,,14.63052567,120.9661803,,,,,,,16,2018-11-11,OSP
MNL003 LP82 NP3-4,MNL003,LP82,NP3-4,MNL003 LP82,City Square,MANILA,3,1,BARANGAY 132,,,14.63065914,120.9664813,,,,,,,16,2018-11-11,OSP
MNL003 LP83 NP5-6,MNL003,LP83,NP5-6,MNL003 LP83,City Square,MANILA,3,1,BARANGAY 132,,,14.62961207,120.9666648,,,,,,,16,2018-11-11,OSP
MNL005 LP122 NP3-4,MNL005,LP122,NP3-4,MNL005 LP122,Orchard Building (City Square 2),MANILA,3,1,BARANGAY 132,,,14.629168,120.966526,,,,,,,16,2021-08-30,OSP
MNL005 LP122 NP5-6,MNL005,LP122,NP5-6,MNL005 LP122,Orchard Building (City Square 2),MANILA,3,1,BARANGAY 132,,,14.628927,120.96663,,,,,,,16,2021-08-30,OSP
MNL005 LP122 NP7-8,MNL005,LP122,NP7-8,MNL005 LP122,Orchard Building (City Square 2),MANILA,3,1,BARANGAY 132,,,14.628376,120.966787,,,,,,,16,2021-08-30,OSP
MNL005 LP119 NP3-4,MNL005,LP119,NP3-4,MNL005 LP119,Orchard Building (City Square 2),MANILA,3,1,BARANGAY 132,,,14.627914,120.966263,,,,,,,16,2021-08-30,OSP
MNL005 LP119 NP5-6,MNL005,LP119,NP5-6,MNL005 LP119,Orchard Building (City Square 2),MANILA,3,1,BARANGAY 132,,,14.627576,120.966415,,,,,,,16,2021-08-30,OSP
MNL005 LP119 NP7-8,MNL005,LP119,NP7-8,MNL005 LP119,Orchard Building (City Square 2),MANILA,3,1,BARANGAY 132,,,14.627297,120.966351,,,,,,,16,2021-08-30,OSP
MNL005 LP145 NP3-4,MNL005,LP145,NP3-4,MNL005 LP145,Orchard Building (City Square 2),MANILA,3,1,BARANGAY 132,,,14.627126,120.965997,,,,,,,16,2021-08-30,OSP
MNL005 LP145 NP5-6,MNL005,LP145,NP5-6,MNL005 LP145,Orchard Building (City Square 2),MANILA,3,1,BARANGAY 132,,,14.627454,120.965854,,,,,,,16,2021-08-30,OSP
MNL045 LP123 NP3-5,MNL045,LP123,NP3-5,MNL045 LP123,Radial Road 10,MANILA,3,1,BARANGAY 132,,,14.62871,120.967089,,,,,,,24,2021-08-30,OSP
MNL045 LP123 NP6-8,MNL045,LP123,NP6-8,MNL045 LP123,Radial Road 10,MANILA,3,1,BARANGAY 132,,,14.629041,120.966911,,,,,,,24,2021-08-30,OSP
MNL045 LP124 NP1-2,MNL045,LP124,NP1-2,MNL045 LP124,Radial Road 10,MANILA,3,1,BARANGAY 132,,,14.629635,120.966654,,,,,,,16,2021-08-30,OSP
MNL045 LP124 NP3-4,MNL045,LP124,NP3-4,MNL045 LP124,Radial Road 10,MANILA,3,1,BARANGAY 132,,,14.629888,120.966534,,,,,,,16,2021-08-30,OSP
MNL045 LP124 NP5-6,MNL045,LP124,NP5-6,MNL045 LP124,Radial Road 10,MANILA,3,1,BARANGAY 132,,,14.630278,120.966314,,,,,,,16,2021-08-30,OSP
MNL045 LP121 NP5-6,MNL045,LP121,NP5-6,MNL045 LP121,Radial Road 10,MANILA,3,1,BARANGAY 132,,,14.630167,120.966059,,,,"BRGY. 129, 130, 132 - 134, 139 POI 1 & 2 EXPANSION",,BESIDE HOUSE NO. 265 BELTRAN ST. - MECO NPT,16,2021-08-31,OSP
MNL045 LP121 NP7-8,MNL045,LP121,NP7-8,MNL045 LP121,Radial Road 10,MANILA,3,1,BARANGAY 132,,,14.629845,120.966215,,,,"BRGY. 129, 130, 132 - 134, 139 POI 1 & 2 EXPANSION",,BESIDE HOUSE NO. 285 BELTRAN ST. - MECO K3-0359,16,2021-08-31,OSP
MNL045 LP122 NP1-2,MNL045,LP122,NP1-2,MNL045 LP122,Radial Road 10,MANILA,3,1,BARANGAY 132,,,14.629512,120.966387,,,,"BRGY. 129, 130, 132 - 134, 139 POI 1 & 2 EXPANSION",,BELTRAN ST. CORNER BUENDIA ST. - CICTSI NPT,16,2021-08-31,OSP
MNL045 LP122 NP3-4,MNL045,LP122,NP3-4,MNL045 LP122,Radial Road 10,MANILA,3,1,BARANGAY 132,,,14.629168,120.966526,,,,"BRGY. 129, 130, 132 - 134, 139 POI 1 & 2 EXPANSION",,BESIDE HOUSE NO. 315 BELTRAN ST. - MECO NPT,16,2021-08-31,OSP
MNL045 LP122 NP5-6,MNL045,LP122,NP5-6,MNL045 LP122,Radial Road 10,MANILA,3,1,BARANGAY 132,,,14.628927,120.96663,,,,"BRGY. 129, 130, 132 - 134, 139 POI 1 & 2 EXPANSION",,INFRONT OF HOUSE NO. 341 BELTRAN ST. - MECO NPT,16,2021-08-31,OSP
MNL045 LP122 NP7-8,MNL045,LP122,NP7-8,MNL045 LP122,Radial Road 10,MANILA,3,1,BARANGAY 132,,,14.628376,120.966787,,,,"BRGY. 129, 130, 132 - 134, 139 POI 1 & 2 EXPANSION",,BESIDE HOUSE NO. 372 BELTRAN ST. - MECO K3-0534,16,2021-08-31,OSP
MNL045 LP145 NP3-4,MNL045,LP145,NP3-4,MNL045 LP145,Radial Road 10,MANILA,3,1,BARANGAY 132,,,14.627126,120.965997,,,,MTF VELASQUEZ-H. LOPEZ BLVD.,,H. LOPEZ BLVD. CICTSI-NPT,16,2021-08-31,OSP
MNL045 LP145 NP5-6,MNL045,LP145,NP5-6,MNL045 LP145,Radial Road 10,MANILA,3,1,BARANGAY 132,,,14.627454,120.965854,,,,MTF VELASQUEZ-H. LOPEZ BLVD.,,349 H. LOPEZ BLVD. NEAR STONE JADE TRADING MECO NPT,16,2021-08-31,OSP
MNL045 LP119 NP1-2,MNL045,LP119,NP1-2,MNL045 LP119,Radial Road 10,MANILA,3,1,BARANGAY 132,,,14.628268,120.966108,,,,"BRGY. 129, 130, 132 - 134, 139 POI 1 & 2 EXPANSION",,GAMBAN ST. CORNER GUIDOTE ST. - CICTSI NPT,16,2021-08-31,OSP
MNL045 LP119 NP3-4,MNL045,LP119,NP3-4,MNL045 LP119,Radial Road 10,MANILA,3,1,BARANGAY 132,,,14.627914,120.966263,,,,"BRGY. 129, 130, 132 - 134, 139 POI 1 & 2 EXPANSION",,BESIDE HOUSE NO. 358 GUIDOTE ST. - CICTSI NPT,16,2021-08-31,OSP
MNL045 LP119 NP5-6,MNL045,LP119,NP5-6,MNL045 LP119,Radial Road 10,MANILA,3,1,BARANGAY 132,,,14.627576,120.966415,,,,"BRGY. 129, 130, 132 - 134, 139 POI 1 & 2 EXPANSION",,BESIDE HOUSE NO. 382 GUIDOTE ST. - CICTSI NPT,16,2021-08-31,OSP
MNL045 LP119 NP7-8,MNL045,LP119,NP7-8,MNL045 LP119,Radial Road 10,MANILA,3,1,BARANGAY 132,,,14.627297,120.966351,,,,"BRGY. 129, 130, 132 - 134, 139 POI 1 & 2 EXPANSION",,BESIDE RIL TRANSPORT SERVICES INC. GUIDOTE ST. - CICTSI NPT,16,2021-08-31,OSP
MNL003 LP77 NP1-2,MNL003,LP77,NP1-2,MNL003 LP77,City Square,MANILA,3,1,BARANGAY 133,,,14.62702183,120.9658263,,,,,,,16,2018-11-11,OSP
MNL003 LP78 NP1-2,MNL003,LP78,NP1-2,MNL003 LP78,City Square,MANILA,3,1,BARANGAY 133,,,14.62689967,120.9652544,,,,,,,16,2018-11-11,OSP
MNL003 LP78 NP3-4,MNL003,LP78,NP3-4,MNL003 LP78,City Square,MANILA,3,1,BARANGAY 133,,,14.62772819,120.9648821,,,,,,,16,2018-11-11,OSP
MNL003 LP78 NP7-8,MNL003,LP78,NP7-8,MNL003 LP78,City Square,MANILA,3,1,BARANGAY 133,,,14.627643,120.964557,,,,,,,16,2020-08-07,OSP
MNL045 LP135 NP3-5,MNL045,LP135,NP3-5,MNL045 LP135,Radial Road 10,MANILA,3,1,BARANGAY 133,,,14.627096,120.964833,,,,,,,24,2021-08-30,OSP
MNL045 LP135 NP6-8,MNL045,LP135,NP6-8,MNL045 LP135,Radial Road 10,MANILA,3,1,BARANGAY 133,,,14.626675,120.964964,,,,,,,24,2021-08-30,OSP
MNL045 LP136 NP1-2,MNL045,LP136,NP1-2,MNL045 LP136,Radial Road 10,MANILA,3,1,BARANGAY 133,,,14.627187,120.964393,,,,,,,16,2021-08-30,OSP
MNL045 LP136 NP3-5,MNL045,LP136,NP3-5,MNL045 LP136,Radial Road 10,MANILA,3,1,BARANGAY 133,,,14.62695,120.964511,,,,,,,24,2021-08-30,OSP
MNL045 LP136 NP6-8,MNL045,LP136,NP6-8,MNL045 LP136,Radial Road 10,MANILA,3,1,BARANGAY 133,,,14.626668,120.964641,,,,,,,24,2021-08-30,OSP
MNL045 LP137 NP1-2,MNL045,LP137,NP1-2,MNL045 LP137,Radial Road 10,MANILA,3,1,BARANGAY 133,,,14.627574,120.964217,,,,,,,16,2021-08-30,OSP
MNL045 LP137 NP3-5,MNL045,LP137,NP3-5,MNL045 LP137,Radial Road 10,MANILA,3,1,BARANGAY 133,,,14.627941,120.964054,,,,,,,24,2021-08-30,OSP
MNL045 LP137 NP6-8,MNL045,LP137,NP6-8,MNL045 LP137,Radial Road 10,MANILA,3,1,BARANGAY 133,,,14.62809,120.963907,,,,,,,24,2021-08-30,OSP
MNL045 LP138 NP1-2,MNL045,LP138,NP1-2,MNL045 LP138,Radial Road 10,MANILA,3,1,BARANGAY 133,,,14.628355,120.963792,,,,,,,16,2021-08-30,OSP
MNL045 LP130 NP7-8,MNL045,LP130,NP7-8,MNL045 LP130,Radial Road 10,MANILA,3,1,BARANGAY 133,,,14.627879,120.965169,,,,,,,16,2021-08-30,OSP
MNL045 LP131 NP1-2,MNL045,LP131,NP1-2,MNL045 LP131,Radial Road 10,MANILA,3,1,BARANGAY 133,,,14.628047,120.964731,,,,,,,16,2021-08-30,OSP
MNL045 LP131 NP3-4,MNL045,LP131,NP3-4,MNL045 LP131,Radial Road 10,MANILA,3,1,BARANGAY 133,,,14.628377,120.964581,,,,,,,16,2021-08-30,OSP
MNL045 LP134 NP3-5,MNL045,LP134,NP3-5,MNL045 LP134,Radial Road 10,MANILA,3,1,BARANGAY 133,,,14.628009,120.964415,,,,,,,24,2021-08-30,OSP
MNL045 LP134 NP6-8,MNL045,LP134,NP6-8,MNL045 LP134,Radial Road 10,MANILA,3,1,BARANGAY 133,,,14.627723,120.964551,,,,,,,24,2021-08-30,OSP
MNL045 LP135 NP1-2,MNL045,LP135,NP1-2,MNL045 LP135,Radial Road 10,MANILA,3,1,BARANGAY 133,,,14.627358,120.964714,,,,,,,16,2021-08-30,OSP
MNL045 LP130 NP1-2,MNL045,LP130,NP1-2,MNL045 LP130,Radial Road 10,MANILA,3,1,BARANGAY 133,,,14.626913,120.965251,,,,,,,16,2021-08-30,OSP
MNL045 LP130 NP3-4,MNL045,LP130,NP3-4,MNL045 LP130,Radial Road 10,MANILA,3,1,BARANGAY 133,,,14.627444,120.965005,,,,,,,16,2021-08-30,OSP
MNL045 LP130 NP5-6,MNL045,LP130,NP5-6,MNL045 LP130,Radial Road 10,MANILA,3,1,BARANGAY 133,,,14.627748,120.96486,,,,,,,16,2021-08-30,OSP
MNL045 LP520 NP3-5,MNL045,LP520,NP3-5,MNL045 LP520,Radial Road 10,MANILA,3,1,BARANGAY 133,,,14.626811,120.965315,,,,,,,24,2023-05-22,OSP
MNL045 LP520 NP6-8,MNL045,LP520,NP6-8,MNL045 LP520,Radial Road 10,MANILA,3,1,BARANGAY 133,,,14.627039,120.965834,,,,,,,24,2023-05-22,OSP
MNL045 LP521 NP1-2,MNL045,LP521,NP1-2,MNL045 LP521,Radial Road 10,MANILA,3,1,BARANGAY 133,,,14.627986,120.965414,,,,,,,16,2023-05-22,OSP
MNL045 LP145 NP1-2,MNL045,LP145,NP1-2,MNL045 LP145,Radial Road 10,MANILA,3,1,BARANGAY 133,,,14.626762,120.965299,,,,MTF VELASQUEZ-H. LOPEZ BLVD.,,VELASQUEZ ST. COR. C. DAYAO ST. CICTSI-NPT,16,2021-08-31,OSP
MNL003 LP77 NP5-6,MNL003,LP77,NP5-6,MNL003 LP77,City Square,MANILA,3,1,BARANGAY 134,,,14.62852877,120.9666807,,,,,,,16,2018-11-11,OSP
MNL003 LP81 NP1-2,MNL003,LP81,NP1-2,MNL003 LP81,City Square,MANILA,3,1,BARANGAY 134,,,14.63012395,120.9652767,,,,,,,16,2018-11-11,OSP
MNL003 LP81 NP3-4,MNL003,LP81,NP3-4,MNL003 LP81,City Square,MANILA,3,1,BARANGAY 134,,,14.62929601,120.9656292,,,,,,,16,2018-11-11,OSP
MNL003 LP81 NP5-6,MNL003,LP81,NP5-6,MNL003 LP81,City Square,MANILA,3,1,BARANGAY 134,,,14.630254,120.9655538,,,,,,,16,2018-11-11,OSP
MNL003 LP83 NP7-8,MNL003,LP83,NP7-8,MNL003 LP83,City Square,MANILA,3,1,BARANGAY 134,,,14.62936093,120.9660737,,,,,,,16,2018-11-11,OSP
MNL005 LP117 NP7-8,MNL005,LP117,NP7-8,MNL005 LP117,Orchard Building (City Square 2),MANILA,3,1,BARANGAY 134,,,14.629101,120.965414,,,,,,,16,2021-08-30,OSP
MNL005 LP118 NP3-4,MNL005,LP118,NP3-4,MNL005 LP118,Orchard Building (City Square 2),MANILA,3,1,BARANGAY 134,,,14.628622,120.965957,,,,,,,16,2021-08-30,OSP
MNL005 LP118 NP5-6,MNL005,LP118,NP5-6,MNL005 LP118,Orchard Building (City Square 2),MANILA,3,1,BARANGAY 134,,,14.628428,120.966443,,,,,,,16,2021-08-30,OSP
MNL005 LP118 NP7-8,MNL005,LP118,NP7-8,MNL005 LP118,Orchard Building (City Square 2),MANILA,3,1,BARANGAY 134,,,14.628862,120.966266,,,,,,,16,2021-08-30,OSP
MNL005 LP120 NP3-4,MNL005,LP120,NP3-4,MNL005 LP120,Orchard Building (City Square 2),MANILA,3,1,BARANGAY 134,,,14.629363,120.966049,,,,,,,16,2021-08-30,OSP
MNL005 LP120 NP5-6,MNL005,LP120,NP5-6,MNL005 LP120,Orchard Building (City Square 2),MANILA,3,1,BARANGAY 134,,,14.629691,120.965858,,,,,,,16,2021-08-30,OSP
MNL005 LP120 NP7-8,MNL005,LP120,NP7-8,MNL005 LP120,Orchard Building (City Square 2),MANILA,3,1,BARANGAY 134,,,14.630019,120.965708,,,,,,,16,2021-08-30,OSP
MNL005 LP117 NP3-4,MNL005,LP117,NP3-4,MNL005 LP117,Orchard Building (City Square 2),MANILA,3,1,BARANGAY 134,,,14.629887,120.965376,,,,,,,16,2021-08-30,OSP
MNL005 LP117 NP5-6,MNL005,LP117,NP5-6,MNL005 LP117,Orchard Building (City Square 2),MANILA,3,1,BARANGAY 134,,,14.629296,120.965638,,,,,,,16,2021-08-30,OSP
MNL005 LP145 NP7-8,MNL005,LP145,NP7-8,MNL005 LP145,Orchard Building (City Square 2),MANILA,3,1,BARANGAY 134,,,14.628047,120.965561,,,,,,,16,2021-08-30,OSP
MNL005 LP146 NP3-4,MNL005,LP146,NP3-4,MNL005 LP146,Orchard Building (City Square 2),MANILA,3,1,BARANGAY 134,,,14.629071,120.965101,,,,,,,16,2021-08-30,OSP
MNL005 LP146 NP5-6,MNL005,LP146,NP5-6,MNL005 LP146,Orchard Building (City Square 2),MANILA,3,1,BARANGAY 134,,,14.629291,120.964999,,,,,,,16,2021-08-30,OSP
MNL045 LP123 NP1-2,MNL045,LP123,NP1-2,MNL045 LP123,Radial Road 10,MANILA,3,1,BARANGAY 134,,,14.628552,120.966705,,,,,,,16,2021-08-30,OSP
MNL045 LP521 NP3-5,MNL045,LP521,NP3-5,MNL045 LP521,Radial Road 10,MANILA,3,1,BARANGAY 134,,,14.628428,120.965209,,,,,,,24,2023-05-22,OSP
MNL045 LP117 NP1-2,MNL045,LP117,NP1-2,MNL045 LP117,Radial Road 10,MANILA,3,1,BARANGAY 134,,,14.630132,120.965262,,,,"BRGY. 129, 130, 132 - 134, 139 POI 1 & 2 EXPANSION",,RODRIGUEZ ST. CORNER GUIDOTE ST. - CICTSI NPT,16,2021-08-31,OSP
MNL045 LP120 NP5-6,MNL045,LP120,NP5-6,MNL045 LP120,Radial Road 10,MANILA,3,1,BARANGAY 134,,,14.629691,120.965858,,,,"BRGY. 129, 130, 132 - 134, 139 POI 1 & 2 EXPANSION",,BESIDE HOUSE NO. 240 SALONGA ST. - MECO NPT,16,2021-08-31,OSP
MNL045 LP120 NP7-8,MNL045,LP120,NP7-8,MNL045 LP120,Radial Road 10,MANILA,3,1,BARANGAY 134,,,14.630019,120.965708,,,,"BRGY. 129, 130, 132 - 134, 139 POI 1 & 2 EXPANSION",,INFRONT OF HOUSE NO. 229 SALONGA ST. - MECO NPT,16,2021-08-31,OSP
MNL045 LP145 NP7-8,MNL045,LP145,NP7-8,MNL045 LP145,Radial Road 10,MANILA,3,1,BARANGAY 134,,,14.628047,120.965561,,,,MTF VELASQUEZ-H. LOPEZ BLVD.,,H. LOPEZ BLVD. COR. GAMBAN ST. MECO NPT,16,2021-08-31,OSP
MNL045 LP146 NP1-2,MNL045,LP146,NP1-2,MNL045 LP146,Radial Road 10,MANILA,3,1,BARANGAY 134,,,14.628485,120.965366,,,,MTF VELASQUEZ-H. LOPEZ BLVD.,,H. LOPEZ BLVD. INFRONT OF SAN MIGUEL CORPORATION MECO K3-5T,16,2021-08-31,OSP
MNL045 LP146 NP3-4,MNL045,LP146,NP3-4,MNL045 LP146,Radial Road 10,MANILA,3,1,BARANGAY 134,,,14.629071,120.965101,,,,MTF VELASQUEZ-H. LOPEZ BLVD.,,H. LOPEZ BLVD. COR. BUENDIA ST. MECO K3-898,16,2021-08-31,OSP
MNL045 LP146 NP5-6,MNL045,LP146,NP5-6,MNL045 LP146,Radial Road 10,MANILA,3,1,BARANGAY 134,,,14.629291,120.964999,,,,MTF VELASQUEZ-H. LOPEZ BLVD.,,285 H. LOPEZ BLVD. MECO K3-897,16,2021-08-31,OSP
MNL045 LP117 NP3-4,MNL045,LP117,NP3-4,MNL045 LP117,Radial Road 10,MANILA,3,1,BARANGAY 134,,,14.629887,120.965376,,,,"BRGY. 129, 130, 132 - 134, 139 POI 1 & 2 EXPANSION",,BESIDE HOUSE NO. 268 GUIDOTE ST. - CICTSI NPT,16,2021-08-31,OSP
MNL045 LP117 NP5-6,MNL045,LP117,NP5-6,MNL045 LP117,Radial Road 10,MANILA,3,1,BARANGAY 134,,,14.629296,120.965638,,,,"BRGY. 129, 130, 132 - 134, 139 POI 1 & 2 EXPANSION",,"BUENDIA ST., CORNER GUIDOTE ST. INFRONT OF BRGY. HALL 134 - CICTSI NPT",16,2021-08-31,OSP
MNL045 LP117 NP7-8,MNL045,LP117,NP7-8,MNL045 LP117,Radial Road 10,MANILA,3,1,BARANGAY 134,,,14.629101,120.965414,,,,"BRGY. 129, 130, 132 - 134, 139 POI 1 & 2 EXPANSION",,INFRONT OF HOUSE NO. 2221 BUENDIA ST. - MECO K3-0007,16,2021-08-31,OSP
MNL045 LP118 NP1-2,MNL045,LP118,NP1-2,MNL045 LP118,Radial Road 10,MANILA,3,1,BARANGAY 134,,,14.628864,120.965849,,,,"BRGY. 129, 130, 132 - 134, 139 POI 1 & 2 EXPANSION",,INFRONT OF HOUSE NO. 311 GUIDOTE ST. - MECO NPT,16,2021-08-31,OSP
MNL045 LP118 NP3-4,MNL045,LP118,NP3-4,MNL045 LP118,Radial Road 10,MANILA,3,1,BARANGAY 134,,,14.628622,120.965957,,,,"BRGY. 129, 130, 132 - 134, 139 POI 1 & 2 EXPANSION",,INFRONT OF HOUSE NO. 317 GUIDOTE ST. - MECO NPT,16,2021-08-31,OSP
MNL045 LP118 NP5-6,MNL045,LP118,NP5-6,MNL045 LP118,Radial Road 10,MANILA,3,1,BARANGAY 134,,,14.628428,120.966443,,,,"BRGY. 129, 130, 132 - 134, 139 POI 1 & 2 EXPANSION",,BESIDE HOUSE NO. 2322-2324 GAMBAN ST. - CICTSI NPT,16,2021-08-31,OSP
MNL045 LP118 NP7-8,MNL045,LP118,NP7-8,MNL045 LP118,Radial Road 10,MANILA,3,1,BARANGAY 134,,,14.628862,120.966266,,,,"BRGY. 129, 130, 132 - 134, 139 POI 1 & 2 EXPANSION",,INFRONT OF KAMBAL STORE SALONGA ST. - MECO K3-0137,16,2021-08-31,OSP
MNL045 LP120 NP1-2,MNL045,LP120,NP1-2,MNL045 LP120,Radial Road 10,MANILA,3,1,BARANGAY 134,,,14.62909,120.966123,,,,"BRGY. 129, 130, 132 - 134, 139 POI 1 & 2 EXPANSION",,BESIDE HOUSE NO. 308 SALONGA ST. - MECO K3-0138,16,2021-08-31,OSP
MNL045 LP120 NP3-4,MNL045,LP120,NP3-4,MNL045 LP120,Radial Road 10,MANILA,3,1,BARANGAY 134,,,14.629363,120.966049,,,,"BRGY. 129, 130, 132 - 134, 139 POI 1 & 2 EXPANSION",,BUENDIA ST. CORNER SALONGA ST. - CICTSI NPT,16,2021-08-31,OSP
MNL003 LP469 NP7-8,MNL003,LP469,NP7-8,MNL003 LP469,City Square,MANILA,3,1,BARANGAY 135,,,14.633183,120.969677,,,,,,,16,2019-11-20,OSP
MNL003 LP471 NP3-4,MNL003,LP471,NP3-4,MNL003 LP471,City Square,MANILA,3,1,BARANGAY 135,,,14.633287,120.969956,,,,,,,16,2019-11-20,OSP
MNL003 LP471 NP5-6,MNL003,LP471,NP5-6,MNL003 LP471,City Square,MANILA,3,1,BARANGAY 135,,,14.633571,120.969895,,,,,,,16,2020-07-29,OSP
MNL003 LP471 NP7-8,MNL003,LP471,NP7-8,MNL003 LP471,City Square,MANILA,3,1,BARANGAY 135,,,14.634212,120.969505,,,,,,,16,2020-07-29,OSP
MNL003 LP466 NP5-6,MNL003,LP466,NP5-6,MNL003 LP466,City Square,MANILA,3,1,BARANGAY 135,,,14.634442,120.968509,,,,,,,16,2019-11-20,OSP
MNL003 LP466 NP7-8,MNL003,LP466,NP7-8,MNL003 LP466,City Square,MANILA,3,1,BARANGAY 135,,,14.634851,120.968324,,,,,,,16,2019-11-20,OSP
MNL003 LP467 NP1-2,MNL003,LP467,NP1-2,MNL003 LP467,City Square,MANILA,3,1,BARANGAY 135,,,14.633866,120.968767,,,,,,,16,2019-11-20,OSP
MNL003 LP467 NP3-4,MNL003,LP467,NP3-4,MNL003 LP467,City Square,MANILA,3,1,BARANGAY 135,,,14.633368,120.96898,,,,,,,16,2019-11-20,OSP
MNL003 LP469 NP3-4,MNL003,LP469,NP3-4,MNL003 LP469,City Square,MANILA,3,1,BARANGAY 135,,,14.633998,120.969,,,,,,,16,2019-11-20,OSP
MNL003 LP469 NP5-6,MNL003,LP469,NP5-6,MNL003 LP469,City Square,MANILA,3,1,BARANGAY 135,,,14.634105,120.969278,,,,,,,16,2019-11-20,OSP
MNL003 LP89 NP1-2,MNL003,LP89,NP1-2,MNL003 LP89,City Square,MANILA,3,1,BARANGAY 135,,,14.63398312,120.9690054,,,,,,,16,2018-11-11,OSP
MNL003 LP89 NP3-4,MNL003,LP89,NP3-4,MNL003 LP89,City Square,MANILA,3,1,BARANGAY 135,,,14.63408712,120.9692594,,,,,,,16,2018-11-11,OSP
MNL003 LP89 NP5-6,MNL003,LP89,NP5-6,MNL003 LP89,City Square,MANILA,3,1,BARANGAY 135,,,14.63430504,120.9695272,,,,,,,16,2018-11-11,OSP
MNL003 LP89 NP7-8,MNL003,LP89,NP7-8,MNL003 LP89,City Square,MANILA,3,1,BARANGAY 135,,,14.63374756,120.9698045,,,,,,,16,2018-11-11,OSP
MNL003 LP85 NP3-4,MNL003,LP85,NP3-4,MNL003 LP85,City Square,MANILA,3,1,BARANGAY 135,,,14.63305338,120.9694089,,,,,,,16,2018-11-11,OSP
MNL003 LP85 NP5-6,MNL003,LP85,NP5-6,MNL003 LP85,City Square,MANILA,3,1,BARANGAY 135,,,14.63294099,120.9691457,,,,,,,16,2018-11-11,OSP
MNL045 LP585 NP1-2,MNL045,LP585,NP1-2,MNL045 LP585,Radial Road 10,MANILA,3,1,BARANGAY 135,,,14.632969,120.969184,,,,,,,16,2022-02-14,OSP
MNL045 LP581 NP1-2,MNL045,LP581,NP1-2,MNL045 LP581,Radial Road 10,MANILA,3,1,BARANGAY 135,,,14.633909,120.968765,,,,,,,16,2022-02-14,OSP
MNL045 LP581 NP3-5,MNL045,LP581,NP3-5,MNL045 LP581,Radial Road 10,MANILA,3,1,BARANGAY 135,,,14.634201,120.968633,,,,,,,24,2022-02-14,OSP
MNL045 LP581 NP6-8,MNL045,LP581,NP6-8,MNL045 LP581,Radial Road 10,MANILA,3,1,BARANGAY 135,,,14.635004,120.968238,,,,,,,24,2022-02-14,OSP
MNL045 LP582 NP3-5,MNL045,LP582,NP3-5,MNL045 LP582,Radial Road 10,MANILA,3,1,BARANGAY 135,,,14.63403,120.969039,,,,,,,24,2022-02-14,OSP
MNL045 LP582 NP6-8,MNL045,LP582,NP6-8,MNL045 LP582,Radial Road 10,MANILA,3,1,BARANGAY 135,,,14.634131,120.969283,,,,,,,24,2022-02-14,OSP
MNL045 LP583 NP1-2,MNL045,LP583,NP1-2,MNL045 LP583,Radial Road 10,MANILA,3,1,BARANGAY 135,,,14.634299,120.969533,,,,,,,16,2022-02-14,OSP
MNL045 LP583 NP3-5,MNL045,LP583,NP3-5,MNL045 LP583,Radial Road 10,MANILA,3,1,BARANGAY 135,,,14.634303,120.969886,,,,,,,24,2022-02-14,OSP
MNL045 LP583 NP6-8,MNL045,LP583,NP6-8,MNL045 LP583,Radial Road 10,MANILA,3,1,BARANGAY 135,,,14.634277,120.970168,,,,,,,24,2022-02-14,OSP
MNL045 LP584 NP1-2,MNL045,LP584,NP1-2,MNL045 LP584,Radial Road 10,MANILA,3,1,BARANGAY 135,,,14.63329,120.969938,,,,,,,16,2022-02-14,OSP
MNL045 LP584 NP3-5,MNL045,LP584,NP3-5,MNL045 LP584,Radial Road 10,MANILA,3,1,BARANGAY 135,,,14.633203,120.969723,,,,,,,24,2022-02-14,OSP
MNL045 LP584 NP6-8,MNL045,LP584,NP6-8,MNL045 LP584,Radial Road 10,MANILA,3,1,BARANGAY 135,,,14.633067,120.969415,,,,,,,24,2022-02-14,OSP
MNL003 LP462 NP3-4,MNL003,LP462,NP3-4,MNL003 LP462,City Square,MANILA,3,1,BARANGAY 136,,,14.632466,120.968119,,,,,,,16,2019-11-20,OSP
MNL003 LP462 NP5-6,MNL003,LP462,NP5-6,MNL003 LP462,City Square,MANILA,3,1,BARANGAY 136,,,14.631535,120.968488,,,,,,,16,2019-11-20,OSP
MNL003 LP462 NP7-8,MNL003,LP462,NP7-8,MNL003 LP462,City Square,MANILA,3,1,BARANGAY 136,,,14.631654,120.968762,,,,,,,16,2019-11-20,OSP
MNL003 LP463 NP1-2,MNL003,LP463,NP1-2,MNL003 LP463,City Square,MANILA,3,1,BARANGAY 136,,,14.632118,120.968554,,,,,,,16,2019-11-20,OSP
MNL003 LP463 NP3-4,MNL003,LP463,NP3-4,MNL003 LP463,City Square,MANILA,3,1,BARANGAY 136,,,14.632556,120.968357,,,,,,,16,2019-11-20,OSP
MNL003 LP465 NP1-2,MNL003,LP465,NP1-2,MNL003 LP465,City Square,MANILA,3,1,BARANGAY 136,,,14.631884,120.968984,,,,,,,16,2019-11-20,OSP
MNL003 LP465 NP3-4,MNL003,LP465,NP3-4,MNL003 LP465,City Square,MANILA,3,1,BARANGAY 136,,,14.63199,120.969265,,,,,,,16,2019-11-20,OSP
MNL003 LP460 NP5-6,MNL003,LP460,NP5-6,MNL003 LP460,City Square,MANILA,3,1,BARANGAY 136,,,14.632327,120.96783,,,,,,,16,2019-11-20,OSP
MNL003 LP84 NP3-4,MNL003,LP84,NP3-4,MNL003 LP84,City Square,MANILA,3,1,BARANGAY 136,,,14.63186839,120.9689603,,,,,,,16,2018-11-11,OSP
MNL003 LP84 NP5-6,MNL003,LP84,NP5-6,MNL003 LP84,City Square,MANILA,3,1,BARANGAY 136,,,14.63199399,120.9692593,,,,,,,16,2018-11-11,OSP
MNL045 LP590 NP1-2,MNL045,LP590,NP1-2,MNL045 LP590,Radial Road 10,MANILA,3,1,BARANGAY 136,,,14.631476,120.968307,,,,,,,16,2022-02-14,OSP
MNL045 LP590 NP3-5,MNL045,LP590,NP3-5,MNL045 LP590,Radial Road 10,MANILA,3,1,BARANGAY 136,,,14.631577,120.968542,,,,,,,24,2022-02-14,OSP
MNL045 LP590 NP6-8,MNL045,LP590,NP6-8,MNL045 LP590,Radial Road 10,MANILA,3,1,BARANGAY 136,,,14.63169,120.968798,,,,,,,24,2022-02-14,OSP
MNL045 LP591 NP1-2,MNL045,LP591,NP1-2,MNL045 LP591,Radial Road 10,MANILA,3,1,BARANGAY 136,,,14.631858,120.969004,,,,,,,16,2022-02-14,OSP
MNL045 LP591 NP3-5,MNL045,LP591,NP3-5,MNL045 LP591,Radial Road 10,MANILA,3,1,BARANGAY 136,,,14.631953,120.96926,,,,,,,24,2022-02-14,OSP
MNL003 LP83 NP1-2,MNL003,LP83,NP1-2,MNL003 LP83,City Square,MANILA,3,1,BARANGAY 137,,,14.63024032,120.9681261,,,,,,,16,2018-11-11,OSP
MNL003 LP83 NP3-4,MNL003,LP83,NP3-4,MNL003 LP83,City Square,MANILA,3,1,BARANGAY 137,,,14.62973529,120.9669627,,,,,,,16,2018-11-11,OSP
MNL045 LP126 NP1-2,MNL045,LP126,NP1-2,MNL045 LP126,Radial Road 10,MANILA,3,1,BARANGAY 137,,,14.629616,120.966957,,,,,,,16,2021-08-30,OSP
MNL045 LP126 NP3-4,MNL045,LP126,NP3-4,MNL045 LP126,Radial Road 10,MANILA,3,1,BARANGAY 137,,,14.629302,120.967103,,,,,,,16,2021-08-30,OSP
MNL045 LP126 NP5-6,MNL045,LP126,NP5-6,MNL045 LP126,Radial Road 10,MANILA,3,1,BARANGAY 137,,,14.628898,120.96729,,,,,,,16,2021-08-30,OSP
MNL045 LP126 NP7-8,MNL045,LP126,NP7-8,MNL045 LP126,Radial Road 10,MANILA,3,1,BARANGAY 137,,,14.628723,120.967376,,,,,,,16,2021-08-30,OSP
MNL045 LP127 NP1-2,MNL045,LP127,NP1-2,MNL045 LP127,Radial Road 10,MANILA,3,1,BARANGAY 137,,,14.629552,120.967409,,,,,,,16,2021-08-30,OSP
MNL045 LP127 NP3-5,MNL045,LP127,NP3-5,MNL045 LP127,Radial Road 10,MANILA,3,1,BARANGAY 137,,,14.629223,120.96756,,,,,,,24,2021-08-30,OSP
MNL045 LP127 NP6-8,MNL045,LP127,NP6-8,MNL045 LP127,Radial Road 10,MANILA,3,1,BARANGAY 137,,,14.628856,120.967697,,,,,,,24,2021-08-30,OSP
MNL045 LP128 NP3-5,MNL045,LP128,NP3-5,MNL045 LP128,Radial Road 10,MANILA,3,1,BARANGAY 137,,,14.62964,120.96767,,,,,,,24,2021-08-30,OSP
MNL045 LP128 NP6-8,MNL045,LP128,NP6-8,MNL045 LP128,Radial Road 10,MANILA,3,1,BARANGAY 137,,,14.629333,120.96781,,,,,,,24,2021-08-30,OSP
MNL045 LP129 NP3-4,MNL045,LP129,NP3-4,MNL045 LP129,Radial Road 10,MANILA,3,1,BARANGAY 137,,,14.629806,120.967992,,,,,,,16,2021-08-30,OSP
MNL045 LP129 NP5-6,MNL045,LP129,NP5-6,MNL045 LP129,Radial Road 10,MANILA,3,1,BARANGAY 137,,,14.629232,120.968299,,,,,,,16,2021-08-30,OSP
MNL003 LP454 NP7-8,MNL003,LP454,NP7-8,MNL003 LP454,City Square,MANILA,3,1,BARANGAY 138,,,14.63219,120.965795,,,,,,,16,2019-11-20,OSP
MNL003 LP455 NP5-6,MNL003,LP455,NP5-6,MNL003 LP455,City Square,MANILA,3,1,BARANGAY 138,,,14.632136,120.966548,,,,,,,16,2019-11-20,OSP
MNL003 LP455 NP7-8,MNL003,LP455,NP7-8,MNL003 LP455,City Square,MANILA,3,1,BARANGAY 138,,,14.633685,120.966222,,,,,,,16,2019-11-20,OSP
MNL003 LP456 NP1-2,MNL003,LP456,NP1-2,MNL003 LP456,City Square,MANILA,3,1,BARANGAY 138,,,14.632936,120.966562,,,,,,,16,2019-11-20,OSP
MNL003 LP456 NP3-4,MNL003,LP456,NP3-4,MNL003 LP456,City Square,MANILA,3,1,BARANGAY 138,,,14.632004,120.966994,,,,,,,16,2019-11-20,OSP
MNL003 LP87 NP1-2,MNL003,LP87,NP1-2,MNL003 LP87,City Square,MANILA,3,1,BARANGAY 138,,,14.6318705,120.9666604,,,,,,,16,2018-11-11,OSP
MNL003 LP86 NP3-4,MNL003,LP86,NP3-4,MNL003 LP86,City Square,MANILA,3,1,BARANGAY 138,,,14.63200354,120.9669756,,,,,,,16,2018-11-11,OSP
MNL003 LP86 NP5-6,MNL003,LP86,NP5-6,MNL003 LP86,City Square,MANILA,3,1,BARANGAY 138,,,14.63274869,120.9662584,,,,,,,16,2018-11-11,OSP
MNL003 LP86 NP7-8,MNL003,LP86,NP7-8,MNL003 LP86,City Square,MANILA,3,1,BARANGAY 138,,,14.63294276,120.9665424,,,,,,,16,2018-11-11,OSP
MNL045 LP587 NP6-8,MNL045,LP587,NP6-8,MNL045 LP587,Radial Road 10,MANILA,3,1,BARANGAY 138,,,14.632027,120.966972,,,,,,,24,2022-02-14,OSP
MNL045 LP564 NP6-8,MNL045,LP564,NP6-8,MNL045 LP564,Radial Road 10,MANILA,3,1,BARANGAY 138,,,14.632205,120.9665,,,,,,,24,2022-02-14,OSP
MNL045 LP565 NP1-2,MNL045,LP565,NP1-2,MNL045 LP565,Radial Road 10,MANILA,3,1,BARANGAY 138,,,14.632806,120.966346,,,,,,,16,2022-02-14,OSP
MNL045 LP565 NP3-5,MNL045,LP565,NP3-5,MNL045 LP565,Radial Road 10,MANILA,3,1,BARANGAY 138,,,14.63282,120.966337,,,,,,,24,2022-02-14,OSP
MNL045 LP565 NP6-8,MNL045,LP565,NP6-8,MNL045 LP565,Radial Road 10,MANILA,3,1,BARANGAY 138,,,14.632937,120.966564,,,,,,,24,2022-02-14,OSP
MNL045 LP566 NP1-2,MNL045,LP566,NP1-2,MNL045 LP566,Radial Road 10,MANILA,3,1,BARANGAY 138,,,14.63321,120.966441,,,,,,,16,2022-02-14,OSP
MNL045 LP566 NP3-5,MNL045,LP566,NP3-5,MNL045 LP566,Radial Road 10,MANILA,3,1,BARANGAY 138,,,14.633526,120.966295,,,,,,,24,2022-02-14,OSP
MNL045 LP566 NP6-8,MNL045,LP566,NP6-8,MNL045 LP566,Radial Road 10,MANILA,3,1,BARANGAY 138,,,14.633532,120.9663,,,,,,,24,2022-02-14,OSP
MNL045 LP562 NP6-8,MNL045,LP562,NP6-8,MNL045 LP562,Radial Road 10,MANILA,3,1,BARANGAY 138,,,14.631757,120.966368,,,,,,,24,2022-02-14,OSP
MNL045 LP563 NP1-2,MNL045,LP563,NP1-2,MNL045 LP563,Radial Road 10,MANILA,3,1,BARANGAY 138,,,14.63176,120.966378,,,,,,,16,2022-02-14,OSP
MNL045 LP563 NP3-5,MNL045,LP563,NP3-5,MNL045 LP563,Radial Road 10,MANILA,3,1,BARANGAY 138,,,14.632077,120.966225,,,,,,,24,2022-02-14,OSP
MNL045 LP563 NP6-8,MNL045,LP563,NP6-8,MNL045 LP563,Radial Road 10,MANILA,3,1,BARANGAY 138,,,14.632524,120.966011,,,,,,,24,2022-02-14,OSP
MNL045 LP564 NP1-2,MNL045,LP564,NP1-2,MNL045 LP564,Radial Road 10,MANILA,3,1,BARANGAY 138,,,14.631872,120.966649,,,,,,,16,2022-02-14,OSP
MNL045 LP564 NP3-5,MNL045,LP564,NP3-5,MNL045 LP564,Radial Road 10,MANILA,3,1,BARANGAY 138,,,14.631873,120.966654,,,,,,,24,2022-02-14,OSP
MNL003 LP456 NP7-8,MNL003,LP456,NP7-8,MNL003 LP456,City Square,MANILA,3,1,BARANGAY 139,,,14.631165,120.967704,,,,,,,16,2019-11-20,OSP
MNL003 LP459 NP3-4,MNL003,LP459,NP3-4,MNL003 LP459,City Square,MANILA,3,1,BARANGAY 139,,,14.631287,120.967987,,,,,,,16,2019-11-20,OSP
MNL003 LP459 NP5-6,MNL003,LP459,NP5-6,MNL003 LP459,City Square,MANILA,3,1,BARANGAY 139,,,14.630791,120.968212,,,,,,,16,2019-11-20,OSP
MNL003 LP459 NP7-8,MNL003,LP459,NP7-8,MNL003 LP459,City Square,MANILA,3,1,BARANGAY 139,,,14.63036,120.968409,,,,,,,16,2019-11-20,OSP
MNL003 LP460 NP1-2,MNL003,LP460,NP1-2,MNL003 LP460,City Square,MANILA,3,1,BARANGAY 139,,,14.63046,120.96867,,,,,,,16,2019-11-20,OSP
MNL003 LP460 NP3-4,MNL003,LP460,NP3-4,MNL003 LP460,City Square,MANILA,3,1,BARANGAY 139,,,14.631414,120.968271,,,,,,,16,2019-11-20,OSP
MNL045 LP589 NP6-8,MNL045,LP589,NP6-8,MNL045 LP589,Radial Road 10,MANILA,3,1,BARANGAY 139,,,14.630659,120.968317,,,,,,,24,2022-02-14,OSP
MNL003 LP407 NP7-8,MNL003,LP407,NP7-8,MNL003 LP407,City Square,MANILA,3,1,BARANGAY 14,,,14.601952,120.965961,,,,,,,16,2019-10-28,OSP
MNL003 LP407 NP3-4,MNL003,LP407,NP3-4,MNL003 LP407,City Square,MANILA,3,1,BARANGAY 14,,,14.602438,120.965808,,,,,,,16,2019-10-28,OSP
MNL005 LP113 NP1-2,MNL005,LP113,NP1-2,MNL005 LP113,Orchard Building (City Square 2),MANILA,3,1,BARANGAY 14,,,14.602041,120.967159,,,,,,,16,2021-01-29,OSP
MNL005 LP113 NP3-4-5,MNL005,LP113,NP3-4-5,MNL005 LP113,Orchard Building (City Square 2),MANILA,3,1,BARANGAY 14,,,14.601916,120.967034,,,,,,,24,2021-01-29,OSP
MNL005 LP190 NP7-8,MNL005,LP190,NP7-8,MNL005 LP190,Orchard Building (City Square 2),MANILA,3,1,BARANGAY 14,,,14.60223,120.96725,,,,,,,16,2021-08-30,OSP
MNL005 LP340 NP1-2,MNL005,LP340,NP1-2,MNL005 LP340,Orchard Building (City Square 2),MANILA,3,1,BARANGAY 14,,,14.60203,120.966104,,,,,,,16,2021-10-21,OSP
MNL005 LP340 NP3-5,MNL005,LP340,NP3-5,MNL005 LP340,Orchard Building (City Square 2),MANILA,3,1,BARANGAY 14,,,14.602139,120.966212,,,,,,,24,2021-10-21,OSP
MNL005 LP340 NP6-8,MNL005,LP340,NP6-8,MNL005 LP340,Orchard Building (City Square 2),MANILA,3,1,BARANGAY 14,,,14.602509,120.966669,,,,,,,24,2021-10-21,OSP
MNL005 LP339 NP6-8,MNL005,LP339,NP6-8,MNL005 LP339,Orchard Building (City Square 2),MANILA,3,1,BARANGAY 14,,,14.601977,120.96596,,,,,,,24,2021-10-21,OSP
MNL005 LP332 NP1-2,MNL005,LP332,NP1-2,MNL005 LP332,Orchard Building (City Square 2),MANILA,3,1,BARANGAY 14,,,14.602882,120.966403,,,,,,,16,2021-10-21,OSP
MNL005 LP332 NP3-5,MNL005,LP332,NP3-5,MNL005 LP332,Orchard Building (City Square 2),MANILA,3,1,BARANGAY 14,,,14.602708,120.966562,,,,,,,24,2021-10-21,OSP
MNL005 LP332 NP6-8,MNL005,LP332,NP6-8,MNL005 LP332,Orchard Building (City Square 2),MANILA,3,1,BARANGAY 14,,,14.602703,120.966559,,,,,,,24,2021-10-21,OSP
MNL005 LP333 NP3-5,MNL005,LP333,NP3-5,MNL005 LP333,Orchard Building (City Square 2),MANILA,3,1,BARANGAY 14,,,14.602506,120.965915,,,,,,,24,2021-10-21,OSP
MNL005 LP333 NP6-8,MNL005,LP333,NP6-8,MNL005 LP333,Orchard Building (City Square 2),MANILA,3,1,BARANGAY 14,,,14.602351,120.965686,,,,,,,24,2021-10-21,OSP
MNL003 LP454 NP3-4,MNL003,LP454,NP3-4,MNL003 LP454,City Square,MANILA,3,1,BARANGAY 140,,,14.629823,120.966875,,,,,,,16,2019-11-20,OSP
MNL003 LP455 NP3-4,MNL003,LP455,NP3-4,MNL003 LP455,City Square,MANILA,3,1,BARANGAY 140,,,14.631735,120.966396,,,,,,,16,2019-11-20,OSP
MNL003 LP456 NP5-6,MNL003,LP456,NP5-6,MNL003 LP456,City Square,MANILA,3,1,BARANGAY 140,,,14.631058,120.96741,,,,,,,16,2019-11-20,OSP
MNL003 LP457 NP3-4,MNL003,LP457,NP3-4,MNL003 LP457,City Square,MANILA,3,1,BARANGAY 140,,,14.632102,120.967284,,,,,,,16,2019-11-20,OSP
MNL003 LP82 NP5-6,MNL003,LP82,NP5-6,MNL003 LP82,City Square,MANILA,3,1,BARANGAY 140,,,14.63078614,120.9667743,,,,,,,16,2018-11-11,OSP
MNL003 LP82 NP7-8,MNL003,LP82,NP7-8,MNL003 LP82,City Square,MANILA,3,1,BARANGAY 140,,,14.63091632,120.9670913,,,,,,,16,2018-11-11,OSP
MNL045 LP125 NP3-5,MNL045,LP125,NP3-5,MNL045 LP125,Radial Road 10,MANILA,3,1,BARANGAY 140,,,14.630322,120.966634,,,,,,,24,2021-08-30,OSP
MNL045 LP125 NP6-8,MNL045,LP125,NP6-8,MNL045 LP125,Radial Road 10,MANILA,3,1,BARANGAY 140,,,14.629994,120.966781,,,,,,,24,2021-08-30,OSP
MNL045 LP128 NP1-2,MNL045,LP128,NP1-2,MNL045 LP128,Radial Road 10,MANILA,3,1,BARANGAY 140,,,14.630001,120.967502,,,,,,,16,2021-08-30,OSP
MNL045 LP129 NP1-2,MNL045,LP129,NP1-2,MNL045 LP129,Radial Road 10,MANILA,3,1,BARANGAY 140,,,14.630158,120.96787,,,,,,,16,2021-08-30,OSP
MNL045 LP129 NP7-8,MNL045,LP129,NP7-8,MNL045 LP129,Radial Road 10,MANILA,3,1,BARANGAY 140,,,14.630264,120.968105,,,,,,,16,2021-08-30,OSP
MNL045 LP588 NP1-2,MNL045,LP588,NP1-2,MNL045 LP588,Radial Road 10,MANILA,3,1,BARANGAY 140,,,14.631083,120.967393,,,,,,,16,2022-02-14,OSP
MNL045 LP588 NP3-5,MNL045,LP588,NP3-5,MNL045 LP588,Radial Road 10,MANILA,3,1,BARANGAY 140,,,14.63094,120.96708,,,,,,,24,2022-02-14,OSP
MNL045 LP588 NP6-8,MNL045,LP588,NP6-8,MNL045 LP588,Radial Road 10,MANILA,3,1,BARANGAY 140,,,14.630825,120.966795,,,,,,,24,2022-02-14,OSP
MNL045 LP589 NP1-2,MNL045,LP589,NP1-2,MNL045 LP589,Radial Road 10,MANILA,3,1,BARANGAY 140,,,14.631196,120.967676,,,,,,,16,2022-02-14,OSP
MNL003 LP457 NP1-2,MNL003,LP457,NP1-2,MNL003 LP457,City Square,MANILA,3,1,BARANGAY 141,,,14.631716,120.967473,,,,,,,16,2019-11-20,OSP
MNL003 LP458 NP7-8,MNL003,LP458,NP7-8,MNL003 LP458,City Square,MANILA,3,1,BARANGAY 141,,,14.632233,120.967564,,,,,,,16,2019-11-20,OSP
MNL003 LP459 NP1-2,MNL003,LP459,NP1-2,MNL003 LP459,City Square,MANILA,3,1,BARANGAY 141,,,14.6317,120.967806,,,,,,,16,2019-11-20,OSP
MNL003 LP84 NP1-2,MNL003,LP84,NP1-2,MNL003 LP84,City Square,MANILA,3,1,BARANGAY 141,,,14.63144152,120.968245,,,,,,,16,2018-11-11,OSP
MNL045 LP589 NP3-5,MNL045,LP589,NP3-5,MNL045 LP589,Radial Road 10,MANILA,3,1,BARANGAY 141,,,14.631341,120.968001,,,,,,,24,2022-02-14,OSP
MNL003 LP457 NP5-6,MNL003,LP457,NP5-6,MNL003 LP457,City Square,MANILA,3,1,BARANGAY 142,,,14.632764,120.96701,,,,,,,16,2019-11-20,OSP
MNL003 LP88 NP1-2,MNL003,LP88,NP1-2,MNL003 LP88,City Square,MANILA,3,1,BARANGAY 142,,,14.63307435,120.9668492,,,,,,,16,2018-11-11,OSP
MNL003 LP88 NP3-4,MNL003,LP88,NP3-4,MNL003 LP88,City Square,MANILA,3,1,BARANGAY 142,,,14.63321386,120.9671737,,,,,,,16,2018-11-11,OSP
MNL003 LP458 NP1-2,MNL003,LP458,NP1-2,MNL003 LP458,City Square,MANILA,3,1,BARANGAY 142,,,14.633056,120.966858,,,,,,,16,2019-11-20,OSP
MNL003 LP458 NP3-4,MNL003,LP458,NP3-4,MNL003 LP458,City Square,MANILA,3,1,BARANGAY 142,,,14.634033,120.966758,,,,,,,16,2019-11-20,OSP
MNL003 LP458 NP5-6,MNL003,LP458,NP5-6,MNL003 LP458,City Square,MANILA,3,1,BARANGAY 142,,,14.633184,120.967138,,,,,,,16,2019-11-20,OSP
MNL045 LP587 NP1-2,MNL045,LP587,NP1-2,MNL045 LP587,Radial Road 10,MANILA,3,1,BARANGAY 142,,,14.632287,120.96758,,,,,,,16,2022-02-14,OSP
MNL045 LP587 NP3-5,MNL045,LP587,NP3-5,MNL045 LP587,Radial Road 10,MANILA,3,1,BARANGAY 142,,,14.632174,120.967324,,,,,,,24,2022-02-14,OSP
MNL045 LP570 NP1-2,MNL045,LP570,NP1-2,MNL045 LP570,Radial Road 10,MANILA,3,1,BARANGAY 142,,,14.633673,120.966946,,,,,,,16,2022-02-14,OSP
MNL045 LP570 NP3-5,MNL045,LP570,NP3-5,MNL045 LP570,Radial Road 10,MANILA,3,1,BARANGAY 142,,,14.634072,120.966745,,,,,,,24,2022-02-14,OSP
MNL045 LP570 NP6-8,MNL045,LP570,NP6-8,MNL045 LP570,Radial Road 10,MANILA,3,1,BARANGAY 142,,,14.634228,120.966641,,,,,,,24,2022-02-14,OSP
MNL045 LP567 NP1-2,MNL045,LP567,NP1-2,MNL045 LP567,Radial Road 10,MANILA,3,1,BARANGAY 142,,,14.633055,120.96685,,,,,,,16,2022-02-14,OSP
MNL045 LP567 NP3-5,MNL045,LP567,NP3-5,MNL045 LP567,Radial Road 10,MANILA,3,1,BARANGAY 142,,,14.63306,120.966848,,,,,,,24,2022-02-14,OSP
MNL045 LP567 NP6-8,MNL045,LP567,NP6-8,MNL045 LP567,Radial Road 10,MANILA,3,1,BARANGAY 142,,,14.633636,120.966585,,,,,,,24,2022-02-14,OSP
MNL045 LP568 NP1-2,MNL045,LP568,NP1-2,MNL045 LP568,Radial Road 10,MANILA,3,1,BARANGAY 142,,,14.633644,120.966581,,,,,,,16,2022-02-14,OSP
MNL045 LP568 NP3-5,MNL045,LP568,NP3-5,MNL045 LP568,Radial Road 10,MANILA,3,1,BARANGAY 142,,,14.633932,120.966441,,,,,,,24,2022-02-14,OSP
MNL045 LP568 NP6-8,MNL045,LP568,NP6-8,MNL045 LP568,Radial Road 10,MANILA,3,1,BARANGAY 142,,,14.63418,120.966318,,,,,,,24,2022-02-14,OSP
MNL045 LP569 NP1-2,MNL045,LP569,NP1-2,MNL045 LP569,Radial Road 10,MANILA,3,1,BARANGAY 142,,,14.633205,120.967169,,,,,,,16,2022-02-14,OSP
MNL045 LP569 NP3-5,MNL045,LP569,NP3-5,MNL045 LP569,Radial Road 10,MANILA,3,1,BARANGAY 142,,,14.633204,120.967184,,,,,,,24,2022-02-14,OSP
MNL045 LP569 NP6-8,MNL045,LP569,NP6-8,MNL045 LP569,Radial Road 10,MANILA,3,1,BARANGAY 142,,,14.633686,120.96694,,,,,,,24,2022-02-14,OSP
MNL003 LP470 NP7-8,MNL003,LP470,NP7-8,MNL003 LP470,City Square,MANILA,3,1,BARANGAY 143,,,14.631256,120.970586,,,,,,,16,2019-11-20,OSP
MNL045 LP595 NP3-5,MNL045,LP595,NP3-5,MNL045 LP595,Radial Road 10,MANILA,3,1,BARANGAY 143,,,14.632025,120.970255,,,,,,,24,2022-02-14,OSP
MNL045 LP595 NP6-8,MNL045,LP595,NP6-8,MNL045 LP595,Radial Road 10,MANILA,3,1,BARANGAY 143,,,14.631617,120.970442,,,,,,,24,2022-02-14,OSP
MNL003 LP468 NP1-2,MNL003,LP468,NP1-2,MNL003 LP468,City Square,MANILA,3,1,BARANGAY 144,,,14.631526,120.969808,,,,,,,16,2019-11-20,OSP
MNL003 LP468 NP3-4,MNL003,LP468,NP3-4,MNL003 LP468,City Square,MANILA,3,1,BARANGAY 144,,,14.631119,120.969955,,,,,,,16,2019-11-20,OSP
MNL003 LP468 NP5-6,MNL003,LP468,NP5-6,MNL003 LP468,City Square,MANILA,3,1,BARANGAY 144,,,14.631301,120.970253,,,,,,,16,2019-11-20,OSP
MNL003 LP468 NP7-8,MNL003,LP468,NP7-8,MNL003 LP468,City Square,MANILA,3,1,BARANGAY 144,,,14.632003,120.969939,,,,,,,16,2019-11-20,OSP
MNL045 LP591 NP6-8,MNL045,LP591,NP6-8,MNL045 LP591,Radial Road 10,MANILA,3,1,BARANGAY 144,,,14.631403,120.969588,,,,,,,24,2022-02-14,OSP
MNL045 LP592 NP3-5,MNL045,LP592,NP3-5,MNL045 LP592,Radial Road 10,MANILA,3,1,BARANGAY 144,,,14.631052,120.969748,,,,,,,24,2022-02-14,OSP
MNL045 LP593 NP1-2,MNL045,LP593,NP1-2,MNL045 LP593,Radial Road 10,MANILA,3,1,BARANGAY 144,,,14.631398,120.969597,,,,,,,16,2022-02-14,OSP
MNL045 LP593 NP3-5,MNL045,LP593,NP3-5,MNL045 LP593,Radial Road 10,MANILA,3,1,BARANGAY 144,,,14.631714,120.969763,,,,,,,24,2022-02-14,OSP
MNL045 LP593 NP6-8,MNL045,LP593,NP6-8,MNL045 LP593,Radial Road 10,MANILA,3,1,BARANGAY 144,,,14.631055,120.969756,,,,,,,24,2022-02-14,OSP
MNL045 LP594 NP3-5,MNL045,LP594,NP3-5,MNL045 LP594,Radial Road 10,MANILA,3,1,BARANGAY 144,,,14.631455,120.970217,,,,,,,24,2022-02-14,OSP
MNL003 LP470 NP1-2,MNL003,LP470,NP1-2,MNL003 LP470,City Square,MANILA,3,1,BARANGAY 145,,,14.632933,120.969797,,,,,,,16,2019-11-20,OSP
MNL003 LP470 NP3-4,MNL003,LP470,NP3-4,MNL003 LP470,City Square,MANILA,3,1,BARANGAY 145,,,14.632557,120.969958,,,,,,,16,2019-11-20,OSP
MNL003 LP470 NP5-6,MNL003,LP470,NP5-6,MNL003 LP470,City Square,MANILA,3,1,BARANGAY 145,,,14.632327,120.970072,,,,,,,16,2019-11-20,OSP
MNL003 LP471 NP1-2,MNL003,LP471,NP1-2,MNL003 LP471,City Square,MANILA,3,1,BARANGAY 145,,,14.632473,120.970344,,,,,,,16,2019-11-20,OSP
MNL003 LP467 NP5-6,MNL003,LP467,NP5-6,MNL003 LP467,City Square,MANILA,3,1,BARANGAY 145,,,14.632943,120.969175,,,,,,,16,2019-11-20,OSP
MNL003 LP467 NP7-8,MNL003,LP467,NP7-8,MNL003 LP467,City Square,MANILA,3,1,BARANGAY 145,,,14.6321,120.969537,,,,,,,16,2019-11-20,OSP
MNL003 LP469 NP1-2,MNL003,LP469,NP1-2,MNL003 LP469,City Square,MANILA,3,1,BARANGAY 145,,,14.632841,120.969544,,,,,,,16,2019-11-20,OSP
MNL003 LP84 NP7-8,MNL003,LP84,NP7-8,MNL003 LP84,City Square,MANILA,3,1,BARANGAY 145,,,14.63224616,120.9698426,,,,,,,16,2018-11-11,OSP
MNL003 LP85 NP1-2,MNL003,LP85,NP1-2,MNL003 LP85,City Square,MANILA,3,1,BARANGAY 145,,,14.63260197,120.9696079,,,,,,,16,2018-11-11,OSP
MNL045 LP592 NP1-2,MNL045,LP592,NP1-2,MNL045 LP592,Radial Road 10,MANILA,3,1,BARANGAY 145,,,14.632099,120.969588,,,,,,,16,2022-02-14,OSP
MNL045 LP592 NP6-8,MNL045,LP592,NP6-8,MNL045 LP592,Radial Road 10,MANILA,3,1,BARANGAY 145,,,14.632241,120.969841,,,,,,,24,2022-02-14,OSP
MNL045 LP594 NP1-2,MNL045,LP594,NP1-2,MNL045 LP594,Radial Road 10,MANILA,3,1,BARANGAY 145,,,14.632243,120.969854,,,,,,,16,2022-02-14,OSP
MNL045 LP594 NP6-8,MNL045,LP594,NP6-8,MNL045 LP594,Radial Road 10,MANILA,3,1,BARANGAY 145,,,14.632334,120.970069,,,,,,,24,2022-02-14,OSP
MNL045 LP595 NP1-2,MNL045,LP595,NP1-2,MNL045 LP595,Radial Road 10,MANILA,3,1,BARANGAY 145,,,14.632457,120.970358,,,,,,,16,2022-02-14,OSP
MNL003 LP465 NP5-6,MNL003,LP465,NP5-6,MNL003 LP465,City Square,MANILA,3,1,BARANGAY 146,,,14.632835,120.968878,,,,,,,16,2019-11-20,OSP
MNL003 LP465 NP7-8,MNL003,LP465,NP7-8,MNL003 LP465,City Square,MANILA,3,1,BARANGAY 146,,,14.633081,120.968766,,,,,,,16,2019-11-20,OSP
MNL003 LP466 NP1-2,MNL003,LP466,NP1-2,MNL003 LP466,City Square,MANILA,3,1,BARANGAY 146,,,14.633756,120.968468,,,,,,,16,2019-11-20,OSP
MNL003 LP466 NP3-4,MNL003,LP466,NP3-4,MNL003 LP466,City Square,MANILA,3,1,BARANGAY 146,,,14.634865,120.967999,,,,,,,16,2019-11-20,OSP
MNL003 LP88 NP5-6,MNL003,LP88,NP5-6,MNL003 LP88,City Square,MANILA,3,1,BARANGAY 146,,,14.63363906,120.9681881,,,,,,,16,2018-11-11,OSP
MNL003 LP88 NP7-8,MNL003,LP88,NP7-8,MNL003 LP88,City Square,MANILA,3,1,BARANGAY 146,,,14.63376286,120.9684669,,,,,,,16,2018-11-11,OSP
MNL003 LP461 NP3-4,MNL003,LP461,NP3-4,MNL003 LP461,City Square,MANILA,3,1,BARANGAY 146,,,14.633736,120.967204,,,,,,,16,2019-11-20,OSP