Box Name,OLT,LCP,NAP,LCP Name,Node Name,Municipality,Cluster,Sector,Barangay,Subdivision,Building Name,Latitude,Longitude,Parent Site,Parent Floor,Parent Room,Additional Details,Remarks,Landmark,Capacity,Installation Date,OSP / ISP
MNL037 LP3 NP1-2,MNL037,LP3,NP1-2,MNL037 LP3,Tayuman,MANILA,3,1,BARANGAY 226,,,14.616854,120.977495,,,,,,,16,2020-09-29,OSP
MNL003 LP69 NP3-4,MNL003,LP69,NP3-4,MNL003 LP69,City Square,MANILA,3,1,BARANGAY 227,,,14.62103063,120.9768742,,,,,,,16,2018-08-27,OSP
MNL003 LP70 NP3-4,MNL003,LP70,NP3-4,MNL003 LP70,City Square,MANILA,3,1,BARANGAY 227,,,14.62237002,120.9762735,,,,,,,16,2018-08-27,OSP
MNL003 LP70 NP5-6,MNL003,LP70,NP5-6,MNL003 LP70,City Square,MANILA,3,1,BARANGAY 227,,,14.62236764,120.9770713,,,,,,,16,2018-08-27,OSP
MNL037 LP330 NP1-2,MNL037,LP330,NP1-2,MNL037 LP330,Tayuman,MANILA,3,1,BARANGAY 227,,,14.623002,120.976908,,,,,,,16,2022-01-17,OSP
MNL037 LP330 NP3-5,MNL037,LP330,NP3-5,MNL037 LP330,Tayuman,MANILA,3,1,BARANGAY 227,,,14.622919,120.976651,,,,,,,24,2022-01-17,OSP
MNL037 LP332 NP3-5,MNL037,LP332,NP3-5,MNL037 LP332,Tayuman,MANILA,3,1,BARANGAY 227,,,14.622379,120.976267,,,,,,,24,2022-01-17,OSP
MNL037 LP332 NP6-8,MNL037,LP332,NP6-8,MNL037 LP332,Tayuman,MANILA,3,1,BARANGAY 227,,,14.622176,120.976246,,,,,,,24,2022-01-17,OSP
MNL037 LP333 NP1-2,MNL037,LP333,NP1-2,MNL037 LP333,Tayuman,MANILA,3,1,BARANGAY 227,,,14.622025,120.976225,,,,,,,16,2022-01-17,OSP
MNL037 LP334 NP1-2,MNL037,LP334,NP1-2,MNL037 LP334,Tayuman,MANILA,3,1,BARANGAY 227,,,14.621838,120.976205,,,,,,,16,2022-01-17,OSP
MNL037 LP325 NP3-5,MNL037,LP325,NP3-5,MNL037 LP325,Tayuman,MANILA,3,1,BARANGAY 227,,,14.621067,120.976661,,,,,,,24,2022-01-17,OSP
MNL037 LP325 NP6-8,MNL037,LP325,NP6-8,MNL037 LP325,Tayuman,MANILA,3,1,BARANGAY 227,,,14.621048,120.976798,,,,,,,24,2022-01-17,OSP
MNL037 LP326 NP6-8,MNL037,LP326,NP6-8,MNL037 LP326,Tayuman,MANILA,3,1,BARANGAY 227,,,14.621116,120.976266,,,,,,,24,2022-01-17,OSP
MNL037 LP329 NP1-2,MNL037,LP329,NP1-2,MNL037 LP329,Tayuman,MANILA,3,1,BARANGAY 227,,,14.62238,120.977081,,,,,,,16,2022-01-17,OSP
MNL037 LP329 NP3-4,MNL037,LP329,NP3-4,MNL037 LP329,Tayuman,MANILA,3,1,BARANGAY 227,,,14.622706,120.977131,,,,,,,16,2022-01-17,OSP
MNL037 LP329 NP5-6,MNL037,LP329,NP5-6,MNL037 LP329,Tayuman,MANILA,3,1,BARANGAY 227,,,14.622978,120.977168,,,,,,,16,2022-01-17,OSP
MNL037 LP329 NP7-8,MNL037,LP329,NP7-8,MNL037 LP329,Tayuman,MANILA,3,1,BARANGAY 227,,,14.622988,120.977292,,,,,,,16,2022-01-17,OSP
MNL037 LP322 NP1-2,MNL037,LP322,NP1-2,MNL037 LP322,Tayuman,MANILA,3,1,BARANGAY 227,,,14.620971,120.977398,,,,,,,16,2022-01-17,OSP
MNL037 LP322 NP3-5,MNL037,LP322,NP3-5,MNL037 LP322,Tayuman,MANILA,3,1,BARANGAY 227,,,14.621014,120.977038,,,,,,,24,2022-01-17,OSP
MNL037 LP322 NP6-8,MNL037,LP322,NP6-8,MNL037 LP322,Tayuman,MANILA,3,1,BARANGAY 227,,,14.621581,120.977082,,,,,,,24,2022-01-17,OSP
MNL037 LP323 NP1-2,MNL037,LP323,NP1-2,MNL037 LP323,Tayuman,MANILA,3,1,BARANGAY 227,,,14.621776,120.977111,,,,,,,16,2022-01-17,OSP
MNL037 LP323 NP3-5,MNL037,LP323,NP3-5,MNL037 LP323,Tayuman,MANILA,3,1,BARANGAY 227,,,14.622062,120.977157,,,,,,,24,2022-01-17,OSP
MNL037 LP323 NP6-8,MNL037,LP323,NP6-8,MNL037 LP323,Tayuman,MANILA,3,1,BARANGAY 227,,,14.622239,120.977178,,,,,,,24,2022-01-17,OSP
MNL037 LP324 NP1-2,MNL037,LP324,NP1-2,MNL037 LP324,Tayuman,MANILA,3,1,BARANGAY 227,,,14.622434,120.976679,,,,,,,16,2022-01-17,OSP
MNL037 LP324 NP3-5,MNL037,LP324,NP3-5,MNL037 LP324,Tayuman,MANILA,3,1,BARANGAY 227,,,14.622139,120.976628,,,,,,,24,2022-01-17,OSP
MNL037 LP324 NP6-8,MNL037,LP324,NP6-8,MNL037 LP324,Tayuman,MANILA,3,1,BARANGAY 227,,,14.621804,120.976605,,,,,,,24,2022-01-17,OSP
MNL037 LP325 NP1-2,MNL037,LP325,NP1-2,MNL037 LP325,Tayuman,MANILA,3,1,BARANGAY 227,,,14.621397,120.976524,,,,,,,16,2022-01-17,OSP
MNL037 LP316 NP1-2,MNL037,LP316,NP1-2,MNL037 LP316,Tayuman,MANILA,3,1,BARANGAY 227,,,14.622991,120.978019,,,,,,,16,2022-01-17,OSP
MNL037 LP316 NP3-5,MNL037,LP316,NP3-5,MNL037 LP316,Tayuman,MANILA,3,1,BARANGAY 227,,,14.623077,120.977604,,,,,,,24,2022-01-17,OSP
MNL037 LP316 NP6-8,MNL037,LP316,NP6-8,MNL037 LP316,Tayuman,MANILA,3,1,BARANGAY 227,,,14.622318,120.977943,,,,,,,24,2022-01-17,OSP
MNL037 LP317 NP1-2,MNL037,LP317,NP1-2,MNL037 LP317,Tayuman,MANILA,3,1,BARANGAY 227,,,14.621976,120.977899,,,,,,,16,2022-01-17,OSP
MNL037 LP317 NP3-5,MNL037,LP317,NP3-5,MNL037 LP317,Tayuman,MANILA,3,1,BARANGAY 227,,,14.621705,120.97786,,,,,,,24,2022-01-17,OSP
MNL037 LP317 NP6-8,MNL037,LP317,NP6-8,MNL037 LP317,Tayuman,MANILA,3,1,BARANGAY 227,,,14.621216,120.977807,,,,,,,24,2022-01-17,OSP
MNL003 LP447 NP1-2,MNL003,LP447,NP1-2,MNL003 LP447,City Square,MANILA,3,1,BARANGAY 228,,,14.621174,120.975647,,,,,,,16,2019-10-28,OSP
MNL003 LP447 NP3-4,MNL003,LP447,NP3-4,MNL003 LP447,City Square,MANILA,3,1,BARANGAY 228,,,14.621579,120.975253,,,,,,,16,2019-10-28,OSP
MNL003 LP447 NP5-6,MNL003,LP447,NP5-6,MNL003 LP447,City Square,MANILA,3,1,BARANGAY 228,,,14.622288,120.975736,,,,,,,16,2019-10-28,OSP
MNL003 LP447 NP7-8,MNL003,LP447,NP7-8,MNL003 LP447,City Square,MANILA,3,1,BARANGAY 228,,,14.622455,120.976201,,,,,,,16,2019-10-28,OSP
MNL003 LP69 NP7-8,MNL003,LP69,NP7-8,MNL003 LP69,City Square,MANILA,3,1,BARANGAY 228,,,14.62116051,120.9760266,,,,,,,16,2018-08-27,OSP
MNL003 LP70 NP1-2,MNL003,LP70,NP1-2,MNL003 LP70,City Square,MANILA,3,1,BARANGAY 228,,,14.62158647,120.9760893,,,,,,,16,2018-08-27,OSP
MNL037 LP335 NP1-2,MNL037,LP335,NP1-2,MNL037 LP335,Tayuman,MANILA,3,1,BARANGAY 228,,,14.621423,120.97604,,,,,,,16,2022-01-17,OSP
MNL037 LP335 NP3-4,MNL037,LP335,NP3-4,MNL037 LP335,Tayuman,MANILA,3,1,BARANGAY 228,,,14.621151,120.976002,,,,,,,16,2022-01-17,OSP
MNL037 LP330 NP6-8,MNL037,LP330,NP6-8,MNL037 LP330,Tayuman,MANILA,3,1,BARANGAY 228,,,14.622492,120.976202,,,,,,,24,2022-01-17,OSP
MNL037 LP331 NP1-2,MNL037,LP331,NP1-2,MNL037 LP331,Tayuman,MANILA,3,1,BARANGAY 228,,,14.62243,120.975867,,,,,,,16,2022-01-17,OSP
MNL037 LP331 NP3-5,MNL037,LP331,NP3-5,MNL037 LP331,Tayuman,MANILA,3,1,BARANGAY 228,,,14.622269,120.975699,,,,,,,24,2022-01-17,OSP
MNL037 LP331 NP6-8,MNL037,LP331,NP6-8,MNL037 LP331,Tayuman,MANILA,3,1,BARANGAY 228,,,14.622011,120.975489,,,,,,,24,2022-01-17,OSP
MNL037 LP332 NP1-2,MNL037,LP332,NP1-2,MNL037 LP332,Tayuman,MANILA,3,1,BARANGAY 228,,,14.62248,120.976311,,,,,,,16,2022-01-17,OSP
MNL037 LP333 NP3-5,MNL037,LP333,NP3-5,MNL037 LP333,Tayuman,MANILA,3,1,BARANGAY 228,,,14.622036,120.976017,,,,,,,24,2022-01-17,OSP
MNL037 LP333 NP6-8,MNL037,LP333,NP6-8,MNL037 LP333,Tayuman,MANILA,3,1,BARANGAY 228,,,14.622068,120.975895,,,,,,,24,2022-01-17,OSP
MNL037 LP334 NP3-5,MNL037,LP334,NP3-5,MNL037 LP334,Tayuman,MANILA,3,1,BARANGAY 228,,,14.621767,120.976077,,,,,,,24,2022-01-17,OSP
MNL037 LP334 NP6-8,MNL037,LP334,NP6-8,MNL037 LP334,Tayuman,MANILA,3,1,BARANGAY 228,,,14.621648,120.975886,,,,,,,24,2022-01-17,OSP
MNL037 LP327 NP1-2,MNL037,LP327,NP1-2,MNL037 LP327,Tayuman,MANILA,3,1,BARANGAY 228,,,14.621166,120.975898,,,,,,,16,2022-01-17,OSP
MNL037 LP327 NP3-5,MNL037,LP327,NP3-5,MNL037 LP327,Tayuman,MANILA,3,1,BARANGAY 228,,,14.621194,120.975641,,,,,,,24,2022-01-17,OSP
MNL037 LP327 NP6-8,MNL037,LP327,NP6-8,MNL037 LP327,Tayuman,MANILA,3,1,BARANGAY 228,,,14.621399,120.975653,,,,,,,24,2022-01-17,OSP
MNL037 LP328 NP1-2,MNL037,LP328,NP1-2,MNL037 LP328,Tayuman,MANILA,3,1,BARANGAY 228,,,14.621255,120.975199,,,,,,,16,2022-01-17,OSP
MNL037 LP328 NP3-5,MNL037,LP328,NP3-5,MNL037 LP328,Tayuman,MANILA,3,1,BARANGAY 228,,,14.62087,120.975185,,,,,,,24,2022-01-17,OSP
MNL037 LP328 NP6-8,MNL037,LP328,NP6-8,MNL037 LP328,Tayuman,MANILA,3,1,BARANGAY 228,,,14.621596,120.975262,,,,,,,24,2022-01-17,OSP
MNL003 LP61 NP7-8,MNL003,LP61,NP7-8,MNL003 LP61,City Square,MANILA,3,1,BARANGAY 229,,,14.6168299,120.9770634,,,,,,,16,2018-08-27,OSP
MNL003 LP441 NP1-2,MNL003,LP441,NP1-2,MNL003 LP441,City Square,MANILA,3,1,BARANGAY 229,,,14.619352,120.977181,,,,,,,16,2019-10-28,OSP
MNL003 LP441 NP3-4,MNL003,LP441,NP3-4,MNL003 LP441,City Square,MANILA,3,1,BARANGAY 229,,,14.618448,120.97718,,,,,,,16,2019-10-28,OSP
MNL003 LP441 NP5-6,MNL003,LP441,NP5-6,MNL003 LP441,City Square,MANILA,3,1,BARANGAY 229,,,14.617675,120.977023,,,,,,,16,2019-10-28,OSP
MNL003 LP441 NP7-8,MNL003,LP441,NP7-8,MNL003 LP441,City Square,MANILA,3,1,BARANGAY 229,,,14.617086,120.976898,,,,,,,16,2019-10-28,OSP
MNL005 LP618 NP6-8,MNL005,LP618,NP6-8,MNL005 LP618,Orchard Building (City Square 2),MANILA,3,1,BARANGAY 229,,,14.619358,120.977277,,,,,,,24,2022-05-22,OSP
MNL005 LP621 NP6-8,MNL005,LP621,NP6-8,MNL005 LP621,Orchard Building (City Square 2),MANILA,3,1,BARANGAY 229,,,14.617113,120.976973,,,,,,,24,2022-05-22,OSP
MNL005 LP622 NP1-2,MNL005,LP622,NP1-2,MNL005 LP622,Orchard Building (City Square 2),MANILA,3,1,BARANGAY 229,,,14.617301,120.976973,,,,,,,16,2022-05-22,OSP
MNL005 LP622 NP3-5,MNL005,LP622,NP3-5,MNL005 LP622,Orchard Building (City Square 2),MANILA,3,1,BARANGAY 229,,,14.617438,120.976992,,,,,,,24,2022-05-22,OSP
MNL003 LP442 NP1-2,MNL003,LP442,NP1-2,MNL003 LP442,City Square,MANILA,3,1,BARANGAY 230,,,14.617154,120.976705,,,,,,,16,2019-12-10,OSP
MNL003 LP442 NP3-4,MNL003,LP442,NP3-4,MNL003 LP442,City Square,MANILA,3,1,BARANGAY 230,,,14.618069,120.976777,,,,,,,16,2019-12-10,OSP
MNL003 LP442 NP5-6,MNL003,LP442,NP5-6,MNL003 LP442,City Square,MANILA,3,1,BARANGAY 230,,,14.619095,120.976901,,,,,,,16,2019-12-10,OSP
MNL003 LP98 NP5-6,MNL003,LP98,NP5-6,MNL003 LP98,City Square,MANILA,3,1,BARANGAY 230,,,14.616776,120.976699,,,,,,,16,2020-07-29,OSP
MNL036 LP92 NP7-8,MNL036,LP92,NP7-8,MNL036 LP92,Juan Luna/ Solis,MANILA,3,1,BARANGAY 230,,,14.616559,120.976648,,,,,,,16,2020-08-30,OSP
MNL005 LP619 NP1-2,MNL005,LP619,NP1-2,MNL005 LP619,Orchard Building (City Square 2),MANILA,3,1,BARANGAY 230,,,14.619377,120.976945,,,,,,,16,2022-05-22,OSP
MNL005 LP619 NP3-5,MNL005,LP619,NP3-5,MNL005 LP619,Orchard Building (City Square 2),MANILA,3,1,BARANGAY 230,,,14.61909,120.976903,,,,,,,24,2022-05-22,OSP
MNL005 LP619 NP6-8,MNL005,LP619,NP6-8,MNL005 LP619,Orchard Building (City Square 2),MANILA,3,1,BARANGAY 230,,,14.618671,120.976853,,,,,,,24,2022-05-22,OSP
MNL005 LP620 NP1-2,MNL005,LP620,NP1-2,MNL005 LP620,Orchard Building (City Square 2),MANILA,3,1,BARANGAY 230,,,14.618665,120.97685,,,,,,,16,2022-05-22,OSP
MNL005 LP620 NP3-5,MNL005,LP620,NP3-5,MNL005 LP620,Orchard Building (City Square 2),MANILA,3,1,BARANGAY 230,,,14.618113,120.976784,,,,,,,24,2022-05-22,OSP
MNL005 LP620 NP6-8,MNL005,LP620,NP6-8,MNL005 LP620,Orchard Building (City Square 2),MANILA,3,1,BARANGAY 230,,,14.61784,120.976748,,,,,,,24,2022-05-22,OSP
MNL005 LP621 NP1-2,MNL005,LP621,NP1-2,MNL005 LP621,Orchard Building (City Square 2),MANILA,3,1,BARANGAY 230,,,14.617607,120.976707,,,,,,,16,2022-05-22,OSP
MNL005 LP621 NP3-5,MNL005,LP621,NP3-5,MNL005 LP621,Orchard Building (City Square 2),MANILA,3,1,BARANGAY 230,,,14.617188,120.976711,,,,,,,24,2022-05-22,OSP
MNL005 LP618 NP3-5,MNL005,LP618,NP3-5,MNL005 LP618,Orchard Building (City Square 2),MANILA,3,1,BARANGAY 230,,,14.619385,120.97695,,,,,,,24,2022-05-22,OSP
MNL005 LP539 NP1-2,MNL005,LP539,NP1-2,MNL005 LP539,Orchard Building (City Square 2),MANILA,3,1,BARANGAY 230,,,14.616786,120.976611,,,,,,,16,2022-05-10,OSP
MNL005 LP539 NP3-5,MNL005,LP539,NP3-5,MNL005 LP539,Orchard Building (City Square 2),MANILA,3,1,BARANGAY 230,,,14.616627,120.976662,,,,,,,24,2022-05-10,OSP
MNL005 LP539 NP6-8,MNL005,LP539,NP6-8,MNL005 LP539,Orchard Building (City Square 2),MANILA,3,1,BARANGAY 230,,,14.616615,120.976658,,,,,,,24,2022-05-10,OSP
MNL003 LP62 NP5-6,MNL003,LP62,NP5-6,MNL003 LP62,City Square,MANILA,3,1,BARANGAY 231,,,14.62001863,120.9749577,,,,,,,16,2018-08-27,OSP
MNL003 LP62 NP7-8,MNL003,LP62,NP7-8,MNL003 LP62,City Square,MANILA,3,1,BARANGAY 231,,,14.61997137,120.9752712,,,,,,,16,2018-08-27,OSP
MNL003 LP63 NP1-2,MNL003,LP63,NP1-2,MNL003 LP63,City Square,MANILA,3,1,BARANGAY 231,,,14.61983649,120.9764733,,,,,,,16,2018-08-27,OSP
MNL003 LP63 NP7-8,MNL003,LP63,NP7-8,MNL003 LP63,City Square,MANILA,3,1,BARANGAY 231,,,14.61974847,120.9770497,,,,,,,16,2018-08-27,OSP
MNL003 LP69 NP1-2,MNL003,LP69,NP1-2,MNL003 LP69,City Square,MANILA,3,1,BARANGAY 231,,,14.62090635,120.9777751,,,,,,,16,2018-08-27,OSP
MNL005 LP616 NP1-2,MNL005,LP616,NP1-2,MNL005 LP616,Orchard Building (City Square 2),MANILA,3,1,BARANGAY 231,,,14.619729,120.976406,,,,,,,16,2022-05-22,OSP
MNL005 LP616 NP3-5,MNL005,LP616,NP3-5,MNL005 LP616,Orchard Building (City Square 2),MANILA,3,1,BARANGAY 231,,,14.619725,120.976404,,,,,,,24,2022-05-22,OSP
MNL005 LP616 NP6-8,MNL005,LP616,NP6-8,MNL005 LP616,Orchard Building (City Square 2),MANILA,3,1,BARANGAY 231,,,14.619817,120.97581,,,,,,,24,2022-05-22,OSP
MNL005 LP617 NP1-2,MNL005,LP617,NP1-2,MNL005 LP617,Orchard Building (City Square 2),MANILA,3,1,BARANGAY 231,,,14.619844,120.975516,,,,,,,16,2022-05-22,OSP
MNL005 LP617 NP3-5,MNL005,LP617,NP3-5,MNL005 LP617,Orchard Building (City Square 2),MANILA,3,1,BARANGAY 231,,,14.619916,120.974914,,,,,,,24,2022-05-22,OSP
MNL005 LP617 NP6-8,MNL005,LP617,NP6-8,MNL005 LP617,Orchard Building (City Square 2),MANILA,3,1,BARANGAY 231,,,14.61967,120.974879,,,,,,,24,2022-05-22,OSP
MNL005 LP618 NP1-2,MNL005,LP618,NP1-2,MNL005 LP618,Orchard Building (City Square 2),MANILA,3,1,BARANGAY 231,,,14.619671,120.976973,,,,,,,16,2022-05-22,OSP
MNL037 LP320 NP1-2,MNL037,LP320,NP1-2,MNL037 LP320,Tayuman,MANILA,3,1,BARANGAY 231,,,14.619856,120.9764,,,,,,,16,2022-01-17,OSP
MNL037 LP320 NP3-5,MNL037,LP320,NP3-5,MNL037 LP320,Tayuman,MANILA,3,1,BARANGAY 231,,,14.619907,120.976011,,,,,,,24,2022-01-17,OSP
MNL037 LP320 NP6-8,MNL037,LP320,NP6-8,MNL037 LP320,Tayuman,MANILA,3,1,BARANGAY 231,,,14.619952,120.975668,,,,,,,24,2022-01-17,OSP
MNL037 LP321 NP1-2,MNL037,LP321,NP1-2,MNL037 LP321,Tayuman,MANILA,3,1,BARANGAY 231,,,14.619988,120.975379,,,,,,,16,2022-01-17,OSP
MNL037 LP321 NP3-5,MNL037,LP321,NP3-5,MNL037 LP321,Tayuman,MANILA,3,1,BARANGAY 231,,,14.620016,120.975199,,,,,,,24,2022-01-17,OSP
MNL037 LP321 NP6-8,MNL037,LP321,NP6-8,MNL037 LP321,Tayuman,MANILA,3,1,BARANGAY 231,,,14.620029,120.975051,,,,,,,24,2022-01-17,OSP
MNL037 LP318 NP1-2,MNL037,LP318,NP1-2,MNL037 LP318,Tayuman,MANILA,3,1,BARANGAY 231,,,14.620909,120.977757,,,,,,,16,2022-01-17,OSP
MNL037 LP318 NP3-5,MNL037,LP318,NP3-5,MNL037 LP318,Tayuman,MANILA,3,1,BARANGAY 231,,,14.620641,120.977717,,,,,,,24,2022-01-17,OSP
MNL037 LP318 NP6-8,MNL037,LP318,NP6-8,MNL037 LP318,Tayuman,MANILA,3,1,BARANGAY 231,,,14.620154,120.97766,,,,,,,24,2022-01-17,OSP
MNL037 LP319 NP1-2,MNL037,LP319,NP1-2,MNL037 LP319,Tayuman,MANILA,3,1,BARANGAY 231,,,14.619713,120.977591,,,,,,,16,2022-01-17,OSP
MNL037 LP319 NP3-5,MNL037,LP319,NP3-5,MNL037 LP319,Tayuman,MANILA,3,1,BARANGAY 231,,,14.619754,120.977219,,,,,,,24,2022-01-17,OSP
MNL037 LP319 NP6-8,MNL037,LP319,NP6-8,MNL037 LP319,Tayuman,MANILA,3,1,BARANGAY 231,,,14.619795,120.976872,,,,,,,24,2022-01-17,OSP
MNL003 LP61 NP3-4,MNL003,LP61,NP3-4,MNL003 LP61,City Square,MANILA,3,1,BARANGAY 232,,,14.61726311,120.9745523,,,,,,,16,2018-08-27,OSP
MNL003 LP444 NP3-4,MNL003,LP444,NP3-4,MNL003 LP444,City Square,MANILA,3,1,BARANGAY 232,,,14.61956,120.97556,,,,,,,16,2019-10-28,OSP
MNL003 LP444 NP7-8,MNL003,LP444,NP7-8,MNL003 LP444,City Square,MANILA,3,1,BARANGAY 232,,,14.61933,120.974819,,,,,,,16,2019-10-28,OSP
MNL003 LP445 NP1-2,MNL003,LP445,NP1-2,MNL003 LP445,City Square,MANILA,3,1,BARANGAY 232,,,14.618973,120.974841,,,,,,,16,2019-12-10,OSP
MNL003 LP445 NP3-4,MNL003,LP445,NP3-4,MNL003 LP445,City Square,MANILA,3,1,BARANGAY 232,,,14.618907,120.975408,,,,,,,16,2019-12-10,OSP
MNL003 LP445 NP5-6,MNL003,LP445,NP5-6,MNL003 LP445,City Square,MANILA,3,1,BARANGAY 232,,,14.618708,120.974795,,,,,,,16,2019-12-10,OSP
MNL005 LP613 NP1-2,MNL005,LP613,NP1-2,MNL005 LP613,Orchard Building (City Square 2),MANILA,3,1,BARANGAY 232,,,14.61931,120.975097,,,,,,,16,2022-05-22,OSP
MNL005 LP613 NP3-5,MNL005,LP613,NP3-5,MNL005 LP613,Orchard Building (City Square 2),MANILA,3,1,BARANGAY 232,,,14.619374,120.974817,,,,,,,24,2022-05-22,OSP
MNL005 LP613 NP6-8,MNL005,LP613,NP6-8,MNL005 LP613,Orchard Building (City Square 2),MANILA,3,1,BARANGAY 232,,,14.619017,120.974844,,,,,,,24,2022-05-22,OSP
MNL005 LP614 NP1-2,MNL005,LP614,NP1-2,MNL005 LP614,Orchard Building (City Square 2),MANILA,3,1,BARANGAY 232,,,14.618962,120.975223,,,,,,,16,2022-05-22,OSP
MNL005 LP614 NP3-5,MNL005,LP614,NP3-5,MNL005 LP614,Orchard Building (City Square 2),MANILA,3,1,BARANGAY 232,,,14.618938,120.975557,,,,,,,24,2022-05-22,OSP
MNL005 LP615 NP3-5,MNL005,LP615,NP3-5,MNL005 LP615,Orchard Building (City Square 2),MANILA,3,1,BARANGAY 232,,,14.618629,120.975588,,,,,,,24,2022-05-22,OSP
MNL005 LP615 NP6-8,MNL005,LP615,NP6-8,MNL005 LP615,Orchard Building (City Square 2),MANILA,3,1,BARANGAY 232,,,14.618632,120.975581,,,,,,,24,2022-05-22,OSP
MNL005 LP611 NP6-8,MNL005,LP611,NP6-8,MNL005 LP611,Orchard Building (City Square 2),MANILA,3,1,BARANGAY 232,,,14.619596,120.975535,,,,,,,24,2022-05-22,OSP
MNL005 LP612 NP6-8,MNL005,LP612,NP6-8,MNL005 LP612,Orchard Building (City Square 2),MANILA,3,1,BARANGAY 232,,,14.619286,120.975393,,,,,,,24,2022-05-22,OSP
MNL005 LP605 NP6-8,MNL005,LP605,NP6-8,MNL005 LP605,Orchard Building (City Square 2),MANILA,3,1,BARANGAY 232,,,14.617278,120.974541,,,,,,,24,2022-05-22,OSP
MNL005 LP606 NP1-2,MNL005,LP606,NP1-2,MNL005 LP606,Orchard Building (City Square 2),MANILA,3,1,BARANGAY 232,,,14.61767,120.974589,,,,,,,16,2022-05-22,OSP
MNL005 LP606 NP3-5,MNL005,LP606,NP3-5,MNL005 LP606,Orchard Building (City Square 2),MANILA,3,1,BARANGAY 232,,,14.617809,120.974629,,,,,,,24,2022-05-22,OSP
MNL005 LP606 NP6-8,MNL005,LP606,NP6-8,MNL005 LP606,Orchard Building (City Square 2),MANILA,3,1,BARANGAY 232,,,14.617963,120.974629,,,,,,,24,2022-05-22,OSP
MNL003 LP100 NP5-6,MNL003,LP100,NP5-6,MNL003 LP100,City Square,MANILA,3,1,BARANGAY 233,,,14.61691046,120.9757023,,,,,,,16,2018-11-25,OSP
MNL003 LP61 NP5-6,MNL003,LP61,NP5-6,MNL003 LP61,City Square,MANILA,3,1,BARANGAY 233,,,14.61701433,120.9757924,,,,,,,16,2018-08-27,OSP
MNL003 LP442 NP7-8,MNL003,LP442,NP7-8,MNL003 LP442,City Square,MANILA,3,1,BARANGAY 233,,,14.617214,120.976364,,,,,,,16,2019-12-10,OSP
MNL003 LP443 NP1-2,MNL003,LP443,NP1-2,MNL003 LP443,City Square,MANILA,3,1,BARANGAY 233,,,14.6178,120.976437,,,,,,,16,2019-12-10,OSP
MNL003 LP443 NP5-6,MNL003,LP443,NP5-6,MNL003 LP443,City Square,MANILA,3,1,BARANGAY 233,,,14.618182,120.976083,,,,,,,16,2020-07-29,OSP
MNL003 LP98 NP3-4,MNL003,LP98,NP3-4,MNL003 LP98,City Square,MANILA,3,1,BARANGAY 233,,,14.616847,120.97616,,,,,,,16,2020-07-29,OSP
MNL005 LP623 NP1-2,MNL005,LP623,NP1-2,MNL005 LP623,Orchard Building (City Square 2),MANILA,3,1,BARANGAY 233,,,14.617239,120.976369,,,,,,,16,2022-05-22,OSP
MNL005 LP623 NP3-5,MNL005,LP623,NP3-5,MNL005 LP623,Orchard Building (City Square 2),MANILA,3,1,BARANGAY 233,,,14.617632,120.976418,,,,,,,24,2022-05-22,OSP
MNL005 LP623 NP6-8,MNL005,LP623,NP6-8,MNL005 LP623,Orchard Building (City Square 2),MANILA,3,1,BARANGAY 233,,,14.617826,120.976434,,,,,,,24,2022-05-22,OSP
MNL005 LP624 NP1-2,MNL005,LP624,NP1-2,MNL005 LP624,Orchard Building (City Square 2),MANILA,3,1,BARANGAY 233,,,14.618036,120.976463,,,,,,,16,2022-05-22,OSP
MNL005 LP605 NP1-2,MNL005,LP605,NP1-2,MNL005 LP605,Orchard Building (City Square 2),MANILA,3,1,BARANGAY 233,,,14.616983,120.976108,,,,,,,16,2022-05-22,OSP
MNL005 LP605 NP3-5,MNL005,LP605,NP3-5,MNL005 LP605,Orchard Building (City Square 2),MANILA,3,1,BARANGAY 233,,,14.617043,120.975794,,,,,,,24,2022-05-22,OSP
MNL005 LP607 NP1-2,MNL005,LP607,NP1-2,MNL005 LP607,Orchard Building (City Square 2),MANILA,3,1,BARANGAY 233,,,14.617295,120.975856,,,,,,,16,2022-05-22,OSP
MNL005 LP607 NP3-5,MNL005,LP607,NP3-5,MNL005 LP607,Orchard Building (City Square 2),MANILA,3,1,BARANGAY 233,,,14.617692,120.97595,,,,,,,24,2022-05-22,OSP
MNL005 LP607 NP6-8,MNL005,LP607,NP6-8,MNL005 LP607,Orchard Building (City Square 2),MANILA,3,1,BARANGAY 233,,,14.617925,120.975959,,,,,,,24,2022-05-22,OSP
MNL005 LP608 NP1-2,MNL005,LP608,NP1-2,MNL005 LP608,Orchard Building (City Square 2),MANILA,3,1,BARANGAY 233,,,14.618204,120.976034,,,,,,,16,2022-05-22,OSP
MNL005 LP608 NP3-5,MNL005,LP608,NP3-5,MNL005 LP608,Orchard Building (City Square 2),MANILA,3,1,BARANGAY 233,,,14.61837,120.976123,,,,,,,24,2022-05-22,OSP
MNL005 LP624 NP3-5,MNL005,LP624,NP3-5,MNL005 LP624,Orchard Building (City Square 2),MANILA,3,1,BARANGAY 233,,,14.618285,120.976503,,,,,,,24,2022-05-22,OSP
MNL003 LP97 NP7-8,MNL003,LP97,NP7-8,MNL003 LP97,City Square,MANILA,3,1,BARANGAY 234,,,14.61596316,120.9758772,,,,,,,16,2018-11-19,OSP
MNL003 LP98 NP1-2,MNL003,LP98,NP1-2,MNL003 LP98,City Square,MANILA,3,1,BARANGAY 234,,,14.61653144,120.9760335,,,,,,,16,2018-11-19,OSP
MNL036 LP90 NP1-2,MNL036,LP90,NP1-2,MNL036 LP90,Juan Luna/ Solis,MANILA,3,1,BARANGAY 234,,,14.616494,120.976031,,,,,,,16,2020-08-30,OSP
MNL036 LP90 NP3-4,MNL036,LP90,NP3-4,MNL036 LP90,Juan Luna/ Solis,MANILA,3,1,BARANGAY 234,,,14.615944,120.975876,,,,,,,16,2020-08-30,OSP
MNL005 LP546 NP3-5,MNL005,LP546,NP3-5,MNL005 LP546,Orchard Building (City Square 2),MANILA,3,1,BARANGAY 234,,,14.616558,120.976057,,,,,,,24,2022-05-10,OSP
MNL005 LP546 NP6-8,MNL005,LP546,NP6-8,MNL005 LP546,Orchard Building (City Square 2),MANILA,3,1,BARANGAY 234,,,14.615912,120.975861,,,,,,,24,2022-05-10,OSP
MNL005 LP547 NP1-2,MNL005,LP547,NP1-2,MNL005 LP547,Orchard Building (City Square 2),MANILA,3,1,BARANGAY 234,,,14.615714,120.975736,,,,,,,16,2022-05-10,OSP
MNL005 LP546 NP1-2,MNL005,LP546,NP1-2,MNL005 LP546,Orchard Building (City Square 2),MANILA,3,1,BARANGAY 234,,,14.616844,120.97612,,,,,,,16,2022-05-10,OSP
MNL003 LP98 NP7-8,MNL003,LP98,NP7-8,MNL003 LP98,City Square,MANILA,3,1,BARANGAY 235,,,14.616628,120.977169,,,,,,,16,2020-07-29,OSP
MNL036 LP94 NP7-8,MNL036,LP94,NP7-8,MNL036 LP94,Juan Luna/ Solis,MANILA,3,1,BARANGAY 235,,,14.61387,120.976467,,,,,,,16,2020-08-30,OSP
MNL036 LP91 NP3-4,MNL036,LP91,NP3-4,MNL036 LP91,Juan Luna/ Solis,MANILA,3,1,BARANGAY 235,,,14.614796,120.976049,,,,,,,16,2020-08-30,OSP
MNL036 LP91 NP5-6,MNL036,LP91,NP5-6,MNL036 LP91,Juan Luna/ Solis,MANILA,3,1,BARANGAY 235,,,14.614682,120.976059,,,,,,,16,2020-08-30,OSP
MNL036 LP91 NP7-8,MNL036,LP91,NP7-8,MNL036 LP91,Juan Luna/ Solis,MANILA,3,1,BARANGAY 235,,,14.614643,120.976268,,,,,,,16,2020-08-30,OSP
MNL036 LP92 NP1-2,MNL036,LP92,NP1-2,MNL036 LP92,Juan Luna/ Solis,MANILA,3,1,BARANGAY 235,,,14.615192,120.976167,,,,,,,16,2020-08-30,OSP
MNL036 LP92 NP3-4,MNL036,LP92,NP3-4,MNL036 LP92,Juan Luna/ Solis,MANILA,3,1,BARANGAY 235,,,14.615593,120.97632,,,,,,,16,2020-08-30,OSP
MNL036 LP92 NP5-6,MNL036,LP92,NP5-6,MNL036 LP92,Juan Luna/ Solis,MANILA,3,1,BARANGAY 235,,,14.616031,120.976472,,,,,,,16,2020-08-30,OSP
MNL005 LP550 NP6-8,MNL005,LP550,NP6-8,MNL005 LP550,Orchard Building (City Square 2),MANILA,3,1,BARANGAY 235,,,14.61392,120.976269,,,,,,,24,2022-05-10,OSP
MNL005 LP540 NP6-8,MNL005,LP540,NP6-8,MNL005 LP540,Orchard Building (City Square 2),MANILA,3,1,BARANGAY 235,,,14.615733,120.976359,,,,,,,24,2022-05-10,OSP
MNL005 LP541 NP1-2,MNL005,LP541,NP1-2,MNL005 LP541,Orchard Building (City Square 2),MANILA,3,1,BARANGAY 235,,,14.61573,120.976359,,,,,,,16,2022-05-10,OSP
MNL005 LP541 NP3-5,MNL005,LP541,NP3-5,MNL005 LP541,Orchard Building (City Square 2),MANILA,3,1,BARANGAY 235,,,14.615611,120.976318,,,,,,,24,2022-05-10,OSP
MNL005 LP541 NP6-8,MNL005,LP541,NP6-8,MNL005 LP541,Orchard Building (City Square 2),MANILA,3,1,BARANGAY 235,,,14.615601,120.976321,,,,,,,24,2022-05-10,OSP
MNL005 LP542 NP1-2,MNL005,LP542,NP1-2,MNL005 LP542,Orchard Building (City Square 2),MANILA,3,1,BARANGAY 235,,,14.615393,120.976248,,,,,,,16,2022-05-10,OSP
MNL005 LP542 NP3-5,MNL005,LP542,NP3-5,MNL005 LP542,Orchard Building (City Square 2),MANILA,3,1,BARANGAY 235,,,14.615384,120.976244,,,,,,,24,2022-05-10,OSP
MNL005 LP542 NP6-8,MNL005,LP542,NP6-8,MNL005 LP542,Orchard Building (City Square 2),MANILA,3,1,BARANGAY 235,,,14.615143,120.97617,,,,,,,24,2022-05-10,OSP
MNL005 LP543 NP1-2,MNL005,LP543,NP1-2,MNL005 LP543,Orchard Building (City Square 2),MANILA,3,1,BARANGAY 235,,,14.614803,120.976085,,,,,,,16,2022-05-10,OSP
MNL005 LP543 NP3-5,MNL005,LP543,NP3-5,MNL005 LP543,Orchard Building (City Square 2),MANILA,3,1,BARANGAY 235,,,14.614694,120.976048,,,,,,,24,2022-05-10,OSP
MNL005 LP543 NP6-8,MNL005,LP543,NP6-8,MNL005 LP543,Orchard Building (City Square 2),MANILA,3,1,BARANGAY 235,,,14.614639,120.976271,,,,,,,24,2022-05-10,OSP
MNL005 LP544 NP1-2,MNL005,LP544,NP1-2,MNL005 LP544,Orchard Building (City Square 2),MANILA,3,1,BARANGAY 235,,,14.615534,120.976603,,,,,,,16,2022-05-10,OSP
MNL005 LP544 NP3-5,MNL005,LP544,NP3-5,MNL005 LP544,Orchard Building (City Square 2),MANILA,3,1,BARANGAY 235,,,14.615201,120.976526,,,,,,,24,2022-05-10,OSP
MNL005 LP544 NP6-8,MNL005,LP544,NP6-8,MNL005 LP544,Orchard Building (City Square 2),MANILA,3,1,BARANGAY 235,,,14.614957,120.976466,,,,,,,24,2022-05-10,OSP
MNL005 LP545 NP1-2,MNL005,LP545,NP1-2,MNL005 LP545,Orchard Building (City Square 2),MANILA,3,1,BARANGAY 235,,,14.616,120.976732,,,,,,,16,2022-05-10,OSP
MNL005 LP545 NP3-5,MNL005,LP545,NP3-5,MNL005 LP545,Orchard Building (City Square 2),MANILA,3,1,BARANGAY 235,,,14.616229,120.976749,,,,,,,24,2022-05-10,OSP
MNL005 LP545 NP6-8,MNL005,LP545,NP6-8,MNL005 LP545,Orchard Building (City Square 2),MANILA,3,1,BARANGAY 235,,,14.616395,120.976814,,,,,,,24,2022-05-10,OSP
MNL005 LP540 NP1-2,MNL005,LP540,NP1-2,MNL005 LP540,Orchard Building (City Square 2),MANILA,3,1,BARANGAY 235,,,14.615933,120.97642,,,,,,,16,2022-05-10,OSP
MNL005 LP540 NP3-5,MNL005,LP540,NP3-5,MNL005 LP540,Orchard Building (City Square 2),MANILA,3,1,BARANGAY 235,,,14.615932,120.976415,,,,,,,24,2022-05-10,OSP
MNL003 LP97 NP1-2,MNL003,LP97,NP1-2,MNL003 LP97,City Square,MANILA,3,1,BARANGAY 236,,,14.61490416,120.9754226,,,,,,,16,2018-11-19,OSP
MNL003 LP97 NP3-4,MNL003,LP97,NP3-4,MNL003 LP97,City Square,MANILA,3,1,BARANGAY 236,,,14.61526522,120.9755829,,,,,,,16,2018-11-19,OSP
MNL003 LP97 NP5-6,MNL003,LP97,NP5-6,MNL003 LP97,City Square,MANILA,3,1,BARANGAY 236,,,14.61560974,120.9757024,,,,,,,16,2018-11-19,OSP
MNL036 LP90 NP5-6,MNL036,LP90,NP5-6,MNL036 LP90,Juan Luna/ Solis,MANILA,3,1,BARANGAY 236,,,14.615607,120.975685,,,,,,,16,2020-08-30,OSP
MNL036 LP90 NP7-8,MNL036,LP90,NP7-8,MNL036 LP90,Juan Luna/ Solis,MANILA,3,1,BARANGAY 236,,,14.615317,120.975602,,,,,,,16,2020-08-30,OSP
MNL036 LP91 NP1-2,MNL036,LP91,NP1-2,MNL036 LP91,Juan Luna/ Solis,MANILA,3,1,BARANGAY 236,,,14.614888,120.975427,,,,,,,16,2020-08-30,OSP
MNL005 LP547 NP3-5,MNL005,LP547,NP3-5,MNL005 LP547,Orchard Building (City Square 2),MANILA,3,1,BARANGAY 236,,,14.615389,120.975623,,,,,,,24,2022-05-10,OSP
MNL005 LP547 NP6-8,MNL005,LP547,NP6-8,MNL005 LP547,Orchard Building (City Square 2),MANILA,3,1,BARANGAY 236,,,14.615396,120.975623,,,,,,,24,2022-05-10,OSP
MNL005 LP548 NP1-2,MNL005,LP548,NP1-2,MNL005 LP548,Orchard Building (City Square 2),MANILA,3,1,BARANGAY 236,,,14.615137,120.975537,,,,,,,16,2022-05-10,OSP
MNL005 LP548 NP3-5,MNL005,LP548,NP3-5,MNL005 LP548,Orchard Building (City Square 2),MANILA,3,1,BARANGAY 236,,,14.614988,120.975478,,,,,,,24,2022-05-10,OSP
MNL005 LP548 NP6-8,MNL005,LP548,NP6-8,MNL005 LP548,Orchard Building (City Square 2),MANILA,3,1,BARANGAY 236,,,14.614979,120.975467,,,,,,,24,2022-05-10,OSP
MNL003 LP96 NP1-2,MNL003,LP96,NP1-2,MNL003 LP96,City Square,MANILA,3,1,BARANGAY 237,,,14.61421893,120.9751835,,,,,,,16,2018-11-19,OSP
MNL003 LP96 NP3-4,MNL003,LP96,NP3-4,MNL003 LP96,City Square,MANILA,3,1,BARANGAY 237,,,14.61411214,120.9755053,,,,,,,16,2018-11-19,OSP
MNL003 LP96 NP5-6,MNL003,LP96,NP5-6,MNL003 LP96,City Square,MANILA,3,1,BARANGAY 237,,,14.61402188,120.975889,,,,,,,16,2018-11-19,OSP
MNL003 LP96 NP7-8,MNL003,LP96,NP7-8,MNL003 LP96,City Square,MANILA,3,1,BARANGAY 237,,,14.61458761,120.9753162,,,,,,,16,2018-11-19,OSP
MNL036 LP94 NP1-2,MNL036,LP94,NP1-2,MNL036 LP94,Juan Luna/ Solis,MANILA,3,1,BARANGAY 237,,,14.614108,120.975484,,,,,,,16,2020-08-30,OSP
MNL036 LP94 NP3-4,MNL036,LP94,NP3-4,MNL036 LP94,Juan Luna/ Solis,MANILA,3,1,BARANGAY 237,,,14.614008,120.975886,,,,,,,16,2020-08-30,OSP
MNL036 LP94 NP5-6,MNL036,LP94,NP5-6,MNL036 LP94,Juan Luna/ Solis,MANILA,3,1,BARANGAY 237,,,14.614304,120.975973,,,,,,,16,2020-08-30,OSP
MNL036 LP93 NP1-2,MNL036,LP93,NP1-2,MNL036 LP93,Juan Luna/ Solis,MANILA,3,1,BARANGAY 237,,,14.614601,120.975321,,,,,,,16,2020-08-30,OSP
MNL036 LP93 NP3-4,MNL036,LP93,NP3-4,MNL036 LP93,Juan Luna/ Solis,MANILA,3,1,BARANGAY 237,,,14.614255,120.975188,,,,,,,16,2020-08-30,OSP
MNL005 LP549 NP1-2,MNL005,LP549,NP1-2,MNL005 LP549,Orchard Building (City Square 2),MANILA,3,1,BARANGAY 237,,,14.614668,120.975331,,,,,,,16,2022-05-10,OSP
MNL005 LP549 NP3-5,MNL005,LP549,NP3-5,MNL005 LP549,Orchard Building (City Square 2),MANILA,3,1,BARANGAY 237,,,14.614248,120.975172,,,,,,,24,2022-05-10,OSP
MNL005 LP549 NP6-8,MNL005,LP549,NP6-8,MNL005 LP549,Orchard Building (City Square 2),MANILA,3,1,BARANGAY 237,,,14.614116,120.975458,,,,,,,24,2022-05-10,OSP
MNL005 LP550 NP1-2,MNL005,LP550,NP1-2,MNL005 LP550,Orchard Building (City Square 2),MANILA,3,1,BARANGAY 237,,,14.614114,120.975473,,,,,,,16,2022-05-10,OSP
MNL005 LP550 NP3-5,MNL005,LP550,NP3-5,MNL005 LP550,Orchard Building (City Square 2),MANILA,3,1,BARANGAY 237,,,14.614042,120.975821,,,,,,,24,2022-05-10,OSP
MNL003 LP472 NP3-4,MNL003,LP472,NP3-4,MNL003 LP472,City Square,MANILA,3,1,BARANGAY 238,,,14.609325,120.975313,,,,,,,16,2019-11-20,OSP
MNL003 LP99 NP1-2,MNL003,LP99,NP1-2,MNL003 LP99,City Square,MANILA,3,1,BARANGAY 238,,,14.60826884,120.9754353,,,,,,,16,2018-11-25,OSP
MNL003 LP99 NP3-4,MNL003,LP99,NP3-4,MNL003 LP99,City Square,MANILA,3,1,BARANGAY 238,,,14.61002043,120.9757726,,,,,,,16,2018-11-25,OSP
MNL005 LP558 NP1-2,MNL005,LP558,NP1-2,MNL005 LP558,Orchard Building (City Square 2),MANILA,3,1,BARANGAY 238,,,14.608218,120.975034,,,,,,,16,2022-05-10,OSP
MNL005 LP558 NP3-5,MNL005,LP558,NP3-5,MNL005 LP558,Orchard Building (City Square 2),MANILA,3,1,BARANGAY 238,,,14.608574,120.97511,,,,,,,24,2022-05-10,OSP
MNL005 LP558 NP6-8,MNL005,LP558,NP6-8,MNL005 LP558,Orchard Building (City Square 2),MANILA,3,1,BARANGAY 238,,,14.608843,120.975155,,,,,,,24,2022-05-10,OSP
MNL005 LP559 NP1-2,MNL005,LP559,NP1-2,MNL005 LP559,Orchard Building (City Square 2),MANILA,3,1,BARANGAY 238,,,14.609557,120.97536,,,,,,,16,2022-05-10,OSP
MNL005 LP559 NP3-5,MNL005,LP559,NP3-5,MNL005 LP559,Orchard Building (City Square 2),MANILA,3,1,BARANGAY 238,,,14.609927,120.975429,,,,,,,24,2022-05-10,OSP
MNL037 LP4 NP7-8,MNL037,LP4,NP7-8,MNL037 LP4,Tayuman,MANILA,3,1,BARANGAY 238,,,14.609314,120.975617,,,,,,,16,2020-09-29,OSP
MNL037 LP5 NP1-2,MNL037,LP5,NP1-2,MNL037 LP5,Tayuman,MANILA,3,1,BARANGAY 238,,,14.608487,120.975477,,,,,,,16,2020-09-29,OSP
MNL003 LP94 NP5-6,MNL003,LP94,NP5-6,MNL003 LP94,City Square,MANILA,3,1,BARANGAY 239,,,14.61275603,120.9754221,,,,,,,16,2018-11-19,OSP
MNL003 LP94 NP7-8,MNL003,LP94,NP7-8,MNL003 LP94,City Square,MANILA,3,1,BARANGAY 239,,,14.61285981,120.9749816,,,,,,,16,2018-11-19,OSP
MNL003 LP2 NP3,MNL003,LP2,NP3,MNL003 LP2,City Square,MANILA,3,1,BARANGAY 239,,DYNASTY TWIN TOWERS (TOWER 1),14.612516,120.976045,MNL16P,12F,EE ROOM BUILDING A,,,,,2016-07-28,ISP
MNL003 LP2 NP2,MNL003,LP2,NP2,MNL003 LP2,City Square,MANILA,3,1,BARANGAY 239,,DYNASTY TWIN TOWERS (TOWER 1),14.612516,120.976045,,10F,EE ROOM BUILDING A,MNL16P,,,,2016-07-28,ISP
MNL003 LP2 NP6,MNL003,LP2,NP6,MNL003 LP2,City Square,MANILA,3,1,BARANGAY 239,,DYNASTY TWIN TOWERS (TOWER 1),14.612516,120.976045,MNL16P,19F,EE ROOM BUILDING A,,,,,2016-07-28,ISP
MNL003 LP2 NP8,MNL003,LP2,NP8,MNL003 LP2,City Square,MANILA,3,1,BARANGAY 239,,DYNASTY TWIN TOWERS (TOWER 1),14.612516,120.976045,,23F,EE ROOM BUILDING A,MNL16P,,,,2016-07-28,ISP
MNL003 LP2 NP1,MNL003,LP2,NP1,MNL003 LP2,City Square,MANILA,3,1,BARANGAY 239,,DYNASTY TWIN TOWERS (TOWER 1),14.612516,120.976045,,8F,EE ROOM BUILDING A,MNL16P,,,,2016-07-28,ISP
MNL003 LP2 NP5,MNL003,LP2,NP5,MNL003 LP2,City Square,MANILA,3,1,BARANGAY 239,,DYNASTY TWIN TOWERS (TOWER 1),14.612516,120.976045,MNL16P,17F,EE ROOM BUILDING A,,,,,2016-07-28,ISP
MNL003 LP2 NP4,MNL003,LP2,NP4,MNL003 LP2,City Square,MANILA,3,1,BARANGAY 239,,DYNASTY TWIN TOWERS (TOWER 1),14.612516,120.976045,MNL16P,15F,EE ROOM BUILDING A,,,,,2016-07-28,ISP
MNL003 LP2 NP7,MNL003,LP2,NP7,MNL003 LP2,City Square,MANILA,3,1,BARANGAY 239,,DYNASTY TWIN TOWERS (TOWER 1),14.612516,120.976045,MNL16P,21F,EE ROOM BUILDING A,,,,,2016-07-28,ISP
MNL036 LP93 NP7-8,MNL036,LP93,NP7-8,MNL036 LP93,Juan Luna/ Solis,MANILA,3,1,BARANGAY 239,,,14.613696,120.97575,,,,,,,16,2020-08-30,OSP
MNL036 LP95 NP5-6,MNL036,LP95,NP5-6,MNL036 LP95,Juan Luna/ Solis,MANILA,3,1,BARANGAY 239,,,14.613472,120.975371,,,,,,,16,2020-08-30,OSP
MNL036 LP95 NP7-8,MNL036,LP95,NP7-8,MNL036 LP95,Juan Luna/ Solis,MANILA,3,1,BARANGAY 239,,,14.6134,120.975913,,,,,,,16,2020-08-30,OSP
MNL036 LP96 NP3-4,MNL036,LP96,NP3-4,MNL036 LP96,Juan Luna/ Solis,MANILA,3,1,BARANGAY 239,,,14.612751,120.975423,,,,,,,16,2020-08-30,OSP
MNL036 LP93 NP5-6,MNL036,LP93,NP5-6,MNL036 LP93,Juan Luna/ Solis,MANILA,3,1,BARANGAY 239,,,14.613745,120.975509,,,,,,,16,2020-08-30,OSP
MNL005 LP551 NP3-5,MNL005,LP551,NP3-5,MNL005 LP551,Orchard Building (City Square 2),MANILA,3,1,BARANGAY 239,,,14.613744,120.975398,,,,,,,24,2022-05-10,OSP
MNL005 LP551 NP6-8,MNL005,LP551,NP6-8,MNL005 LP551,Orchard Building (City Square 2),MANILA,3,1,BARANGAY 239,,,14.613691,120.975742,,,,,,,24,2022-05-10,OSP
MNL005 LP552 NP6-8,MNL005,LP552,NP6-8,MNL005 LP552,Orchard Building (City Square 2),MANILA,3,1,BARANGAY 239,,,14.612856,120.974995,,,,,,,24,2022-05-10,OSP
MNL005 LP554 NP1-2,MNL005,LP554,NP1-2,MNL005 LP554,Orchard Building (City Square 2),MANILA,3,1,BARANGAY 239,,,14.612768,120.975428,,,,,,,16,2022-05-10,OSP
MNL003 LP346 NP1-2,MNL003,LP346,NP1-2,MNL003 LP346,City Square,MANILA,3,1,BARANGAY 240,,,14.60693612,120.974993,,,,,,,16,2019-04-30,OSP
MNL037 LP5 NP5-6,MNL037,LP5,NP5-6,MNL037 LP5,Tayuman,MANILA,3,1,BARANGAY 240,,,14.607284,120.975107,,,,,,,16,2020-09-29,OSP
MNL037 LP5 NP7-8,MNL037,LP5,NP7-8,MNL037 LP5,Tayuman,MANILA,3,1,BARANGAY 240,,,14.606454,120.974841,,,,,,,16,2020-09-29,OSP
MNL037 LP5 NP3-4,MNL037,LP5,NP3-4,MNL037 LP5,Tayuman,MANILA,3,1,BARANGAY 240,,,14.607964,120.975342,,,,,,,16,2020-09-29,OSP
MNL003 LP296 NP7-8,MNL003,LP296,NP7-8,MNL003 LP296,City Square,MANILA,3,1,BARANGAY 241,,,14.610836,120.972538,,,,,,,16,2019-03-29,OSP
MNL003 LP95 NP1-2,MNL003,LP95,NP1-2,MNL003 LP95,City Square,MANILA,3,1,BARANGAY 241,,,14.61211281,120.9746313,,,,,,,16,2018-11-19,OSP
MNL003 LP95 NP3-4,MNL003,LP95,NP3-4,MNL003 LP95,City Square,MANILA,3,1,BARANGAY 241,,,14.61174918,120.9745276,,,,,,,16,2018-11-19,OSP
MNL003 LP95 NP5-6,MNL003,LP95,NP5-6,MNL003 LP95,City Square,MANILA,3,1,BARANGAY 241,,,14.6133182,120.9750125,,,,,,,16,2018-11-19,OSP
MNL003 LP95 NP7-8,MNL003,LP95,NP7-8,MNL003 LP95,City Square,MANILA,3,1,BARANGAY 241,,,14.61376309,120.9750998,,,,,,,16,2018-11-19,OSP
MNL003 LP488 NP3,MNL003,LP488,NP3,MNL003 LP488,City Square,MANILA,3,1,BARANGAY 241,,SW TOWER,14.610940,120.974020,,3F,FIRE EXIT,MNL17P,,,,2024-01-15,ISP
MNL003 LP489 NP4,MNL003,LP489,NP4,MNL003 LP489,City Square,MANILA,3,1,BARANGAY 241,,SW TOWER,14.610940,120.974020,,3F,FIRE EXIT,MNL17P,,,,2024-01-15,ISP
MNL003 LP488 NP1,MNL003,LP488,NP1,MNL003 LP488,City Square,MANILA,3,1,BARANGAY 241,,SW TOWER,14.610940,120.974020,,3F,FIRE EXIT,MNL17P,,,,2024-01-15,ISP
MNL003 LP489 NP2,MNL003,LP489,NP2,MNL003 LP489,City Square,MANILA,3,1,BARANGAY 241,,SW TOWER,14.610940,120.974020,,3F,FIRE EXIT,MNL17P,,,,2024-01-15,ISP
MNL003 LP489 NP3,MNL003,LP489,NP3,MNL003 LP489,City Square,MANILA,3,1,BARANGAY 241,,SW TOWER,14.610940,120.974020,,3F,FIRE EXIT,MNL17P,,,,2024-01-15,ISP
MNL003 LP488 NP4,MNL003,LP488,NP4,MNL003 LP488,City Square,MANILA,3,1,BARANGAY 241,,SW TOWER,14.610940,120.974020,,3F,FIRE EXIT,MNL17P,,,,2024-01-15,ISP
MNL003 LP489 NP5,MNL003,LP489,NP5,MNL003 LP489,City Square,MANILA,3,1,BARANGAY 241,,SW TOWER,14.610940,120.974020,,3F,FIRE EXIT,MNL17P,,,,2024-01-15,ISP
MNL003 LP489 NP1,MNL003,LP489,NP1,MNL003 LP489,City Square,MANILA,3,1,BARANGAY 241,,SW TOWER,14.610940,120.974020,,3F,FIRE EXIT,MNL17P,,,,2024-01-15,ISP
MNL003 LP488 NP2,MNL003,LP488,NP2,MNL003 LP488,City Square,MANILA,3,1,BARANGAY 241,,SW TOWER,14.610940,120.974020,,3F,FIRE EXIT,MNL17P,,,,2024-01-15,ISP
MNL003 LP488 NP5,MNL003,LP488,NP5,MNL003 LP488,City Square,MANILA,3,1,BARANGAY 241,,SW TOWER,14.610940,120.974020,,3F,FIRE EXIT,MNL17P,,,,2024-01-15,ISP
MNL036 LP95 NP1-2,MNL036,LP95,NP1-2,MNL036 LP95,Juan Luna/ Solis,MANILA,3,1,BARANGAY 241,,,14.613789,120.97508,,,,,,,16,2020-08-30,OSP
MNL036 LP95 NP3-4,MNL036,LP95,NP3-4,MNL036 LP95,Juan Luna/ Solis,MANILA,3,1,BARANGAY 241,,,14.613327,120.974988,,,,,,,16,2020-08-30,OSP
MNL036 LP96 NP1-2,MNL036,LP96,NP1-2,MNL036 LP96,Juan Luna/ Solis,MANILA,3,1,BARANGAY 241,,,14.612956,120.974909,,,,,,,16,2020-08-30,OSP
MNL036 LP99 NP1-2,MNL036,LP99,NP1-2,MNL036 LP99,Juan Luna/ Solis,MANILA,3,1,BARANGAY 241,,,14.612612,120.974787,,,,,,,16,2020-08-30,OSP
MNL036 LP99 NP3-4,MNL036,LP99,NP3-4,MNL036 LP99,Juan Luna/ Solis,MANILA,3,1,BARANGAY 241,,,14.611753,120.974515,,,,,,,16,2020-08-30,OSP
MNL036 LP99 NP5-6,MNL036,LP99,NP5-6,MNL036 LP99,Juan Luna/ Solis,MANILA,3,1,BARANGAY 241,,,14.61138,120.974396,,,,,,,16,2020-08-30,OSP
MNL036 LP99 NP7-8,MNL036,LP99,NP7-8,MNL036 LP99,Juan Luna/ Solis,MANILA,3,1,BARANGAY 241,,,14.611117,120.974305,,,,,,,16,2020-08-30,OSP
MNL005 LP551 NP1-2,MNL005,LP551,NP1-2,MNL005 LP551,Orchard Building (City Square 2),MANILA,3,1,BARANGAY 241,,,14.613812,120.975077,,,,,,,16,2022-05-10,OSP
MNL005 LP552 NP1-2,MNL005,LP552,NP1-2,MNL005 LP552,Orchard Building (City Square 2),MANILA,3,1,BARANGAY 241,,,14.613443,120.975001,,,,,,,16,2022-05-10,OSP
MNL005 LP552 NP3-5,MNL005,LP552,NP3-5,MNL005 LP552,Orchard Building (City Square 2),MANILA,3,1,BARANGAY 241,,,14.612972,120.974889,,,,,,,24,2022-05-10,OSP
MNL005 LP553 NP1-2,MNL005,LP553,NP1-2,MNL005 LP553,Orchard Building (City Square 2),MANILA,3,1,BARANGAY 241,,,14.612708,120.974806,,,,,,,16,2022-05-10,OSP
MNL005 LP553 NP3-5,MNL005,LP553,NP3-5,MNL005 LP553,Orchard Building (City Square 2),MANILA,3,1,BARANGAY 241,,,14.612252,120.974663,,,,,,,24,2022-05-10,OSP
MNL005 LP553 NP6-8,MNL005,LP553,NP6-8,MNL005 LP553,Orchard Building (City Square 2),MANILA,3,1,BARANGAY 241,,,14.61175,120.974497,,,,,,,24,2022-05-10,OSP
MNL003 LP472 NP1-2,MNL003,LP472,NP1-2,MNL003 LP472,City Square,MANILA,3,1,BARANGAY 242,,,14.608226,120.974601,,,,,,,16,2019-11-20,OSP
MNL003 LP92 NP7-8,MNL003,LP92,NP7-8,MNL003 LP92,City Square,MANILA,3,1,BARANGAY 242,,,14.60930447,120.9748015,,,,,,,16,2018-11-19,OSP
MNL003 LP93 NP1-2,MNL003,LP93,NP1-2,MNL003 LP93,City Square,MANILA,3,1,BARANGAY 242,,,14.61004068,120.9749353,,,,,,,16,2018-11-19,OSP
MNL003 LP474 NP1-2,MNL003,LP474,NP1-2,MNL003 LP474,City Square,MANILA,3,1,BARANGAY 242,,,14.607402,120.974548,,,,,,,16,2019-11-20,OSP
MNL003 LP474 NP3-4,MNL003,LP474,NP3-4,MNL003 LP474,City Square,MANILA,3,1,BARANGAY 242,,,14.606928,120.974462,,,,,,,16,2019-11-20,OSP
MNL003 LP474 NP5-6,MNL003,LP474,NP5-6,MNL003 LP474,City Square,MANILA,3,1,BARANGAY 242,,,14.606291,120.974335,,,,,,,16,2019-11-20,OSP
MNL036 LP97 NP7-8,MNL036,LP97,NP7-8,MNL036 LP97,Juan Luna/ Solis,MANILA,3,1,BARANGAY 242,,,14.609769,120.974886,,,,,,,16,2020-08-30,OSP
MNL036 LP98 NP1-2,MNL036,LP98,NP1-2,MNL036 LP98,Juan Luna/ Solis,MANILA,3,1,BARANGAY 242,,,14.609298,120.974797,,,,,,,16,2020-08-30,OSP
MNL005 LP534 NP5-6,MNL005,LP534,NP5-6,MNL005 LP534,Orchard Building (City Square 2),MANILA,3,1,BARANGAY 242,,,14.606282,120.974349,,,,,,,16,2022-06-23,OSP
MNL005 LP561 NP1-2,MNL005,LP561,NP1-2,MNL005 LP561,Orchard Building (City Square 2),MANILA,3,1,BARANGAY 242,,,14.608103,120.974657,,,,,,,16,2022-05-10,OSP
MNL005 LP561 NP3-5,MNL005,LP561,NP3-5,MNL005 LP561,Orchard Building (City Square 2),MANILA,3,1,BARANGAY 242,,,14.607415,120.974545,,,,,,,24,2022-05-10,OSP
MNL005 LP561 NP6-8,MNL005,LP561,NP6-8,MNL005 LP561,Orchard Building (City Square 2),MANILA,3,1,BARANGAY 242,,,14.606905,120.974458,,,,,,,24,2022-05-10,OSP
MNL005 LP556 NP6-8,MNL005,LP556,NP6-8,MNL005 LP556,Orchard Building (City Square 2),MANILA,3,1,BARANGAY 242,,,14.609294,120.974794,,,,,,,24,2022-05-10,OSP
MNL005 LP557 NP1-2,MNL005,LP557,NP1-2,MNL005 LP557,Orchard Building (City Square 2),MANILA,3,1,BARANGAY 242,,,14.608713,120.974691,,,,,,,16,2022-05-10,OSP
MNL005 LP557 NP3-5,MNL005,LP557,NP3-5,MNL005 LP557,Orchard Building (City Square 2),MANILA,3,1,BARANGAY 242,,,14.6087,120.97469,,,,,,,24,2022-05-10,OSP
MNL005 LP557 NP6-8,MNL005,LP557,NP6-8,MNL005 LP557,Orchard Building (City Square 2),MANILA,3,1,BARANGAY 242,,,14.608232,120.974623,,,,,,,24,2022-05-10,OSP
MNL005 LP556 NP1-2,MNL005,LP556,NP1-2,MNL005 LP556,Orchard Building (City Square 2),MANILA,3,1,BARANGAY 242,,,14.61002,120.974929,,,,,,,16,2022-05-10,OSP
MNL005 LP556 NP3-5,MNL005,LP556,NP3-5,MNL005 LP556,Orchard Building (City Square 2),MANILA,3,1,BARANGAY 242,,,14.609685,120.974859,,,,,,,24,2022-05-10,OSP
MNL003 LP472 NP7-8,MNL003,LP472,NP7-8,MNL003 LP472,City Square,MANILA,3,1,BARANGAY 243,,,14.610363,120.974631,,,,,,,16,2019-11-20,OSP
MNL003 LP473 NP1-2,MNL003,LP473,NP1-2,MNL003 LP473,City Square,MANILA,3,1,BARANGAY 243,,,14.610412,120.974185,,,,,,,16,2019-11-20,OSP
MNL005 LP565 NP6-8,MNL005,LP565,NP6-8,MNL005 LP565,Orchard Building (City Square 2),MANILA,3,1,BARANGAY 243,,,14.610637,120.974605,,,,,,,24,2022-05-10,OSP
MNL005 LP566 NP1-2,MNL005,LP566,NP1-2,MNL005 LP566,Orchard Building (City Square 2),MANILA,3,1,BARANGAY 243,,,14.610846,120.974654,,,,,,,16,2022-05-10,OSP
MNL005 LP566 NP3-5,MNL005,LP566,NP3-5,MNL005 LP566,Orchard Building (City Square 2),MANILA,3,1,BARANGAY 243,,,14.611104,120.974716,,,,,,,24,2022-05-10,OSP
MNL005 LP566 NP6-8,MNL005,LP566,NP6-8,MNL005 LP566,Orchard Building (City Square 2),MANILA,3,1,BARANGAY 243,,,14.611498,120.974844,,,,,,,24,2022-05-10,OSP
MNL003 LP93 NP3-4,MNL003,LP93,NP3-4,MNL003 LP93,City Square,MANILA,3,1,BARANGAY 244,,,14.6105253,120.9750177,,,,,,,16,2018-11-19,OSP
MNL003 LP93 NP5-6,MNL003,LP93,NP5-6,MNL003 LP93,City Square,MANILA,3,1,BARANGAY 244,,,14.61132236,120.9751586,,,,,,,16,2018-11-19,OSP
MNL003 LP93 NP7-8,MNL003,LP93,NP7-8,MNL003 LP93,City Square,MANILA,3,1,BARANGAY 244,,,14.61172736,120.9752412,,,,,,,16,2018-11-19,OSP
MNL003 LP94 NP1-2,MNL003,LP94,NP1-2,MNL003 LP94,City Square,MANILA,3,1,BARANGAY 244,,,14.61205181,120.9753184,,,,,,,16,2018-11-19,OSP
MNL003 LP94 NP3-4,MNL003,LP94,NP3-4,MNL003 LP94,City Square,MANILA,3,1,BARANGAY 244,,,14.61244834,120.9753779,,,,,,,16,2018-11-19,OSP
MNL003 LP1 NP5,MNL003,LP1,NP5,MNL003 LP1,City Square,MANILA,3,1,BARANGAY 244,,DYNASTY TWIN TOWERS (TOWER 2),14.612575,120.975603,,17F,EE ROOM BUILDING A,MNL18P,,,,2016-07-28,ISP
MNL003 LP1 NP3,MNL003,LP1,NP3,MNL003 LP1,City Square,MANILA,3,1,BARANGAY 244,,DYNASTY TWIN TOWERS (TOWER 2),14.612575,120.975603,MNL18P,12F,EE ROOM BUILDING A,,,,,2016-07-28,ISP
MNL003 LP1 NP7,MNL003,LP1,NP7,MNL003 LP1,City Square,MANILA,3,1,BARANGAY 244,,DYNASTY TWIN TOWERS (TOWER 2),14.612575,120.975603,,21F,EE ROOM BUILDING A,MNL18P,,,,2016-07-28,ISP
MNL003 LP1 NP2,MNL003,LP1,NP2,MNL003 LP1,City Square,MANILA,3,1,BARANGAY 244,,DYNASTY TWIN TOWERS (TOWER 2),14.612575,120.975603,MNL18P,10F,EE ROOM BUILDING A,,,,,2016-07-28,ISP
MNL003 LP1 NP8,MNL003,LP1,NP8,MNL003 LP1,City Square,MANILA,3,1,BARANGAY 244,,DYNASTY TWIN TOWERS (TOWER 2),14.612575,120.975603,,23F,EE ROOM BUILDING A,MNL18P,,,,2016-07-28,ISP
MNL003 LP1 NP4,MNL003,LP1,NP4,MNL003 LP1,City Square,MANILA,3,1,BARANGAY 244,,DYNASTY TWIN TOWERS (TOWER 2),14.612575,120.975603,MNL18P,15F,EE ROOM BUILDING A,,,,,2016-07-28,ISP
MNL003 LP1 NP1,MNL003,LP1,NP1,MNL003 LP1,City Square,MANILA,3,1,BARANGAY 244,,DYNASTY TWIN TOWERS (TOWER 2),14.612575,120.975603,,8F,EE ROOM BUILDING A,MNL18P,,,,2016-07-28,ISP
MNL003 LP1 NP6,MNL003,LP1,NP6,MNL003 LP1,City Square,MANILA,3,1,BARANGAY 244,,DYNASTY TWIN TOWERS (TOWER 2),14.612575,120.975603,MNL18P,19F,EE ROOM BUILDING A,,,,,2016-07-28,ISP
MNL036 LP96 NP5-6,MNL036,LP96,NP5-6,MNL036 LP96,Juan Luna/ Solis,MANILA,3,1,BARANGAY 244,,,14.612404,120.975366,,,,,,,16,2020-08-30,OSP
MNL036 LP96 NP7-8,MNL036,LP96,NP7-8,MNL036 LP96,Juan Luna/ Solis,MANILA,3,1,BARANGAY 244,,,14.612069,120.975299,,,,,,,16,2020-08-30,OSP
MNL036 LP97 NP1-2,MNL036,LP97,NP1-2,MNL036 LP97,Juan Luna/ Solis,MANILA,3,1,BARANGAY 244,,,14.61169,120.975237,,,,,,,16,2020-08-30,OSP
MNL036 LP97 NP3-4,MNL036,LP97,NP3-4,MNL036 LP97,Juan Luna/ Solis,MANILA,3,1,BARANGAY 244,,,14.611323,120.975157,,,,,,,16,2020-08-30,OSP
MNL036 LP97 NP5-6,MNL036,LP97,NP5-6,MNL036 LP97,Juan Luna/ Solis,MANILA,3,1,BARANGAY 244,,,14.610686,120.97503,,,,,,,16,2020-08-30,OSP
MNL005 LP554 NP3-5,MNL005,LP554,NP3-5,MNL005 LP554,Orchard Building (City Square 2),MANILA,3,1,BARANGAY 244,,,14.612449,120.975373,,,,,,,24,2022-05-10,OSP
MNL005 LP554 NP6-8,MNL005,LP554,NP6-8,MNL005 LP554,Orchard Building (City Square 2),MANILA,3,1,BARANGAY 244,,,14.612081,120.975301,,,,,,,24,2022-05-10,OSP
MNL005 LP555 NP1-2,MNL005,LP555,NP1-2,MNL005 LP555,Orchard Building (City Square 2),MANILA,3,1,BARANGAY 244,,,14.611633,120.975221,,,,,,,16,2022-05-10,OSP
MNL005 LP555 NP3-5,MNL005,LP555,NP3-5,MNL005 LP555,Orchard Building (City Square 2),MANILA,3,1,BARANGAY 244,,,14.611336,120.975164,,,,,,,24,2022-05-10,OSP
MNL005 LP555 NP6-8,MNL005,LP555,NP6-8,MNL005 LP555,Orchard Building (City Square 2),MANILA,3,1,BARANGAY 244,,,14.61082,120.975046,,,,,,,24,2022-05-10,OSP
MNL001 LP24 NP5-6,MNL001,LP24,NP5-6,MNL001 LP24,Zen Tower,MANILA,3,1,BARANGAY 244,,,14.610418,120.974997,,,,,,,16,2015-07-27,OSP
MNL001 LP24 NP7-8,MNL001,LP24,NP7-8,MNL001 LP24,Zen Tower,MANILA,3,1,BARANGAY 244,,,14.612702,120.975501,,,,,,,16,2015-07-27,OSP
MNL003 LP92 NP1-2,MNL003,LP92,NP1-2,MNL003 LP92,City Square,MANILA,3,1,BARANGAY 245,,,14.60860564,120.9742207,,,,,,,16,2018-11-19,OSP
MNL003 LP92 NP3-4,MNL003,LP92,NP3-4,MNL003 LP92,City Square,MANILA,3,1,BARANGAY 245,,,14.60906276,120.9743029,,,,,,,16,2018-11-19,OSP
MNL036 LP98 NP5-6,MNL036,LP98,NP5-6,MNL036 LP98,Juan Luna/ Solis,MANILA,3,1,BARANGAY 245,,,14.608966,120.974279,,,,,,,16,2020-08-30,OSP
MNL036 LP98 NP7-8,MNL036,LP98,NP7-8,MNL036 LP98,Juan Luna/ Solis,MANILA,3,1,BARANGAY 245,,,14.608614,120.974219,,,,,,,16,2020-08-30,OSP
MNL005 LP562 NP1-2,MNL005,LP562,NP1-2,MNL005 LP562,Orchard Building (City Square 2),MANILA,3,1,BARANGAY 245,,,14.608343,120.974149,,,,,,,16,2022-05-10,OSP
MNL005 LP562 NP3-5,MNL005,LP562,NP3-5,MNL005 LP562,Orchard Building (City Square 2),MANILA,3,1,BARANGAY 245,,,14.608342,120.974155,,,,,,,24,2022-05-10,OSP
MNL005 LP564 NP1-2,MNL005,LP564,NP1-2,MNL005 LP564,Orchard Building (City Square 2),MANILA,3,1,BARANGAY 245,,,14.608605,120.974198,,,,,,,16,2022-05-10,OSP
MNL005 LP564 NP3-5,MNL005,LP564,NP3-5,MNL005 LP564,Orchard Building (City Square 2),MANILA,3,1,BARANGAY 245,,,14.609061,120.974306,,,,,,,24,2022-05-10,OSP
MNL005 LP562 NP6-8,MNL005,LP562,NP6-8,MNL005 LP562,Orchard Building (City Square 2),MANILA,3,1,BARANGAY 245,,,14.608365,120.973675,,,,,,,24,2022-05-10,OSP
MNL005 LP563 NP1-2,MNL005,LP563,NP1-2,MNL005 LP563,Orchard Building (City Square 2),MANILA,3,1,BARANGAY 245,,,14.608373,120.973675,,,,,,,16,2022-05-10,OSP
MNL001 LP24 NP3-4,MNL001,LP24,NP3-4,MNL001 LP24,Zen Tower,MANILA,3,1,BARANGAY 245,,,14.608254,120.973654,,,,,,,16,2015-07-27,OSP
MNL003 LP472 NP5-6,MNL003,LP472,NP5-6,MNL003 LP472,City Square,MANILA,3,1,BARANGAY 246,,,14.610379,120.975497,,,,,,,16,2019-11-20,OSP
MNL003 LP99 NP5-6,MNL003,LP99,NP5-6,MNL003 LP99,City Square,MANILA,3,1,BARANGAY 246,,,14.6118161,120.9761103,,,,,,,16,2018-11-25,OSP
MNL005 LP559 NP6-8,MNL005,LP559,NP6-8,MNL005 LP559,Orchard Building (City Square 2),MANILA,3,1,BARANGAY 246,,,14.610391,120.975503,,,,,,,24,2022-05-10,OSP
MNL005 LP560 NP1-2,MNL005,LP560,NP1-2,MNL005 LP560,Orchard Building (City Square 2),MANILA,3,1,BARANGAY 246,,,14.610611,120.975496,,,,,,,16,2022-05-10,OSP
MNL005 LP560 NP3-5,MNL005,LP560,NP3-5,MNL005 LP560,Orchard Building (City Square 2),MANILA,3,1,BARANGAY 246,,,14.611015,120.975564,,,,,,,24,2022-05-10,OSP
MNL005 LP560 NP6-8,MNL005,LP560,NP6-8,MNL005 LP560,Orchard Building (City Square 2),MANILA,3,1,BARANGAY 246,,,14.611327,120.975631,,,,,,,24,2022-05-10,OSP
MNL037 LP4 NP3-4,MNL037,LP4,NP3-4,MNL037 LP4,Tayuman,MANILA,3,1,BARANGAY 246,,,14.611532,120.976025,,,,,,,16,2020-09-29,OSP
MNL037 LP4 NP5-6,MNL037,LP4,NP5-6,MNL037 LP4,Tayuman,MANILA,3,1,BARANGAY 246,,,14.610939,120.975926,,,,,,,16,2020-09-29,OSP
MNL003 LP473 NP5-6,MNL003,LP473,NP5-6,MNL003 LP473,City Square,MANILA,3,1,BARANGAY 247,,,14.608677,120.973765,,,,,,,16,2019-11-20,OSP
MNL003 LP473 NP7-8,MNL003,LP473,NP7-8,MNL003 LP473,City Square,MANILA,3,1,BARANGAY 247,,,14.608008,120.973658,,,,,,,16,2020-08-27,OSP
MNL003 LP6 NP7,MNL003,LP6,NP7,MNL003 LP6,City Square,MANILA,3,1,BARANGAY 247,,CITY SQUARE RESIDENCES,14.608094,120.974200,,25F,CONVERGE ROOM,MNL003,,,,2016-08-17,ISP
MNL003 LP5 NP2,MNL003,LP5,NP2,MNL003 LP5,City Square,MANILA,3,1,BARANGAY 247,,CITY SQUARE RESIDENCES,14.608094,120.974200,,19F,CONVERGE ROOM,MNL003,,,,2016-08-17,ISP
MNL003 LP6 NP6,MNL003,LP6,NP6,MNL003 LP6,City Square,MANILA,3,1,BARANGAY 247,,CITY SQUARE RESIDENCES,14.608094,120.974200,,23F,CONVERGE ROOM,MNL003,,,,2016-08-17,ISP
MNL003 LP6 NP3,MNL003,LP6,NP3,MNL003 LP6,City Square,MANILA,3,1,BARANGAY 247,,CITY SQUARE RESIDENCES,14.608094,120.974200,,10F,CONVERGE ROOM,MNL003,,,,2016-08-17,ISP
MNL003 LP5 NP3,MNL003,LP5,NP3,MNL003 LP5,City Square,MANILA,3,1,BARANGAY 247,,CITY SQUARE RESIDENCES,14.608094,120.974200,,21F,CONVERGE ROOM,MNL003,,,,2016-08-17,ISP
MNL003 LP6 NP5,MNL003,LP6,NP5,MNL003 LP6,City Square,MANILA,3,1,BARANGAY 247,,CITY SQUARE RESIDENCES,14.608094,120.974200,,15F,CONVERGE ROOM,MNL003,,,,2016-08-17,ISP
MNL003 LP6 NP8,MNL003,LP6,NP8,MNL003 LP6,City Square,MANILA,3,1,BARANGAY 247,,CITY SQUARE RESIDENCES,14.608094,120.974200,,27F,CONVERGE ROOM,MNL003,,,,2016-08-17,ISP
MNL003 LP5 NP1,MNL003,LP5,NP1,MNL003 LP5,City Square,MANILA,3,1,BARANGAY 247,,CITY SQUARE RESIDENCES,14.608094,120.974200,,17F,CONVERGE ROOM,MNL003,,,,2016-08-17,ISP
MNL003 LP6 NP2,MNL003,LP6,NP2,MNL003 LP6,City Square,MANILA,3,1,BARANGAY 247,,CITY SQUARE RESIDENCES,14.608094,120.974200,,8F,CONVERGE ROOM,MNL003,,,,2016-08-17,ISP
MNL003 LP6 NP1,MNL003,LP6,NP1,MNL003 LP6,City Square,MANILA,3,1,BARANGAY 247,,CITY SQUARE RESIDENCES,14.608094,120.974200,,6F,CONVERGE ROOM,MNL003,,,,2016-08-17,ISP
MNL003 LP6 NP4,MNL003,LP6,NP4,MNL003 LP6,City Square,MANILA,3,1,BARANGAY 247,,CITY SQUARE RESIDENCES,14.608094,120.974200,,12F,CONVERGE ROOM,MNL003,,,,2016-08-17,ISP
MNL005 LP563 NP3-5,MNL005,LP563,NP3-5,MNL005 LP563,Orchard Building (City Square 2),MANILA,3,1,BARANGAY 247,,,14.60887,120.973791,,,,,,,24,2022-05-10,OSP
MNL003 LP92 NP5-6,MNL003,LP92,NP5-6,MNL003 LP92,City Square,MANILA,3,1,BARANGAY 248,,,14.60940296,120.974431,,,,,,,16,2018-11-19,OSP
MNL003 LP473 NP3-4,MNL003,LP473,NP3-4,MNL003 LP473,City Square,MANILA,3,1,BARANGAY 248,,,14.609391,120.973913,,,,,,,16,2019-11-20,OSP
MNL036 LP98 NP3-4,MNL036,LP98,NP3-4,MNL036 LP98,Juan Luna/ Solis,MANILA,3,1,BARANGAY 248,,,14.609399,120.974436,,,,,,,16,2020-08-30,OSP
MNL005 LP563 NP6-8,MNL005,LP563,NP6-8,MNL005 LP563,Orchard Building (City Square 2),MANILA,3,1,BARANGAY 248,,,14.609409,120.973929,,,,,,,24,2022-05-10,OSP
MNL005 LP564 NP6-8,MNL005,LP564,NP6-8,MNL005 LP564,Orchard Building (City Square 2),MANILA,3,1,BARANGAY 248,,,14.609414,120.974376,,,,,,,24,2022-05-10,OSP
MNL005 LP565 NP1-2,MNL005,LP565,NP1-2,MNL005 LP565,Orchard Building (City Square 2),MANILA,3,1,BARANGAY 248,,,14.609687,120.974413,,,,,,,16,2022-05-10,OSP
MNL005 LP565 NP3-5,MNL005,LP565,NP3-5,MNL005 LP565,Orchard Building (City Square 2),MANILA,3,1,BARANGAY 248,,,14.610367,120.974545,,,,,,,24,2022-05-10,OSP
MNL003 LP100 NP1-2,MNL003,LP100,NP1-2,MNL003 LP100,City Square,MANILA,3,1,BARANGAY 249,,,14.61539231,120.9771519,,,,,,,16,2018-11-25,OSP
MNL003 LP100 NP3-4,MNL003,LP100,NP3-4,MNL003 LP100,City Square,MANILA,3,1,BARANGAY 249,,,14.61646115,120.9774053,,,,,,,16,2018-11-25,OSP
MNL003 LP367 NP7-8,MNL003,LP367,NP7-8,MNL003 LP367,City Square,MANILA,3,1,BARANGAY 249,,,14.616316,120.9776657,,,,,,,16,2019-05-23,OSP
MNL003 LP368 NP1-2,MNL003,LP368,NP1-2,MNL003 LP368,City Square,MANILA,3,1,BARANGAY 249,,,14.61631897,120.9780936,,,,,,,16,2019-05-23,OSP
MNL005 LP538 NP3-5,MNL005,LP538,NP3-5,MNL005 LP538,Orchard Building (City Square 2),MANILA,3,1,BARANGAY 249,,,14.615976,120.977278,,,,,,,24,2022-06-23,OSP
MNL005 LP567 NP6-8,MNL005,LP567,NP6-8,MNL005 LP567,Orchard Building (City Square 2),MANILA,3,1,BARANGAY 249,,,14.615963,120.977618,,,,,,,24,2022-06-23,OSP
MNL005 LP568 NP1-2,MNL005,LP568,NP1-2,MNL005 LP568,Orchard Building (City Square 2),MANILA,3,1,BARANGAY 249,,,14.615655,120.977551,,,,,,,16,2022-06-23,OSP
MNL005 LP568 NP3-5,MNL005,LP568,NP3-5,MNL005 LP568,Orchard Building (City Square 2),MANILA,3,1,BARANGAY 249,,,14.615318,120.977416,,,,,,,24,2022-06-23,OSP
MNL005 LP571 NP6-8,MNL005,LP571,NP6-8,MNL005 LP571,Orchard Building (City Square 2),MANILA,3,1,BARANGAY 249,,,14.615279,120.977829,,,,,,,24,2022-06-23,OSP
MNL005 LP572 NP1-2,MNL005,LP572,NP1-2,MNL005 LP572,Orchard Building (City Square 2),MANILA,3,1,BARANGAY 249,,,14.615648,120.977912,,,,,,,16,2022-06-23,OSP
MNL005 LP567 NP1-2,MNL005,LP567,NP1-2,MNL005 LP567,Orchard Building (City Square 2),MANILA,3,1,BARANGAY 249,,,14.616347,120.978068,,,,,,,16,2022-06-23,OSP
MNL005 LP567 NP3-5,MNL005,LP567,NP3-5,MNL005 LP567,Orchard Building (City Square 2),MANILA,3,1,BARANGAY 249,,,14.616245,120.977633,,,,,,,24,2022-06-23,OSP
MNL037 LP167 NP1-2,MNL037,LP167,NP1-2,MNL037 LP167,Tayuman,MANILA,3,1,BARANGAY 249,,,14.615728,120.977222,,,,,,,16,2020-11-25,OSP
MNL037 LP167 NP5-6,MNL037,LP167,NP5-6,MNL037 LP167,Tayuman,MANILA,3,1,BARANGAY 249,,,14.616624,120.978129,,,,,,,16,2020-11-25,OSP
MNL037 LP167 NP7-8,MNL037,LP167,NP7-8,MNL037 LP167,Tayuman,MANILA,3,1,BARANGAY 249,,,14.616386,120.97779,,,,,,,16,2020-11-25,OSP
MNL037 LP168 NP1-2,MNL037,LP168,NP1-2,MNL037 LP168,Tayuman,MANILA,3,1,BARANGAY 249,,,14.615968,120.97763,,,,,,,16,2020-11-25,OSP
MNL037 LP169 NP3-4,MNL037,LP169,NP3-4,MNL037 LP169,Tayuman,MANILA,3,1,BARANGAY 249,,,14.61527,120.977831,,,,,,,16,2020-11-25,OSP
MNL037 LP169 NP5-6,MNL037,LP169,NP5-6,MNL037 LP169,Tayuman,MANILA,3,1,BARANGAY 249,,,14.615916,120.977973,,,,,,,16,2020-11-25,OSP
MNL037 LP3 NP3-4,MNL037,LP3,NP3-4,MNL037 LP3,Tayuman,MANILA,3,1,BARANGAY 249,,,14.615422,120.977149,,,,,,,16,2020-09-29,OSP
MNL003 LP219 NP7-8,MNL003,LP219,NP7-8,MNL003 LP219,City Square,MANILA,3,1,BARANGAY 25,,,14.60384389,120.9648569,,,,,,,16,2019-02-12,OSP
MNL003 LP220 NP1-2,MNL003,LP220,NP1-2,MNL003 LP220,City Square,MANILA,3,1,BARANGAY 25,,,14.60434231,120.9647235,,,,,,,16,2019-02-12,OSP
MNL003 LP406 NP3-4,MNL003,LP406,NP3-4,MNL003 LP406,City Square,MANILA,3,1,BARANGAY 25,,,14.603515,120.965704,,,,,,,16,2019-10-28,OSP
MNL003 LP406 NP5-6,MNL003,LP406,NP5-6,MNL003 LP406,City Square,MANILA,3,1,BARANGAY 25,,,14.603341,120.964977,,,,,,,16,2019-10-28,OSP
MNL005 LP400 NP1-2,MNL005,LP400,NP1-2,MNL005 LP400,Orchard Building (City Square 2),MANILA,3,1,BARANGAY 25,,,14.604309,120.965174,,,,,,,16,2021-11-01,OSP
MNL005 LP400 NP3-5,MNL005,LP400,NP3-5,MNL005 LP400,Orchard Building (City Square 2),MANILA,3,1,BARANGAY 25,,,14.604384,120.965556,,,,,,,24,2021-11-01,OSP
MNL005 LP401 NP1-2,MNL005,LP401,NP1-2,MNL005 LP401,Orchard Building (City Square 2),MANILA,3,1,BARANGAY 25,,,14.604715,120.965976,,,,,,,16,2021-11-01,OSP
MNL005 LP401 NP3-5,MNL005,LP401,NP3-5,MNL005 LP401,Orchard Building (City Square 2),MANILA,3,1,BARANGAY 25,,,14.604616,120.965716,,,,,,,24,2021-11-01,OSP
MNL005 LP401 NP6-8,MNL005,LP401,NP6-8,MNL005 LP401,Orchard Building (City Square 2),MANILA,3,1,BARANGAY 25,,,14.604484,120.965181,,,,,,,24,2021-11-01,OSP
MNL005 LP399 NP3-5,MNL005,LP399,NP3-5,MNL005 LP399,Orchard Building (City Square 2),MANILA,3,1,BARANGAY 25,,,14.604126,120.964749,,,,,,,24,2021-11-01,OSP
MNL005 LP399 NP6-8,MNL005,LP399,NP6-8,MNL005 LP399,Orchard Building (City Square 2),MANILA,3,1,BARANGAY 25,,,14.604126,120.964749,,,,,,,24,2021-11-01,OSP
MNL005 LP394 NP1-2,MNL005,LP394,NP1-2,MNL005 LP394,Orchard Building (City Square 2),MANILA,3,1,BARANGAY 25,,,14.604057,120.964801,,,,,,,16,2021-11-01,OSP
MNL005 LP394 NP3-5,MNL005,LP394,NP3-5,MNL005 LP394,Orchard Building (City Square 2),MANILA,3,1,BARANGAY 25,,,14.60415,120.965192,,,,,,,24,2021-11-01,OSP
MNL005 LP394 NP6-8,MNL005,LP394,NP6-8,MNL005 LP394,Orchard Building (City Square 2),MANILA,3,1,BARANGAY 25,,,14.604198,120.965427,,,,,,,24,2021-11-01,OSP
MNL005 LP380 NP1-2,MNL005,LP380,NP1-2,MNL005 LP380,Orchard Building (City Square 2),MANILA,3,1,BARANGAY 25,,,14.603355,120.964971,,,,,,,16,2021-11-01,OSP
MNL005 LP380 NP3-5,MNL005,LP380,NP3-5,MNL005 LP380,Orchard Building (City Square 2),MANILA,3,1,BARANGAY 25,,,14.60345,120.9654,,,,,,,24,2021-11-01,OSP
MNL005 LP380 NP6-8,MNL005,LP380,NP6-8,MNL005 LP380,Orchard Building (City Square 2),MANILA,3,1,BARANGAY 25,,,14.60345,120.9654,,,,,,,24,2021-11-01,OSP
MNL005 LP381 NP1-2,MNL005,LP381,NP1-2,MNL005 LP381,Orchard Building (City Square 2),MANILA,3,1,BARANGAY 25,,,14.603529,120.9657,,,,,,,16,2021-11-01,OSP
MNL005 LP381 NP3-5,MNL005,LP381,NP3-5,MNL005 LP381,Orchard Building (City Square 2),MANILA,3,1,BARANGAY 25,,,14.603518,120.96599,,,,,,,24,2021-11-01,OSP
MNL005 LP381 NP6-8,MNL005,LP381,NP6-8,MNL005 LP381,Orchard Building (City Square 2),MANILA,3,1,BARANGAY 25,,,14.603882,120.965801,,,,,,,24,2021-11-01,OSP
MNL005 LP382 NP1-2,MNL005,LP382,NP1-2,MNL005 LP382,Orchard Building (City Square 2),MANILA,3,1,BARANGAY 25,,,14.603882,120.965801,,,,,,,16,2021-11-01,OSP
MNL005 LP382 NP3-5,MNL005,LP382,NP3-5,MNL005 LP382,Orchard Building (City Square 2),MANILA,3,1,BARANGAY 25,,,14.604066,120.965617,,,,,,,24,2021-11-01,OSP
MNL005 LP382 NP6-8,MNL005,LP382,NP6-8,MNL005 LP382,Orchard Building (City Square 2),MANILA,3,1,BARANGAY 25,,,14.604113,120.965932,,,,,,,24,2021-11-01,OSP
MNL005 LP383 NP1-2,MNL005,LP383,NP1-2,MNL005 LP383,Orchard Building (City Square 2),MANILA,3,1,BARANGAY 25,,,14.60402,120.96542,,,,,,,16,2021-11-01,OSP
MNL005 LP383 NP3-5,MNL005,LP383,NP3-5,MNL005 LP383,Orchard Building (City Square 2),MANILA,3,1,BARANGAY 25,,,14.603992,120.965286,,,,,,,24,2021-11-01,OSP
MNL005 LP383 NP6-8,MNL005,LP383,NP6-8,MNL005 LP383,Orchard Building (City Square 2),MANILA,3,1,BARANGAY 25,,,14.603963,120.965144,,,,,,,24,2021-11-01,OSP
MNL005 LP384 NP1-2,MNL005,LP384,NP1-2,MNL005 LP384,Orchard Building (City Square 2),MANILA,3,1,BARANGAY 25,,,14.603629,120.964895,,,,,,,16,2021-11-01,OSP
MNL005 LP330 NP1-2,MNL005,LP330,NP1-2,MNL005 LP330,Orchard Building (City Square 2),MANILA,3,1,BARANGAY 25,,,14.603564,120.966115,,,,,,,16,2021-10-21,OSP
MNL005 LP330 NP3-5,MNL005,LP330,NP3-5,MNL005 LP330,Orchard Building (City Square 2),MANILA,3,1,BARANGAY 25,,,14.603523,120.96598,,,,,,,24,2021-10-21,OSP
MNL005 LP330 NP6-8,MNL005,LP330,NP6-8,MNL005 LP330,Orchard Building (City Square 2),MANILA,3,1,BARANGAY 25,,,14.603426,120.965614,,,,,,,24,2021-10-21,OSP
MNL005 LP329 NP6-8,MNL005,LP329,NP6-8,MNL005 LP329,Orchard Building (City Square 2),MANILA,3,1,BARANGAY 25,,,14.603607,120.96626,,,,,,,24,2021-10-21,OSP
MNL005 LP49 NP1-2,MNL005,LP49,NP1-2,MNL005 LP49,Orchard Building (City Square 2),MANILA,3,1,BARANGAY 25,,,14.603867,120.964821,,,,,,,16,2020-09-25,OSP
MNL005 LP49 NP3-4,MNL005,LP49,NP3-4,MNL005 LP49,Orchard Building (City Square 2),MANILA,3,1,BARANGAY 25,,,14.603693,120.964871,,,,,,,16,2020-09-25,OSP
MNL005 LP48 NP7-8,MNL005,LP48,NP7-8,MNL005 LP48,Orchard Building (City Square 2),MANILA,3,1,BARANGAY 25,,,14.604061,120.964772,,,,,,,16,2020-09-25,OSP
MNL003 LP373 NP3-4,MNL003,LP373,NP3-4,MNL003 LP373,City Square,MANILA,3,1,BARANGAY 250,,,14.60912507,120.9771624,,,,,,,16,2019-05-23,OSP
MNL003 LP373 NP5-6,MNL003,LP373,NP5-6,MNL003 LP373,City Square,MANILA,3,1,BARANGAY 250,,,14.61000613,120.9772568,,,,,,,16,2019-05-23,OSP
MNL003 LP373 NP7-8,MNL003,LP373,NP7-8,MNL003 LP373,City Square,MANILA,3,1,BARANGAY 250,,,14.61011268,120.9763901,,,,,,,16,2019-05-23,OSP
MNL005 LP535 NP6-8,MNL005,LP535,NP6-8,MNL005 LP535,Orchard Building (City Square 2),MANILA,3,1,BARANGAY 250,,,14.609789,120.975998,,,,,,,24,2022-06-23,OSP
MNL005 LP536 NP1-2,MNL005,LP536,NP1-2,MNL005 LP536,Orchard Building (City Square 2),MANILA,3,1,BARANGAY 250,,,14.610254,120.976076,,,,,,,16,2022-06-23,OSP
MNL005 LP598 NP1-2,MNL005,LP598,NP1-2,MNL005 LP598,Orchard Building (City Square 2),MANILA,3,1,BARANGAY 250,,,14.610008,120.977279,,,,,,,16,2022-06-23,OSP
MNL005 LP598 NP3-5,MNL005,LP598,NP3-5,MNL005 LP598,Orchard Building (City Square 2),MANILA,3,1,BARANGAY 250,,,14.609591,120.977259,,,,,,,24,2022-06-23,OSP
MNL005 LP598 NP6-8,MNL005,LP598,NP6-8,MNL005 LP598,Orchard Building (City Square 2),MANILA,3,1,BARANGAY 250,,,14.609163,120.977156,,,,,,,24,2022-06-23,OSP
MNL005 LP595 NP1-2,MNL005,LP595,NP1-2,MNL005 LP595,Orchard Building (City Square 2),MANILA,3,1,BARANGAY 250,,,14.610127,120.976391,,,,,,,16,2022-06-23,OSP
MNL005 LP595 NP6-8,MNL005,LP595,NP6-8,MNL005 LP595,Orchard Building (City Square 2),MANILA,3,1,BARANGAY 250,,,14.609833,120.976359,,,,,,,24,2022-06-23,OSP
MNL005 LP596 NP1-2,MNL005,LP596,NP1-2,MNL005 LP596,Orchard Building (City Square 2),MANILA,3,1,BARANGAY 250,,,14.609245,120.976236,,,,,,,16,2022-06-23,OSP
MNL005 LP597 NP3-5,MNL005,LP597,NP3-5,MNL005 LP597,Orchard Building (City Square 2),MANILA,3,1,BARANGAY 250,,,14.609202,120.976705,,,,,,,24,2022-06-23,OSP
MNL005 LP597 NP6-8,MNL005,LP597,NP6-8,MNL005 LP597,Orchard Building (City Square 2),MANILA,3,1,BARANGAY 250,,,14.609867,120.97682,,,,,,,24,2022-06-23,OSP
MNL037 LP192 NP1-2,MNL037,LP192,NP1-2,MNL037 LP192,Tayuman,MANILA,3,1,BARANGAY 250,,,14.609202,120.975865,,,,,,,16,2020-11-25,OSP
MNL037 LP192 NP3-4,MNL037,LP192,NP3-4,MNL037 LP192,Tayuman,MANILA,3,1,BARANGAY 250,,,14.609884,120.976004,,,,,,,16,2020-11-25,OSP
MNL037 LP192 NP5-6,MNL037,LP192,NP5-6,MNL037 LP192,Tayuman,MANILA,3,1,BARANGAY 250,,,14.610275,120.976078,,,,,,,16,2020-11-25,OSP
MNL037 LP192 NP7-8,MNL037,LP192,NP7-8,MNL037 LP192,Tayuman,MANILA,3,1,BARANGAY 250,,,14.61069,120.976139,,,,,,,16,2020-11-25,OSP
MNL037 LP187 NP7-8,MNL037,LP187,NP7-8,MNL037 LP187,Tayuman,MANILA,3,1,BARANGAY 250,,,14.609438,120.976768,,,,,,,16,2020-11-25,OSP
MNL037 LP190 NP3-4,MNL037,LP190,NP3-4,MNL037 LP190,Tayuman,MANILA,3,1,BARANGAY 250,,,14.60925,120.97624,,,,,,,16,2020-11-25,OSP
MNL037 LP190 NP5-6,MNL037,LP190,NP5-6,MNL037 LP190,Tayuman,MANILA,3,1,BARANGAY 250,,,14.609593,120.976314,,,,,,,16,2020-11-25,OSP
MNL037 LP190 NP7-8,MNL037,LP190,NP7-8,MNL037 LP190,Tayuman,MANILA,3,1,BARANGAY 250,,,14.610083,120.97677,,,,,,,16,2020-11-25,OSP
MNL037 LP191 NP1-2,MNL037,LP191,NP1-2,MNL037 LP191,Tayuman,MANILA,3,1,BARANGAY 250,,,14.610368,120.976955,,,,,,,16,2020-11-25,OSP
MNL037 LP191 NP3-4,MNL037,LP191,NP3-4,MNL037 LP191,Tayuman,MANILA,3,1,BARANGAY 250,,,14.610741,120.97699,,,,,,,16,2020-11-25,OSP
MNL037 LP186 NP7-8,MNL037,LP186,NP7-8,MNL037 LP186,Tayuman,MANILA,3,1,BARANGAY 250,,,14.609592,120.977247,,,,,,,16,2020-11-25,OSP
MNL037 LP187 NP1-2,MNL037,LP187,NP1-2,MNL037 LP187,Tayuman,MANILA,3,1,BARANGAY 250,,,14.60914,120.977153,,,,,,,16,2020-11-25,OSP
MNL037 LP187 NP3-4,MNL037,LP187,NP3-4,MNL037 LP187,Tayuman,MANILA,3,1,BARANGAY 250,,,14.609199,120.97672,,,,,,,16,2020-11-25,OSP
MNL003 LP367 NP1-2,MNL003,LP367,NP1-2,MNL003 LP367,City Square,MANILA,3,1,BARANGAY 251,,,14.61395963,120.9775519,,,,,,,16,2019-05-23,OSP
MNL005 LP570 NP1-2,MNL005,LP570,NP1-2,MNL005 LP570,Orchard Building (City Square 2),MANILA,3,1,BARANGAY 251,,,14.613988,120.977531,,,,,,,16,2022-06-23,OSP
MNL005 LP570 NP3-5,MNL005,LP570,NP3-5,MNL005 LP570,Orchard Building (City Square 2),MANILA,3,1,BARANGAY 251,,,14.614247,120.977589,,,,,,,24,2022-06-23,OSP
MNL005 LP570 NP6-8,MNL005,LP570,NP6-8,MNL005 LP570,Orchard Building (City Square 2),MANILA,3,1,BARANGAY 251,,,14.614429,120.977635,,,,,,,24,2022-06-23,OSP
MNL005 LP571 NP1-2,MNL005,LP571,NP1-2,MNL005 LP571,Orchard Building (City Square 2),MANILA,3,1,BARANGAY 251,,,14.614667,120.977689,,,,,,,16,2022-06-23,OSP
MNL005 LP571 NP3-5,MNL005,LP571,NP3-5,MNL005 LP571,Orchard Building (City Square 2),MANILA,3,1,BARANGAY 251,,,14.614957,120.97776,,,,,,,24,2022-06-23,OSP
MNL037 LP168 NP7-8,MNL037,LP168,NP7-8,MNL037 LP168,Tayuman,MANILA,3,1,BARANGAY 251,,,14.614247,120.977599,,,,,,,16,2020-11-25,OSP
MNL037 LP169 NP1-2,MNL037,LP169,NP1-2,MNL037 LP169,Tayuman,MANILA,3,1,BARANGAY 251,,,14.614637,120.977689,,,,,,,16,2020-11-25,OSP
MNL003 LP367 NP3-4,MNL003,LP367,NP3-4,MNL003 LP367,City Square,MANILA,3,1,BARANGAY 252,,,14.61400786,120.9771271,,,,,,,16,2019-05-23,OSP
MNL003 LP367 NP5-6,MNL003,LP367,NP5-6,MNL003 LP367,City Square,MANILA,3,1,BARANGAY 252,,,14.61528162,120.9774241,,,,,,,16,2019-05-23,OSP
MNL003 LP99 NP7-8,MNL003,LP99,NP7-8,MNL003 LP99,City Square,MANILA,3,1,BARANGAY 252,,,14.61414881,120.9768563,,,,,,,16,2018-11-25,OSP
MNL005 LP537 NP6-8,MNL005,LP537,NP6-8,MNL005 LP537,Orchard Building (City Square 2),MANILA,3,1,BARANGAY 252,,,14.614162,120.976852,,,,,,,24,2022-06-23,OSP
MNL005 LP538 NP1-2,MNL005,LP538,NP1-2,MNL005 LP538,Orchard Building (City Square 2),MANILA,3,1,BARANGAY 252,,,14.615023,120.977062,,,,,,,16,2022-06-23,OSP
MNL005 LP568 NP6-8,MNL005,LP568,NP6-8,MNL005 LP568,Orchard Building (City Square 2),MANILA,3,1,BARANGAY 252,,,14.614946,120.9774,,,,,,,24,2022-06-23,OSP
MNL005 LP569 NP1-2,MNL005,LP569,NP1-2,MNL005 LP569,Orchard Building (City Square 2),MANILA,3,1,BARANGAY 252,,,14.61464,120.977333,,,,,,,16,2022-06-23,OSP
MNL005 LP569 NP3-5,MNL005,LP569,NP3-5,MNL005 LP569,Orchard Building (City Square 2),MANILA,3,1,BARANGAY 252,,,14.61427,120.977182,,,,,,,24,2022-06-23,OSP
MNL005 LP569 NP6-8,MNL005,LP569,NP6-8,MNL005 LP569,Orchard Building (City Square 2),MANILA,3,1,BARANGAY 252,,,14.614015,120.977129,,,,,,,24,2022-06-23,OSP
MNL037 LP168 NP3-4,MNL037,LP168,NP3-4,MNL037 LP168,Tayuman,MANILA,3,1,BARANGAY 252,,,14.61492,120.977399,,,,,,,16,2020-11-25,OSP
MNL037 LP168 NP5-6,MNL037,LP168,NP5-6,MNL037 LP168,Tayuman,MANILA,3,1,BARANGAY 252,,,14.614265,120.977183,,,,,,,16,2020-11-25,OSP
MNL037 LP178 NP1-2,MNL037,LP178,NP1-2,MNL037 LP178,Tayuman,MANILA,3,1,BARANGAY 252,,,14.613786,120.97676,,,,,,,16,2020-11-25,OSP
MNL037 LP178 NP3-4,MNL037,LP178,NP3-4,MNL037 LP178,Tayuman,MANILA,3,1,BARANGAY 252,,,14.614502,120.976921,,,,,,,16,2020-11-25,OSP
MNL037 LP178 NP5-6,MNL037,LP178,NP5-6,MNL037 LP178,Tayuman,MANILA,3,1,BARANGAY 252,,,14.614777,120.976995,,,,,,,16,2020-11-25,OSP
MNL037 LP3 NP5-6,MNL037,LP3,NP5-6,MNL037 LP3,Tayuman,MANILA,3,1,BARANGAY 252,,,14.614498,120.976922,,,,,,,16,2020-09-29,OSP
MNL003 LP487 NP7-8,MNL003,LP487,NP7-8,MNL003 LP487,City Square,MANILA,3,1,BARANGAY 253,,,14.613365,120.979537,,,,,,,16,2019-12-26,OSP
MNL003 LP368 NP7-8,MNL003,LP368,NP7-8,MNL003 LP368,City Square,MANILA,3,1,BARANGAY 253,,,14.6147071,120.9780692,,,,,,,16,2019-05-23,OSP
MNL003 LP369 NP1-2,MNL003,LP369,NP1-2,MNL003 LP369,City Square,MANILA,3,1,BARANGAY 253,,,14.61394854,120.9779529,,,,,,,16,2019-05-23,OSP
MNL003 LP366 NP3-4,MNL003,LP366,NP3-4,MNL003 LP366,City Square,MANILA,3,1,BARANGAY 253,,,14.61339779,120.9787401,,,,,,,16,2019-05-23,OSP
MNL003 LP366 NP5-6,MNL003,LP366,NP5-6,MNL003 LP366,City Square,MANILA,3,1,BARANGAY 253,,,14.61347493,120.9779186,,,,,,,16,2019-05-23,OSP
MNL003 LP366 NP7-8,MNL003,LP366,NP7-8,MNL003 LP366,City Square,MANILA,3,1,BARANGAY 253,,,14.61359093,120.9775182,,,,,,,16,2019-05-23,OSP
MNL005 LP537 NP3-5,MNL005,LP537,NP3-5,MNL005 LP537,Orchard Building (City Square 2),MANILA,3,1,BARANGAY 253,,,14.613384,120.97667,,,,,,,24,2022-06-23,OSP
MNL005 LP588 NP3-5,MNL005,LP588,NP3-5,MNL005 LP588,Orchard Building (City Square 2),MANILA,3,1,BARANGAY 253,,,14.613016,120.978709,,,,,,,24,2022-06-23,OSP
MNL005 LP588 NP6-8,MNL005,LP588,NP6-8,MNL005 LP588,Orchard Building (City Square 2),MANILA,3,1,BARANGAY 253,,,14.613354,120.978451,,,,,,,24,2022-06-23,OSP
MNL005 LP589 NP1-2,MNL005,LP589,NP1-2,MNL005 LP589,Orchard Building (City Square 2),MANILA,3,1,BARANGAY 253,,,14.613446,120.978092,,,,,,,16,2022-06-23,OSP
MNL005 LP589 NP3-5,MNL005,LP589,NP3-5,MNL005 LP589,Orchard Building (City Square 2),MANILA,3,1,BARANGAY 253,,,14.613548,120.97771,,,,,,,24,2022-06-23,OSP
MNL005 LP589 NP6-8,MNL005,LP589,NP6-8,MNL005 LP589,Orchard Building (City Square 2),MANILA,3,1,BARANGAY 253,,,14.613588,120.977581,,,,,,,24,2022-06-23,OSP
MNL005 LP590 NP1-2,MNL005,LP590,NP1-2,MNL005 LP590,Orchard Building (City Square 2),MANILA,3,1,BARANGAY 253,,,14.613621,120.977433,,,,,,,16,2022-06-23,OSP
MNL005 LP581 NP1-2,MNL005,LP581,NP1-2,MNL005 LP581,Orchard Building (City Square 2),MANILA,3,1,BARANGAY 253,,,14.613394,120.978786,,,,,,,16,2022-06-23,OSP
MNL005 LP573 NP6-8,MNL005,LP573,NP6-8,MNL005 LP573,Orchard Building (City Square 2),MANILA,3,1,BARANGAY 253,,,14.614876,120.978118,,,,,,,24,2022-06-23,OSP
MNL005 LP574 NP1-2,MNL005,LP574,NP1-2,MNL005 LP574,Orchard Building (City Square 2),MANILA,3,1,BARANGAY 253,,,14.614657,120.978068,,,,,,,16,2022-06-23,OSP
MNL005 LP574 NP3-5,MNL005,LP574,NP3-5,MNL005 LP574,Orchard Building (City Square 2),MANILA,3,1,BARANGAY 253,,,14.61439,120.978061,,,,,,,24,2022-06-23,OSP
MNL005 LP574 NP6-8,MNL005,LP574,NP6-8,MNL005 LP574,Orchard Building (City Square 2),MANILA,3,1,BARANGAY 253,,,14.613939,120.977947,,,,,,,24,2022-06-23,OSP
MNL005 LP575 NP1-2,MNL005,LP575,NP1-2,MNL005 LP575,Orchard Building (City Square 2),MANILA,3,1,BARANGAY 253,,,14.61387,120.97777,,,,,,,16,2022-06-23,OSP
MNL037 LP171 NP5-6,MNL037,LP171,NP5-6,MNL037 LP171,Tayuman,MANILA,3,1,BARANGAY 253,,,14.614386,120.978057,,,,,,,16,2020-11-25,OSP
MNL037 LP174 NP1-2,MNL037,LP174,NP1-2,MNL037 LP174,Tayuman,MANILA,3,1,BARANGAY 253,,,14.613284,120.978753,,,,,,,16,2020-11-25,OSP
MNL037 LP174 NP3-4,MNL037,LP174,NP3-4,MNL037 LP174,Tayuman,MANILA,3,1,BARANGAY 253,,,14.613034,120.978709,,,,,,,16,2020-11-25,OSP
MNL037 LP175 NP7-8,MNL037,LP175,NP7-8,MNL037 LP175,Tayuman,MANILA,3,1,BARANGAY 253,,,14.613174,120.977451,,,,,,,16,2020-11-25,OSP
MNL037 LP176 NP1-2,MNL037,LP176,NP1-2,MNL037 LP176,Tayuman,MANILA,3,1,BARANGAY 253,,,14.613177,120.97768,,,,,,,16,2020-11-25,OSP
MNL037 LP176 NP3-4,MNL037,LP176,NP3-4,MNL037 LP176,Tayuman,MANILA,3,1,BARANGAY 253,,,14.613168,120.977865,,,,,,,16,2020-11-25,OSP
MNL037 LP176 NP5-6,MNL037,LP176,NP5-6,MNL037 LP176,Tayuman,MANILA,3,1,BARANGAY 253,,,14.613171,120.977954,,,,,,,16,2020-11-25,OSP
MNL037 LP176 NP7-8,MNL037,LP176,NP7-8,MNL037 LP176,Tayuman,MANILA,3,1,BARANGAY 253,,,14.613082,120.977844,,,,,,,16,2020-11-25,OSP
MNL037 LP177 NP1-2,MNL037,LP177,NP1-2,MNL037 LP177,Tayuman,MANILA,3,1,BARANGAY 253,,,14.613416,120.978285,,,,,,,16,2020-11-25,OSP
MNL037 LP177 NP3-4,MNL037,LP177,NP3-4,MNL037 LP177,Tayuman,MANILA,3,1,BARANGAY 253,,,14.613544,120.97774,,,,,,,16,2020-11-25,OSP
MNL037 LP177 NP5-6,MNL037,LP177,NP5-6,MNL037 LP177,Tayuman,MANILA,3,1,BARANGAY 253,,,14.613729,120.977016,,,,,,,16,2020-11-25,OSP
MNL037 LP3 NP7-8,MNL037,LP3,NP7-8,MNL037 LP3,Tayuman,MANILA,3,1,BARANGAY 253,,,14.613389,120.976668,,,,,,,16,2020-09-29,OSP
MNL003 LP365 NP1-2,MNL003,LP365,NP1-2,MNL003 LP365,City Square,MANILA,3,1,BARANGAY 254,,,14.61238222,120.9775722,,,,,,,16,2019-05-23,OSP
MNL003 LP365 NP3-4,MNL003,LP365,NP3-4,MNL003 LP365,City Square,MANILA,3,1,BARANGAY 254,,,14.61158908,120.9779541,,,,,,,16,2019-05-23,OSP
MNL003 LP365 NP5-6,MNL003,LP365,NP5-6,MNL003 LP365,City Square,MANILA,3,1,BARANGAY 254,,,14.61093245,120.9778489,,,,,,,16,2019-05-23,OSP
MNL003 LP365 NP7-8,MNL003,LP365,NP7-8,MNL003 LP365,City Square,MANILA,3,1,BARANGAY 254,,,14.61262829,120.9764962,,,,,,,16,2019-05-23,OSP
MNL005 LP536 NP3-5,MNL005,LP536,NP3-5,MNL005 LP536,Orchard Building (City Square 2),MANILA,3,1,BARANGAY 254,,,14.610898,120.976192,,,,,,,24,2022-06-23,OSP
MNL005 LP536 NP6-8,MNL005,LP536,NP6-8,MNL005 LP536,Orchard Building (City Square 2),MANILA,3,1,BARANGAY 254,,,14.6118,120.976353,,,,,,,24,2022-06-23,OSP
MNL005 LP537 NP1-2,MNL005,LP537,NP1-2,MNL005 LP537,Orchard Building (City Square 2),MANILA,3,1,BARANGAY 254,,,14.612657,120.976499,,,,,,,16,2022-06-23,OSP
MNL005 LP592 NP3-5,MNL005,LP592,NP3-5,MNL005 LP592,Orchard Building (City Square 2),MANILA,3,1,BARANGAY 254,,,14.611303,120.97791,,,,,,,24,2022-06-23,OSP
MNL005 LP592 NP6-8,MNL005,LP592,NP6-8,MNL005 LP592,Orchard Building (City Square 2),MANILA,3,1,BARANGAY 254,,,14.610951,120.977844,,,,,,,24,2022-06-23,OSP
MNL005 LP593 NP1-2,MNL005,LP593,NP1-2,MNL005 LP593,Orchard Building (City Square 2),MANILA,3,1,BARANGAY 254,,,14.610621,120.977809,,,,,,,16,2022-06-23,OSP
MNL005 LP593 NP3-5,MNL005,LP593,NP3-5,MNL005 LP593,Orchard Building (City Square 2),MANILA,3,1,BARANGAY 254,,,14.610618,120.977819,,,,,,,24,2022-06-23,OSP
MNL005 LP593 NP6-8,MNL005,LP593,NP6-8,MNL005 LP593,Orchard Building (City Square 2),MANILA,3,1,BARANGAY 254,,,14.610612,120.977807,,,,,,,24,2022-06-23,OSP
MNL005 LP594 NP1-2,MNL005,LP594,NP1-2,MNL005 LP594,Orchard Building (City Square 2),MANILA,3,1,BARANGAY 254,,,14.611703,120.976755,,,,,,,16,2022-06-23,OSP
MNL005 LP594 NP3-5,MNL005,LP594,NP3-5,MNL005 LP594,Orchard Building (City Square 2),MANILA,3,1,BARANGAY 254,,,14.611556,120.977554,,,,,,,24,2022-06-23,OSP
MNL005 LP594 NP6-8,MNL005,LP594,NP6-8,MNL005 LP594,Orchard Building (City Square 2),MANILA,3,1,BARANGAY 254,,,14.611313,120.977495,,,,,,,24,2022-06-23,OSP
MNL005 LP595 NP3-5,MNL005,LP595,NP3-5,MNL005 LP595,Orchard Building (City Square 2),MANILA,3,1,BARANGAY 254,,,14.610806,120.97652,,,,,,,24,2022-06-23,OSP
MNL005 LP590 NP3-5,MNL005,LP590,NP3-5,MNL005 LP590,Orchard Building (City Square 2),MANILA,3,1,BARANGAY 254,,,14.612513,120.97703,,,,,,,24,2022-06-23,OSP
MNL005 LP590 NP6-8,MNL005,LP590,NP6-8,MNL005 LP590,Orchard Building (City Square 2),MANILA,3,1,BARANGAY 254,,,14.612409,120.977421,,,,,,,24,2022-06-23,OSP
MNL005 LP591 NP1-2,MNL005,LP591,NP1-2,MNL005 LP591,Orchard Building (City Square 2),MANILA,3,1,BARANGAY 254,,,14.612356,120.977691,,,,,,,16,2022-06-23,OSP
MNL005 LP592 NP1-2,MNL005,LP592,NP1-2,MNL005 LP592,Orchard Building (City Square 2),MANILA,3,1,BARANGAY 254,,,14.611917,120.978,,,,,,,16,2022-06-23,OSP
MNL037 LP193 NP1-2,MNL037,LP193,NP1-2,MNL037 LP193,Tayuman,MANILA,3,1,BARANGAY 254,,,14.611805,120.976366,,,,,,,16,2020-11-25,OSP
MNL037 LP193 NP3-4,MNL037,LP193,NP3-4,MNL037 LP193,Tayuman,MANILA,3,1,BARANGAY 254,,,14.611633,120.977196,,,,,,,16,2020-11-25,OSP
MNL037 LP193 NP5-6,MNL037,LP193,NP5-6,MNL037 LP193,Tayuman,MANILA,3,1,BARANGAY 254,,,14.61156,120.977554,,,,,,,16,2020-11-25,OSP
MNL037 LP193 NP7-8,MNL037,LP193,NP7-8,MNL037 LP193,Tayuman,MANILA,3,1,BARANGAY 254,,,14.611263,120.977496,,,,,,,16,2020-11-25,OSP
MNL037 LP194 NP1-2,MNL037,LP194,NP1-2,MNL037 LP194,Tayuman,MANILA,3,1,BARANGAY 254,,,14.612205,120.976415,,,,,,,16,2020-11-25,OSP
MNL037 LP194 NP3-4,MNL037,LP194,NP3-4,MNL037 LP194,Tayuman,MANILA,3,1,BARANGAY 254,,,14.612666,120.976511,,,,,,,16,2020-11-25,OSP
MNL037 LP194 NP5-6,MNL037,LP194,NP5-6,MNL037 LP194,Tayuman,MANILA,3,1,BARANGAY 254,,,14.612547,120.977019,,,,,,,16,2020-11-25,OSP
MNL037 LP194 NP7-8,MNL037,LP194,NP7-8,MNL037 LP194,Tayuman,MANILA,3,1,BARANGAY 254,,,14.612463,120.97734,,,,,,,16,2020-11-25,OSP
MNL037 LP195 NP1-2,MNL037,LP195,NP1-2,MNL037 LP195,Tayuman,MANILA,3,1,BARANGAY 254,,,14.612357,120.9777,,,,,,,16,2020-11-25,OSP
MNL037 LP175 NP3-4,MNL037,LP175,NP3-4,MNL037 LP175,Tayuman,MANILA,3,1,BARANGAY 254,,,14.612419,120.977517,,,,,,,16,2020-11-25,OSP
MNL037 LP175 NP5-6,MNL037,LP175,NP5-6,MNL037 LP175,Tayuman,MANILA,3,1,BARANGAY 254,,,14.612773,120.977609,,,,,,,16,2020-11-25,OSP
MNL037 LP177 NP7-8,MNL037,LP177,NP7-8,MNL037 LP177,Tayuman,MANILA,3,1,BARANGAY 254,,,14.613066,120.976586,,,,,,,16,2020-11-25,OSP
MNL037 LP4 NP1-2,MNL037,LP4,NP1-2,MNL037 LP4,Tayuman,MANILA,3,1,BARANGAY 254,,,14.612653,120.976517,,,,,,,16,2020-09-29,OSP
MNL003 LP369 NP3-4,MNL003,LP369,NP3-4,MNL003 LP369,City Square,MANILA,3,1,BARANGAY 255,,,14.61379282,120.9781888,,,,,,,16,2019-05-23,OSP
MNL003 LP369 NP5-6,MNL003,LP369,NP5-6,MNL003 LP369,City Square,MANILA,3,1,BARANGAY 255,,,14.61371112,120.9785063,,,,,,,16,2019-05-23,OSP
MNL003 LP370 NP5-6,MNL003,LP370,NP5-6,MNL003 LP370,City Square,MANILA,3,1,BARANGAY 255,,,14.61479102,120.9791374,,,,,,,16,2019-05-23,OSP
MNL003 LP370 NP7-8,MNL003,LP370,NP7-8,MNL003 LP370,City Square,MANILA,3,1,BARANGAY 255,,,14.61356267,120.9788433,,,,,,,16,2019-05-23,OSP
MNL003 LP371 NP1-2,MNL003,LP371,NP1-2,MNL003 LP371,City Square,MANILA,3,1,BARANGAY 255,,,14.61356013,120.9792343,,,,,,,16,2019-05-23,OSP
MNL003 LP371 NP3-4-5,MNL003,LP371,NP3-4-5,MNL003 LP371,City Square,MANILA,3,1,BARANGAY 255,,,14.613575,120.979357,,,,,,,24,2020-07-29,OSP
MNL003 LP371 NP6-7-8,MNL003,LP371,NP6-7-8,MNL003 LP371,City Square,MANILA,3,1,BARANGAY 255,,,14.613602,120.979613,,,,,,,24,2020-07-29,OSP
MNL005 LP578 NP3-5,MNL005,LP578,NP3-5,MNL005 LP578,Orchard Building (City Square 2),MANILA,3,1,BARANGAY 255,,,14.614583,120.979069,,,,,,,24,2022-06-23,OSP
MNL005 LP578 NP6-8,MNL005,LP578,NP6-8,MNL005 LP578,Orchard Building (City Square 2),MANILA,3,1,BARANGAY 255,,,14.614024,120.978942,,,,,,,24,2022-06-23,OSP
MNL005 LP579 NP1-2,MNL005,LP579,NP1-2,MNL005 LP579,Orchard Building (City Square 2),MANILA,3,1,BARANGAY 255,,,14.613588,120.978843,,,,,,,16,2022-06-23,OSP
MNL005 LP579 NP3-5,MNL005,LP579,NP3-5,MNL005 LP579,Orchard Building (City Square 2),MANILA,3,1,BARANGAY 255,,,14.613566,120.979294,,,,,,,24,2022-06-23,OSP
MNL005 LP579 NP6-8,MNL005,LP579,NP6-8,MNL005 LP579,Orchard Building (City Square 2),MANILA,3,1,BARANGAY 255,,,14.613741,120.978495,,,,,,,24,2022-06-23,OSP
MNL005 LP580 NP1-2,MNL005,LP580,NP1-2,MNL005 LP580,Orchard Building (City Square 2),MANILA,3,1,BARANGAY 255,,,14.613984,120.978604,,,,,,,16,2022-06-23,OSP
MNL005 LP580 NP3-5,MNL005,LP580,NP3-5,MNL005 LP580,Orchard Building (City Square 2),MANILA,3,1,BARANGAY 255,,,14.614567,120.978695,,,,,,,24,2022-06-23,OSP
MNL005 LP580 NP6-8,MNL005,LP580,NP6-8,MNL005 LP580,Orchard Building (City Square 2),MANILA,3,1,BARANGAY 255,,,14.614904,120.978773,,,,,,,24,2022-06-23,OSP
MNL005 LP575 NP3-5,MNL005,LP575,NP3-5,MNL005 LP575,Orchard Building (City Square 2),MANILA,3,1,BARANGAY 255,,,14.61405,120.978237,,,,,,,24,2022-06-23,OSP
MNL005 LP575 NP6-8,MNL005,LP575,NP6-8,MNL005 LP575,Orchard Building (City Square 2),MANILA,3,1,BARANGAY 255,,,14.614562,120.978353,,,,,,,24,2022-06-23,OSP
MNL037 LP170 NP7-8,MNL037,LP170,NP7-8,MNL037 LP170,Tayuman,MANILA,3,1,BARANGAY 255,,,14.614793,120.978415,,,,,,,16,2020-11-25,OSP
MNL037 LP171 NP1-2,MNL037,LP171,NP1-2,MNL037 LP171,Tayuman,MANILA,3,1,BARANGAY 255,,,14.614195,120.978272,,,,,,,16,2020-11-25,OSP
MNL037 LP171 NP3-4,MNL037,LP171,NP3-4,MNL037 LP171,Tayuman,MANILA,3,1,BARANGAY 255,,,14.613821,120.978173,,,,,,,16,2020-11-25,OSP
MNL037 LP171 NP7-8,MNL037,LP171,NP7-8,MNL037 LP171,Tayuman,MANILA,3,1,BARANGAY 255,,,14.613596,120.978854,,,,,,,16,2020-11-25,OSP
MNL037 LP172 NP1-2,MNL037,LP172,NP1-2,MNL037 LP172,Tayuman,MANILA,3,1,BARANGAY 255,,,14.614452,120.979041,,,,,,,16,2020-11-25,OSP
MNL037 LP172 NP7-8,MNL037,LP172,NP7-8,MNL037 LP172,Tayuman,MANILA,3,1,BARANGAY 255,,,14.614733,120.978734,,,,,,,16,2020-11-25,OSP
MNL037 LP173 NP1-2,MNL037,LP173,NP1-2,MNL037 LP173,Tayuman,MANILA,3,1,BARANGAY 255,,,14.614187,120.978659,,,,,,,16,2020-11-25,OSP
MNL003 LP368 NP3-4,MNL003,LP368,NP3-4,MNL003 LP368,City Square,MANILA,3,1,BARANGAY 256,,,14.6159613,120.978418,,,,,,,16,2019-05-23,OSP
MNL003 LP368 NP5-6,MNL003,LP368,NP5-6,MNL003 LP368,City Square,MANILA,3,1,BARANGAY 256,,,14.61517921,120.9781915,,,,,,,16,2019-05-23,OSP
MNL003 LP369 NP7-8,MNL003,LP369,NP7-8,MNL003 LP369,City Square,MANILA,3,1,BARANGAY 256,,,14.61505989,120.9787859,,,,,,,16,2019-05-23,OSP
MNL003 LP370 NP1-2,MNL003,LP370,NP1-2,MNL003 LP370,City Square,MANILA,3,1,BARANGAY 256,,,14.6154099,120.9785606,,,,,,,16,2019-05-23,OSP
MNL003 LP370 NP3-4,MNL003,LP370,NP3-4,MNL003 LP370,City Square,MANILA,3,1,BARANGAY 256,,,14.61535906,120.9790836,,,,,,,16,2019-05-23,OSP
MNL005 LP578 NP1-2,MNL005,LP578,NP1-2,MNL005 LP578,Orchard Building (City Square 2),MANILA,3,1,BARANGAY 256,,,14.614939,120.979171,,,,,,,16,2022-06-23,OSP
MNL005 LP572 NP3-5,MNL005,LP572,NP3-5,MNL005 LP572,Orchard Building (City Square 2),MANILA,3,1,BARANGAY 256,,,14.616323,120.978289,,,,,,,24,2022-06-23,OSP
MNL005 LP572 NP6-8,MNL005,LP572,NP6-8,MNL005 LP572,Orchard Building (City Square 2),MANILA,3,1,BARANGAY 256,,,14.615777,120.978314,,,,,,,24,2022-06-23,OSP
MNL005 LP573 NP1-2,MNL005,LP573,NP1-2,MNL005 LP573,Orchard Building (City Square 2),MANILA,3,1,BARANGAY 256,,,14.615497,120.978263,,,,,,,16,2022-06-23,OSP
MNL005 LP573 NP3-5,MNL005,LP573,NP3-5,MNL005 LP573,Orchard Building (City Square 2),MANILA,3,1,BARANGAY 256,,,14.615196,120.978203,,,,,,,24,2022-06-23,OSP
MNL005 LP576 NP1-2,MNL005,LP576,NP1-2,MNL005 LP576,Orchard Building (City Square 2),MANILA,3,1,BARANGAY 256,,,14.615142,120.978478,,,,,,,16,2022-06-23,OSP
MNL005 LP576 NP3-5,MNL005,LP576,NP3-5,MNL005 LP576,Orchard Building (City Square 2),MANILA,3,1,BARANGAY 256,,,14.615993,120.978702,,,,,,,24,2022-06-23,OSP
MNL005 LP576 NP6-8,MNL005,LP576,NP6-8,MNL005 LP576,Orchard Building (City Square 2),MANILA,3,1,BARANGAY 256,,,14.615991,120.978821,,,,,,,24,2022-06-23,OSP
MNL005 LP577 NP1-2,MNL005,LP577,NP1-2,MNL005 LP577,Orchard Building (City Square 2),MANILA,3,1,BARANGAY 256,,,14.615805,120.97886,,,,,,,16,2022-06-23,OSP
MNL005 LP577 NP3-5,MNL005,LP577,NP3-5,MNL005 LP577,Orchard Building (City Square 2),MANILA,3,1,BARANGAY 256,,,14.615561,120.978997,,,,,,,24,2022-06-23,OSP
MNL005 LP577 NP6-8,MNL005,LP577,NP6-8,MNL005 LP577,Orchard Building (City Square 2),MANILA,3,1,BARANGAY 256,,,14.615364,120.979104,,,,,,,24,2022-06-23,OSP
MNL037 LP170 NP3-4,MNL037,LP170,NP3-4,MNL037 LP170,Tayuman,MANILA,3,1,BARANGAY 256,,,14.615984,120.978685,,,,,,,16,2020-11-25,OSP
MNL037 LP170 NP5-6,MNL037,LP170,NP5-6,MNL037 LP170,Tayuman,MANILA,3,1,BARANGAY 256,,,14.615152,120.978482,,,,,,,16,2020-11-25,OSP
MNL037 LP172 NP3-4,MNL037,LP172,NP3-4,MNL037 LP172,Tayuman,MANILA,3,1,BARANGAY 256,,,14.61496,120.979152,,,,,,,16,2020-11-25,OSP
MNL037 LP172 NP5-6,MNL037,LP172,NP5-6,MNL037 LP172,Tayuman,MANILA,3,1,BARANGAY 256,,,14.615653,120.978948,,,,,,,16,2020-11-25,OSP
MNL037 LP169 NP7-8,MNL037,LP169,NP7-8,MNL037 LP169,Tayuman,MANILA,3,1,BARANGAY 256,,,14.615444,120.978255,,,,,,,16,2020-11-25,OSP
MNL037 LP170 NP1-2,MNL037,LP170,NP1-2,MNL037 LP170,Tayuman,MANILA,3,1,BARANGAY 256,,,14.616243,120.978458,,,,,,,16,2020-11-25,OSP
MNL005 LP586 NP6-8,MNL005,LP586,NP6-8,MNL005 LP586,Orchard Building (City Square 2),MANILA,3,1,BARANGAY 257,,,14.611251,120.978864,,,,,,,24,2022-06-23,OSP
MNL005 LP587 NP3-5,MNL005,LP587,NP3-5,MNL005 LP587,Orchard Building (City Square 2),MANILA,3,1,BARANGAY 257,,,14.611571,120.978487,,,,,,,24,2022-06-23,OSP
MNL037 LP179 NP7-8,MNL037,LP179,NP7-8,MNL037 LP179,Tayuman,MANILA,3,1,BARANGAY 257,,,14.611241,120.978859,,,,,,,16,2020-11-25,OSP
MNL037 LP179 NP3-4,MNL037,LP179,NP3-4,MNL037 LP179,Tayuman,MANILA,3,1,BARANGAY 257,,,14.61121,120.978441,,,,,,,16,2020-11-25,OSP
MNL003 LP364 NP5-6,MNL003,LP364,NP5-6,MNL003 LP364,City Square,MANILA,3,1,BARANGAY 258,,,14.61160111,120.9791001,,,,,,,16,2019-05-23,OSP
MNL003 LP364 NP7-8,MNL003,LP364,NP7-8,MNL003 LP364,City Square,MANILA,3,1,BARANGAY 258,,,14.61190129,120.9785382,,,,,,,16,2019-05-23,OSP
MNL003 LP366 NP1-2,MNL003,LP366,NP1-2,MNL003 LP366,City Square,MANILA,3,1,BARANGAY 258,,,14.61284586,120.9786965,,,,,,,16,2019-05-23,OSP
MNL005 LP588 NP1-2,MNL005,LP588,NP1-2,MNL005 LP588,Orchard Building (City Square 2),MANILA,3,1,BARANGAY 258,,,14.612557,120.978635,,,,,,,16,2022-06-23,OSP
MNL005 LP591 NP3-5,MNL005,LP591,NP3-5,MNL005 LP591,Orchard Building (City Square 2),MANILA,3,1,BARANGAY 258,,,14.612278,120.977857,,,,,,,24,2022-06-23,OSP
MNL005 LP591 NP6-8,MNL005,LP591,NP6-8,MNL005 LP591,Orchard Building (City Square 2),MANILA,3,1,BARANGAY 258,,,14.61218,120.978056,,,,,,,24,2022-06-23,OSP
MNL005 LP585 NP6-8,MNL005,LP585,NP6-8,MNL005 LP585,Orchard Building (City Square 2),MANILA,3,1,BARANGAY 258,,,14.611611,120.97914,,,,,,,24,2022-06-23,OSP
MNL005 LP586 NP1-2,MNL005,LP586,NP1-2,MNL005 LP586,Orchard Building (City Square 2),MANILA,3,1,BARANGAY 258,,,14.611692,120.978991,,,,,,,16,2022-06-23,OSP
MNL005 LP586 NP3-5,MNL005,LP586,NP3-5,MNL005 LP586,Orchard Building (City Square 2),MANILA,3,1,BARANGAY 258,,,14.611832,120.978698,,,,,,,24,2022-06-23,OSP
MNL005 LP587 NP1-2,MNL005,LP587,NP1-2,MNL005 LP587,Orchard Building (City Square 2),MANILA,3,1,BARANGAY 258,,,14.611922,120.978507,,,,,,,16,2022-06-23,OSP
MNL005 LP587 NP6-8,MNL005,LP587,NP6-8,MNL005 LP587,Orchard Building (City Square 2),MANILA,3,1,BARANGAY 258,,,14.612292,120.978581,,,,,,,24,2022-06-23,OSP
MNL037 LP174 NP5-6,MNL037,LP174,NP5-6,MNL037 LP174,Tayuman,MANILA,3,1,BARANGAY 258,,,14.612549,120.97863,,,,,,,16,2020-11-25,OSP
MNL037 LP174 NP7-8,MNL037,LP174,NP7-8,MNL037 LP174,Tayuman,MANILA,3,1,BARANGAY 258,,,14.611923,120.978539,,,,,,,16,2020-11-25,OSP
MNL037 LP175 NP1-2,MNL037,LP175,NP1-2,MNL037 LP175,Tayuman,MANILA,3,1,BARANGAY 258,,,14.612171,120.978073,,,,,,,16,2020-11-25,OSP
MNL037 LP179 NP1-2,MNL037,LP179,NP1-2,MNL037 LP179,Tayuman,MANILA,3,1,BARANGAY 258,,,14.611799,120.978531,,,,,,,16,2020-11-25,OSP
MNL037 LP179 NP5-6,MNL037,LP179,NP5-6,MNL037 LP179,Tayuman,MANILA,3,1,BARANGAY 258,,,14.611698,120.978974,,,,,,,16,2020-11-25,OSP
MNL003 LP260 NP1-2,MNL003,LP260,NP1-2,MNL003 LP260,City Square,MANILA,3,1,BARANGAY 259,,,14.6081696,120.975683,,,,,,,16,2019-02-27,OSP
MNL003 LP260 NP3-4,MNL003,LP260,NP3-4,MNL003 LP260,City Square,MANILA,3,1,BARANGAY 259,,,14.60821015,120.9764106,,,,,,,16,2019-02-27,OSP
MNL003 LP373 NP1-2,MNL003,LP373,NP1-2,MNL003 LP373,City Square,MANILA,3,1,BARANGAY 259,,,14.60855806,120.9757998,,,,,,,16,2019-05-23,OSP
MNL003 LP188 NP6,MNL003,LP188,NP6,MNL003 LP188,City Square,MANILA,3,1,BARANGAY 259,,RAY BURTON MANSION,14.608341,120.976616,MNL20P,12F,EE ROOM BUILDING A,,,,,2019-06-23,ISP
MNL003 LP483 NP7,MNL003,LP483,NP7,MNL003 LP483,City Square,MANILA,3,1,BARANGAY 259,,SUPREME GARDEN RESIDENCES,14.608300,120.976008,,27F,EE ROOM BUILDING A,MNL21P,,,,2022-06-05,ISP
MNL003 LP436 NP4,MNL003,LP436,NP4,MNL003 LP436,City Square,MANILA,3,1,BARANGAY 259,,CINTILEY RESIDENCES,14.608029,120.975692,,10F,EE ROOM BUILDING A,MNL19P,,,,2019-07-03,ISP
MNL003 LP436 NP1-2,MNL003,LP436,NP1-2,MNL003 LP436,City Square,MANILA,3,1,BARANGAY 259,,CINTILEY RESIDENCES,14.608029,120.975692,MNL19P,6F,EE ROOM BUILDING A,,,,,2019-07-03,ISP
MNL003 LP188 NP3,MNL003,LP188,NP3,MNL003 LP188,City Square,MANILA,3,1,BARANGAY 259,,RAY BURTON MANSION,14.608341,120.976616,,6F,EE ROOM BUILDING A,MNL20P,,,,2019-06-23,ISP
MNL003 LP483 NP6,MNL003,LP483,NP6,MNL003 LP483,City Square,MANILA,3,1,BARANGAY 259,,SUPREME GARDEN RESIDENCES,14.608300,120.976008,,23F,EE ROOM BUILDING A,MNL21P,,,,2022-06-05,ISP
MNL003 LP483 NP2,MNL003,LP483,NP2,MNL003 LP483,City Square,MANILA,3,1,BARANGAY 259,,SUPREME GARDEN RESIDENCES,14.608300,120.976008,MNL21P,9F,EE ROOM BUILDING A,,,,,2022-06-05,ISP
MNL003 LP483 NP5,MNL003,LP483,NP5,MNL003 LP483,City Square,MANILA,3,1,BARANGAY 259,,SUPREME GARDEN RESIDENCES,14.608300,120.976008,,20F,EE ROOM BUILDING A,MNL21P,,,,2022-06-05,ISP
MNL003 LP188 NP1,MNL003,LP188,NP1,MNL003 LP188,City Square,MANILA,3,1,BARANGAY 259,,RAY BURTON MANSION,14.608341,120.976616,,2F,EE ROOM BUILDING A,MNL20P,,,,2019-06-23,ISP
MNL003 LP483 NP4,MNL003,LP483,NP4,MNL003 LP483,City Square,MANILA,3,1,BARANGAY 259,,SUPREME GARDEN RESIDENCES,14.608300,120.976008,,17F,EE ROOM BUILDING A,MNL21P,,,,2022-06-05,ISP
MNL003 LP188 NP2,MNL003,LP188,NP2,MNL003 LP188,City Square,MANILA,3,1,BARANGAY 259,,RAY BURTON MANSION,14.608341,120.976616,MNL20P,4F,EE ROOM BUILDING A,,,,,2019-06-23,ISP
MNL003 LP436 NP5,MNL003,LP436,NP5,MNL003 LP436,City Square,MANILA,3,1,BARANGAY 259,,CINTILEY RESIDENCES,14.608029,120.975692,MNL19P,12F,EE ROOM BUILDING A,,,,,2019-07-03,ISP
MNL003 LP436 NP6,MNL003,LP436,NP6,MNL003 LP436,City Square,MANILA,3,1,BARANGAY 259,,CINTILEY RESIDENCES,14.608029,120.975692,MNL19P,16F,EE ROOM BUILDING A,,,,,2019-07-03,ISP
MNL003 LP436 NP3,MNL003,LP436,NP3,MNL003 LP436,City Square,MANILA,3,1,BARANGAY 259,,CINTILEY RESIDENCES,14.608029,120.975692,,8F,EE ROOM BUILDING A,MNL19P,,,,2019-07-03,ISP
MNL003 LP188 NP4,MNL003,LP188,NP4,MNL003 LP188,City Square,MANILA,3,1,BARANGAY 259,,RAY BURTON MANSION,14.608341,120.976616,MNL20P,8F,EE ROOM BUILDING A,,,,,2019-06-23,ISP
MNL003 LP188 NP5,MNL003,LP188,NP5,MNL003 LP188,City Square,MANILA,3,1,BARANGAY 259,,RAY BURTON MANSION,14.608341,120.976616,MNL20P,10F,EE ROOM BUILDING A,,,,,2019-06-23,ISP
MNL003 LP483 NP8,MNL003,LP483,NP8,MNL003 LP483,City Square,MANILA,3,1,BARANGAY 259,,SUPREME GARDEN RESIDENCES,14.608300,120.976008,,30F,EE ROOM BUILDING A,MNL21P,,,,2022-06-05,ISP
MNL003 LP483 NP1,MNL003,LP483,NP1,MNL003 LP483,City Square,MANILA,3,1,BARANGAY 259,,SUPREME GARDEN RESIDENCES,14.608300,120.976008,MNL21P,GF,EE ROOM BUILDING A,,,,,2022-06-05,ISP
MNL003 LP483 NP3,MNL003,LP483,NP3,MNL003 LP483,City Square,MANILA,3,1,BARANGAY 259,,SUPREME GARDEN RESIDENCES,14.608300,120.976008,MNL21P,12F,EE ROOM BUILDING A,,,,,2022-06-05,ISP
MNL005 LP534 NP7-8,MNL005,LP534,NP7-8,MNL005 LP534,Orchard Building (City Square 2),MANILA,3,1,BARANGAY 259,,,14.607333,120.975441,,,,,,,16,2022-06-23,OSP
MNL005 LP535 NP1-2,MNL005,LP535,NP1-2,MNL005 LP535,Orchard Building (City Square 2),MANILA,3,1,BARANGAY 259,,,14.60828,120.975741,,,,,,,16,2022-06-23,OSP
MNL005 LP535 NP3-5,MNL005,LP535,NP3-5,MNL005 LP535,Orchard Building (City Square 2),MANILA,3,1,BARANGAY 259,,,14.608973,120.975847,,,,,,,24,2022-06-23,OSP
MNL005 LP599 NP1-2,MNL005,LP599,NP1-2,MNL005 LP599,Orchard Building (City Square 2),MANILA,3,1,BARANGAY 259,,,14.608481,120.977059,,,,,,,16,2022-06-23,OSP
MNL005 LP599 NP3-5,MNL005,LP599,NP3-5,MNL005 LP599,Orchard Building (City Square 2),MANILA,3,1,BARANGAY 259,,,14.608219,120.976936,,,,,,,24,2022-06-23,OSP
MNL005 LP596 NP3-5,MNL005,LP596,NP3-5,MNL005 LP596,Orchard Building (City Square 2),MANILA,3,1,BARANGAY 259,,,14.608602,120.976115,,,,,,,24,2022-06-23,OSP
MNL005 LP596 NP6-8,MNL005,LP596,NP6-8,MNL005 LP596,Orchard Building (City Square 2),MANILA,3,1,BARANGAY 259,,,14.60824,120.976435,,,,,,,24,2022-06-23,OSP
MNL005 LP597 NP1-2,MNL005,LP597,NP1-2,MNL005 LP597,Orchard Building (City Square 2),MANILA,3,1,BARANGAY 259,,,14.608893,120.976549,,,,,,,16,2022-06-23,OSP
MNL037 LP188 NP1-2,MNL037,LP188,NP1-2,MNL037 LP188,Tayuman,MANILA,3,1,BARANGAY 259,,,14.608232,120.976431,,,,,,,16,2020-11-25,OSP
MNL037 LP188 NP3-4,MNL037,LP188,NP3-4,MNL037 LP188,Tayuman,MANILA,3,1,BARANGAY 259,,,14.607803,120.97636,,,,,,,16,2020-11-25,OSP
MNL037 LP188 NP5-6,MNL037,LP188,NP5-6,MNL037 LP188,Tayuman,MANILA,3,1,BARANGAY 259,,,14.607276,120.976261,,,,,,,16,2020-11-25,OSP
MNL037 LP188 NP7-8,MNL037,LP188,NP7-8,MNL037 LP188,Tayuman,MANILA,3,1,BARANGAY 259,,,14.60826,120.976006,,,,,,,16,2020-11-25,OSP
MNL037 LP189 NP1-2,MNL037,LP189,NP1-2,MNL037 LP189,Tayuman,MANILA,3,1,BARANGAY 259,,,14.607703,120.975883,,,,,,,16,2020-11-25,OSP
MNL037 LP189 NP3-4,MNL037,LP189,NP3-4,MNL037 LP189,Tayuman,MANILA,3,1,BARANGAY 259,,,14.607335,120.97588,,,,,,,16,2020-11-25,OSP
MNL037 LP190 NP1-2,MNL037,LP190,NP1-2,MNL037 LP190,Tayuman,MANILA,3,1,BARANGAY 259,,,14.608621,120.976124,,,,,,,16,2020-11-25,OSP
MNL037 LP186 NP3-4,MNL037,LP186,NP3-4,MNL037 LP186,Tayuman,MANILA,3,1,BARANGAY 259,,,14.608214,120.976933,,,,,,,16,2020-11-25,OSP
MNL037 LP186 NP5-6,MNL037,LP186,NP5-6,MNL037 LP186,Tayuman,MANILA,3,1,BARANGAY 259,,,14.608837,120.977103,,,,,,,16,2020-11-25,OSP
MNL037 LP187 NP5-6,MNL037,LP187,NP5-6,MNL037 LP187,Tayuman,MANILA,3,1,BARANGAY 259,,,14.608678,120.976516,,,,,,,16,2020-11-25,OSP
MNL001 LP24 NP1-2,MNL001,LP24,NP1-2,MNL001 LP24,Zen Tower,MANILA,3,1,BARANGAY 259,,,14.605765,120.975805,,,,,,,16,2015-07-27,OSP
MNL005 LP203 NP1-2,MNL005,LP203,NP1-2,MNL005 LP203,Orchard Building (City Square 2),MANILA,3,1,BARANGAY 26,,,14.605954,120.96554,,,,,,,16,2021-09-25,OSP
MNL005 LP414 NP1-2,MNL005,LP414,NP1-2,MNL005 LP414,Orchard Building (City Square 2),MANILA,3,1,BARANGAY 26,,,14.604958,120.964764,,,,,,,16,2021-11-01,OSP
MNL005 LP414 NP3-5,MNL005,LP414,NP3-5,MNL005 LP414,Orchard Building (City Square 2),MANILA,3,1,BARANGAY 26,,,14.605111,120.965345,,,,,,,24,2021-11-01,OSP
MNL005 LP414 NP6-8,MNL005,LP414,NP6-8,MNL005 LP414,Orchard Building (City Square 2),MANILA,3,1,BARANGAY 26,,,14.605111,120.965345,,,,,,,24,2021-11-01,OSP
MNL005 LP416 NP1-2,MNL005,LP416,NP1-2,MNL005 LP416,Orchard Building (City Square 2),MANILA,3,1,BARANGAY 26,,,14.605054,120.964554,,,,,,,16,2021-11-01,OSP
MNL005 LP416 NP3-5,MNL005,LP416,NP3-5,MNL005 LP416,Orchard Building (City Square 2),MANILA,3,1,BARANGAY 26,,,14.605131,120.964779,,,,,,,24,2021-11-01,OSP
MNL005 LP416 NP6-8,MNL005,LP416,NP6-8,MNL005 LP416,Orchard Building (City Square 2),MANILA,3,1,BARANGAY 26,,,14.605241,120.965191,,,,,,,24,2021-11-01,OSP
MNL005 LP417 NP3-5,MNL005,LP417,NP3-5,MNL005 LP417,Orchard Building (City Square 2),MANILA,3,1,BARANGAY 26,,,14.605287,120.964726,,,,,,,24,2021-11-01,OSP
MNL005 LP417 NP6-8,MNL005,LP417,NP6-8,MNL005 LP417,Orchard Building (City Square 2),MANILA,3,1,BARANGAY 26,,,14.605338,120.964915,,,,,,,24,2021-11-01,OSP
MNL005 LP405 NP1-2,MNL005,LP405,NP1-2,MNL005 LP405,Orchard Building (City Square 2),MANILA,3,1,BARANGAY 26,,,14.60451,120.964665,,,,,,,16,2021-11-01,OSP
MNL005 LP405 NP3-5,MNL005,LP405,NP3-5,MNL005 LP405,Orchard Building (City Square 2),MANILA,3,1,BARANGAY 26,,,14.60451,120.964665,,,,,,,24,2021-11-01,OSP
MNL005 LP47 NP3-4,MNL005,LP47,NP3-4,MNL005 LP47,Orchard Building (City Square 2),MANILA,3,1,BARANGAY 26,,,14.605046,120.964529,,,,,,,16,2020-09-25,OSP
MNL005 LP47 NP5-6,MNL005,LP47,NP5-6,MNL005 LP47,Orchard Building (City Square 2),MANILA,3,1,BARANGAY 26,,,14.604919,120.964553,,,,,,,16,2020-09-25,OSP
MNL005 LP47 NP7-8,MNL005,LP47,NP7-8,MNL005 LP47,Orchard Building (City Square 2),MANILA,3,1,BARANGAY 26,,,14.604555,120.964629,,,,,,,16,2020-09-25,OSP
MNL005 LP46 NP5-6,MNL005,LP46,NP5-6,MNL005 LP46,Orchard Building (City Square 2),MANILA,3,1,BARANGAY 26,,,14.605638,120.965248,,,,,,,16,2020-09-25,OSP
MNL005 LP46 NP7-8,MNL005,LP46,NP7-8,MNL005 LP46,Orchard Building (City Square 2),MANILA,3,1,BARANGAY 26,,,14.605292,120.964676,,,,,,,16,2020-09-25,OSP
MNL003 LP260 NP7-8,MNL003,LP260,NP7-8,MNL003 LP260,City Square,MANILA,3,1,BARANGAY 260,,,14.60710807,120.97844,,,,,,,16,2019-02-27,OSP
MNL003 LP261 NP1-2,MNL003,LP261,NP1-2,MNL003 LP261,City Square,MANILA,3,1,BARANGAY 260,,,14.60585934,120.9779405,,,,,,,16,2019-02-27,OSP
MNL003 LP76 NP7,MNL003,LP76,NP7,MNL003 LP76,City Square,MANILA,3,1,BARANGAY 260,,BENAVIDEZ GARDEN CONDOMINIUM,14.606852,120.978219,,RF,CONVERGE ROOM,MNL22P,,,,2018-09-11,ISP
MNL003 LP76 NP8,MNL003,LP76,NP8,MNL003 LP76,City Square,MANILA,3,1,BARANGAY 260,,BENAVIDEZ GARDEN CONDOMINIUM,14.606852,120.978219,,RF,CONVERGE ROOM,MNL22P,,,,2018-09-11,ISP
MNL003 LP76 NP6,MNL003,LP76,NP6,MNL003 LP76,City Square,MANILA,3,1,BARANGAY 260,,BENAVIDEZ GARDEN CONDOMINIUM,14.606852,120.978219,,RF,CONVERGE ROOM,MNL22P,,,,2018-09-11,ISP
MNL003 LP76 NP1,MNL003,LP76,NP1,MNL003 LP76,City Square,MANILA,3,1,BARANGAY 260,,BENAVIDEZ GARDEN CONDOMINIUM,14.606852,120.978219,,RF,CONVERGE ROOM,MNL22P,,,,2018-09-11,ISP
MNL003 LP76 NP3,MNL003,LP76,NP3,MNL003 LP76,City Square,MANILA,3,1,BARANGAY 260,,BENAVIDEZ GARDEN CONDOMINIUM,14.606852,120.978219,,RF,CONVERGE ROOM,MNL22P,,,,2018-09-11,ISP
MNL003 LP76 NP5,MNL003,LP76,NP5,MNL003 LP76,City Square,MANILA,3,1,BARANGAY 260,,BENAVIDEZ GARDEN CONDOMINIUM,14.606852,120.978219,,RF,CONVERGE ROOM,MNL22P,,,,2018-09-11,ISP
MNL003 LP76 NP4,MNL003,LP76,NP4,MNL003 LP76,City Square,MANILA,3,1,BARANGAY 260,,BENAVIDEZ GARDEN CONDOMINIUM,14.606852,120.978219,,RF,CONVERGE ROOM,MNL22P,,,,2018-09-11,ISP
MNL003 LP76 NP2,MNL003,LP76,NP2,MNL003 LP76,City Square,MANILA,3,1,BARANGAY 260,,BENAVIDEZ GARDEN CONDOMINIUM,14.606852,120.978219,,RF,CONVERGE ROOM,MNL22P,,,,2018-09-11,ISP
MNL005 LP602 NP1-2,MNL005,LP602,NP1-2,MNL005 LP602,Orchard Building (City Square 2),MANILA,3,1,BARANGAY 260,,,14.606901,120.978354,,,,,,,16,2022-06-23,OSP
MNL005 LP601 NP3-5,MNL005,LP601,NP3-5,MNL005 LP601,Orchard Building (City Square 2),MANILA,3,1,BARANGAY 260,,,14.605861,120.977945,,,,,,,24,2022-06-23,OSP
MNL005 LP601 NP6-8,MNL005,LP601,NP6-8,MNL005 LP601,Orchard Building (City Square 2),MANILA,3,1,BARANGAY 260,,,14.606213,120.978082,,,,,,,24,2022-06-23,OSP
MNL037 LP218 NP5-6,MNL037,LP218,NP5-6,MNL037 LP218,Tayuman,MANILA,3,1,BARANGAY 260,,,14.605074,120.977504,,,,,,,16,2020-11-28,OSP
MNL037 LP182 NP5-6,MNL037,LP182,NP5-6,MNL037 LP182,Tayuman,MANILA,3,1,BARANGAY 260,,,14.607076,120.978419,,,,,,,16,2020-11-25,OSP
MNL037 LP182 NP7-8,MNL037,LP182,NP7-8,MNL037 LP182,Tayuman,MANILA,3,1,BARANGAY 260,,,14.606334,120.97815,,,,,,,16,2020-11-25,OSP
MNL037 LP185 NP1-2,MNL037,LP185,NP1-2,MNL037 LP185,Tayuman,MANILA,3,1,BARANGAY 260,,,14.605877,120.977964,,,,,,,16,2020-11-25,OSP
MNL037 LP185 NP3-4,MNL037,LP185,NP3-4,MNL037 LP185,Tayuman,MANILA,3,1,BARANGAY 260,,,14.605605,120.977842,,,,,,,16,2020-11-25,OSP
MNL037 LP185 NP5-6,MNL037,LP185,NP5-6,MNL037 LP185,Tayuman,MANILA,3,1,BARANGAY 260,,,14.605151,120.977655,,,,,,,16,2020-11-25,OSP
MNL037 LP185 NP7-8,MNL037,LP185,NP7-8,MNL037 LP185,Tayuman,MANILA,3,1,BARANGAY 260,,,14.605634,120.978436,,,,,,,16,2020-11-25,OSP
MNL003 LP363 NP1-2,MNL003,LP363,NP1-2,MNL003 LP363,City Square,MANILA,3,1,BARANGAY 261,,,14.60932795,120.9793653,,,,,,,16,2019-05-23,OSP
MNL005 LP603 NP3-5,MNL005,LP603,NP3-5,MNL005 LP603,Orchard Building (City Square 2),MANILA,3,1,BARANGAY 261,,,14.609336,120.979379,,,,,,,24,2022-06-23,OSP
MNL005 LP661 NP3,MNL005,LP661,NP3,MNL005 LP661,Orchard Building (City Square 2),MANILA,3,1,BARANGAY 261,,BROADVIEW TOWERS (TOWER 2),14.609061,120.979589,,7F,EE ROOM,MNL24P,,,,2023-10-20,ISP
MNL005 LP660 NP2,MNL005,LP660,NP2,MNL005 LP660,Orchard Building (City Square 2),MANILA,3,1,BARANGAY 261,,BROADVIEW TOWERS (TOWER 2),14.609061,120.979589,,7F,EE ROOM,MNL24P,,,,2023-10-20,ISP
MNL005 LP660 NP5,MNL005,LP660,NP5,MNL005 LP660,Orchard Building (City Square 2),MANILA,3,1,BARANGAY 261,,BROADVIEW TOWERS (TOWER 2),14.609061,120.979589,,7F,EE ROOM,MNL24P,,,,2023-10-20,ISP
MNL005 LP659 NP4,MNL005,LP659,NP4,MNL005 LP659,Orchard Building (City Square 2),MANILA,3,1,BARANGAY 261,,BROADVIEW TOWERS (TOWER 1),14.608852,120.979890,,7F,EE ROOM,MNL23P,,,,2023-10-20,ISP
MNL005 LP659 NP1,MNL005,LP659,NP1,MNL005 LP659,Orchard Building (City Square 2),MANILA,3,1,BARANGAY 261,,BROADVIEW TOWERS (TOWER 1),14.608852,120.979890,,7F,EE ROOM,MNL23P,,,,2023-10-20,ISP
MNL005 LP659 NP2,MNL005,LP659,NP2,MNL005 LP659,Orchard Building (City Square 2),MANILA,3,1,BARANGAY 261,,BROADVIEW TOWERS (TOWER 1),14.608852,120.979890,,7F,EE ROOM,MNL23P,,,,2023-10-20,ISP
MNL005 LP660 NP4,MNL005,LP660,NP4,MNL005 LP660,Orchard Building (City Square 2),MANILA,3,1,BARANGAY 261,,BROADVIEW TOWERS (TOWER 2),14.609061,120.979589,,7F,EE ROOM,MNL24P,,,,2023-10-20,ISP
MNL005 LP659 NP5,MNL005,LP659,NP5,MNL005 LP659,Orchard Building (City Square 2),MANILA,3,1,BARANGAY 261,,BROADVIEW TOWERS (TOWER 1),14.608852,120.979890,,7F,EE ROOM,MNL23P,,,,2023-10-20,ISP
MNL005 LP660 NP1,MNL005,LP660,NP1,MNL005 LP660,Orchard Building (City Square 2),MANILA,3,1,BARANGAY 261,,BROADVIEW TOWERS (TOWER 2),14.609061,120.979589,,7F,EE ROOM,MNL24P,,,,2023-10-20,ISP
MNL005 LP661 NP1,MNL005,LP661,NP1,MNL005 LP661,Orchard Building (City Square 2),MANILA,3,1,BARANGAY 261,,BROADVIEW TOWERS (TOWER 2),14.609061,120.979589,,7F,EE ROOM,MNL24P,,,,2023-10-20,ISP
MNL005 LP659 NP3,MNL005,LP659,NP3,MNL005 LP659,Orchard Building (City Square 2),MANILA,3,1,BARANGAY 261,,BROADVIEW TOWERS (TOWER 1),14.608852,120.979890,,7F,EE ROOM,MNL23P,,,,2023-10-20,ISP
MNL005 LP660 NP8,MNL005,LP660,NP8,MNL005 LP660,Orchard Building (City Square 2),MANILA,3,1,BARANGAY 261,,BROADVIEW TOWERS (TOWER 2),14.609061,120.979589,,7F,EE ROOM,MNL24P,,,,2023-10-20,ISP
MNL005 LP660 NP6,MNL005,LP660,NP6,MNL005 LP660,Orchard Building (City Square 2),MANILA,3,1,BARANGAY 261,,BROADVIEW TOWERS (TOWER 2),14.609061,120.979589,,7F,EE ROOM,MNL24P,,,,2023-10-20,ISP
MNL005 LP660 NP7,MNL005,LP660,NP7,MNL005 LP660,Orchard Building (City Square 2),MANILA,3,1,BARANGAY 261,,BROADVIEW TOWERS (TOWER 2),14.609061,120.979589,,7F,EE ROOM,MNL24P,,,,2023-10-20,ISP
MNL005 LP660 NP3,MNL005,LP660,NP3,MNL005 LP660,Orchard Building (City Square 2),MANILA,3,1,BARANGAY 261,,BROADVIEW TOWERS (TOWER 2),14.609061,120.979589,,7F,EE ROOM,MNL24P,,,,2023-10-20,ISP
MNL005 LP661 NP2,MNL005,LP661,NP2,MNL005 LP661,Orchard Building (City Square 2),MANILA,3,1,BARANGAY 261,,BROADVIEW TOWERS (TOWER 2),14.609061,120.979589,,7F,EE ROOM,MNL24P,,,,2023-10-20,ISP
MNL037 LP180 NP5-6,MNL037,LP180,NP5-6,MNL037 LP180,Tayuman,MANILA,3,1,BARANGAY 261,,,14.609926,120.979704,,,,,,,16,2020-11-25,OSP
MNL037 LP181 NP1-2,MNL037,LP181,NP1-2,MNL037 LP181,Tayuman,MANILA,3,1,BARANGAY 261,,,14.60935,120.97937,,,,,,,16,2020-11-25,OSP
MNL037 LP206 NP7-8,MNL037,LP206,NP7-8,MNL037 LP206,Tayuman,MANILA,3,1,BARANGAY 261,,,14.6092,120.979742,,,,,,,16,2020-11-28,OSP
MNL001 LP67 NP1,MNL001,LP67,NP1,MNL001 LP67,Zen Tower,MANILA,3,1,BARANGAY 261,,,14.60912136,120.9797935,,,,,,,8,2015-12-31,OSP
MNL003 LP34 NP6,MNL003,LP34,NP6,MNL003 LP34,City Square,MANILA,3,1,BARANGAY 262,,WHARTON PARKSUITES,14.608019,120.977878,MNL25P,19F,EE ROOM BUILDING A,,,,,2018-01-17,ISP
MNL003 LP3 NP4-5,MNL003,LP3,NP4-5,MNL003 LP3,City Square,MANILA,3,1,BARANGAY 262,,ONE MIHO PLACE,14.607946,120.978410,MNL26P,17F,EE ROOM BUILDING A,,,,,2016-07-28,ISP
MNL003 LP3 NP2-3,MNL003,LP3,NP2-3,MNL003 LP3,City Square,MANILA,3,1,BARANGAY 262,,ONE MIHO PLACE,14.607946,120.978410,MNL26P,10F,EE ROOM BUILDING A,,,,,2016-07-28,ISP
MNL003 LP35 NP8,MNL003,LP35,NP8,MNL003 LP35,City Square,MANILA,3,1,BARANGAY 262,,WHARTON PARKSUITES,14.608019,120.977878,MNL25P,39F,EE ROOM BUILDING A,,,,,2018-01-17,ISP
MNL003 LP35 NP7,MNL003,LP35,NP7,MNL003 LP35,City Square,MANILA,3,1,BARANGAY 262,,WHARTON PARKSUITES,14.608019,120.977878,MNL25P,36F,EE ROOM BUILDING A,,,,,2018-01-17,ISP
MNL003 LP484 NP1,MNL003,LP484,NP1,MNL003 LP484,City Square,MANILA,3,1,BARANGAY 262,,WHARTON PARKSUITES,14.608019,120.977878,,8F,EE ROOM,MNL25P,,,,2023-08-09,ISP
MNL003 LP35 NP6,MNL003,LP35,NP6,MNL003 LP35,City Square,MANILA,3,1,BARANGAY 262,,WHARTON PARKSUITES,14.608019,120.977878,MNL25P,34F,EE ROOM BUILDING A,,,,,2018-01-17,ISP
MNL003 LP3 NP6-7,MNL003,LP3,NP6-7,MNL003 LP3,City Square,MANILA,3,1,BARANGAY 262,,ONE MIHO PLACE,14.607946,120.978410,MNL26P,23F,EE ROOM BUILDING A,,,,,2016-07-28,ISP
MNL003 LP484 NP7,MNL003,LP484,NP7,MNL003 LP484,City Square,MANILA,3,1,BARANGAY 262,,WHARTON PARKSUITES,14.608019,120.977878,,8F,EE ROOM,MNL25P,,,,2023-08-09,ISP
MNL003 LP484 NP2,MNL003,LP484,NP2,MNL003 LP484,City Square,MANILA,3,1,BARANGAY 262,,WHARTON PARKSUITES,14.608019,120.977878,,8F,EE ROOM,MNL25P,,,,2023-08-09,ISP
MNL003 LP34 NP7,MNL003,LP34,NP7,MNL003 LP34,City Square,MANILA,3,1,BARANGAY 262,,WHARTON PARKSUITES,14.608019,120.977878,,21F,EE ROOM BUILDING A,MNL25P,,,,2018-01-17,ISP
MNL003 LP34 NP5,MNL003,LP34,NP5,MNL003 LP34,City Square,MANILA,3,1,BARANGAY 262,,WHARTON PARKSUITES,14.608019,120.977878,,17F,EE ROOM BUILDING A,MNL25P,,,,2018-01-17,ISP
MNL003 LP34 NP1,MNL003,LP34,NP1,MNL003 LP34,City Square,MANILA,3,1,BARANGAY 262,,WHARTON PARKSUITES,14.608019,120.977878,MNL25P,8F,EE ROOM BUILDING A,,,,,2018-01-17,ISP
MNL003 LP34 NP8,MNL003,LP34,NP8,MNL003 LP34,City Square,MANILA,3,1,BARANGAY 262,,WHARTON PARKSUITES,14.608019,120.977878,MNL25P,23F,EE ROOM BUILDING A,,,,,2018-01-17,ISP
MNL003 LP34 NP4,MNL003,LP34,NP4,MNL003 LP34,City Square,MANILA,3,1,BARANGAY 262,,WHARTON PARKSUITES,14.608019,120.977878,,15F,EE ROOM BUILDING A,MNL25P,,,,2018-01-17,ISP
MNL003 LP484 NP4,MNL003,LP484,NP4,MNL003 LP484,City Square,MANILA,3,1,BARANGAY 262,,WHARTON PARKSUITES,14.608019,120.977878,,8F,EE ROOM,MNL25P,,,,2023-08-09,ISP
MNL003 LP35 NP1,MNL003,LP35,NP1,MNL003 LP35,City Square,MANILA,3,1,BARANGAY 262,,WHARTON PARKSUITES,14.608019,120.977878,MNL25P,24F,EE ROOM BUILDING A,,,,,2018-01-17,ISP
MNL003 LP35 NP4,MNL003,LP35,NP4,MNL003 LP35,City Square,MANILA,3,1,BARANGAY 262,,WHARTON PARKSUITES,14.608019,120.977878,MNL25P,30F,EE ROOM BUILDING A,,,,,2018-01-17,ISP
MNL003 LP3 NP8,MNL003,LP3,NP8,MNL003 LP3,City Square,MANILA,3,1,BARANGAY 262,,ONE MIHO PLACE,14.607946,120.978410,MNL26P,PH,EE ROOM BUILDING A,,,,,2016-07-28,ISP
MNL003 LP484 NP6,MNL003,LP484,NP6,MNL003 LP484,City Square,MANILA,3,1,BARANGAY 262,,WHARTON PARKSUITES,14.608019,120.977878,,8F,EE ROOM,MNL25P,,,,2023-08-09,ISP
MNL003 LP484 NP3,MNL003,LP484,NP3,MNL003 LP484,City Square,MANILA,3,1,BARANGAY 262,,WHARTON PARKSUITES,14.608019,120.977878,,8F,EE ROOM,MNL25P,,,,2023-08-09,ISP
MNL003 LP34 NP3,MNL003,LP34,NP3,MNL003 LP34,City Square,MANILA,3,1,BARANGAY 262,,WHARTON PARKSUITES,14.608019,120.977878,MNL25P,12F,EE ROOM BUILDING A,,,,,2018-01-17,ISP
MNL003 LP3 NP1,MNL003,LP3,NP1,MNL003 LP3,City Square,MANILA,3,1,BARANGAY 262,,ONE MIHO PLACE,14.607946,120.978410,MNL26P,4F,EE ROOM BUILDING A,,,,,2016-07-28,ISP
MNL003 LP35 NP2,MNL003,LP35,NP2,MNL003 LP35,City Square,MANILA,3,1,BARANGAY 262,,WHARTON PARKSUITES,14.608019,120.977878,MNL25P,26F,EE ROOM BUILDING A,,,,,2018-01-17,ISP
MNL003 LP35 NP5,MNL003,LP35,NP5,MNL003 LP35,City Square,MANILA,3,1,BARANGAY 262,,WHARTON PARKSUITES,14.608019,120.977878,MNL25P,32F,EE ROOM BUILDING A,,,,,2018-01-17,ISP
MNL003 LP484 NP8,MNL003,LP484,NP8,MNL003 LP484,City Square,MANILA,3,1,BARANGAY 262,,WHARTON PARKSUITES,14.608019,120.977878,,8F,EE ROOM,MNL25P,,,,2023-08-09,ISP
MNL003 LP484 NP5,MNL003,LP484,NP5,MNL003 LP484,City Square,MANILA,3,1,BARANGAY 262,,WHARTON PARKSUITES,14.608019,120.977878,,8F,EE ROOM,MNL25P,,,,2023-08-09,ISP
MNL003 LP35 NP3,MNL003,LP35,NP3,MNL003 LP35,City Square,MANILA,3,1,BARANGAY 262,,WHARTON PARKSUITES,14.608019,120.977878,MNL25P,28F,EE ROOM BUILDING A,,,,,2018-01-17,ISP
MNL003 LP34 NP2,MNL003,LP34,NP2,MNL003 LP34,City Square,MANILA,3,1,BARANGAY 262,,WHARTON PARKSUITES,14.608019,120.977878,,10F,EE ROOM BUILDING A,MNL25P,,,,2018-01-17,ISP
MNL005 LP603 NP1-2,MNL005,LP603,NP1-2,MNL005 LP603,Orchard Building (City Square 2),MANILA,3,1,BARANGAY 262,,,14.608804,120.979043,,,,,,,16,2022-06-23,OSP
MNL005 LP599 NP6-8,MNL005,LP599,NP6-8,MNL005 LP599,Orchard Building (City Square 2),MANILA,3,1,BARANGAY 262,,,14.608108,120.977382,,,,,,,24,2022-06-23,OSP
MNL005 LP600 NP1-2,MNL005,LP600,NP1-2,MNL005 LP600,Orchard Building (City Square 2),MANILA,3,1,BARANGAY 262,,,14.607957,120.977652,,,,,,,16,2022-06-23,OSP
MNL005 LP600 NP3-5,MNL005,LP600,NP3-5,MNL005 LP600,Orchard Building (City Square 2),MANILA,3,1,BARANGAY 262,,,14.607771,120.977967,,,,,,,24,2022-06-23,OSP
MNL047 LP1 NP2,MNL047,LP1,NP2,MNL047 LP1,Orchard Residences,MANILA,3,1,BARANGAY 262,,ORCHARD RESIDENCES (WEST TOWER),14.608887,120.978518,,16F,AUXILIARY ROOM,MNL047,,,,2021-05-11,ISP
MNL047 LP3 NP1,MNL047,LP3,NP1,MNL047 LP3,Orchard Residences,MANILA,3,1,BARANGAY 262,,ORCHARD RESIDENCES (EAST TOWER),14.608887,120.978518,,11F,AUXILIARY ROOM,MNL27P,,,,2021-05-11,ISP
MNL047 LP4 NP5,MNL047,LP4,NP5,MNL047 LP4,Orchard Residences,MANILA,3,1,BARANGAY 262,,ORCHARD RESIDENCES (EAST TOWER),14.608887,120.978518,,39F,AUXILIARY ROOM,MNL27P,,,,2021-05-11,ISP
MNL047 LP4 NP2,MNL047,LP4,NP2,MNL047 LP4,Orchard Residences,MANILA,3,1,BARANGAY 262,,ORCHARD RESIDENCES (EAST TOWER),14.608887,120.978518,,32F,AUXILIARY ROOM,MNL27P,,,,2021-05-11,ISP
MNL047 LP3 NP3,MNL047,LP3,NP3,MNL047 LP3,Orchard Residences,MANILA,3,1,BARANGAY 262,,ORCHARD RESIDENCES (EAST TOWER),14.608887,120.978518,,17F,AUXILIARY ROOM,MNL27P,,,,2021-05-11,ISP
MNL047 LP3 NP5,MNL047,LP3,NP5,MNL047 LP3,Orchard Residences,MANILA,3,1,BARANGAY 262,,ORCHARD RESIDENCES (EAST TOWER),14.608887,120.978518,,21F,AUXILIARY ROOM,MNL27P,,,,2021-05-11,ISP
MNL047 LP3 NP4,MNL047,LP3,NP4,MNL047 LP3,Orchard Residences,MANILA,3,1,BARANGAY 262,,ORCHARD RESIDENCES (EAST TOWER),14.608887,120.978518,,19F,AUXILIARY ROOM,MNL27P,,,,2021-05-11,ISP
MNL047 LP3 NP7,MNL047,LP3,NP7,MNL047 LP3,Orchard Residences,MANILA,3,1,BARANGAY 262,,ORCHARD RESIDENCES (EAST TOWER),14.608887,120.978518,,26F,AUXILIARY ROOM,MNL27P,,,,2021-05-11,ISP
MNL047 LP1 NP1,MNL047,LP1,NP1,MNL047 LP1,Orchard Residences,MANILA,3,1,BARANGAY 262,,ORCHARD RESIDENCES (WEST TOWER),14.608887,120.978518,,11F,AUXILIARY ROOM,MNL047,,,,2021-05-11,ISP
MNL047 LP2 NP3,MNL047,LP2,NP3,MNL047 LP2,Orchard Residences,MANILA,3,1,BARANGAY 262,,ORCHARD RESIDENCES (WEST TOWER),14.608887,120.978518,,43F,AUXILIARY ROOM,MNL047,,,,2021-05-11,ISP
MNL047 LP2 NP2,MNL047,LP2,NP2,MNL047 LP2,Orchard Residences,MANILA,3,1,BARANGAY 262,,ORCHARD RESIDENCES (WEST TOWER),14.608887,120.978518,,39F,AUXILIARY ROOM,MNL047,,,,2021-05-11,ISP
MNL047 LP3 NP8,MNL047,LP3,NP8,MNL047 LP3,Orchard Residences,MANILA,3,1,BARANGAY 262,,ORCHARD RESIDENCES (EAST TOWER),14.608887,120.978518,,28F,AUXILIARY ROOM,MNL27P,,,,2021-05-11,ISP
MNL047 LP1 NP3,MNL047,LP1,NP3,MNL047 LP1,Orchard Residences,MANILA,3,1,BARANGAY 262,,ORCHARD RESIDENCES (WEST TOWER),14.608887,120.978518,,18F,AUXILIARY ROOM,MNL047,,,,2021-05-11,ISP
MNL047 LP1 NP8,MNL047,LP1,NP8,MNL047 LP1,Orchard Residences,MANILA,3,1,BARANGAY 262,,ORCHARD RESIDENCES (WEST TOWER),14.608887,120.978518,,32F,AUXILIARY ROOM,MNL047,,,,2021-05-11,ISP
MNL047 LP1 NP6,MNL047,LP1,NP6,MNL047 LP1,Orchard Residences,MANILA,3,1,BARANGAY 262,,ORCHARD RESIDENCES (WEST TOWER),14.608887,120.978518,,27F,AUXILIARY ROOM,MNL047,,,,2021-05-11,ISP
MNL047 LP2 NP4,MNL047,LP2,NP4,MNL047 LP2,Orchard Residences,MANILA,3,1,BARANGAY 262,,ORCHARD RESIDENCES (WEST TOWER),14.608887,120.978518,,47F,AUXILIARY ROOM,MNL047,,,,2021-05-11,ISP
MNL047 LP2 NP1,MNL047,LP2,NP1,MNL047 LP2,Orchard Residences,MANILA,3,1,BARANGAY 262,,ORCHARD RESIDENCES (WEST TOWER),14.608887,120.978518,,36F,AUXILIARY ROOM,MNL047,,,,2021-05-11,ISP
MNL047 LP4 NP8,MNL047,LP4,NP8,MNL047 LP4,Orchard Residences,MANILA,3,1,BARANGAY 262,,ORCHARD RESIDENCES (EAST TOWER),14.608887,120.978518,,47F,AUXILIARY ROOM,MNL27P,,,,2021-05-11,ISP
MNL047 LP2 NP5,MNL047,LP2,NP5,MNL047 LP2,Orchard Residences,MANILA,3,1,BARANGAY 262,,ORCHARD RESIDENCES (WEST TOWER),14.608887,120.978518,,49F,AUXILIARY ROOM,MNL047,,,,2021-05-11,ISP
MNL047 LP4 NP6,MNL047,LP4,NP6,MNL047 LP4,Orchard Residences,MANILA,3,1,BARANGAY 262,,ORCHARD RESIDENCES (EAST TOWER),14.608887,120.978518,,41F,AUXILIARY ROOM,MNL27P,,,,2021-05-11,ISP
MNL047 LP4 NP7,MNL047,LP4,NP7,MNL047 LP4,Orchard Residences,MANILA,3,1,BARANGAY 262,,ORCHARD RESIDENCES (EAST TOWER),14.608887,120.978518,,45F,AUXILIARY ROOM,MNL27P,,,,2021-05-11,ISP
MNL047 LP1 NP7,MNL047,LP1,NP7,MNL047 LP1,Orchard Residences,MANILA,3,1,BARANGAY 262,,ORCHARD RESIDENCES (WEST TOWER),14.608887,120.978518,,30F,AUXILIARY ROOM,MNL047,,,,2021-05-11,ISP
MNL047 LP4 NP3,MNL047,LP4,NP3,MNL047 LP4,Orchard Residences,MANILA,3,1,BARANGAY 262,,ORCHARD RESIDENCES (EAST TOWER),14.608887,120.978518,,35F,AUXILIARY ROOM,MNL27P,,,,2021-05-11,ISP
MNL047 LP5 NP1,MNL047,LP5,NP1,MNL047 LP5,Orchard Residences,MANILA,3,1,BARANGAY 262,,ORCHARD RESIDENCES (EAST TOWER),14.608887,120.978518,,49F,AUXILIARY ROOM,MNL27P,,,,2021-05-11,ISP
MNL047 LP1 NP5,MNL047,LP1,NP5,MNL047 LP1,Orchard Residences,MANILA,3,1,BARANGAY 262,,ORCHARD RESIDENCES (WEST TOWER),14.608887,120.978518,,23F,AUXILIARY ROOM,MNL047,,,,2021-05-11,ISP
MNL047 LP3 NP6,MNL047,LP3,NP6,MNL047 LP3,Orchard Residences,MANILA,3,1,BARANGAY 262,,ORCHARD RESIDENCES (EAST TOWER),14.608887,120.978518,,23F,AUXILIARY ROOM,MNL27P,,,,2021-05-11,ISP
MNL047 LP1 NP4,MNL047,LP1,NP4,MNL047 LP1,Orchard Residences,MANILA,3,1,BARANGAY 262,,ORCHARD RESIDENCES (WEST TOWER),14.608887,120.978518,,21F,AUXILIARY ROOM,MNL047,,,,2021-05-11,ISP
MNL047 LP4 NP1,MNL047,LP4,NP1,MNL047 LP4,Orchard Residences,MANILA,3,1,BARANGAY 262,,ORCHARD RESIDENCES (EAST TOWER),14.608887,120.978518,,30F,AUXILIARY ROOM,MNL27P,,,,2021-05-11,ISP
MNL047 LP4 NP4,MNL047,LP4,NP4,MNL047 LP4,Orchard Residences,MANILA,3,1,BARANGAY 262,,ORCHARD RESIDENCES (EAST TOWER),14.608887,120.978518,,37F,AUXILIARY ROOM,MNL27P,,,,2021-05-11,ISP
MNL047 LP3 NP2,MNL047,LP3,NP2,MNL047 LP3,Orchard Residences,MANILA,3,1,BARANGAY 262,,ORCHARD RESIDENCES (EAST TOWER),14.608887,120.978518,,15F,AUXILIARY ROOM,MNL27P,,,,2021-05-11,ISP
MNL037 LP181 NP3-4,MNL037,LP181,NP3-4,MNL037 LP181,Tayuman,MANILA,3,1,BARANGAY 262,,,14.608797,120.97906,,,,,,,16,2020-11-25,OSP
MNL037 LP181 NP7-8,MNL037,LP181,NP7-8,MNL037 LP181,Tayuman,MANILA,3,1,BARANGAY 262,,,14.607748,120.978268,,,,,,,16,2020-11-25,OSP
MNL037 LP186 NP1-2,MNL037,LP186,NP1-2,MNL037 LP186,Tayuman,MANILA,3,1,BARANGAY 262,,,14.607955,120.977645,,,,,,,16,2020-11-25,OSP
MNL003 LP260 NP5-6,MNL003,LP260,NP5-6,MNL003 LP260,City Square,MANILA,3,1,BARANGAY 263,,,14.60765895,120.9782137,,,,,,,16,2019-02-27,OSP
MNL005 LP602 NP3-5,MNL005,LP602,NP3-5,MNL005 LP602,Orchard Building (City Square 2),MANILA,3,1,BARANGAY 263,,,14.607548,120.978634,,,,,,,24,2022-06-23,OSP
MNL005 LP602 NP6-8,MNL005,LP602,NP6-8,MNL005 LP602,Orchard Building (City Square 2),MANILA,3,1,BARANGAY 263,,,14.608638,120.979265,,,,,,,24,2022-06-23,OSP
MNL037 LP181 NP5-6,MNL037,LP181,NP5-6,MNL037 LP181,Tayuman,MANILA,3,1,BARANGAY 263,,,14.608351,120.978575,,,,,,,16,2020-11-25,OSP
MNL037 LP182 NP1-2,MNL037,LP182,NP1-2,MNL037 LP182,Tayuman,MANILA,3,1,BARANGAY 263,,,14.608138,120.978987,,,,,,,16,2020-11-25,OSP
MNL037 LP182 NP3-4,MNL037,LP182,NP3-4,MNL037 LP182,Tayuman,MANILA,3,1,BARANGAY 263,,,14.607585,120.978648,,,,,,,16,2020-11-25,OSP
MNL003 LP363 NP5-6,MNL003,LP363,NP5-6,MNL003 LP363,City Square,MANILA,3,1,BARANGAY 264,,,14.61032746,120.9781727,,,,,,,16,2019-05-23,OSP
MNL003 LP363 NP7-8,MNL003,LP363,NP7-8,MNL003 LP363,City Square,MANILA,3,1,BARANGAY 264,,,14.610413,120.978025,,,,,,,16,2020-07-29,OSP
MNL003 LP364 NP1-2,MNL003,LP364,NP1-2,MNL003 LP364,City Square,MANILA,3,1,BARANGAY 264,,,14.6101348,120.9798397,,,,,,,16,2019-05-23,OSP
MNL003 LP363 NP3-4,MNL003,LP363,NP3-4,MNL003 LP363,City Square,MANILA,3,1,BARANGAY 264,,,14.60989291,120.9787455,,,,,,,16,2019-05-23,OSP
MNL005 LP603 NP6-8,MNL005,LP603,NP6-8,MNL005 LP603,Orchard Building (City Square 2),MANILA,3,1,BARANGAY 264,,,14.610104,120.978534,,,,,,,24,2022-06-23,OSP
MNL037 LP180 NP3-4,MNL037,LP180,NP3-4,MNL037 LP180,Tayuman,MANILA,3,1,BARANGAY 264,,,14.610406,120.979955,,,,,,,16,2020-11-25,OSP
MNL037 LP180 NP7-8,MNL037,LP180,NP7-8,MNL037 LP180,Tayuman,MANILA,3,1,BARANGAY 264,,,14.609522,120.979145,,,,,,,16,2020-11-25,OSP
MNL003 LP364 NP3-4,MNL003,LP364,NP3-4,MNL003 LP364,City Square,MANILA,3,1,BARANGAY 265,,,14.61092468,120.9801522,,,,,,,16,2019-05-23,OSP
MNL005 LP584 NP6-8,MNL005,LP584,NP6-8,MNL005 LP584,Orchard Building (City Square 2),MANILA,3,1,BARANGAY 265,,,14.611488,120.98008,,,,,,,24,2022-06-23,OSP
MNL005 LP585 NP1-2,MNL005,LP585,NP1-2,MNL005 LP585,Orchard Building (City Square 2),MANILA,3,1,BARANGAY 265,,,14.611186,120.979734,,,,,,,16,2022-06-23,OSP
MNL005 LP585 NP3-5,MNL005,LP585,NP3-5,MNL005 LP585,Orchard Building (City Square 2),MANILA,3,1,BARANGAY 265,,,14.611418,120.979302,,,,,,,24,2022-06-23,OSP
MNL037 LP180 NP1-2,MNL037,LP180,NP1-2,MNL037 LP180,Tayuman,MANILA,3,1,BARANGAY 265,,,14.611205,120.979728,,,,,,,16,2020-11-25,OSP
MNL037 LP418 NP7-8,MNL037,LP418,NP7-8,MNL037 LP418,Tayuman,MANILA,3,1,BARANGAY 265,,,14.611721,120.980047,,,,,,,16,2022-10-29,OSP
MNL037 LP418 NP5-6,MNL037,LP418,NP5-6,MNL037 LP418,Tayuman,MANILA,3,1,BARANGAY 265,,,14.610976,120.98015,,,,,,,16,2022-10-29,OSP
MNL003 LP372 NP3-4,MNL003,LP372,NP3-4,MNL003 LP372,City Square,MANILA,3,1,BARANGAY 266,,,14.60626123,120.9773525,,,,,,,16,2019-05-23,OSP
MNL003 LP372 NP5-6,MNL003,LP372,NP5-6,MNL003 LP372,City Square,MANILA,3,1,BARANGAY 266,,,14.605589,120.976686,,,,,,,16,2020-07-28,OSP
MNL003 LP372 NP1-2,MNL003,LP372,NP1-2,MNL003 LP372,City Square,MANILA,3,1,BARANGAY 266,,,14.60692633,120.977844,,,,,,,16,2019-05-23,OSP
MNL003 LP60 NP1,MNL003,LP60,NP1,MNL003 LP60,City Square,MANILA,3,1,BARANGAY 266,,MEILING TOWER,14.605993,120.976805,,14F,TELCO ROOM,MNL28P,,,,2018-09-10,ISP
MNL003 LP59 NP3,MNL003,LP59,NP3,MNL003 LP59,City Square,MANILA,3,1,BARANGAY 266,,MEILING TOWER,14.605993,120.976805,,9F,TELCO ROOM,MNL28P,,,,2018-09-10,ISP
MNL003 LP59 NP1,MNL003,LP59,NP1,MNL003 LP59,City Square,MANILA,3,1,BARANGAY 266,,MEILING TOWER,14.605993,120.976805,,5F,TELCO ROOM,MNL28P,,,,2018-09-10,ISP
MNL003 LP60 NP8,MNL003,LP60,NP8,MNL003 LP60,City Square,MANILA,3,1,BARANGAY 266,,MEILING TOWER,14.605993,120.976805,,27F,TELCO ROOM,MNL28P,,,,2018-09-10,ISP
MNL003 LP60 NP5,MNL003,LP60,NP5,MNL003 LP60,City Square,MANILA,3,1,BARANGAY 266,,MEILING TOWER,14.605993,120.976805,,21F,TELCO ROOM,MNL28P,,,,2018-09-10,ISP
MNL003 LP59 NP4,MNL003,LP59,NP4,MNL003 LP59,City Square,MANILA,3,1,BARANGAY 266,,MEILING TOWER,14.605993,120.976805,,11F,TELCO ROOM,MNL28P,,,,2018-09-10,ISP
MNL003 LP60 NP6,MNL003,LP60,NP6,MNL003 LP60,City Square,MANILA,3,1,BARANGAY 266,,MEILING TOWER,14.605993,120.976805,,23F,TELCO ROOM,MNL28P,,,,2018-09-10,ISP
MNL003 LP60 NP7,MNL003,LP60,NP7,MNL003 LP60,City Square,MANILA,3,1,BARANGAY 266,,MEILING TOWER,14.605993,120.976805,,25F,TELCO ROOM,MNL28P,,,,2018-09-10,ISP
MNL003 LP60 NP2,MNL003,LP60,NP2,MNL003 LP60,City Square,MANILA,3,1,BARANGAY 266,,MEILING TOWER,14.605993,120.976805,,15F,TELCO ROOM,MNL28P,,,,2018-09-10,ISP
MNL003 LP59 NP2,MNL003,LP59,NP2,MNL003 LP59,City Square,MANILA,3,1,BARANGAY 266,,MEILING TOWER,14.605993,120.976805,,7F,TELCO ROOM,MNL28P,,,,2018-09-10,ISP
MNL003 LP60 NP3,MNL003,LP60,NP3,MNL003 LP60,City Square,MANILA,3,1,BARANGAY 266,,MEILING TOWER,14.605993,120.976805,,17F,TELCO ROOM,MNL28P,,,,2018-09-10,ISP
MNL003 LP60 NP4,MNL003,LP60,NP4,MNL003 LP60,City Square,MANILA,3,1,BARANGAY 266,,MEILING TOWER,14.605993,120.976805,,19F,TELCO ROOM,MNL28P,,,,2018-09-10,ISP
MNL005 LP600 NP6-8,MNL005,LP600,NP6-8,MNL005 LP600,Orchard Building (City Square 2),MANILA,3,1,BARANGAY 266,,,14.607144,120.977923,,,,,,,24,2022-06-23,OSP
MNL005 LP601 NP1-2,MNL005,LP601,NP1-2,MNL005 LP601,Orchard Building (City Square 2),MANILA,3,1,BARANGAY 266,,,14.606326,120.977496,,,,,,,16,2022-06-23,OSP
MNL037 LP218 NP7-8,MNL037,LP218,NP7-8,MNL037 LP218,Tayuman,MANILA,3,1,BARANGAY 266,,,14.605339,120.976819,,,,,,,16,2020-11-28,OSP
MNL037 LP183 NP1-2,MNL037,LP183,NP1-2,MNL037 LP183,Tayuman,MANILA,3,1,BARANGAY 266,,,14.607147,120.977923,,,,,,,16,2020-11-25,OSP
MNL037 LP183 NP3-4,MNL037,LP183,NP3-4,MNL037 LP183,Tayuman,MANILA,3,1,BARANGAY 266,,,14.606758,120.977709,,,,,,,16,2020-11-25,OSP
MNL037 LP183 NP5-6,MNL037,LP183,NP5-6,MNL037 LP183,Tayuman,MANILA,3,1,BARANGAY 266,,,14.606281,120.977345,,,,,,,16,2020-11-25,OSP
MNL037 LP183 NP7-8,MNL037,LP183,NP7-8,MNL037 LP183,Tayuman,MANILA,3,1,BARANGAY 266,,,14.606365,120.977156,,,,,,,16,2020-11-25,OSP
MNL037 LP184 NP1-2,MNL037,LP184,NP1-2,MNL037 LP184,Tayuman,MANILA,3,1,BARANGAY 266,,,14.606055,120.977335,,,,,,,16,2020-11-25,OSP
MNL037 LP184 NP3-4,MNL037,LP184,NP3-4,MNL037 LP184,Tayuman,MANILA,3,1,BARANGAY 266,,,14.605728,120.977166,,,,,,,16,2020-11-25,OSP
MNL003 LP486 NP1-2,MNL003,LP486,NP1-2,MNL003 LP486,City Square,MANILA,3,1,BARANGAY 267,,,14.612041,120.980068,,,,,,,16,2019-12-26,OSP
MNL003 LP486 NP3-4,MNL003,LP486,NP3-4,MNL003 LP486,City Square,MANILA,3,1,BARANGAY 267,,,14.612309,120.979709,,,,,,,16,2019-12-26,OSP
MNL003 LP486 NP5-6,MNL003,LP486,NP5-6,MNL003 LP486,City Square,MANILA,3,1,BARANGAY 267,,,14.612231,120.979359,,,,,,,16,2019-12-26,OSP
MNL003 LP486 NP7-8,MNL003,LP486,NP7-8,MNL003 LP486,City Square,MANILA,3,1,BARANGAY 267,,,14.612897,120.979206,,,,,,,16,2019-12-26,OSP
MNL003 LP487 NP1-2,MNL003,LP487,NP1-2,MNL003 LP487,City Square,MANILA,3,1,BARANGAY 267,,,14.612975,120.979445,,,,,,,16,2019-12-26,OSP
MNL003 LP487 NP3-4,MNL003,LP487,NP3-4,MNL003 LP487,City Square,MANILA,3,1,BARANGAY 267,,,14.612972,120.97962,,,,,,,16,2019-12-26,OSP
MNL003 LP487 NP5-6,MNL003,LP487,NP5-6,MNL003 LP487,City Square,MANILA,3,1,BARANGAY 267,,,14.612965,120.979839,,,,,,,16,2019-12-26,OSP
MNL005 LP582 NP3-5,MNL005,LP582,NP3-5,MNL005 LP582,Orchard Building (City Square 2),MANILA,3,1,BARANGAY 267,,,14.612978,120.979619,,,,,,,24,2022-06-23,OSP
MNL005 LP582 NP6-8,MNL005,LP582,NP6-8,MNL005 LP582,Orchard Building (City Square 2),MANILA,3,1,BARANGAY 267,,,14.612897,120.979201,,,,,,,24,2022-06-23,OSP
MNL005 LP583 NP3-5,MNL005,LP583,NP3-5,MNL005 LP583,Orchard Building (City Square 2),MANILA,3,1,BARANGAY 267,,,14.612273,120.979521,,,,,,,24,2022-06-23,OSP
MNL005 LP583 NP6-8,MNL005,LP583,NP6-8,MNL005 LP583,Orchard Building (City Square 2),MANILA,3,1,BARANGAY 267,,,14.612257,120.979365,,,,,,,24,2022-06-23,OSP
MNL005 LP584 NP1-2,MNL005,LP584,NP1-2,MNL005 LP584,Orchard Building (City Square 2),MANILA,3,1,BARANGAY 267,,,14.612117,120.980074,,,,,,,16,2022-06-23,OSP
MNL005 LP584 NP3-5,MNL005,LP584,NP3-5,MNL005 LP584,Orchard Building (City Square 2),MANILA,3,1,BARANGAY 267,,,14.611815,120.980073,,,,,,,24,2022-06-23,OSP
MNL037 LP339 NP2,MNL037,LP339,NP2,MNL037 LP339,Tayuman,MANILA,3,1,BARANGAY 267,,GJC DIAMOND PLAZA,14.611964,120.980028,,6F,FIRE EXIT,MNL29P,,,,2021-08-02,ISP
MNL037 LP339 NP1,MNL037,LP339,NP1,MNL037 LP339,Tayuman,MANILA,3,1,BARANGAY 267,,GJC DIAMOND PLAZA,14.611964,120.980028,,4F,FIRE EXIT,MNL29P,,,,2021-08-02,ISP
MNL005 LP18 NP7-8,MNL005,LP18,NP7-8,MNL005 LP18,Orchard Building (City Square 2),MANILA,3,1,BARANGAY 268,,,14.602963,120.97072,,,,,,,16,2020-08-30,OSP
MNL005 LP20 NP1-2,MNL005,LP20,NP1-2,MNL005 LP20,Orchard Building (City Square 2),MANILA,3,1,BARANGAY 268,,,14.604909,120.970828,,,,,,,16,2020-08-30,OSP
MNL005 LP19 NP1-2,MNL005,LP19,NP1-2,MNL005 LP19,Orchard Building (City Square 2),MANILA,3,1,BARANGAY 268,,,14.603502,120.971463,,,,,,,16,2020-08-30,OSP
MNL005 LP19 NP3-4,MNL005,LP19,NP3-4,MNL005 LP19,Orchard Building (City Square 2),MANILA,3,1,BARANGAY 268,,,14.604163,120.970809,,,,,,,16,2020-08-30,OSP
MNL005 LP19 NP5-6,MNL005,LP19,NP5-6,MNL005 LP19,Orchard Building (City Square 2),MANILA,3,1,BARANGAY 268,,,14.60499,120.969912,,,,,,,16,2020-08-30,OSP
MNL005 LP19 NP7-8,MNL005,LP19,NP7-8,MNL005 LP19,Orchard Building (City Square 2),MANILA,3,1,BARANGAY 268,,,14.605631,120.97039,,,,,,,16,2020-08-30,OSP
MNL005 LP76 NP6-7-8,MNL005,LP76,NP6-7-8,MNL005 LP76,Orchard Building (City Square 2),MANILA,3,1,BARANGAY 268,,,14.604202,120.970706,,,,,,,24,2021-01-29,OSP
MNL005 LP77 NP1-2,MNL005,LP77,NP1-2,MNL005 LP77,Orchard Building (City Square 2),MANILA,3,1,BARANGAY 268,,,14.604455,120.970461,,,,,,,16,2021-01-29,OSP
MNL005 LP77 NP3-4-5,MNL005,LP77,NP3-4-5,MNL005 LP77,Orchard Building (City Square 2),MANILA,3,1,BARANGAY 268,,,14.604678,120.970195,,,,,,,24,2021-01-29,OSP
MNL005 LP72 NP1-2,MNL005,LP72,NP1-2,MNL005 LP72,Orchard Building (City Square 2),MANILA,3,1,BARANGAY 268,,,14.605585,120.97041,,,,,,,16,2021-01-29,OSP
MNL005 LP72 NP3-4-5,MNL005,LP72,NP3-4-5,MNL005 LP72,Orchard Building (City Square 2),MANILA,3,1,BARANGAY 268,,,14.605024,120.970697,,,,,,,24,2021-01-29,OSP
MNL005 LP72 NP6-7-8,MNL005,LP72,NP6-7-8,MNL005 LP72,Orchard Building (City Square 2),MANILA,3,1,BARANGAY 268,,,14.604645,120.970929,,,,,,,24,2021-01-29,OSP
MNL005 LP73 NP1-2,MNL005,LP73,NP1-2,MNL005 LP73,Orchard Building (City Square 2),MANILA,3,1,BARANGAY 268,,,14.604335,120.971111,,,,,,,16,2021-01-29,OSP
MNL005 LP73 NP3-4-5,MNL005,LP73,NP3-4-5,MNL005 LP73,Orchard Building (City Square 2),MANILA,3,1,BARANGAY 268,,,14.604014,120.971277,,,,,,,24,2021-01-29,OSP
MNL005 LP73 NP6-7-8,MNL005,LP73,NP6-7-8,MNL005 LP73,Orchard Building (City Square 2),MANILA,3,1,BARANGAY 268,,,14.603752,120.971426,,,,,,,24,2021-01-29,OSP
MNL005 LP74 NP1-2,MNL005,LP74,NP1-2,MNL005 LP74,Orchard Building (City Square 2),MANILA,3,1,BARANGAY 268,,,14.603527,120.971559,,,,,,,16,2021-01-29,OSP
MNL005 LP74 NP3-4-5,MNL005,LP74,NP3-4-5,MNL005 LP74,Orchard Building (City Square 2),MANILA,3,1,BARANGAY 268,,,14.603474,120.971431,,,,,,,24,2021-01-29,OSP
MNL005 LP74 NP6-7-8,MNL005,LP74,NP6-7-8,MNL005 LP74,Orchard Building (City Square 2),MANILA,3,1,BARANGAY 268,,,14.603716,120.971277,,,,,,,24,2021-01-29,OSP
MNL005 LP76 NP1-2,MNL005,LP76,NP1-2,MNL005 LP76,Orchard Building (City Square 2),MANILA,3,1,BARANGAY 268,,,14.603964,120.971007,,,,,,,16,2021-01-29,OSP
MNL005 LP76 NP3-4-5,MNL005,LP76,NP3-4-5,MNL005 LP76,Orchard Building (City Square 2),MANILA,3,1,BARANGAY 268,,,14.604202,120.970706,,,,,,,24,2021-01-29,OSP
MNL005 LP670 NP1,MNL005,LP670,NP1,MNL005 LP670,Orchard Building (City Square 2),MANILA,3,1,BARANGAY 268,,JUAN LUNA LOGISTICS CENTER,14.604423,120.971428,,UGF,TELCO ROOM,,,,8,2025-04-28,ISP
MNL005 LP641 NP6,MNL005,LP641,NP6,MNL005 LP641,Orchard Building (City Square 2),MANILA,3,1,BARANGAY 268,,KP TOWER,14.605535,120.970734,,6F,EE ROOM,MNL51P,,,,2022-11-30,ISP
MNL005 LP642 NP2,MNL005,LP642,NP2,MNL005 LP642,Orchard Building (City Square 2),MANILA,3,1,BARANGAY 268,,KP TOWER,14.605535,120.970734,,6F,EE ROOM,MNL51P,,,,2022-11-30,ISP
MNL005 LP641 NP3,MNL005,LP641,NP3,MNL005 LP641,Orchard Building (City Square 2),MANILA,3,1,BARANGAY 268,,KP TOWER,14.605535,120.970734,,6F,EE ROOM,MNL51P,,,,2022-11-30,ISP
MNL005 LP642 NP6,MNL005,LP642,NP6,MNL005 LP642,Orchard Building (City Square 2),MANILA,3,1,BARANGAY 268,,KP TOWER,14.605535,120.970734,,6F,EE ROOM,MNL51P,,,,2022-11-30,ISP
MNL005 LP641 NP7,MNL005,LP641,NP7,MNL005 LP641,Orchard Building (City Square 2),MANILA,3,1,BARANGAY 268,,KP TOWER,14.605535,120.970734,,6F,EE ROOM,MNL51P,,,,2022-11-30,ISP
MNL005 LP641 NP1,MNL005,LP641,NP1,MNL005 LP641,Orchard Building (City Square 2),MANILA,3,1,BARANGAY 268,,KP TOWER,14.605535,120.970734,,6F,EE ROOM,MNL51P,,,,2022-11-30,ISP
MNL005 LP642 NP3,MNL005,LP642,NP3,MNL005 LP642,Orchard Building (City Square 2),MANILA,3,1,BARANGAY 268,,KP TOWER,14.605535,120.970734,,6F,EE ROOM,MNL51P,,,,2022-11-30,ISP
MNL005 LP641 NP4,MNL005,LP641,NP4,MNL005 LP641,Orchard Building (City Square 2),MANILA,3,1,BARANGAY 268,,KP TOWER,14.605535,120.970734,,6F,EE ROOM,MNL51P,,,,2022-11-30,ISP
MNL005 LP641 NP5,MNL005,LP641,NP5,MNL005 LP641,Orchard Building (City Square 2),MANILA,3,1,BARANGAY 268,,KP TOWER,14.605535,120.970734,,6F,EE ROOM,MNL51P,,,,2022-11-30,ISP
MNL005 LP642 NP5,MNL005,LP642,NP5,MNL005 LP642,Orchard Building (City Square 2),MANILA,3,1,BARANGAY 268,,KP TOWER,14.605535,120.970734,,6F,EE ROOM,MNL51P,,,,2022-11-30,ISP
MNL005 LP642 NP4,MNL005,LP642,NP4,MNL005 LP642,Orchard Building (City Square 2),MANILA,3,1,BARANGAY 268,,KP TOWER,14.605535,120.970734,,6F,EE ROOM,MNL51P,,,,2022-11-30,ISP
MNL005 LP642 NP7,MNL005,LP642,NP7,MNL005 LP642,Orchard Building (City Square 2),MANILA,3,1,BARANGAY 268,,KP TOWER,14.605535,120.970734,,6F,EE ROOM,MNL51P,,,,2022-11-30,ISP
MNL005 LP641 NP8,MNL005,LP641,NP8,MNL005 LP641,Orchard Building (City Square 2),MANILA,3,1,BARANGAY 268,,KP TOWER,14.605535,120.970734,,6F,EE ROOM,MNL51P,,,,2022-11-30,ISP
MNL005 LP641 NP2,MNL005,LP641,NP2,MNL005 LP641,Orchard Building (City Square 2),MANILA,3,1,BARANGAY 268,,KP TOWER,14.605535,120.970734,,6F,EE ROOM,MNL51P,,,,2022-11-30,ISP
MNL005 LP642 NP1,MNL005,LP642,NP1,MNL005 LP642,Orchard Building (City Square 2),MANILA,3,1,BARANGAY 268,,KP TOWER,14.605535,120.970734,,6F,EE ROOM,MNL51P,,,,2022-11-30,ISP
MNL003 LP354 NP5-6,MNL003,LP354,NP5-6,MNL003 LP354,City Square,MANILA,3,1,BARANGAY 269,,,14.60261943,120.9695179,,,,,,,16,2019-05-03,OSP
MNL005 LP18 NP1-2,MNL005,LP18,NP1-2,MNL005 LP18,Orchard Building (City Square 2),MANILA,3,1,BARANGAY 269,,,14.604601,120.969413,,,,,,,16,2020-08-30,OSP
MNL005 LP18 NP3-4,MNL005,LP18,NP3-4,MNL005 LP18,Orchard Building (City Square 2),MANILA,3,1,BARANGAY 269,,,14.603822,120.970054,,,,,,,16,2020-08-30,OSP
MNL005 LP18 NP5-6,MNL005,LP18,NP5-6,MNL005 LP18,Orchard Building (City Square 2),MANILA,3,1,BARANGAY 269,,,14.60325,120.970436,,,,,,,16,2020-08-30,OSP
MNL005 LP14 NP1-2,MNL005,LP14,NP1-2,MNL005 LP14,Orchard Building (City Square 2),MANILA,3,1,BARANGAY 269,,,14.603947,120.969021,,,,,,,16,2020-08-30,OSP
MNL005 LP14 NP3-4,MNL005,LP14,NP3-4,MNL005 LP14,Orchard Building (City Square 2),MANILA,3,1,BARANGAY 269,,,14.603456,120.969411,,,,,,,16,2020-08-30,OSP
MNL005 LP14 NP5-6,MNL005,LP14,NP5-6,MNL005 LP14,Orchard Building (City Square 2),MANILA,3,1,BARANGAY 269,,,14.603199,120.96961,,,,,,,16,2020-08-30,OSP
MNL005 LP189 NP5-6,MNL005,LP189,NP5-6,MNL005 LP189,Orchard Building (City Square 2),MANILA,3,1,BARANGAY 269,,,14.604665,120.96927,,,,,,,16,2021-08-30,OSP
MNL005 LP189 NP7-8,MNL005,LP189,NP7-8,MNL005 LP189,Orchard Building (City Square 2),MANILA,3,1,BARANGAY 269,,,14.604188,120.96885,,,,,,,16,2021-08-30,OSP
MNL005 LP81 NP1-2,MNL005,LP81,NP1-2,MNL005 LP81,Orchard Building (City Square 2),MANILA,3,1,BARANGAY 269,,,14.603378,120.969473,,,,,,,16,2021-01-29,OSP
MNL005 LP81 NP3-4,MNL005,LP81,NP3-4,MNL005 LP81,Orchard Building (City Square 2),MANILA,3,1,BARANGAY 269,,,14.60362,120.969243,,,,,,,16,2021-01-29,OSP
MNL005 LP81 NP5-6,MNL005,LP81,NP5-6,MNL005 LP81,Orchard Building (City Square 2),MANILA,3,1,BARANGAY 269,,,14.603862,120.969085,,,,,,,16,2021-01-29,OSP
MNL005 LP81 NP7-8,MNL005,LP81,NP7-8,MNL005 LP81,Orchard Building (City Square 2),MANILA,3,1,BARANGAY 269,,,14.604057,120.96895,,,,,,,16,2021-01-29,OSP
MNL005 LP82 NP1-2,MNL005,LP82,NP1-2,MNL005 LP82,Orchard Building (City Square 2),MANILA,3,1,BARANGAY 269,,,14.602594,120.969542,,,,,,,16,2021-01-29,OSP
MNL005 LP82 NP3-4-5,MNL005,LP82,NP3-4-5,MNL005 LP82,Orchard Building (City Square 2),MANILA,3,1,BARANGAY 269,,,14.602947,120.969181,,,,,,,24,2021-01-29,OSP
MNL005 LP82 NP6-7-8,MNL005,LP82,NP6-7-8,MNL005 LP82,Orchard Building (City Square 2),MANILA,3,1,BARANGAY 269,,,14.603158,120.968817,,,,,,,24,2021-01-29,OSP
MNL005 LP77 NP6-7-8,MNL005,LP77,NP6-7-8,MNL005 LP77,Orchard Building (City Square 2),MANILA,3,1,BARANGAY 269,,,14.604994,120.969619,,,,,,,24,2021-01-29,OSP
MNL005 LP78 NP1-2,MNL005,LP78,NP1-2,MNL005 LP78,Orchard Building (City Square 2),MANILA,3,1,BARANGAY 269,,,14.604675,120.9693,,,,,,,16,2021-01-29,OSP
MNL005 LP78 NP3-4-5,MNL005,LP78,NP3-4-5,MNL005 LP78,Orchard Building (City Square 2),MANILA,3,1,BARANGAY 269,,,14.604241,120.969709,,,,,,,24,2021-01-29,OSP
MNL005 LP78 NP6-7-8,MNL005,LP78,NP6-7-8,MNL005 LP78,Orchard Building (City Square 2),MANILA,3,1,BARANGAY 269,,,14.603976,120.969905,,,,,,,24,2021-01-29,OSP
MNL005 LP79 NP1-2,MNL005,LP79,NP1-2,MNL005 LP79,Orchard Building (City Square 2),MANILA,3,1,BARANGAY 269,,,14.603782,120.970082,,,,,,,16,2021-01-29,OSP
MNL005 LP79 NP3-4-5,MNL005,LP79,NP3-4-5,MNL005 LP79,Orchard Building (City Square 2),MANILA,3,1,BARANGAY 269,,,14.603458,120.970287,,,,,,,24,2021-01-29,OSP
MNL005 LP79 NP6-7-8,MNL005,LP79,NP6-7-8,MNL005 LP79,Orchard Building (City Square 2),MANILA,3,1,BARANGAY 269,,,14.603224,120.970357,,,,,,,24,2021-01-29,OSP
MNL005 LP80 NP1-2,MNL005,LP80,NP1-2,MNL005 LP80,Orchard Building (City Square 2),MANILA,3,1,BARANGAY 269,,,14.603076,120.970104,,,,,,,16,2021-01-29,OSP
MNL005 LP80 NP3-4-5,MNL005,LP80,NP3-4-5,MNL005 LP80,Orchard Building (City Square 2),MANILA,3,1,BARANGAY 269,,,14.602858,120.969826,,,,,,,24,2021-01-29,OSP
MNL005 LP80 NP6-7-8,MNL005,LP80,NP6-7-8,MNL005 LP80,Orchard Building (City Square 2),MANILA,3,1,BARANGAY 269,,,14.603083,120.969638,,,,,,,24,2021-01-29,OSP
MNL005 LP75 NP1-2,MNL005,LP75,NP1-2,MNL005 LP75,Orchard Building (City Square 2),MANILA,3,1,BARANGAY 269,,,14.603699,120.971037,,,,,,,16,2021-01-29,OSP
MNL005 LP75 NP3-4-5,MNL005,LP75,NP3-4-5,MNL005 LP75,Orchard Building (City Square 2),MANILA,3,1,BARANGAY 269,,,14.603527,120.970803,,,,,,,24,2021-01-29,OSP
MNL005 LP75 NP6-7-8,MNL005,LP75,NP6-7-8,MNL005 LP75,Orchard Building (City Square 2),MANILA,3,1,BARANGAY 269,,,14.603327,120.970516,,,,,,,24,2021-01-29,OSP
MNL001 LP18 NP7-8,MNL001,LP18,NP7-8,MNL001 LP18,Zen Tower,MANILA,3,1,BARANGAY 269,,,14.603317,120.968714,,,,,,,16,2015-07-27,OSP
MNL003 LP195 NP7-8,MNL003,LP195,NP7-8,MNL003 LP195,City Square,MANILA,3,1,BARANGAY 270,,,14.60241825,120.9675068,,,,,,,16,2019-01-30,OSP
MNL003 LP196 NP1-2,MNL003,LP196,NP1-2,MNL003 LP196,City Square,MANILA,3,1,BARANGAY 270,,,14.60208392,120.9672136,,,,,,,16,2019-01-30,OSP
MNL003 LP355 NP7-8,MNL003,LP355,NP7-8,MNL003 LP355,City Square,MANILA,3,1,BARANGAY 270,,,14.60151871,120.968312,,,,,,,16,2019-05-03,OSP
MNL005 LP126 NP1-2,MNL005,LP126,NP1-2,MNL005 LP126,Orchard Building (City Square 2),MANILA,3,1,BARANGAY 270,,,14.601304,120.967969,,,,,,,16,2021-01-29,OSP
MNL005 LP126 NP3-4-5,MNL005,LP126,NP3-4-5,MNL005 LP126,Orchard Building (City Square 2),MANILA,3,1,BARANGAY 270,,,14.600955,120.968285,,,,,,,24,2021-01-29,OSP
MNL005 LP208 NP1-2,MNL005,LP208,NP1-2,MNL005 LP208,Orchard Building (City Square 2),MANILA,3,1,BARANGAY 270,,,14.601979,120.967439,,,,,,,16,2021-09-25,OSP
MNL005 LP21 NP1-2,MNL005,LP21,NP1-2,MNL005 LP21,Orchard Building (City Square 2),MANILA,3,1,BARANGAY 270,,,14.602194,120.967714,,,,,,,16,2020-08-30,OSP
MNL005 LP210 NP3-5,MNL005,LP210,NP3-5,MNL005 LP210,Orchard Building (City Square 2),MANILA,3,1,BARANGAY 270,,,14.601529,120.96771,,,,,,,24,2021-09-25,OSP
MNL005 LP22 NP1-2,MNL005,LP22,NP1-2,MNL005 LP22,Orchard Building (City Square 2),MANILA,3,1,BARANGAY 270,,,14.599992,120.969123,,,,,,,16,2020-08-30,OSP
MNL005 LP22 NP3-4,MNL005,LP22,NP3-4,MNL005 LP22,Orchard Building (City Square 2),MANILA,3,1,BARANGAY 270,,,14.600561,120.968553,,,,,,,16,2020-08-30,OSP
MNL005 LP22 NP5-6,MNL005,LP22,NP5-6,MNL005 LP22,Orchard Building (City Square 2),MANILA,3,1,BARANGAY 270,,,14.600863,120.968314,,,,,,,16,2020-08-30,OSP
MNL005 LP22 NP7-8,MNL005,LP22,NP7-8,MNL005 LP22,Orchard Building (City Square 2),MANILA,3,1,BARANGAY 270,,,14.601285,120.967928,,,,,,,16,2020-08-30,OSP
MNL005 LP212 NP6-8,MNL005,LP212,NP6-8,MNL005 LP212,Orchard Building (City Square 2),MANILA,3,1,BARANGAY 270,,,14.600582,120.968525,,,,,,,24,2021-09-25,OSP
MNL005 LP24 NP1-2,MNL005,LP24,NP1-2,MNL005 LP24,Orchard Building (City Square 2),MANILA,3,1,BARANGAY 270,,,14.601708,120.967567,,,,,,,16,2020-08-30,OSP
MNL005 LP117 NP1-2,MNL005,LP117,NP1-2,MNL005 LP117,Orchard Building (City Square 2),MANILA,3,1,BARANGAY 270,,,14.60193,120.967416,,,,,,,16,2021-01-29,OSP
MNL005 LP111 NP1-2,MNL005,LP111,NP1-2,MNL005 LP111,Orchard Building (City Square 2),MANILA,3,1,BARANGAY 270,,,14.601731,120.968124,,,,,,,16,2021-01-29,OSP
MNL005 LP111 NP3-4-5,MNL005,LP111,NP3-4-5,MNL005 LP111,Orchard Building (City Square 2),MANILA,3,1,BARANGAY 270,,,14.601927,120.967924,,,,,,,24,2021-01-29,OSP
MNL005 LP111 NP6-7-8,MNL005,LP111,NP6-7-8,MNL005 LP111,Orchard Building (City Square 2),MANILA,3,1,BARANGAY 270,,,14.602127,120.967721,,,,,,,24,2021-01-29,OSP
MNL005 LP112 NP1-2,MNL005,LP112,NP1-2,MNL005 LP112,Orchard Building (City Square 2),MANILA,3,1,BARANGAY 270,,,14.602271,120.96758,,,,,,,16,2021-01-29,OSP
MNL005 LP112 NP3-4-5,MNL005,LP112,NP3-4-5,MNL005 LP112,Orchard Building (City Square 2),MANILA,3,1,BARANGAY 270,,,14.602369,120.967487,,,,,,,24,2021-01-29,OSP
MNL005 LP112 NP6-7-8,MNL005,LP112,NP6-7-8,MNL005 LP112,Orchard Building (City Square 2),MANILA,3,1,BARANGAY 270,,,14.602101,120.967256,,,,,,,24,2021-01-29,OSP
MNL005 LP23 NP1-2,MNL005,LP23,NP1-2,MNL005 LP23,Orchard Building (City Square 2),MANILA,3,1,BARANGAY 270,,,14.60151,120.967729,,,,,,,16,2020-08-30,OSP
MNL005 LP133 NP1-2,MNL005,LP133,NP1-2,MNL005 LP133,Orchard Building (City Square 2),MANILA,3,1,BARANGAY 270,,,14.599987,120.969139,,,,,,,16,2021-01-29,OSP
MNL005 LP15 NP3-4,MNL005,LP15,NP3-4,MNL005 LP15,Orchard Building (City Square 2),MANILA,3,1,BARANGAY 270,,,14.601629,120.969037,,,,,,,16,2020-08-30,OSP
MNL005 LP127 NP1-2,MNL005,LP127,NP1-2,MNL005 LP127,Orchard Building (City Square 2),MANILA,3,1,BARANGAY 270,,,14.600422,120.968741,,,,,,,16,2021-01-29,OSP
MNL005 LP226 NP1-2,MNL005,LP226,NP1-2,MNL005 LP226,Orchard Building (City Square 2),MANILA,3,1,BARANGAY 270,,,14.601644,120.96839,,,,,,,16,2021-09-24,OSP
MNL005 LP227 NP3-4,MNL005,LP227,NP3-4,MNL005 LP227,Orchard Building (City Square 2),MANILA,3,1,BARANGAY 270,,,14.60035,120.969493,,,,,,,16,2021-09-24,OSP
MNL005 LP227 NP5-6,MNL005,LP227,NP5-6,MNL005 LP227,Orchard Building (City Square 2),MANILA,3,1,BARANGAY 270,,,14.599997,120.969081,,,,,,,16,2021-09-24,OSP
MNL005 LP190 NP5-6,MNL005,LP190,NP5-6,MNL005 LP190,Orchard Building (City Square 2),MANILA,3,1,BARANGAY 270,,,14.602433,120.96748,,,,,,,16,2021-08-30,OSP
MNL005 LP91 NP3-4,MNL005,LP91,NP3-4,MNL005 LP91,Orchard Building (City Square 2),MANILA,3,1,BARANGAY 270,,,14.600285,120.969469,,,,,,,16,2021-01-29,OSP
MNL005 LP86 NP5-6,MNL005,LP86,NP5-6,MNL005 LP86,Orchard Building (City Square 2),MANILA,3,1,BARANGAY 270,,,14.601584,120.96904,,,,,,,16,2021-01-29,OSP
MNL005 LP85 NP1-2,MNL005,LP85,NP1-2,MNL005 LP85,Orchard Building (City Square 2),MANILA,3,1,BARANGAY 270,,,14.601991,120.968867,,,,,,,16,2021-01-29,OSP
MNL005 LP85 NP3-4-5,MNL005,LP85,NP3-4-5,MNL005 LP85,Orchard Building (City Square 2),MANILA,3,1,BARANGAY 270,,,14.601704,120.968555,,,,,,,24,2021-01-29,OSP
MNL005 LP85 NP6-7-8,MNL005,LP85,NP6-7-8,MNL005 LP85,Orchard Building (City Square 2),MANILA,3,1,BARANGAY 270,,,14.601586,120.968406,,,,,,,24,2021-01-29,OSP
MNL005 LP86 NP1-2,MNL005,LP86,NP1-2,MNL005 LP86,Orchard Building (City Square 2),MANILA,3,1,BARANGAY 270,,,14.601551,120.968322,,,,,,,16,2021-01-29,OSP
MNL003 LP354 NP1-2,MNL003,LP354,NP1-2,MNL003 LP354,City Square,MANILA,3,1,BARANGAY 271,,,14.60244411,120.9709181,,,,,,,16,2019-05-03,OSP
MNL003 LP354 NP3-4,MNL003,LP354,NP3-4,MNL003 LP354,City Square,MANILA,3,1,BARANGAY 271,,,14.6018932,120.9702262,,,,,,,16,2019-05-03,OSP
MNL003 LP354 NP7-8,MNL003,LP354,NP7-8,MNL003 LP354,City Square,MANILA,3,1,BARANGAY 271,,,14.6022392,120.9690416,,,,,,,16,2019-05-03,OSP
MNL003 LP355 NP1-2,MNL003,LP355,NP1-2,MNL003 LP355,City Square,MANILA,3,1,BARANGAY 271,,,14.6012494,120.9699796,,,,,,,16,2019-05-03,OSP
MNL003 LP355 NP3-4,MNL003,LP355,NP3-4,MNL003 LP355,City Square,MANILA,3,1,BARANGAY 271,,,14.60050878,120.9697479,,,,,,,16,2019-05-03,OSP
MNL003 LP355 NP5-6,MNL003,LP355,NP5-6,MNL003 LP355,City Square,MANILA,3,1,BARANGAY 271,,,14.60083635,120.9689541,,,,,,,16,2019-05-03,OSP
MNL005 LP16 NP3-4,MNL005,LP16,NP3-4,MNL005 LP16,Orchard Building (City Square 2),MANILA,3,1,BARANGAY 271,,,14.601719,120.97102,,,,,,,16,2020-08-30,OSP
MNL005 LP103 NP1-2,MNL005,LP103,NP1-2,MNL005 LP103,Orchard Building (City Square 2),MANILA,3,1,BARANGAY 271,,,14.600915,120.970131,,,,,,,16,2021-01-29,OSP
MNL005 LP110 NP5-6,MNL005,LP110,NP5-6,MNL005 LP110,Orchard Building (City Square 2),MANILA,3,1,BARANGAY 271,,,14.601709,120.969577,,,,,,,16,2021-01-29,OSP
MNL005 LP110 NP7-8,MNL005,LP110,NP7-8,MNL005 LP110,Orchard Building (City Square 2),MANILA,3,1,BARANGAY 271,,,14.601468,120.969728,,,,,,,16,2021-01-29,OSP
MNL005 LP108 NP7-8,MNL005,LP108,NP7-8,MNL005 LP108,Orchard Building (City Square 2),MANILA,3,1,BARANGAY 271,,,14.601574,120.97063,,,,,,,16,2021-01-29,OSP
MNL005 LP109 NP1-2,MNL005,LP109,NP1-2,MNL005 LP109,Orchard Building (City Square 2),MANILA,3,1,BARANGAY 271,,,14.601778,120.970411,,,,,,,16,2021-01-29,OSP
MNL005 LP109 NP3-4,MNL005,LP109,NP3-4,MNL005 LP109,Orchard Building (City Square 2),MANILA,3,1,BARANGAY 271,,,14.601956,120.970197,,,,,,,16,2021-01-29,OSP
MNL005 LP109 NP5-6,MNL005,LP109,NP5-6,MNL005 LP109,Orchard Building (City Square 2),MANILA,3,1,BARANGAY 271,,,14.602132,120.970011,,,,,,,16,2021-01-29,OSP
MNL005 LP109 NP7-8,MNL005,LP109,NP7-8,MNL005 LP109,Orchard Building (City Square 2),MANILA,3,1,BARANGAY 271,,,14.602248,120.96985,,,,,,,16,2021-01-29,OSP
MNL005 LP110 NP1-2,MNL005,LP110,NP1-2,MNL005 LP110,Orchard Building (City Square 2),MANILA,3,1,BARANGAY 271,,,14.602054,120.969633,,,,,,,16,2021-01-29,OSP
MNL005 LP110 NP3-4,MNL005,LP110,NP3-4,MNL005 LP110,Orchard Building (City Square 2),MANILA,3,1,BARANGAY 271,,,14.601845,120.969454,,,,,,,16,2021-01-29,OSP
MNL005 LP15 NP1-2,MNL005,LP15,NP1-2,MNL005 LP15,Orchard Building (City Square 2),MANILA,3,1,BARANGAY 271,,,14.602306,120.969811,,,,,,,16,2020-08-30,OSP
MNL005 LP15 NP5-6,MNL005,LP15,NP5-6,MNL005 LP15,Orchard Building (City Square 2),MANILA,3,1,BARANGAY 271,,,14.602706,120.968559,,,,,,,16,2020-08-30,OSP
MNL005 LP15 NP7-8,MNL005,LP15,NP7-8,MNL005 LP15,Orchard Building (City Square 2),MANILA,3,1,BARANGAY 271,,,14.6031,120.96815,,,,,,,16,2020-08-30,OSP
MNL005 LP226 NP3-4,MNL005,LP226,NP3-4,MNL005 LP226,Orchard Building (City Square 2),MANILA,3,1,BARANGAY 271,,,14.602163,120.969047,,,,,,,16,2021-09-24,OSP
MNL005 LP226 NP5-6,MNL005,LP226,NP5-6,MNL005 LP226,Orchard Building (City Square 2),MANILA,3,1,BARANGAY 271,,,14.601426,120.969208,,,,,,,16,2021-09-24,OSP
MNL005 LP226 NP7-8,MNL005,LP226,NP7-8,MNL005 LP226,Orchard Building (City Square 2),MANILA,3,1,BARANGAY 271,,,14.600734,120.969912,,,,,,,16,2021-09-24,OSP
MNL005 LP227 NP1-2,MNL005,LP227,NP1-2,MNL005 LP227,Orchard Building (City Square 2),MANILA,3,1,BARANGAY 271,,,14.600886,120.969005,,,,,,,16,2021-09-24,OSP
MNL005 LP190 NP1-2,MNL005,LP190,NP1-2,MNL005 LP190,Orchard Building (City Square 2),MANILA,3,1,BARANGAY 271,,,14.603524,120.96825,,,,,,,16,2021-08-30,OSP
MNL005 LP91 NP5-6,MNL005,LP91,NP5-6,MNL005 LP91,Orchard Building (City Square 2),MANILA,3,1,BARANGAY 271,,,14.600754,120.969069,,,,,,,16,2021-01-29,OSP
MNL005 LP86 NP3-4,MNL005,LP86,NP3-4,MNL005 LP86,Orchard Building (City Square 2),MANILA,3,1,BARANGAY 271,,,14.601213,120.96876,,,,,,,16,2021-01-29,OSP
MNL005 LP86 NP7-8,MNL005,LP86,NP7-8,MNL005 LP86,Orchard Building (City Square 2),MANILA,3,1,BARANGAY 271,,,14.601372,120.969196,,,,,,,16,2021-01-29,OSP
MNL005 LP87 NP1-2,MNL005,LP87,NP1-2,MNL005 LP87,Orchard Building (City Square 2),MANILA,3,1,BARANGAY 271,,,14.601182,120.969426,,,,,,,16,2021-01-29,OSP
MNL005 LP87 NP3-4,MNL005,LP87,NP3-4,MNL005 LP87,Orchard Building (City Square 2),MANILA,3,1,BARANGAY 271,,,14.600911,120.969644,,,,,,,16,2021-01-29,OSP
MNL005 LP87 NP5-6,MNL005,LP87,NP5-6,MNL005 LP87,Orchard Building (City Square 2),MANILA,3,1,BARANGAY 271,,,14.60068,120.9699,,,,,,,16,2021-01-29,OSP
MNL005 LP83 NP1-2,MNL005,LP83,NP1-2,MNL005 LP83,Orchard Building (City Square 2),MANILA,3,1,BARANGAY 271,,,14.603545,120.968425,,,,,,,16,2021-01-29,OSP
MNL005 LP83 NP3-4-5,MNL005,LP83,NP3-4-5,MNL005 LP83,Orchard Building (City Square 2),MANILA,3,1,BARANGAY 271,,,14.603085,120.968068,,,,,,,24,2021-01-29,OSP
MNL005 LP83 NP6-7-8,MNL005,LP83,NP6-7-8,MNL005 LP83,Orchard Building (City Square 2),MANILA,3,1,BARANGAY 271,,,14.602765,120.968475,,,,,,,24,2021-01-29,OSP
MNL005 LP84 NP1-2,MNL005,LP84,NP1-2,MNL005 LP84,Orchard Building (City Square 2),MANILA,3,1,BARANGAY 271,,,14.602577,120.968661,,,,,,,16,2021-01-29,OSP
MNL005 LP84 NP3-4-5,MNL005,LP84,NP3-4-5,MNL005 LP84,Orchard Building (City Square 2),MANILA,3,1,BARANGAY 271,,,14.602393,120.968842,,,,,,,24,2021-01-29,OSP
MNL005 LP84 NP6-7-8,MNL005,LP84,NP6-7-8,MNL005 LP84,Orchard Building (City Square 2),MANILA,3,1,BARANGAY 271,,,14.602229,120.969069,,,,,,,24,2021-01-29,OSP
MNL005 LP50 NP1,MNL005,LP50,NP1,MNL005 LP50,Orchard Building (City Square 2),MANILA,3,1,BARANGAY 271,,BJR BUILDING,14.601404,120.969481,,2F,HALLWAY,MNL52P,,,,2020-09-21,ISP
MNL005 LP50 NP2,MNL005,LP50,NP2,MNL005 LP50,Orchard Building (City Square 2),MANILA,3,1,BARANGAY 271,,BJR BUILDING,14.601404,120.969481,,7F,HALLWAY,MNL52P,,,,2020-09-21,ISP
MNL001 LP18 NP5-6,MNL001,LP18,NP5-6,MNL001 LP18,Zen Tower,MANILA,3,1,BARANGAY 271,,,14.601889,120.969259,,,,,,,16,2015-07-27,OSP
MNL003 LP357 NP1-2,MNL003,LP357,NP1-2,MNL003 LP357,City Square,MANILA,3,1,BARANGAY 272,,,14.59967006,120.9670644,,,,,,,16,2019-05-03,OSP
MNL003 LP358 NP1-2,MNL003,LP358,NP1-2,MNL003 LP358,City Square,MANILA,3,1,BARANGAY 272,,,14.59886141,120.9668264,,,,,,,16,2019-05-03,OSP
MNL005 LP120 NP6-7-8,MNL005,LP120,NP6-7-8,MNL005 LP120,Orchard Building (City Square 2),MANILA,3,1,BARANGAY 272,,,14.599652,120.967051,,,,,,,24,2021-01-29,OSP
MNL005 LP213 NP1-2,MNL005,LP213,NP1-2,MNL005 LP213,Orchard Building (City Square 2),MANILA,3,1,BARANGAY 272,,,14.60015,120.968394,,,,,,,16,2021-09-25,OSP
MNL005 LP213 NP3-5,MNL005,LP213,NP3-5,MNL005 LP213,Orchard Building (City Square 2),MANILA,3,1,BARANGAY 272,,,14.600011,120.968213,,,,,,,24,2021-09-25,OSP
MNL005 LP213 NP6-8,MNL005,LP213,NP6-8,MNL005 LP213,Orchard Building (City Square 2),MANILA,3,1,BARANGAY 272,,,14.599757,120.967875,,,,,,,24,2021-09-25,OSP
MNL005 LP214 NP3-5,MNL005,LP214,NP3-5,MNL005 LP214,Orchard Building (City Square 2),MANILA,3,1,BARANGAY 272,,,14.599327,120.967327,,,,,,,24,2021-09-25,OSP
MNL005 LP214 NP6-8,MNL005,LP214,NP6-8,MNL005 LP214,Orchard Building (City Square 2),MANILA,3,1,BARANGAY 272,,,14.599099,120.96703,,,,,,,24,2021-09-25,OSP
MNL005 LP215 NP1-2,MNL005,LP215,NP1-2,MNL005 LP215,Orchard Building (City Square 2),MANILA,3,1,BARANGAY 272,,,14.5989,120.966806,,,,,,,16,2021-09-25,OSP
MNL005 LP215 NP3-5,MNL005,LP215,NP3-5,MNL005 LP215,Orchard Building (City Square 2),MANILA,3,1,BARANGAY 272,,,14.598997,120.966557,,,,,,,24,2021-09-25,OSP
MNL005 LP215 NP6-8,MNL005,LP215,NP6-8,MNL005 LP215,Orchard Building (City Square 2),MANILA,3,1,BARANGAY 272,,,14.599108,120.966301,,,,,,,24,2021-09-25,OSP
MNL005 LP216 NP1-2,MNL005,LP216,NP1-2,MNL005 LP216,Orchard Building (City Square 2),MANILA,3,1,BARANGAY 272,,,14.599487,120.967211,,,,,,,16,2021-09-25,OSP
MNL005 LP216 NP3-5,MNL005,LP216,NP3-5,MNL005 LP216,Orchard Building (City Square 2),MANILA,3,1,BARANGAY 272,,,14.59961,120.966797,,,,,,,24,2021-09-25,OSP
MNL005 LP216 NP6-8,MNL005,LP216,NP6-8,MNL005 LP216,Orchard Building (City Square 2),MANILA,3,1,BARANGAY 272,,,14.599608,120.966789,,,,,,,24,2021-09-25,OSP
MNL005 LP120 NP1-2,MNL005,LP120,NP1-2,MNL005 LP120,Orchard Building (City Square 2),MANILA,3,1,BARANGAY 272,,,14.600004,120.967429,,,,,,,16,2021-01-29,OSP
MNL005 LP127 NP3-4-5,MNL005,LP127,NP3-4-5,MNL005 LP127,Orchard Building (City Square 2),MANILA,3,1,BARANGAY 272,,,14.600114,120.968413,,,,,,,24,2021-01-29,OSP
MNL005 LP127 NP6-7-8,MNL005,LP127,NP6-7-8,MNL005 LP127,Orchard Building (City Square 2),MANILA,3,1,BARANGAY 272,,,14.599918,120.968135,,,,,,,24,2021-01-29,OSP
MNL005 LP128 NP6-7-8,MNL005,LP128,NP6-7-8,MNL005 LP128,Orchard Building (City Square 2),MANILA,3,1,BARANGAY 272,,,14.599272,120.967316,,,,,,,24,2021-01-29,OSP
MNL005 LP129 NP1-2,MNL005,LP129,NP1-2,MNL005 LP129,Orchard Building (City Square 2),MANILA,3,1,BARANGAY 272,,,14.59904,120.967015,,,,,,,16,2021-01-29,OSP
MNL005 LP129 NP3-4-5,MNL005,LP129,NP3-4-5,MNL005 LP129,Orchard Building (City Square 2),MANILA,3,1,BARANGAY 272,,,14.598961,120.966914,,,,,,,24,2021-01-29,OSP
MNL005 LP129 NP6-7-8,MNL005,LP129,NP6-7-8,MNL005 LP129,Orchard Building (City Square 2),MANILA,3,1,BARANGAY 272,,,14.598874,120.966818,,,,,,,24,2021-01-29,OSP
MNL005 LP130 NP1-2,MNL005,LP130,NP1-2,MNL005 LP130,Orchard Building (City Square 2),MANILA,3,1,BARANGAY 272,,,14.598983,120.966535,,,,,,,16,2021-01-29,OSP
MNL005 LP29 NP1-2,MNL005,LP29,NP1-2,MNL005 LP29,Orchard Building (City Square 2),MANILA,3,1,BARANGAY 272,,,14.600003,120.968248,,,,,,,16,2020-08-30,OSP
MNL003 LP356 NP3-4,MNL003,LP356,NP3-4,MNL003 LP356,City Square,MANILA,3,1,BARANGAY 273,,,14.59958118,120.9686931,,,,,,,16,2019-05-03,OSP
MNL003 LP356 NP5-6,MNL003,LP356,NP5-6,MNL003 LP356,City Square,MANILA,3,1,BARANGAY 273,,,14.59911493,120.9680765,,,,,,,16,2019-05-03,OSP
MNL003 LP357 NP3-4,MNL003,LP357,NP3-4,MNL003 LP357,City Square,MANILA,3,1,BARANGAY 273,,,14.59911091,120.9674592,,,,,,,16,2019-05-03,OSP
MNL003 LP357 NP5-6,MNL003,LP357,NP5-6,MNL003 LP357,City Square,MANILA,3,1,BARANGAY 273,,,14.59881641,120.9676863,,,,,,,16,2019-05-03,OSP
MNL003 LP357 NP7-8,MNL003,LP357,NP7-8,MNL003 LP357,City Square,MANILA,3,1,BARANGAY 273,,,14.59849075,120.9672263,,,,,,,16,2019-05-03,OSP
MNL005 LP145 NP3-4-5,MNL005,LP145,NP3-4-5,MNL005 LP145,Orchard Building (City Square 2),MANILA,3,1,BARANGAY 273,,,14.598652,120.967458,,,,,,,24,2021-01-29,OSP
MNL005 LP145 NP6-7-8,MNL005,LP145,NP6-7-8,MNL005 LP145,Orchard Building (City Square 2),MANILA,3,1,BARANGAY 273,,,14.598484,120.967229,,,,,,,24,2021-01-29,OSP
MNL005 LP147 NP1-2,MNL005,LP147,NP1-2,MNL005 LP147,Orchard Building (City Square 2),MANILA,3,1,BARANGAY 273,,,14.598506,120.966874,,,,,,,16,2021-01-29,OSP
MNL005 LP214 NP1-2,MNL005,LP214,NP1-2,MNL005 LP214,Orchard Building (City Square 2),MANILA,3,1,BARANGAY 273,,,14.599538,120.967589,,,,,,,16,2021-09-25,OSP
MNL005 LP140 NP6-7-8,MNL005,LP140,NP6-7-8,MNL005 LP140,Orchard Building (City Square 2),MANILA,3,1,BARANGAY 273,,,14.59934,120.96836,,,,,,,24,2021-01-29,OSP
MNL005 LP141 NP1-2,MNL005,LP141,NP1-2,MNL005 LP141,Orchard Building (City Square 2),MANILA,3,1,BARANGAY 273,,,14.599184,120.968119,,,,,,,16,2021-01-29,OSP
MNL005 LP26 NP1-2,MNL005,LP26,NP1-2,MNL005 LP26,Orchard Building (City Square 2),MANILA,3,1,BARANGAY 273,,,14.599314,120.967376,,,,,,,16,2020-08-30,OSP
MNL005 LP227 NP7-8,MNL005,LP227,NP7-8,MNL005 LP227,Orchard Building (City Square 2),MANILA,3,1,BARANGAY 273,,,14.599337,120.968431,,,,,,,16,2021-09-24,OSP
MNL005 LP228 NP1-2,MNL005,LP228,NP1-2,MNL005 LP228,Orchard Building (City Square 2),MANILA,3,1,BARANGAY 273,,,14.599162,120.968065,,,,,,,16,2021-09-24,OSP
MNL005 LP228 NP3-4,MNL005,LP228,NP3-4,MNL005 LP228,Orchard Building (City Square 2),MANILA,3,1,BARANGAY 273,,,14.598904,120.967756,,,,,,,16,2021-09-24,OSP
MNL005 LP228 NP5-6,MNL005,LP228,NP5-6,MNL005 LP228,Orchard Building (City Square 2),MANILA,3,1,BARANGAY 273,,,14.598459,120.967282,,,,,,,16,2021-09-24,OSP
MNL005 LP28 NP3-4,MNL005,LP28,NP3-4,MNL005 LP28,Orchard Building (City Square 2),MANILA,3,1,BARANGAY 273,,,14.599616,120.967803,,,,,,,16,2020-08-30,OSP
MNL005 LP128 NP1-2,MNL005,LP128,NP1-2,MNL005 LP128,Orchard Building (City Square 2),MANILA,3,1,BARANGAY 273,,,14.599649,120.967812,,,,,,,16,2021-01-29,OSP
MNL005 LP128 NP3-4-5,MNL005,LP128,NP3-4-5,MNL005 LP128,Orchard Building (City Square 2),MANILA,3,1,BARANGAY 273,,,14.599555,120.967678,,,,,,,24,2021-01-29,OSP
MNL005 LP120 NP3-4-5,MNL005,LP120,NP3-4-5,MNL005 LP120,Orchard Building (City Square 2),MANILA,3,1,BARANGAY 274,,,14.599821,120.967261,,,,,,,24,2021-01-29,OSP
MNL005 LP124 NP1-2,MNL005,LP124,NP1-2,MNL005 LP124,Orchard Building (City Square 2),MANILA,3,1,BARANGAY 274,,,14.599995,120.966807,,,,,,,16,2021-01-29,OSP
MNL005 LP124 NP3-4-5,MNL005,LP124,NP3-4-5,MNL005 LP124,Orchard Building (City Square 2),MANILA,3,1,BARANGAY 274,,,14.60023,120.966655,,,,,,,24,2021-01-29,OSP
MNL005 LP124 NP6-7-8,MNL005,LP124,NP6-7-8,MNL005 LP124,Orchard Building (City Square 2),MANILA,3,1,BARANGAY 274,,,14.600507,120.966453,,,,,,,24,2021-01-29,OSP
MNL005 LP221 NP1-2,MNL005,LP221,NP1-2,MNL005 LP221,Orchard Building (City Square 2),MANILA,3,1,BARANGAY 274,,,14.600089,120.966774,,,,,,,16,2021-09-25,OSP
MNL005 LP221 NP3-5,MNL005,LP221,NP3-5,MNL005 LP221,Orchard Building (City Square 2),MANILA,3,1,BARANGAY 274,,,14.600083,120.96678,,,,,,,24,2021-09-25,OSP
MNL005 LP221 NP6-8,MNL005,LP221,NP6-8,MNL005 LP221,Orchard Building (City Square 2),MANILA,3,1,BARANGAY 274,,,14.600077,120.966774,,,,,,,24,2021-09-25,OSP
MNL005 LP222 NP1-2,MNL005,LP222,NP1-2,MNL005 LP222,Orchard Building (City Square 2),MANILA,3,1,BARANGAY 274,,,14.600545,120.966436,,,,,,,16,2021-09-25,OSP