Box Name,OLT,LCP,NAP,LCP Name,Node Name,Municipality,Cluster,Sector,Barangay,Subdivision,Building Name,Latitude,Longitude,Parent Site,Parent Floor,Parent Room,Additional Details,Remarks,Landmark,Capacity,Installation Date,OSP / ISP
MNL034 LP218 NP7-8,MNL034,LP218,NP7-8,MNL034 LP218,Benitez,MANILA,3,2,BARANGAY 762,,,14.565179,120.998352,,,,,,,16,2021-02-26,OSP
MNL034 LP221 NP1-2,MNL034,LP221,NP1-2,MNL034 LP221,Benitez,MANILA,3,2,BARANGAY 762,,,14.565494,120.998053,,,,,,,16,2021-02-26,OSP
MNL034 LP221 NP3-4,MNL034,LP221,NP3-4,MNL034 LP221,Benitez,MANILA,3,2,BARANGAY 762,,,14.565618,120.998354,,,,,,,16,2021-02-26,OSP
MNL034 LP30 NP3-4,MNL034,LP30,NP3-4,MNL034 LP30,Benitez,MANILA,3,2,BARANGAY 762,,,14.565329,120.99864,,,,,,,16,2020-03-08,OSP
MNL034 LP30 NP5-6,MNL034,LP30,NP5-6,MNL034 LP30,Benitez,MANILA,3,2,BARANGAY 762,,,14.564985,120.998808,,,,,,,16,2020-03-08,OSP
MNL034 LP212 NP7-8,MNL034,LP212,NP7-8,MNL034 LP212,Benitez,MANILA,3,2,BARANGAY 762,,,14.564021,120.998331,,,,,,,16,2021-02-26,OSP
MNL001 LP180 NP3-4,MNL001,LP180,NP3-4,MNL001 LP180,Zen Tower,MANILA,3,2,BARANGAY 762,,,14.5646508,120.9981754,,,,,,,16,2019-01-16,OSP
MNL034 LP72 NP5-6,MNL034,LP72,NP5-6,MNL034 LP72,Benitez,MANILA,3,2,BARANGAY 763,,,14.568739,121.00477,,,,,,,16,2020-06-22,OSP
MNL034 LP72 NP7-8,MNL034,LP72,NP7-8,MNL034 LP72,Benitez,MANILA,3,2,BARANGAY 763,,,14.569184,121.004902,,,,,,,16,2020-06-22,OSP
MNL034 LP67 NP5-6,MNL034,LP67,NP5-6,MNL034 LP67,Benitez,MANILA,3,2,BARANGAY 763,,,14.568421,121.00459,,,,,,,16,2020-06-22,OSP
MNL034 LP67 NP7-8,MNL034,LP67,NP7-8,MNL034 LP67,Benitez,MANILA,3,2,BARANGAY 763,,,14.568149,121.004386,,,,,,,16,2020-06-22,OSP
MKT003 LP140 NP3-4,MKT003,LP140,NP3-4,MKT003 LP140,Centuria,MANILA,3,2,BARANGAY 763,,,14.56850494,121.0054983,,,,,,,16,2019-02-27,OSP
MKT003 LP140 NP5-6,MKT003,LP140,NP5-6,MKT003 LP140,Centuria,MANILA,3,2,BARANGAY 763,,,14.56778655,121.0047618,,,,,,,16,2019-02-27,OSP
MNL004 LP540 NP6-8,MNL004,LP540,NP6-8,MNL004 LP540,Zamora Pandacan,MANILA,3,2,BARANGAY 763,,,14.569526,121.004537,,,,,,,24,2022-12-29,OSP
MNL004 LP541 NP1-2,MNL004,LP541,NP1-2,MNL004 LP541,Zamora Pandacan,MANILA,3,2,BARANGAY 763,,,14.569217,121.00487,,,,,,,16,2022-12-29,OSP
MNL004 LP541 NP3-5,MNL004,LP541,NP3-5,MNL004 LP541,Zamora Pandacan,MANILA,3,2,BARANGAY 763,,,14.568863,121.005243,,,,,,,24,2022-12-29,OSP
MNL004 LP535 NP1-2,MNL004,LP535,NP1-2,MNL004 LP535,Zamora Pandacan,MANILA,3,2,BARANGAY 763,,,14.568576,121.004946,,,,,,,16,2022-12-29,OSP
MNL004 LP535 NP3-4,MNL004,LP535,NP3-4,MNL004 LP535,Zamora Pandacan,MANILA,3,2,BARANGAY 763,,,14.568752,121.00476,,,,,,,16,2022-12-29,OSP
MNL004 LP535 NP5-6,MNL004,LP535,NP5-6,MNL004 LP535,Zamora Pandacan,MANILA,3,2,BARANGAY 763,,,14.568985,121.004513,,,,,,,16,2022-12-29,OSP
MNL004 LP535 NP7-8,MNL004,LP535,NP7-8,MNL004 LP535,Zamora Pandacan,MANILA,3,2,BARANGAY 763,,,14.569245,121.004247,,,,,,,16,2022-12-29,OSP
MNL004 LP534 NP1-2,MNL004,LP534,NP1-2,MNL004 LP534,Zamora Pandacan,MANILA,3,2,BARANGAY 763,,,14.568964,121.004038,,,,,,,16,2022-12-29,OSP
MNL004 LP534 NP3-4,MNL004,LP534,NP3-4,MNL004 LP534,Zamora Pandacan,MANILA,3,2,BARANGAY 763,,,14.568594,121.004426,,,,,,,16,2022-12-29,OSP
MNL004 LP534 NP5-6,MNL004,LP534,NP5-6,MNL004 LP534,Zamora Pandacan,MANILA,3,2,BARANGAY 763,,,14.568395,121.004642,,,,,,,16,2022-12-29,OSP
MNL004 LP534 NP7-8,MNL004,LP534,NP7-8,MNL004 LP534,Zamora Pandacan,MANILA,3,2,BARANGAY 763,,,14.568267,121.004771,,,,,,,16,2022-12-29,OSP
MNL004 LP523 NP7-8,MNL004,LP523,NP7-8,MNL004 LP523,Zamora Pandacan,MANILA,3,2,BARANGAY 763,,,14.567801,121.004763,,,,,,,16,2022-12-29,OSP
MNL004 LP524 NP1-2,MNL004,LP524,NP1-2,MNL004 LP524,Zamora Pandacan,MANILA,3,2,BARANGAY 763,,,14.568413,121.004104,,,,,,,16,2022-12-29,OSP
MNL004 LP524 NP3-5,MNL004,LP524,NP3-5,MNL004 LP524,Zamora Pandacan,MANILA,3,2,BARANGAY 763,,,14.568676,121.003832,,,,,,,24,2022-12-29,OSP
MNL004 LP512 NP3-4,MNL004,LP512,NP3-4,MNL004 LP512,Zamora Pandacan,MANILA,3,2,BARANGAY 763,,,14.568522,121.005478,,,,,,,16,2022-12-30,OSP
MNL004 LP512 NP5-6,MNL004,LP512,NP5-6,MNL004 LP512,Zamora Pandacan,MANILA,3,2,BARANGAY 763,,,14.568286,121.005228,,,,,,,16,2022-12-30,OSP
MNL004 LP512 NP7-8,MNL004,LP512,NP7-8,MNL004 LP512,Zamora Pandacan,MANILA,3,2,BARANGAY 763,,,14.568037,121.00498,,,,,,,16,2022-12-30,OSP
MNL004 LP513 NP1-2,MNL004,LP513,NP1-2,MNL004 LP513,Zamora Pandacan,MANILA,3,2,BARANGAY 763,,,14.567795,121.004745,,,,,,,16,2022-12-30,OSP
MNL004 LP117 NP3-4,MNL004,LP117,NP3-4,MNL004 LP117,Zamora Pandacan,MANILA,3,2,BARANGAY 763,,,14.568042,121.005011,,,,,,,16,2020-09-27,OSP
MNL004 LP117 NP5-6,MNL004,LP117,NP5-6,MNL004 LP117,Zamora Pandacan,MANILA,3,2,BARANGAY 763,,,14.568278,121.005219,,,,,,,16,2020-09-27,OSP
MNL034 LP70 NP1-2,MNL034,LP70,NP1-2,MNL034 LP70,Benitez,MANILA,3,2,BARANGAY 764,,,14.568016,121.00248,,,,,,,16,2020-06-22,OSP
MNL034 LP70 NP3-4,MNL034,LP70,NP3-4,MNL034 LP70,Benitez,MANILA,3,2,BARANGAY 764,,,14.567064,121.002995,,,,,,,16,2020-06-22,OSP
MNL034 LP70 NP5-6,MNL034,LP70,NP5-6,MNL034 LP70,Benitez,MANILA,3,2,BARANGAY 764,,,14.566708,121.003196,,,,,,,16,2020-06-22,OSP
MNL034 LP70 NP7-8,MNL034,LP70,NP7-8,MNL034 LP70,Benitez,MANILA,3,2,BARANGAY 764,,,14.567097,121.003988,,,,,,,16,2020-06-22,OSP
MNL034 LP71 NP1-2,MNL034,LP71,NP1-2,MNL034 LP71,Benitez,MANILA,3,2,BARANGAY 764,,,14.567468,121.003607,,,,,,,16,2020-06-22,OSP
MNL034 LP71 NP3-4,MNL034,LP71,NP3-4,MNL034 LP71,Benitez,MANILA,3,2,BARANGAY 764,,,14.567754,121.003295,,,,,,,16,2020-06-22,OSP
MNL034 LP69 NP1-2,MNL034,LP69,NP1-2,MNL034 LP69,Benitez,MANILA,3,2,BARANGAY 764,,,14.567988,121.004131,,,,,,,16,2020-06-22,OSP
MNL034 LP69 NP3-4,MNL034,LP69,NP3-4,MNL034 LP69,Benitez,MANILA,3,2,BARANGAY 764,,,14.567919,121.003721,,,,,,,16,2020-06-22,OSP
MKT003 LP140 NP7-8,MKT003,LP140,NP7-8,MKT003 LP140,Centuria,MANILA,3,2,BARANGAY 764,,,14.56730236,121.0042872,,,,,,,16,2019-02-27,OSP
MNL004 LP522 NP7-8,MNL004,LP522,NP7-8,MNL004 LP522,Zamora Pandacan,MANILA,3,2,BARANGAY 764,,,14.568502,121.003618,,,,,,,16,2022-12-29,OSP
MNL004 LP523 NP1-2,MNL004,LP523,NP1-2,MNL004 LP523,Zamora Pandacan,MANILA,3,2,BARANGAY 764,,,14.568221,121.003912,,,,,,,16,2022-12-29,OSP
MNL004 LP523 NP3-4,MNL004,LP523,NP3-4,MNL004 LP523,Zamora Pandacan,MANILA,3,2,BARANGAY 764,,,14.568022,121.004117,,,,,,,16,2022-12-29,OSP
MNL004 LP523 NP5-6,MNL004,LP523,NP5-6,MNL004 LP523,Zamora Pandacan,MANILA,3,2,BARANGAY 764,,,14.567894,121.004253,,,,,,,16,2022-12-29,OSP
MNL004 LP518 NP5-6,MNL004,LP518,NP5-6,MNL004 LP518,Zamora Pandacan,MANILA,3,2,BARANGAY 764,,,14.567683,121.002965,,,,,,,16,2022-12-29,OSP
MNL004 LP518 NP7-8,MNL004,LP518,NP7-8,MNL004 LP518,Zamora Pandacan,MANILA,3,2,BARANGAY 764,,,14.567741,121.003326,,,,,,,16,2022-12-29,OSP
MNL004 LP519 NP1-2,MNL004,LP519,NP1-2,MNL004 LP519,Zamora Pandacan,MANILA,3,2,BARANGAY 764,,,14.567466,121.003603,,,,,,,16,2022-12-29,OSP
MNL004 LP519 NP3-5,MNL004,LP519,NP3-5,MNL004 LP519,Zamora Pandacan,MANILA,3,2,BARANGAY 764,,,14.567288,121.003282,,,,,,,24,2022-12-29,OSP
MNL004 LP519 NP6-8,MNL004,LP519,NP6-8,MNL004 LP519,Zamora Pandacan,MANILA,3,2,BARANGAY 764,,,14.567091,121.002986,,,,,,,24,2022-12-29,OSP
MNL004 LP513 NP7-8,MNL004,LP513,NP7-8,MNL004 LP513,Zamora Pandacan,MANILA,3,2,BARANGAY 764,,,14.567312,121.004258,,,,,,,16,2022-12-30,OSP
MNL004 LP514 NP1-2,MNL004,LP514,NP1-2,MNL004 LP514,Zamora Pandacan,MANILA,3,2,BARANGAY 764,,,14.567086,121.003975,,,,,,,16,2022-12-30,OSP
MNL004 LP514 NP3-4,MNL004,LP514,NP3-4,MNL004 LP514,Zamora Pandacan,MANILA,3,2,BARANGAY 764,,,14.567086,121.003975,,,,,,,16,2022-12-30,OSP
MNL004 LP515 NP1-2,MNL004,LP515,NP1-2,MNL004 LP515,Zamora Pandacan,MANILA,3,2,BARANGAY 764,,,14.567695,121.003947,,,,,,,16,2022-12-29,OSP
MNL004 LP515 NP3-4,MNL004,LP515,NP3-4,MNL004 LP515,Zamora Pandacan,MANILA,3,2,BARANGAY 764,,,14.567955,121.003677,,,,,,,16,2022-12-29,OSP
MNL004 LP515 NP5-6,MNL004,LP515,NP5-6,MNL004 LP515,Zamora Pandacan,MANILA,3,2,BARANGAY 764,,,14.56836,121.003237,,,,,,,16,2022-12-29,OSP
MNL004 LP518 NP1-2,MNL004,LP518,NP1-2,MNL004 LP518,Zamora Pandacan,MANILA,3,2,BARANGAY 764,,,14.568008,121.002474,,,,,,,16,2022-12-29,OSP
MNL004 LP518 NP3-4,MNL004,LP518,NP3-4,MNL004 LP518,Zamora Pandacan,MANILA,3,2,BARANGAY 764,,,14.567499,121.002762,,,,,,,16,2022-12-29,OSP
MNL004 LP513 NP3-4,MNL004,LP513,NP3-4,MNL004 LP513,Zamora Pandacan,MANILA,3,2,BARANGAY 764,,,14.567618,121.004557,,,,,,,16,2022-12-30,OSP
MNL004 LP513 NP5-6,MNL004,LP513,NP5-6,MNL004 LP513,Zamora Pandacan,MANILA,3,2,BARANGAY 764,,,14.567312,121.004258,,,,,,,16,2022-12-30,OSP
MNL004 LP117 NP1-2,MNL004,LP117,NP1-2,MNL004 LP117,Zamora Pandacan,MANILA,3,2,BARANGAY 764,,,14.567617,121.004556,,,,,,,16,2020-09-27,OSP
MNL034 LP76 NP5-6,MNL034,LP76,NP5-6,MNL034 LP76,Benitez,MANILA,3,2,BARANGAY 765,,,14.570135,121.005773,,,,,,,16,2020-06-22,OSP
MNL034 LP78 NP1-2,MNL034,LP78,NP1-2,MNL034 LP78,Benitez,MANILA,3,2,BARANGAY 765,,,14.569888,121.005537,,,,,,,16,2020-06-22,OSP
MNL034 LP74 NP1-2,MNL034,LP74,NP1-2,MNL034 LP74,Benitez,MANILA,3,2,BARANGAY 765,,,14.569488,121.005007,,,,,,,16,2020-06-22,OSP
MNL034 LP74 NP3-4,MNL034,LP74,NP3-4,MNL034 LP74,Benitez,MANILA,3,2,BARANGAY 765,,,14.569828,121.005093,,,,,,,16,2020-06-22,OSP
MKT003 LP140 NP1-2,MKT003,LP140,NP1-2,MKT003 LP140,Centuria,MANILA,3,2,BARANGAY 765,,,14.5692909,121.0062716,,,,,,,16,2019-02-27,OSP
MKT006 LP214 NP3-5,MKT006,LP214,NP3-5,MKT006 LP214,Pio Del Pilar,MANILA,3,2,BARANGAY 765,,,14.56924,121.006271,,,,,,,24,2023-04-25,OSP
MKT006 LP214 NP6-8,MKT006,LP214,NP6-8,MKT006 LP214,Pio Del Pilar,MANILA,3,2,BARANGAY 765,,,14.56875,121.005768,,,,,,,24,2023-04-25,OSP
MNL004 LP547 NP5-6,MNL004,LP547,NP5-6,MNL004 LP547,Zamora Pandacan,MANILA,3,2,BARANGAY 765,,,14.569602,121.005341,,,,,,,16,2022-12-29,OSP
MNL004 LP547 NP7-8,MNL004,LP547,NP7-8,MNL004 LP547,Zamora Pandacan,MANILA,3,2,BARANGAY 765,,,14.569336,121.00563,,,,,,,16,2022-12-29,OSP
MNL004 LP548 NP1-2,MNL004,LP548,NP1-2,MNL004 LP548,Zamora Pandacan,MANILA,3,2,BARANGAY 765,,,14.569577,121.005881,,,,,,,16,2022-12-29,OSP
MNL004 LP548 NP3-5,MNL004,LP548,NP3-5,MNL004 LP548,Zamora Pandacan,MANILA,3,2,BARANGAY 765,,,14.569891,121.005544,,,,,,,24,2022-12-29,OSP
MNL004 LP548 NP6-8,MNL004,LP548,NP6-8,MNL004 LP548,Zamora Pandacan,MANILA,3,2,BARANGAY 765,,,14.570205,121.005212,,,,,,,24,2022-12-29,OSP
MNL004 LP547 NP3-4,MNL004,LP547,NP3-4,MNL004 LP547,Zamora Pandacan,MANILA,3,2,BARANGAY 765,,,14.569835,121.005082,,,,,,,16,2022-12-29,OSP
MNL004 LP541 NP6-8,MNL004,LP541,NP6-8,MNL004 LP541,Zamora Pandacan,MANILA,3,2,BARANGAY 765,,,14.56904,121.005445,,,,,,,24,2022-12-29,OSP
MNL004 LP542 NP1-2,MNL004,LP542,NP1-2,MNL004 LP542,Zamora Pandacan,MANILA,3,2,BARANGAY 765,,,14.569278,121.005196,,,,,,,16,2022-12-29,OSP
MNL004 LP542 NP3-4,MNL004,LP542,NP3-4,MNL004 LP542,Zamora Pandacan,MANILA,3,2,BARANGAY 765,,,14.569624,121.004843,,,,,,,16,2022-12-29,OSP
MNL004 LP511 NP1-2,MNL004,LP511,NP1-2,MNL004 LP511,Zamora Pandacan,MANILA,3,2,BARANGAY 765,,,14.569492,121.00642,,,,,,,16,2022-12-30,OSP
MNL004 LP511 NP3-5,MNL004,LP511,NP3-5,MNL004 LP511,Zamora Pandacan,MANILA,3,2,BARANGAY 765,,,14.569305,121.006259,,,,,,,24,2022-12-30,OSP
MNL004 LP511 NP6-8,MNL004,LP511,NP6-8,MNL004 LP511,Zamora Pandacan,MANILA,3,2,BARANGAY 765,,,14.569008,121.005955,,,,,,,24,2022-12-30,OSP
MNL004 LP512 NP1-2,MNL004,LP512,NP1-2,MNL004 LP512,Zamora Pandacan,MANILA,3,2,BARANGAY 765,,,14.568824,121.005776,,,,,,,16,2022-12-30,OSP
MNL004 LP554 NP3-4,MNL004,LP554,NP3-4,MNL004 LP554,Zamora Pandacan,MANILA,3,2,BARANGAY 765,,,14.57041,121.005501,,,,,,,16,2022-12-29,OSP
MNL004 LP554 NP5-6,MNL004,LP554,NP5-6,MNL004 LP554,Zamora Pandacan,MANILA,3,2,BARANGAY 765,,,14.570137,121.00581,,,,,,,16,2022-12-29,OSP
MNL004 LP554 NP7-8,MNL004,LP554,NP7-8,MNL004 LP554,Zamora Pandacan,MANILA,3,2,BARANGAY 765,,,14.569756,121.0062,,,,,,,16,2022-12-29,OSP
MNL004 LP555 NP1-2,MNL004,LP555,NP1-2,MNL004 LP555,Zamora Pandacan,MANILA,3,2,BARANGAY 765,,,14.569597,121.006341,,,,,,,16,2022-12-29,OSP
MNL004 LP117 NP7-8,MNL004,LP117,NP7-8,MNL004 LP117,Zamora Pandacan,MANILA,3,2,BARANGAY 765,,,14.568828,121.005801,,,,,,,16,2020-09-27,OSP
MNL004 LP118 NP1-2,MNL004,LP118,NP1-2,MNL004 LP118,Zamora Pandacan,MANILA,3,2,BARANGAY 765,,,14.568993,121.005975,,,,,,,16,2020-09-27,OSP
MNL004 LP118 NP3-4,MNL004,LP118,NP3-4,MNL004 LP118,Zamora Pandacan,MANILA,3,2,BARANGAY 765,,,14.569458,121.006455,,,,,,,16,2020-09-27,OSP
MNL034 LP76 NP1-2,MNL034,LP76,NP1-2,MNL034 LP76,Benitez,MANILA,3,2,BARANGAY 766,,,14.570173,121.006248,,,,,,,16,2020-06-22,OSP
MNL034 LP76 NP3-4,MNL034,LP76,NP3-4,MNL034 LP76,Benitez,MANILA,3,2,BARANGAY 766,,,14.570437,121.006436,,,,,,,16,2020-06-22,OSP
MKT003 LP139 NP7-8,MKT003,LP139,NP7-8,MKT003 LP139,Centuria,MANILA,3,2,BARANGAY 766,,,14.57041598,121.0074028,,,,,,,16,2019-02-27,OSP
MKT006 LP215 NP6-8,MKT006,LP215,NP6-8,MKT006 LP215,Pio Del Pilar,MANILA,3,2,BARANGAY 766,,,14.570395,121.007423,,,,,,,24,2023-04-25,OSP
MKT006 LP215 NP1-2,MKT006,LP215,NP1-2,MKT006 LP215,Pio Del Pilar,MANILA,3,2,BARANGAY 766,,,14.569701,121.00672,,,,,,,16,2023-04-25,OSP
MKT006 LP215 NP3-5,MKT006,LP215,NP3-5,MKT006 LP215,Pio Del Pilar,MANILA,3,2,BARANGAY 766,,,14.569928,121.006948,,,,,,,24,2023-04-25,OSP
MNL004 LP510 NP1-2,MNL004,LP510,NP1-2,MNL004 LP510,Zamora Pandacan,MANILA,3,2,BARANGAY 766,,,14.570435,121.007389,,,,,,,16,2022-12-30,OSP
MNL004 LP510 NP3-5,MNL004,LP510,NP3-5,MNL004 LP510,Zamora Pandacan,MANILA,3,2,BARANGAY 766,,,14.569969,121.006913,,,,,,,24,2022-12-30,OSP
MNL004 LP510 NP6-8,MNL004,LP510,NP6-8,MNL004 LP510,Zamora Pandacan,MANILA,3,2,BARANGAY 766,,,14.569748,121.006702,,,,,,,24,2022-12-30,OSP
MNL004 LP509 NP6-8,MNL004,LP509,NP6-8,MNL004 LP509,Zamora Pandacan,MANILA,3,2,BARANGAY 766,,,14.571176,121.006571,,,,,,,24,2022-12-30,OSP
MNL004 LP700 NP1-2,MNL004,LP700,NP1-2,MNL004 LP700,Zamora Pandacan,MANILA,3,2,BARANGAY 766,,,14.570779,121.007,,,,,,,16,2022-10-19,OSP
MNL004 LP700 NP3-5,MNL004,LP700,NP3-5,MNL004 LP700,Zamora Pandacan,MANILA,3,2,BARANGAY 766,,,14.571056,121.006706,,,,,,,24,2022-10-19,OSP
MNL004 LP700 NP6-8,MNL004,LP700,NP6-8,MNL004 LP700,Zamora Pandacan,MANILA,3,2,BARANGAY 766,,,14.571179,121.006564,,,,,,,24,2022-10-19,OSP
MNL004 LP564 NP5-6,MNL004,LP564,NP5-6,MNL004 LP564,Zamora Pandacan,MANILA,3,2,BARANGAY 766,,,14.571176,121.006571,,,,,,,16,2022-12-29,OSP
MNL004 LP564 NP7-8,MNL004,LP564,NP7-8,MNL004 LP564,Zamora Pandacan,MANILA,3,2,BARANGAY 766,,,14.571051,121.006712,,,,,,,16,2022-12-29,OSP
MNL004 LP565 NP1-2,MNL004,LP565,NP1-2,MNL004 LP565,Zamora Pandacan,MANILA,3,2,BARANGAY 766,,,14.570786,121.007,,,,,,,16,2022-12-29,OSP
MNL004 LP565 NP3-4,MNL004,LP565,NP3-4,MNL004 LP565,Zamora Pandacan,MANILA,3,2,BARANGAY 766,,,14.570437,121.007389,,,,,,,16,2022-12-29,OSP
MNL004 LP565 NP5-6,MNL004,LP565,NP5-6,MNL004 LP565,Zamora Pandacan,MANILA,3,2,BARANGAY 766,,,14.569958,121.006918,,,,,,,16,2022-12-29,OSP
MNL004 LP565 NP7-8,MNL004,LP565,NP7-8,MNL004 LP565,Zamora Pandacan,MANILA,3,2,BARANGAY 766,,,14.570021,121.006867,,,,,,,16,2022-12-29,OSP
MNL004 LP566 NP1-2,MNL004,LP566,NP1-2,MNL004 LP566,Zamora Pandacan,MANILA,3,2,BARANGAY 766,,,14.570226,121.006681,,,,,,,16,2022-12-29,OSP
MNL004 LP566 NP3-5,MNL004,LP566,NP3-5,MNL004 LP566,Zamora Pandacan,MANILA,3,2,BARANGAY 766,,,14.570464,121.006455,,,,,,,24,2022-12-29,OSP
MNL004 LP566 NP6-8,MNL004,LP566,NP6-8,MNL004 LP566,Zamora Pandacan,MANILA,3,2,BARANGAY 766,,,14.570681,121.006221,,,,,,,24,2022-12-29,OSP
MNL004 LP567 NP1-2,MNL004,LP567,NP1-2,MNL004 LP567,Zamora Pandacan,MANILA,3,2,BARANGAY 766,,,14.570932,121.005947,,,,,,,16,2022-12-29,OSP
MNL004 LP555 NP3-5,MNL004,LP555,NP3-5,MNL004 LP555,Zamora Pandacan,MANILA,3,2,BARANGAY 766,,,14.569731,121.006721,,,,,,,24,2022-12-29,OSP
MNL004 LP555 NP6-8,MNL004,LP555,NP6-8,MNL004 LP555,Zamora Pandacan,MANILA,3,2,BARANGAY 766,,,14.57029,121.006151,,,,,,,24,2022-12-29,OSP
MNL004 LP556 NP1-2,MNL004,LP556,NP1-2,MNL004 LP556,Zamora Pandacan,MANILA,3,2,BARANGAY 766,,,14.570644,121.005764,,,,,,,16,2022-12-29,OSP
MNL004 LP556 NP3-5,MNL004,LP556,NP3-5,MNL004 LP556,Zamora Pandacan,MANILA,3,2,BARANGAY 766,,,14.570845,121.005544,,,,,,,24,2022-12-29,OSP
MNL004 LP124 NP7-8,MNL004,LP124,NP7-8,MNL004 LP124,Zamora Pandacan,MANILA,3,2,BARANGAY 766,,,14.57042,121.007402,,,,,,,16,2020-10-27,OSP
MNL004 LP118 NP5-6,MNL004,LP118,NP5-6,MNL004 LP118,Zamora Pandacan,MANILA,3,2,BARANGAY 766,,,14.569732,121.006702,,,,,,,16,2020-09-27,OSP
MNL004 LP118 NP7-8,MNL004,LP118,NP7-8,MNL004 LP118,Zamora Pandacan,MANILA,3,2,BARANGAY 766,,,14.569935,121.00692,,,,,,,16,2020-09-27,OSP
MNL004 LP119 NP1-2,MNL004,LP119,NP1-2,MNL004 LP119,Zamora Pandacan,MANILA,3,2,BARANGAY 766,,,14.571059,121.006681,,,,,,,16,2020-09-27,OSP
MNL034 LP74 NP5-6,MNL034,LP74,NP5-6,MNL034 LP74,Benitez,MANILA,3,2,BARANGAY 767,,,14.570827,121.004032,,,,,,,16,2020-06-22,OSP
MNL034 LP75 NP7-8,MNL034,LP75,NP7-8,MNL034 LP75,Benitez,MANILA,3,2,BARANGAY 767,,,14.571336,121.00503,,,,,,,16,2020-06-22,OSP
MNL034 LP76 NP7-8,MNL034,LP76,NP7-8,MNL034 LP76,Benitez,MANILA,3,2,BARANGAY 767,,,14.571237,121.004619,,,,,,,16,2020-06-22,OSP
MNL034 LP77 NP7-8,MNL034,LP77,NP7-8,MNL034 LP77,Benitez,MANILA,3,2,BARANGAY 767,,,14.570984,121.004391,,,,,,,16,2020-06-22,OSP
MKT003 LP139 NP1-2,MKT003,LP139,NP1-2,MKT003 LP139,Centuria,MANILA,3,2,BARANGAY 767,,,14.57018334,121.0047243,,,,,,,16,2019-02-27,OSP
MKT003 LP139 NP3-4,MKT003,LP139,NP3-4,MKT003 LP139,Centuria,MANILA,3,2,BARANGAY 767,,,14.57090807,121.0054654,,,,,,,16,2019-02-27,OSP
MKT003 LP139 NP5-6,MKT003,LP139,NP5-6,MKT003 LP139,Centuria,MANILA,3,2,BARANGAY 767,,,14.57158365,121.006156,,,,,,,16,2019-02-27,OSP
MNL004 LP549 NP1-2,MNL004,LP549,NP1-2,MNL004 LP549,Zamora Pandacan,MANILA,3,2,BARANGAY 767,,,14.570457,121.004948,,,,,,,16,2022-12-29,OSP
MNL004 LP549 NP3-4,MNL004,LP549,NP3-4,MNL004 LP549,Zamora Pandacan,MANILA,3,2,BARANGAY 767,,,14.570738,121.004644,,,,,,,16,2022-12-29,OSP
MNL004 LP549 NP5-6,MNL004,LP549,NP5-6,MNL004 LP549,Zamora Pandacan,MANILA,3,2,BARANGAY 767,,,14.57098,121.004401,,,,,,,16,2022-12-29,OSP
MNL004 LP549 NP7-8,MNL004,LP549,NP7-8,MNL004 LP549,Zamora Pandacan,MANILA,3,2,BARANGAY 767,,,14.571313,121.00405,,,,,,,16,2022-12-29,OSP
MNL004 LP546 NP1-2,MNL004,LP546,NP1-2,MNL004 LP546,Zamora Pandacan,MANILA,3,2,BARANGAY 767,,,14.571015,121.003847,,,,,,,16,2022-12-29,OSP
MNL004 LP546 NP3-5,MNL004,LP546,NP3-5,MNL004 LP546,Zamora Pandacan,MANILA,3,2,BARANGAY 767,,,14.570763,121.004123,,,,,,,24,2022-12-29,OSP
MNL004 LP546 NP6-8,MNL004,LP546,NP6-8,MNL004 LP546,Zamora Pandacan,MANILA,3,2,BARANGAY 767,,,14.570529,121.004383,,,,,,,24,2022-12-29,OSP
MNL004 LP547 NP1-2,MNL004,LP547,NP1-2,MNL004 LP547,Zamora Pandacan,MANILA,3,2,BARANGAY 767,,,14.570212,121.004705,,,,,,,16,2022-12-29,OSP
MNL004 LP509 NP3-5,MNL004,LP509,NP3-5,MNL004 LP509,Zamora Pandacan,MANILA,3,2,BARANGAY 767,,,14.571597,121.006147,,,,,,,24,2022-12-30,OSP
MNL004 LP564 NP3-4,MNL004,LP564,NP3-4,MNL004 LP564,Zamora Pandacan,MANILA,3,2,BARANGAY 767,,,14.571597,121.006154,,,,,,,16,2022-12-29,OSP
MNL004 LP567 NP3-5,MNL004,LP567,NP3-5,MNL004 LP567,Zamora Pandacan,MANILA,3,2,BARANGAY 767,,,14.571161,121.00572,,,,,,,24,2022-12-29,OSP
MNL004 LP567 NP6-8,MNL004,LP567,NP6-8,MNL004 LP567,Zamora Pandacan,MANILA,3,2,BARANGAY 767,,,14.571161,121.00572,,,,,,,24,2022-12-29,OSP
MNL004 LP556 NP6-8,MNL004,LP556,NP6-8,MNL004 LP556,Zamora Pandacan,MANILA,3,2,BARANGAY 767,,,14.571041,121.00534,,,,,,,24,2022-12-29,OSP
MNL004 LP557 NP1-2,MNL004,LP557,NP1-2,MNL004 LP557,Zamora Pandacan,MANILA,3,2,BARANGAY 767,,,14.571366,121.005002,,,,,,,16,2022-12-29,OSP
MNL004 LP557 NP3-5,MNL004,LP557,NP3-5,MNL004 LP557,Zamora Pandacan,MANILA,3,2,BARANGAY 767,,,14.571492,121.004864,,,,,,,24,2022-12-29,OSP
MNL004 LP557 NP6-8,MNL004,LP557,NP6-8,MNL004 LP557,Zamora Pandacan,MANILA,3,2,BARANGAY 767,,,14.57162,121.004726,,,,,,,24,2022-12-29,OSP
MNL004 LP553 NP1-2,MNL004,LP553,NP1-2,MNL004 LP553,Zamora Pandacan,MANILA,3,2,BARANGAY 767,,,14.571553,121.00429,,,,,,,16,2022-12-29,OSP
MNL004 LP553 NP3-4,MNL004,LP553,NP3-4,MNL004 LP553,Zamora Pandacan,MANILA,3,2,BARANGAY 767,,,14.571322,121.004535,,,,,,,16,2022-12-29,OSP
MNL004 LP553 NP5-6,MNL004,LP553,NP5-6,MNL004 LP553,Zamora Pandacan,MANILA,3,2,BARANGAY 767,,,14.571049,121.004816,,,,,,,16,2022-12-29,OSP
MNL004 LP553 NP7-8,MNL004,LP553,NP7-8,MNL004 LP553,Zamora Pandacan,MANILA,3,2,BARANGAY 767,,,14.570859,121.005011,,,,,,,16,2022-12-29,OSP
MNL004 LP554 NP1-2,MNL004,LP554,NP1-2,MNL004 LP554,Zamora Pandacan,MANILA,3,2,BARANGAY 767,,,14.570692,121.005179,,,,,,,16,2022-12-29,OSP
MNL004 LP119 NP3-4,MNL004,LP119,NP3-4,MNL004 LP119,Zamora Pandacan,MANILA,3,2,BARANGAY 767,,,14.571141,121.005702,,,,,,,16,2020-09-27,OSP
MNL004 LP119 NP5-6,MNL004,LP119,NP5-6,MNL004 LP119,Zamora Pandacan,MANILA,3,2,BARANGAY 767,,,14.570679,121.005215,,,,,,,16,2020-09-27,OSP
MNL004 LP119 NP7-8,MNL004,LP119,NP7-8,MNL004 LP119,Zamora Pandacan,MANILA,3,2,BARANGAY 767,,,14.570456,121.004957,,,,,,,16,2020-09-27,OSP
MNL034 LP72 NP3-4,MNL034,LP72,NP3-4,MNL034 LP72,Benitez,MANILA,3,2,BARANGAY 768,,,14.570119,121.003312,,,,,,,16,2020-06-22,OSP
MNL034 LP73 NP1-2,MNL034,LP73,NP1-2,MNL034 LP73,Benitez,MANILA,3,2,BARANGAY 768,,,14.570348,121.00358,,,,,,,16,2020-06-22,OSP
MNL034 LP73 NP7-8,MNL034,LP73,NP7-8,MNL034 LP73,Benitez,MANILA,3,2,BARANGAY 768,,,14.570509,121.003917,,,,,,,16,2020-06-22,OSP
MNL034 LP67 NP3-4,MNL034,LP67,NP3-4,MNL034 LP67,Benitez,MANILA,3,2,BARANGAY 768,,,14.569593,121.003342,,,,,,,16,2020-06-22,OSP
MKT003 LP138 NP7-8,MKT003,LP138,NP7-8,MKT003 LP138,Centuria,MANILA,3,2,BARANGAY 768,,,14.569484,121.003986,,,,,,,16,2019-02-27,OSP
MNL004 LP543 NP1-2,MNL004,LP543,NP1-2,MNL004 LP543,Zamora Pandacan,MANILA,3,2,BARANGAY 768,,,14.570524,121.003899,,,,,,,16,2022-12-29,OSP
MNL004 LP543 NP3-4,MNL004,LP543,NP3-4,MNL004 LP543,Zamora Pandacan,MANILA,3,2,BARANGAY 768,,,14.570776,121.003629,,,,,,,16,2022-12-29,OSP
MNL004 LP539 NP5-6,MNL004,LP539,NP5-6,MNL004 LP539,Zamora Pandacan,MANILA,3,2,BARANGAY 768,,,14.570611,121.003298,,,,,,,16,2022-12-29,OSP
MNL004 LP539 NP7-8,MNL004,LP539,NP7-8,MNL004 LP539,Zamora Pandacan,MANILA,3,2,BARANGAY 768,,,14.570348,121.003564,,,,,,,16,2022-12-29,OSP
MNL004 LP540 NP1-2,MNL004,LP540,NP1-2,MNL004 LP540,Zamora Pandacan,MANILA,3,2,BARANGAY 768,,,14.570009,121.003913,,,,,,,16,2022-12-29,OSP
MNL004 LP540 NP3-5,MNL004,LP540,NP3-5,MNL004 LP540,Zamora Pandacan,MANILA,3,2,BARANGAY 768,,,14.569726,121.004235,,,,,,,24,2022-12-29,OSP
MNL004 LP542 NP5-6,MNL004,LP542,NP5-6,MNL004 LP542,Zamora Pandacan,MANILA,3,2,BARANGAY 768,,,14.570006,121.004516,,,,,,,16,2022-12-29,OSP
MNL004 LP542 NP7-8,MNL004,LP542,NP7-8,MNL004 LP542,Zamora Pandacan,MANILA,3,2,BARANGAY 768,,,14.570262,121.004179,,,,,,,16,2022-12-29,OSP
MNL004 LP536 NP1-2,MNL004,LP536,NP1-2,MNL004 LP536,Zamora Pandacan,MANILA,3,2,BARANGAY 768,,,14.569482,121.003991,,,,,,,16,2022-12-29,OSP
MNL004 LP536 NP3-4,MNL004,LP536,NP3-4,MNL004 LP536,Zamora Pandacan,MANILA,3,2,BARANGAY 768,,,14.569828,121.003614,,,,,,,16,2022-12-29,OSP
MNL004 LP536 NP5-6,MNL004,LP536,NP5-6,MNL004 LP536,Zamora Pandacan,MANILA,3,2,BARANGAY 768,,,14.570125,121.003309,,,,,,,16,2022-12-29,OSP
MNL004 LP536 NP7-8,MNL004,LP536,NP7-8,MNL004 LP536,Zamora Pandacan,MANILA,3,2,BARANGAY 768,,,14.570366,121.003054,,,,,,,16,2022-12-29,OSP
MNL004 LP533 NP1-2,MNL004,LP533,NP1-2,MNL004 LP533,Zamora Pandacan,MANILA,3,2,BARANGAY 768,,,14.570124,121.002812,,,,,,,16,2022-12-29,OSP
MNL004 LP533 NP3-4,MNL004,LP533,NP3-4,MNL004 LP533,Zamora Pandacan,MANILA,3,2,BARANGAY 768,,,14.56961,121.003334,,,,,,,16,2022-12-29,OSP
MNL004 LP533 NP5-6,MNL004,LP533,NP5-6,MNL004 LP533,Zamora Pandacan,MANILA,3,2,BARANGAY 768,,,14.56939,121.003566,,,,,,,16,2022-12-29,OSP
MNL004 LP533 NP7-8,MNL004,LP533,NP7-8,MNL004 LP533,Zamora Pandacan,MANILA,3,2,BARANGAY 768,,,14.569225,121.00374,,,,,,,16,2022-12-29,OSP
MNL004 LP120 NP1-2,MNL004,LP120,NP1-2,MNL004 LP120,Zamora Pandacan,MANILA,3,2,BARANGAY 768,,,14.569981,121.004507,,,,,,,16,2020-09-27,OSP
MNL004 LP120 NP3-4,MNL004,LP120,NP3-4,MNL004 LP120,Zamora Pandacan,MANILA,3,2,BARANGAY 768,,,14.569717,121.00423,,,,,,,16,2020-09-27,OSP
MNL004 LP120 NP5-6,MNL004,LP120,NP5-6,MNL004 LP120,Zamora Pandacan,MANILA,3,2,BARANGAY 768,,,14.56921,121.003743,,,,,,,16,2020-09-27,OSP
MNL034 LP68 NP1-2,MNL034,LP68,NP1-2,MNL034 LP68,Benitez,MANILA,3,2,BARANGAY 769,,,14.569459,121.002992,,,,,,,16,2020-06-22,OSP
MNL034 LP68 NP7-8,MNL034,LP68,NP7-8,MNL034 LP68,Benitez,MANILA,3,2,BARANGAY 769,,,14.569414,121.002619,,,,,,,16,2020-06-22,OSP
MKT003 LP138 NP3-4,MKT003,LP138,NP3-4,MKT003 LP138,Centuria,MANILA,3,2,BARANGAY 769,,,14.56879731,121.0027947,,,,,,,16,2019-02-27,OSP
MKT003 LP138 NP5-6,MKT003,LP138,NP5-6,MKT003 LP138,Centuria,MANILA,3,2,BARANGAY 769,,,14.56879254,121.0033147,,,,,,,16,2019-02-27,OSP
MNL004 LP522 NP1-2,MNL004,LP522,NP1-2,MNL004 LP522,Zamora Pandacan,MANILA,3,2,BARANGAY 769,,,14.569355,121.002715,,,,,,,16,2022-12-29,OSP
MNL004 LP522 NP3-4,MNL004,LP522,NP3-4,MNL004 LP522,Zamora Pandacan,MANILA,3,2,BARANGAY 769,,,14.569108,121.002984,,,,,,,16,2022-12-29,OSP
MNL004 LP522 NP5-6,MNL004,LP522,NP5-6,MNL004 LP522,Zamora Pandacan,MANILA,3,2,BARANGAY 769,,,14.568806,121.003295,,,,,,,16,2022-12-29,OSP
MNL004 LP524 NP6-8,MNL004,LP524,NP6-8,MNL004 LP524,Zamora Pandacan,MANILA,3,2,BARANGAY 769,,,14.568993,121.003497,,,,,,,24,2022-12-29,OSP
MNL004 LP525 NP1-2,MNL004,LP525,NP1-2,MNL004 LP525,Zamora Pandacan,MANILA,3,2,BARANGAY 769,,,14.569286,121.003187,,,,,,,16,2022-12-29,OSP
MNL004 LP525 NP3-4,MNL004,LP525,NP3-4,MNL004 LP525,Zamora Pandacan,MANILA,3,2,BARANGAY 769,,,14.569461,121.003003,,,,,,,16,2022-12-29,OSP
MNL004 LP525 NP5-6,MNL004,LP525,NP5-6,MNL004 LP525,Zamora Pandacan,MANILA,3,2,BARANGAY 769,,,14.569796,121.002654,,,,,,,16,2022-12-29,OSP
MNL004 LP521 NP7-8,MNL004,LP521,NP7-8,MNL004 LP521,Zamora Pandacan,MANILA,3,2,BARANGAY 769,,,14.569687,121.002373,,,,,,,16,2022-12-29,OSP
MNL004 LP515 NP7-8,MNL004,LP515,NP7-8,MNL004 LP515,Zamora Pandacan,MANILA,3,2,BARANGAY 769,,,14.568806,121.002776,,,,,,,16,2022-12-29,OSP
MNL004 LP516 NP1-2,MNL004,LP516,NP1-2,MNL004 LP516,Zamora Pandacan,MANILA,3,2,BARANGAY 769,,,14.569098,121.002466,,,,,,,16,2022-12-29,OSP
MNL004 LP516 NP3-4,MNL004,LP516,NP3-4,MNL004 LP516,Zamora Pandacan,MANILA,3,2,BARANGAY 769,,,14.569347,121.002207,,,,,,,16,2022-12-29,OSP
MNL004 LP516 NP7-8,MNL004,LP516,NP7-8,MNL004 LP516,Zamora Pandacan,MANILA,3,2,BARANGAY 769,,,14.568853,121.002032,,,,,,,16,2022-12-29,OSP
MNL004 LP517 NP1-2,MNL004,LP517,NP1-2,MNL004 LP517,Zamora Pandacan,MANILA,3,2,BARANGAY 769,,,14.568691,121.002413,,,,,,,16,2022-12-29,OSP
MNL004 LP517 NP3-4,MNL004,LP517,NP3-4,MNL004 LP517,Zamora Pandacan,MANILA,3,2,BARANGAY 769,,,14.568467,121.002643,,,,,,,16,2022-12-29,OSP
MNL004 LP517 NP5-6,MNL004,LP517,NP5-6,MNL004 LP517,Zamora Pandacan,MANILA,3,2,BARANGAY 769,,,14.568312,121.002808,,,,,,,16,2022-12-29,OSP
MNL004 LP517 NP7-8,MNL004,LP517,NP7-8,MNL004 LP517,Zamora Pandacan,MANILA,3,2,BARANGAY 769,,,14.568492,121.002212,,,,,,,16,2022-12-29,OSP
MNL004 LP120 NP7-8,MNL004,LP120,NP7-8,MNL004 LP120,Zamora Pandacan,MANILA,3,2,BARANGAY 769,,,14.568976,121.003502,,,,,,,16,2020-09-27,OSP
MNL004 LP121 NP1-2,MNL004,LP121,NP1-2,MNL004 LP121,Zamora Pandacan,MANILA,3,2,BARANGAY 769,,,14.568529,121.003063,,,,,,,16,2020-09-27,OSP
MNL004 LP121 NP3-4,MNL004,LP121,NP3-4,MNL004 LP121,Zamora Pandacan,MANILA,3,2,BARANGAY 769,,,14.568303,121.002819,,,,,,,16,2020-09-27,OSP
MNL004 LP121 NP5-6,MNL004,LP121,NP5-6,MNL004 LP121,Zamora Pandacan,MANILA,3,2,BARANGAY 769,,,14.568639,121.002377,,,,,,,16,2020-09-27,OSP
MNL004 LP712 NP1-2,MNL004,LP712,NP1-2,MNL004 LP712,Zamora Pandacan,MANILA,3,2,BARANGAY 770,,,14.572215,121.007314,,,,,,,16,2022-10-19,OSP
MNL004 LP712 NP3-5,MNL004,LP712,NP3-5,MNL004 LP712,Zamora Pandacan,MANILA,3,2,BARANGAY 770,,,14.572025,121.007052,,,,,,,24,2022-10-19,OSP
MNL004 LP712 NP6-8,MNL004,LP712,NP6-8,MNL004 LP712,Zamora Pandacan,MANILA,3,2,BARANGAY 770,,,14.572025,121.007052,,,,,,,24,2022-10-19,OSP
MNL004 LP713 NP1-2,MNL004,LP713,NP1-2,MNL004 LP713,Zamora Pandacan,MANILA,3,2,BARANGAY 770,,,14.572049,121.007593,,,,,,,16,2022-10-19,OSP
MNL004 LP713 NP3-5,MNL004,LP713,NP3-5,MNL004 LP713,Zamora Pandacan,MANILA,3,2,BARANGAY 770,,,14.571957,121.007566,,,,,,,24,2022-10-19,OSP
MNL004 LP713 NP6-8,MNL004,LP713,NP6-8,MNL004 LP713,Zamora Pandacan,MANILA,3,2,BARANGAY 770,,,14.571957,121.007566,,,,,,,24,2022-10-19,OSP
MNL004 LP507 NP3-5,MNL004,LP507,NP3-5,MNL004 LP507,Zamora Pandacan,MANILA,3,2,BARANGAY 770,,,14.573748,121.008264,,,,,,,24,2022-12-30,OSP
MNL004 LP672 NP1-2,MNL004,LP672,NP1-2,MNL004 LP672,Zamora Pandacan,MANILA,3,2,BARANGAY 770,,,14.573737,121.008266,,,,,,,16,2023-04-30,OSP
MNL004 LP672 NP3-5,MNL004,LP672,NP3-5,MNL004 LP672,Zamora Pandacan,MANILA,3,2,BARANGAY 770,,,14.573915,121.008069,,,,,,,24,2023-04-30,OSP
MNL004 LP672 NP6-8,MNL004,LP672,NP6-8,MNL004 LP672,Zamora Pandacan,MANILA,3,2,BARANGAY 770,,,14.573915,121.008069,,,,,,,24,2023-04-30,OSP
MNL004 LP673 NP1-2,MNL004,LP673,NP1-2,MNL004 LP673,Zamora Pandacan,MANILA,3,2,BARANGAY 770,,,14.574084,121.007874,,,,,,,16,2023-04-30,OSP
MNL004 LP673 NP3-5,MNL004,LP673,NP3-5,MNL004 LP673,Zamora Pandacan,MANILA,3,2,BARANGAY 770,,,14.574084,121.007874,,,,,,,24,2023-04-30,OSP
MNL004 LP673 NP6-8,MNL004,LP673,NP6-8,MNL004 LP673,Zamora Pandacan,MANILA,3,2,BARANGAY 770,,,14.574509,121.007454,,,,,,,24,2023-04-30,OSP
MNL004 LP674 NP1-2,MNL004,LP674,NP1-2,MNL004 LP674,Zamora Pandacan,MANILA,3,2,BARANGAY 770,,,14.574509,121.007454,,,,,,,16,2023-04-30,OSP
MNL004 LP729 NP1-2,MNL004,LP729,NP1-2,MNL004 LP729,Zamora Pandacan,MANILA,3,2,BARANGAY 770,,,14.573196,121.007861,,,,,,,16,2022-10-19,OSP
MNL004 LP729 NP3-5,MNL004,LP729,NP3-5,MNL004 LP729,Zamora Pandacan,MANILA,3,2,BARANGAY 770,,,14.573018,121.008244,,,,,,,24,2022-10-19,OSP
MNL004 LP729 NP6-8,MNL004,LP729,NP6-8,MNL004 LP729,Zamora Pandacan,MANILA,3,2,BARANGAY 770,,,14.572892,121.008645,,,,,,,24,2022-10-19,OSP
MNL004 LP136 NP1-2,MNL004,LP136,NP1-2,MNL004 LP136,Zamora Pandacan,MANILA,3,2,BARANGAY 770,,,14.572202,121.007322,,,,,,,16,2020-10-27,OSP
MNL004 LP13 NP5-6,MNL004,LP13,NP5-6,MNL004 LP13,Zamora Pandacan,MANILA,3,2,BARANGAY 770,,,14.57375678,121.0082677,,,,,,,16,2019-10-04,OSP
MNL004 LP130 NP5-6,MNL004,LP130,NP5-6,MNL004 LP130,Zamora Pandacan,MANILA,3,2,BARANGAY 770,,,14.574091,121.007873,,,,,,,16,2020-10-27,OSP
MNL004 LP122 NP7-8,MNL004,LP122,NP7-8,MNL004 LP122,Zamora Pandacan,MANILA,3,2,BARANGAY 770,,,14.572487,121.009451,,,,,,,16,2020-10-27,OSP
MNL004 LP715 NP3-5,MNL004,LP715,NP3-5,MNL004 LP715,Zamora Pandacan,MANILA,3,2,BARANGAY 771,,,14.573784,121.005636,,,,,,,24,2022-10-19,OSP
MNL004 LP715 NP6-8,MNL004,LP715,NP6-8,MNL004 LP715,Zamora Pandacan,MANILA,3,2,BARANGAY 771,,,14.574006,121.005394,,,,,,,24,2022-10-19,OSP
MNL004 LP716 NP1-2,MNL004,LP716,NP1-2,MNL004 LP716,Zamora Pandacan,MANILA,3,2,BARANGAY 771,,,14.574202,121.005185,,,,,,,16,2022-10-19,OSP
MNL004 LP716 NP3-5,MNL004,LP716,NP3-5,MNL004 LP716,Zamora Pandacan,MANILA,3,2,BARANGAY 771,,,14.574465,121.004888,,,,,,,24,2022-10-19,OSP
MNL004 LP705 NP1-2,MNL004,LP705,NP1-2,MNL004 LP705,Zamora Pandacan,MANILA,3,2,BARANGAY 771,,,14.573787,121.004568,,,,,,,16,2022-10-19,OSP
MNL004 LP705 NP3-5,MNL004,LP705,NP3-5,MNL004 LP705,Zamora Pandacan,MANILA,3,2,BARANGAY 771,,,14.573577,121.004787,,,,,,,24,2022-10-19,OSP
MNL004 LP705 NP6-8,MNL004,LP705,NP6-8,MNL004 LP705,Zamora Pandacan,MANILA,3,2,BARANGAY 771,,,14.573311,121.005076,,,,,,,24,2022-10-19,OSP
MNL004 LP706 NP6-8,MNL004,LP706,NP6-8,MNL004 LP706,Zamora Pandacan,MANILA,3,2,BARANGAY 771,,,14.574336,121.004622,,,,,,,24,2022-10-19,OSP
MNL004 LP707 NP1-2,MNL004,LP707,NP1-2,MNL004 LP707,Zamora Pandacan,MANILA,3,2,BARANGAY 771,,,14.574092,121.004893,,,,,,,16,2022-10-19,OSP
MNL004 LP707 NP3-5,MNL004,LP707,NP3-5,MNL004 LP707,Zamora Pandacan,MANILA,3,2,BARANGAY 771,,,14.573906,121.005098,,,,,,,24,2022-10-19,OSP
MNL004 LP707 NP6-8,MNL004,LP707,NP6-8,MNL004 LP707,Zamora Pandacan,MANILA,3,2,BARANGAY 771,,,14.573498,121.005543,,,,,,,24,2022-10-19,OSP
MNL004 LP708 NP1-2,MNL004,LP708,NP1-2,MNL004 LP708,Zamora Pandacan,MANILA,3,2,BARANGAY 771,,,14.57332,121.005736,,,,,,,16,2022-10-19,OSP
MNL004 LP702 NP3-5,MNL004,LP702,NP3-5,MNL004 LP702,Zamora Pandacan,MANILA,3,2,BARANGAY 771,,,14.572781,121.005147,,,,,,,24,2022-10-19,OSP
MNL004 LP702 NP6-8,MNL004,LP702,NP6-8,MNL004 LP702,Zamora Pandacan,MANILA,3,2,BARANGAY 771,,,14.572781,121.005147,,,,,,,24,2022-10-19,OSP
MNL004 LP703 NP1-2,MNL004,LP703,NP1-2,MNL004 LP703,Zamora Pandacan,MANILA,3,2,BARANGAY 771,,,14.57293,121.004974,,,,,,,16,2022-10-19,OSP
MNL004 LP703 NP3-5,MNL004,LP703,NP3-5,MNL004 LP703,Zamora Pandacan,MANILA,3,2,BARANGAY 771,,,14.573197,121.004667,,,,,,,24,2022-10-19,OSP
MNL004 LP703 NP6-8,MNL004,LP703,NP6-8,MNL004 LP703,Zamora Pandacan,MANILA,3,2,BARANGAY 771,,,14.573421,121.004465,,,,,,,24,2022-10-19,OSP
MNL004 LP704 NP1-2,MNL004,LP704,NP1-2,MNL004 LP704,Zamora Pandacan,MANILA,3,2,BARANGAY 771,,,14.573718,121.004142,,,,,,,16,2022-10-19,OSP
MNL004 LP704 NP6-8,MNL004,LP704,NP6-8,MNL004 LP704,Zamora Pandacan,MANILA,3,2,BARANGAY 771,,,14.574028,121.004303,,,,,,,24,2022-10-19,OSP
MNL004 LP562 NP5-6,MNL004,LP562,NP5-6,MNL004 LP562,Zamora Pandacan,MANILA,3,2,BARANGAY 771,,,14.573715,121.004135,,,,,,,16,2022-12-29,OSP
MNL004 LP562 NP7-8,MNL004,LP562,NP7-8,MNL004 LP562,Zamora Pandacan,MANILA,3,2,BARANGAY 771,,,14.573424,121.004451,,,,,,,16,2022-12-29,OSP
MNL004 LP563 NP1-2,MNL004,LP563,NP1-2,MNL004 LP563,Zamora Pandacan,MANILA,3,2,BARANGAY 771,,,14.573069,121.004838,,,,,,,16,2022-12-29,OSP
MNL004 LP563 NP3-4,MNL004,LP563,NP3-4,MNL004 LP563,Zamora Pandacan,MANILA,3,2,BARANGAY 771,,,14.572931,121.004985,,,,,,,16,2022-12-29,OSP
MNL004 LP563 NP5-6,MNL004,LP563,NP5-6,MNL004 LP563,Zamora Pandacan,MANILA,3,2,BARANGAY 771,,,14.572767,121.005144,,,,,,,16,2022-12-29,OSP
MNL004 LP11 NP1-2,MNL004,LP11,NP1-2,MNL004 LP11,Zamora Pandacan,MANILA,3,2,BARANGAY 771,,,14.57372016,121.0041893,,,,,,,16,2019-10-04,OSP
MNL004 LP11 NP3-4,MNL004,LP11,NP3-4,MNL004 LP11,Zamora Pandacan,MANILA,3,2,BARANGAY 771,,,14.572757,121.005117,,,,,,,16,2019-10-04,OSP
MNL004 LP11 NP5-6,MNL004,LP11,NP5-6,MNL004 LP11,Zamora Pandacan,MANILA,3,2,BARANGAY 771,,,14.5733353,121.0057155,,,,,,,16,2019-10-04,OSP
MNL004 LP136 NP7-8,MNL004,LP136,NP7-8,MNL004 LP136,Zamora Pandacan,MANILA,3,2,BARANGAY 771,,,14.573955,121.005017,,,,,,,16,2020-10-27,OSP
MNL004 LP137 NP1-2,MNL004,LP137,NP1-2,MNL004 LP137,Zamora Pandacan,MANILA,3,2,BARANGAY 771,,,14.574028,121.004308,,,,,,,16,2020-10-27,OSP
MNL004 LP137 NP3-4,MNL004,LP137,NP3-4,MNL004 LP137,Zamora Pandacan,MANILA,3,2,BARANGAY 771,,,14.573429,121.004457,,,,,,,16,2020-10-27,OSP
MNL004 LP134 NP7-8,MNL004,LP134,NP7-8,MNL004 LP134,Zamora Pandacan,MANILA,3,2,BARANGAY 771,,,14.574765,121.004653,,,,,,,16,2020-10-27,OSP
MNL004 LP135 NP1-2,MNL004,LP135,NP1-2,MNL004 LP135,Zamora Pandacan,MANILA,3,2,BARANGAY 771,,,14.574006,121.00539,,,,,,,16,2020-10-27,OSP
MNL004 LP720 NP1-2,MNL004,LP720,NP1-2,MNL004 LP720,Zamora Pandacan,MANILA,3,2,BARANGAY 772,,,14.573093,121.006858,,,,,,,16,2022-10-19,OSP
MNL004 LP720 NP3-5,MNL004,LP720,NP3-5,MNL004 LP720,Zamora Pandacan,MANILA,3,2,BARANGAY 772,,,14.57273,121.007252,,,,,,,24,2022-10-19,OSP
MNL004 LP720 NP6-8,MNL004,LP720,NP6-8,MNL004 LP720,Zamora Pandacan,MANILA,3,2,BARANGAY 772,,,14.57273,121.007252,,,,,,,24,2022-10-19,OSP
MNL004 LP721 NP1-2,MNL004,LP721,NP1-2,MNL004 LP721,Zamora Pandacan,MANILA,3,2,BARANGAY 772,,,14.572968,121.007501,,,,,,,16,2022-10-19,OSP
MNL004 LP721 NP3-5,MNL004,LP721,NP3-5,MNL004 LP721,Zamora Pandacan,MANILA,3,2,BARANGAY 772,,,14.573277,121.007173,,,,,,,24,2022-10-19,OSP
MNL004 LP721 NP6-8,MNL004,LP721,NP6-8,MNL004 LP721,Zamora Pandacan,MANILA,3,2,BARANGAY 772,,,14.573277,121.007173,,,,,,,24,2022-10-19,OSP
MNL004 LP722 NP1-2,MNL004,LP722,NP1-2,MNL004 LP722,Zamora Pandacan,MANILA,3,2,BARANGAY 772,,,14.573532,121.006905,,,,,,,16,2022-10-19,OSP
MNL004 LP722 NP3-5,MNL004,LP722,NP3-5,MNL004 LP722,Zamora Pandacan,MANILA,3,2,BARANGAY 772,,,14.573776,121.006646,,,,,,,24,2022-10-19,OSP
MNL004 LP722 NP6-8,MNL004,LP722,NP6-8,MNL004 LP722,Zamora Pandacan,MANILA,3,2,BARANGAY 772,,,14.573776,121.006646,,,,,,,24,2022-10-19,OSP
MNL004 LP723 NP1-2,MNL004,LP723,NP1-2,MNL004 LP723,Zamora Pandacan,MANILA,3,2,BARANGAY 772,,,14.57398,121.0064,,,,,,,16,2022-10-19,OSP
MNL004 LP723 NP3-5,MNL004,LP723,NP3-5,MNL004 LP723,Zamora Pandacan,MANILA,3,2,BARANGAY 772,,,14.574329,121.006076,,,,,,,24,2022-10-19,OSP
MNL004 LP723 NP6-8,MNL004,LP723,NP6-8,MNL004 LP723,Zamora Pandacan,MANILA,3,2,BARANGAY 772,,,14.574329,121.006076,,,,,,,24,2022-10-19,OSP
MNL004 LP724 NP1-2,MNL004,LP724,NP1-2,MNL004 LP724,Zamora Pandacan,MANILA,3,2,BARANGAY 772,,,14.574579,121.005778,,,,,,,16,2022-10-19,OSP
MNL004 LP724 NP3-5,MNL004,LP724,NP3-5,MNL004 LP724,Zamora Pandacan,MANILA,3,2,BARANGAY 772,,,14.574707,121.005644,,,,,,,24,2022-10-19,OSP
MNL004 LP724 NP6-8,MNL004,LP724,NP6-8,MNL004 LP724,Zamora Pandacan,MANILA,3,2,BARANGAY 772,,,14.574928,121.005422,,,,,,,24,2022-10-19,OSP
MNL004 LP715 NP1-2,MNL004,LP715,NP1-2,MNL004 LP715,Zamora Pandacan,MANILA,3,2,BARANGAY 772,,,14.573516,121.005921,,,,,,,16,2022-10-19,OSP
MNL004 LP717 NP1-2,MNL004,LP717,NP1-2,MNL004 LP717,Zamora Pandacan,MANILA,3,2,BARANGAY 772,,,14.574978,121.00486,,,,,,,16,2022-10-19,OSP
MNL004 LP717 NP3-5,MNL004,LP717,NP3-5,MNL004 LP717,Zamora Pandacan,MANILA,3,2,BARANGAY 772,,,14.574833,121.004997,,,,,,,24,2022-10-19,OSP
MNL004 LP717 NP6-8,MNL004,LP717,NP6-8,MNL004 LP717,Zamora Pandacan,MANILA,3,2,BARANGAY 772,,,14.57465,121.00519,,,,,,,24,2022-10-19,OSP
MNL004 LP718 NP1-2,MNL004,LP718,NP1-2,MNL004 LP718,Zamora Pandacan,MANILA,3,2,BARANGAY 772,,,14.574467,121.005396,,,,,,,16,2022-10-19,OSP
MNL004 LP718 NP3-5,MNL004,LP718,NP3-5,MNL004 LP718,Zamora Pandacan,MANILA,3,2,BARANGAY 772,,,14.574343,121.005533,,,,,,,24,2022-10-19,OSP
MNL004 LP718 NP6-8,MNL004,LP718,NP6-8,MNL004 LP718,Zamora Pandacan,MANILA,3,2,BARANGAY 772,,,14.57421,121.005681,,,,,,,24,2022-10-19,OSP
MNL004 LP719 NP1-2,MNL004,LP719,NP1-2,MNL004 LP719,Zamora Pandacan,MANILA,3,2,BARANGAY 772,,,14.574011,121.005919,,,,,,,16,2022-10-19,OSP
MNL004 LP719 NP3-5,MNL004,LP719,NP3-5,MNL004 LP719,Zamora Pandacan,MANILA,3,2,BARANGAY 772,,,14.573829,121.006085,,,,,,,24,2022-10-19,OSP
MNL004 LP719 NP6-8,MNL004,LP719,NP6-8,MNL004 LP719,Zamora Pandacan,MANILA,3,2,BARANGAY 772,,,14.573755,121.00618,,,,,,,24,2022-10-19,OSP
MNL004 LP710 NP3-5,MNL004,LP710,NP3-5,MNL004 LP710,Zamora Pandacan,MANILA,3,2,BARANGAY 772,,,14.572488,121.007038,,,,,,,24,2022-10-19,OSP
MNL004 LP710 NP6-8,MNL004,LP710,NP6-8,MNL004 LP710,Zamora Pandacan,MANILA,3,2,BARANGAY 772,,,14.572488,121.007038,,,,,,,24,2022-10-19,OSP
MNL004 LP714 NP1-2,MNL004,LP714,NP1-2,MNL004 LP714,Zamora Pandacan,MANILA,3,2,BARANGAY 772,,,14.572733,121.006766,,,,,,,16,2022-10-19,OSP
MNL004 LP714 NP3-5,MNL004,LP714,NP3-5,MNL004 LP714,Zamora Pandacan,MANILA,3,2,BARANGAY 772,,,14.572973,121.006475,,,,,,,24,2022-10-19,OSP
MNL004 LP714 NP6-8,MNL004,LP714,NP6-8,MNL004 LP714,Zamora Pandacan,MANILA,3,2,BARANGAY 772,,,14.57324,121.006215,,,,,,,24,2022-10-19,OSP
MNL004 LP508 NP3-5,MNL004,LP508,NP3-5,MNL004 LP508,Zamora Pandacan,MANILA,3,2,BARANGAY 772,,,14.572973,121.007494,,,,,,,24,2022-12-30,OSP
MNL004 LP508 NP6-8,MNL004,LP508,NP6-8,MNL004 LP508,Zamora Pandacan,MANILA,3,2,BARANGAY 772,,,14.572777,121.007291,,,,,,,24,2022-12-30,OSP
MNL004 LP11 NP7-8,MNL004,LP11,NP7-8,MNL004 LP11,Zamora Pandacan,MANILA,3,2,BARANGAY 772,,,14.57375947,121.0061328,,,,,,,16,2019-10-04,OSP
MNL004 LP14 NP3-4,MNL004,LP14,NP3-4,MNL004 LP14,Zamora Pandacan,MANILA,3,2,BARANGAY 772,,,14.57296367,121.0074809,,,,,,,16,2019-10-04,OSP
MNL004 LP133 NP1-2,MNL004,LP133,NP1-2,MNL004 LP133,Zamora Pandacan,MANILA,3,2,BARANGAY 772,,,14.574578,121.00578,,,,,,,16,2020-10-27,OSP
MNL004 LP133 NP3-4,MNL004,LP133,NP3-4,MNL004 LP133,Zamora Pandacan,MANILA,3,2,BARANGAY 772,,,14.573777,121.006638,,,,,,,16,2020-10-27,OSP
MNL004 LP133 NP5-6,MNL004,LP133,NP5-6,MNL004 LP133,Zamora Pandacan,MANILA,3,2,BARANGAY 772,,,14.573271,121.007171,,,,,,,16,2020-10-27,OSP
MNL004 LP133 NP7-8,MNL004,LP133,NP7-8,MNL004 LP133,Zamora Pandacan,MANILA,3,2,BARANGAY 772,,,14.572736,121.00726,,,,,,,16,2020-10-27,OSP
MNL004 LP134 NP1-2,MNL004,LP134,NP1-2,MNL004 LP134,Zamora Pandacan,MANILA,3,2,BARANGAY 772,,,14.573089,121.006858,,,,,,,16,2020-10-27,OSP
MNL004 LP134 NP3-4,MNL004,LP134,NP3-4,MNL004 LP134,Zamora Pandacan,MANILA,3,2,BARANGAY 772,,,14.574211,121.005678,,,,,,,16,2020-10-27,OSP
MNL004 LP135 NP3-4,MNL004,LP135,NP3-4,MNL004 LP135,Zamora Pandacan,MANILA,3,2,BARANGAY 772,,,14.573518,121.005926,,,,,,,16,2020-10-27,OSP
MNL004 LP135 NP5-6,MNL004,LP135,NP5-6,MNL004 LP135,Zamora Pandacan,MANILA,3,2,BARANGAY 772,,,14.572973,121.006491,,,,,,,16,2020-10-27,OSP
MNL004 LP135 NP7-8,MNL004,LP135,NP7-8,MNL004 LP135,Zamora Pandacan,MANILA,3,2,BARANGAY 772,,,14.572492,121.007041,,,,,,,16,2020-10-27,OSP
MNL004 LP507 NP6-8,MNL004,LP507,NP6-8,MNL004 LP507,Zamora Pandacan,MANILA,3,2,BARANGAY 773,,,14.573504,121.007999,,,,,,,24,2022-12-30,OSP
MNL004 LP508 NP1-2,MNL004,LP508,NP1-2,MNL004 LP508,Zamora Pandacan,MANILA,3,2,BARANGAY 773,,,14.573251,121.007772,,,,,,,16,2022-12-30,OSP
MNL004 LP7 NP7-8,MNL004,LP7,NP7-8,MNL004 LP7,Zamora Pandacan,MANILA,3,2,BARANGAY 773,,,14.57544653,121.0053378,,,,,,,16,2019-10-04,OSP
MNL004 LP730 NP1-2,MNL004,LP730,NP1-2,MNL004 LP730,Zamora Pandacan,MANILA,3,2,BARANGAY 773,,,14.573488,121.008001,,,,,,,16,2022-10-19,OSP
MNL004 LP730 NP3-5,MNL004,LP730,NP3-5,MNL004 LP730,Zamora Pandacan,MANILA,3,2,BARANGAY 773,,,14.573996,121.007481,,,,,,,24,2022-10-19,OSP
MNL004 LP730 NP6-8,MNL004,LP730,NP6-8,MNL004 LP730,Zamora Pandacan,MANILA,3,2,BARANGAY 773,,,14.573996,121.007481,,,,,,,24,2022-10-19,OSP
MNL004 LP731 NP1-2,MNL004,LP731,NP1-2,MNL004 LP731,Zamora Pandacan,MANILA,3,2,BARANGAY 773,,,14.57425,121.007221,,,,,,,16,2022-10-19,OSP
MNL004 LP731 NP3-5,MNL004,LP731,NP3-5,MNL004 LP731,Zamora Pandacan,MANILA,3,2,BARANGAY 773,,,14.574529,121.006935,,,,,,,24,2022-10-19,OSP
MNL004 LP731 NP6-8,MNL004,LP731,NP6-8,MNL004 LP731,Zamora Pandacan,MANILA,3,2,BARANGAY 773,,,14.57482,121.006544,,,,,,,24,2022-10-19,OSP
MNL004 LP732 NP1-2,MNL004,LP732,NP1-2,MNL004 LP732,Zamora Pandacan,MANILA,3,2,BARANGAY 773,,,14.57508,121.006259,,,,,,,16,2022-10-19,OSP
MNL004 LP732 NP3-5,MNL004,LP732,NP3-5,MNL004 LP732,Zamora Pandacan,MANILA,3,2,BARANGAY 773,,,14.57508,121.006259,,,,,,,24,2022-10-19,OSP
MNL004 LP732 NP6-8,MNL004,LP732,NP6-8,MNL004 LP732,Zamora Pandacan,MANILA,3,2,BARANGAY 773,,,14.575448,121.005875,,,,,,,24,2022-10-19,OSP
MNL004 LP733 NP1-2,MNL004,LP733,NP1-2,MNL004 LP733,Zamora Pandacan,MANILA,3,2,BARANGAY 773,,,14.575716,121.005595,,,,,,,16,2022-10-19,OSP
MNL004 LP725 NP6-8,MNL004,LP725,NP6-8,MNL004 LP725,Zamora Pandacan,MANILA,3,2,BARANGAY 773,,,14.575425,121.005453,,,,,,,24,2022-10-19,OSP
MNL004 LP726 NP1-2,MNL004,LP726,NP1-2,MNL004 LP726,Zamora Pandacan,MANILA,3,2,BARANGAY 773,,,14.575182,121.005732,,,,,,,16,2022-10-19,OSP
MNL004 LP726 NP3-5,MNL004,LP726,NP3-5,MNL004 LP726,Zamora Pandacan,MANILA,3,2,BARANGAY 773,,,14.57501,121.00592,,,,,,,24,2022-10-19,OSP
MNL004 LP726 NP6-8,MNL004,LP726,NP6-8,MNL004 LP726,Zamora Pandacan,MANILA,3,2,BARANGAY 773,,,14.57481,121.00613,,,,,,,24,2022-10-19,OSP
MNL004 LP727 NP1-2,MNL004,LP727,NP1-2,MNL004 LP727,Zamora Pandacan,MANILA,3,2,BARANGAY 773,,,14.574304,121.006705,,,,,,,16,2022-10-19,OSP
MNL004 LP727 NP3-5,MNL004,LP727,NP3-5,MNL004 LP727,Zamora Pandacan,MANILA,3,2,BARANGAY 773,,,14.57412,121.006872,,,,,,,24,2022-10-19,OSP
MNL004 LP727 NP6-8,MNL004,LP727,NP6-8,MNL004 LP727,Zamora Pandacan,MANILA,3,2,BARANGAY 773,,,14.57412,121.006872,,,,,,,24,2022-10-19,OSP
MNL004 LP728 NP1-2,MNL004,LP728,NP1-2,MNL004 LP728,Zamora Pandacan,MANILA,3,2,BARANGAY 773,,,14.573998,121.006997,,,,,,,16,2022-10-19,OSP
MNL004 LP728 NP3-5,MNL004,LP728,NP3-5,MNL004 LP728,Zamora Pandacan,MANILA,3,2,BARANGAY 773,,,14.573988,121.007009,,,,,,,24,2022-10-19,OSP
MNL004 LP728 NP6-8,MNL004,LP728,NP6-8,MNL004 LP728,Zamora Pandacan,MANILA,3,2,BARANGAY 773,,,14.573988,121.007009,,,,,,,24,2022-10-19,OSP
MNL004 LP14 NP1-2,MNL004,LP14,NP1-2,MNL004 LP14,Zamora Pandacan,MANILA,3,2,BARANGAY 773,,,14.57326209,121.0077665,,,,,,,16,2019-10-04,OSP
MNL004 LP132 NP1-2,MNL004,LP132,NP1-2,MNL004 LP132,Zamora Pandacan,MANILA,3,2,BARANGAY 773,,,14.575264,121.006074,,,,,,,16,2020-10-27,OSP
MNL004 LP132 NP3-4,MNL004,LP132,NP3-4,MNL004 LP132,Zamora Pandacan,MANILA,3,2,BARANGAY 773,,,14.573984,121.007486,,,,,,,16,2020-10-27,OSP
MNL004 LP132 NP5-6,MNL004,LP132,NP5-6,MNL004 LP132,Zamora Pandacan,MANILA,3,2,BARANGAY 773,,,14.573802,121.007185,,,,,,,16,2020-10-27,OSP
MNL004 LP132 NP7-8,MNL004,LP132,NP7-8,MNL004 LP132,Zamora Pandacan,MANILA,3,2,BARANGAY 773,,,14.575001,121.005927,,,,,,,16,2020-10-27,OSP
MNL004 LP13 NP7-8,MNL004,LP13,NP7-8,MNL004 LP13,Zamora Pandacan,MANILA,3,2,BARANGAY 773,,,14.57350577,121.0080062,,,,,,,16,2019-10-04,OSP
MNL004 LP12 NP1-2,MNL004,LP12,NP1-2,MNL004 LP12,Zamora Pandacan,MANILA,3,2,BARANGAY 773,,,14.57430931,121.0066892,,,,,,,16,2019-10-04,OSP
MNL004 LP12 NP3-4,MNL004,LP12,NP3-4,MNL004 LP12,Zamora Pandacan,MANILA,3,2,BARANGAY 773,,,14.57455653,121.0069302,,,,,,,16,2019-10-04,OSP
MNL004 LP674 NP3-5,MNL004,LP674,NP3-5,MNL004 LP674,Zamora Pandacan,MANILA,3,2,BARANGAY 774,,,14.574766,121.007168,,,,,,,24,2023-04-30,OSP
MNL004 LP674 NP6-8,MNL004,LP674,NP6-8,MNL004 LP674,Zamora Pandacan,MANILA,3,2,BARANGAY 774,,,14.574766,121.007168,,,,,,,24,2023-04-30,OSP
MNL004 LP666 NP3-5,MNL004,LP666,NP3-5,MNL004 LP666,Zamora Pandacan,MANILA,3,2,BARANGAY 774,,,14.575858,121.006884,,,,,,,24,2022-08-09,OSP
MNL004 LP666 NP6-8,MNL004,LP666,NP6-8,MNL004 LP666,Zamora Pandacan,MANILA,3,2,BARANGAY 774,,,14.575887,121.006748,,,,,,,24,2022-08-09,OSP
MNL004 LP667 NP1-2,MNL004,LP667,NP1-2,MNL004 LP667,Zamora Pandacan,MANILA,3,2,BARANGAY 774,,,14.575595,121.006798,,,,,,,16,2023-04-30,OSP
MNL004 LP667 NP3-5,MNL004,LP667,NP3-5,MNL004 LP667,Zamora Pandacan,MANILA,3,2,BARANGAY 774,,,14.575452,121.006857,,,,,,,24,2023-04-30,OSP
MNL004 LP667 NP6-8,MNL004,LP667,NP6-8,MNL004 LP667,Zamora Pandacan,MANILA,3,2,BARANGAY 774,,,14.57533,121.007036,,,,,,,24,2023-04-30,OSP
MNL004 LP668 NP1-2,MNL004,LP668,NP1-2,MNL004 LP668,Zamora Pandacan,MANILA,3,2,BARANGAY 774,,,14.575429,121.006372,,,,,,,16,2023-04-30,OSP
MNL004 LP668 NP3-5,MNL004,LP668,NP3-5,MNL004 LP668,Zamora Pandacan,MANILA,3,2,BARANGAY 774,,,14.575266,121.006541,,,,,,,24,2023-04-30,OSP
MNL004 LP668 NP6-8,MNL004,LP668,NP6-8,MNL004 LP668,Zamora Pandacan,MANILA,3,2,BARANGAY 774,,,14.575012,121.006898,,,,,,,24,2023-04-30,OSP
MNL004 LP669 NP1-2,MNL004,LP669,NP1-2,MNL004 LP669,Zamora Pandacan,MANILA,3,2,BARANGAY 774,,,14.575007,121.007425,,,,,,,16,2023-04-30,OSP
MNL004 LP128 NP5-6,MNL004,LP128,NP5-6,MNL004 LP128,Zamora Pandacan,MANILA,3,2,BARANGAY 774,,,14.57566,121.006876,,,,,,,16,2020-10-27,OSP
MNL004 LP128 NP7-8,MNL004,LP128,NP7-8,MNL004 LP128,Zamora Pandacan,MANILA,3,2,BARANGAY 774,,,14.575439,121.006377,,,,,,,16,2020-10-27,OSP
MNL004 LP130 NP3-4,MNL004,LP130,NP3-4,MNL004 LP130,Zamora Pandacan,MANILA,3,2,BARANGAY 774,,,14.574763,121.007169,,,,,,,16,2020-10-27,OSP
MNL004 LP12 NP5-6,MNL004,LP12,NP5-6,MNL004 LP12,Zamora Pandacan,MANILA,3,2,BARANGAY 774,,,14.57503684,121.007406,,,,,,,16,2019-10-04,OSP
MNL034 LP75 NP1-2,MNL034,LP75,NP1-2,MNL034 LP75,Benitez,MANILA,3,2,BARANGAY 775,,,14.57244,121.005461,,,,,,,16,2020-06-22,OSP
MNL004 LP710 NP1-2,MNL004,LP710,NP1-2,MNL004 LP710,Zamora Pandacan,MANILA,3,2,BARANGAY 775,,,14.572281,121.006825,,,,,,,16,2022-10-19,OSP
MNL004 LP711 NP1-2,MNL004,LP711,NP1-2,MNL004 LP711,Zamora Pandacan,MANILA,3,2,BARANGAY 775,,,14.57206,121.006601,,,,,,,16,2022-10-19,OSP
MNL004 LP711 NP3-5,MNL004,LP711,NP3-5,MNL004 LP711,Zamora Pandacan,MANILA,3,2,BARANGAY 775,,,14.571874,121.006417,,,,,,,24,2022-10-19,OSP
MNL004 LP711 NP6-8,MNL004,LP711,NP6-8,MNL004 LP711,Zamora Pandacan,MANILA,3,2,BARANGAY 775,,,14.571874,121.006417,,,,,,,24,2022-10-19,OSP
MNL004 LP509 NP1-2,MNL004,LP509,NP1-2,MNL004 LP509,Zamora Pandacan,MANILA,3,2,BARANGAY 775,,,14.571727,121.006244,,,,,,,16,2022-12-30,OSP
MNL004 LP708 NP3-5,MNL004,LP708,NP3-5,MNL004 LP708,Zamora Pandacan,MANILA,3,2,BARANGAY 775,,,14.573026,121.006032,,,,,,,24,2022-10-19,OSP
MNL004 LP708 NP6-8,MNL004,LP708,NP6-8,MNL004 LP708,Zamora Pandacan,MANILA,3,2,BARANGAY 775,,,14.573026,121.006032,,,,,,,24,2022-10-19,OSP
MNL004 LP709 NP1-2,MNL004,LP709,NP1-2,MNL004 LP709,Zamora Pandacan,MANILA,3,2,BARANGAY 775,,,14.572728,121.006338,,,,,,,16,2022-10-19,OSP
MNL004 LP709 NP3-5,MNL004,LP709,NP3-5,MNL004 LP709,Zamora Pandacan,MANILA,3,2,BARANGAY 775,,,14.57245,121.006618,,,,,,,24,2022-10-19,OSP
MNL004 LP709 NP6-8,MNL004,LP709,NP6-8,MNL004 LP709,Zamora Pandacan,MANILA,3,2,BARANGAY 775,,,14.57245,121.006618,,,,,,,24,2022-10-19,OSP
MNL004 LP701 NP1-2,MNL004,LP701,NP1-2,MNL004 LP701,Zamora Pandacan,MANILA,3,2,BARANGAY 775,,,14.571709,121.006237,,,,,,,16,2022-10-19,OSP
MNL004 LP701 NP3-5,MNL004,LP701,NP3-5,MNL004 LP701,Zamora Pandacan,MANILA,3,2,BARANGAY 775,,,14.572099,121.005836,,,,,,,24,2022-10-19,OSP
MNL004 LP701 NP6-8,MNL004,LP701,NP6-8,MNL004 LP701,Zamora Pandacan,MANILA,3,2,BARANGAY 775,,,14.572256,121.005667,,,,,,,24,2022-10-19,OSP
MNL004 LP702 NP1-2,MNL004,LP702,NP1-2,MNL004 LP702,Zamora Pandacan,MANILA,3,2,BARANGAY 775,,,14.572408,121.005503,,,,,,,16,2022-10-19,OSP
MNL004 LP564 NP1-2,MNL004,LP564,NP1-2,MNL004 LP564,Zamora Pandacan,MANILA,3,2,BARANGAY 775,,,14.571931,121.005781,,,,,,,16,2022-12-29,OSP
MNL004 LP563 NP7-8,MNL004,LP563,NP7-8,MNL004 LP563,Zamora Pandacan,MANILA,3,2,BARANGAY 775,,,14.572415,121.005502,,,,,,,16,2022-12-29,OSP
MNL004 LP124 NP1-2,MNL004,LP124,NP1-2,MNL004 LP124,Zamora Pandacan,MANILA,3,2,BARANGAY 775,,,14.571333,121.006664,,,,,,,16,2020-10-27,OSP
MNL004 LP124 NP3-4,MNL004,LP124,NP3-4,MNL004 LP124,Zamora Pandacan,MANILA,3,2,BARANGAY 775,,,14.571029,121.006977,,,,,,,16,2020-10-27,OSP
MNL004 LP124 NP5-6,MNL004,LP124,NP5-6,MNL004 LP124,Zamora Pandacan,MANILA,3,2,BARANGAY 775,,,14.57076,121.007276,,,,,,,16,2020-10-27,OSP
MNL004 LP125 NP1-2,MNL004,LP125,NP1-2,MNL004 LP125,Zamora Pandacan,MANILA,3,2,BARANGAY 775,,,14.57172,121.006241,,,,,,,16,2020-10-27,OSP
MNL004 LP125 NP3-4,MNL004,LP125,NP3-4,MNL004 LP125,Zamora Pandacan,MANILA,3,2,BARANGAY 775,,,14.572224,121.005712,,,,,,,16,2020-10-27,OSP
MNL004 LP136 NP3-4,MNL004,LP136,NP3-4,MNL004 LP136,Zamora Pandacan,MANILA,3,2,BARANGAY 775,,,14.572278,121.006826,,,,,,,16,2020-10-27,OSP
MNL004 LP136 NP5-6,MNL004,LP136,NP5-6,MNL004 LP136,Zamora Pandacan,MANILA,3,2,BARANGAY 775,,,14.573022,121.00603,,,,,,,16,2020-10-27,OSP
MNL004 LP14 NP5-6,MNL004,LP14,NP5-6,MNL004 LP14,Zamora Pandacan,MANILA,3,2,BARANGAY 775,,,14.57198932,121.0065223,,,,,,,16,2019-10-04,OSP
MNL004 LP14 NP7-8,MNL004,LP14,NP7-8,MNL004 LP14,Zamora Pandacan,MANILA,3,2,BARANGAY 775,,,14.57172472,121.0062568,,,,,,,16,2019-10-04,OSP
MNL004 LP690 NP1-2,MNL004,LP690,NP1-2,MNL004 LP690,Zamora Pandacan,MANILA,3,2,BARANGAY 776,,,14.574923,121.009564,,,,,,,16,2023-04-30,OSP
MNL004 LP690 NP3-5,MNL004,LP690,NP3-5,MNL004 LP690,Zamora Pandacan,MANILA,3,2,BARANGAY 776,,,14.574925,121.009439,,,,,,,24,2023-04-30,OSP
MNL004 LP690 NP6-8,MNL004,LP690,NP6-8,MNL004 LP690,Zamora Pandacan,MANILA,3,2,BARANGAY 776,,,14.575128,121.009284,,,,,,,24,2023-04-30,OSP
MNL004 LP691 NP1-2,MNL004,LP691,NP1-2,MNL004 LP691,Zamora Pandacan,MANILA,3,2,BARANGAY 776,,,14.575373,121.009039,,,,,,,16,2023-04-30,OSP
MNL004 LP691 NP3-5,MNL004,LP691,NP3-5,MNL004 LP691,Zamora Pandacan,MANILA,3,2,BARANGAY 776,,,14.575517,121.0089,,,,,,,24,2023-04-30,OSP
MNL004 LP691 NP6-8,MNL004,LP691,NP6-8,MNL004 LP691,Zamora Pandacan,MANILA,3,2,BARANGAY 776,,,14.575517,121.0089,,,,,,,24,2023-04-30,OSP
MNL004 LP685 NP6-8,MNL004,LP685,NP6-8,MNL004 LP685,Zamora Pandacan,MANILA,3,2,BARANGAY 776,,,14.57392,121.009919,,,,,,,24,2023-04-30,OSP
MNL004 LP686 NP1-2,MNL004,LP686,NP1-2,MNL004 LP686,Zamora Pandacan,MANILA,3,2,BARANGAY 776,,,14.574095,121.010075,,,,,,,16,2023-04-30,OSP
MNL004 LP686 NP3-5,MNL004,LP686,NP3-5,MNL004 LP686,Zamora Pandacan,MANILA,3,2,BARANGAY 776,,,14.574315,121.010433,,,,,,,24,2023-04-30,OSP
MNL004 LP686 NP6-8,MNL004,LP686,NP6-8,MNL004 LP686,Zamora Pandacan,MANILA,3,2,BARANGAY 776,,,14.574315,121.010433,,,,,,,24,2023-04-30,OSP
MNL004 LP689 NP1-2,MNL004,LP689,NP1-2,MNL004 LP689,Zamora Pandacan,MANILA,3,2,BARANGAY 776,,,14.575062,121.009708,,,,,,,16,2023-04-30,OSP
MNL004 LP689 NP3-5,MNL004,LP689,NP3-5,MNL004 LP689,Zamora Pandacan,MANILA,3,2,BARANGAY 776,,,14.574843,121.009712,,,,,,,24,2023-04-30,OSP
MNL004 LP689 NP6-8,MNL004,LP689,NP6-8,MNL004 LP689,Zamora Pandacan,MANILA,3,2,BARANGAY 776,,,14.574637,121.009931,,,,,,,24,2023-04-30,OSP
MNL004 LP682 NP6-8,MNL004,LP682,NP6-8,MNL004 LP682,Zamora Pandacan,MANILA,3,2,BARANGAY 776,,,14.57565,121.007998,,,,,,,24,2023-04-30,OSP
MNL004 LP683 NP1-2,MNL004,LP683,NP1-2,MNL004 LP683,Zamora Pandacan,MANILA,3,2,BARANGAY 776,,,14.575553,121.008279,,,,,,,16,2023-04-30,OSP
MNL004 LP683 NP3-5,MNL004,LP683,NP3-5,MNL004 LP683,Zamora Pandacan,MANILA,3,2,BARANGAY 776,,,14.575168,121.008665,,,,,,,24,2023-04-30,OSP
MNL004 LP683 NP6-8,MNL004,LP683,NP6-8,MNL004 LP683,Zamora Pandacan,MANILA,3,2,BARANGAY 776,,,14.575031,121.008815,,,,,,,24,2023-04-30,OSP
MNL004 LP684 NP1-2,MNL004,LP684,NP1-2,MNL004 LP684,Zamora Pandacan,MANILA,3,2,BARANGAY 776,,,14.574811,121.009039,,,,,,,16,2023-04-30,OSP
MNL004 LP684 NP3-5,MNL004,LP684,NP3-5,MNL004 LP684,Zamora Pandacan,MANILA,3,2,BARANGAY 776,,,14.574677,121.009196,,,,,,,24,2023-04-30,OSP
MNL004 LP684 NP6-8,MNL004,LP684,NP6-8,MNL004 LP684,Zamora Pandacan,MANILA,3,2,BARANGAY 776,,,14.574362,121.009518,,,,,,,24,2023-04-30,OSP
MNL004 LP685 NP1-2,MNL004,LP685,NP1-2,MNL004 LP685,Zamora Pandacan,MANILA,3,2,BARANGAY 776,,,14.574272,121.009664,,,,,,,16,2023-04-30,OSP
MNL004 LP126 NP1-2,MNL004,LP126,NP1-2,MNL004 LP126,Zamora Pandacan,MANILA,3,2,BARANGAY 776,,,14.574279,121.010366,,,,,,,16,2020-10-27,OSP
MNL004 LP126 NP3-4,MNL004,LP126,NP3-4,MNL004 LP126,Zamora Pandacan,MANILA,3,2,BARANGAY 776,,,14.574395,121.010105,,,,,,,16,2020-10-27,OSP
MNL004 LP127 NP1-2,MNL004,LP127,NP1-2,MNL004 LP127,Zamora Pandacan,MANILA,3,2,BARANGAY 776,,,14.574809,121.009042,,,,,,,16,2020-10-27,OSP
MNL004 LP127 NP3-4,MNL004,LP127,NP3-4,MNL004 LP127,Zamora Pandacan,MANILA,3,2,BARANGAY 776,,,14.57517,121.008657,,,,,,,16,2020-10-27,OSP
MNL004 LP127 NP5-6,MNL004,LP127,NP5-6,MNL004 LP127,Zamora Pandacan,MANILA,3,2,BARANGAY 776,,,14.574924,121.009435,,,,,,,16,2020-10-27,OSP
MNL004 LP127 NP7-8,MNL004,LP127,NP7-8,MNL004 LP127,Zamora Pandacan,MANILA,3,2,BARANGAY 776,,,14.575368,121.009035,,,,,,,16,2020-10-27,OSP
MNL004 LP129 NP1-2,MNL004,LP129,NP1-2,MNL004 LP129,Zamora Pandacan,MANILA,3,2,BARANGAY 776,,,14.575645,121.008011,,,,,,,16,2020-10-27,OSP
MNL004 LP3 NP5-6,MNL004,LP3,NP5-6,MNL004 LP3,Zamora Pandacan,MANILA,3,2,BARANGAY 776,,,14.5737265,121.0101196,,,,,,,16,2019-10-04,OSP
MNL004 LP3 NP1-2,MNL004,LP3,NP1-2,MNL004 LP3,Zamora Pandacan,MANILA,3,2,BARANGAY 776,,,14.5739094,121.0099226,,,,,,,16,2019-10-04,OSP
MNL004 LP7 NP1-2,MNL004,LP7,NP1-2,MNL004 LP7,Zamora Pandacan,MANILA,3,2,BARANGAY 777,,,14.5769616,121.0068439,,,,,,,16,2019-10-04,OSP
MNL004 LP735 NP6-8,MNL004,LP735,NP6-8,MNL004 LP735,Zamora Pandacan,MANILA,3,2,BARANGAY 777,,,14.576039,121.007801,,,,,,,24,2022-10-19,OSP
MNL004 LP736 NP1-2,MNL004,LP736,NP1-2,MNL004 LP736,Zamora Pandacan,MANILA,3,2,BARANGAY 777,,,14.576125,121.008179,,,,,,,16,2022-10-19,OSP
MNL004 LP737 NP6-8,MNL004,LP737,NP6-8,MNL004 LP737,Zamora Pandacan,MANILA,3,2,BARANGAY 777,,,14.576626,121.007666,,,,,,,24,2022-10-19,OSP
MNL004 LP738 NP1-2,MNL004,LP738,NP1-2,MNL004 LP738,Zamora Pandacan,MANILA,3,2,BARANGAY 777,,,14.576961,121.006825,,,,,,,16,2022-10-19,OSP
MNL004 LP665 NP3-5,MNL004,LP665,NP3-5,MNL004 LP665,Zamora Pandacan,MANILA,3,2,BARANGAY 777,,,14.575834,121.007348,,,,,,,24,2022-08-09,OSP
MNL004 LP665 NP6-8,MNL004,LP665,NP6-8,MNL004 LP665,Zamora Pandacan,MANILA,3,2,BARANGAY 777,,,14.575697,121.007081,,,,,,,24,2022-08-09,OSP
MNL004 LP666 NP1-2,MNL004,LP666,NP1-2,MNL004 LP666,Zamora Pandacan,MANILA,3,2,BARANGAY 777,,,14.575897,121.007106,,,,,,,16,2022-08-09,OSP
MNL004 LP735 NP1-2,MNL004,LP735,NP1-2,MNL004 LP735,Zamora Pandacan,MANILA,3,2,BARANGAY 777,,,14.57663,121.007167,,,,,,,16,2022-10-19,OSP
MNL004 LP735 NP3-5,MNL004,LP735,NP3-5,MNL004 LP735,Zamora Pandacan,MANILA,3,2,BARANGAY 777,,,14.576525,121.007272,,,,,,,24,2022-10-19,OSP
MNL004 LP661 NP1-2,MNL004,LP661,NP1-2,MNL004 LP661,Zamora Pandacan,MANILA,3,2,BARANGAY 777,,,14.576334,121.008694,,,,,,,16,2022-08-09,OSP
MNL004 LP664 NP1-2,MNL004,LP664,NP1-2,MNL004 LP664,Zamora Pandacan,MANILA,3,2,BARANGAY 777,,,14.57618,121.008319,,,,,,,16,2022-08-09,OSP
MNL004 LP664 NP3-5,MNL004,LP664,NP3-5,MNL004 LP664,Zamora Pandacan,MANILA,3,2,BARANGAY 777,,,14.576125,121.008176,,,,,,,24,2022-08-09,OSP
MNL004 LP664 NP6-8,MNL004,LP664,NP6-8,MNL004 LP664,Zamora Pandacan,MANILA,3,2,BARANGAY 777,,,14.576041,121.0078,,,,,,,24,2022-08-09,OSP
MNL004 LP665 NP1-2,MNL004,LP665,NP1-2,MNL004 LP665,Zamora Pandacan,MANILA,3,2,BARANGAY 777,,,14.575911,121.007613,,,,,,,16,2022-08-09,OSP
MNL004 LP128 NP1-2,MNL004,LP128,NP1-2,MNL004 LP128,Zamora Pandacan,MANILA,3,2,BARANGAY 777,,,14.576123,121.008165,,,,,,,16,2020-10-27,OSP
MNL004 LP128 NP3-4,MNL004,LP128,NP3-4,MNL004 LP128,Zamora Pandacan,MANILA,3,2,BARANGAY 777,,,14.575837,121.007344,,,,,,,16,2020-10-27,OSP
MNL004 LP131 NP5-6,MNL004,LP131,NP5-6,MNL004 LP131,Zamora Pandacan,MANILA,3,2,BARANGAY 777,,,14.576742,121.007059,,,,,,,16,2020-10-27,OSP
MNL004 LP506 NP1-2,MNL004,LP506,NP1-2,MNL004 LP506,Zamora Pandacan,MANILA,3,2,BARANGAY 778,,,14.573832,121.010769,,,,,,,16,2022-12-30,OSP
MNL004 LP506 NP3-5,MNL004,LP506,NP3-5,MNL004 LP506,Zamora Pandacan,MANILA,3,2,BARANGAY 778,,,14.573498,121.010434,,,,,,,24,2022-12-30,OSP
MNL004 LP506 NP6-8,MNL004,LP506,NP6-8,MNL004 LP506,Zamora Pandacan,MANILA,3,2,BARANGAY 778,,,14.57319,121.010144,,,,,,,24,2022-12-30,OSP
MNL004 LP677 NP1-2,MNL004,LP677,NP1-2,MNL004 LP677,Zamora Pandacan,MANILA,3,2,BARANGAY 778,,,14.573068,121.009691,,,,,,,16,2023-04-30,OSP
MNL004 LP677 NP3-5,MNL004,LP677,NP3-5,MNL004 LP677,Zamora Pandacan,MANILA,3,2,BARANGAY 778,,,14.572845,121.009505,,,,,,,24,2023-04-30,OSP
MNL004 LP677 NP6-8,MNL004,LP677,NP6-8,MNL004 LP677,Zamora Pandacan,MANILA,3,2,BARANGAY 778,,,14.572845,121.009505,,,,,,,24,2023-04-30,OSP
MNL004 LP122 NP1-2,MNL004,LP122,NP1-2,MNL004 LP122,Zamora Pandacan,MANILA,3,2,BARANGAY 778,,,14.573788,121.010717,,,,,,,16,2020-10-27,OSP
MNL004 LP122 NP3-4,MNL004,LP122,NP3-4,MNL004 LP122,Zamora Pandacan,MANILA,3,2,BARANGAY 778,,,14.573191,121.010131,,,,,,,16,2020-10-27,OSP
MNL004 LP122 NP5-6,MNL004,LP122,NP5-6,MNL004 LP122,Zamora Pandacan,MANILA,3,2,BARANGAY 778,,,14.572916,121.009848,,,,,,,16,2020-10-27,OSP
MNL004 LP3 NP7-8,MNL004,LP3,NP7-8,MNL004 LP3,Zamora Pandacan,MANILA,3,2,BARANGAY 778,,,14.57308539,121.0096778,,,,,,,16,2019-10-04,OSP
MNL004 LP507 NP1-2,MNL004,LP507,NP1-2,MNL004 LP507,Zamora Pandacan,MANILA,3,2,BARANGAY 779,,,14.573989,121.0085,,,,,,,16,2022-12-30,OSP
MNL004 LP685 NP3-5,MNL004,LP685,NP3-5,MNL004 LP685,Zamora Pandacan,MANILA,3,2,BARANGAY 779,,,14.574051,121.009705,,,,,,,24,2023-04-30,OSP
MNL004 LP680 NP1-2,MNL004,LP680,NP1-2,MNL004 LP680,Zamora Pandacan,MANILA,3,2,BARANGAY 779,,,14.574354,121.008508,,,,,,,16,2023-04-30,OSP
MNL004 LP680 NP3-5,MNL004,LP680,NP3-5,MNL004 LP680,Zamora Pandacan,MANILA,3,2,BARANGAY 779,,,14.57466,121.008194,,,,,,,24,2023-04-30,OSP
MNL004 LP680 NP6-8,MNL004,LP680,NP6-8,MNL004 LP680,Zamora Pandacan,MANILA,3,2,BARANGAY 779,,,14.574906,121.007918,,,,,,,24,2023-04-30,OSP
MNL004 LP681 NP1-2,MNL004,LP681,NP1-2,MNL004 LP681,Zamora Pandacan,MANILA,3,2,BARANGAY 779,,,14.574389,121.009043,,,,,,,16,2023-04-30,OSP
MNL004 LP681 NP3-5,MNL004,LP681,NP3-5,MNL004 LP681,Zamora Pandacan,MANILA,3,2,BARANGAY 779,,,14.574688,121.008759,,,,,,,24,2023-04-30,OSP
MNL004 LP681 NP6-8,MNL004,LP681,NP6-8,MNL004 LP681,Zamora Pandacan,MANILA,3,2,BARANGAY 779,,,14.574962,121.008461,,,,,,,24,2023-04-30,OSP
MNL004 LP682 NP1-2,MNL004,LP682,NP1-2,MNL004 LP682,Zamora Pandacan,MANILA,3,2,BARANGAY 779,,,14.575181,121.008199,,,,,,,16,2023-04-30,OSP
MNL004 LP682 NP3-5,MNL004,LP682,NP3-5,MNL004 LP682,Zamora Pandacan,MANILA,3,2,BARANGAY 779,,,14.575483,121.00785,,,,,,,24,2023-04-30,OSP
MNL004 LP675 NP3-5,MNL004,LP675,NP3-5,MNL004 LP675,Zamora Pandacan,MANILA,3,2,BARANGAY 779,,,14.573391,121.009094,,,,,,,24,2023-04-30,OSP
MNL004 LP675 NP6-8,MNL004,LP675,NP6-8,MNL004 LP675,Zamora Pandacan,MANILA,3,2,BARANGAY 779,,,14.573324,121.009217,,,,,,,24,2023-04-30,OSP
MNL004 LP676 NP1-2,MNL004,LP676,NP1-2,MNL004 LP676,Zamora Pandacan,MANILA,3,2,BARANGAY 779,,,14.573236,121.009452,,,,,,,16,2023-04-30,OSP
MNL004 LP676 NP3-5,MNL004,LP676,NP3-5,MNL004 LP676,Zamora Pandacan,MANILA,3,2,BARANGAY 779,,,14.573565,121.009633,,,,,,,24,2023-04-30,OSP
MNL004 LP676 NP6-8,MNL004,LP676,NP6-8,MNL004 LP676,Zamora Pandacan,MANILA,3,2,BARANGAY 779,,,14.573565,121.009633,,,,,,,24,2023-04-30,OSP
MNL004 LP678 NP1-2,MNL004,LP678,NP1-2,MNL004 LP678,Zamora Pandacan,MANILA,3,2,BARANGAY 779,,,14.573676,121.009435,,,,,,,16,2023-04-30,OSP
MNL004 LP678 NP3-5,MNL004,LP678,NP3-5,MNL004 LP678,Zamora Pandacan,MANILA,3,2,BARANGAY 779,,,14.573676,121.009435,,,,,,,24,2023-04-30,OSP
MNL004 LP678 NP6-8,MNL004,LP678,NP6-8,MNL004 LP678,Zamora Pandacan,MANILA,3,2,BARANGAY 779,,,14.573772,121.009202,,,,,,,24,2023-04-30,OSP
MNL004 LP679 NP1-2,MNL004,LP679,NP1-2,MNL004 LP679,Zamora Pandacan,MANILA,3,2,BARANGAY 779,,,14.573881,121.009045,,,,,,,16,2023-04-30,OSP
MNL004 LP679 NP3-5,MNL004,LP679,NP3-5,MNL004 LP679,Zamora Pandacan,MANILA,3,2,BARANGAY 779,,,14.574113,121.008768,,,,,,,24,2023-04-30,OSP
MNL004 LP679 NP6-8,MNL004,LP679,NP6-8,MNL004 LP679,Zamora Pandacan,MANILA,3,2,BARANGAY 779,,,14.574113,121.008768,,,,,,,24,2023-04-30,OSP
MNL004 LP670 NP1-2,MNL004,LP670,NP1-2,MNL004 LP670,Zamora Pandacan,MANILA,3,2,BARANGAY 779,,,14.574709,121.007722,,,,,,,16,2023-04-30,OSP
MNL004 LP670 NP3-5,MNL004,LP670,NP3-5,MNL004 LP670,Zamora Pandacan,MANILA,3,2,BARANGAY 779,,,14.574451,121.007984,,,,,,,24,2023-04-30,OSP
MNL004 LP670 NP6-8,MNL004,LP670,NP6-8,MNL004 LP670,Zamora Pandacan,MANILA,3,2,BARANGAY 779,,,14.574451,121.007984,,,,,,,24,2023-04-30,OSP
MNL004 LP671 NP1-2,MNL004,LP671,NP1-2,MNL004 LP671,Zamora Pandacan,MANILA,3,2,BARANGAY 779,,,14.574143,121.008322,,,,,,,16,2023-04-30,OSP
MNL004 LP671 NP3-5,MNL004,LP671,NP3-5,MNL004 LP671,Zamora Pandacan,MANILA,3,2,BARANGAY 779,,,14.573977,121.008499,,,,,,,24,2023-04-30,OSP
MNL004 LP671 NP6-8,MNL004,LP671,NP6-8,MNL004 LP671,Zamora Pandacan,MANILA,3,2,BARANGAY 779,,,14.573753,121.008731,,,,,,,24,2023-04-30,OSP
MNL004 LP675 NP1-2,MNL004,LP675,NP1-2,MNL004 LP675,Zamora Pandacan,MANILA,3,2,BARANGAY 779,,,14.57356,121.008951,,,,,,,16,2023-04-30,OSP
MNL004 LP669 NP3-5,MNL004,LP669,NP3-5,MNL004 LP669,Zamora Pandacan,MANILA,3,2,BARANGAY 779,,,14.575338,121.007717,,,,,,,24,2023-04-30,OSP
MNL004 LP669 NP6-8,MNL004,LP669,NP6-8,MNL004 LP669,Zamora Pandacan,MANILA,3,2,BARANGAY 779,,,14.575338,121.007717,,,,,,,24,2023-04-30,OSP
MNL004 LP123 NP5-6,MNL004,LP123,NP5-6,MNL004 LP123,Zamora Pandacan,MANILA,3,2,BARANGAY 779,,,14.573765,121.009201,,,,,,,16,2020-10-27,OSP
MNL004 LP123 NP7-8,MNL004,LP123,NP7-8,MNL004 LP123,Zamora Pandacan,MANILA,3,2,BARANGAY 779,,,14.574055,121.009722,,,,,,,16,2020-10-27,OSP
MNL004 LP129 NP3-4,MNL004,LP129,NP3-4,MNL004 LP129,Zamora Pandacan,MANILA,3,2,BARANGAY 779,,,14.574959,121.008446,,,,,,,16,2020-10-27,OSP
MNL004 LP129 NP5-6,MNL004,LP129,NP5-6,MNL004 LP129,Zamora Pandacan,MANILA,3,2,BARANGAY 779,,,14.574112,121.00877,,,,,,,16,2020-10-27,OSP
MNL004 LP129 NP7-8,MNL004,LP129,NP7-8,MNL004 LP129,Zamora Pandacan,MANILA,3,2,BARANGAY 779,,,14.574349,121.008508,,,,,,,16,2020-10-27,OSP
MNL004 LP13 NP1-2,MNL004,LP13,NP1-2,MNL004 LP13,Zamora Pandacan,MANILA,3,2,BARANGAY 779,,,14.57465912,121.0087938,,,,,,,16,2019-10-04,OSP
MNL004 LP13 NP3-4,MNL004,LP13,NP3-4,MNL004 LP13,Zamora Pandacan,MANILA,3,2,BARANGAY 779,,,14.57400341,121.0085011,,,,,,,16,2019-10-04,OSP
MNL004 LP130 NP1-2,MNL004,LP130,NP1-2,MNL004 LP130,Zamora Pandacan,MANILA,3,2,BARANGAY 779,,,14.574462,121.007982,,,,,,,16,2020-10-27,OSP
MNL004 LP12 NP7-8,MNL004,LP12,NP7-8,MNL004 LP12,Zamora Pandacan,MANILA,3,2,BARANGAY 779,,,14.575655,121.00799,,,,,,,16,2019-10-04,OSP
MNL004 LP123 NP1-2,MNL004,LP123,NP1-2,MNL004 LP123,Zamora Pandacan,MANILA,3,2,BARANGAY 779,,,14.573312,121.009215,,,,,,,16,2020-10-27,OSP
MNL004 LP123 NP3-4,MNL004,LP123,NP3-4,MNL004 LP123,Zamora Pandacan,MANILA,3,2,BARANGAY 779,,,14.573905,121.00858,,,,,,,16,2020-10-27,OSP
MNL004 LP3 NP3-4,MNL004,LP3,NP3-4,MNL004 LP3,Zamora Pandacan,MANILA,3,2,BARANGAY 779,,,14.57357428,121.0096619,,,,,,,16,2019-10-04,OSP
MNL034 LP82 NP7-8,MNL034,LP82,NP7-8,MNL034 LP82,Benitez,MANILA,3,2,BARANGAY 780,,,14.576336,121.010074,,,,,,,16,2020-06-22,OSP
MNL034 LP83 NP1-2,MNL034,LP83,NP1-2,MNL034 LP83,Benitez,MANILA,3,2,BARANGAY 780,,,14.5768,121.010602,,,,,,,16,2020-06-22,OSP
MNL034 LP81 NP7-8,MNL034,LP81,NP7-8,MNL034 LP81,Benitez,MANILA,3,2,BARANGAY 780,,,14.57698,121.010407,,,,,,,16,2020-06-22,OSP
MNL034 LP82 NP1-2,MNL034,LP82,NP1-2,MNL034 LP82,Benitez,MANILA,3,2,BARANGAY 780,,,14.576812,121.010007,,,,,,,16,2020-06-22,OSP
MNL034 LP82 NP3-4,MNL034,LP82,NP3-4,MNL034 LP82,Benitez,MANILA,3,2,BARANGAY 780,,,14.576614,121.009516,,,,,,,16,2020-06-22,OSP
MNL034 LP82 NP5-6,MNL034,LP82,NP5-6,MNL034 LP82,Benitez,MANILA,3,2,BARANGAY 780,,,14.576193,121.009546,,,,,,,16,2020-06-22,OSP
MNL004 LP657 NP6-8,MNL004,LP657,NP6-8,MNL004 LP657,Zamora Pandacan,MANILA,3,2,BARANGAY 780,,,14.576668,121.0085,,,,,,,24,2022-07-27,OSP
MNL004 LP659 NP1-2,MNL004,LP659,NP1-2,MNL004 LP659,Zamora Pandacan,MANILA,3,2,BARANGAY 780,,,14.576531,121.008645,,,,,,,16,2022-08-09,OSP
MNL004 LP659 NP3-5,MNL004,LP659,NP3-5,MNL004 LP659,Zamora Pandacan,MANILA,3,2,BARANGAY 780,,,14.576729,121.008818,,,,,,,24,2022-08-09,OSP
MNL004 LP697 NP3-5,MNL004,LP697,NP3-5,MNL004 LP697,Zamora Pandacan,MANILA,3,2,BARANGAY 780,,,14.575888,121.009254,,,,,,,24,2023-04-30,OSP
MNL004 LP697 NP6-8,MNL004,LP697,NP6-8,MNL004 LP697,Zamora Pandacan,MANILA,3,2,BARANGAY 780,,,14.576093,121.009017,,,,,,,24,2023-04-30,OSP
MNL004 LP698 NP1-2,MNL004,LP698,NP1-2,MNL004 LP698,Zamora Pandacan,MANILA,3,2,BARANGAY 780,,,14.576178,121.009521,,,,,,,16,2023-04-30,OSP
MNL004 LP698 NP3-5,MNL004,LP698,NP3-5,MNL004 LP698,Zamora Pandacan,MANILA,3,2,BARANGAY 780,,,14.57648,121.009862,,,,,,,24,2023-04-30,OSP
MNL004 LP698 NP6-8,MNL004,LP698,NP6-8,MNL004 LP698,Zamora Pandacan,MANILA,3,2,BARANGAY 780,,,14.57648,121.009862,,,,,,,24,2023-04-30,OSP
MNL004 LP89 NP1-2,MNL004,LP89,NP1-2,MNL004 LP89,Zamora Pandacan,MANILA,3,2,BARANGAY 780,,,14.577197,121.01085,,,,,,,16,2019-09-30,OSP
MNL004 LP660 NP1-2,MNL004,LP660,NP1-2,MNL004 LP660,Zamora Pandacan,MANILA,3,2,BARANGAY 780,,,14.577018,121.008877,,,,,,,16,2022-08-09,OSP
MNL004 LP660 NP3-5,MNL004,LP660,NP3-5,MNL004 LP660,Zamora Pandacan,MANILA,3,2,BARANGAY 780,,,14.57711363,121.0088999,,,,,,,24,2022-08-09,OSP
MNL004 LP660 NP6-8,MNL004,LP660,NP6-8,MNL004 LP660,Zamora Pandacan,MANILA,3,2,BARANGAY 780,,,14.57718982,121.0089819,,,,,,,24,2022-08-09,OSP
MNL004 LP661 NP3-5,MNL004,LP661,NP3-5,MNL004 LP661,Zamora Pandacan,MANILA,3,2,BARANGAY 780,,,14.576466,121.009081,,,,,,,24,2022-08-09,OSP
MNL004 LP661 NP6-8,MNL004,LP661,NP6-8,MNL004 LP661,Zamora Pandacan,MANILA,3,2,BARANGAY 780,,,14.576567,121.009331,,,,,,,24,2022-08-09,OSP
MNL004 LP662 NP1-2,MNL004,LP662,NP1-2,MNL004 LP662,Zamora Pandacan,MANILA,3,2,BARANGAY 780,,,14.576669,121.009565,,,,,,,16,2022-08-09,OSP
MNL004 LP662 NP3-5,MNL004,LP662,NP3-5,MNL004 LP662,Zamora Pandacan,MANILA,3,2,BARANGAY 780,,,14.576845,121.010012,,,,,,,24,2022-08-09,OSP
MNL004 LP662 NP6-8,MNL004,LP662,NP6-8,MNL004 LP662,Zamora Pandacan,MANILA,3,2,BARANGAY 780,,,14.576845,121.010012,,,,,,,24,2022-08-09,OSP
MNL004 LP663 NP1-2,MNL004,LP663,NP1-2,MNL004 LP663,Zamora Pandacan,MANILA,3,2,BARANGAY 780,,,14.577024,121.010447,,,,,,,16,2022-08-09,OSP
MNL004 LP663 NP3-5,MNL004,LP663,NP3-5,MNL004 LP663,Zamora Pandacan,MANILA,3,2,BARANGAY 780,,,14.577024,121.010447,,,,,,,24,2022-08-09,OSP
MNL004 LP663 NP6-8,MNL004,LP663,NP6-8,MNL004 LP663,Zamora Pandacan,MANILA,3,2,BARANGAY 780,,,14.577088,121.010618,,,,,,,24,2022-08-09,OSP
MNL004 LP169 NP1-2,MNL004,LP169,NP1-2,MNL004 LP169,Zamora Pandacan,MANILA,3,2,BARANGAY 780,,,14.577217,121.010847,,,,,,,16,2023-04-30,OSP
MNL004 LP4 NP3-4,MNL004,LP4,NP3-4,MNL004 LP4,Zamora Pandacan,MANILA,3,2,BARANGAY 780,,,14.57588112,121.0092417,,,,,,,16,2019-10-04,OSP
MNL004 LP4 NP5-6,MNL004,LP4,NP5-6,MNL004 LP4,Zamora Pandacan,MANILA,3,2,BARANGAY 780,,,14.57630456,121.0087762,,,,,,,16,2019-10-04,OSP
MNL034 LP79 NP5-6,MNL034,LP79,NP5-6,MNL034 LP79,Benitez,MANILA,3,2,BARANGAY 781,,,14.577799,121.008479,,,,,,,16,2020-06-22,OSP
MNL034 LP79 NP7-8,MNL034,LP79,NP7-8,MNL034 LP79,Benitez,MANILA,3,2,BARANGAY 781,,,14.577703,121.008585,,,,,,,16,2020-06-22,OSP
MNL034 LP80 NP1-2,MNL034,LP80,NP1-2,MNL034 LP80,Benitez,MANILA,3,2,BARANGAY 781,,,14.577795,121.00869,,,,,,,16,2020-06-22,OSP
MNL034 LP80 NP3-4,MNL034,LP80,NP3-4,MNL034 LP80,Benitez,MANILA,3,2,BARANGAY 781,,,14.577975,121.008975,,,,,,,16,2020-06-22,OSP
MNL034 LP80 NP5-6,MNL034,LP80,NP5-6,MNL034 LP80,Benitez,MANILA,3,2,BARANGAY 781,,,14.578321,121.008753,,,,,,,16,2020-06-22,OSP
MNL034 LP80 NP7-8,MNL034,LP80,NP7-8,MNL034 LP80,Benitez,MANILA,3,2,BARANGAY 781,,,14.578401,121.008602,,,,,,,16,2020-06-22,OSP
MNL034 LP81 NP3-4,MNL034,LP81,NP3-4,MNL034 LP81,Benitez,MANILA,3,2,BARANGAY 781,,,14.577823,121.010075,,,,,,,16,2020-06-22,OSP
MNL034 LP79 NP1-2,MNL034,LP79,NP1-2,MNL034 LP79,Benitez,MANILA,3,2,BARANGAY 781,,,14.578187,121.00805,,,,,,,16,2020-06-22,OSP
MNL034 LP79 NP3-4,MNL034,LP79,NP3-4,MNL034 LP79,Benitez,MANILA,3,2,BARANGAY 781,,,14.578051,121.008196,,,,,,,16,2020-06-22,OSP
MNL004 LP655 NP6-8,MNL004,LP655,NP6-8,MNL004 LP655,Zamora Pandacan,MANILA,3,2,BARANGAY 781,,,14.578175,121.00805,,,,,,,24,2022-07-27,OSP
MNL004 LP656 NP1-2,MNL004,LP656,NP1-2,MNL004 LP656,Zamora Pandacan,MANILA,3,2,BARANGAY 781,,,14.577555,121.008717,,,,,,,16,2022-07-27,OSP
MNL004 LP656 NP3-5,MNL004,LP656,NP3-5,MNL004 LP656,Zamora Pandacan,MANILA,3,2,BARANGAY 781,,,14.57742,121.008839,,,,,,,24,2022-07-27,OSP
MNL004 LP656 NP6-8,MNL004,LP656,NP6-8,MNL004 LP656,Zamora Pandacan,MANILA,3,2,BARANGAY 781,,,14.577234,121.008658,,,,,,,24,2022-07-27,OSP
MNL004 LP657 NP1-2,MNL004,LP657,NP1-2,MNL004 LP657,Zamora Pandacan,MANILA,3,2,BARANGAY 781,,,14.577009,121.008508,,,,,,,16,2022-07-27,OSP
MNL004 LP657 NP3-5,MNL004,LP657,NP3-5,MNL004 LP657,Zamora Pandacan,MANILA,3,2,BARANGAY 781,,,14.576899,121.008249,,,,,,,24,2022-07-27,OSP
MNL004 LP658 NP1-2,MNL004,LP658,NP1-2,MNL004 LP658,Zamora Pandacan,MANILA,3,2,BARANGAY 781,,,14.57722,121.007797,,,,,,,16,2022-07-27,OSP
MNL004 LP658 NP3-5,MNL004,LP658,NP3-5,MNL004 LP658,Zamora Pandacan,MANILA,3,2,BARANGAY 781,,,14.577021,121.007591,,,,,,,24,2022-07-27,OSP
MNL004 LP658 NP6-8,MNL004,LP658,NP6-8,MNL004 LP658,Zamora Pandacan,MANILA,3,2,BARANGAY 781,,,14.577021,121.007591,,,,,,,24,2022-07-27,OSP
MNL004 LP659 NP6-8,MNL004,LP659,NP6-8,MNL004 LP659,Zamora Pandacan,MANILA,3,2,BARANGAY 781,,,14.576851,121.008671,,,,,,,24,2022-08-09,OSP
MNL004 LP651 NP6-8,MNL004,LP651,NP6-8,MNL004 LP651,Zamora Pandacan,MANILA,3,2,BARANGAY 781,,,14.578393,121.008603,,,,,,,24,2022-07-27,OSP
MNL004 LP652 NP1-2,MNL004,LP652,NP1-2,MNL004 LP652,Zamora Pandacan,MANILA,3,2,BARANGAY 781,,,14.57803,121.00898,,,,,,,16,2022-07-27,OSP
MNL004 LP652 NP3-5,MNL004,LP652,NP3-5,MNL004 LP652,Zamora Pandacan,MANILA,3,2,BARANGAY 781,,,14.577975,121.008982,,,,,,,24,2022-07-27,OSP
MNL004 LP652 NP6-8,MNL004,LP652,NP6-8,MNL004 LP652,Zamora Pandacan,MANILA,3,2,BARANGAY 781,,,14.577806,121.008706,,,,,,,24,2022-07-27,OSP
MNL004 LP653 NP1-2,MNL004,LP653,NP1-2,MNL004 LP653,Zamora Pandacan,MANILA,3,2,BARANGAY 781,,,14.577833,121.009068,,,,,,,16,2022-07-27,OSP
MNL004 LP653 NP3-5,MNL004,LP653,NP3-5,MNL004 LP653,Zamora Pandacan,MANILA,3,2,BARANGAY 781,,,14.57801,121.009299,,,,,,,24,2022-07-27,OSP
MNL004 LP654 NP6-8,MNL004,LP654,NP6-8,MNL004 LP654,Zamora Pandacan,MANILA,3,2,BARANGAY 781,,,14.577771,121.009277,,,,,,,24,2022-07-27,OSP
MNL004 LP655 NP1-2,MNL004,LP655,NP1-2,MNL004 LP655,Zamora Pandacan,MANILA,3,2,BARANGAY 781,,,14.577695,121.008595,,,,,,,16,2022-07-27,OSP
MNL004 LP655 NP3-5,MNL004,LP655,NP3-5,MNL004 LP655,Zamora Pandacan,MANILA,3,2,BARANGAY 781,,,14.577911,121.008348,,,,,,,24,2022-07-27,OSP
MNL004 LP501 NP1-2,MNL004,LP501,NP1-2,MNL004 LP501,Zamora Pandacan,MANILA,3,2,BARANGAY 781,,,14.578365,121.009437,,,,,,,16,2022-12-30,OSP
MNL004 LP5 NP1-2,MNL004,LP5,NP1-2,MNL004 LP5,Zamora Pandacan,MANILA,3,2,BARANGAY 781,,,14.57708382,121.0079277,,,,,,,16,2019-10-04,OSP
MNL004 LP5 NP3-4,MNL004,LP5,NP3-4,MNL004 LP5,Zamora Pandacan,MANILA,3,2,BARANGAY 781,,,14.57755045,121.0074296,,,,,,,16,2019-10-04,OSP
MNL004 LP88 NP5-6,MNL004,LP88,NP5-6,MNL004 LP88,Zamora Pandacan,MANILA,3,2,BARANGAY 781,,,14.578362,121.009453,,,,,,,16,2019-09-30,OSP
MNL004 LP736 NP3-5,MNL004,LP736,NP3-5,MNL004 LP736,Zamora Pandacan,MANILA,3,2,BARANGAY 781,,,14.576527,121.007925,,,,,,,24,2022-10-19,OSP
MNL004 LP736 NP6-8,MNL004,LP736,NP6-8,MNL004 LP736,Zamora Pandacan,MANILA,3,2,BARANGAY 781,,,14.576527,121.007925,,,,,,,24,2022-10-19,OSP
MNL004 LP737 NP1-2,MNL004,LP737,NP1-2,MNL004 LP737,Zamora Pandacan,MANILA,3,2,BARANGAY 781,,,14.576725,121.00783,,,,,,,16,2022-10-19,OSP
MNL004 LP737 NP3-5,MNL004,LP737,NP3-5,MNL004 LP737,Zamora Pandacan,MANILA,3,2,BARANGAY 781,,,14.576725,121.00783,,,,,,,24,2022-10-19,OSP
MNL004 LP168 NP3-4,MNL004,LP168,NP3-4,MNL004 LP168,Zamora Pandacan,MANILA,3,2,BARANGAY 781,,,14.578359,121.00945,,,,,,,16,2023-04-30,OSP
MNL004 LP4 NP7-8,MNL004,LP4,NP7-8,MNL004 LP4,Zamora Pandacan,MANILA,3,2,BARANGAY 781,,,14.57675925,121.0082797,,,,,,,16,2019-10-04,OSP
MNL034 LP104 NP3-4,MNL034,LP104,NP3-4,MNL034 LP104,Benitez,MANILA,3,2,BARANGAY 782,,,14.575833,121.009284,,,,,,,16,2020-06-22,OSP
MNL034 LP104 NP5-6,MNL034,LP104,NP5-6,MNL034 LP104,Benitez,MANILA,3,2,BARANGAY 782,,,14.575255,121.009918,,,,,,,16,2020-06-22,OSP
MNL034 LP104 NP7-8,MNL034,LP104,NP7-8,MNL034 LP104,Benitez,MANILA,3,2,BARANGAY 782,,,14.57504,121.010201,,,,,,,16,2020-06-22,OSP
MNL034 LP83 NP5-6,MNL034,LP83,NP5-6,MNL034 LP83,Benitez,MANILA,3,2,BARANGAY 782,,,14.576949,121.011102,,,,,,,16,2020-06-22,OSP
MNL034 LP83 NP7-8,MNL034,LP83,NP7-8,MNL034 LP83,Benitez,MANILA,3,2,BARANGAY 782,,,14.576389,121.010454,,,,,,,16,2020-06-22,OSP
MNL034 LP84 NP1-2,MNL034,LP84,NP1-2,MNL034 LP84,Benitez,MANILA,3,2,BARANGAY 782,,,14.576246,121.010784,,,,,,,16,2020-06-22,OSP
MNL034 LP84 NP3-4,MNL034,LP84,NP3-4,MNL034 LP84,Benitez,MANILA,3,2,BARANGAY 782,,,14.575631,121.010171,,,,,,,16,2020-06-22,OSP
MNL034 LP84 NP5-6,MNL034,LP84,NP5-6,MNL034 LP84,Benitez,MANILA,3,2,BARANGAY 782,,,14.575672,121.010798,,,,,,,16,2020-06-22,OSP
MNL034 LP85 NP1-2,MNL034,LP85,NP1-2,MNL034 LP85,Benitez,MANILA,3,2,BARANGAY 782,,,14.575894,121.010977,,,,,,,16,2020-06-22,OSP
MNL004 LP695 NP3-5,MNL004,LP695,NP3-5,MNL004 LP695,Zamora Pandacan,MANILA,3,2,BARANGAY 782,,,14.576381,121.010447,,,,,,,24,2023-04-30,OSP
MNL004 LP695 NP6-8,MNL004,LP695,NP6-8,MNL004 LP695,Zamora Pandacan,MANILA,3,2,BARANGAY 782,,,14.576181,121.010234,,,,,,,24,2023-04-30,OSP
MNL004 LP696 NP1-2,MNL004,LP696,NP1-2,MNL004 LP696,Zamora Pandacan,MANILA,3,2,BARANGAY 782,,,14.575868,121.009996,,,,,,,16,2023-04-30,OSP
MNL004 LP696 NP3-5,MNL004,LP696,NP3-5,MNL004 LP696,Zamora Pandacan,MANILA,3,2,BARANGAY 782,,,14.575522,121.009635,,,,,,,24,2023-04-30,OSP
MNL004 LP696 NP6-8,MNL004,LP696,NP6-8,MNL004 LP696,Zamora Pandacan,MANILA,3,2,BARANGAY 782,,,14.576072,121.009856,,,,,,,24,2023-04-30,OSP
MNL004 LP697 NP1-2,MNL004,LP697,NP1-2,MNL004 LP697,Zamora Pandacan,MANILA,3,2,BARANGAY 782,,,14.575688,121.009463,,,,,,,16,2023-04-30,OSP
MNL004 LP692 NP1-2,MNL004,LP692,NP1-2,MNL004 LP692,Zamora Pandacan,MANILA,3,2,BARANGAY 782,,,14.57567,121.01021,,,,,,,16,2023-04-30,OSP
MNL004 LP692 NP3-5,MNL004,LP692,NP3-5,MNL004 LP692,Zamora Pandacan,MANILA,3,2,BARANGAY 782,,,14.57567,121.01021,,,,,,,24,2023-04-30,OSP
MNL004 LP692 NP6-8,MNL004,LP692,NP6-8,MNL004 LP692,Zamora Pandacan,MANILA,3,2,BARANGAY 782,,,14.575944,121.010496,,,,,,,24,2023-04-30,OSP
MNL004 LP693 NP1-2,MNL004,LP693,NP1-2,MNL004 LP693,Zamora Pandacan,MANILA,3,2,BARANGAY 782,,,14.576246,121.01079,,,,,,,16,2023-04-30,OSP
MNL004 LP693 NP3-5,MNL004,LP693,NP3-5,MNL004 LP693,Zamora Pandacan,MANILA,3,2,BARANGAY 782,,,14.57645,121.010987,,,,,,,24,2023-04-30,OSP
MNL004 LP693 NP6-8,MNL004,LP693,NP6-8,MNL004 LP693,Zamora Pandacan,MANILA,3,2,BARANGAY 782,,,14.576641,121.011165,,,,,,,24,2023-04-30,OSP
MNL004 LP694 NP3-5,MNL004,LP694,NP3-5,MNL004 LP694,Zamora Pandacan,MANILA,3,2,BARANGAY 782,,,14.576771,121.010837,,,,,,,24,2023-04-30,OSP
MNL004 LP694 NP6-8,MNL004,LP694,NP6-8,MNL004 LP694,Zamora Pandacan,MANILA,3,2,BARANGAY 782,,,14.576771,121.010837,,,,,,,24,2023-04-30,OSP
MNL004 LP695 NP1-2,MNL004,LP695,NP1-2,MNL004 LP695,Zamora Pandacan,MANILA,3,2,BARANGAY 782,,,14.576584,121.01066,,,,,,,16,2023-04-30,OSP
MNL004 LP688 NP3-5,MNL004,LP688,NP3-5,MNL004 LP688,Zamora Pandacan,MANILA,3,2,BARANGAY 782,,,14.575043,121.01019,,,,,,,24,2023-04-30,OSP
MNL004 LP688 NP6-8,MNL004,LP688,NP6-8,MNL004 LP688,Zamora Pandacan,MANILA,3,2,BARANGAY 782,,,14.575274,121.009934,,,,,,,24,2023-04-30,OSP
MNL004 LP4 NP1-2,MNL004,LP4,NP1-2,MNL004 LP4,Zamora Pandacan,MANILA,3,2,BARANGAY 782,,,14.57526081,121.0099162,,,,,,,16,2019-10-04,OSP
MNL004 LP2 NP3-4,MNL004,LP2,NP3-4,MNL004 LP2,Zamora Pandacan,MANILA,3,2,BARANGAY 782,,,14.57594243,121.0104882,,,,,,,16,2019-10-04,OSP
MNL004 LP2 NP5-6,MNL004,LP2,NP5-6,MNL004 LP2,Zamora Pandacan,MANILA,3,2,BARANGAY 782,,,14.5761319,121.0102799,,,,,,,16,2019-10-04,OSP
MNL034 LP105 NP1-2,MNL034,LP105,NP1-2,MNL034 LP105,Benitez,MANILA,3,2,BARANGAY 783,,,14.574649,121.010582,,,,,,,16,2020-06-22,OSP
MNL034 LP105 NP3-4,MNL034,LP105,NP3-4,MNL034 LP105,Benitez,MANILA,3,2,BARANGAY 783,,,14.574169,121.011104,,,,,,,16,2020-06-22,OSP
MNL034 LP84 NP7-8,MNL034,LP84,NP7-8,MNL034 LP84,Benitez,MANILA,3,2,BARANGAY 783,,,14.575332,121.011138,,,,,,,16,2020-06-22,OSP
MNL034 LP85 NP3-4,MNL034,LP85,NP3-4,MNL034 LP85,Benitez,MANILA,3,2,BARANGAY 783,,,14.575453,121.011431,,,,,,,16,2020-06-22,OSP
MNL034 LP85 NP5-6,MNL034,LP85,NP5-6,MNL034 LP85,Benitez,MANILA,3,2,BARANGAY 783,,,14.576067,121.011733,,,,,,,16,2020-06-22,OSP
MNL034 LP85 NP7-8,MNL034,LP85,NP7-8,MNL034 LP85,Benitez,MANILA,3,2,BARANGAY 783,,,14.57475,121.011703,,,,,,,16,2020-06-22,OSP
SJC001 LP81 NP3-4,SJC001,LP81,NP3-4,SJC001 LP81,Greenhills Heights,MANILA,3,2,BARANGAY 783,,,14.575689,121.011828,,,,,,,16,2016-07-26,OSP
SJC001 LP81 NP5-6,SJC001,LP81,NP5-6,SJC001 LP81,Greenhills Heights,MANILA,3,2,BARANGAY 783,,,14.575689,121.011828,,,,,,,16,2016-07-26,OSP
MNL004 LP504 NP3-5,MNL004,LP504,NP3-5,MNL004 LP504,Zamora Pandacan,MANILA,3,2,BARANGAY 783,,,14.574929,121.012121,,,,,,,24,2022-12-30,OSP
MNL004 LP504 NP6-8,MNL004,LP504,NP6-8,MNL004 LP504,Zamora Pandacan,MANILA,3,2,BARANGAY 783,,,14.574616,121.011819,,,,,,,24,2022-12-30,OSP
MNL004 LP505 NP1-2,MNL004,LP505,NP1-2,MNL004 LP505,Zamora Pandacan,MANILA,3,2,BARANGAY 783,,,14.574357,121.01156,,,,,,,16,2022-12-30,OSP
MNL004 LP505 NP6-8,MNL004,LP505,NP6-8,MNL004 LP505,Zamora Pandacan,MANILA,3,2,BARANGAY 783,,,14.57416,121.011105,,,,,,,24,2022-12-30,OSP
MNL004 LP503 NP3-4,MNL004,LP503,NP3-4,MNL004 LP503,Zamora Pandacan,MANILA,3,2,BARANGAY 783,,,14.576076,121.011742,,,,,,,16,2022-12-30,OSP
MNL004 LP503 NP5-6,MNL004,LP503,NP5-6,MNL004 LP503,Zamora Pandacan,MANILA,3,2,BARANGAY 783,,,14.575753,121.011847,,,,,,,16,2022-12-30,OSP
MNL004 LP687 NP1-2,MNL004,LP687,NP1-2,MNL004 LP687,Zamora Pandacan,MANILA,3,2,BARANGAY 783,,,14.574506,121.010735,,,,,,,16,2023-04-30,OSP
MNL004 LP687 NP3-5,MNL004,LP687,NP3-5,MNL004 LP687,Zamora Pandacan,MANILA,3,2,BARANGAY 783,,,14.574407,121.01085,,,,,,,24,2023-04-30,OSP
MNL004 LP687 NP6-8,MNL004,LP687,NP6-8,MNL004 LP687,Zamora Pandacan,MANILA,3,2,BARANGAY 783,,,14.574665,121.0106,,,,,,,24,2023-04-30,OSP
MNL004 LP688 NP1-2,MNL004,LP688,NP1-2,MNL004 LP688,Zamora Pandacan,MANILA,3,2,BARANGAY 783,,,14.574933,121.010306,,,,,,,16,2023-04-30,OSP
MNL004 LP126 NP5-6,MNL004,LP126,NP5-6,MNL004 LP126,Zamora Pandacan,MANILA,3,2,BARANGAY 783,,,14.574407,121.010845,,,,,,,16,2020-10-27,OSP
MNL004 LP1 NP1-2,MNL004,LP1,NP1-2,MNL004 LP1,Zamora Pandacan,MANILA,3,2,BARANGAY 783,,,14.57533475,121.0116723,,,,,,,16,2019-10-04,OSP
MNL004 LP1 NP3-4,MNL004,LP1,NP3-4,MNL004 LP1,Zamora Pandacan,MANILA,3,2,BARANGAY 783,,,14.57514346,121.0113602,,,,,,,16,2019-10-04,OSP
MNL004 LP1 NP5-6,MNL004,LP1,NP5-6,MNL004 LP1,Zamora Pandacan,MANILA,3,2,BARANGAY 783,,,14.57448747,121.0107625,,,,,,,16,2019-10-04,OSP
MNL004 LP1 NP7-8,MNL004,LP1,NP7-8,MNL004 LP1,Zamora Pandacan,MANILA,3,2,BARANGAY 783,,,14.57486,121.010391,,,,,,,16,2019-10-04,OSP
MNL004 LP2 NP1-2,MNL004,LP2,NP1-2,MNL004 LP2,Zamora Pandacan,MANILA,3,2,BARANGAY 783,,,14.5754767,121.010994,,,,,,,16,2019-10-04,OSP
MNL034 LP119 NP1-2,MNL034,LP119,NP1-2,MNL034 LP119,Benitez,MANILA,3,2,BARANGAY 784,,,14.576044,121.003841,,,,,,,16,2020-07-30,OSP
MNL034 LP120 NP1-2,MNL034,LP120,NP1-2,MNL034 LP120,Benitez,MANILA,3,2,BARANGAY 784,,,14.576902,121.002491,,,,,,,16,2020-07-30,OSP
MNL034 LP120 NP3-4,MNL034,LP120,NP3-4,MNL034 LP120,Benitez,MANILA,3,2,BARANGAY 784,,,14.576376,121.003046,,,,,,,16,2020-07-30,OSP
MNL034 LP120 NP5-6,MNL034,LP120,NP5-6,MNL034 LP120,Benitez,MANILA,3,2,BARANGAY 784,,,14.575937,121.002588,,,,,,,16,2020-07-30,OSP
MNL034 LP121 NP1-2,MNL034,LP121,NP1-2,MNL034 LP121,Benitez,MANILA,3,2,BARANGAY 784,,,14.576365,121.002575,,,,,,,16,2020-07-30,OSP
MNL034 LP121 NP3-4,MNL034,LP121,NP3-4,MNL034 LP121,Benitez,MANILA,3,2,BARANGAY 784,,,14.575787,121.00332,,,,,,,16,2020-07-30,OSP
MNL034 LP121 NP5-6,MNL034,LP121,NP5-6,MNL034 LP121,Benitez,MANILA,3,2,BARANGAY 784,,,14.575771,121.004077,,,,,,,16,2020-07-30,OSP
MNL004 LP588 NP6-8,MNL004,LP588,NP6-8,MNL004 LP588,Zamora Pandacan,MANILA,3,2,BARANGAY 784,,,14.576688,121.002318,,,,,,,24,2023-03-31,OSP
MNL004 LP589 NP1-2,MNL004,LP589,NP1-2,MNL004 LP589,Zamora Pandacan,MANILA,3,2,BARANGAY 784,,,14.576882,121.002534,,,,,,,16,2023-03-31,OSP
MNL004 LP589 NP3-5,MNL004,LP589,NP3-5,MNL004 LP589,Zamora Pandacan,MANILA,3,2,BARANGAY 784,,,14.576704,121.002709,,,,,,,24,2023-03-31,OSP
MNL004 LP589 NP6-8,MNL004,LP589,NP6-8,MNL004 LP589,Zamora Pandacan,MANILA,3,2,BARANGAY 784,,,14.576312,121.003109,,,,,,,24,2023-03-31,OSP
MNL004 LP590 NP1-2,MNL004,LP590,NP1-2,MNL004 LP590,Zamora Pandacan,MANILA,3,2,BARANGAY 784,,,14.576103,121.003347,,,,,,,16,2023-03-31,OSP
MNL004 LP590 NP3-4,MNL004,LP590,NP3-4,MNL004 LP590,Zamora Pandacan,MANILA,3,2,BARANGAY 784,,,14.57607,121.003465,,,,,,,16,2023-03-31,OSP
MNL004 LP590 NP5-6,MNL004,LP590,NP5-6,MNL004 LP590,Zamora Pandacan,MANILA,3,2,BARANGAY 784,,,14.576025,121.004015,,,,,,,16,2023-03-31,OSP
MNL004 LP590 NP7-8,MNL004,LP590,NP7-8,MNL004 LP590,Zamora Pandacan,MANILA,3,2,BARANGAY 784,,,14.576008,121.004306,,,,,,,16,2023-03-31,OSP
MNL004 LP591 NP1-2,MNL004,LP591,NP1-2,MNL004 LP591,Zamora Pandacan,MANILA,3,2,BARANGAY 784,,,14.576016,121.004707,,,,,,,16,2023-03-31,OSP
MNL004 LP583 NP1-2,MNL004,LP583,NP1-2,MNL004 LP583,Zamora Pandacan,MANILA,3,2,BARANGAY 784,,,14.57569,121.004277,,,,,,,16,2023-03-31,OSP
MNL004 LP583 NP3-5,MNL004,LP583,NP3-5,MNL004 LP583,Zamora Pandacan,MANILA,3,2,BARANGAY 784,,,14.575777,121.004077,,,,,,,24,2023-03-31,OSP
MNL004 LP583 NP6-8,MNL004,LP583,NP6-8,MNL004 LP583,Zamora Pandacan,MANILA,3,2,BARANGAY 784,,,14.575741,121.003664,,,,,,,24,2023-03-31,OSP
MNL004 LP585 NP3-5,MNL004,LP585,NP3-5,MNL004 LP585,Zamora Pandacan,MANILA,3,2,BARANGAY 784,,,14.575679,121.002872,,,,,,,24,2023-03-31,OSP
MNL004 LP585 NP6-8,MNL004,LP585,NP6-8,MNL004 LP585,Zamora Pandacan,MANILA,3,2,BARANGAY 784,,,14.575679,121.002872,,,,,,,24,2023-03-31,OSP
MNL004 LP586 NP1-2,MNL004,LP586,NP1-2,MNL004 LP586,Zamora Pandacan,MANILA,3,2,BARANGAY 784,,,14.575937,121.002608,,,,,,,16,2023-03-31,OSP
MNL004 LP586 NP3-5,MNL004,LP586,NP3-5,MNL004 LP586,Zamora Pandacan,MANILA,3,2,BARANGAY 784,,,14.576176,121.002357,,,,,,,24,2023-03-31,OSP
MNL004 LP586 NP6-8,MNL004,LP586,NP6-8,MNL004 LP586,Zamora Pandacan,MANILA,3,2,BARANGAY 784,,,14.576413,121.002115,,,,,,,24,2023-03-31,OSP
MNL004 LP587 NP1-2,MNL004,LP587,NP1-2,MNL004 LP587,Zamora Pandacan,MANILA,3,2,BARANGAY 784,,,14.575784,121.003332,,,,,,,16,2023-03-31,OSP
MNL004 LP587 NP3-5,MNL004,LP587,NP3-5,MNL004 LP587,Zamora Pandacan,MANILA,3,2,BARANGAY 784,,,14.575892,121.003101,,,,,,,24,2023-03-31,OSP
MNL004 LP587 NP6-8,MNL004,LP587,NP6-8,MNL004 LP587,Zamora Pandacan,MANILA,3,2,BARANGAY 784,,,14.575892,121.003101,,,,,,,24,2023-03-31,OSP
MNL004 LP588 NP1-2,MNL004,LP588,NP1-2,MNL004 LP588,Zamora Pandacan,MANILA,3,2,BARANGAY 784,,,14.576143,121.002854,,,,,,,16,2023-03-31,OSP
MNL004 LP588 NP3-5,MNL004,LP588,NP3-5,MNL004 LP588,Zamora Pandacan,MANILA,3,2,BARANGAY 784,,,14.576397,121.002582,,,,,,,24,2023-03-31,OSP
MNL004 LP32 NP1-2,MNL004,LP32,NP1-2,MNL004 LP32,Zamora Pandacan,MANILA,3,2,BARANGAY 784,,,14.57588521,121.0030836,,,,,,,16,2019-10-01,OSP
MNL004 LP32 NP3-4,MNL004,LP32,NP3-4,MNL004 LP32,Zamora Pandacan,MANILA,3,2,BARANGAY 784,,,14.57609333,121.0033448,,,,,,,16,2019-10-01,OSP
MNL004 LP32 NP5-6,MNL004,LP32,NP5-6,MNL004 LP32,Zamora Pandacan,MANILA,3,2,BARANGAY 784,,,14.57600317,121.0043915,,,,,,,16,2019-10-01,OSP
MNL004 LP31 NP3-4,MNL004,LP31,NP3-4,MNL004 LP31,Zamora Pandacan,MANILA,3,2,BARANGAY 784,,,14.57667244,121.0023046,,,,,,,16,2019-10-01,OSP
MNL004 LP31 NP5-6,MNL004,LP31,NP5-6,MNL004 LP31,Zamora Pandacan,MANILA,3,2,BARANGAY 784,,,14.57641028,121.0021184,,,,,,,16,2019-10-01,OSP
MNL004 LP31 NP7-8,MNL004,LP31,NP7-8,MNL004 LP31,Zamora Pandacan,MANILA,3,2,BARANGAY 784,,,14.57567308,121.0028654,,,,,,,16,2019-10-01,OSP
MNL034 LP120 NP7-8,MNL034,LP120,NP7-8,MNL034 LP120,Benitez,MANILA,3,2,BARANGAY 785,,,14.575469,121.003355,,,,,,,16,2020-07-30,OSP
MNL034 LP123 NP1-2,MNL034,LP123,NP1-2,MNL034 LP123,Benitez,MANILA,3,2,BARANGAY 785,,,14.574839,121.00412,,,,,,,16,2020-07-30,OSP
MNL034 LP123 NP3-4,MNL034,LP123,NP3-4,MNL034 LP123,Benitez,MANILA,3,2,BARANGAY 785,,,14.575046,121.004326,,,,,,,16,2020-07-30,OSP
MNL034 LP123 NP5-6,MNL034,LP123,NP5-6,MNL034 LP123,Benitez,MANILA,3,2,BARANGAY 785,,,14.575235,121.004682,,,,,,,16,2020-07-30,OSP
MNL004 LP716 NP6-8,MNL004,LP716,NP6-8,MNL004 LP716,Zamora Pandacan,MANILA,3,2,BARANGAY 785,,,14.574787,121.004663,,,,,,,24,2022-10-19,OSP
MNL004 LP706 NP3-5,MNL004,LP706,NP3-5,MNL004 LP706,Zamora Pandacan,MANILA,3,2,BARANGAY 785,,,14.574475,121.004357,,,,,,,24,2022-10-19,OSP
MNL004 LP616 NP1-2,MNL004,LP616,NP1-2,MNL004 LP616,Zamora Pandacan,MANILA,3,2,BARANGAY 785,,,14.575117,121.004816,,,,,,,16,2023-03-31,OSP
MNL004 LP616 NP3-5,MNL004,LP616,NP3-5,MNL004 LP616,Zamora Pandacan,MANILA,3,2,BARANGAY 785,,,14.575286,121.004622,,,,,,,24,2023-03-31,OSP
MNL004 LP616 NP6-8,MNL004,LP616,NP6-8,MNL004 LP616,Zamora Pandacan,MANILA,3,2,BARANGAY 785,,,14.575399,121.004506,,,,,,,24,2023-03-31,OSP
MNL004 LP617 NP1-2,MNL004,LP617,NP1-2,MNL004 LP617,Zamora Pandacan,MANILA,3,2,BARANGAY 785,,,14.57487,121.004588,,,,,,,16,2023-03-31,OSP
MNL004 LP617 NP3-4,MNL004,LP617,NP3-4,MNL004 LP617,Zamora Pandacan,MANILA,3,2,BARANGAY 785,,,14.574569,121.004296,,,,,,,16,2023-03-31,OSP
MNL004 LP618 NP1-2,MNL004,LP618,NP1-2,MNL004 LP618,Zamora Pandacan,MANILA,3,2,BARANGAY 785,,,14.575018,121.004345,,,,,,,16,2023-03-31,OSP
MNL004 LP618 NP3-5,MNL004,LP618,NP3-5,MNL004 LP618,Zamora Pandacan,MANILA,3,2,BARANGAY 785,,,14.575366,121.003962,,,,,,,24,2023-03-31,OSP
MNL004 LP618 NP6-8,MNL004,LP618,NP6-8,MNL004 LP618,Zamora Pandacan,MANILA,3,2,BARANGAY 785,,,14.575366,121.003962,,,,,,,24,2023-03-31,OSP
MNL004 LP619 NP1-2,MNL004,LP619,NP1-2,MNL004 LP619,Zamora Pandacan,MANILA,3,2,BARANGAY 785,,,14.57481,121.004148,,,,,,,16,2023-03-31,OSP
MNL004 LP619 NP3-5,MNL004,LP619,NP3-5,MNL004 LP619,Zamora Pandacan,MANILA,3,2,BARANGAY 785,,,14.575073,121.003874,,,,,,,24,2023-03-31,OSP
MNL004 LP619 NP6-8,MNL004,LP619,NP6-8,MNL004 LP619,Zamora Pandacan,MANILA,3,2,BARANGAY 785,,,14.575073,121.003874,,,,,,,24,2023-03-31,OSP
MNL004 LP584 NP1-2,MNL004,LP584,NP1-2,MNL004 LP584,Zamora Pandacan,MANILA,3,2,BARANGAY 785,,,14.575559,121.003757,,,,,,,16,2023-03-31,OSP
MNL004 LP584 NP3-5,MNL004,LP584,NP3-5,MNL004 LP584,Zamora Pandacan,MANILA,3,2,BARANGAY 785,,,14.575452,121.003598,,,,,,,24,2023-03-31,OSP
MNL004 LP584 NP6-8,MNL004,LP584,NP6-8,MNL004 LP584,Zamora Pandacan,MANILA,3,2,BARANGAY 785,,,14.575466,121.003413,,,,,,,24,2023-03-31,OSP
MNL004 LP585 NP1-2,MNL004,LP585,NP1-2,MNL004 LP585,Zamora Pandacan,MANILA,3,2,BARANGAY 785,,,14.575519,121.00311,,,,,,,16,2023-03-31,OSP
MNL004 LP134 NP5-6,MNL004,LP134,NP5-6,MNL004 LP134,Zamora Pandacan,MANILA,3,2,BARANGAY 785,,,14.574968,121.004845,,,,,,,16,2020-10-27,OSP
MNL004 LP10 NP3-4,MNL004,LP10,NP3-4,MNL004 LP10,Zamora Pandacan,MANILA,3,2,BARANGAY 785,,,14.57454993,121.0043015,,,,,,,16,2019-10-04,OSP
MNL034 LP122 NP1-2,MNL034,LP122,NP1-2,MNL034 LP122,Benitez,MANILA,3,2,BARANGAY 786,,,14.57564,121.00217,,,,,,,16,2020-07-30,OSP
MNL034 LP122 NP3-4,MNL034,LP122,NP3-4,MNL034 LP122,Benitez,MANILA,3,2,BARANGAY 786,,,14.574669,121.003144,,,,,,,16,2020-07-30,OSP
MNL034 LP122 NP5-6,MNL034,LP122,NP5-6,MNL034 LP122,Benitez,MANILA,3,2,BARANGAY 786,,,14.5749,121.003429,,,,,,,16,2020-07-30,OSP
MNL034 LP122 NP7-8,MNL034,LP122,NP7-8,MNL034 LP122,Benitez,MANILA,3,2,BARANGAY 786,,,14.574523,121.003722,,,,,,,16,2020-07-30,OSP
MNL004 LP706 NP1-2,MNL004,LP706,NP1-2,MNL004 LP706,Zamora Pandacan,MANILA,3,2,BARANGAY 786,,,14.574207,121.004089,,,,,,,16,2022-10-19,OSP
MNL004 LP624 NP3-5,MNL004,LP624,NP3-5,MNL004 LP624,Zamora Pandacan,MANILA,3,2,BARANGAY 786,,,14.575857,121.001915,,,,,,,24,2023-03-31,OSP
MNL004 LP624 NP6-8,MNL004,LP624,NP6-8,MNL004 LP624,Zamora Pandacan,MANILA,3,2,BARANGAY 786,,,14.576036,121.00173,,,,,,,24,2023-03-31,OSP
MNL004 LP625 NP1-2,MNL004,LP625,NP1-2,MNL004 LP625,Zamora Pandacan,MANILA,3,2,BARANGAY 786,,,14.576189,121.001583,,,,,,,16,2023-03-31,OSP
MNL004 LP704 NP3-5,MNL004,LP704,NP3-5,MNL004 LP704,Zamora Pandacan,MANILA,3,2,BARANGAY 786,,,14.573993,121.003886,,,,,,,24,2022-10-19,OSP
MNL004 LP620 NP1-2,MNL004,LP620,NP1-2,MNL004 LP620,Zamora Pandacan,MANILA,3,2,BARANGAY 786,,,14.574387,121.003879,,,,,,,16,2023-03-31,OSP
MNL004 LP620 NP3-5,MNL004,LP620,NP3-5,MNL004 LP620,Zamora Pandacan,MANILA,3,2,BARANGAY 786,,,14.574541,121.003711,,,,,,,24,2023-03-31,OSP
MNL004 LP620 NP6-8,MNL004,LP620,NP6-8,MNL004 LP620,Zamora Pandacan,MANILA,3,2,BARANGAY 786,,,14.574774,121.003543,,,,,,,24,2023-03-31,OSP
MNL004 LP621 NP1-2,MNL004,LP621,NP1-2,MNL004 LP621,Zamora Pandacan,MANILA,3,2,BARANGAY 786,,,14.574924,121.003396,,,,,,,16,2023-03-31,OSP
MNL004 LP621 NP3-5,MNL004,LP621,NP3-5,MNL004 LP621,Zamora Pandacan,MANILA,3,2,BARANGAY 786,,,14.575111,121.003194,,,,,,,24,2023-03-31,OSP
MNL004 LP621 NP6-8,MNL004,LP621,NP6-8,MNL004 LP621,Zamora Pandacan,MANILA,3,2,BARANGAY 786,,,14.575233,121.003059,,,,,,,24,2023-03-31,OSP
MNL004 LP622 NP1-2,MNL004,LP622,NP1-2,MNL004 LP622,Zamora Pandacan,MANILA,3,2,BARANGAY 786,,,14.574261,121.003593,,,,,,,16,2023-03-31,OSP
MNL004 LP622 NP3-4,MNL004,LP622,NP3-4,MNL004 LP622,Zamora Pandacan,MANILA,3,2,BARANGAY 786,,,14.574455,121.003392,,,,,,,16,2023-03-31,OSP
MNL004 LP622 NP5-6,MNL004,LP622,NP5-6,MNL004 LP622,Zamora Pandacan,MANILA,3,2,BARANGAY 786,,,14.574698,121.003138,,,,,,,16,2023-03-31,OSP
MNL004 LP622 NP7-8,MNL004,LP622,NP7-8,MNL004 LP622,Zamora Pandacan,MANILA,3,2,BARANGAY 786,,,14.574878,121.002949,,,,,,,16,2023-03-31,OSP
MNL004 LP623 NP1-2,MNL004,LP623,NP1-2,MNL004 LP623,Zamora Pandacan,MANILA,3,2,BARANGAY 786,,,14.575066,121.002763,,,,,,,16,2023-03-31,OSP
MNL004 LP623 NP3-5,MNL004,LP623,NP3-5,MNL004 LP623,Zamora Pandacan,MANILA,3,2,BARANGAY 786,,,14.57534,121.002471,,,,,,,24,2023-03-31,OSP
MNL004 LP623 NP6-8,MNL004,LP623,NP6-8,MNL004 LP623,Zamora Pandacan,MANILA,3,2,BARANGAY 786,,,14.575452,121.002708,,,,,,,24,2023-03-31,OSP
MNL004 LP624 NP1-2,MNL004,LP624,NP1-2,MNL004 LP624,Zamora Pandacan,MANILA,3,2,BARANGAY 786,,,14.575638,121.002155,,,,,,,16,2023-03-31,OSP
MNL004 LP617 NP5-6,MNL004,LP617,NP5-6,MNL004 LP617,Zamora Pandacan,MANILA,3,2,BARANGAY 786,,,14.574269,121.00399,,,,,,,16,2023-03-31,OSP
MNL004 LP617 NP7-8,MNL004,LP617,NP7-8,MNL004 LP617,Zamora Pandacan,MANILA,3,2,BARANGAY 786,,,14.574075,121.003795,,,,,,,16,2023-03-31,OSP
MNL004 LP10 NP7-8,MNL004,LP10,NP7-8,MNL004 LP10,Zamora Pandacan,MANILA,3,2,BARANGAY 786,,,14.57407959,121.0038379,,,,,,,16,2019-10-04,OSP
MNL004 LP10 NP5-6,MNL004,LP10,NP5-6,MNL004 LP10,Zamora Pandacan,MANILA,3,2,BARANGAY 786,,,14.57426925,121.0040187,,,,,,,16,2019-10-04,OSP
MNL004 LP35 NP1-2,MNL004,LP35,NP1-2,MNL004 LP35,Zamora Pandacan,MANILA,3,2,BARANGAY 786,,,14.57534444,121.002493,,,,,,,16,2019-10-01,OSP
MNL034 LP118 NP1-2,MNL034,LP118,NP1-2,MNL034 LP118,Benitez,MANILA,3,2,BARANGAY 787,,,14.576968,121.003447,,,,,,,16,2020-07-30,OSP
MNL034 LP118 NP3-4,MNL034,LP118,NP3-4,MNL034 LP118,Benitez,MANILA,3,2,BARANGAY 787,,,14.576666,121.003732,,,,,,,16,2020-07-30,OSP
MNL034 LP118 NP5-6,MNL034,LP118,NP5-6,MNL034 LP118,Benitez,MANILA,3,2,BARANGAY 787,,,14.576641,121.004028,,,,,,,16,2020-07-30,OSP
MNL034 LP118 NP7-8,MNL034,LP118,NP7-8,MNL034 LP118,Benitez,MANILA,3,2,BARANGAY 787,,,14.576607,121.004389,,,,,,,16,2020-07-30,OSP
MNL034 LP119 NP3-4,MNL034,LP119,NP3-4,MNL034 LP119,Benitez,MANILA,3,2,BARANGAY 787,,,14.576359,121.00379,,,,,,,16,2020-07-30,OSP
MNL034 LP119 NP5-6,MNL034,LP119,NP5-6,MNL034 LP119,Benitez,MANILA,3,2,BARANGAY 787,,,14.576385,121.003504,,,,,,,16,2020-07-30,OSP
MNL034 LP119 NP7-8,MNL034,LP119,NP7-8,MNL034 LP119,Benitez,MANILA,3,2,BARANGAY 787,,,14.576878,121.002956,,,,,,,16,2020-07-30,OSP
MNL034 LP115 NP5-6,MNL034,LP115,NP5-6,MNL034 LP115,Benitez,MANILA,3,2,BARANGAY 787,,,14.577036,121.003829,,,,,,,16,2020-07-30,OSP
MNL034 LP115 NP7-8,MNL034,LP115,NP7-8,MNL034 LP115,Benitez,MANILA,3,2,BARANGAY 787,,,14.577001,121.004223,,,,,,,16,2020-07-30,OSP
MNL004 LP592 NP3-4,MNL004,LP592,NP3-4,MNL004 LP592,Zamora Pandacan,MANILA,3,2,BARANGAY 787,,,14.576389,121.003504,,,,,,,16,2023-03-31,OSP
MNL004 LP592 NP5-6,MNL004,LP592,NP5-6,MNL004 LP592,Zamora Pandacan,MANILA,3,2,BARANGAY 787,,,14.576621,121.003236,,,,,,,16,2023-03-31,OSP
MNL004 LP592 NP7-8,MNL004,LP592,NP7-8,MNL004 LP592,Zamora Pandacan,MANILA,3,2,BARANGAY 787,,,14.576886,121.002974,,,,,,,16,2023-03-31,OSP
MNL004 LP593 NP7-8,MNL004,LP593,NP7-8,MNL004 LP593,Zamora Pandacan,MANILA,3,2,BARANGAY 787,,,14.576953,121.003459,,,,,,,16,2023-03-31,OSP
MNL004 LP594 NP1-2,MNL004,LP594,NP1-2,MNL004 LP594,Zamora Pandacan,MANILA,3,2,BARANGAY 787,,,14.576672,121.00371,,,,,,,16,2023-03-31,OSP
MNL004 LP594 NP3-5,MNL004,LP594,NP3-5,MNL004 LP594,Zamora Pandacan,MANILA,3,2,BARANGAY 787,,,14.57664,121.003947,,,,,,,24,2023-03-31,OSP
MNL004 LP594 NP6-8,MNL004,LP594,NP6-8,MNL004 LP594,Zamora Pandacan,MANILA,3,2,BARANGAY 787,,,14.576608,121.004397,,,,,,,24,2023-03-31,OSP
MNL004 LP595 NP3-5,MNL004,LP595,NP3-5,MNL004 LP595,Zamora Pandacan,MANILA,3,2,BARANGAY 787,,,14.576936,121.004791,,,,,,,24,2023-03-31,OSP
MNL004 LP595 NP6-8,MNL004,LP595,NP6-8,MNL004 LP595,Zamora Pandacan,MANILA,3,2,BARANGAY 787,,,14.576994,121.004305,,,,,,,24,2023-03-31,OSP
MNL004 LP596 NP1-2,MNL004,LP596,NP1-2,MNL004 LP596,Zamora Pandacan,MANILA,3,2,BARANGAY 787,,,14.577034,121.003844,,,,,,,16,2023-03-31,OSP
MNL004 LP596 NP3-5,MNL004,LP596,NP3-5,MNL004 LP596,Zamora Pandacan,MANILA,3,2,BARANGAY 787,,,14.577236,121.003582,,,,,,,24,2023-03-31,OSP
MNL004 LP591 NP3-4,MNL004,LP591,NP3-4,MNL004 LP591,Zamora Pandacan,MANILA,3,2,BARANGAY 787,,,14.576289,121.004726,,,,,,,16,2023-03-31,OSP
MNL004 LP591 NP5-6,MNL004,LP591,NP5-6,MNL004 LP591,Zamora Pandacan,MANILA,3,2,BARANGAY 787,,,14.576293,121.004448,,,,,,,16,2023-03-31,OSP
MNL004 LP591 NP7-8,MNL004,LP591,NP7-8,MNL004 LP591,Zamora Pandacan,MANILA,3,2,BARANGAY 787,,,14.576318,121.004145,,,,,,,16,2023-03-31,OSP
MNL004 LP592 NP1-2,MNL004,LP592,NP1-2,MNL004 LP592,Zamora Pandacan,MANILA,3,2,BARANGAY 787,,,14.576389,121.003504,,,,,,,16,2023-03-31,OSP
MNL004 LP32 NP7-8,MNL004,LP32,NP7-8,MNL004 LP32,Zamora Pandacan,MANILA,3,2,BARANGAY 787,,,14.57629243,121.004721,,,,,,,16,2019-10-01,OSP
MNL004 LP33 NP1-2,MNL004,LP33,NP1-2,MNL004 LP33,Zamora Pandacan,MANILA,3,2,BARANGAY 787,,,14.57695186,121.004778,,,,,,,16,2019-10-01,OSP
MNL034 LP114 NP7-8,MNL034,LP114,NP7-8,MNL034 LP114,Benitez,MANILA,3,2,BARANGAY 788,,,14.578254,121.003191,,,,,,,16,2020-07-30,OSP
MNL034 LP115 NP1-2,MNL034,LP115,NP1-2,MNL034 LP115,Benitez,MANILA,3,2,BARANGAY 788,,,14.577787,121.003198,,,,,,,16,2020-07-30,OSP
MNL034 LP115 NP3-4,MNL034,LP115,NP3-4,MNL034 LP115,Benitez,MANILA,3,2,BARANGAY 788,,,14.577455,121.003327,,,,,,,16,2020-07-30,OSP
MNL004 LP593 NP1-2,MNL004,LP593,NP1-2,MNL004 LP593,Zamora Pandacan,MANILA,3,2,BARANGAY 788,,,14.577194,121.002677,,,,,,,16,2023-03-31,OSP
MNL004 LP593 NP3-4,MNL004,LP593,NP3-4,MNL004 LP593,Zamora Pandacan,MANILA,3,2,BARANGAY 788,,,14.57744,121.002876,,,,,,,16,2023-03-31,OSP
MNL004 LP593 NP5-6,MNL004,LP593,NP5-6,MNL004 LP593,Zamora Pandacan,MANILA,3,2,BARANGAY 788,,,14.577177,121.003087,,,,,,,16,2023-03-31,OSP
MNL004 LP596 NP6-8,MNL004,LP596,NP6-8,MNL004 LP596,Zamora Pandacan,MANILA,3,2,BARANGAY 788,,,14.577514,121.00334,,,,,,,24,2023-03-31,OSP
MNL004 LP597 NP1-2,MNL004,LP597,NP1-2,MNL004 LP597,Zamora Pandacan,MANILA,3,2,BARANGAY 788,,,14.577712,121.003512,,,,,,,16,2023-03-31,OSP
MNL004 LP579 NP1-2,MNL004,LP579,NP1-2,MNL004 LP579,Zamora Pandacan,MANILA,3,2,BARANGAY 788,,,14.578242,121.00316,,,,,,,16,2023-03-31,OSP
MNL004 LP579 NP3-5,MNL004,LP579,NP3-5,MNL004 LP579,Zamora Pandacan,MANILA,3,2,BARANGAY 788,,,14.577933,121.003222,,,,,,,24,2023-03-31,OSP
MNL004 LP579 NP6-8,MNL004,LP579,NP6-8,MNL004 LP579,Zamora Pandacan,MANILA,3,2,BARANGAY 788,,,14.57761,121.003091,,,,,,,24,2023-03-31,OSP
MNL004 LP577 NP1-2,MNL004,LP577,NP1-2,MNL004 LP577,Zamora Pandacan,MANILA,3,2,BARANGAY 788,,,14.579036,121.004353,,,,,,,16,2023-03-31,OSP
MNL004 LP577 NP3-5,MNL004,LP577,NP3-5,MNL004 LP577,Zamora Pandacan,MANILA,3,2,BARANGAY 788,,,14.578781,121.004136,,,,,,,24,2023-03-31,OSP
MNL004 LP577 NP6-8,MNL004,LP577,NP6-8,MNL004 LP577,Zamora Pandacan,MANILA,3,2,BARANGAY 788,,,14.578443,121.003977,,,,,,,24,2023-03-31,OSP
MNL004 LP578 NP1-2,MNL004,LP578,NP1-2,MNL004 LP578,Zamora Pandacan,MANILA,3,2,BARANGAY 788,,,14.578046,121.003668,,,,,,,16,2023-03-31,OSP
MNL004 LP578 NP3-5,MNL004,LP578,NP3-5,MNL004 LP578,Zamora Pandacan,MANILA,3,2,BARANGAY 788,,,14.578046,121.003668,,,,,,,24,2023-03-31,OSP
MNL004 LP578 NP6-8,MNL004,LP578,NP6-8,MNL004 LP578,Zamora Pandacan,MANILA,3,2,BARANGAY 788,,,14.578295,121.003289,,,,,,,24,2023-03-31,OSP
MNL004 LP29 NP5-6,MNL004,LP29,NP5-6,MNL004 LP29,Zamora Pandacan,MANILA,3,2,BARANGAY 788,,,14.57879587,121.0041538,,,,,,,16,2019-10-01,OSP
MNL004 LP30 NP1-2,MNL004,LP30,NP1-2,MNL004 LP30,Zamora Pandacan,MANILA,3,2,BARANGAY 788,,,14.57805458,121.0036887,,,,,,,16,2019-10-01,OSP
MNL004 LP30 NP3-4,MNL004,LP30,NP3-4,MNL004 LP30,Zamora Pandacan,MANILA,3,2,BARANGAY 788,,,14.57770918,121.0035125,,,,,,,16,2019-10-01,OSP
MNL004 LP30 NP5-6,MNL004,LP30,NP5-6,MNL004 LP30,Zamora Pandacan,MANILA,3,2,BARANGAY 788,,,14.57717446,121.0030701,,,,,,,16,2019-10-01,OSP
MNL004 LP30 NP7-8,MNL004,LP30,NP7-8,MNL004 LP30,Zamora Pandacan,MANILA,3,2,BARANGAY 788,,,14.57743772,121.0028712,,,,,,,16,2019-10-01,OSP
MNL004 LP31 NP1-2,MNL004,LP31,NP1-2,MNL004 LP31,Zamora Pandacan,MANILA,3,2,BARANGAY 788,,,14.57719663,121.0026966,,,,,,,16,2019-10-01,OSP
MNL034 LP116 NP3-4,MNL034,LP116,NP3-4,MNL034 LP116,Benitez,MANILA,3,2,BARANGAY 789,,,14.578653,121.004457,,,,,,,16,2020-07-30,OSP
MNL034 LP116 NP5-6,MNL034,LP116,NP5-6,MNL034 LP116,Benitez,MANILA,3,2,BARANGAY 789,,,14.57784,121.004555,,,,,,,16,2020-07-30,OSP
MNL034 LP116 NP7-8,MNL034,LP116,NP7-8,MNL034 LP116,Benitez,MANILA,3,2,BARANGAY 789,,,14.577293,121.004507,,,,,,,16,2020-07-30,OSP
MNL034 LP117 NP1-2,MNL034,LP117,NP1-2,MNL034 LP117,Benitez,MANILA,3,2,BARANGAY 789,,,14.577319,121.004135,,,,,,,16,2020-07-30,OSP
MNL034 LP117 NP3-4,MNL034,LP117,NP3-4,MNL034 LP117,Benitez,MANILA,3,2,BARANGAY 789,,,14.577939,121.004247,,,,,,,16,2020-07-30,OSP
MNL004 LP600 NP1-2,MNL004,LP600,NP1-2,MNL004 LP600,Zamora Pandacan,MANILA,3,2,BARANGAY 789,,,14.578301,121.004597,,,,,,,16,2023-03-31,OSP
MNL004 LP600 NP3-5,MNL004,LP600,NP3-5,MNL004 LP600,Zamora Pandacan,MANILA,3,2,BARANGAY 789,,,14.578479,121.004606,,,,,,,24,2023-03-31,OSP
MNL004 LP600 NP6-8,MNL004,LP600,NP6-8,MNL004 LP600,Zamora Pandacan,MANILA,3,2,BARANGAY 789,,,14.578667,121.004447,,,,,,,24,2023-03-31,OSP
MNL004 LP597 NP3-5,MNL004,LP597,NP3-5,MNL004 LP597,Zamora Pandacan,MANILA,3,2,BARANGAY 789,,,14.577493,121.003764,,,,,,,24,2023-03-31,OSP
MNL004 LP597 NP6-8,MNL004,LP597,NP6-8,MNL004 LP597,Zamora Pandacan,MANILA,3,2,BARANGAY 789,,,14.577799,121.003854,,,,,,,24,2023-03-31,OSP
MNL004 LP598 NP1-2,MNL004,LP598,NP1-2,MNL004 LP598,Zamora Pandacan,MANILA,3,2,BARANGAY 789,,,14.578211,121.004087,,,,,,,16,2023-03-31,OSP
MNL004 LP598 NP3-5,MNL004,LP598,NP3-5,MNL004 LP598,Zamora Pandacan,MANILA,3,2,BARANGAY 789,,,14.578373,121.004217,,,,,,,24,2023-03-31,OSP
MNL004 LP598 NP6-8,MNL004,LP598,NP6-8,MNL004 LP598,Zamora Pandacan,MANILA,3,2,BARANGAY 789,,,14.577962,121.004261,,,,,,,24,2023-03-31,OSP
MNL004 LP599 NP1-2,MNL004,LP599,NP1-2,MNL004 LP599,Zamora Pandacan,MANILA,3,2,BARANGAY 789,,,14.577607,121.004233,,,,,,,16,2023-03-31,OSP
MNL004 LP599 NP3-4,MNL004,LP599,NP3-4,MNL004 LP599,Zamora Pandacan,MANILA,3,2,BARANGAY 789,,,14.577332,121.004132,,,,,,,16,2023-03-31,OSP
MNL004 LP599 NP5-6,MNL004,LP599,NP5-6,MNL004 LP599,Zamora Pandacan,MANILA,3,2,BARANGAY 789,,,14.577284,121.004502,,,,,,,16,2023-03-31,OSP
MNL004 LP599 NP7-8,MNL004,LP599,NP7-8,MNL004 LP599,Zamora Pandacan,MANILA,3,2,BARANGAY 789,,,14.577845,121.004561,,,,,,,16,2023-03-31,OSP
MNL004 LP576 NP6-8,MNL004,LP576,NP6-8,MNL004 LP576,Zamora Pandacan,MANILA,3,2,BARANGAY 789,,,14.579106,121.004619,,,,,,,24,2023-03-31,OSP
MNL004 LP34 NP1-2,MNL004,LP34,NP1-2,MNL004 LP34,Zamora Pandacan,MANILA,3,2,BARANGAY 789,,,14.57837034,121.0042256,,,,,,,16,2019-10-01,OSP
MNL004 LP34 NP3-4,MNL004,LP34,NP3-4,MNL004 LP34,Zamora Pandacan,MANILA,3,2,BARANGAY 789,,,14.57780005,121.0038533,,,,,,,16,2019-10-01,OSP
MNL004 LP34 NP5-6,MNL004,LP34,NP5-6,MNL004 LP34,Zamora Pandacan,MANILA,3,2,BARANGAY 789,,,14.5775153,121.0038847,,,,,,,16,2019-10-01,OSP
MNL004 LP29 NP3-4,MNL004,LP29,NP3-4,MNL004 LP29,Zamora Pandacan,MANILA,3,2,BARANGAY 789,,,14.57910237,121.0044403,,,,,,,16,2019-10-01,OSP
MNL004 LP29 NP7-8,MNL004,LP29,NP7-8,MNL004 LP29,Zamora Pandacan,MANILA,3,2,BARANGAY 789,,,14.57833636,121.0039109,,,,,,,16,2019-10-01,OSP
MNL034 LP113 NP1-2,MNL034,LP113,NP1-2,MNL034 LP113,Benitez,MANILA,3,2,BARANGAY 790,,,14.576811,121.006025,,,,,,,16,2020-07-30,OSP
MNL034 LP114 NP1-2,MNL034,LP114,NP1-2,MNL034 LP114,Benitez,MANILA,3,2,BARANGAY 790,,,14.579105,121.005018,,,,,,,16,2020-07-30,OSP
MNL034 LP114 NP3-4,MNL034,LP114,NP3-4,MNL034 LP114,Benitez,MANILA,3,2,BARANGAY 790,,,14.578818,121.005276,,,,,,,16,2020-07-30,OSP
MNL034 LP114 NP5-6,MNL034,LP114,NP5-6,MNL034 LP114,Benitez,MANILA,3,2,BARANGAY 790,,,14.578261,121.00523,,,,,,,16,2020-07-30,OSP
MNL034 LP116 NP1-2,MNL034,LP116,NP1-2,MNL034 LP116,Benitez,MANILA,3,2,BARANGAY 790,,,14.577963,121.004877,,,,,,,16,2020-07-30,OSP
MNL034 LP112 NP3-4,MNL034,LP112,NP3-4,MNL034 LP112,Benitez,MANILA,3,2,BARANGAY 790,,,14.577443,121.005962,,,,,,,16,2020-07-30,OSP
MNL034 LP112 NP7-8,MNL034,LP112,NP7-8,MNL034 LP112,Benitez,MANILA,3,2,BARANGAY 790,,,14.576843,121.005357,,,,,,,16,2020-07-30,OSP
MNL004 LP8 NP1-2,MNL004,LP8,NP1-2,MNL004 LP8,Zamora Pandacan,MANILA,3,2,BARANGAY 790,,,14.57713354,121.0056823,,,,,,,16,2019-10-04,OSP
MNL004 LP8 NP3-4,MNL004,LP8,NP3-4,MNL004 LP8,Zamora Pandacan,MANILA,3,2,BARANGAY 790,,,14.57747939,121.0053137,,,,,,,16,2019-10-04,OSP
MNL004 LP8 NP5-6,MNL004,LP8,NP5-6,MNL004 LP8,Zamora Pandacan,MANILA,3,2,BARANGAY 790,,,14.57833354,121.0052182,,,,,,,16,2019-10-04,OSP
MNL004 LP8 NP7-8,MNL004,LP8,NP7-8,MNL004 LP8,Zamora Pandacan,MANILA,3,2,BARANGAY 790,,,14.5791188,121.0052643,,,,,,,16,2019-10-04,OSP
MNL004 LP725 NP1-2,MNL004,LP725,NP1-2,MNL004 LP725,Zamora Pandacan,MANILA,3,2,BARANGAY 790,,,14.575219,121.005093,,,,,,,16,2022-10-19,OSP
MNL004 LP725 NP3-5,MNL004,LP725,NP3-5,MNL004 LP725,Zamora Pandacan,MANILA,3,2,BARANGAY 790,,,14.575444,121.005309,,,,,,,24,2022-10-19,OSP
MNL004 LP615 NP1-2,MNL004,LP615,NP1-2,MNL004 LP615,Zamora Pandacan,MANILA,3,2,BARANGAY 790,,,14.576248,121.005951,,,,,,,16,2023-03-31,OSP
MNL004 LP615 NP3-5,MNL004,LP615,NP3-5,MNL004 LP615,Zamora Pandacan,MANILA,3,2,BARANGAY 790,,,14.575889,121.005617,,,,,,,24,2023-03-31,OSP
MNL004 LP615 NP6-8,MNL004,LP615,NP6-8,MNL004 LP615,Zamora Pandacan,MANILA,3,2,BARANGAY 790,,,14.575525,121.005243,,,,,,,24,2023-03-31,OSP
MNL004 LP7 NP3-4,MNL004,LP7,NP3-4,MNL004 LP7,Zamora Pandacan,MANILA,3,2,BARANGAY 790,,,14.57643401,121.006315,,,,,,,16,2019-10-04,OSP
MNL004 LP7 NP5-6,MNL004,LP7,NP5-6,MNL004 LP7,Zamora Pandacan,MANILA,3,2,BARANGAY 790,,,14.57591885,121.0058035,,,,,,,16,2019-10-04,OSP
MNL004 LP613 NP5-6,MNL004,LP613,NP5-6,MNL004 LP613,Zamora Pandacan,MANILA,3,2,BARANGAY 790,,,14.576799,121.006514,,,,,,,16,2023-03-31,OSP
MNL004 LP613 NP7-8,MNL004,LP613,NP7-8,MNL004 LP613,Zamora Pandacan,MANILA,3,2,BARANGAY 790,,,14.576582,121.006283,,,,,,,16,2023-03-31,OSP
MNL004 LP606 NP6-8,MNL004,LP606,NP6-8,MNL004 LP606,Zamora Pandacan,MANILA,3,2,BARANGAY 790,,,14.57742,121.005933,,,,,,,24,2023-03-31,OSP
MNL004 LP607 NP1-2,MNL004,LP607,NP1-2,MNL004 LP607,Zamora Pandacan,MANILA,3,2,BARANGAY 790,,,14.57742,121.005933,,,,,,,16,2023-03-31,OSP
MNL004 LP607 NP3-5,MNL004,LP607,NP3-5,MNL004 LP607,Zamora Pandacan,MANILA,3,2,BARANGAY 790,,,14.577369,121.00543,,,,,,,24,2023-03-31,OSP
MNL004 LP607 NP6-8,MNL004,LP607,NP6-8,MNL004 LP607,Zamora Pandacan,MANILA,3,2,BARANGAY 790,,,14.577486,121.005268,,,,,,,24,2023-03-31,OSP
MNL004 LP608 NP1-2,MNL004,LP608,NP1-2,MNL004 LP608,Zamora Pandacan,MANILA,3,2,BARANGAY 790,,,14.577104,121.005616,,,,,,,16,2023-03-31,OSP
MNL004 LP608 NP3-5,MNL004,LP608,NP3-5,MNL004 LP608,Zamora Pandacan,MANILA,3,2,BARANGAY 790,,,14.576867,121.005976,,,,,,,24,2023-03-31,OSP
MNL004 LP608 NP6-8,MNL004,LP608,NP6-8,MNL004 LP608,Zamora Pandacan,MANILA,3,2,BARANGAY 790,,,14.57677,121.006072,,,,,,,24,2023-03-31,OSP
MNL004 LP609 NP1-2,MNL004,LP609,NP1-2,MNL004 LP609,Zamora Pandacan,MANILA,3,2,BARANGAY 790,,,14.576841,121.005352,,,,,,,16,2023-03-31,OSP
MNL004 LP609 NP3-5,MNL004,LP609,NP3-5,MNL004 LP609,Zamora Pandacan,MANILA,3,2,BARANGAY 790,,,14.576646,121.005555,,,,,,,24,2023-03-31,OSP
MNL004 LP609 NP6-8,MNL004,LP609,NP6-8,MNL004 LP609,Zamora Pandacan,MANILA,3,2,BARANGAY 790,,,14.576453,121.005756,,,,,,,24,2023-03-31,OSP
MNL004 LP601 NP1-2,MNL004,LP601,NP1-2,MNL004 LP601,Zamora Pandacan,MANILA,3,2,BARANGAY 790,,,14.578844,121.004964,,,,,,,16,2023-03-31,OSP
MNL004 LP601 NP3-5,MNL004,LP601,NP3-5,MNL004 LP601,Zamora Pandacan,MANILA,3,2,BARANGAY 790,,,14.578682,121.00495,,,,,,,24,2023-03-31,OSP
MNL004 LP601 NP6-8,MNL004,LP601,NP6-8,MNL004 LP601,Zamora Pandacan,MANILA,3,2,BARANGAY 790,,,14.578413,121.004929,,,,,,,24,2023-03-31,OSP
MNL004 LP602 NP1-2,MNL004,LP602,NP1-2,MNL004 LP602,Zamora Pandacan,MANILA,3,2,BARANGAY 790,,,14.577684,121.004861,,,,,,,16,2023-03-31,OSP
MNL004 LP602 NP3-4,MNL004,LP602,NP3-4,MNL004 LP602,Zamora Pandacan,MANILA,3,2,BARANGAY 790,,,14.577209,121.004797,,,,,,,16,2023-03-31,OSP
MNL004 LP595 NP1-2,MNL004,LP595,NP1-2,MNL004 LP595,Zamora Pandacan,MANILA,3,2,BARANGAY 790,,,14.57658,121.004751,,,,,,,16,2023-03-31,OSP
MNL004 LP580 NP1-2,MNL004,LP580,NP1-2,MNL004 LP580,Zamora Pandacan,MANILA,3,2,BARANGAY 790,,,14.57883,121.005285,,,,,,,16,2023-03-31,OSP
MNL004 LP580 NP3-4,MNL004,LP580,NP3-4,MNL004 LP580,Zamora Pandacan,MANILA,3,2,BARANGAY 790,,,14.578573,121.005263,,,,,,,16,2023-03-31,OSP
MNL004 LP580 NP5-6,MNL004,LP580,NP5-6,MNL004 LP580,Zamora Pandacan,MANILA,3,2,BARANGAY 790,,,14.578294,121.005241,,,,,,,16,2023-03-31,OSP
MNL004 LP580 NP7-8,MNL004,LP580,NP7-8,MNL004 LP580,Zamora Pandacan,MANILA,3,2,BARANGAY 790,,,14.577981,121.005206,,,,,,,16,2023-03-31,OSP
MNL004 LP581 NP1-2,MNL004,LP581,NP1-2,MNL004 LP581,Zamora Pandacan,MANILA,3,2,BARANGAY 790,,,14.577409,121.00513,,,,,,,16,2023-03-31,OSP
MNL004 LP581 NP3-5,MNL004,LP581,NP3-5,MNL004 LP581,Zamora Pandacan,MANILA,3,2,BARANGAY 790,,,14.577158,121.005122,,,,,,,24,2023-03-31,OSP
MNL004 LP581 NP6-8,MNL004,LP581,NP6-8,MNL004 LP581,Zamora Pandacan,MANILA,3,2,BARANGAY 790,,,14.57664,121.005073,,,,,,,24,2023-03-31,OSP
MNL004 LP582 NP1-2,MNL004,LP582,NP1-2,MNL004 LP582,Zamora Pandacan,MANILA,3,2,BARANGAY 790,,,14.576353,121.005051,,,,,,,16,2023-03-31,OSP
MNL004 LP582 NP3-5,MNL004,LP582,NP3-5,MNL004 LP582,Zamora Pandacan,MANILA,3,2,BARANGAY 790,,,14.576082,121.005016,,,,,,,24,2023-03-31,OSP
MNL004 LP582 NP6-8,MNL004,LP582,NP6-8,MNL004 LP582,Zamora Pandacan,MANILA,3,2,BARANGAY 790,,,14.575639,121.00496,,,,,,,24,2023-03-31,OSP
MNL004 LP576 NP1-2,MNL004,LP576,NP1-2,MNL004 LP576,Zamora Pandacan,MANILA,3,2,BARANGAY 790,,,14.579132,121.005264,,,,,,,16,2023-03-31,OSP
MNL004 LP576 NP3-5,MNL004,LP576,NP3-5,MNL004 LP576,Zamora Pandacan,MANILA,3,2,BARANGAY 790,,,14.57911,121.005025,,,,,,,24,2023-03-31,OSP
MNL004 LP9 NP1-2,MNL004,LP9,NP1-2,MNL004 LP9,Zamora Pandacan,MANILA,3,2,BARANGAY 790,,,14.57720163,121.0051163,,,,,,,16,2019-10-04,OSP
MNL004 LP9 NP3-4,MNL004,LP9,NP3-4,MNL004 LP9,Zamora Pandacan,MANILA,3,2,BARANGAY 790,,,14.57664401,121.005065,,,,,,,16,2019-10-04,OSP
MNL004 LP9 NP5-6,MNL004,LP9,NP5-6,MNL004 LP9,Zamora Pandacan,MANILA,3,2,BARANGAY 790,,,14.57604905,121.0050071,,,,,,,16,2019-10-04,OSP
MNL004 LP9 NP7-8,MNL004,LP9,NP7-8,MNL004 LP9,Zamora Pandacan,MANILA,3,2,BARANGAY 790,,,14.57563878,121.0047911,,,,,,,16,2019-10-04,OSP
MNL004 LP733 NP3-5,MNL004,LP733,NP3-5,MNL004 LP733,Zamora Pandacan,MANILA,3,2,BARANGAY 790,,,14.57595,121.005814,,,,,,,24,2022-10-19,OSP
MNL004 LP733 NP6-8,MNL004,LP733,NP6-8,MNL004 LP733,Zamora Pandacan,MANILA,3,2,BARANGAY 790,,,14.576201,121.006045,,,,,,,24,2022-10-19,OSP
MNL004 LP734 NP1-2,MNL004,LP734,NP1-2,MNL004 LP734,Zamora Pandacan,MANILA,3,2,BARANGAY 790,,,14.576453,121.006281,,,,,,,16,2022-10-19,OSP
MNL004 LP734 NP3-5,MNL004,LP734,NP3-5,MNL004 LP734,Zamora Pandacan,MANILA,3,2,BARANGAY 790,,,14.576664,121.006522,,,,,,,24,2022-10-19,OSP
MNL004 LP734 NP6-8,MNL004,LP734,NP6-8,MNL004 LP734,Zamora Pandacan,MANILA,3,2,BARANGAY 790,,,14.576664,121.006522,,,,,,,24,2022-10-19,OSP
MNL004 LP131 NP1-2,MNL004,LP131,NP1-2,MNL004 LP131,Zamora Pandacan,MANILA,3,2,BARANGAY 790,,,14.57619,121.006042,,,,,,,16,2020-10-27,OSP
MNL004 LP131 NP3-4,MNL004,LP131,NP3-4,MNL004 LP131,Zamora Pandacan,MANILA,3,2,BARANGAY 790,,,14.576662,121.006534,,,,,,,16,2020-10-27,OSP
MNL004 LP131 NP7-8,MNL004,LP131,NP7-8,MNL004 LP131,Zamora Pandacan,MANILA,3,2,BARANGAY 790,,,14.575718,121.005589,,,,,,,16,2020-10-27,OSP
MNL004 LP10 NP1-2,MNL004,LP10,NP1-2,MNL004 LP10,Zamora Pandacan,MANILA,3,2,BARANGAY 790,,,14.57518199,121.0049228,,,,,,,16,2019-10-04,OSP
MNL004 LP29 NP1-2,MNL004,LP29,NP1-2,MNL004 LP29,Zamora Pandacan,MANILA,3,2,BARANGAY 790,,,14.5792981,121.0054343,,,,,,,16,2019-10-01,OSP
MNL004 LP33 NP3-4,MNL004,LP33,NP3-4,MNL004 LP33,Zamora Pandacan,MANILA,3,2,BARANGAY 790,,,14.57721819,121.0048006,,,,,,,16,2019-10-01,OSP
MNL004 LP33 NP5-6,MNL004,LP33,NP5-6,MNL004 LP33,Zamora Pandacan,MANILA,3,2,BARANGAY 790,,,14.5776964,121.0048599,,,,,,,16,2019-10-01,OSP
MNL004 LP33 NP7-8,MNL004,LP33,NP7-8,MNL004 LP33,Zamora Pandacan,MANILA,3,2,BARANGAY 790,,,14.57884582,121.0049321,,,,,,,16,2019-10-01,OSP
MNL034 LP113 NP3-4,MNL034,LP113,NP3-4,MNL034 LP113,Benitez,MANILA,3,2,BARANGAY 791,,,14.577232,121.006579,,,,,,,16,2020-07-30,OSP
MNL034 LP113 NP5-6,MNL034,LP113,NP5-6,MNL034 LP113,Benitez,MANILA,3,2,BARANGAY 791,,,14.577197,121.007073,,,,,,,16,2020-07-30,OSP
MNL034 LP112 NP1-2,MNL034,LP112,NP1-2,MNL034 LP112,Benitez,MANILA,3,2,BARANGAY 791,,,14.577943,121.006406,,,,,,,16,2020-07-30,OSP
MNL034 LP112 NP5-6,MNL034,LP112,NP5-6,MNL034 LP112,Benitez,MANILA,3,2,BARANGAY 791,,,14.577807,121.005993,,,,,,,16,2020-07-30,OSP
MNL004 LP610 NP3-4,MNL004,LP610,NP3-4,MNL004 LP610,Zamora Pandacan,MANILA,3,2,BARANGAY 791,,,14.577985,121.006431,,,,,,,16,2023-03-31,OSP
MNL004 LP610 NP5-6,MNL004,LP610,NP5-6,MNL004 LP610,Zamora Pandacan,MANILA,3,2,BARANGAY 791,,,14.577797,121.006311,,,,,,,16,2023-03-31,OSP
MNL004 LP613 NP1-2,MNL004,LP613,NP1-2,MNL004 LP613,Zamora Pandacan,MANILA,3,2,BARANGAY 791,,,14.577222,121.006927,,,,,,,16,2023-03-31,OSP
MNL004 LP613 NP3-4,MNL004,LP613,NP3-4,MNL004 LP613,Zamora Pandacan,MANILA,3,2,BARANGAY 791,,,14.576995,121.006718,,,,,,,16,2023-03-31,OSP
MNL004 LP614 NP1-2,MNL004,LP614,NP1-2,MNL004 LP614,Zamora Pandacan,MANILA,3,2,BARANGAY 791,,,14.577225,121.006596,,,,,,,16,2023-03-31,OSP
MNL004 LP614 NP3-5,MNL004,LP614,NP3-5,MNL004 LP614,Zamora Pandacan,MANILA,3,2,BARANGAY 791,,,14.577382,121.006427,,,,,,,24,2023-03-31,OSP
MNL004 LP614 NP6-8,MNL004,LP614,NP6-8,MNL004 LP614,Zamora Pandacan,MANILA,3,2,BARANGAY 791,,,14.577382,121.006427,,,,,,,24,2023-03-31,OSP
MNL004 LP605 NP6-8,MNL004,LP605,NP6-8,MNL004 LP605,Zamora Pandacan,MANILA,3,2,BARANGAY 791,,,14.57785,121.005928,,,,,,,24,2023-03-31,OSP
MNL004 LP606 NP1-2,MNL004,LP606,NP1-2,MNL004 LP606,Zamora Pandacan,MANILA,3,2,BARANGAY 791,,,14.577637,121.00616,,,,,,,16,2023-03-31,OSP
MNL004 LP606 NP3-5,MNL004,LP606,NP3-5,MNL004 LP606,Zamora Pandacan,MANILA,3,2,BARANGAY 791,,,14.577637,121.00616,,,,,,,24,2023-03-31,OSP
MNL004 LP604 NP1-2,MNL004,LP604,NP1-2,MNL004 LP604,Zamora Pandacan,MANILA,3,2,BARANGAY 791,,,14.578585,121.005852,,,,,,,16,2023-03-31,OSP
MNL004 LP604 NP3-5,MNL004,LP604,NP3-5,MNL004 LP604,Zamora Pandacan,MANILA,3,2,BARANGAY 791,,,14.578412,121.005689,,,,,,,24,2023-03-31,OSP
MNL004 LP604 NP6-8,MNL004,LP604,NP6-8,MNL004 LP604,Zamora Pandacan,MANILA,3,2,BARANGAY 791,,,14.578241,121.005519,,,,,,,24,2023-03-31,OSP
MNL004 LP605 NP1-2,MNL004,LP605,NP1-2,MNL004 LP605,Zamora Pandacan,MANILA,3,2,BARANGAY 791,,,14.578043,121.005726,,,,,,,16,2023-03-31,OSP
MNL004 LP605 NP3-5,MNL004,LP605,NP3-5,MNL004 LP605,Zamora Pandacan,MANILA,3,2,BARANGAY 791,,,14.57785,121.005928,,,,,,,24,2023-03-31,OSP
MNL004 LP6 NP5-6,MNL004,LP6,NP5-6,MNL004 LP6,Zamora Pandacan,MANILA,3,2,BARANGAY 791,,,14.57847638,121.0057515,,,,,,,16,2019-10-04,OSP
MNL004 LP6 NP7-8,MNL004,LP6,NP7-8,MNL004 LP6,Zamora Pandacan,MANILA,3,2,BARANGAY 791,,,14.57825813,121.0055464,,,,,,,16,2019-10-04,OSP
MNL004 LP738 NP3-5,MNL004,LP738,NP3-5,MNL004 LP738,Zamora Pandacan,MANILA,3,2,BARANGAY 791,,,14.577082,121.006956,,,,,,,24,2022-10-19,OSP
MNL004 LP738 NP6-8,MNL004,LP738,NP6-8,MNL004 LP738,Zamora Pandacan,MANILA,3,2,BARANGAY 791,,,14.577082,121.006956,,,,,,,24,2022-10-19,OSP
MNL004 LP739 NP1-2,MNL004,LP739,NP1-2,MNL004 LP739,Zamora Pandacan,MANILA,3,2,BARANGAY 791,,,14.577387,121.007238,,,,,,,16,2022-10-19,OSP
MNL034 LP103 NP5-6,MNL034,LP103,NP5-6,MNL034 LP103,Benitez,MANILA,3,2,BARANGAY 792,,,14.579193,121.005742,,,,,,,16,2020-06-22,OSP
MNL034 LP103 NP7-8,MNL034,LP103,NP7-8,MNL034 LP103,Benitez,MANILA,3,2,BARANGAY 792,,,14.578612,121.006389,,,,,,,16,2020-06-22,OSP
MNL034 LP104 NP1-2,MNL034,LP104,NP1-2,MNL034 LP104,Benitez,MANILA,3,2,BARANGAY 792,,,14.577938,121.007109,,,,,,,16,2020-06-22,OSP
MNL034 LP87 NP5-6,MNL034,LP87,NP5-6,MNL034 LP87,Benitez,MANILA,3,2,BARANGAY 792,,,14.579323,121.005948,,,,,,,16,2020-06-22,OSP
MNL034 LP87 NP7-8,MNL034,LP87,NP7-8,MNL034 LP87,Benitez,MANILA,3,2,BARANGAY 792,,,14.579164,121.006177,,,,,,,16,2020-06-22,OSP
MNL034 LP88 NP1-2,MNL034,LP88,NP1-2,MNL034 LP88,Benitez,MANILA,3,2,BARANGAY 792,,,14.578865,121.006481,,,,,,,16,2020-06-22,OSP
MNL034 LP88 NP3-4,MNL034,LP88,NP3-4,MNL034 LP88,Benitez,MANILA,3,2,BARANGAY 792,,,14.578537,121.006843,,,,,,,16,2020-06-22,OSP
MNL034 LP86 NP3-4,MNL034,LP86,NP3-4,MNL034 LP86,Benitez,MANILA,3,2,BARANGAY 792,,,14.578653,121.007963,,,,,,,16,2020-06-22,OSP
MNL034 LP86 NP5-6,MNL034,LP86,NP5-6,MNL034 LP86,Benitez,MANILA,3,2,BARANGAY 792,,,14.578623,121.007564,,,,,,,16,2020-06-22,OSP
MNL004 LP651 NP1-2,MNL004,LP651,NP1-2,MNL004 LP651,Zamora Pandacan,MANILA,3,2,BARANGAY 792,,,14.578673,121.008525,,,,,,,16,2022-07-27,OSP
MNL004 LP651 NP3-5,MNL004,LP651,NP3-5,MNL004 LP651,Zamora Pandacan,MANILA,3,2,BARANGAY 792,,,14.578525,121.008379,,,,,,,24,2022-07-27,OSP
MNL004 LP5 NP5-6,MNL004,LP5,NP5-6,MNL004 LP5,Zamora Pandacan,MANILA,3,2,BARANGAY 792,,,14.57847929,121.0081653,,,,,,,16,2019-10-04,OSP
MNL004 LP610 NP1-2,MNL004,LP610,NP1-2,MNL004 LP610,Zamora Pandacan,MANILA,3,2,BARANGAY 792,,,14.578257,121.006782,,,,,,,16,2023-03-31,OSP
MNL004 LP610 NP7-8,MNL004,LP610,NP7-8,MNL004 LP610,Zamora Pandacan,MANILA,3,2,BARANGAY 792,,,14.577947,121.007133,,,,,,,16,2023-03-31,OSP
MNL004 LP611 NP1-2,MNL004,LP611,NP1-2,MNL004 LP611,Zamora Pandacan,MANILA,3,2,BARANGAY 792,,,14.577776,121.007322,,,,,,,16,2023-03-31,OSP
MNL004 LP611 NP3-5,MNL004,LP611,NP3-5,MNL004 LP611,Zamora Pandacan,MANILA,3,2,BARANGAY 792,,,14.577694,121.007411,,,,,,,24,2023-03-31,OSP
MNL004 LP611 NP6-8,MNL004,LP611,NP6-8,MNL004 LP611,Zamora Pandacan,MANILA,3,2,BARANGAY 792,,,14.57796,121.007672,,,,,,,24,2023-03-31,OSP
MNL004 LP612 NP1-2,MNL004,LP612,NP1-2,MNL004 LP612,Zamora Pandacan,MANILA,3,2,BARANGAY 792,,,14.578263,121.007966,,,,,,,16,2023-03-31,OSP
MNL004 LP612 NP3-5,MNL004,LP612,NP3-5,MNL004 LP612,Zamora Pandacan,MANILA,3,2,BARANGAY 792,,,14.578476,121.008164,,,,,,,24,2023-03-31,OSP
MNL004 LP612 NP6-8,MNL004,LP612,NP6-8,MNL004 LP612,Zamora Pandacan,MANILA,3,2,BARANGAY 792,,,14.578748,121.008444,,,,,,,24,2023-03-31,OSP
MNL004 LP603 NP1-2,MNL004,LP603,NP1-2,MNL004 LP603,Zamora Pandacan,MANILA,3,2,BARANGAY 792,,,14.579217,121.005736,,,,,,,16,2023-03-31,OSP
MNL004 LP603 NP3-4,MNL004,LP603,NP3-4,MNL004 LP603,Zamora Pandacan,MANILA,3,2,BARANGAY 792,,,14.578938,121.006016,,,,,,,16,2023-03-31,OSP
MNL004 LP603 NP5-6,MNL004,LP603,NP5-6,MNL004 LP603,Zamora Pandacan,MANILA,3,2,BARANGAY 792,,,14.578808,121.006167,,,,,,,16,2023-03-31,OSP
MNL004 LP603 NP7-8,MNL004,LP603,NP7-8,MNL004 LP603,Zamora Pandacan,MANILA,3,2,BARANGAY 792,,,14.578637,121.006359,,,,,,,16,2023-03-31,OSP
MNL004 LP6 NP1-2,MNL004,LP6,NP1-2,MNL004 LP6,Zamora Pandacan,MANILA,3,2,BARANGAY 792,,,14.57825649,121.0068033,,,,,,,16,2019-10-04,OSP
MNL004 LP6 NP3-4,MNL004,LP6,NP3-4,MNL004 LP6,Zamora Pandacan,MANILA,3,2,BARANGAY 792,,,14.57887907,121.006137,,,,,,,16,2019-10-04,OSP
MNL004 LP740 NP1-2,MNL004,LP740,NP1-2,MNL004 LP740,Zamora Pandacan,MANILA,3,2,BARANGAY 792,,,14.577798,121.007646,,,,,,,16,2022-10-19,OSP
MNL004 LP740 NP3-5,MNL004,LP740,NP3-5,MNL004 LP740,Zamora Pandacan,MANILA,3,2,BARANGAY 792,,,14.577938,121.007798,,,,,,,24,2022-10-19,OSP
MNL004 LP740 NP6-8,MNL004,LP740,NP6-8,MNL004 LP740,Zamora Pandacan,MANILA,3,2,BARANGAY 792,,,14.577938,121.007798,,,,,,,24,2022-10-19,OSP
MNL004 LP573 NP6-8,MNL004,LP573,NP6-8,MNL004 LP573,Zamora Pandacan,MANILA,3,2,BARANGAY 792,,,14.578648,121.007958,,,,,,,24,2023-03-31,OSP
MNL004 LP574 NP1-2,MNL004,LP574,NP1-2,MNL004 LP574,Zamora Pandacan,MANILA,3,2,BARANGAY 792,,,14.578623,121.007565,,,,,,,16,2023-03-31,OSP
MNL004 LP574 NP3-5,MNL004,LP574,NP3-5,MNL004 LP574,Zamora Pandacan,MANILA,3,2,BARANGAY 792,,,14.578875,121.007516,,,,,,,24,2023-03-31,OSP
MNL004 LP575 NP6-8,MNL004,LP575,NP6-8,MNL004 LP575,Zamora Pandacan,MANILA,3,2,BARANGAY 792,,,14.579329,121.005427,,,,,,,24,2023-03-31,OSP
MNL004 LP739 NP3-5,MNL004,LP739,NP3-5,MNL004 LP739,Zamora Pandacan,MANILA,3,2,BARANGAY 792,,,14.577568,121.007433,,,,,,,24,2022-10-19,OSP
MNL004 LP739 NP6-8,MNL004,LP739,NP6-8,MNL004 LP739,Zamora Pandacan,MANILA,3,2,BARANGAY 792,,,14.577568,121.007433,,,,,,,24,2022-10-19,OSP
MNL004 LP569 NP1-2,MNL004,LP569,NP1-2,MNL004 LP569,Zamora Pandacan,MANILA,3,2,BARANGAY 792,,,14.579014,121.006302,,,,,,,16,2023-03-31,OSP
MNL004 LP569 NP3-5,MNL004,LP569,NP3-5,MNL004 LP569,Zamora Pandacan,MANILA,3,2,BARANGAY 792,,,14.578861,121.006474,,,,,,,24,2023-03-31,OSP
MNL004 LP569 NP6-8,MNL004,LP569,NP6-8,MNL004 LP569,Zamora Pandacan,MANILA,3,2,BARANGAY 792,,,14.578861,121.006474,,,,,,,24,2023-03-31,OSP
MNL004 LP570 NP1-2,MNL004,LP570,NP1-2,MNL004 LP570,Zamora Pandacan,MANILA,3,2,BARANGAY 792,,,14.57866,121.006699,,,,,,,16,2023-03-31,OSP
MNL004 LP570 NP3-5,MNL004,LP570,NP3-5,MNL004 LP570,Zamora Pandacan,MANILA,3,2,BARANGAY 792,,,14.578532,121.006846,,,,,,,24,2023-03-31,OSP
MNL004 LP570 NP6-8,MNL004,LP570,NP6-8,MNL004 LP570,Zamora Pandacan,MANILA,3,2,BARANGAY 792,,,14.578532,121.006846,,,,,,,24,2023-03-31,OSP
MNL004 LP568 NP3-5,MNL004,LP568,NP3-5,MNL004 LP568,Zamora Pandacan,MANILA,3,2,BARANGAY 792,,,14.579312,121.005932,,,,,,,24,2023-03-31,OSP
MNL004 LP568 NP6-8,MNL004,LP568,NP6-8,MNL004 LP568,Zamora Pandacan,MANILA,3,2,BARANGAY 792,,,14.579161,121.00617,,,,,,,24,2023-03-31,OSP
MNL034 LP87 NP3-4,MNL034,LP87,NP3-4,MNL034 LP87,Benitez,MANILA,3,2,BARANGAY 793,,,14.57957,121.006952,,,,,,,16,2020-06-22,OSP
MNL034 LP87 NP1-2,MNL034,LP87,NP1-2,MNL034 LP87,Benitez,MANILA,3,2,BARANGAY 793,,,14.579514,121.006646,,,,,,,16,2020-06-22,OSP
MNL004 LP574 NP6-8,MNL004,LP574,NP6-8,MNL004 LP574,Zamora Pandacan,MANILA,3,2,BARANGAY 793,,,14.579209,121.007409,,,,,,,24,2023-03-31,OSP
MNL004 LP571 NP1-2,MNL004,LP571,NP1-2,MNL004 LP571,Zamora Pandacan,MANILA,3,2,BARANGAY 793,,,14.579386,121.006308,,,,,,,16,2023-03-31,OSP
MNL004 LP571 NP3-5,MNL004,LP571,NP3-5,MNL004 LP571,Zamora Pandacan,MANILA,3,2,BARANGAY 793,,,14.579514,121.006642,,,,,,,24,2023-03-31,OSP
MNL004 LP571 NP6-8,MNL004,LP571,NP6-8,MNL004 LP571,Zamora Pandacan,MANILA,3,2,BARANGAY 793,,,14.579514,121.006642,,,,,,,24,2023-03-31,OSP
MNL034 LP66 NP7-8,MNL034,LP66,NP7-8,MNL034 LP66,Benitez,MANILA,3,2,BARANGAY 794,,,14.575708,121.001804,,,,,,,16,2020-06-22,OSP
MNL034 LP66 NP1-2,MNL034,LP66,NP1-2,MNL034 LP66,Benitez,MANILA,3,2,BARANGAY 794,,,14.575201,121.001909,,,,,,,16,2020-06-22,OSP
MNL004 LP625 NP3-4,MNL004,LP625,NP3-4,MNL004 LP625,Zamora Pandacan,MANILA,3,2,BARANGAY 794,,,14.576179,121.001368,,,,,,,16,2023-03-31,OSP
MNL004 LP625 NP5-6,MNL004,LP625,NP5-6,MNL004 LP625,Zamora Pandacan,MANILA,3,2,BARANGAY 794,,,14.575943,121.001139,,,,,,,16,2023-03-31,OSP
MNL004 LP625 NP7-8,MNL004,LP625,NP7-8,MNL004 LP625,Zamora Pandacan,MANILA,3,2,BARANGAY 794,,,14.575686,121.00131,,,,,,,16,2023-03-31,OSP
MNL004 LP626 NP1-2,MNL004,LP626,NP1-2,MNL004 LP626,Zamora Pandacan,MANILA,3,2,BARANGAY 794,,,14.575434,121.001573,,,,,,,16,2023-03-31,OSP
MNL004 LP626 NP3-4,MNL004,LP626,NP3-4,MNL004 LP626,Zamora Pandacan,MANILA,3,2,BARANGAY 794,,,14.575308,121.00171,,,,,,,16,2023-03-31,OSP
MNL004 LP626 NP5-6,MNL004,LP626,NP5-6,MNL004 LP626,Zamora Pandacan,MANILA,3,2,BARANGAY 794,,,14.575196,121.001911,,,,,,,16,2023-03-31,OSP
MNL004 LP626 NP7-8,MNL004,LP626,NP7-8,MNL004 LP626,Zamora Pandacan,MANILA,3,2,BARANGAY 794,,,14.574994,121.002129,,,,,,,16,2023-03-31,OSP
MNL004 LP44 NP5-6,MNL004,LP44,NP5-6,MNL004 LP44,Zamora Pandacan,MANILA,3,2,BARANGAY 794,,,14.57542285,121.0015676,,,,,,,16,2019-10-01,OSP
MNL004 LP44 NP7-8,MNL004,LP44,NP7-8,MNL004 LP44,Zamora Pandacan,MANILA,3,2,BARANGAY 794,,,14.57593314,121.0011404,,,,,,,16,2019-10-01,OSP
MNL004 LP35 NP3-4,MNL004,LP35,NP3-4,MNL004 LP35,Zamora Pandacan,MANILA,3,2,BARANGAY 794,,,14.57521104,121.0023366,,,,,,,16,2019-10-01,OSP
MNL034 LP66 NP3-4,MNL034,LP66,NP3-4,MNL034 LP66,Benitez,MANILA,3,2,BARANGAY 795,,,14.575266,121.001279,,,,,,,16,2020-06-22,OSP
MNL004 LP633 NP6-8,MNL004,LP633,NP6-8,MNL004 LP633,Zamora Pandacan,MANILA,3,2,BARANGAY 795,,,14.574919,121.001688,,,,,,,24,2023-03-31,OSP
MNL004 LP634 NP1-2,MNL004,LP634,NP1-2,MNL004 LP634,Zamora Pandacan,MANILA,3,2,BARANGAY 795,,,14.575068,121.001584,,,,,,,16,2023-03-31,OSP
MNL004 LP634 NP3-4,MNL004,LP634,NP3-4,MNL004 LP634,Zamora Pandacan,MANILA,3,2,BARANGAY 795,,,14.575279,121.001277,,,,,,,16,2023-03-31,OSP
MNL004 LP634 NP5-6,MNL004,LP634,NP5-6,MNL004 LP634,Zamora Pandacan,MANILA,3,2,BARANGAY 795,,,14.575524,121.001027,,,,,,,16,2023-03-31,OSP
MNL004 LP634 NP7-8,MNL004,LP634,NP7-8,MNL004 LP634,Zamora Pandacan,MANILA,3,2,BARANGAY 795,,,14.575524,121.001027,,,,,,,16,2023-03-31,OSP
MNL004 LP44 NP3-4,MNL004,LP44,NP3-4,MNL004 LP44,Zamora Pandacan,MANILA,3,2,BARANGAY 795,,,14.57494533,121.0017089,,,,,,,16,2019-10-01,OSP
MNL034 LP66 NP5-6,MNL034,LP66,NP5-6,MNL034 LP66,Benitez,MANILA,3,2,BARANGAY 796,,,14.574986,121.001135,,,,,,,16,2020-06-22,OSP
MNL004 LP638 NP7-8,MNL004,LP638,NP7-8,MNL004 LP638,Zamora Pandacan,MANILA,3,2,BARANGAY 796,,,14.574917,121.000853,,,,,,,16,2023-03-31,OSP
MNL004 LP633 NP3-5,MNL004,LP633,NP3-5,MNL004 LP633,Zamora Pandacan,MANILA,3,2,BARANGAY 796,,,14.574714,121.001495,,,,,,,24,2023-03-31,OSP
MNL004 LP635 NP1-2,MNL004,LP635,NP1-2,MNL004 LP635,Zamora Pandacan,MANILA,3,2,BARANGAY 796,,,14.574932,121.001194,,,,,,,16,2023-03-31,OSP
MNL004 LP635 NP3-5,MNL004,LP635,NP3-5,MNL004 LP635,Zamora Pandacan,MANILA,3,2,BARANGAY 796,,,14.575122,121.000994,,,,,,,24,2023-03-31,OSP
MNL004 LP635 NP6-8,MNL004,LP635,NP6-8,MNL004 LP635,Zamora Pandacan,MANILA,3,2,BARANGAY 796,,,14.575413,121.000697,,,,,,,24,2023-03-31,OSP
MNL004 LP636 NP1-2,MNL004,LP636,NP1-2,MNL004 LP636,Zamora Pandacan,MANILA,3,2,BARANGAY 796,,,14.575559,121.000527,,,,,,,16,2023-03-31,OSP
MNL004 LP636 NP3-4,MNL004,LP636,NP3-4,MNL004 LP636,Zamora Pandacan,MANILA,3,2,BARANGAY 796,,,14.575505,121.000464,,,,,,,16,2023-03-31,OSP
MNL004 LP636 NP5-6,MNL004,LP636,NP5-6,MNL004 LP636,Zamora Pandacan,MANILA,3,2,BARANGAY 796,,,14.575709,121.000177,,,,,,,16,2023-03-31,OSP
MNL004 LP636 NP7-8,MNL004,LP636,NP7-8,MNL004 LP636,Zamora Pandacan,MANILA,3,2,BARANGAY 796,,,14.575709,121.000177,,,,,,,16,2023-03-31,OSP
MNL004 LP637 NP1-2,MNL004,LP637,NP1-2,MNL004 LP637,Zamora Pandacan,MANILA,3,2,BARANGAY 796,,,14.575246,121.000217,,,,,,,16,2023-03-31,OSP
MNL004 LP44 NP1-2,MNL004,LP44,NP1-2,MNL004 LP44,Zamora Pandacan,MANILA,3,2,BARANGAY 796,,,14.57475557,121.0013877,,,,,,,16,2019-10-01,OSP
MNL004 LP43 NP5-6,MNL004,LP43,NP5-6,MNL004 LP43,Zamora Pandacan,MANILA,3,2,BARANGAY 796,,,14.57524379,121.0002155,,,,,,,16,2019-10-01,OSP
MNL004 LP43 NP7-8,MNL004,LP43,NP7-8,MNL004 LP43,Zamora Pandacan,MANILA,3,2,BARANGAY 796,,,14.57555739,121.000529,,,,,,,16,2019-10-01,OSP
MNL004 LP638 NP3-4,MNL004,LP638,NP3-4,MNL004 LP638,Zamora Pandacan,MANILA,3,2,BARANGAY 797,,,14.574974,121.000492,,,,,,,16,2023-03-31,OSP
MNL004 LP638 NP5-6,MNL004,LP638,NP5-6,MNL004 LP638,Zamora Pandacan,MANILA,3,2,BARANGAY 797,,,14.575134,121.000637,,,,,,,16,2023-03-31,OSP
MNL004 LP633 NP1-2,MNL004,LP633,NP1-2,MNL004 LP633,Zamora Pandacan,MANILA,3,2,BARANGAY 797,,,14.574515,121.001259,,,,,,,16,2023-03-31,OSP
MNL004 LP629 NP7-8,MNL004,LP629,NP7-8,MNL004 LP629,Zamora Pandacan,MANILA,3,2,BARANGAY 797,,,14.574737,121.001859,,,,,,,16,2023-03-31,OSP
MNL004 LP630 NP1-2,MNL004,LP630,NP1-2,MNL004 LP630,Zamora Pandacan,MANILA,3,2,BARANGAY 797,,,14.574547,121.001674,,,,,,,16,2023-03-31,OSP
MNL004 LP41 NP3-4,MNL004,LP41,NP3-4,MNL004 LP41,Zamora Pandacan,MANILA,3,2,BARANGAY 797,,,14.57473834,121.0018673,,,,,,,16,2019-10-01,OSP
MNL034 LP62 NP3-4,MNL034,LP62,NP3-4,MNL034 LP62,Benitez,MANILA,3,2,BARANGAY 798,,,14.57389,121.00033,,,,,,,16,2020-06-22,OSP
MNL034 LP63 NP1-2,MNL034,LP63,NP1-2,MNL034 LP63,Benitez,MANILA,3,2,BARANGAY 798,,,14.574349,121.00042,,,,,,,16,2020-06-22,OSP
MNL034 LP63 NP3-4,MNL034,LP63,NP3-4,MNL034 LP63,Benitez,MANILA,3,2,BARANGAY 798,,,14.574612,121.000135,,,,,,,16,2020-06-22,OSP
MNL034 LP63 NP5-6,MNL034,LP63,NP5-6,MNL034 LP63,Benitez,MANILA,3,2,BARANGAY 798,,,14.574243,121.000931,,,,,,,16,2020-06-22,OSP
MNL034 LP61 NP7-8,MNL034,LP61,NP7-8,MNL034 LP61,Benitez,MANILA,3,2,BARANGAY 798,,,14.573586,121.000127,,,,,,,16,2020-06-22,OSP
MNL034 LP62 NP1-2,MNL034,LP62,NP1-2,MNL034 LP62,Benitez,MANILA,3,2,BARANGAY 798,,,14.574367,120.999906,,,,,,,16,2020-06-22,OSP
MNL004 LP650 NP3-4,MNL004,LP650,NP3-4,MNL004 LP650,Zamora Pandacan,MANILA,3,2,BARANGAY 798,,,14.573324,120.99992,,,,,,,16,2023-12-29,OSP
MNL004 LP650 NP5-6,MNL004,LP650,NP5-6,MNL004 LP650,Zamora Pandacan,MANILA,3,2,BARANGAY 798,,,14.573325,120.99992,,,,,,,16,2023-12-29,OSP
MNL004 LP650 NP7-8,MNL004,LP650,NP7-8,MNL004 LP650,Zamora Pandacan,MANILA,3,2,BARANGAY 798,,,14.573181,121.00007,,,,,,,16,2023-12-29,OSP
MNL004 LP647 NP1-2,MNL004,LP647,NP1-2,MNL004 LP647,Zamora Pandacan,MANILA,3,2,BARANGAY 798,,,14.573313,121.000422,,,,,,,16,2023-05-30,OSP
MNL004 LP647 NP3-4,MNL004,LP647,NP3-4,MNL004 LP647,Zamora Pandacan,MANILA,3,2,BARANGAY 798,,,14.573444,121.000294,,,,,,,16,2023-05-30,OSP
MNL004 LP647 NP5-6,MNL004,LP647,NP5-6,MNL004 LP647,Zamora Pandacan,MANILA,3,2,BARANGAY 798,,,14.573755,120.99997,,,,,,,16,2023-05-30,OSP
MNL004 LP642 NP1-2,MNL004,LP642,NP1-2,MNL004 LP642,Zamora Pandacan,MANILA,3,2,BARANGAY 798,,,14.573844,121.000959,,,,,,,16,2023-03-31,OSP
MNL004 LP642 NP3-5,MNL004,LP642,NP3-5,MNL004 LP642,Zamora Pandacan,MANILA,3,2,BARANGAY 798,,,14.574127,121.000661,,,,,,,24,2023-03-31,OSP
MNL004 LP642 NP6-8,MNL004,LP642,NP6-8,MNL004 LP642,Zamora Pandacan,MANILA,3,2,BARANGAY 798,,,14.574356,121.000422,,,,,,,24,2023-03-31,OSP
MNL004 LP643 NP1-2,MNL004,LP643,NP1-2,MNL004 LP643,Zamora Pandacan,MANILA,3,2,BARANGAY 798,,,14.574627,121.00013,,,,,,,16,2023-05-30,OSP
MNL004 LP643 NP3-5,MNL004,LP643,NP3-5,MNL004 LP643,Zamora Pandacan,MANILA,3,2,BARANGAY 798,,,14.574357,120.999864,,,,,,,24,2023-05-30,OSP
MNL004 LP643 NP6-8,MNL004,LP643,NP6-8,MNL004 LP643,Zamora Pandacan,MANILA,3,2,BARANGAY 798,,,14.574139,121.000057,,,,,,,24,2023-05-30,OSP
MNL004 LP644 NP1-2,MNL004,LP644,NP1-2,MNL004 LP644,Zamora Pandacan,MANILA,3,2,BARANGAY 798,,,14.573772,121.000463,,,,,,,16,2023-05-30,OSP
MNL004 LP644 NP3-5,MNL004,LP644,NP3-5,MNL004 LP644,Zamora Pandacan,MANILA,3,2,BARANGAY 798,,,14.573559,121.000682,,,,,,,24,2023-05-30,OSP
MNL004 LP637 NP5-6,MNL004,LP637,NP5-6,MNL004 LP637,Zamora Pandacan,MANILA,3,2,BARANGAY 798,,,14.574566,121.00062,,,,,,,16,2023-03-31,OSP
MNL004 LP637 NP7-8,MNL004,LP637,NP7-8,MNL004 LP637,Zamora Pandacan,MANILA,3,2,BARANGAY 798,,,14.574332,121.000853,,,,,,,16,2023-03-31,OSP
MNL004 LP638 NP1-2,MNL004,LP638,NP1-2,MNL004 LP638,Zamora Pandacan,MANILA,3,2,BARANGAY 798,,,14.574829,121.000337,,,,,,,16,2023-03-31,OSP
MNL004 LP639 NP1-2,MNL004,LP639,NP1-2,MNL004 LP639,Zamora Pandacan,MANILA,3,2,BARANGAY 798,,,14.574037,121.001161,,,,,,,16,2023-03-31,OSP
MNL004 LP43 NP3-4,MNL004,LP43,NP3-4,MNL004 LP43,Zamora Pandacan,MANILA,3,2,BARANGAY 798,,,14.57481806,121.0003319,,,,,,,16,2019-10-01,OSP
MNL004 LP42 NP1-2,MNL004,LP42,NP1-2,MNL004 LP42,Zamora Pandacan,MANILA,3,2,BARANGAY 798,,,14.57356292,121.0006596,,,,,,,16,2019-10-01,OSP
MNL004 LP42 NP3-4,MNL004,LP42,NP3-4,MNL004 LP42,Zamora Pandacan,MANILA,3,2,BARANGAY 798,,,14.57330747,121.0004156,,,,,,,16,2019-10-01,OSP
MNL004 LP42 NP5-6,MNL004,LP42,NP5-6,MNL004 LP42,Zamora Pandacan,MANILA,3,2,BARANGAY 798,,,14.57296827,121.0000796,,,,,,,16,2019-10-01,OSP
MNL004 LP41 NP5-6,MNL004,LP41,NP5-6,MNL004 LP41,Zamora Pandacan,MANILA,3,2,BARANGAY 798,,,14.57403863,121.0011593,,,,,,,16,2019-10-01,OSP
MNL004 LP41 NP7-8,MNL004,LP41,NP7-8,MNL004 LP41,Zamora Pandacan,MANILA,3,2,BARANGAY 798,,,14.57379809,121.0009043,,,,,,,16,2019-10-01,OSP
MNL034 LP59 NP1-2,MNL034,LP59,NP1-2,MNL034 LP59,Benitez,MANILA,3,2,BARANGAY 799,,,14.574935,120.999654,,,,,,,16,2020-06-22,OSP
MNL034 LP59 NP3-4,MNL034,LP59,NP3-4,MNL034 LP59,Benitez,MANILA,3,2,BARANGAY 799,,,14.573119,120.99973,,,,,,,16,2020-06-22,OSP
MNL034 LP59 NP5-6,MNL034,LP59,NP5-6,MNL034 LP59,Benitez,MANILA,3,2,BARANGAY 799,,,14.573676,120.999495,,,,,,,16,2020-06-22,OSP
MNL034 LP59 NP7-8,MNL034,LP59,NP7-8,MNL034 LP59,Benitez,MANILA,3,2,BARANGAY 799,,,14.574098,120.999297,,,,,,,16,2020-06-22,OSP
MNL004 LP647 NP7-8,MNL004,LP647,NP7-8,MNL004 LP647,Zamora Pandacan,MANILA,3,2,BARANGAY 799,,,14.574042,120.999657,,,,,,,16,2023-05-30,OSP
MNL004 LP648 NP1-2,MNL004,LP648,NP1-2,MNL004 LP648,Zamora Pandacan,MANILA,3,2,BARANGAY 799,,,14.574151,120.999661,,,,,,,16,2023-05-30,OSP
MNL004 LP648 NP3-4,MNL004,LP648,NP3-4,MNL004 LP648,Zamora Pandacan,MANILA,3,2,BARANGAY 799,,,14.574438,120.999652,,,,,,,16,2023-05-30,OSP
MNL004 LP648 NP5-6,MNL004,LP648,NP5-6,MNL004 LP648,Zamora Pandacan,MANILA,3,2,BARANGAY 799,,,14.57467,120.999647,,,,,,,16,2023-05-30,OSP
MNL004 LP648 NP7-8,MNL004,LP648,NP7-8,MNL004 LP648,Zamora Pandacan,MANILA,3,2,BARANGAY 799,,,14.574938,120.999642,,,,,,,16,2023-05-30,OSP
MNL004 LP649 NP1-2,MNL004,LP649,NP1-2,MNL004 LP649,Zamora Pandacan,MANILA,3,2,BARANGAY 799,,,14.574099,120.99931,,,,,,,16,2023-12-29,OSP
MNL004 LP649 NP3-4,MNL004,LP649,NP3-4,MNL004 LP649,Zamora Pandacan,MANILA,3,2,BARANGAY 799,,,14.574018,120.999239,,,,,,,16,2023-12-29,OSP
MNL004 LP649 NP5-6,MNL004,LP649,NP5-6,MNL004 LP649,Zamora Pandacan,MANILA,3,2,BARANGAY 799,,,14.573741,120.999464,,,,,,,16,2023-12-29,OSP
MNL004 LP649 NP7-8,MNL004,LP649,NP7-8,MNL004 LP649,Zamora Pandacan,MANILA,3,2,BARANGAY 799,,,14.573215,120.999668,,,,,,,16,2023-12-29,OSP
MNL004 LP650 NP1-2,MNL004,LP650,NP1-2,MNL004 LP650,Zamora Pandacan,MANILA,3,2,BARANGAY 799,,,14.573508,120.999678,,,,,,,16,2023-12-29,OSP
MNL004 LP637 NP3-4,MNL004,LP637,NP3-4,MNL004 LP637,Zamora Pandacan,MANILA,3,2,BARANGAY 799,,,14.575038,121.000108,,,,,,,16,2023-03-31,OSP
MNL004 LP43 NP1-2,MNL004,LP43,NP1-2,MNL004 LP43,Zamora Pandacan,MANILA,3,2,BARANGAY 799,,,14.57416948,120.9996382,,,,,,,16,2019-10-01,OSP
MNL034 LP65 NP1-2,MNL034,LP65,NP1-2,MNL034 LP65,Benitez,MANILA,3,2,BARANGAY 801,,,14.573362,121.003237,,,,,,,16,2020-06-22,OSP
MNL034 LP65 NP3-4,MNL034,LP65,NP3-4,MNL034 LP65,Benitez,MANILA,3,2,BARANGAY 801,,,14.574289,121.002855,,,,,,,16,2020-06-22,OSP
MNL034 LP65 NP5-6,MNL034,LP65,NP5-6,MNL034 LP65,Benitez,MANILA,3,2,BARANGAY 801,,,14.574232,121.002309,,,,,,,16,2020-06-22,OSP
MNL034 LP65 NP7-8,MNL034,LP65,NP7-8,MNL034 LP65,Benitez,MANILA,3,2,BARANGAY 801,,,14.574629,121.00251,,,,,,,16,2020-06-22,OSP
SJC001 LP81 NP7-8,SJC001,LP81,NP7-8,SJC001 LP81,Greenhills Heights,MANILA,3,2,BARANGAY 801,,,14.573714,121.003472,,,,,,,16,2016-07-26,OSP
MNL004 LP629 NP3-4,MNL004,LP629,NP3-4,MNL004 LP629,Zamora Pandacan,MANILA,3,2,BARANGAY 801,,,14.574304,121.002247,,,,,,,16,2023-03-31,OSP
MNL004 LP629 NP5-6,MNL004,LP629,NP5-6,MNL004 LP629,Zamora Pandacan,MANILA,3,2,BARANGAY 801,,,14.574525,121.002026,,,,,,,16,2023-03-31,OSP
MNL004 LP627 NP1-2,MNL004,LP627,NP1-2,MNL004 LP627,Zamora Pandacan,MANILA,3,2,BARANGAY 801,,,14.574542,121.002609,,,,,,,16,2023-03-31,OSP
MNL004 LP627 NP3-5,MNL004,LP627,NP3-5,MNL004 LP627,Zamora Pandacan,MANILA,3,2,BARANGAY 801,,,14.574287,121.002864,,,,,,,24,2023-03-31,OSP
MNL004 LP627 NP6-8,MNL004,LP627,NP6-8,MNL004 LP627,Zamora Pandacan,MANILA,3,2,BARANGAY 801,,,14.574108,121.00305,,,,,,,24,2023-03-31,OSP
MNL004 LP628 NP1-2,MNL004,LP628,NP1-2,MNL004 LP628,Zamora Pandacan,MANILA,3,2,BARANGAY 801,,,14.573925,121.003254,,,,,,,16,2023-03-31,OSP
MNL004 LP628 NP3-5,MNL004,LP628,NP3-5,MNL004 LP628,Zamora Pandacan,MANILA,3,2,BARANGAY 801,,,14.573693,121.002901,,,,,,,24,2023-03-31,OSP
MNL004 LP628 NP6-8,MNL004,LP628,NP6-8,MNL004 LP628,Zamora Pandacan,MANILA,3,2,BARANGAY 801,,,14.573821,121.002758,,,,,,,24,2023-03-31,OSP
MNL004 LP629 NP1-2,MNL004,LP629,NP1-2,MNL004 LP629,Zamora Pandacan,MANILA,3,2,BARANGAY 801,,,14.574066,121.002511,,,,,,,16,2023-03-31,OSP
MNL004 LP41 NP1-2,MNL004,LP41,NP1-2,MNL004 LP41,Zamora Pandacan,MANILA,3,2,BARANGAY 801,,,14.57368117,121.0029107,,,,,,,16,2019-10-01,OSP
MNL004 LP559 NP5-6,MNL004,LP559,NP5-6,MNL004 LP559,Zamora Pandacan,MANILA,3,2,BARANGAY 801,,,14.573356,121.003238,,,,,,,16,2022-12-29,OSP
MNL004 LP35 NP5-6,MNL004,LP35,NP5-6,MNL004 LP35,Zamora Pandacan,MANILA,3,2,BARANGAY 801,,,14.57456196,121.0030053,,,,,,,16,2019-10-01,OSP
MNL034 LP62 NP7-8,MNL034,LP62,NP7-8,MNL034 LP62,Benitez,MANILA,3,2,BARANGAY 802,,,14.573171,121.00167,,,,,,,16,2020-06-22,OSP
MNL034 LP63 NP7-8,MNL034,LP63,NP7-8,MNL034 LP63,Benitez,MANILA,3,2,BARANGAY 802,,,14.573364,121.001865,,,,,,,16,2020-06-22,OSP
MNL034 LP64 NP1-2,MNL034,LP64,NP1-2,MNL034 LP64,Benitez,MANILA,3,2,BARANGAY 802,,,14.573572,121.002145,,,,,,,16,2020-06-22,OSP
MNL034 LP64 NP3-4,MNL034,LP64,NP3-4,MNL034 LP64,Benitez,MANILA,3,2,BARANGAY 802,,,14.574184,121.001494,,,,,,,16,2020-06-22,OSP
MNL034 LP64 NP5-6,MNL034,LP64,NP5-6,MNL034 LP64,Benitez,MANILA,3,2,BARANGAY 802,,,14.574347,121.001683,,,,,,,16,2020-06-22,OSP
MNL034 LP64 NP7-8,MNL034,LP64,NP7-8,MNL034 LP64,Benitez,MANILA,3,2,BARANGAY 802,,,14.573787,121.002365,,,,,,,16,2020-06-22,OSP
MNL004 LP641 NP6-8,MNL004,LP641,NP6-8,MNL004 LP641,Zamora Pandacan,MANILA,3,2,BARANGAY 802,,,14.573536,121.001278,,,,,,,24,2023-03-31,OSP
MNL004 LP639 NP3-5,MNL004,LP639,NP3-5,MNL004 LP639,Zamora Pandacan,MANILA,3,2,BARANGAY 802,,,14.57384,121.001374,,,,,,,24,2023-03-31,OSP
MNL004 LP639 NP6-8,MNL004,LP639,NP6-8,MNL004 LP639,Zamora Pandacan,MANILA,3,2,BARANGAY 802,,,14.57356,121.001678,,,,,,,24,2023-03-31,OSP
MNL004 LP640 NP1-2,MNL004,LP640,NP1-2,MNL004 LP640,Zamora Pandacan,MANILA,3,2,BARANGAY 802,,,14.573291,121.001977,,,,,,,16,2023-03-31,OSP
MNL004 LP640 NP3-5,MNL004,LP640,NP3-5,MNL004 LP640,Zamora Pandacan,MANILA,3,2,BARANGAY 802,,,14.573017,121.002268,,,,,,,24,2023-03-31,OSP
MNL004 LP640 NP6-8,MNL004,LP640,NP6-8,MNL004 LP640,Zamora Pandacan,MANILA,3,2,BARANGAY 802,,,14.572713,121.002162,,,,,,,24,2023-03-31,OSP
MNL004 LP641 NP1-2,MNL004,LP641,NP1-2,MNL004 LP641,Zamora Pandacan,MANILA,3,2,BARANGAY 802,,,14.57299,121.001861,,,,,,,16,2023-03-31,OSP
MNL004 LP641 NP3-5,MNL004,LP641,NP3-5,MNL004 LP641,Zamora Pandacan,MANILA,3,2,BARANGAY 802,,,14.573263,121.00157,,,,,,,24,2023-03-31,OSP
MNL004 LP632 NP6-8,MNL004,LP632,NP6-8,MNL004 LP632,Zamora Pandacan,MANILA,3,2,BARANGAY 802,,,14.57421,121.001479,,,,,,,24,2023-03-31,OSP