Box Name,OLT,LCP,NAP,LCP Name,Node Name,Municipality,Cluster,Sector,Barangay,Subdivision,Building Name,Latitude,Longitude,Parent Site,Parent Floor,Parent Room,Additional Details,Remarks,Landmark,Capacity,Installation Date,OSP / ISP
MNL046 LP70 NP1-2,MNL046,LP70,NP1-2,MNL046 LP70,Reten Apartment,MANILA,3,1,BARANGAY 481,,,14.61243394,120.9903694,,,,,,,16,2022-03-13,OSP
MNL046 LP46 NP6-8,MNL046,LP46,NP6-8,MNL046 LP46,Reten Apartment,MANILA,3,1,BARANGAY 481,,,14.61304,120.99077,,,,,,,24,2022-04-04,OSP
MNL046 LP243 NP7,MNL046,LP243,NP7,MNL046 LP243,Reten Apartment,MANILA,3,1,BARANGAY 481,,"BELLAGIO RESIDENCES - SAMPALOC, MANILA",14.612821,120.990068,,9F,EE ROOM BUILDING A,MNL91P,,,,2022-04-18,ISP
MNL046 LP244 NP1,MNL046,LP244,NP1,MNL046 LP244,Reten Apartment,MANILA,3,1,BARANGAY 481,,"BELLAGIO RESIDENCES - SAMPALOC, MANILA",14.612821,120.990068,,14F,EE ROOM BUILDING A,MNL91P,,,,2022-04-18,ISP
MNL046 LP243 NP1-2,MNL046,LP243,NP1-2,MNL046 LP243,Reten Apartment,MANILA,3,1,BARANGAY 481,,"BELLAGIO RESIDENCES - SAMPALOC, MANILA",14.612821,120.990068,,3F,EE ROOM BUILDING A,MNL91P,,,,2022-04-18,ISP
MNL046 LP243 NP8,MNL046,LP243,NP8,MNL046 LP243,Reten Apartment,MANILA,3,1,BARANGAY 481,,"BELLAGIO RESIDENCES - SAMPALOC, MANILA",14.612821,120.990068,,11F,EE ROOM BUILDING A,MNL91P,,,,2022-04-18,ISP
MNL046 LP243 NP3-4,MNL046,LP243,NP3-4,MNL046 LP243,Reten Apartment,MANILA,3,1,BARANGAY 481,,"BELLAGIO RESIDENCES - SAMPALOC, MANILA",14.612821,120.990068,,5F,EE ROOM BUILDING A,MNL91P,,,,2022-04-18,ISP
MNL046 LP243 NP5-6,MNL046,LP243,NP5-6,MNL046 LP243,Reten Apartment,MANILA,3,1,BARANGAY 481,,"BELLAGIO RESIDENCES - SAMPALOC, MANILA",14.612821,120.990068,,7F,EE ROOM BUILDING A,MNL91P,,,,2022-04-18,ISP
MNL046 LP244 NP2,MNL046,LP244,NP2,MNL046 LP244,Reten Apartment,MANILA,3,1,BARANGAY 481,,"BELLAGIO RESIDENCES - SAMPALOC, MANILA",14.612821,120.990068,,16F,EE ROOM BUILDING A,MNL91P,,,,2022-04-18,ISP
MNL002 LP249 NP5-6,MNL002,LP249,NP5-6,MNL002 LP249,Don Quintos,MANILA,3,1,BARANGAY 482,,,14.616865,120.989726,,,,,,,16,2019-11-30,OSP
MNL002 LP249 NP7-8,MNL002,LP249,NP7-8,MNL002 LP249,Don Quintos,MANILA,3,1,BARANGAY 482,,,14.617546,120.989004,,,,,,,16,2019-11-30,OSP
MNL002 LP250 NP1-2,MNL002,LP250,NP1-2,MNL002 LP250,Don Quintos,MANILA,3,1,BARANGAY 482,,,14.61794,120.989024,,,,,,,16,2019-11-30,OSP
MNL002 LP250 NP3-4,MNL002,LP250,NP3-4,MNL002 LP250,Don Quintos,MANILA,3,1,BARANGAY 482,,,14.617438,120.989568,,,,,,,16,2020-08-06,OSP
MNL002 LP34 NP5-6,MNL002,LP34,NP5-6,MNL002 LP34,Don Quintos,MANILA,3,1,BARANGAY 482,,,14.61785,120.98977,,,,,,,16,2020-08-27,OSP
MNL046 LP98 NP1-2,MNL046,LP98,NP1-2,MNL046 LP98,Reten Apartment,MANILA,3,1,BARANGAY 482,,,14.617578,120.99001,,,,,,,16,2022-02-20,OSP
MNL046 LP94 NP7-8,MNL046,LP94,NP7-8,MNL046 LP94,Reten Apartment,MANILA,3,1,BARANGAY 482,,,14.616823,120.98969,,,,,,,16,2022-02-20,OSP
MNL046 LP95 NP3-5,MNL046,LP95,NP3-5,MNL046 LP95,Reten Apartment,MANILA,3,1,BARANGAY 482,,,14.617679,120.98938,,,,,,,24,2022-02-20,OSP
MNL046 LP71 NP5-6,MNL046,LP71,NP5-6,MNL046 LP71,Reten Apartment,MANILA,3,1,BARANGAY 482,,,14.6171389,120.9889615,,,,,,,16,2022-03-13,OSP
MNL046 LP71 NP7-8,MNL046,LP71,NP7-8,MNL046 LP71,Reten Apartment,MANILA,3,1,BARANGAY 482,,,14.61749088,120.9889776,,,,,,,16,2022-03-13,OSP
MNL002 LP255 NP5-6,MNL002,LP255,NP5-6,MNL002 LP255,Don Quintos,MANILA,3,1,BARANGAY 483,,,14.617817,120.990754,,,,,,,16,2019-11-30,OSP
MNL002 LP255 NP7-8,MNL002,LP255,NP7-8,MNL002 LP255,Don Quintos,MANILA,3,1,BARANGAY 483,,,14.617354,120.990261,,,,,,,16,2019-11-30,OSP
MNL002 LP256 NP3-4,MNL002,LP256,NP3-4,MNL002 LP256,Don Quintos,MANILA,3,1,BARANGAY 483,,,14.618903,120.98978,,,,,,,16,2019-11-30,OSP
MNL002 LP34 NP1-2,MNL002,LP34,NP1-2,MNL002 LP34,Don Quintos,MANILA,3,1,BARANGAY 483,,,14.618383,120.989213,,,,,,,16,2017-11-29,OSP
MNL002 LP33 NP3-4,MNL002,LP33,NP3-4,MNL002 LP33,Don Quintos,MANILA,3,1,BARANGAY 483,,,14.6176,120.99041,,,,,,,16,2017-11-29,OSP
MNL002 LP33 NP5-6,MNL002,LP33,NP5-6,MNL002 LP33,Don Quintos,MANILA,3,1,BARANGAY 483,,,14.61804,120.991,,,,,,,16,2017-11-29,OSP
MNL002 LP32 NP7-8,MNL002,LP32,NP7-8,MNL002 LP32,Don Quintos,MANILA,3,1,BARANGAY 483,,,14.617611,120.99055,,,,,,,16,2020-08-27,OSP
MNL046 LP104 NP1-2,MNL046,LP104,NP1-2,MNL046 LP104,Reten Apartment,MANILA,3,1,BARANGAY 483,,,14.618349,120.9907,,,,,,,16,2022-02-20,OSP
MNL046 LP102 NP1-2,MNL046,LP102,NP1-2,MNL046 LP102,Reten Apartment,MANILA,3,1,BARANGAY 483,,,14.617804,120.99074,,,,,,,16,2022-02-20,OSP
MNL046 LP102 NP3-4,MNL046,LP102,NP3-4,MNL046 LP102,Reten Apartment,MANILA,3,1,BARANGAY 483,,,14.618252,120.9903,,,,,,,16,2022-02-20,OSP
MNL046 LP102 NP5-6,MNL046,LP102,NP5-6,MNL046 LP102,Reten Apartment,MANILA,3,1,BARANGAY 483,,,14.618722,120.98991,,,,,,,16,2022-02-20,OSP
MNL046 LP98 NP6-8,MNL046,LP98,NP6-8,MNL046 LP98,Reten Apartment,MANILA,3,1,BARANGAY 483,,,14.618481,120.98961,,,,,,,24,2022-02-20,OSP
MNL046 LP99 NP1-2,MNL046,LP99,NP1-2,MNL046 LP99,Reten Apartment,MANILA,3,1,BARANGAY 483,,,14.617924,120.99013,,,,,,,16,2022-02-20,OSP
MNL046 LP99 NP3-5,MNL046,LP99,NP3-5,MNL046 LP99,Reten Apartment,MANILA,3,1,BARANGAY 483,,,14.617578,120.99048,,,,,,,24,2022-02-20,OSP
MNL002 LP256 NP1-2,MNL002,LP256,NP1-2,MNL002 LP256,Don Quintos,MANILA,3,1,BARANGAY 484,,,14.618679,120.989524,,,,,,,16,2019-11-30,OSP
MNL002 LP256 NP5-6,MNL002,LP256,NP5-6,MNL002 LP256,Don Quintos,MANILA,3,1,BARANGAY 484,,,14.619168,120.989921,,,,,,,16,2019-11-30,OSP
MNL002 LP256 NP7-8,MNL002,LP256,NP7-8,MNL002 LP256,Don Quintos,MANILA,3,1,BARANGAY 484,,,14.619621,120.989519,,,,,,,16,2020-08-06,OSP
MNL046 LP102 NP7-8,MNL046,LP102,NP7-8,MNL046 LP102,Reten Apartment,MANILA,3,1,BARANGAY 484,,,14.619184,120.98945,,,,,,,16,2022-02-20,OSP
MNL046 LP103 NP1-2,MNL046,LP103,NP1-2,MNL046 LP103,Reten Apartment,MANILA,3,1,BARANGAY 484,,,14.619141,120.98996,,,,,,,16,2022-02-20,OSP
MNL046 LP103 NP3-5,MNL046,LP103,NP3-5,MNL046 LP103,Reten Apartment,MANILA,3,1,BARANGAY 484,,,14.619267,120.98983,,,,,,,24,2022-02-20,OSP
MNL046 LP103 NP6-8,MNL046,LP103,NP6-8,MNL046 LP103,Reten Apartment,MANILA,3,1,BARANGAY 484,,,14.619809,120.98929,,,,,,,24,2022-02-20,OSP
MNL046 LP98 NP3-5,MNL046,LP98,NP3-5,MNL046 LP98,Reten Apartment,MANILA,3,1,BARANGAY 484,,,14.618415,120.98921,,,,,,,24,2022-02-20,OSP
MNL046 LP72 NP1-2,MNL046,LP72,NP1-2,MNL046 LP72,Reten Apartment,MANILA,3,1,BARANGAY 484,,,14.6181492,120.9890272,,,,,,,16,2022-03-13,OSP
MNL046 LP72 NP3-5,MNL046,LP72,NP3-5,MNL046 LP72,Reten Apartment,MANILA,3,1,BARANGAY 484,,,14.61902769,120.989045,,,,,,,24,2022-03-13,OSP
MNL046 LP72 NP6-8,MNL046,LP72,NP6-8,MNL046 LP72,Reten Apartment,MANILA,3,1,BARANGAY 484,,,14.61955005,120.98907,,,,,,,24,2022-03-13,OSP
MNL002 LP254 NP7-8,MNL002,LP254,NP7-8,MNL002 LP254,Don Quintos,MANILA,3,1,BARANGAY 485,,,14.616578,120.991546,,,,,,,16,2019-11-30,OSP
MNL002 LP255 NP1-2,MNL002,LP255,NP1-2,MNL002 LP255,Don Quintos,MANILA,3,1,BARANGAY 485,,,14.617005,120.992027,,,,,,,16,2019-11-30,OSP
MNL002 LP255 NP3-4,MNL002,LP255,NP3-4,MNL002 LP255,Don Quintos,MANILA,3,1,BARANGAY 485,,,14.617561,120.991504,,,,,,,16,2019-11-30,OSP
MNL002 LP254 NP5-6,MNL002,LP254,NP5-6,MNL002 LP254,Don Quintos,MANILA,3,1,BARANGAY 485,,,14.616267,120.991233,,,,,,,16,2019-11-30,OSP
MNL002 LP32 NP3-4,MNL002,LP32,NP3-4,MNL002 LP32,Don Quintos,MANILA,3,1,BARANGAY 485,,,14.61704,120.99203,,,,,,,16,2017-11-29,OSP
MNL002 LP32 NP5-6,MNL002,LP32,NP5-6,MNL002 LP32,Don Quintos,MANILA,3,1,BARANGAY 485,,,14.616829,120.9917,,,,,,,16,2020-08-27,OSP
MNL046 LP104 NP3-4,MNL046,LP104,NP3-4,MNL046 LP104,Reten Apartment,MANILA,3,1,BARANGAY 485,,,14.617489,120.99151,,,,,,,16,2022-02-20,OSP
MNL046 LP104 NP5-6,MNL046,LP104,NP5-6,MNL046 LP104,Reten Apartment,MANILA,3,1,BARANGAY 485,,,14.616992,120.99202,,,,,,,16,2022-02-20,OSP
MNL046 LP100 NP1-2,MNL046,LP100,NP1-2,MNL046 LP100,Reten Apartment,MANILA,3,1,BARANGAY 485,,,14.616544,120.99152,,,,,,,16,2022-02-20,OSP
MNL046 LP101 NP6-8,MNL046,LP101,NP6-8,MNL046 LP101,Reten Apartment,MANILA,3,1,BARANGAY 485,,,14.617233,120.99129,,,,,,,24,2022-02-20,OSP
MNL046 LP97 NP3-5,MNL046,LP97,NP3-5,MNL046 LP97,Reten Apartment,MANILA,3,1,BARANGAY 485,,,14.616262,120.9912,,,,,,,24,2022-02-20,OSP
MNL046 LP99 NP6-8,MNL046,LP99,NP6-8,MNL046 LP99,Reten Apartment,MANILA,3,1,BARANGAY 485,,,14.617187,120.99087,,,,,,,24,2022-02-20,OSP
MNL002 LP28 NP1-2,MNL002,LP28,NP1-2,MNL002 LP28,Don Quintos,MANILA,3,1,BARANGAY 486,,,14.61651,120.98939,,,,,,,16,2017-11-29,OSP
MNL002 LP250 NP5-6,MNL002,LP250,NP5-6,MNL002 LP250,Don Quintos,MANILA,3,1,BARANGAY 486,,,14.61649,120.990484,,,,,,,16,2020-08-06,OSP
MNL002 LP249 NP1-2,MNL002,LP249,NP1-2,MNL002 LP249,Don Quintos,MANILA,3,1,BARANGAY 486,,,14.615786,120.990684,,,,,,,16,2019-11-30,OSP
MNL002 LP249 NP3-4,MNL002,LP249,NP3-4,MNL002 LP249,Don Quintos,MANILA,3,1,BARANGAY 486,,,14.616141,120.98995,,,,,,,16,2019-11-30,OSP
MNL002 LP34 NP7-8,MNL002,LP34,NP7-8,MNL002 LP34,Don Quintos,MANILA,3,1,BARANGAY 486,,,14.61689,120.990688,,,,,,,16,2020-08-27,OSP
MNL002 LP33 NP1-2,MNL002,LP33,NP1-2,MNL002 LP33,Don Quintos,MANILA,3,1,BARANGAY 486,,,14.61705,120.98998,,,,,,,16,2017-11-29,OSP
MNL002 LP32 NP1-2,MNL002,LP32,NP1-2,MNL002 LP32,Don Quintos,MANILA,3,1,BARANGAY 486,,,14.61605,120.99099,,,,,,,16,2017-11-29,OSP
MNL046 LP96 NP1-2,MNL046,LP96,NP1-2,MNL046 LP96,Reten Apartment,MANILA,3,1,BARANGAY 486,,,14.616029,120.99096,,,,,,,16,2022-02-20,OSP
MNL046 LP97 NP6-8,MNL046,LP97,NP6-8,MNL046 LP97,Reten Apartment,MANILA,3,1,BARANGAY 486,,,14.617015,120.99054,,,,,,,24,2022-02-20,OSP
MNL046 LP92 NP7-8,MNL046,LP92,NP7-8,MNL046 LP92,Reten Apartment,MANILA,3,1,BARANGAY 486,,,14.616349,120.98967,,,,,,,16,2022-02-20,OSP
MNL046 LP93 NP1-2,MNL046,LP93,NP1-2,MNL046 LP93,Reten Apartment,MANILA,3,1,BARANGAY 486,,,14.615879,120.99011,,,,,,,16,2022-02-20,OSP
MNL046 LP93 NP3-4,MNL046,LP93,NP3-4,MNL046 LP93,Reten Apartment,MANILA,3,1,BARANGAY 486,,,14.615542,120.99043,,,,,,,16,2022-02-20,OSP
MNL046 LP94 NP3-4,MNL046,LP94,NP3-4,MNL046 LP94,Reten Apartment,MANILA,3,1,BARANGAY 486,,,14.615761,120.99066,,,,,,,16,2022-02-20,OSP
MNL046 LP94 NP5-6,MNL046,LP94,NP5-6,MNL046 LP94,Reten Apartment,MANILA,3,1,BARANGAY 486,,,14.616339,120.9901,,,,,,,16,2022-02-20,OSP
MNL046 LP95 NP1-2,MNL046,LP95,NP1-2,MNL046 LP95,Reten Apartment,MANILA,3,1,BARANGAY 486,,,14.617078,120.98997,,,,,,,16,2022-02-20,OSP
MNL046 LP95 NP6-8,MNL046,LP95,NP6-8,MNL046 LP95,Reten Apartment,MANILA,3,1,BARANGAY 486,,,14.616822,120.9902,,,,,,,24,2022-02-20,OSP
MNL002 LP253 NP7-8,MNL002,LP253,NP7-8,MNL002 LP253,Don Quintos,MANILA,3,1,BARANGAY 487,,,14.616466,120.992546,,,,,,,16,2019-11-30,OSP
MNL002 LP254 NP1-2,MNL002,LP254,NP1-2,MNL002 LP254,Don Quintos,MANILA,3,1,BARANGAY 487,,,14.615767,120.992729,,,,,,,16,2019-11-30,OSP
MNL002 LP254 NP3-4,MNL002,LP254,NP3-4,MNL002 LP254,Don Quintos,MANILA,3,1,BARANGAY 487,,,14.615283,120.992205,,,,,,,16,2019-11-30,OSP
MNL002 LP31 NP3-4,MNL002,LP31,NP3-4,MNL002 LP31,Don Quintos,MANILA,3,1,BARANGAY 487,,,14.616,120.99299,,,,,,,16,2017-11-29,OSP
MNL046 LP104 NP7-8,MNL046,LP104,NP7-8,MNL046 LP104,Reten Apartment,MANILA,3,1,BARANGAY 487,,,14.615966,120.99299,,,,,,,16,2022-02-20,OSP
MNL046 LP100 NP3-5,MNL046,LP100,NP3-5,MNL046 LP100,Reten Apartment,MANILA,3,1,BARANGAY 487,,,14.615988,120.99203,,,,,,,24,2022-02-20,OSP
MNL046 LP100 NP6-8,MNL046,LP100,NP6-8,MNL046 LP100,Reten Apartment,MANILA,3,1,BARANGAY 487,,,14.615542,120.99249,,,,,,,24,2022-02-20,OSP
MNL046 LP101 NP1-2,MNL046,LP101,NP1-2,MNL046 LP101,Reten Apartment,MANILA,3,1,BARANGAY 487,,,14.61596,120.99258,,,,,,,16,2022-02-20,OSP
MNL046 LP101 NP3-5,MNL046,LP101,NP3-5,MNL046 LP101,Reten Apartment,MANILA,3,1,BARANGAY 487,,,14.616579,120.99192,,,,,,,24,2022-02-20,OSP
MNL046 LP96 NP6-8,MNL046,LP96,NP6-8,MNL046 LP96,Reten Apartment,MANILA,3,1,BARANGAY 487,,,14.615235,120.99218,,,,,,,24,2022-02-20,OSP
MNL046 LP97 NP1-2,MNL046,LP97,NP1-2,MNL046 LP97,Reten Apartment,MANILA,3,1,BARANGAY 487,,,14.61556,120.99186,,,,,,,16,2022-02-20,OSP
MNL046 LP62 NP6-8,MNL046,LP62,NP6-8,MNL046 LP62,Reten Apartment,MANILA,3,1,BARANGAY 487,,,14.615518,120.9925,,,,,,,24,2022-04-04,OSP
MNL001 LP58 NP5-6,MNL001,LP58,NP5-6,MNL001 LP58,Zen Tower,MANILA,3,1,BARANGAY 487,,,14.615579,120.992547,,,,,,,16,2016-04-13,OSP
MNL002 LP27 NP4-5,MNL002,LP27,NP4-5,MNL002 LP27,Don Quintos,MANILA,3,1,BARANGAY 488,,,14.615724,120.991369,,,,,,,16,2019-06-30,OSP
MNL002 LP26 NP3-4,MNL002,LP26,NP3-4,MNL002 LP26,Don Quintos,MANILA,3,1,BARANGAY 488,,,14.61474,120.99165,,,,,,,16,2017-11-29,OSP
MNL002 LP250 NP7-8,MNL002,LP250,NP7-8,MNL002 LP250,Don Quintos,MANILA,3,1,BARANGAY 488,,,14.6154,120.991521,,,,,,,16,2020-08-06,OSP
MNL002 LP248 NP7-8,MNL002,LP248,NP7-8,MNL002 LP248,Don Quintos,MANILA,3,1,BARANGAY 488,,,14.615076,120.990944,,,,,,,16,2019-11-30,OSP
MNL002 LP31 NP1-2,MNL002,LP31,NP1-2,MNL002 LP31,Don Quintos,MANILA,3,1,BARANGAY 488,,,14.6151,120.99189,,,,,,,16,2017-11-29,OSP
MNL046 LP96 NP3-5,MNL046,LP96,NP3-5,MNL046 LP96,Reten Apartment,MANILA,3,1,BARANGAY 488,,,14.615517,120.99147,,,,,,,24,2022-02-20,OSP
MNL046 LP93 NP5-6,MNL046,LP93,NP5-6,MNL046 LP93,Reten Apartment,MANILA,3,1,BARANGAY 488,,,14.614991,120.99095,,,,,,,16,2022-02-20,OSP
MNL046 LP93 NP7-8,MNL046,LP93,NP7-8,MNL046 LP93,Reten Apartment,MANILA,3,1,BARANGAY 488,,,14.614523,120.99141,,,,,,,16,2022-02-20,OSP
MNL046 LP94 NP1-2,MNL046,LP94,NP1-2,MNL046 LP94,Reten Apartment,MANILA,3,1,BARANGAY 488,,,14.615111,120.99128,,,,,,,16,2022-02-20,OSP
MNL046 LP56 NP3-5,MNL046,LP56,NP3-5,MNL046 LP56,Reten Apartment,MANILA,3,1,BARANGAY 488,,,14.614736,120.99166,,,,,,,24,2022-04-04,OSP
MNL046 LP56 NP6-8,MNL046,LP56,NP6-8,MNL046 LP56,Reten Apartment,MANILA,3,1,BARANGAY 488,,,14.615014,120.99195,,,,,,,24,2022-04-04,OSP
MNL002 LP27 NP2,MNL002,LP27,NP2,MNL002 LP27,Don Quintos,MANILA,3,1,BARANGAY 489,,,14.61452,120.98934,,,,,,,8,2017-11-29,OSP
MNL002 LP248 NP1-2,MNL002,LP248,NP1-2,MNL002 LP248,Don Quintos,MANILA,3,1,BARANGAY 489,,,14.613789,120.990551,,,,,,,16,2019-11-30,OSP
MNL002 LP248 NP3-4,MNL002,LP248,NP3-4,MNL002 LP248,Don Quintos,MANILA,3,1,BARANGAY 489,,,14.614099,120.99089,,,,,,,16,2019-11-30,OSP
MNL002 LP248 NP5-6,MNL002,LP248,NP5-6,MNL002 LP248,Don Quintos,MANILA,3,1,BARANGAY 489,,,14.614326,120.991132,,,,,,,16,2019-11-30,OSP
MNL002 LP246 NP5-6,MNL002,LP246,NP5-6,MNL002 LP246,Don Quintos,MANILA,3,1,BARANGAY 489,,,14.61382,120.990109,,,,,,,16,2019-11-30,OSP
MNL046 LP92 NP1-2,MNL046,LP92,NP1-2,MNL046 LP92,Reten Apartment,MANILA,3,1,BARANGAY 489,,,14.614998,120.99045,,,,,,,16,2022-02-20,OSP
MNL046 LP89 NP3-5,MNL046,LP89,NP3-5,MNL046 LP89,Reten Apartment,MANILA,3,1,BARANGAY 489,,,14.61411,120.98976,,,,,,,24,2022-02-20,OSP
MNL046 LP90 NP1-2,MNL046,LP90,NP1-2,MNL046 LP90,Reten Apartment,MANILA,3,1,BARANGAY 489,,,14.614613,120.98975,,,,,,,16,2022-02-20,OSP
MNL046 LP90 NP3-4,MNL046,LP90,NP3-4,MNL046 LP90,Reten Apartment,MANILA,3,1,BARANGAY 489,,,14.614077,120.99029,,,,,,,16,2022-02-20,OSP
MNL046 LP90 NP5-6,MNL046,LP90,NP5-6,MNL046 LP90,Reten Apartment,MANILA,3,1,BARANGAY 489,,,14.614021,120.99087,,,,,,,16,2022-02-20,OSP
MNL046 LP90 NP7-8,MNL046,LP90,NP7-8,MNL046 LP90,Reten Apartment,MANILA,3,1,BARANGAY 489,,,14.614562,120.99085,,,,,,,16,2022-02-20,OSP
MNL046 LP91 NP1-2,MNL046,LP91,NP1-2,MNL046 LP91,Reten Apartment,MANILA,3,1,BARANGAY 489,,,14.614465,120.99045,,,,,,,16,2022-02-20,OSP
MNL046 LP50 NP1-2,MNL046,LP50,NP1-2,MNL046 LP50,Reten Apartment,MANILA,3,1,BARANGAY 489,,,14.61426,120.99115,,,,,,,16,2022-04-04,OSP
MNL003 LP159 NP1-2,MNL003,LP159,NP1-2,MNL003 LP159,City Square,MANILA,3,1,BARANGAY 49,,,14.60741772,120.9714807,,,,,,,16,2019-01-29,OSP
MNL005 LP183 NP1-2,MNL005,LP183,NP1-2,MNL005 LP183,Orchard Building (City Square 2),MANILA,3,1,BARANGAY 49,,,14.607125,120.971395,,,,,,,16,2020-12-29,OSP
MNL005 LP534 NP1-2,MNL005,LP534,NP1-2,MNL005 LP534,Orchard Building (City Square 2),MANILA,3,1,BARANGAY 49,,,14.606034,120.971134,,,,,,,16,2022-06-23,OSP
MNL005 LP56 NP7-8,MNL005,LP56,NP7-8,MNL005 LP56,Orchard Building (City Square 2),MANILA,3,1,BARANGAY 49,,,14.607232,120.971424,,,,,,,16,2020-12-28,OSP
MNL045 LP515 NP1-2,MNL045,LP515,NP1-2,MNL045 LP515,Radial Road 10,MANILA,3,1,BARANGAY 49,,,14.6074995,120.9715044,,,,,,,16,2022-03-10,OSP
MNL045 LP515 NP3-5,MNL045,LP515,NP3-5,MNL045 LP515,Radial Road 10,MANILA,3,1,BARANGAY 49,,,14.60743619,120.971135,,,,,,,24,2022-03-10,OSP
MNL045 LP515 NP6-8,MNL045,LP515,NP6-8,MNL045 LP515,Radial Road 10,MANILA,3,1,BARANGAY 49,,,14.60743609,120.9711321,,,,,,,24,2022-03-10,OSP
MNL045 LP516 NP1-2,MNL045,LP516,NP1-2,MNL045 LP516,Radial Road 10,MANILA,3,1,BARANGAY 49,,,14.60748099,120.9709784,,,,,,,16,2022-03-10,OSP
MNL045 LP516 NP3-5,MNL045,LP516,NP3-5,MNL045 LP516,Radial Road 10,MANILA,3,1,BARANGAY 49,,,14.60750436,120.9708823,,,,,,,24,2022-03-10,OSP
MNL045 LP516 NP6-8,MNL045,LP516,NP6-8,MNL045 LP516,Radial Road 10,MANILA,3,1,BARANGAY 49,,,14.60750589,120.9708825,,,,,,,24,2022-03-10,OSP
MNL002 LP27 NP1,MNL002,LP27,NP1,MNL002 LP27,Don Quintos,MANILA,3,1,BARANGAY 490,,,14.61389,120.98908,,,,,,,8,2017-11-29,OSP
MNL002 LP26 NP1-2,MNL002,LP26,NP1-2,MNL002 LP26,Don Quintos,MANILA,3,1,BARANGAY 490,,,14.61343,120.99023,,,,,,,16,2017-11-29,OSP
MNL002 LP302 NP7-8,MNL002,LP302,NP7-8,MNL002 LP302,Don Quintos,MANILA,3,1,BARANGAY 490,,,14.613121,120.989672,,,,,,,16,2019-12-23,OSP
MNL002 LP303 NP1-2,MNL002,LP303,NP1-2,MNL002 LP303,Don Quintos,MANILA,3,1,BARANGAY 490,,,14.613809,120.989055,,,,,,,16,2019-12-23,OSP
MNL046 LP89 NP1-2,MNL046,LP89,NP1-2,MNL046 LP89,Reten Apartment,MANILA,3,1,BARANGAY 490,,,14.613487,120.99028,,,,,,,16,2022-02-20,OSP
MNL046 LP89 NP6-8,MNL046,LP89,NP6-8,MNL046 LP89,Reten Apartment,MANILA,3,1,BARANGAY 490,,,14.614516,120.98929,,,,,,,24,2022-02-20,OSP
MNL046 LP70 NP3-4,MNL046,LP70,NP3-4,MNL046 LP70,Reten Apartment,MANILA,3,1,BARANGAY 490,,,14.6131303,120.9897075,,,,,,,16,2022-03-13,OSP
MNL046 LP70 NP5-6,MNL046,LP70,NP5-6,MNL046 LP70,Reten Apartment,MANILA,3,1,BARANGAY 490,,,14.61365142,120.9892056,,,,,,,16,2022-03-13,OSP
MNL046 LP70 NP7-8,MNL046,LP70,NP7-8,MNL046 LP70,Reten Apartment,MANILA,3,1,BARANGAY 490,,,14.61464437,120.9893172,,,,,,,16,2022-03-13,OSP
MNL002 LP27 NP3,MNL002,LP27,NP3,MNL002 LP27,Don Quintos,MANILA,3,1,BARANGAY 491,,,14.61543,120.99023,,,,,,,8,2017-11-29,OSP
MNL002 LP246 NP7-8,MNL002,LP246,NP7-8,MNL002 LP246,Don Quintos,MANILA,3,1,BARANGAY 491,,,14.614797,120.989597,,,,,,,16,2019-11-30,OSP
MNL002 LP247 NP1-2,MNL002,LP247,NP1-2,MNL002 LP247,Don Quintos,MANILA,3,1,BARANGAY 491,,,14.615081,120.98995,,,,,,,16,2019-11-30,OSP
MNL002 LP247 NP3-4,MNL002,LP247,NP3-4,MNL002 LP247,Don Quintos,MANILA,3,1,BARANGAY 491,,,14.615923,120.988988,,,,,,,16,2019-11-30,OSP
MNL002 LP247 NP5-6,MNL002,LP247,NP5-6,MNL002 LP247,Don Quintos,MANILA,3,1,BARANGAY 491,,,14.615859,120.989654,,,,,,,16,2019-11-30,OSP
MNL002 LP247 NP7-8,MNL002,LP247,NP7-8,MNL002 LP247,Don Quintos,MANILA,3,1,BARANGAY 491,,,14.616399,120.98913,,,,,,,16,2020-08-06,OSP
MNL046 LP91 NP3-5,MNL046,LP91,NP3-5,MNL046 LP91,Reten Apartment,MANILA,3,1,BARANGAY 491,,,14.615051,120.98988,,,,,,,24,2022-02-20,OSP
MNL046 LP91 NP6-8,MNL046,LP91,NP6-8,MNL046 LP91,Reten Apartment,MANILA,3,1,BARANGAY 491,,,14.615604,120.98929,,,,,,,24,2022-02-20,OSP
MNL046 LP92 NP3-4,MNL046,LP92,NP3-4,MNL046 LP92,Reten Apartment,MANILA,3,1,BARANGAY 491,,,14.615588,120.98989,,,,,,,16,2022-02-20,OSP
MNL046 LP92 NP5-6,MNL046,LP92,NP5-6,MNL046 LP92,Reten Apartment,MANILA,3,1,BARANGAY 491,,,14.61657,120.98936,,,,,,,16,2022-02-20,OSP
MNL046 LP71 NP3-4,MNL046,LP71,NP3-4,MNL046 LP71,Reten Apartment,MANILA,3,1,BARANGAY 491,,,14.61634941,120.9889935,,,,,,,16,2022-03-13,OSP
MNL002 LP176 NP3-4,MNL002,LP176,NP3-4,MNL002 LP176,Don Quintos,MANILA,3,1,BARANGAY 492,,,14.623103,120.990142,,,,,,,16,2018-11-29,OSP
MNL002 LP176 NP5-6,MNL002,LP176,NP5-6,MNL002 LP176,Don Quintos,MANILA,3,1,BARANGAY 492,,,14.623347,120.99041,,,,,,,16,2018-11-29,OSP
MNL002 LP176 NP7-8,MNL002,LP176,NP7-8,MNL002 LP176,Don Quintos,MANILA,3,1,BARANGAY 492,,,14.623657,120.990754,,,,,,,16,2018-11-29,OSP
MNL002 LP177 NP1-2,MNL002,LP177,NP1-2,MNL002 LP177,Don Quintos,MANILA,3,1,BARANGAY 492,,,14.623844,120.990958,,,,,,,16,2018-11-29,OSP
MNL002 LP177 NP3-4,MNL002,LP177,NP3-4,MNL002 LP177,Don Quintos,MANILA,3,1,BARANGAY 492,,,14.624123,120.991284,,,,,,,16,2018-11-29,OSP
MNL002 LP178 NP1-2,MNL002,LP178,NP1-2,MNL002 LP178,Don Quintos,MANILA,3,1,BARANGAY 492,,,14.624144,120.990654,,,,,,,16,2018-11-29,OSP
MNL002 LP178 NP3-4,MNL002,LP178,NP3-4,MNL002 LP178,Don Quintos,MANILA,3,1,BARANGAY 492,,,14.624678,120.990167,,,,,,,16,2018-11-29,OSP
MNL002 LP178 NP5-6,MNL002,LP178,NP5-6,MNL002 LP178,Don Quintos,MANILA,3,1,BARANGAY 492,,,14.624454,120.989878,,,,,,,16,2018-11-29,OSP
MNL035 LP374 NP1-2,MNL035,LP374,NP1-2,MNL035 LP374,Pureza (Legarda / Lacson),MANILA,3,1,BARANGAY 492,,,14.623846,120.990953,,,,,,,16,2021-04-28,OSP
MNL035 LP374 NP3-4-5,MNL035,LP374,NP3-4-5,MNL035 LP374,Pureza (Legarda / Lacson),MANILA,3,1,BARANGAY 492,,,14.624178,120.990628,,,,,,,24,2021-04-28,OSP
MNL035 LP374 NP6-7-8,MNL035,LP374,NP6-7-8,MNL035 LP374,Pureza (Legarda / Lacson),MANILA,3,1,BARANGAY 492,,,14.624462,120.990358,,,,,,,24,2021-04-28,OSP
MNL035 LP375 NP1-2,MNL035,LP375,NP1-2,MNL035 LP375,Pureza (Legarda / Lacson),MANILA,3,1,BARANGAY 492,,,14.624705,120.990125,,,,,,,16,2021-04-28,OSP
MNL035 LP376 NP3-4-5,MNL035,LP376,NP3-4-5,MNL035 LP376,Pureza (Legarda / Lacson),MANILA,3,1,BARANGAY 492,,,14.624343,120.991397,,,,,,,24,2021-04-28,OSP
MNL035 LP368 NP6-7-8,MNL035,LP368,NP6-7-8,MNL035 LP368,Pureza (Legarda / Lacson),MANILA,3,1,BARANGAY 492,,,14.623899,120.98992,,,,,,,24,2021-04-28,OSP
MNL035 LP369 NP6-7-8,MNL035,LP369,NP6-7-8,MNL035 LP369,Pureza (Legarda / Lacson),MANILA,3,1,BARANGAY 492,,,14.624018,120.990317,,,,,,,24,2021-04-28,OSP
MNL035 LP370 NP1-2,MNL035,LP370,NP1-2,MNL035 LP370,Pureza (Legarda / Lacson),MANILA,3,1,BARANGAY 492,,,14.623653,120.990753,,,,,,,16,2021-04-28,OSP
MNL035 LP362 NP1-2,MNL035,LP362,NP1-2,MNL035 LP362,Pureza (Legarda / Lacson),MANILA,3,1,BARANGAY 492,,,14.62293,120.989818,,,,,,,16,2021-04-28,OSP
MNL035 LP362 NP3-4-5,MNL035,LP362,NP3-4-5,MNL035 LP362,Pureza (Legarda / Lacson),MANILA,3,1,BARANGAY 492,,,14.623433,120.989314,,,,,,,24,2021-04-28,OSP
MNL035 LP364 NP1-2,MNL035,LP364,NP1-2,MNL035 LP364,Pureza (Legarda / Lacson),MANILA,3,1,BARANGAY 492,,,14.623587,120.989731,,,,,,,16,2021-04-28,OSP
MNL002 LP178 NP7-8,MNL002,LP178,NP7-8,MNL002 LP178,Don Quintos,MANILA,3,1,BARANGAY 493,,,14.624194,120.989579,,,,,,,16,2018-11-29,OSP
MNL035 LP375 NP3-4-5,MNL035,LP375,NP3-4-5,MNL035 LP375,Pureza (Legarda / Lacson),MANILA,3,1,BARANGAY 493,,,14.62522,120.989638,,,,,,,24,2021-04-28,OSP
MNL035 LP375 NP6-7-8,MNL035,LP375,NP6-7-8,MNL035 LP375,Pureza (Legarda / Lacson),MANILA,3,1,BARANGAY 493,,,14.625104,120.99043,,,,,,,24,2021-04-28,OSP
MNL035 LP369 NP1-2,MNL035,LP369,NP1-2,MNL035 LP369,Pureza (Legarda / Lacson),MANILA,3,1,BARANGAY 493,,,14.624232,120.989598,,,,,,,16,2021-04-28,OSP
MNL035 LP369 NP3-4-5,MNL035,LP369,NP3-4-5,MNL035 LP369,Pureza (Legarda / Lacson),MANILA,3,1,BARANGAY 493,,,14.624488,120.989865,,,,,,,24,2021-04-28,OSP
MNL035 LP362 NP6-7-8,MNL035,LP362,NP6-7-8,MNL035 LP362,Pureza (Legarda / Lacson),MANILA,3,1,BARANGAY 493,,,14.623999,120.989245,,,,,,,24,2021-04-28,OSP
MNL002 LP140 NP5-6,MNL002,LP140,NP5-6,MNL002 LP140,Don Quintos,MANILA,3,1,BARANGAY 494,,,14.621284,120.991403,,,,,,,16,2018-07-12,OSP
MNL002 LP140 NP7-8,MNL002,LP140,NP7-8,MNL002 LP140,Don Quintos,MANILA,3,1,BARANGAY 494,,,14.621644,120.991604,,,,,,,16,2020-08-06,OSP
MNL002 LP141 NP1-2,MNL002,LP141,NP1-2,MNL002 LP141,Don Quintos,MANILA,3,1,BARANGAY 494,,,14.6218,120.990906,,,,,,,16,2018-07-12,OSP
MNL002 LP175 NP5-6,MNL002,LP175,NP5-6,MNL002 LP175,Don Quintos,MANILA,3,1,BARANGAY 494,,,14.62264,120.991749,,,,,,,16,2018-11-29,OSP
MNL002 LP175 NP7-8,MNL002,LP175,NP7-8,MNL002 LP175,Don Quintos,MANILA,3,1,BARANGAY 494,,,14.622411,120.991495,,,,,,,16,2018-11-29,OSP
MNL002 LP173 NP3-4,MNL002,LP173,NP3-4,MNL002 LP173,Don Quintos,MANILA,3,1,BARANGAY 494,,,14.62112,120.992082,,,,,,,16,2018-11-29,OSP
MNL002 LP173 NP5-6,MNL002,LP173,NP5-6,MNL002 LP173,Don Quintos,MANILA,3,1,BARANGAY 494,,,14.62134,120.992324,,,,,,,16,2018-11-29,OSP
MNL002 LP174 NP1-2,MNL002,LP174,NP1-2,MNL002 LP174,Don Quintos,MANILA,3,1,BARANGAY 494,,,14.621575,120.992585,,,,,,,16,2018-11-29,OSP
MNL002 LP174 NP3-4,MNL002,LP174,NP3-4,MNL002 LP174,Don Quintos,MANILA,3,1,BARANGAY 494,,,14.621887,120.992913,,,,,,,16,2018-11-29,OSP
MNL002 LP174 NP5-6,MNL002,LP174,NP5-6,MNL002 LP174,Don Quintos,MANILA,3,1,BARANGAY 494,,,14.622315,120.993378,,,,,,,16,2018-11-29,OSP
MNL002 LP175 NP1-2,MNL002,LP175,NP1-2,MNL002 LP175,Don Quintos,MANILA,3,1,BARANGAY 494,,,14.623121,120.992258,,,,,,,16,2018-11-29,OSP
MNL002 LP315 NP7-8,MNL002,LP315,NP7-8,MNL002 LP315,Don Quintos,MANILA,3,1,BARANGAY 494,,,14.621392,120.991234,,,,,,,16,2019-12-26,OSP
MNL002 LP39 NP5-6,MNL002,LP39,NP5-6,MNL002 LP39,Don Quintos,MANILA,3,1,BARANGAY 494,,,14.622336,120.992404,,,,,,,16,2020-07-30,OSP
MNL002 LP39 NP7-8,MNL002,LP39,NP7-8,MNL002 LP39,Don Quintos,MANILA,3,1,BARANGAY 494,,,14.622126,120.99319,,,,,,,16,2020-07-30,OSP
MNL035 LP361 NP1-2,MNL035,LP361,NP1-2,MNL035 LP361,Pureza (Legarda / Lacson),MANILA,3,1,BARANGAY 494,,,14.621273,120.991436,,,,,,,16,2021-04-28,OSP
MNL035 LP361 NP3-4-5,MNL035,LP361,NP3-4-5,MNL035 LP361,Pureza (Legarda / Lacson),MANILA,3,1,BARANGAY 494,,,14.621863,120.990875,,,,,,,24,2021-04-28,OSP
MNL035 LP377 NP3-4-5,MNL035,LP377,NP3-4-5,MNL035 LP377,Pureza (Legarda / Lacson),MANILA,3,1,BARANGAY 494,,,14.62311,120.992244,,,,,,,24,2021-04-28,OSP
MNL035 LP377 NP6-7-8,MNL035,LP377,NP6-7-8,MNL035 LP377,Pureza (Legarda / Lacson),MANILA,3,1,BARANGAY 494,,,14.622339,120.992916,,,,,,,24,2021-04-28,OSP
MNL035 LP380 NP1-2,MNL035,LP380,NP1-2,MNL035 LP380,Pureza (Legarda / Lacson),MANILA,3,1,BARANGAY 494,,,14.622581,120.993161,,,,,,,16,2021-04-28,OSP
MNL035 LP381 NP1-2,MNL035,LP381,NP1-2,MNL035 LP381,Pureza (Legarda / Lacson),MANILA,3,1,BARANGAY 494,,,14.62314,120.992624,,,,,,,16,2021-04-28,OSP
MNL035 LP372 NP6-7-8,MNL035,LP372,NP6-7-8,MNL035 LP372,Pureza (Legarda / Lacson),MANILA,3,1,BARANGAY 494,,,14.621888,120.992951,,,,,,,24,2021-04-28,OSP
MNL035 LP373 NP1-2,MNL035,LP373,NP1-2,MNL035 LP373,Pureza (Legarda / Lacson),MANILA,3,1,BARANGAY 494,,,14.622343,120.992399,,,,,,,16,2021-04-28,OSP
MNL035 LP373 NP3-4-5,MNL035,LP373,NP3-4-5,MNL035 LP373,Pureza (Legarda / Lacson),MANILA,3,1,BARANGAY 494,,,14.622831,120.991926,,,,,,,24,2021-04-28,OSP
MNL035 LP367 NP3-4-5,MNL035,LP367,NP3-4-5,MNL035 LP367,Pureza (Legarda / Lacson),MANILA,3,1,BARANGAY 494,,,14.621735,120.99213,,,,,,,24,2021-04-28,OSP
MNL035 LP367 NP6-7-8,MNL035,LP367,NP6-7-8,MNL035 LP367,Pureza (Legarda / Lacson),MANILA,3,1,BARANGAY 494,,,14.622409,120.991477,,,,,,,24,2021-04-28,OSP
MNL035 LP370 NP6-7-8,MNL035,LP370,NP6-7-8,MNL035 LP370,Pureza (Legarda / Lacson),MANILA,3,1,BARANGAY 494,,,14.622638,120.991719,,,,,,,24,2021-04-28,OSP
MNL035 LP371 NP1-2,MNL035,LP371,NP1-2,MNL035 LP371,Pureza (Legarda / Lacson),MANILA,3,1,BARANGAY 494,,,14.62231,120.99204,,,,,,,16,2021-04-28,OSP
MNL035 LP365 NP3-4-5,MNL035,LP365,NP3-4-5,MNL035 LP365,Pureza (Legarda / Lacson),MANILA,3,1,BARANGAY 494,,,14.621494,120.991839,,,,,,,24,2021-04-28,OSP
MNL035 LP367 NP1-2,MNL035,LP367,NP1-2,MNL035 LP367,Pureza (Legarda / Lacson),MANILA,3,1,BARANGAY 494,,,14.621417,120.992424,,,,,,,16,2021-04-28,OSP
MNL002 LP175 NP3-4,MNL002,LP175,NP3-4,MNL002 LP175,Don Quintos,MANILA,3,1,BARANGAY 495,,,14.622904,120.992012,,,,,,,16,2018-11-29,OSP
MNL002 LP174 NP7-8,MNL002,LP174,NP7-8,MNL002 LP174,Don Quintos,MANILA,3,1,BARANGAY 495,,,14.623386,120.99234,,,,,,,16,2018-11-29,OSP
MNL002 LP316 NP1-2,MNL002,LP316,NP1-2,MNL002 LP316,Don Quintos,MANILA,3,1,BARANGAY 495,,,14.622277,120.990388,,,,,,,16,2019-12-26,OSP
MNL002 LP39 NP3-4,MNL002,LP39,NP3-4,MNL002 LP39,Don Quintos,MANILA,3,1,BARANGAY 495,,,14.622839,120.991926,,,,,,,16,2017-12-20,OSP
MNL035 LP381 NP3-4-5,MNL035,LP381,NP3-4-5,MNL035 LP381,Pureza (Legarda / Lacson),MANILA,3,1,BARANGAY 495,,,14.623381,120.992397,,,,,,,24,2021-04-28,OSP
MNL035 LP373 NP6-7-8,MNL035,LP373,NP6-7-8,MNL035 LP373,Pureza (Legarda / Lacson),MANILA,3,1,BARANGAY 495,,,14.623332,120.991452,,,,,,,24,2021-04-28,OSP
MNL035 LP376 NP1-2,MNL035,LP376,NP1-2,MNL035 LP376,Pureza (Legarda / Lacson),MANILA,3,1,BARANGAY 495,,,14.624111,120.991273,,,,,,,16,2021-04-28,OSP
MNL035 LP377 NP1-2,MNL035,LP377,NP1-2,MNL035 LP377,Pureza (Legarda / Lacson),MANILA,3,1,BARANGAY 495,,,14.623611,120.991758,,,,,,,16,2021-04-28,OSP
MNL035 LP368 NP1-2,MNL035,LP368,NP1-2,MNL035 LP368,Pureza (Legarda / Lacson),MANILA,3,1,BARANGAY 495,,,14.622896,120.991016,,,,,,,16,2021-04-28,OSP
MNL035 LP368 NP3-4-5,MNL035,LP368,NP3-4-5,MNL035 LP368,Pureza (Legarda / Lacson),MANILA,3,1,BARANGAY 495,,,14.623358,120.990439,,,,,,,24,2021-04-28,OSP
MNL035 LP370 NP3-4-5,MNL035,LP370,NP3-4-5,MNL035 LP370,Pureza (Legarda / Lacson),MANILA,3,1,BARANGAY 495,,,14.623079,120.991216,,,,,,,24,2021-04-28,OSP
MNL035 LP361 NP6-7-8,MNL035,LP361,NP6-7-8,MNL035 LP361,Pureza (Legarda / Lacson),MANILA,3,1,BARANGAY 495,,,14.622354,120.990363,,,,,,,24,2021-04-28,OSP
MNL035 LP364 NP3-4-5,MNL035,LP364,NP3-4-5,MNL035 LP364,Pureza (Legarda / Lacson),MANILA,3,1,BARANGAY 495,,,14.623117,120.990182,,,,,,,24,2021-04-28,OSP
MNL035 LP364 NP6-7-8,MNL035,LP364,NP6-7-8,MNL035 LP364,Pureza (Legarda / Lacson),MANILA,3,1,BARANGAY 495,,,14.622857,120.990428,,,,,,,24,2021-04-28,OSP
MNL035 LP365 NP1-2,MNL035,LP365,NP1-2,MNL035 LP365,Pureza (Legarda / Lacson),MANILA,3,1,BARANGAY 495,,,14.622126,120.991125,,,,,,,16,2021-04-28,OSP
MNL002 LP321 NP5-6,MNL002,LP321,NP5-6,MNL002 LP321,Don Quintos,MANILA,3,1,BARANGAY 496,,,14.621624,120.994985,,,,,,,16,2020-01-29,OSP
MNL002 LP172 NP3-4,MNL002,LP172,NP3-4,MNL002 LP172,Don Quintos,MANILA,3,1,BARANGAY 496,,,14.620767,120.994013,,,,,,,16,2018-11-29,OSP
MNL035 LP378 NP1-2,MNL035,LP378,NP1-2,MNL035 LP378,Pureza (Legarda / Lacson),MANILA,3,1,BARANGAY 496,,,14.621781,120.993444,,,,,,,16,2021-04-28,OSP
MNL035 LP378 NP3-4-5,MNL035,LP378,NP3-4-5,MNL035 LP378,Pureza (Legarda / Lacson),MANILA,3,1,BARANGAY 496,,,14.62143,120.99377,,,,,,,24,2021-04-28,OSP
MNL035 LP378 NP6-7-8,MNL035,LP378,NP6-7-8,MNL035 LP378,Pureza (Legarda / Lacson),MANILA,3,1,BARANGAY 496,,,14.620998,120.994255,,,,,,,24,2021-04-28,OSP
MNL035 LP379 NP1-2,MNL035,LP379,NP1-2,MNL035 LP379,Pureza (Legarda / Lacson),MANILA,3,1,BARANGAY 496,,,14.621191,120.994468,,,,,,,16,2021-04-28,OSP
MNL035 LP379 NP3-4-5,MNL035,LP379,NP3-4-5,MNL035 LP379,Pureza (Legarda / Lacson),MANILA,3,1,BARANGAY 496,,,14.621685,120.993998,,,,,,,24,2021-04-28,OSP
MNL035 LP379 NP6-7-8,MNL035,LP379,NP6-7-8,MNL035 LP379,Pureza (Legarda / Lacson),MANILA,3,1,BARANGAY 496,,,14.622089,120.993635,,,,,,,24,2021-04-28,OSP
MNL035 LP372 NP1-2,MNL035,LP372,NP1-2,MNL035 LP372,Pureza (Legarda / Lacson),MANILA,3,1,BARANGAY 496,,,14.620765,120.994009,,,,,,,16,2021-04-28,OSP
MNL035 LP372 NP3-4-5,MNL035,LP372,NP3-4-5,MNL035 LP372,Pureza (Legarda / Lacson),MANILA,3,1,BARANGAY 496,,,14.621444,120.993374,,,,,,,24,2021-04-28,OSP
MNL002 LP141 NP3-4,MNL002,LP141,NP3-4,MNL002 LP141,Don Quintos,MANILA,3,1,BARANGAY 497,,,14.62145,120.990479,,,,,,,16,2018-07-12,OSP
MNL002 LP141 NP5-6,MNL002,LP141,NP5-6,MNL002 LP141,Don Quintos,MANILA,3,1,BARANGAY 497,,,14.62096,120.989955,,,,,,,16,2018-07-12,OSP
MNL002 LP176 NP1-2,MNL002,LP176,NP1-2,MNL002 LP176,Don Quintos,MANILA,3,1,BARANGAY 497,,,14.622928,120.989777,,,,,,,16,2018-11-29,OSP
MNL002 LP285 NP7-8,MNL002,LP285,NP7-8,MNL002 LP285,Don Quintos,MANILA,3,1,BARANGAY 497,,,14.62263,120.989624,,,,,,,16,2019-11-14,OSP
MNL002 LP283 NP5-6,MNL002,LP283,NP5-6,MNL002 LP283,Don Quintos,MANILA,3,1,BARANGAY 497,,,14.620418,120.989268,,,,,,,16,2019-11-14,OSP
MNL002 LP283 NP7-8,MNL002,LP283,NP7-8,MNL002 LP283,Don Quintos,MANILA,3,1,BARANGAY 497,,,14.620704,120.989569,,,,,,,16,2019-11-14,OSP
MNL002 LP284 NP1-2,MNL002,LP284,NP1-2,MNL002 LP284,Don Quintos,MANILA,3,1,BARANGAY 497,,,14.62114,120.990061,,,,,,,16,2019-11-14,OSP
MNL002 LP284 NP3-4,MNL002,LP284,NP3-4,MNL002 LP284,Don Quintos,MANILA,3,1,BARANGAY 497,,,14.621664,120.990629,,,,,,,16,2019-11-14,OSP
MNL002 LP285 NP1-2,MNL002,LP285,NP1-2,MNL002 LP285,Don Quintos,MANILA,3,1,BARANGAY 497,,,14.621564,120.98918,,,,,,,16,2019-11-14,OSP
MNL002 LP285 NP3-4,MNL002,LP285,NP3-4,MNL002 LP285,Don Quintos,MANILA,3,1,BARANGAY 497,,,14.621845,120.989169,,,,,,,16,2019-11-14,OSP
MNL002 LP285 NP5-6,MNL002,LP285,NP5-6,MNL002 LP285,Don Quintos,MANILA,3,1,BARANGAY 497,,,14.622386,120.989363,,,,,,,16,2019-11-14,OSP
MNL035 LP236 NP1-2,MNL035,LP236,NP1-2,MNL035 LP236,Pureza (Legarda / Lacson),MANILA,3,1,BARANGAY 497,,,14.620923,120.989308,,,,,,,16,2021-04-28,OSP
MNL035 LP228 NP6-7-8,MNL035,LP228,NP6-7-8,MNL035 LP228,Pureza (Legarda / Lacson),MANILA,3,1,BARANGAY 497,,,14.622693,120.989175,,,,,,,24,2021-04-28,OSP
MNL035 LP229 NP1-2,MNL035,LP229,NP1-2,MNL035 LP229,Pureza (Legarda / Lacson),MANILA,3,1,BARANGAY 497,,,14.622177,120.989565,,,,,,,16,2021-04-28,OSP
MNL035 LP229 NP3-4-5,MNL035,LP229,NP3-4-5,MNL035 LP229,Pureza (Legarda / Lacson),MANILA,3,1,BARANGAY 497,,,14.621666,120.99006,,,,,,,24,2021-04-28,OSP
MNL035 LP232 NP3-4-5,MNL035,LP232,NP3-4-5,MNL035 LP232,Pureza (Legarda / Lacson),MANILA,3,1,BARANGAY 497,,,14.621521,120.989769,,,,,,,24,2021-04-28,OSP
MNL035 LP232 NP6-7-8,MNL035,LP232,NP6-7-8,MNL035 LP232,Pureza (Legarda / Lacson),MANILA,3,1,BARANGAY 497,,,14.622038,120.98927,,,,,,,24,2021-04-28,OSP
MNL035 LP227 NP6-7-8,MNL035,LP227,NP6-7-8,MNL035 LP227,Pureza (Legarda / Lacson),MANILA,3,1,BARANGAY 497,,,14.621889,120.99041,,,,,,,24,2021-04-28,OSP
MNL035 LP228 NP1-2,MNL035,LP228,NP1-2,MNL035 LP228,Pureza (Legarda / Lacson),MANILA,3,1,BARANGAY 497,,,14.622508,120.989737,,,,,,,16,2021-04-28,OSP
MNL035 LP228 NP3-4-5,MNL035,LP228,NP3-4-5,MNL035 LP228,Pureza (Legarda / Lacson),MANILA,3,1,BARANGAY 497,,,14.622857,120.989415,,,,,,,24,2021-04-28,OSP
MNL002 LP139 NP7-8,MNL002,LP139,NP7-8,MNL002 LP139,Don Quintos,MANILA,3,1,BARANGAY 498,,,14.620575,120.992138,,,,,,,16,2018-07-12,OSP
MNL002 LP140 NP1-2,MNL002,LP140,NP1-2,MNL002 LP140,Don Quintos,MANILA,3,1,BARANGAY 498,,,14.62079,120.991892,,,,,,,16,2018-07-12,OSP
MNL002 LP173 NP7-8,MNL002,LP173,NP7-8,MNL002 LP173,Don Quintos,MANILA,3,1,BARANGAY 498,,,14.620677,120.99297,,,,,,,16,2020-08-06,OSP
MNL002 LP315 NP5-6,MNL002,LP315,NP5-6,MNL002 LP315,Don Quintos,MANILA,3,1,BARANGAY 498,,,14.620266,120.992303,,,,,,,16,2019-12-26,OSP
MNL035 LP371 NP6-7-8,MNL035,LP371,NP6-7-8,MNL035 LP371,Pureza (Legarda / Lacson),MANILA,3,1,BARANGAY 498,,,14.621003,120.993208,,,,,,,24,2021-04-28,OSP
MNL035 LP18 NP3-4,MNL035,LP18,NP3-4,MNL035 LP18,Pureza (Legarda / Lacson),MANILA,3,1,BARANGAY 498,,,14.619744,120.992875,,,,,,,16,2021-04-28,OSP
MNL035 LP18 NP5-6,MNL035,LP18,NP5-6,MNL035 LP18,Pureza (Legarda / Lacson),MANILA,3,1,BARANGAY 498,,,14.620288,120.992343,,,,,,,16,2021-04-28,OSP
MNL035 LP18 NP7-8,MNL035,LP18,NP7-8,MNL035 LP18,Pureza (Legarda / Lacson),MANILA,3,1,BARANGAY 498,,,14.620776,120.991876,,,,,,,16,2021-04-28,OSP
MNL035 LP371 NP3-4-5,MNL035,LP371,NP3-4-5,MNL035 LP371,Pureza (Legarda / Lacson),MANILA,3,1,BARANGAY 498,,,14.621429,120.992803,,,,,,,24,2021-04-28,OSP
MNL035 LP365 NP6-7-8,MNL035,LP365,NP6-7-8,MNL035 LP365,Pureza (Legarda / Lacson),MANILA,3,1,BARANGAY 498,,,14.620837,120.992458,,,,,,,24,2021-04-28,OSP
MNL035 LP366 NP1-2,MNL035,LP366,NP1-2,MNL035 LP366,Pureza (Legarda / Lacson),MANILA,3,1,BARANGAY 498,,,14.620489,120.992684,,,,,,,16,2021-04-28,OSP
MNL035 LP366 NP3-4-5,MNL035,LP366,NP3-4-5,MNL035 LP366,Pureza (Legarda / Lacson),MANILA,3,1,BARANGAY 498,,,14.620004,120.993162,,,,,,,24,2021-04-28,OSP
MNL035 LP366 NP6-7-8,MNL035,LP366,NP6-7-8,MNL035 LP366,Pureza (Legarda / Lacson),MANILA,3,1,BARANGAY 498,,,14.620918,120.992906,,,,,,,24,2021-04-28,OSP
MNL002 LP281 NP5-6,MNL002,LP281,NP5-6,MNL002 LP281,Don Quintos,MANILA,3,1,BARANGAY 499,,,14.618391,120.991232,,,,,,,16,2019-11-14,OSP
MNL002 LP281 NP7-8,MNL002,LP281,NP7-8,MNL002 LP281,Don Quintos,MANILA,3,1,BARANGAY 499,,,14.618589,120.991608,,,,,,,16,2019-11-14,OSP
MNL002 LP282 NP1-2,MNL002,LP282,NP1-2,MNL002 LP282,Don Quintos,MANILA,3,1,BARANGAY 499,,,14.618836,120.991888,,,,,,,16,2019-11-14,OSP
MNL002 LP282 NP5-6,MNL002,LP282,NP5-6,MNL002 LP282,Don Quintos,MANILA,3,1,BARANGAY 499,,,14.619263,120.991371,,,,,,,16,2019-11-14,OSP
MNL002 LP282 NP7-8,MNL002,LP282,NP7-8,MNL002 LP282,Don Quintos,MANILA,3,1,BARANGAY 499,,,14.619839,120.990814,,,,,,,16,2019-11-14,OSP
MNL002 LP283 NP1-2,MNL002,LP283,NP1-2,MNL002 LP283,Don Quintos,MANILA,3,1,BARANGAY 499,,,14.619612,120.99056,,,,,,,16,2019-11-14,OSP
MNL035 LP431 NP6-7-8,MNL035,LP431,NP6-7-8,MNL035 LP431,Pureza (Legarda / Lacson),MANILA,3,1,BARANGAY 499,,,14.61882,120.991897,,,,,,,24,2021-04-28,OSP
MNL035 LP233 NP6-7-8,MNL035,LP233,NP6-7-8,MNL035 LP233,Pureza (Legarda / Lacson),MANILA,3,1,BARANGAY 499,,,14.619628,120.991037,,,,,,,24,2021-04-28,OSP
MNL035 LP234 NP1-2,MNL035,LP234,NP1-2,MNL035 LP234,Pureza (Legarda / Lacson),MANILA,3,1,BARANGAY 499,,,14.61935,120.991297,,,,,,,16,2021-04-28,OSP
MNL035 LP234 NP3-4-5,MNL035,LP234,NP3-4-5,MNL035 LP234,Pureza (Legarda / Lacson),MANILA,3,1,BARANGAY 499,,,14.618619,120.991501,,,,,,,24,2021-04-28,OSP
MNL035 LP234 NP6-7-8,MNL035,LP234,NP6-7-8,MNL035 LP234,Pureza (Legarda / Lacson),MANILA,3,1,BARANGAY 499,,,14.619209,120.990942,,,,,,,24,2021-04-28,OSP
MNL035 LP237 NP3-4-5,MNL035,LP237,NP3-4-5,MNL035 LP237,Pureza (Legarda / Lacson),MANILA,3,1,BARANGAY 499,,,14.619361,120.990296,,,,,,,24,2021-04-28,OSP
MNL035 LP237 NP6-7-8,MNL035,LP237,NP6-7-8,MNL035 LP237,Pureza (Legarda / Lacson),MANILA,3,1,BARANGAY 499,,,14.618856,120.990777,,,,,,,24,2021-04-28,OSP
MNL003 LP191 NP7-8,MNL003,LP191,NP7-8,MNL003 LP191,City Square,MANILA,3,1,BARANGAY 5,,,14.60814072,120.9670783,,,,,,,16,2019-01-30,OSP
MNL003 LP202 NP5-6,MNL003,LP202,NP5-6,MNL003 LP202,City Square,MANILA,3,1,BARANGAY 5,,,14.60825003,120.9664726,,,,,,,16,2019-02-12,OSP
MNL003 LP202 NP7-8,MNL003,LP202,NP7-8,MNL003 LP202,City Square,MANILA,3,1,BARANGAY 5,,,14.60783969,120.9666988,,,,,,,16,2019-02-12,OSP
MNL003 LP203 NP1-2,MNL003,LP203,NP1-2,MNL003 LP203,City Square,MANILA,3,1,BARANGAY 5,,,14.60763504,120.9662104,,,,,,,16,2019-02-12,OSP
MNL003 LP203 NP3-4,MNL003,LP203,NP3-4,MNL003 LP203,City Square,MANILA,3,1,BARANGAY 5,,,14.60751058,120.9657085,,,,,,,16,2019-02-12,OSP
MNL003 LP203 NP5-6,MNL003,LP203,NP5-6,MNL003 LP203,City Square,MANILA,3,1,BARANGAY 5,,,14.60784488,120.9656949,,,,,,,16,2019-02-12,OSP
MNL005 LP265 NP3-5,MNL005,LP265,NP3-5,MNL005 LP265,Orchard Building (City Square 2),MANILA,3,1,BARANGAY 5,,,14.607848,120.965707,,,,,,,24,2021-10-21,OSP
MNL005 LP265 NP6-8,MNL005,LP265,NP6-8,MNL005 LP265,Orchard Building (City Square 2),MANILA,3,1,BARANGAY 5,,,14.60806,120.965704,,,,,,,24,2021-10-21,OSP
MNL005 LP267 NP1-2,MNL005,LP267,NP1-2,MNL005 LP267,Orchard Building (City Square 2),MANILA,3,1,BARANGAY 5,,,14.608373,120.96571,,,,,,,16,2021-10-21,OSP
MNL005 LP267 NP3-5,MNL005,LP267,NP3-5,MNL005 LP267,Orchard Building (City Square 2),MANILA,3,1,BARANGAY 5,,,14.608225,120.966059,,,,,,,24,2021-10-21,OSP
MNL005 LP262 NP5-6,MNL005,LP262,NP5-6,MNL005 LP262,Orchard Building (City Square 2),MANILA,3,1,BARANGAY 5,,,14.608533,120.966358,,,,,,,16,2021-10-21,OSP
MNL005 LP262 NP7-8,MNL005,LP262,NP7-8,MNL005 LP262,Orchard Building (City Square 2),MANILA,3,1,BARANGAY 5,,,14.608067,120.966528,,,,,,,16,2021-10-21,OSP
MNL005 LP263 NP1-2,MNL005,LP263,NP1-2,MNL005 LP263,Orchard Building (City Square 2),MANILA,3,1,BARANGAY 5,,,14.607842,120.966705,,,,,,,16,2021-10-21,OSP
MNL005 LP263 NP3-5,MNL005,LP263,NP3-5,MNL005 LP263,Orchard Building (City Square 2),MANILA,3,1,BARANGAY 5,,,14.608009,120.966969,,,,,,,24,2021-10-21,OSP
MNL005 LP264 NP1-2,MNL005,LP264,NP1-2,MNL005 LP264,Orchard Building (City Square 2),MANILA,3,1,BARANGAY 5,,,14.60758,120.966052,,,,,,,16,2021-10-21,OSP
MNL005 LP264 NP3-5,MNL005,LP264,NP3-5,MNL005 LP264,Orchard Building (City Square 2),MANILA,3,1,BARANGAY 5,,,14.607581,120.966054,,,,,,,24,2021-10-21,OSP
MNL005 LP264 NP6-8,MNL005,LP264,NP6-8,MNL005 LP264,Orchard Building (City Square 2),MANILA,3,1,BARANGAY 5,,,14.607581,120.966054,,,,,,,24,2021-10-21,OSP
MNL005 LP265 NP1-2,MNL005,LP265,NP1-2,MNL005 LP265,Orchard Building (City Square 2),MANILA,3,1,BARANGAY 5,,,14.607511,120.965704,,,,,,,16,2021-10-21,OSP
MNL005 LP9 NP1-2,MNL005,LP9,NP1-2,MNL005 LP9,Orchard Building (City Square 2),MANILA,3,1,BARANGAY 5,,,14.608332,120.967276,,,,,,,16,2020-08-30,OSP
MNL003 LP24 NP4,MNL003,LP24,NP4,MNL003 LP24,City Square,MANILA,3,1,BARANGAY 50,,,14.614141,120.971783,,,,,,,8,2017-11-27,OSP
MNL003 LP25 NP2,MNL003,LP25,NP2,MNL003 LP25,City Square,MANILA,3,1,BARANGAY 50,,,14.612486,120.972849,,,,,,,8,2017-11-27,OSP
MNL003 LP25 NP3,MNL003,LP25,NP3,MNL003 LP25,City Square,MANILA,3,1,BARANGAY 50,,,14.613175,120.973014,,,,,,,8,2017-11-27,OSP
MNL003 LP296 NP1-2,MNL003,LP296,NP1-2,MNL003 LP296,City Square,MANILA,3,1,BARANGAY 50,,,14.613876,120.973186,,,,,,,16,2019-03-29,OSP
MNL003 LP296 NP3-4,MNL003,LP296,NP3-4,MNL003 LP296,City Square,MANILA,3,1,BARANGAY 50,,,14.613181,120.973046,,,,,,,16,2019-03-29,OSP
MNL003 LP298 NP1-2,MNL003,LP298,NP1-2,MNL003 LP298,City Square,MANILA,3,1,BARANGAY 50,,,14.613531,120.971643,,,,,,,16,2019-03-29,OSP
MNL003 LP25 NP5-6,MNL003,LP25,NP5-6,MNL003 LP25,City Square,MANILA,3,1,BARANGAY 50,,,14.61424,120.973259,,,,,,,16,2020-08-07,OSP
MNL003 LP25 NP7-8,MNL003,LP25,NP7-8,MNL003 LP25,City Square,MANILA,3,1,BARANGAY 50,,,14.613525,120.973074,,,,,,,16,2020-08-07,OSP
MNL036 LP53 NP5-6,MNL036,LP53,NP5-6,MNL036 LP53,Juan Luna/ Solis,MANILA,3,1,BARANGAY 50,,,14.614485,120.971889,,,,,,,16,2020-08-30,OSP
MNL036 LP53 NP7-8,MNL036,LP53,NP7-8,MNL036 LP53,Juan Luna/ Solis,MANILA,3,1,BARANGAY 50,,,14.614321,120.972645,,,,,,,16,2020-08-30,OSP
MNL036 LP54 NP1-2,MNL036,LP54,NP1-2,MNL036 LP54,Juan Luna/ Solis,MANILA,3,1,BARANGAY 50,,,14.614186,120.973267,,,,,,,16,2020-08-30,OSP
MNL036 LP54 NP3-4,MNL036,LP54,NP3-4,MNL036 LP54,Juan Luna/ Solis,MANILA,3,1,BARANGAY 50,,,14.614055,120.972509,,,,,,,16,2020-08-30,OSP
MNL036 LP54 NP5-6,MNL036,LP54,NP5-6,MNL036 LP54,Juan Luna/ Solis,MANILA,3,1,BARANGAY 50,,,14.613849,120.971739,,,,,,,16,2020-08-30,OSP
MNL036 LP54 NP7-8,MNL036,LP54,NP7-8,MNL036 LP54,Juan Luna/ Solis,MANILA,3,1,BARANGAY 50,,,14.61373,120.972282,,,,,,,16,2020-08-30,OSP
MNL036 LP55 NP1-2,MNL036,LP55,NP1-2,MNL036 LP55,Juan Luna/ Solis,MANILA,3,1,BARANGAY 50,,,14.613521,120.97313,,,,,,,16,2020-08-30,OSP
MNL036 LP55 NP3-4,MNL036,LP55,NP3-4,MNL036 LP55,Juan Luna/ Solis,MANILA,3,1,BARANGAY 50,,,14.613374,120.972289,,,,,,,16,2020-08-30,OSP
MNL036 LP55 NP5-6,MNL036,LP55,NP5-6,MNL036 LP55,Juan Luna/ Solis,MANILA,3,1,BARANGAY 50,,,14.613154,120.97158,,,,,,,16,2020-08-30,OSP
MNL036 LP55 NP7-8,MNL036,LP55,NP7-8,MNL036 LP55,Juan Luna/ Solis,MANILA,3,1,BARANGAY 50,,,14.613015,120.972239,,,,,,,16,2020-08-30,OSP
MNL036 LP56 NP1-2,MNL036,LP56,NP1-2,MNL036 LP56,Juan Luna/ Solis,MANILA,3,1,BARANGAY 50,,,14.612837,120.972993,,,,,,,16,2020-08-30,OSP
MNL036 LP56 NP3-4,MNL036,LP56,NP3-4,MNL036 LP56,Juan Luna/ Solis,MANILA,3,1,BARANGAY 50,,,14.612668,120.972219,,,,,,,16,2020-08-30,OSP
MNL045 LP490 NP6-8,MNL045,LP490,NP6-8,MNL045 LP490,Radial Road 10,MANILA,3,1,BARANGAY 50,,,14.61333649,120.9725953,,,,,,,24,2022-03-10,OSP
MNL045 LP491 NP1-2,MNL045,LP491,NP1-2,MNL045 LP491,Radial Road 10,MANILA,3,1,BARANGAY 50,,,14.61329865,120.9727658,,,,,,,16,2022-03-10,OSP
MNL045 LP491 NP3-5,MNL045,LP491,NP3-5,MNL045 LP491,Radial Road 10,MANILA,3,1,BARANGAY 50,,,14.61323525,120.9730418,,,,,,,24,2022-03-10,OSP
MNL045 LP491 NP6-8,MNL045,LP491,NP6-8,MNL045 LP491,Radial Road 10,MANILA,3,1,BARANGAY 50,,,14.61293493,120.9726973,,,,,,,24,2022-03-10,OSP
MNL045 LP492 NP1-2,MNL045,LP492,NP1-2,MNL045 LP492,Radial Road 10,MANILA,3,1,BARANGAY 50,,,14.61299032,120.9724691,,,,,,,16,2022-03-10,OSP
MNL045 LP492 NP3-5,MNL045,LP492,NP3-5,MNL045 LP492,Radial Road 10,MANILA,3,1,BARANGAY 50,,,14.61299102,120.9724668,,,,,,,24,2022-03-10,OSP
MNL045 LP492 NP6-8,MNL045,LP492,NP6-8,MNL045 LP492,Radial Road 10,MANILA,3,1,BARANGAY 50,,,14.61307309,120.9721128,,,,,,,24,2022-03-10,OSP
MNL045 LP493 NP1-2,MNL045,LP493,NP1-2,MNL045 LP493,Radial Road 10,MANILA,3,1,BARANGAY 50,,,14.61313178,120.9718575,,,,,,,16,2022-03-10,OSP
MNL045 LP493 NP3-5,MNL045,LP493,NP3-5,MNL045 LP493,Radial Road 10,MANILA,3,1,BARANGAY 50,,,14.61312803,120.9718548,,,,,,,24,2022-03-10,OSP
MNL045 LP494 NP3-5,MNL045,LP494,NP3-5,MNL045 LP494,Radial Road 10,MANILA,3,1,BARANGAY 50,,,14.61274081,120.9717981,,,,,,,24,2022-03-10,OSP
MNL045 LP494 NP6-8,MNL045,LP494,NP6-8,MNL045 LP494,Radial Road 10,MANILA,3,1,BARANGAY 50,,,14.6127414,120.9717989,,,,,,,24,2022-03-10,OSP
MNL045 LP495 NP1-2,MNL045,LP495,NP1-2,MNL045 LP495,Radial Road 10,MANILA,3,1,BARANGAY 50,,,14.61267697,120.972171,,,,,,,16,2022-03-10,OSP
MNL045 LP495 NP3-5,MNL045,LP495,NP3-5,MNL045 LP495,Radial Road 10,MANILA,3,1,BARANGAY 50,,,14.61258403,120.9726209,,,,,,,24,2022-03-10,OSP
MNL045 LP495 NP6-8,MNL045,LP495,NP6-8,MNL045 LP495,Radial Road 10,MANILA,3,1,BARANGAY 50,,,14.61258696,120.9726215,,,,,,,24,2022-03-10,OSP
MNL045 LP496 NP1-2,MNL045,LP496,NP1-2,MNL045 LP496,Radial Road 10,MANILA,3,1,BARANGAY 50,,,14.61253236,120.9728759,,,,,,,16,2022-03-10,OSP
MNL045 LP487 NP1-2,MNL045,LP487,NP1-2,MNL045 LP487,Radial Road 10,MANILA,3,1,BARANGAY 50,,,14.6141607,120.972127,,,,,,,16,2022-03-10,OSP
MNL045 LP487 NP3-5,MNL045,LP487,NP3-5,MNL045 LP487,Radial Road 10,MANILA,3,1,BARANGAY 50,,,14.61402186,120.9727788,,,,,,,24,2022-03-10,OSP
MNL045 LP487 NP6-8,MNL045,LP487,NP6-8,MNL045 LP487,Radial Road 10,MANILA,3,1,BARANGAY 50,,,14.61393139,120.9731976,,,,,,,24,2022-03-10,OSP
MNL045 LP488 NP1-2,MNL045,LP488,NP1-2,MNL045 LP488,Radial Road 10,MANILA,3,1,BARANGAY 50,,,14.61353251,120.9731035,,,,,,,16,2022-03-10,OSP
MNL045 LP488 NP3-5,MNL045,LP488,NP3-5,MNL045 LP488,Radial Road 10,MANILA,3,1,BARANGAY 50,,,14.61372319,120.9723057,,,,,,,24,2022-03-10,OSP
MNL045 LP488 NP6-8,MNL045,LP488,NP6-8,MNL045 LP488,Radial Road 10,MANILA,3,1,BARANGAY 50,,,14.61381142,120.9720315,,,,,,,24,2022-03-10,OSP
MNL045 LP489 NP1-2,MNL045,LP489,NP1-2,MNL045 LP489,Radial Road 10,MANILA,3,1,BARANGAY 50,,,14.61388169,120.9717271,,,,,,,16,2022-03-10,OSP
MNL045 LP490 NP1-2,MNL045,LP490,NP1-2,MNL045 LP490,Radial Road 10,MANILA,3,1,BARANGAY 50,,,14.61353899,120.9716529,,,,,,,16,2022-03-10,OSP
MNL045 LP490 NP3-5,MNL045,LP490,NP3-5,MNL045 LP490,Radial Road 10,MANILA,3,1,BARANGAY 50,,,14.61345081,120.972085,,,,,,,24,2022-03-10,OSP
MNL045 LP484 NP3-5,MNL045,LP484,NP3-5,MNL045 LP484,Radial Road 10,MANILA,3,1,BARANGAY 50,,,14.61426354,120.9730744,,,,,,,24,2022-03-10,OSP
MNL045 LP484 NP6-8,MNL045,LP484,NP6-8,MNL045 LP484,Radial Road 10,MANILA,3,1,BARANGAY 50,,,14.61431525,120.9728194,,,,,,,24,2022-03-10,OSP
MNL045 LP485 NP1-2,MNL045,LP485,NP1-2,MNL045 LP485,Radial Road 10,MANILA,3,1,BARANGAY 50,,,14.61444348,120.9722363,,,,,,,16,2022-03-10,OSP
MNL045 LP485 NP3-5,MNL045,LP485,NP3-5,MNL045 LP485,Radial Road 10,MANILA,3,1,BARANGAY 50,,,14.61444307,120.9722345,,,,,,,24,2022-03-10,OSP
MNL045 LP485 NP6-8,MNL045,LP485,NP6-8,MNL045 LP485,Radial Road 10,MANILA,3,1,BARANGAY 50,,,14.61451794,120.9718732,,,,,,,24,2022-03-10,OSP
MNL002 LP140 NP3-4,MNL002,LP140,NP3-4,MNL002 LP140,Don Quintos,MANILA,3,1,BARANGAY 500,,,14.620431,120.99149,,,,,,,16,2018-07-12,OSP
MNL002 LP141 NP7-8,MNL002,LP141,NP7-8,MNL002 LP141,Don Quintos,MANILA,3,1,BARANGAY 500,,,14.62035,120.99037,,,,,,,16,2020-08-06,OSP
MNL002 LP34 NP3-4,MNL002,LP34,NP3-4,MNL002 LP34,Don Quintos,MANILA,3,1,BARANGAY 500,,,14.620314,120.991326,,,,,,,16,2017-11-29,OSP
MNL002 LP283 NP3-4,MNL002,LP283,NP3-4,MNL002 LP283,Don Quintos,MANILA,3,1,BARANGAY 500,,,14.619368,120.99029,,,,,,,16,2019-11-14,OSP
MNL002 LP284 NP7-8,MNL002,LP284,NP7-8,MNL002 LP284,Don Quintos,MANILA,3,1,BARANGAY 500,,,14.62043,120.991488,,,,,,,16,2019-11-14,OSP
MNL035 LP233 NP1-2,MNL035,LP233,NP1-2,MNL035 LP233,Pureza (Legarda / Lacson),MANILA,3,1,BARANGAY 500,,,14.620922,120.989825,,,,,,,16,2021-04-28,OSP
MNL035 LP233 NP3-4-5,MNL035,LP233,NP3-4-5,MNL035 LP233,Pureza (Legarda / Lacson),MANILA,3,1,BARANGAY 500,,,14.620276,120.990423,,,,,,,24,2021-04-28,OSP
MNL035 LP235 NP1-2,MNL035,LP235,NP1-2,MNL035 LP235,Pureza (Legarda / Lacson),MANILA,3,1,BARANGAY 500,,,14.619847,120.990335,,,,,,,16,2021-04-28,OSP
MNL035 LP235 NP3-4-5,MNL035,LP235,NP3-4-5,MNL035 LP235,Pureza (Legarda / Lacson),MANILA,3,1,BARANGAY 500,,,14.620139,120.990058,,,,,,,24,2021-04-28,OSP
MNL035 LP235 NP6-7-8,MNL035,LP235,NP6-7-8,MNL035 LP235,Pureza (Legarda / Lacson),MANILA,3,1,BARANGAY 500,,,14.620497,120.989712,,,,,,,24,2021-04-28,OSP
MNL035 LP236 NP3-4-5,MNL035,LP236,NP3-4-5,MNL035 LP236,Pureza (Legarda / Lacson),MANILA,3,1,BARANGAY 500,,,14.620221,120.989491,,,,,,,24,2021-04-28,OSP
MNL035 LP236 NP6-7-8,MNL035,LP236,NP6-7-8,MNL035 LP236,Pureza (Legarda / Lacson),MANILA,3,1,BARANGAY 500,,,14.620017,120.989678,,,,,,,24,2021-04-28,OSP
MNL035 LP237 NP1-2,MNL035,LP237,NP1-2,MNL035 LP237,Pureza (Legarda / Lacson),MANILA,3,1,BARANGAY 500,,,14.619724,120.989961,,,,,,,16,2021-04-28,OSP
MNL035 LP229 NP6-7-8,MNL035,LP229,NP6-7-8,MNL035 LP229,Pureza (Legarda / Lacson),MANILA,3,1,BARANGAY 500,,,14.62096,120.990733,,,,,,,24,2021-04-28,OSP
MNL035 LP230 NP1-2,MNL035,LP230,NP1-2,MNL035 LP230,Pureza (Legarda / Lacson),MANILA,3,1,BARANGAY 500,,,14.620512,120.991152,,,,,,,16,2021-04-28,OSP
MNL035 LP231 NP3-4-5,MNL035,LP231,NP3-4-5,MNL035 LP231,Pureza (Legarda / Lacson),MANILA,3,1,BARANGAY 500,,,14.620322,120.990864,,,,,,,24,2021-04-28,OSP
MNL035 LP231 NP6-7-8,MNL035,LP231,NP6-7-8,MNL035 LP231,Pureza (Legarda / Lacson),MANILA,3,1,BARANGAY 500,,,14.620649,120.990551,,,,,,,24,2021-04-28,OSP
MNL035 LP232 NP1-2,MNL035,LP232,NP1-2,MNL035 LP232,Pureza (Legarda / Lacson),MANILA,3,1,BARANGAY 500,,,14.620926,120.990277,,,,,,,16,2021-04-28,OSP
MNL035 LP226 NP1-2,MNL035,LP226,NP1-2,MNL035 LP226,Pureza (Legarda / Lacson),MANILA,3,1,BARANGAY 500,,,14.620567,120.991609,,,,,,,16,2021-04-28,OSP
MNL035 LP227 NP1-2,MNL035,LP227,NP1-2,MNL035 LP227,Pureza (Legarda / Lacson),MANILA,3,1,BARANGAY 500,,,14.621098,120.991154,,,,,,,16,2021-04-28,OSP
MNL035 LP227 NP3-4-5,MNL035,LP227,NP3-4-5,MNL035 LP227,Pureza (Legarda / Lacson),MANILA,3,1,BARANGAY 500,,,14.62135,120.990922,,,,,,,24,2021-04-28,OSP
MNL002 LP139 NP3-4,MNL002,LP139,NP3-4,MNL002 LP139,Don Quintos,MANILA,3,1,BARANGAY 501,,,14.619561,120.992681,,,,,,,16,2018-07-12,OSP
MNL002 LP139 NP5-6,MNL002,LP139,NP5-6,MNL002 LP139,Don Quintos,MANILA,3,1,BARANGAY 501,,,14.619331,120.99244,,,,,,,16,2018-07-12,OSP
MNL002 LP282 NP3-4,MNL002,LP282,NP3-4,MNL002 LP282,Don Quintos,MANILA,3,1,BARANGAY 501,,,14.619024,120.992088,,,,,,,16,2019-11-14,OSP
MNL002 LP284 NP5-6,MNL002,LP284,NP5-6,MNL002 LP284,Don Quintos,MANILA,3,1,BARANGAY 501,,,14.620553,120.991607,,,,,,,16,2019-11-14,OSP
MNL035 LP230 NP3-4-5,MNL035,LP230,NP3-4-5,MNL035 LP230,Pureza (Legarda / Lacson),MANILA,3,1,BARANGAY 501,,,14.619769,120.991864,,,,,,,24,2021-04-28,OSP
MNL035 LP230 NP6-7-8,MNL035,LP230,NP6-7-8,MNL035 LP230,Pureza (Legarda / Lacson),MANILA,3,1,BARANGAY 501,,,14.619345,120.99187,,,,,,,24,2021-04-28,OSP
MNL035 LP231 NP1-2,MNL035,LP231,NP1-2,MNL035 LP231,Pureza (Legarda / Lacson),MANILA,3,1,BARANGAY 501,,,14.619675,120.991475,,,,,,,16,2021-04-28,OSP
MNL035 LP226 NP3-4-5,MNL035,LP226,NP3-4-5,MNL035 LP226,Pureza (Legarda / Lacson),MANILA,3,1,BARANGAY 501,,,14.620257,120.99191,,,,,,,24,2021-04-28,OSP
MNL035 LP226 NP6-7-8,MNL035,LP226,NP6-7-8,MNL035 LP226,Pureza (Legarda / Lacson),MANILA,3,1,BARANGAY 501,,,14.619699,120.992449,,,,,,,24,2021-04-28,OSP
MNL002 LP276 NP1-2,MNL002,LP276,NP1-2,MNL002 LP276,Don Quintos,MANILA,3,1,BARANGAY 502,,,14.614085,120.997412,,,,,,,16,2019-11-14,OSP
MNL002 LP4 NP3-4,MNL002,LP4,NP3-4,MNL002 LP4,Don Quintos,MANILA,3,1,BARANGAY 502,,,14.614256,120.997664,,,,,,,16,2016-06-16,OSP
MNL035 LP437 NP3-4-5,MNL035,LP437,NP3-4-5,MNL035 LP437,Pureza (Legarda / Lacson),MANILA,3,1,BARANGAY 502,,,14.614932,120.997035,,,,,,,24,2021-04-28,OSP
MNL035 LP437 NP6-7-8,MNL035,LP437,NP6-7-8,MNL035 LP437,Pureza (Legarda / Lacson),MANILA,3,1,BARANGAY 502,,,14.614301,120.99764,,,,,,,24,2021-04-28,OSP
MNL035 LP438 NP6-7-8,MNL035,LP438,NP6-7-8,MNL035 LP438,Pureza (Legarda / Lacson),MANILA,3,1,BARANGAY 502,,,14.614855,120.996675,,,,,,,24,2021-04-28,OSP
MNL035 LP439 NP1-2,MNL035,LP439,NP1-2,MNL035 LP439,Pureza (Legarda / Lacson),MANILA,3,1,BARANGAY 502,,,14.614192,120.997311,,,,,,,16,2021-04-28,OSP
MNL002 LP134 NP5-6,MNL002,LP134,NP5-6,MNL002 LP134,Don Quintos,MANILA,3,1,BARANGAY 503,,,14.613587,120.996814,,,,,,,16,2018-07-12,OSP
MNL002 LP134 NP7-8,MNL002,LP134,NP7-8,MNL002 LP134,Don Quintos,MANILA,3,1,BARANGAY 503,,,14.613994,120.996413,,,,,,,16,2018-07-12,OSP
MNL002 LP276 NP3-4,MNL002,LP276,NP3-4,MNL002 LP276,Don Quintos,MANILA,3,1,BARANGAY 503,,,14.613796,120.997091,,,,,,,16,2019-11-14,OSP
MNL002 LP276 NP5-6,MNL002,LP276,NP5-6,MNL002 LP276,Don Quintos,MANILA,3,1,BARANGAY 503,,,14.613333,120.996567,,,,,,,16,2019-11-14,OSP
MNL002 LP276 NP7-8,MNL002,LP276,NP7-8,MNL002 LP276,Don Quintos,MANILA,3,1,BARANGAY 503,,,14.61308,120.996287,,,,,,,16,2019-11-14,OSP
MNL002 LP277 NP1-2,MNL002,LP277,NP1-2,MNL002 LP277,Don Quintos,MANILA,3,1,BARANGAY 503,,,14.614826,120.996191,,,,,,,16,2019-11-14,OSP
MNL035 LP444 NP1-2,MNL035,LP444,NP1-2,MNL035 LP444,Pureza (Legarda / Lacson),MANILA,3,1,BARANGAY 503,,,14.613864,120.996127,,,,,,,16,2021-04-28,OSP
MNL035 LP444 NP3-4-5,MNL035,LP444,NP3-4-5,MNL035 LP444,Pureza (Legarda / Lacson),MANILA,3,1,BARANGAY 503,,,14.61435,120.995667,,,,,,,24,2021-04-28,OSP
MNL035 LP447 NP3-4-5,MNL035,LP447,NP3-4-5,MNL035 LP447,Pureza (Legarda / Lacson),MANILA,3,1,BARANGAY 503,,,14.613685,120.995697,,,,,,,24,2021-04-28,OSP
MNL035 LP447 NP6-7-8,MNL035,LP447,NP6-7-8,MNL035 LP447,Pureza (Legarda / Lacson),MANILA,3,1,BARANGAY 503,,,14.613287,120.996104,,,,,,,24,2021-04-28,OSP
MNL035 LP439 NP3-4-5,MNL035,LP439,NP3-4-5,MNL035 LP439,Pureza (Legarda / Lacson),MANILA,3,1,BARANGAY 503,,,14.613844,120.997131,,,,,,,24,2021-04-28,OSP
MNL035 LP439 NP6-7-8,MNL035,LP439,NP6-7-8,MNL035 LP439,Pureza (Legarda / Lacson),MANILA,3,1,BARANGAY 503,,,14.614333,120.996654,,,,,,,24,2021-04-28,OSP
MNL035 LP443 NP1-2,MNL035,LP443,NP1-2,MNL035 LP443,Pureza (Legarda / Lacson),MANILA,3,1,BARANGAY 503,,,14.614099,120.996401,,,,,,,16,2021-04-28,OSP
MNL035 LP443 NP3-4-5,MNL035,LP443,NP3-4-5,MNL035 LP443,Pureza (Legarda / Lacson),MANILA,3,1,BARANGAY 503,,,14.613628,120.996876,,,,,,,24,2021-04-28,OSP
MNL035 LP443 NP6-7-8,MNL035,LP443,NP6-7-8,MNL035 LP443,Pureza (Legarda / Lacson),MANILA,3,1,BARANGAY 503,,,14.613353,120.996558,,,,,,,24,2021-04-28,OSP
MNL002 LP277 NP5-6,MNL002,LP277,NP5-6,MNL002 LP277,Don Quintos,MANILA,3,1,BARANGAY 504,,,14.615305,120.99671,,,,,,,16,2019-11-14,OSP
MNL002 LP277 NP7-8,MNL002,LP277,NP7-8,MNL002 LP277,Don Quintos,MANILA,3,1,BARANGAY 504,,,14.615495,120.996916,,,,,,,16,2019-11-14,OSP
MNL002 LP277 NP3-4,MNL002,LP277,NP3-4,MNL002 LP277,Don Quintos,MANILA,3,1,BARANGAY 504,,,14.615083,120.996467,,,,,,,16,2019-11-14,OSP
MNL035 LP436 NP6-7-8,MNL035,LP436,NP6-7-8,MNL035 LP436,Pureza (Legarda / Lacson),MANILA,3,1,BARANGAY 504,,,14.615996,120.996036,,,,,,,24,2021-04-28,OSP
MNL035 LP437 NP1-2,MNL035,LP437,NP1-2,MNL035 LP437,Pureza (Legarda / Lacson),MANILA,3,1,BARANGAY 504,,,14.615529,120.996484,,,,,,,16,2021-04-28,OSP
MNL035 LP438 NP1-2,MNL035,LP438,NP1-2,MNL035 LP438,Pureza (Legarda / Lacson),MANILA,3,1,BARANGAY 504,,,14.61551,120.996046,,,,,,,16,2021-04-28,OSP
MNL035 LP438 NP3-4-5,MNL035,LP438,NP3-4-5,MNL035 LP438,Pureza (Legarda / Lacson),MANILA,3,1,BARANGAY 504,,,14.615244,120.996304,,,,,,,24,2021-04-28,OSP
MNL035 LP440 NP1-2,MNL035,LP440,NP1-2,MNL035 LP440,Pureza (Legarda / Lacson),MANILA,3,1,BARANGAY 504,,,14.615317,120.995718,,,,,,,16,2021-04-28,OSP
MNL035 LP440 NP3-4-5,MNL035,LP440,NP3-4-5,MNL035 LP440,Pureza (Legarda / Lacson),MANILA,3,1,BARANGAY 504,,,14.615515,120.995516,,,,,,,24,2021-04-28,OSP
MNL002 LP135 NP1-2,MNL002,LP135,NP1-2,MNL002 LP135,Don Quintos,MANILA,3,1,BARANGAY 505,,,14.614645,120.995809,,,,,,,16,2018-07-12,OSP
MNL002 LP135 NP3-4,MNL002,LP135,NP3-4,MNL002 LP135,Don Quintos,MANILA,3,1,BARANGAY 505,,,14.614436,120.995602,,,,,,,16,2018-07-12,OSP
MNL002 LP135 NP5-6,MNL002,LP135,NP5-6,MNL002 LP135,Don Quintos,MANILA,3,1,BARANGAY 505,,,14.614164,120.99529,,,,,,,16,2018-07-12,OSP
MNL002 LP135 NP7-8,MNL002,LP135,NP7-8,MNL002 LP135,Don Quintos,MANILA,3,1,BARANGAY 505,,,14.615467,120.995005,,,,,,,16,2018-07-12,OSP
MNL035 LP444 NP6-7-8,MNL035,LP444,NP6-7-8,MNL035 LP444,Pureza (Legarda / Lacson),MANILA,3,1,BARANGAY 505,,,14.615004,120.994967,,,,,,,24,2021-04-28,OSP
MNL035 LP446 NP6-7-8,MNL035,LP446,NP6-7-8,MNL035 LP446,Pureza (Legarda / Lacson),MANILA,3,1,BARANGAY 505,,,14.614627,120.994799,,,,,,,24,2021-04-28,OSP
MNL035 LP447 NP1-2,MNL035,LP447,NP1-2,MNL035 LP447,Pureza (Legarda / Lacson),MANILA,3,1,BARANGAY 505,,,14.614067,120.995336,,,,,,,16,2021-04-28,OSP
MNL035 LP442 NP3-4-5,MNL035,LP442,NP3-4-5,MNL035 LP442,Pureza (Legarda / Lacson),MANILA,3,1,BARANGAY 505,,,14.615365,120.9952,,,,,,,24,2021-04-28,OSP
MNL035 LP442 NP6-7-8,MNL035,LP442,NP6-7-8,MNL035 LP442,Pureza (Legarda / Lacson),MANILA,3,1,BARANGAY 505,,,14.614688,120.995861,,,,,,,24,2021-04-28,OSP
MNL002 LP136 NP3-4,MNL002,LP136,NP3-4,MNL002 LP136,Don Quintos,MANILA,3,1,BARANGAY 506,,,14.616154,120.99532,,,,,,,16,2018-07-12,OSP
MNL002 LP136 NP7-8,MNL002,LP136,NP7-8,MNL002 LP136,Don Quintos,MANILA,3,1,BARANGAY 506,,,14.617167,120.995325,,,,,,,16,2018-07-12,OSP
MNL002 LP137 NP1-2,MNL002,LP137,NP1-2,MNL002 LP137,Don Quintos,MANILA,3,1,BARANGAY 506,,,14.617618,120.994948,,,,,,,16,2018-07-12,OSP
MNL002 LP278 NP1-2,MNL002,LP278,NP1-2,MNL002 LP278,Don Quintos,MANILA,3,1,BARANGAY 506,,,14.616453,120.995625,,,,,,,16,2019-11-14,OSP
MNL002 LP279 NP7-8,MNL002,LP279,NP7-8,MNL002 LP279,Don Quintos,MANILA,3,1,BARANGAY 506,,,14.61738,120.99464,,,,,,,16,2019-11-14,OSP
MNL002 LP314 NP7-8,MNL002,LP314,NP7-8,MNL002 LP314,Don Quintos,MANILA,3,1,BARANGAY 506,,,14.617136,120.995308,,,,,,,16,2019-12-26,OSP
MNL035 LP17 NP1-2,MNL035,LP17,NP1-2,MNL035 LP17,Pureza (Legarda / Lacson),MANILA,3,1,BARANGAY 506,,,14.617191,120.995312,,,,,,,16,2021-04-28,OSP
MNL035 LP17 NP3-4,MNL035,LP17,NP3-4,MNL035 LP17,Pureza (Legarda / Lacson),MANILA,3,1,BARANGAY 506,,,14.617624,120.994907,,,,,,,16,2021-04-28,OSP
MNL035 LP435 NP1-2,MNL035,LP435,NP1-2,MNL035 LP435,Pureza (Legarda / Lacson),MANILA,3,1,BARANGAY 506,,,14.617375,120.994652,,,,,,,16,2021-04-28,OSP
MNL035 LP435 NP3-4-5,MNL035,LP435,NP3-4-5,MNL035 LP435,Pureza (Legarda / Lacson),MANILA,3,1,BARANGAY 506,,,14.616724,120.994886,,,,,,,24,2021-04-28,OSP
MNL035 LP435 NP6-7-8,MNL035,LP435,NP6-7-8,MNL035 LP435,Pureza (Legarda / Lacson),MANILA,3,1,BARANGAY 506,,,14.61621,120.995375,,,,,,,24,2021-04-28,OSP
MNL035 LP436 NP1-2,MNL035,LP436,NP1-2,MNL035 LP436,Pureza (Legarda / Lacson),MANILA,3,1,BARANGAY 506,,,14.616872,120.995206,,,,,,,16,2021-04-28,OSP
MNL035 LP436 NP3-4-5,MNL035,LP436,NP3-4-5,MNL035 LP436,Pureza (Legarda / Lacson),MANILA,3,1,BARANGAY 506,,,14.616433,120.995619,,,,,,,24,2021-04-28,OSP
MNL002 LP136 NP1-2,MNL002,LP136,NP1-2,MNL002 LP136,Don Quintos,MANILA,3,1,BARANGAY 507,,,14.615685,120.994798,,,,,,,16,2018-07-12,OSP
MNL002 LP278 NP3-4,MNL002,LP278,NP3-4,MNL002 LP278,Don Quintos,MANILA,3,1,BARANGAY 507,,,14.615942,120.99506,,,,,,,16,2019-11-14,OSP
MNL002 LP278 NP5-6,MNL002,LP278,NP5-6,MNL002 LP278,Don Quintos,MANILA,3,1,BARANGAY 507,,,14.615461,120.994532,,,,,,,16,2019-11-14,OSP
MNL002 LP278 NP7-8,MNL002,LP278,NP7-8,MNL002 LP278,Don Quintos,MANILA,3,1,BARANGAY 507,,,14.615217,120.994264,,,,,,,16,2019-11-14,OSP
MNL002 LP279 NP1-2,MNL002,LP279,NP1-2,MNL002 LP279,Don Quintos,MANILA,3,1,BARANGAY 507,,,14.616116,120.993372,,,,,,,16,2019-11-14,OSP
MNL035 LP445 NP1-2,MNL035,LP445,NP1-2,MNL035 LP445,Pureza (Legarda / Lacson),MANILA,3,1,BARANGAY 507,,,14.61538,120.994612,,,,,,,16,2021-04-28,OSP
MNL035 LP445 NP3-4-5,MNL035,LP445,NP3-4-5,MNL035 LP445,Pureza (Legarda / Lacson),MANILA,3,1,BARANGAY 507,,,14.615995,120.994065,,,,,,,24,2021-04-28,OSP
MNL035 LP446 NP1-2,MNL035,LP446,NP1-2,MNL035 LP446,Pureza (Legarda / Lacson),MANILA,3,1,BARANGAY 507,,,14.615849,120.993641,,,,,,,16,2021-04-28,OSP
MNL035 LP446 NP3-4-5,MNL035,LP446,NP3-4-5,MNL035 LP446,Pureza (Legarda / Lacson),MANILA,3,1,BARANGAY 507,,,14.615234,120.994261,,,,,,,24,2021-04-28,OSP
MNL035 LP440 NP6-7-8,MNL035,LP440,NP6-7-8,MNL035 LP440,Pureza (Legarda / Lacson),MANILA,3,1,BARANGAY 507,,,14.615939,120.995064,,,,,,,24,2021-04-28,OSP
MNL035 LP441 NP1-2,MNL035,LP441,NP1-2,MNL035 LP441,Pureza (Legarda / Lacson),MANILA,3,1,BARANGAY 507,,,14.616714,120.994332,,,,,,,16,2021-04-28,OSP
MNL035 LP441 NP3-4-5,MNL035,LP441,NP3-4-5,MNL035 LP441,Pureza (Legarda / Lacson),MANILA,3,1,BARANGAY 507,,,14.616899,120.994133,,,,,,,24,2021-04-28,OSP
MNL035 LP441 NP6-7-8,MNL035,LP441,NP6-7-8,MNL035 LP441,Pureza (Legarda / Lacson),MANILA,3,1,BARANGAY 507,,,14.616196,120.994322,,,,,,,24,2021-04-28,OSP
MNL035 LP442 NP1-2,MNL035,LP442,NP1-2,MNL035 LP442,Pureza (Legarda / Lacson),MANILA,3,1,BARANGAY 507,,,14.61573,120.994844,,,,,,,16,2021-04-28,OSP
MNL002 LP137 NP3-4,MNL002,LP137,NP3-4,MNL002 LP137,Don Quintos,MANILA,3,1,BARANGAY 508,,,14.617225,120.99447,,,,,,,16,2018-07-12,OSP
MNL002 LP137 NP5-6,MNL002,LP137,NP5-6,MNL002 LP137,Don Quintos,MANILA,3,1,BARANGAY 508,,,14.616961,120.994183,,,,,,,16,2018-07-12,OSP
MNL002 LP138 NP3-4,MNL002,LP138,NP3-4,MNL002 LP138,Don Quintos,MANILA,3,1,BARANGAY 508,,,14.618003,120.993211,,,,,,,16,2018-07-12,OSP
MNL002 LP279 NP5-6,MNL002,LP279,NP5-6,MNL002 LP279,Don Quintos,MANILA,3,1,BARANGAY 508,,,14.617401,120.993652,,,,,,,16,2019-11-14,OSP
MNL002 LP280 NP1-2,MNL002,LP280,NP1-2,MNL002 LP280,Don Quintos,MANILA,3,1,BARANGAY 508,,,14.618186,120.993372,,,,,,,16,2019-11-14,OSP
MNL002 LP280 NP3-4,MNL002,LP280,NP3-4,MNL002 LP280,Don Quintos,MANILA,3,1,BARANGAY 508,,,14.61842,120.993642,,,,,,,16,2019-11-14,OSP
MNL035 LP430 NP1-2,MNL035,LP430,NP1-2,MNL035 LP430,Pureza (Legarda / Lacson),MANILA,3,1,BARANGAY 508,,,14.617692,120.993832,,,,,,,16,2021-04-28,OSP
MNL035 LP430 NP3-4-5,MNL035,LP430,NP3-4-5,MNL035 LP430,Pureza (Legarda / Lacson),MANILA,3,1,BARANGAY 508,,,14.617158,120.994354,,,,,,,24,2021-04-28,OSP
MNL035 LP430 NP6-7-8,MNL035,LP430,NP6-7-8,MNL035 LP430,Pureza (Legarda / Lacson),MANILA,3,1,BARANGAY 508,,,14.617187,120.993845,,,,,,,24,2021-04-28,OSP
MNL035 LP431 NP1-2,MNL035,LP431,NP1-2,MNL035 LP431,Pureza (Legarda / Lacson),MANILA,3,1,BARANGAY 508,,,14.617967,120.993119,,,,,,,16,2021-04-28,OSP
MNL035 LP428 NP1-2,MNL035,LP428,NP1-2,MNL035 LP428,Pureza (Legarda / Lacson),MANILA,3,1,BARANGAY 508,,,14.617907,120.994204,,,,,,,16,2021-04-28,OSP
MNL035 LP428 NP3-4-5,MNL035,LP428,NP3-4-5,MNL035 LP428,Pureza (Legarda / Lacson),MANILA,3,1,BARANGAY 508,,,14.618462,120.993673,,,,,,,24,2021-04-28,OSP
MNL002 LP138 NP5-6,MNL002,LP138,NP5-6,MNL002 LP138,Don Quintos,MANILA,3,1,BARANGAY 509,,,14.617525,120.992675,,,,,,,16,2018-07-12,OSP
MNL002 LP279 NP3-4,MNL002,LP279,NP3-4,MNL002 LP279,Don Quintos,MANILA,3,1,BARANGAY 509,,,14.616684,120.99385,,,,,,,16,2019-11-14,OSP
MNL002 LP280 NP5-6,MNL002,LP280,NP5-6,MNL002 LP280,Don Quintos,MANILA,3,1,BARANGAY 509,,,14.617716,120.992863,,,,,,,16,2019-11-14,OSP
MNL002 LP280 NP7-8,MNL002,LP280,NP7-8,MNL002 LP280,Don Quintos,MANILA,3,1,BARANGAY 509,,,14.617004,120.993145,,,,,,,16,2019-11-14,OSP
MNL002 LP281 NP1-2,MNL002,LP281,NP1-2,MNL002 LP281,Don Quintos,MANILA,3,1,BARANGAY 509,,,14.617255,120.992327,,,,,,,16,2019-11-14,OSP
MNL035 LP445 NP6-7-8,MNL035,LP445,NP6-7-8,MNL035 LP445,Pureza (Legarda / Lacson),MANILA,3,1,BARANGAY 509,,,14.616454,120.99362,,,,,,,24,2021-04-28,OSP
MNL035 LP432 NP3-4-5,MNL035,LP432,NP3-4-5,MNL035 LP432,Pureza (Legarda / Lacson),MANILA,3,1,BARANGAY 509,,,14.617709,120.992858,,,,,,,24,2021-04-28,OSP
MNL035 LP432 NP6-7-8,MNL035,LP432,NP6-7-8,MNL035 LP432,Pureza (Legarda / Lacson),MANILA,3,1,BARANGAY 509,,,14.617153,120.993375,,,,,,,24,2021-04-28,OSP
MNL035 LP433 NP1-2,MNL035,LP433,NP1-2,MNL035 LP433,Pureza (Legarda / Lacson),MANILA,3,1,BARANGAY 509,,,14.616948,120.99357,,,,,,,16,2021-04-28,OSP
MNL035 LP433 NP3-4-5,MNL035,LP433,NP3-4-5,MNL035 LP433,Pureza (Legarda / Lacson),MANILA,3,1,BARANGAY 509,,,14.61723,120.992839,,,,,,,24,2021-04-28,OSP
MNL035 LP433 NP6-7-8,MNL035,LP433,NP6-7-8,MNL035 LP433,Pureza (Legarda / Lacson),MANILA,3,1,BARANGAY 509,,,14.617489,120.992589,,,,,,,24,2021-04-28,OSP
MNL035 LP434 NP6-7-8,MNL035,LP434,NP6-7-8,MNL035 LP434,Pureza (Legarda / Lacson),MANILA,3,1,BARANGAY 509,,,14.616504,120.993065,,,,,,,24,2021-04-28,OSP
MNL001 LP58 NP7-8,MNL001,LP58,NP7-8,MNL001 LP58,Zen Tower,MANILA,3,1,BARANGAY 509,,,14.616472,120.993659,,,,,,,16,2016-04-13,OSP
MNL003 LP159 NP5-6,MNL003,LP159,NP5-6,MNL003 LP159,City Square,MANILA,3,1,BARANGAY 51,,,14.60933353,120.9720499,,,,,,,16,2019-01-29,OSP
MNL003 LP25 NP1,MNL003,LP25,NP1,MNL003 LP25,City Square,MANILA,3,1,BARANGAY 51,,,14.612159,120.972776,,,,,,,8,2017-11-27,OSP
MNL003 LP296 NP5-6,MNL003,LP296,NP5-6,MNL003 LP296,City Square,MANILA,3,1,BARANGAY 51,,,14.611855,120.972724,,,,,,,16,2019-03-29,OSP
MNL036 LP59 NP1-2,MNL036,LP59,NP1-2,MNL036 LP59,Juan Luna/ Solis,MANILA,3,1,BARANGAY 51,,,14.611846,120.97271,,,,,,,16,2020-08-30,OSP
MNL036 LP59 NP3-4,MNL036,LP59,NP3-4,MNL036 LP59,Juan Luna/ Solis,MANILA,3,1,BARANGAY 51,,,14.611966,120.972166,,,,,,,16,2020-08-30,OSP
MNL036 LP56 NP5-6,MNL036,LP56,NP5-6,MNL036 LP56,Juan Luna/ Solis,MANILA,3,1,BARANGAY 51,,,14.612482,120.971426,,,,,,,16,2020-08-30,OSP
MNL036 LP56 NP7-8,MNL036,LP56,NP7-8,MNL036 LP56,Juan Luna/ Solis,MANILA,3,1,BARANGAY 51,,,14.61235,120.972001,,,,,,,16,2020-08-30,OSP
MNL036 LP57 NP1-2,MNL036,LP57,NP1-2,MNL036 LP57,Juan Luna/ Solis,MANILA,3,1,BARANGAY 51,,,14.611485,120.972701,,,,,,,16,2020-08-30,OSP
MNL036 LP57 NP3-4,MNL036,LP57,NP3-4,MNL036 LP57,Juan Luna/ Solis,MANILA,3,1,BARANGAY 51,,,14.611645,120.971944,,,,,,,16,2020-08-30,OSP
MNL036 LP57 NP5-6,MNL036,LP57,NP5-6,MNL036 LP57,Juan Luna/ Solis,MANILA,3,1,BARANGAY 51,,,14.611756,120.97145,,,,,,,16,2020-08-30,OSP
MNL005 LP183 NP5-6,MNL005,LP183,NP5-6,MNL005 LP183,Orchard Building (City Square 2),MANILA,3,1,BARANGAY 51,,,14.609332,120.972038,,,,,,,16,2020-12-29,OSP
MNL005 LP53 NP1-2,MNL005,LP53,NP1-2,MNL005 LP53,Orchard Building (City Square 2),MANILA,3,1,BARANGAY 51,,,14.609087,120.971613,,,,,,,16,2020-12-28,OSP
MNL005 LP53 NP3-4,MNL005,LP53,NP3-4,MNL005 LP53,Orchard Building (City Square 2),MANILA,3,1,BARANGAY 51,,,14.608988,120.971634,,,,,,,16,2020-12-28,OSP
MNL005 LP52 NP3-4,MNL005,LP52,NP3-4,MNL005 LP52,Orchard Building (City Square 2),MANILA,3,1,BARANGAY 51,,,14.609057,120.971732,,,,,,,16,2020-12-28,OSP
MNL005 LP51 NP3-4,MNL005,LP51,NP3-4,MNL005 LP51,Orchard Building (City Square 2),MANILA,3,1,BARANGAY 51,,,14.609344,120.972035,,,,,,,16,2020-12-28,OSP
MNL005 LP51 NP5-6,MNL005,LP51,NP5-6,MNL005 LP51,Orchard Building (City Square 2),MANILA,3,1,BARANGAY 51,,,14.609861,120.972279,,,,,,,16,2020-12-28,OSP
MNL005 LP51 NP7-8,MNL005,LP51,NP7-8,MNL005 LP51,Orchard Building (City Square 2),MANILA,3,1,BARANGAY 51,,,14.610938,120.972565,,,,,,,16,2020-12-28,OSP
MNL045 LP504 NP6-8,MNL045,LP504,NP6-8,MNL045 LP504,Radial Road 10,MANILA,3,1,BARANGAY 51,,,14.61178108,120.9714803,,,,,,,24,2022-03-10,OSP
MNL045 LP505 NP1-2,MNL045,LP505,NP1-2,MNL045 LP505,Radial Road 10,MANILA,3,1,BARANGAY 51,,,14.61106114,120.9725571,,,,,,,16,2022-03-10,OSP
MNL045 LP505 NP3-5,MNL045,LP505,NP3-5,MNL045 LP505,Radial Road 10,MANILA,3,1,BARANGAY 51,,,14.610728,120.9724947,,,,,,,24,2022-03-10,OSP
MNL045 LP505 NP6-8,MNL045,LP505,NP6-8,MNL045 LP505,Radial Road 10,MANILA,3,1,BARANGAY 51,,,14.61012491,120.9723738,,,,,,,24,2022-03-10,OSP
MNL045 LP506 NP1-2,MNL045,LP506,NP1-2,MNL045 LP506,Radial Road 10,MANILA,3,1,BARANGAY 51,,,14.60977039,120.9722521,,,,,,,16,2022-03-10,OSP
MNL045 LP506 NP3-5,MNL045,LP506,NP3-5,MNL045 LP506,Radial Road 10,MANILA,3,1,BARANGAY 51,,,14.60942898,120.9721525,,,,,,,24,2022-03-10,OSP
MNL045 LP507 NP6-8,MNL045,LP507,NP6-8,MNL045 LP507,Radial Road 10,MANILA,3,1,BARANGAY 51,,,14.60907368,120.9716471,,,,,,,24,2022-03-10,OSP
MNL045 LP508 NP1-2,MNL045,LP508,NP1-2,MNL045 LP508,Radial Road 10,MANILA,3,1,BARANGAY 51,,,14.60895082,120.971616,,,,,,,16,2022-03-10,OSP
MNL045 LP500 NP1-2,MNL045,LP500,NP1-2,MNL045 LP500,Radial Road 10,MANILA,3,1,BARANGAY 51,,,14.61202871,120.9720336,,,,,,,16,2022-03-10,OSP
MNL045 LP500 NP3-5,MNL045,LP500,NP3-5,MNL045 LP500,Radial Road 10,MANILA,3,1,BARANGAY 51,,,14.61206062,120.9718682,,,,,,,24,2022-03-10,OSP
MNL045 LP500 NP6-8,MNL045,LP500,NP6-8,MNL045 LP500,Radial Road 10,MANILA,3,1,BARANGAY 51,,,14.61205765,120.971867,,,,,,,24,2022-03-10,OSP
MNL045 LP501 NP1-2,MNL045,LP501,NP1-2,MNL045 LP501,Radial Road 10,MANILA,3,1,BARANGAY 51,,,14.61210225,120.9716565,,,,,,,16,2022-03-10,OSP
MNL045 LP501 NP3-5,MNL045,LP501,NP3-5,MNL045 LP501,Radial Road 10,MANILA,3,1,BARANGAY 51,,,14.61215994,120.9713947,,,,,,,24,2022-03-10,OSP
MNL045 LP501 NP6-8,MNL045,LP501,NP6-8,MNL045 LP501,Radial Road 10,MANILA,3,1,BARANGAY 51,,,14.61215943,120.9713933,,,,,,,24,2022-03-10,OSP
MNL045 LP502 NP1-2,MNL045,LP502,NP1-2,MNL045 LP502,Radial Road 10,MANILA,3,1,BARANGAY 51,,,14.61156026,120.9725074,,,,,,,16,2022-03-10,OSP
MNL045 LP502 NP3-5,MNL045,LP502,NP3-5,MNL045 LP502,Radial Road 10,MANILA,3,1,BARANGAY 51,,,14.61155987,120.972506,,,,,,,24,2022-03-10,OSP
MNL045 LP502 NP6-8,MNL045,LP502,NP6-8,MNL045 LP502,Radial Road 10,MANILA,3,1,BARANGAY 51,,,14.61159477,120.9723253,,,,,,,24,2022-03-10,OSP
MNL045 LP503 NP1-2,MNL045,LP503,NP1-2,MNL045 LP503,Radial Road 10,MANILA,3,1,BARANGAY 51,,,14.61159438,120.9723247,,,,,,,16,2022-03-10,OSP
MNL045 LP503 NP3-5,MNL045,LP503,NP3-5,MNL045 LP503,Radial Road 10,MANILA,3,1,BARANGAY 51,,,14.61167805,120.971946,,,,,,,24,2022-03-10,OSP
MNL045 LP503 NP6-8,MNL045,LP503,NP6-8,MNL045 LP503,Radial Road 10,MANILA,3,1,BARANGAY 51,,,14.61173015,120.9717084,,,,,,,24,2022-03-10,OSP
MNL045 LP504 NP1-2,MNL045,LP504,NP1-2,MNL045 LP504,Radial Road 10,MANILA,3,1,BARANGAY 51,,,14.61173133,120.9717073,,,,,,,16,2022-03-10,OSP
MNL045 LP504 NP3-5,MNL045,LP504,NP3-5,MNL045 LP504,Radial Road 10,MANILA,3,1,BARANGAY 51,,,14.61178041,120.9714809,,,,,,,24,2022-03-10,OSP
MNL045 LP496 NP3-5,MNL045,LP496,NP3-5,MNL045 LP496,Radial Road 10,MANILA,3,1,BARANGAY 51,,,14.61218687,120.9728051,,,,,,,24,2022-03-10,OSP
MNL045 LP496 NP6-8,MNL045,LP496,NP6-8,MNL045 LP496,Radial Road 10,MANILA,3,1,BARANGAY 51,,,14.61224862,120.9725961,,,,,,,24,2022-03-10,OSP
MNL045 LP497 NP1-2,MNL045,LP497,NP1-2,MNL045 LP497,Radial Road 10,MANILA,3,1,BARANGAY 51,,,14.61230433,120.9722608,,,,,,,16,2022-03-10,OSP
MNL045 LP497 NP3-5,MNL045,LP497,NP3-5,MNL045 LP497,Radial Road 10,MANILA,3,1,BARANGAY 51,,,14.61230207,120.9722601,,,,,,,24,2022-03-10,OSP
MNL045 LP497 NP6-8,MNL045,LP497,NP6-8,MNL045 LP497,Radial Road 10,MANILA,3,1,BARANGAY 51,,,14.61237861,120.9719322,,,,,,,24,2022-03-10,OSP
MNL045 LP498 NP1-2,MNL045,LP498,NP1-2,MNL045 LP498,Radial Road 10,MANILA,3,1,BARANGAY 51,,,14.61243164,120.971725,,,,,,,16,2022-03-10,OSP
MNL045 LP498 NP3-5,MNL045,LP498,NP3-5,MNL045 LP498,Radial Road 10,MANILA,3,1,BARANGAY 51,,,14.61243071,120.9717288,,,,,,,24,2022-03-10,OSP
MNL045 LP498 NP6-8,MNL045,LP498,NP6-8,MNL045 LP498,Radial Road 10,MANILA,3,1,BARANGAY 51,,,14.61249302,120.9714245,,,,,,,24,2022-03-10,OSP
MNL045 LP499 NP1-2,MNL045,LP499,NP1-2,MNL045 LP499,Radial Road 10,MANILA,3,1,BARANGAY 51,,,14.61191836,120.9726635,,,,,,,16,2022-03-10,OSP
MNL045 LP499 NP3-5,MNL045,LP499,NP3-5,MNL045 LP499,Radial Road 10,MANILA,3,1,BARANGAY 51,,,14.61195544,120.9724101,,,,,,,24,2022-03-10,OSP
MNL045 LP499 NP6-8,MNL045,LP499,NP6-8,MNL045 LP499,Radial Road 10,MANILA,3,1,BARANGAY 51,,,14.61195547,120.9724063,,,,,,,24,2022-03-10,OSP
MNL001 LP19 NP7-8,MNL001,LP19,NP7-8,MNL001 LP19,Zen Tower,MANILA,3,1,BARANGAY 51,,,14.610386,120.972376,,,,,,,16,2015-07-27,OSP
MNL035 LP429 NP1-2,MNL035,LP429,NP1-2,MNL035 LP429,Pureza (Legarda / Lacson),MANILA,3,1,BARANGAY 510,,,14.619245,120.992354,,,,,,,16,2021-04-28,OSP
MNL035 LP429 NP3-4-5,MNL035,LP429,NP3-4-5,MNL035 LP429,Pureza (Legarda / Lacson),MANILA,3,1,BARANGAY 510,,,14.61859,120.992972,,,,,,,24,2021-04-28,OSP
MNL035 LP429 NP6-7-8,MNL035,LP429,NP6-7-8,MNL035 LP429,Pureza (Legarda / Lacson),MANILA,3,1,BARANGAY 510,,,14.618191,120.993357,,,,,,,24,2021-04-28,OSP
MNL035 LP431 NP3-4-5,MNL035,LP431,NP3-4-5,MNL035 LP431,Pureza (Legarda / Lacson),MANILA,3,1,BARANGAY 510,,,14.61848,120.992675,,,,,,,24,2021-04-28,OSP
MNL035 LP428 NP6-7-8,MNL035,LP428,NP6-7-8,MNL035 LP428,Pureza (Legarda / Lacson),MANILA,3,1,BARANGAY 510,,,14.619063,120.993117,,,,,,,24,2021-04-28,OSP
MNL002 LP281 NP3-4,MNL002,LP281,NP3-4,MNL002 LP281,Don Quintos,MANILA,3,1,BARANGAY 511,,,14.617778,120.991825,,,,,,,16,2019-11-14,OSP
MNL035 LP432 NP1-2,MNL035,LP432,NP1-2,MNL035 LP432,Pureza (Legarda / Lacson),MANILA,3,1,BARANGAY 511,,,14.618306,120.992379,,,,,,,16,2021-04-28,OSP
MNL035 LP434 NP1-2,MNL035,LP434,NP1-2,MNL035 LP434,Pureza (Legarda / Lacson),MANILA,3,1,BARANGAY 511,,,14.617706,120.992383,,,,,,,16,2021-04-28,OSP
MNL035 LP434 NP3-4-5,MNL035,LP434,NP3-4-5,MNL035 LP434,Pureza (Legarda / Lacson),MANILA,3,1,BARANGAY 511,,,14.617602,120.991991,,,,,,,24,2021-04-28,OSP
QCY012 LP416 NP3-4,QCY012,LP416,NP3-4,QCY012 LP416,Crown 88 Residences Old Room,MANILA,3,1,BARANGAY 512,,,14.61786,120.99949,,,,,,,16,2019-12-11,OSP
MNL002 LP35 NP1-2,MNL002,LP35,NP1-2,MNL002 LP35,Don Quintos,MANILA,3,1,BARANGAY 512,,,14.616872,120.998549,,,,,,,16,2017-12-20,OSP
MNL002 LP322 NP3-4,MNL002,LP322,NP3-4,MNL002 LP322,Don Quintos,MANILA,3,1,BARANGAY 512,,,14.616937,121.000519,,,,,,,16,2020-01-29,OSP
MNL002 LP322 NP5-6,MNL002,LP322,NP5-6,MNL002 LP322,Don Quintos,MANILA,3,1,BARANGAY 512,,,14.617877,120.999525,,,,,,,16,2020-01-29,OSP
MNL002 LP322 NP7-8,MNL002,LP322,NP7-8,MNL002 LP322,Don Quintos,MANILA,3,1,BARANGAY 512,,,14.617514,120.998927,,,,,,,16,2020-01-29,OSP
MNL002 LP323 NP1-2,MNL002,LP323,NP1-2,MNL002 LP323,Don Quintos,MANILA,3,1,BARANGAY 512,,,14.618734,120.998684,,,,,,,16,2020-01-29,OSP
MNL002 LP320 NP5-6,MNL002,LP320,NP5-6,MNL002 LP320,Don Quintos,MANILA,3,1,BARANGAY 512,,,14.618282,120.99848,,,,,,,16,2020-01-29,OSP
MNL002 LP322 NP1-2,MNL002,LP322,NP1-2,MNL002 LP322,Don Quintos,MANILA,3,1,BARANGAY 512,,,14.61649,121.000005,,,,,,,16,2020-01-29,OSP
MNL002 LP4 NP5-6,MNL002,LP4,NP5-6,MNL002 LP4,Don Quintos,MANILA,3,1,BARANGAY 512,,,14.615633,120.999166,,,,,,,16,2016-06-16,OSP
MNL002 LP132 NP6,MNL002,LP132,NP6,MNL002 LP132,Don Quintos,MANILA,3,1,BARANGAY 512,,ESPANA TOWER CONDOMINIUM,14.616516,120.999869,,22F,TELCO ROOM,MNL92P,,,,2018-05-21,ISP
MNL002 LP131 NP4,MNL002,LP131,NP4,MNL002 LP131,Don Quintos,MANILA,3,1,BARANGAY 512,,ESPANA TOWER CONDOMINIUM,14.616516,120.999869,,11F,TELCO ROOM,MNL92P,,,,2018-05-21,ISP
MNL002 LP132 NP7,MNL002,LP132,NP7,MNL002 LP132,Don Quintos,MANILA,3,1,BARANGAY 512,,ESPANA TOWER CONDOMINIUM,14.616516,120.999869,MNL92P,23F,TELCO ROOM,,,,,2018-05-21,ISP
MNL002 LP132 NP4,MNL002,LP132,NP4,MNL002 LP132,Don Quintos,MANILA,3,1,BARANGAY 512,,ESPANA TOWER CONDOMINIUM,14.616516,120.999869,MNL92P,20F,TELCO ROOM,,,,,2018-05-21,ISP
MNL002 LP131 NP6,MNL002,LP131,NP6,MNL002 LP131,Don Quintos,MANILA,3,1,BARANGAY 512,,ESPANA TOWER CONDOMINIUM,14.616516,120.999869,MNL92P,14F,TELCO ROOM,,,,,2018-05-21,ISP
MNL002 LP132 NP8,MNL002,LP132,NP8,MNL002 LP132,Don Quintos,MANILA,3,1,BARANGAY 512,,ESPANA TOWER CONDOMINIUM,14.616516,120.999869,,24F,TELCO ROOM,MNL92P,,,,2018-05-21,ISP
MNL002 LP132 NP2,MNL002,LP132,NP2,MNL002 LP132,Don Quintos,MANILA,3,1,BARANGAY 512,,ESPANA TOWER CONDOMINIUM,14.616516,120.999869,MNL92P,18F,TELCO ROOM,,,,,2018-05-21,ISP
MNL002 LP133 NP6,MNL002,LP133,NP6,MNL002 LP133,Don Quintos,MANILA,3,1,BARANGAY 512,,ESPANA TOWER CONDOMINIUM,14.616516,120.999869,,30F,TELCO ROOM,MNL92P,,,,2018-05-21,ISP
MNL002 LP133 NP4,MNL002,LP133,NP4,MNL002 LP133,Don Quintos,MANILA,3,1,BARANGAY 512,,ESPANA TOWER CONDOMINIUM,14.616516,120.999869,MNL92P,28F,TELCO ROOM,,,,,2018-05-21,ISP
MNL002 LP132 NP3,MNL002,LP132,NP3,MNL002 LP132,Don Quintos,MANILA,3,1,BARANGAY 512,,ESPANA TOWER CONDOMINIUM,14.616516,120.999869,,19F,TELCO ROOM,MNL92P,,,,2018-05-21,ISP
MNL002 LP131 NP5,MNL002,LP131,NP5,MNL002 LP131,Don Quintos,MANILA,3,1,BARANGAY 512,,ESPANA TOWER CONDOMINIUM,14.616516,120.999869,MNL92P,12F,TELCO ROOM,,,,,2018-05-21,ISP
MNL002 LP133 NP3,MNL002,LP133,NP3,MNL002 LP133,Don Quintos,MANILA,3,1,BARANGAY 512,,ESPANA TOWER CONDOMINIUM,14.616516,120.999869,,27F,TELCO ROOM,MNL92P,,,,2018-05-21,ISP
MNL002 LP131 NP3,MNL002,LP131,NP3,MNL002 LP131,Don Quintos,MANILA,3,1,BARANGAY 512,,ESPANA TOWER CONDOMINIUM,14.616516,120.999869,MNL92P,10F,TELCO ROOM,,,,,2018-05-21,ISP
MNL002 LP133 NP2,MNL002,LP133,NP2,MNL002 LP133,Don Quintos,MANILA,3,1,BARANGAY 512,,ESPANA TOWER CONDOMINIUM,14.616516,120.999869,MNL92P,26F,TELCO ROOM,,,,,2018-05-21,ISP
MNL002 LP133 NP1,MNL002,LP133,NP1,MNL002 LP133,Don Quintos,MANILA,3,1,BARANGAY 512,,ESPANA TOWER CONDOMINIUM,14.616516,120.999869,MNL92P,25F,TELCO ROOM,,,,,2018-05-21,ISP
MNL002 LP131 NP1,MNL002,LP131,NP1,MNL002 LP131,Don Quintos,MANILA,3,1,BARANGAY 512,,ESPANA TOWER CONDOMINIUM,14.616516,120.999869,,8F,TELCO ROOM,MNL92P,,,,2018-05-21,ISP
MNL002 LP133 NP7,MNL002,LP133,NP7,MNL002 LP133,Don Quintos,MANILA,3,1,BARANGAY 512,,ESPANA TOWER CONDOMINIUM,14.616516,120.999869,MNL92P,31F,TELCO ROOM,,,,,2018-05-21,ISP
MNL002 LP133 NP8,MNL002,LP133,NP8,MNL002 LP133,Don Quintos,MANILA,3,1,BARANGAY 512,,ESPANA TOWER CONDOMINIUM,14.616516,120.999869,MNL92P,32F,TELCO ROOM,,,,,2018-05-21,ISP
MNL002 LP131 NP7,MNL002,LP131,NP7,MNL002 LP131,Don Quintos,MANILA,3,1,BARANGAY 512,,ESPANA TOWER CONDOMINIUM,14.616516,120.999869,,15F,TELCO ROOM,MNL92P,,,,2018-05-21,ISP
MNL002 LP133 NP5,MNL002,LP133,NP5,MNL002 LP133,Don Quintos,MANILA,3,1,BARANGAY 512,,ESPANA TOWER CONDOMINIUM,14.616516,120.999869,MNL92P,29F,TELCO ROOM,,,,,2018-05-21,ISP
MNL002 LP132 NP5,MNL002,LP132,NP5,MNL002 LP132,Don Quintos,MANILA,3,1,BARANGAY 512,,ESPANA TOWER CONDOMINIUM,14.616516,120.999869,MNL92P,21F,TELCO ROOM,,,,,2018-05-21,ISP
MNL002 LP131 NP8,MNL002,LP131,NP8,MNL002 LP131,Don Quintos,MANILA,3,1,BARANGAY 512,,ESPANA TOWER CONDOMINIUM,14.616516,120.999869,MNL92P,16F,TELCO ROOM,,,,,2018-05-21,ISP
MNL002 LP131 NP2,MNL002,LP131,NP2,MNL002 LP131,Don Quintos,MANILA,3,1,BARANGAY 512,,ESPANA TOWER CONDOMINIUM,14.616516,120.999869,,9F,TELCO ROOM,MNL92P,,,,2018-05-21,ISP
MNL002 LP132 NP1,MNL002,LP132,NP1,MNL002 LP132,Don Quintos,MANILA,3,1,BARANGAY 512,,ESPANA TOWER CONDOMINIUM,14.616516,120.999869,,17F,TELCO ROOM,MNL92P,,,,2018-05-21,ISP
QCY004 LP88 NP1-2,QCY004,LP88,NP1-2,QCY004 LP88,G. Araneta,MANILA,3,1,BARANGAY 512,,,14.618279,120.999111,,,,,,,16,2021-02-08,OSP
MNL035 LP358 NP1-2,MNL035,LP358,NP1-2,MNL035 LP358,Pureza (Legarda / Lacson),MANILA,3,1,BARANGAY 512,,,14.617441,120.999052,,,,,,,16,2021-04-28,OSP
MNL035 LP358 NP3-4-5,MNL035,LP358,NP3-4-5,MNL035 LP358,Pureza (Legarda / Lacson),MANILA,3,1,BARANGAY 512,,,14.617168,120.999314,,,,,,,24,2021-04-28,OSP
MNL035 LP358 NP6-7-8,MNL035,LP358,NP6-7-8,MNL035 LP358,Pureza (Legarda / Lacson),MANILA,3,1,BARANGAY 512,,,14.616745,120.999745,,,,,,,24,2021-04-28,OSP
MNL035 LP359 NP1-2,MNL035,LP359,NP1-2,MNL035 LP359,Pureza (Legarda / Lacson),MANILA,3,1,BARANGAY 512,,,14.617177,121.000205,,,,,,,16,2021-04-28,OSP
MNL035 LP359 NP3-4-5,MNL035,LP359,NP3-4-5,MNL035 LP359,Pureza (Legarda / Lacson),MANILA,3,1,BARANGAY 512,,,14.617374,120.999994,,,,,,,24,2021-04-28,OSP
MNL035 LP359 NP6-7-8,MNL035,LP359,NP6-7-8,MNL035 LP359,Pureza (Legarda / Lacson),MANILA,3,1,BARANGAY 512,,,14.617954,120.999452,,,,,,,24,2021-04-28,OSP
MNL035 LP360 NP1-2,MNL035,LP360,NP1-2,MNL035 LP360,Pureza (Legarda / Lacson),MANILA,3,1,BARANGAY 512,,,14.618438,120.998725,,,,,,,16,2021-04-28,OSP
MNL035 LP360 NP3-4-5,MNL035,LP360,NP3-4-5,MNL035 LP360,Pureza (Legarda / Lacson),MANILA,3,1,BARANGAY 512,,,14.618036,120.998941,,,,,,,24,2021-04-28,OSP
MNL035 LP360 NP6-7-8,MNL035,LP360,NP6-7-8,MNL035 LP360,Pureza (Legarda / Lacson),MANILA,3,1,BARANGAY 512,,,14.617756,120.999229,,,,,,,24,2021-04-28,OSP
MNL035 LP535 NP1-2,MNL035,LP535,NP1-2,MNL035 LP535,Pureza (Legarda / Lacson),MANILA,3,1,BARANGAY 512,,,14.61609,120.999153,,,,,,936 BLUMENTRITT ROAD SAMPALOC MANILA,16,2025-03-17,OSP
MNL035 LP535 NP3-4,MNL035,LP535,NP3-4,MNL035 LP535,Pureza (Legarda / Lacson),MANILA,3,1,BARANGAY 512,,,14.61632,120.99927,,,,,,910R BLUMENTRITT SAMPALOC MANILA,16,2025-03-17,OSP
MNL035 LP535 NP5-6,MNL035,LP535,NP5-6,MNL035 LP535,Pureza (Legarda / Lacson),MANILA,3,1,BARANGAY 512,,,14.61635,120.99939,,,,,,910R BLUMENTRITT SAMPALOC MANILA,16,2025-03-17,OSP
MNL035 LP535 NP7-8,MNL035,LP535,NP7-8,MNL035 LP535,Pureza (Legarda / Lacson),MANILA,3,1,BARANGAY 512,,,14.61645,120.99951,,,,,,910R BLUMENTRITT SAMPALOC MANILA,16,2025-03-17,OSP
MNL035 LP536 NP1-2,MNL035,LP536,NP1-2,MNL035 LP536,Pureza (Legarda / Lacson),MANILA,3,1,BARANGAY 512,,,14.616505,120.999434,,,,,,910R BLUMENTRITT SAMPALOC MANILA,16,2025-03-17,OSP
MNL035 LP536 NP3-4,MNL035,LP536,NP3-4,MNL035 LP536,Pureza (Legarda / Lacson),MANILA,3,1,BARANGAY 512,,,14.61678,120.99923,,,,,,916 BLUMENTRITT ROAD SAMPALOC MANILA,16,2025-03-17,OSP
MNL035 LP536 NP5-6,MNL035,LP536,NP5-6,MNL035 LP536,Pureza (Legarda / Lacson),MANILA,3,1,BARANGAY 512,,,14.61667,120.99897,,,,,,1008 BLUMENTRITT ROAD SAMPALOC MANILA,16,2025-03-17,OSP
MNL035 LP536 NP7-8,MNL035,LP536,NP7-8,MNL035 LP536,Pureza (Legarda / Lacson),MANILA,3,1,BARANGAY 512,,,14.61669,120.99893,,,,,,1008 BLUMENTRITT ROAD SAMPALOC MANILA,16,2025-03-17,OSP
MNL002 LP210 NP1-2,MNL002,LP210,NP1-2,MNL002 LP210,Don Quintos,MANILA,3,1,BARANGAY 513,,,14.61742526,120.9980226,,,,,,,16,2019-05-31,OSP
MNL002 LP210 NP7-8,MNL002,LP210,NP7-8,MNL002 LP210,Don Quintos,MANILA,3,1,BARANGAY 513,,,14.61731477,120.9973161,,,,,,,16,2019-05-31,OSP
MNL002 LP211 NP1-2,MNL002,LP211,NP1-2,MNL002 LP211,Don Quintos,MANILA,3,1,BARANGAY 513,,,14.61649561,120.998108,,,,,,,16,2019-05-31,OSP
MNL002 LP211 NP3-4,MNL002,LP211,NP3-4,MNL002 LP211,Don Quintos,MANILA,3,1,BARANGAY 513,,,14.61586215,120.9986766,,,,,,,16,2019-05-31,OSP
MNL002 LP320 NP1-2,MNL002,LP320,NP1-2,MNL002 LP320,Don Quintos,MANILA,3,1,BARANGAY 513,,,14.616295,120.99879,,,,,,,16,2020-01-29,OSP
MNL002 LP320 NP3-4,MNL002,LP320,NP3-4,MNL002 LP320,Don Quintos,MANILA,3,1,BARANGAY 513,,,14.617439,120.998584,,,,,,,16,2020-01-29,OSP
MNL035 LP351 NP3-4-5,MNL035,LP351,NP3-4-5,MNL035 LP351,Pureza (Legarda / Lacson),MANILA,3,1,BARANGAY 513,,,14.616168,120.998413,,,,,,,24,2021-04-28,OSP
MNL035 LP351 NP6-7-8,MNL035,LP351,NP6-7-8,MNL035 LP351,Pureza (Legarda / Lacson),MANILA,3,1,BARANGAY 513,,,14.616345,120.998829,,,,,,,24,2021-04-28,OSP
MNL035 LP352 NP1-2,MNL035,LP352,NP1-2,MNL035 LP352,Pureza (Legarda / Lacson),MANILA,3,1,BARANGAY 513,,,14.616854,120.998415,,,,,,,16,2021-04-28,OSP
MNL035 LP352 NP3-4-5,MNL035,LP352,NP3-4-5,MNL035 LP352,Pureza (Legarda / Lacson),MANILA,3,1,BARANGAY 513,,,14.616969,120.99806,,,,,,,24,2021-04-28,OSP
MNL035 LP352 NP6-7-8,MNL035,LP352,NP6-7-8,MNL035 LP352,Pureza (Legarda / Lacson),MANILA,3,1,BARANGAY 513,,,14.617569,120.997492,,,,,,,24,2021-04-28,OSP
MNL035 LP353 NP1-2,MNL035,LP353,NP1-2,MNL035 LP353,Pureza (Legarda / Lacson),MANILA,3,1,BARANGAY 513,,,14.617895,120.997656,,,,,,,16,2021-04-28,OSP
MNL035 LP353 NP3-4-5,MNL035,LP353,NP3-4-5,MNL035 LP353,Pureza (Legarda / Lacson),MANILA,3,1,BARANGAY 513,,,14.617716,120.997824,,,,,,,24,2021-04-28,OSP
MNL035 LP355 NP3-4-5,MNL035,LP355,NP3-4-5,MNL035 LP355,Pureza (Legarda / Lacson),MANILA,3,1,BARANGAY 513,,,14.618107,120.997987,,,,,,,24,2021-04-28,OSP
MNL035 LP355 NP6-7-8,MNL035,LP355,NP6-7-8,MNL035 LP355,Pureza (Legarda / Lacson),MANILA,3,1,BARANGAY 513,,,14.617871,120.998546,,,,,,,24,2021-04-28,OSP
MNL035 LP356 NP1-2,MNL035,LP356,NP1-2,MNL035 LP356,Pureza (Legarda / Lacson),MANILA,3,1,BARANGAY 513,,,14.61843,120.998419,,,,,,,16,2021-04-28,OSP
MNL035 LP350 NP6-7-8,MNL035,LP350,NP6-7-8,MNL035 LP350,Pureza (Legarda / Lacson),MANILA,3,1,BARANGAY 513,,,14.616902,120.997705,,,,,,,24,2021-04-28,OSP
MNL035 LP351 NP1-2,MNL035,LP351,NP1-2,MNL035 LP351,Pureza (Legarda / Lacson),MANILA,3,1,BARANGAY 513,,,14.616527,120.998068,,,,,,,16,2021-04-28,OSP
MNL002 LP137 NP7-8,MNL002,LP137,NP7-8,MNL002 LP137,Don Quintos,MANILA,3,1,BARANGAY 514,,,14.617954,120.994595,,,,,,,16,2018-07-12,OSP
MNL002 LP138 NP1-2,MNL002,LP138,NP1-2,MNL002 LP138,Don Quintos,MANILA,3,1,BARANGAY 514,,,14.618644,120.993933,,,,,,,16,2018-07-12,OSP
MNL002 LP205 NP3-4,MNL002,LP205,NP3-4,MNL002 LP205,Don Quintos,MANILA,3,1,BARANGAY 514,,,14.61881988,120.994188,,,,,,,16,2019-05-31,OSP
MNL002 LP206 NP3-4,MNL002,LP206,NP3-4,MNL002 LP206,Don Quintos,MANILA,3,1,BARANGAY 514,,,14.61934423,120.994731,,,,,,,16,2019-05-31,OSP
MNL002 LP206 NP5-6,MNL002,LP206,NP5-6,MNL002 LP206,Don Quintos,MANILA,3,1,BARANGAY 514,,,14.61890071,120.9952675,,,,,,,16,2019-05-31,OSP
MNL002 LP206 NP7-8,MNL002,LP206,NP7-8,MNL002 LP206,Don Quintos,MANILA,3,1,BARANGAY 514,,,14.61829842,120.9957518,,,,,,,16,2019-05-31,OSP
MNL002 LP207 NP3-4,MNL002,LP207,NP3-4,MNL002 LP207,Don Quintos,MANILA,3,1,BARANGAY 514,,,14.61943298,120.9957249,,,,,,,16,2019-05-31,OSP
MNL002 LP319 NP1-2,MNL002,LP319,NP1-2,MNL002 LP319,Don Quintos,MANILA,3,1,BARANGAY 514,,,14.618789,120.994798,,,,,,,16,2020-01-29,OSP
MNL002 LP319 NP3-4,MNL002,LP319,NP3-4,MNL002 LP319,Don Quintos,MANILA,3,1,BARANGAY 514,,,14.619414,120.994721,,,,,,,16,2020-01-29,OSP
MNL002 LP315 NP1-2,MNL002,LP315,NP1-2,MNL002 LP315,Don Quintos,MANILA,3,1,BARANGAY 514,,,14.618376,120.994115,,,,,,,16,2019-12-26,OSP
MNL002 LP38 NP3-4,MNL002,LP38,NP3-4,MNL002 LP38,Don Quintos,MANILA,3,1,BARANGAY 514,,,14.619886,120.995245,,,,,,,16,2017-12-20,OSP
MNL002 LP38 NP5-6,MNL002,LP38,NP5-6,MNL002 LP38,Don Quintos,MANILA,3,1,BARANGAY 514,,,14.618925,120.994175,,,,,,,16,2017-12-20,OSP
MNL002 LP38 NP7-8,MNL002,LP38,NP7-8,MNL002 LP38,Don Quintos,MANILA,3,1,BARANGAY 514,,,14.619171,120.994445,,,,,,,16,2020-07-30,OSP
MNL002 LP37 NP5-6,MNL002,LP37,NP5-6,MNL002 LP37,Don Quintos,MANILA,3,1,BARANGAY 514,,,14.617704,120.99501,,,,,,,16,2017-12-20,OSP
MNL002 LP37 NP7-8,MNL002,LP37,NP7-8,MNL002 LP37,Don Quintos,MANILA,3,1,BARANGAY 514,,,14.618659,120.996031,,,,,,,16,2020-07-30,OSP
MNL035 LP17 NP5-6,MNL035,LP17,NP5-6,MNL035 LP17,Pureza (Legarda / Lacson),MANILA,3,1,BARANGAY 514,,,14.618145,120.994419,,,,,,,16,2021-04-28,OSP
MNL035 LP17 NP7-8,MNL035,LP17,NP7-8,MNL035 LP17,Pureza (Legarda / Lacson),MANILA,3,1,BARANGAY 514,,,14.618659,120.993927,,,,,,,16,2021-04-28,OSP
MNL035 LP341 NP3-4-5,MNL035,LP341,NP3-4-5,MNL035 LP341,Pureza (Legarda / Lacson),MANILA,3,1,BARANGAY 514,,,14.619079,120.995118,,,,,,,24,2021-04-28,OSP
MNL035 LP341 NP6-7-8,MNL035,LP341,NP6-7-8,MNL035 LP341,Pureza (Legarda / Lacson),MANILA,3,1,BARANGAY 514,,,14.618486,120.995692,,,,,,,24,2021-04-28,OSP
MNL035 LP342 NP1-2,MNL035,LP342,NP1-2,MNL035 LP342,Pureza (Legarda / Lacson),MANILA,3,1,BARANGAY 514,,,14.618702,120.995915,,,,,,,16,2021-04-28,OSP
MNL035 LP342 NP3-4-5,MNL035,LP342,NP3-4-5,MNL035 LP342,Pureza (Legarda / Lacson),MANILA,3,1,BARANGAY 514,,,14.619251,120.995455,,,,,,,24,2021-04-28,OSP
MNL035 LP344 NP3-4-5,MNL035,LP344,NP3-4-5,MNL035 LP344,Pureza (Legarda / Lacson),MANILA,3,1,BARANGAY 514,,,14.61924,120.995945,,,,,,,24,2021-04-28,OSP
MNL035 LP344 NP6-7-8,MNL035,LP344,NP6-7-8,MNL035 LP344,Pureza (Legarda / Lacson),MANILA,3,1,BARANGAY 514,,,14.618883,120.996272,,,,,,,24,2021-04-28,OSP
MNL035 LP338 NP1-2,MNL035,LP338,NP1-2,MNL035 LP338,Pureza (Legarda / Lacson),MANILA,3,1,BARANGAY 514,,,14.618594,120.995028,,,,,,,16,2021-04-28,OSP
MNL035 LP340 NP6-7-8,MNL035,LP340,NP6-7-8,MNL035 LP340,Pureza (Legarda / Lacson),MANILA,3,1,BARANGAY 514,,,14.618923,120.994197,,,,,,,24,2021-04-28,OSP
MNL035 LP335 NP6-7-8,MNL035,LP335,NP6-7-8,MNL035 LP335,Pureza (Legarda / Lacson),MANILA,3,1,BARANGAY 514,,,14.618144,120.995462,,,,,,,24,2021-04-28,OSP
MNL035 LP336 NP1-2,MNL035,LP336,NP1-2,MNL035 LP336,Pureza (Legarda / Lacson),MANILA,3,1,BARANGAY 514,,,14.617928,120.995242,,,,,,,16,2021-04-28,OSP
MNL002 LP37 NP1-2,MNL002,LP37,NP1-2,MNL002 LP37,Don Quintos,MANILA,3,1,BARANGAY 515,,,14.61977,120.997268,,,,,,,16,2017-12-20,OSP
MNL002 LP36 NP1-2,MNL002,LP36,NP1-2,MNL002 LP36,Don Quintos,MANILA,3,1,BARANGAY 515,,,14.618634,120.998212,,,,,,,16,2017-12-20,OSP
MNL002 LP207 NP5-6,MNL002,LP207,NP5-6,MNL002 LP207,Don Quintos,MANILA,3,1,BARANGAY 515,,,14.6190969,120.9963788,,,,,,,16,2019-05-31,OSP
MNL002 LP207 NP7-8,MNL002,LP207,NP7-8,MNL002 LP207,Don Quintos,MANILA,3,1,BARANGAY 515,,,14.6193179,120.9966727,,,,,,,16,2019-05-31,OSP
MNL002 LP208 NP1-2,MNL002,LP208,NP1-2,MNL002 LP208,Don Quintos,MANILA,3,1,BARANGAY 515,,,14.62033023,120.9958431,,,,,,,16,2019-05-31,OSP
MNL002 LP319 NP7-8,MNL002,LP319,NP7-8,MNL002 LP319,Don Quintos,MANILA,3,1,BARANGAY 515,,,14.62013,120.995489,,,,,,,16,2020-08-06,OSP
MNL002 LP320 NP7-8,MNL002,LP320,NP7-8,MNL002 LP320,Don Quintos,MANILA,3,1,BARANGAY 515,,,14.619319,120.998017,,,,,,,16,2020-01-29,OSP
MNL002 LP37 NP3-4,MNL002,LP37,NP3-4,MNL002 LP37,Don Quintos,MANILA,3,1,BARANGAY 515,,,14.61891,120.996419,,,,,,,16,2017-12-20,OSP
MNL035 LP357 NP1-2,MNL035,LP357,NP1-2,MNL035 LP357,Pureza (Legarda / Lacson),MANILA,3,1,BARANGAY 515,,,14.618982,120.997598,,,,,,,16,2021-04-28,OSP
MNL035 LP357 NP3-4-5,MNL035,LP357,NP3-4-5,MNL035 LP357,Pureza (Legarda / Lacson),MANILA,3,1,BARANGAY 515,,,14.619563,120.997044,,,,,,,24,2021-04-28,OSP
MNL035 LP357 NP6-7-8,MNL035,LP357,NP6-7-8,MNL035 LP357,Pureza (Legarda / Lacson),MANILA,3,1,BARANGAY 515,,,14.619451,120.997729,,,,,,,24,2021-04-28,OSP
MNL035 LP353 NP6-7-8,MNL035,LP353,NP6-7-8,MNL035 LP353,Pureza (Legarda / Lacson),MANILA,3,1,BARANGAY 515,,,14.618415,120.997149,,,,,,,24,2021-04-28,OSP
MNL035 LP354 NP1-2,MNL035,LP354,NP1-2,MNL035 LP354,Pureza (Legarda / Lacson),MANILA,3,1,BARANGAY 515,,,14.618672,120.996909,,,,,,,16,2021-04-28,OSP
MNL035 LP354 NP3-4-5,MNL035,LP354,NP3-4-5,MNL035 LP354,Pureza (Legarda / Lacson),MANILA,3,1,BARANGAY 515,,,14.618897,120.996708,,,,,,,24,2021-04-28,OSP
MNL035 LP354 NP6-7-8,MNL035,LP354,NP6-7-8,MNL035 LP354,Pureza (Legarda / Lacson),MANILA,3,1,BARANGAY 515,,,14.619008,120.997144,,,,,,,24,2021-04-28,OSP
MNL035 LP355 NP1-2,MNL035,LP355,NP1-2,MNL035 LP355,Pureza (Legarda / Lacson),MANILA,3,1,BARANGAY 515,,,14.61836,120.997755,,,,,,,16,2021-04-28,OSP
MNL035 LP356 NP3-4-5,MNL035,LP356,NP3-4-5,MNL035 LP356,Pureza (Legarda / Lacson),MANILA,3,1,BARANGAY 515,,,14.618742,120.998296,,,,,,,24,2021-04-28,OSP
MNL035 LP356 NP6-7-8,MNL035,LP356,NP6-7-8,MNL035 LP356,Pureza (Legarda / Lacson),MANILA,3,1,BARANGAY 515,,,14.618585,120.997978,,,,,,,24,2021-04-28,OSP
MNL035 LP346 NP6-7-8,MNL035,LP346,NP6-7-8,MNL035 LP346,Pureza (Legarda / Lacson),MANILA,3,1,BARANGAY 515,,,14.620398,120.995801,,,,,,,24,2021-04-28,OSP
MNL035 LP347 NP1-2,MNL035,LP347,NP1-2,MNL035 LP347,Pureza (Legarda / Lacson),MANILA,3,1,BARANGAY 515,,,14.619842,120.99632,,,,,,,16,2021-04-28,OSP
MNL035 LP347 NP3-4-5,MNL035,LP347,NP3-4-5,MNL035 LP347,Pureza (Legarda / Lacson),MANILA,3,1,BARANGAY 515,,,14.619534,120.996611,,,,,,,24,2021-04-28,OSP
MNL035 LP347 NP6-7-8,MNL035,LP347,NP6-7-8,MNL035 LP347,Pureza (Legarda / Lacson),MANILA,3,1,BARANGAY 515,,,14.61988,120.997236,,,,,,,24,2021-04-28,OSP
MNL035 LP345 NP1-2,MNL035,LP345,NP1-2,MNL035 LP345,Pureza (Legarda / Lacson),MANILA,3,1,BARANGAY 515,,,14.619574,120.996138,,,,,,,16,2021-04-28,OSP
MNL002 LP208 NP3-4,MNL002,LP208,NP3-4,MNL002 LP208,Don Quintos,MANILA,3,1,BARANGAY 516,,,14.62108788,120.9951186,,,,,,,16,2019-05-31,OSP
MNL002 LP39 NP1-2,MNL002,LP39,NP1-2,MNL002 LP39,Don Quintos,MANILA,3,1,BARANGAY 516,,,14.621145,120.994463,,,,,,,16,2017-12-20,OSP
MNL002 LP38 NP1-2,MNL002,LP38,NP1-2,MNL002 LP38,Don Quintos,MANILA,3,1,BARANGAY 516,,,14.620674,120.996106,,,,,,,16,2017-12-20,OSP
MNL035 LP345 NP3-4-5,MNL035,LP345,NP3-4-5,MNL035 LP345,Pureza (Legarda / Lacson),MANILA,3,1,BARANGAY 516,,,14.620174,120.995559,,,,,,,24,2021-04-28,OSP
MNL035 LP345 NP6-7-8,MNL035,LP345,NP6-7-8,MNL035 LP345,Pureza (Legarda / Lacson),MANILA,3,1,BARANGAY 516,,,14.620706,120.994934,,,,,,,24,2021-04-28,OSP
MNL035 LP346 NP1-2,MNL035,LP346,NP1-2,MNL035 LP346,Pureza (Legarda / Lacson),MANILA,3,1,BARANGAY 516,,,14.621438,120.994759,,,,,,,16,2021-04-28,OSP
MNL035 LP346 NP3-4-5,MNL035,LP346,NP3-4-5,MNL035 LP346,Pureza (Legarda / Lacson),MANILA,3,1,BARANGAY 516,,,14.620898,120.995317,,,,,,,24,2021-04-28,OSP
MNL002 LP35 NP3-4,MNL002,LP35,NP3-4,MNL002 LP35,Don Quintos,MANILA,3,1,BARANGAY 517,,,14.615983,120.99747,,,,,,,16,2017-12-20,OSP
MNL002 LP35 NP7-8,MNL002,LP35,NP7-8,MNL002 LP35,Don Quintos,MANILA,3,1,BARANGAY 517,,,14.616008,120.997479,,,,,,,16,2020-07-30,OSP
MNL002 LP211 NP5-6,MNL002,LP211,NP5-6,MNL002 LP211,Don Quintos,MANILA,3,1,BARANGAY 517,,,14.61626131,120.9978242,,,,,,,16,2019-05-31,OSP
MNL002 LP211 NP7-8,MNL002,LP211,NP7-8,MNL002 LP211,Don Quintos,MANILA,3,1,BARANGAY 517,,,14.61557423,120.9984785,,,,,,,16,2019-05-31,OSP
MNL002 LP209 NP3-4,MNL002,LP209,NP3-4,MNL002 LP209,Don Quintos,MANILA,3,1,BARANGAY 517,,,14.61514706,120.9977067,,,,,,,16,2019-05-31,OSP
MNL002 LP314 NP3-4,MNL002,LP314,NP3-4,MNL002 LP314,Don Quintos,MANILA,3,1,BARANGAY 517,,,14.615191,120.997179,,,,,,,16,2019-12-26,OSP
MNL002 LP317 NP1-2,MNL002,LP317,NP1-2,MNL002 LP317,Don Quintos,MANILA,3,1,BARANGAY 517,,,14.614692,120.998043,,,,,,,16,2020-01-29,OSP
MNL002 LP317 NP3-4,MNL002,LP317,NP3-4,MNL002 LP317,Don Quintos,MANILA,3,1,BARANGAY 517,,,14.615111,120.998497,,,,,,,16,2020-01-29,OSP
MNL002 LP317 NP5-6,MNL002,LP317,NP5-6,MNL002 LP317,Don Quintos,MANILA,3,1,BARANGAY 517,,,14.615621,120.997978,,,,,,,16,2020-01-29,OSP
MNL002 LP317 NP7-8,MNL002,LP317,NP7-8,MNL002 LP317,Don Quintos,MANILA,3,1,BARANGAY 517,,,14.615994,120.997486,,,,,,,16,2020-01-29,OSP
MNL035 LP349 NP1-2,MNL035,LP349,NP1-2,MNL035 LP349,Pureza (Legarda / Lacson),MANILA,3,1,BARANGAY 517,,,14.615838,120.998178,,,,,,,16,2021-04-28,OSP
MNL035 LP349 NP3-4-5,MNL035,LP349,NP3-4-5,MNL035 LP349,Pureza (Legarda / Lacson),MANILA,3,1,BARANGAY 517,,,14.616262,120.99777,,,,,,,24,2021-04-28,OSP
MNL035 LP16 NP1-2,MNL035,LP16,NP1-2,MNL035 LP16,Pureza (Legarda / Lacson),MANILA,3,1,BARANGAY 517,,,14.614931,120.997475,,,,,,,16,2021-04-28,OSP
MNL035 LP15 NP1-2,MNL035,LP15,NP1-2,MNL035 LP15,Pureza (Legarda / Lacson),MANILA,3,1,BARANGAY 517,,,14.615295,120.998757,,,,,,,16,2021-04-28,OSP
MNL035 LP15 NP3-4,MNL035,LP15,NP3-4,MNL035 LP15,Pureza (Legarda / Lacson),MANILA,3,1,BARANGAY 517,,,14.61506,120.998515,,,,,,,16,2021-04-28,OSP
MNL035 LP15 NP5-6,MNL035,LP15,NP5-6,MNL035 LP15,Pureza (Legarda / Lacson),MANILA,3,1,BARANGAY 517,,,14.614824,120.998252,,,,,,,16,2021-04-28,OSP
MNL035 LP15 NP7-8,MNL035,LP15,NP7-8,MNL035 LP15,Pureza (Legarda / Lacson),MANILA,3,1,BARANGAY 517,,,14.614598,120.998,,,,,,,16,2021-04-28,OSP
MNL035 LP337 NP3-4-5,MNL035,LP337,NP3-4-5,MNL035 LP337,Pureza (Legarda / Lacson),MANILA,3,1,BARANGAY 517,,,14.615812,120.997271,,,,,,,24,2021-04-28,OSP
MNL035 LP337 NP6-7-8,MNL035,LP337,NP6-7-8,MNL035 LP337,Pureza (Legarda / Lacson),MANILA,3,1,BARANGAY 517,,,14.615444,120.997612,,,,,,,24,2021-04-28,OSP
MNL035 LP334 NP1-2,MNL035,LP334,NP1-2,MNL035 LP334,Pureza (Legarda / Lacson),MANILA,3,1,BARANGAY 517,,,14.615317,120.998278,,,,,,,16,2021-04-28,OSP
MNL035 LP334 NP3-4-5,MNL035,LP334,NP3-4-5,MNL035 LP334,Pureza (Legarda / Lacson),MANILA,3,1,BARANGAY 517,,,14.616025,120.997493,,,,,,,24,2021-04-28,OSP
MNL002 LP138 NP7-8,MNL002,LP138,NP7-8,MNL002 LP138,Don Quintos,MANILA,3,1,BARANGAY 518,,,14.619241,120.993365,,,,,,,16,2018-07-12,OSP
MNL002 LP139 NP1-2,MNL002,LP139,NP1-2,MNL002 LP139,Don Quintos,MANILA,3,1,BARANGAY 518,,,14.619718,120.992913,,,,,,,16,2018-07-12,OSP
MNL002 LP205 NP5-6,MNL002,LP205,NP5-6,MNL002 LP205,Don Quintos,MANILA,3,1,BARANGAY 518,,,14.61960969,120.9934325,,,,,,,16,2019-05-31,OSP
MNL002 LP206 NP1-2,MNL002,LP206,NP1-2,MNL002 LP206,Don Quintos,MANILA,3,1,BARANGAY 518,,,14.62003483,120.9940385,,,,,,,16,2019-05-31,OSP
MNL002 LP207 NP1-2,MNL002,LP207,NP1-2,MNL002 LP207,Don Quintos,MANILA,3,1,BARANGAY 518,,,14.62036748,120.9947817,,,,,,,16,2019-05-31,OSP
MNL002 LP319 NP5-6,MNL002,LP319,NP5-6,MNL002 LP319,Don Quintos,MANILA,3,1,BARANGAY 518,,,14.619707,120.995028,,,,,,,16,2020-08-06,OSP
MNL002 LP172 NP1-2,MNL002,LP172,NP1-2,MNL002 LP172,Don Quintos,MANILA,3,1,BARANGAY 518,,,14.620994,120.994282,,,,,,,16,2018-11-29,OSP
MNL002 LP172 NP5-6,MNL002,LP172,NP5-6,MNL002 LP172,Don Quintos,MANILA,3,1,BARANGAY 518,,,14.620519,120.993741,,,,,,,16,2018-11-29,OSP
MNL002 LP172 NP7-8,MNL002,LP172,NP7-8,MNL002 LP172,Don Quintos,MANILA,3,1,BARANGAY 518,,,14.620215,120.993412,,,,,,,16,2018-11-29,OSP
MNL002 LP173 NP1-2,MNL002,LP173,NP1-2,MNL002 LP173,Don Quintos,MANILA,3,1,BARANGAY 518,,,14.619963,120.993141,,,,,,,16,2018-11-29,OSP
MNL002 LP315 NP3-4,MNL002,LP315,NP3-4,MNL002 LP315,Don Quintos,MANILA,3,1,BARANGAY 518,,,14.619223,120.993296,,,,,,,16,2019-12-26,OSP
MNL035 LP18 NP1-2,MNL035,LP18,NP1-2,MNL035 LP18,Pureza (Legarda / Lacson),MANILA,3,1,BARANGAY 518,,,14.619218,120.993379,,,,,,,16,2021-04-28,OSP
MNL035 LP341 NP1-2,MNL035,LP341,NP1-2,MNL035 LP341,Pureza (Legarda / Lacson),MANILA,3,1,BARANGAY 518,,,14.619525,120.994623,,,,,,,16,2021-04-28,OSP
MNL035 LP342 NP6-7-8,MNL035,LP342,NP6-7-8,MNL035 LP342,Pureza (Legarda / Lacson),MANILA,3,1,BARANGAY 518,,,14.619698,120.995023,,,,,,,24,2021-04-28,OSP
MNL035 LP343 NP1-2,MNL035,LP343,NP1-2,MNL035 LP343,Pureza (Legarda / Lacson),MANILA,3,1,BARANGAY 518,,,14.620091,120.994646,,,,,,,16,2021-04-28,OSP
MNL035 LP343 NP3-4-5,MNL035,LP343,NP3-4-5,MNL035 LP343,Pureza (Legarda / Lacson),MANILA,3,1,BARANGAY 518,,,14.620526,120.994236,,,,,,,24,2021-04-28,OSP
MNL035 LP343 NP6-7-8,MNL035,LP343,NP6-7-8,MNL035 LP343,Pureza (Legarda / Lacson),MANILA,3,1,BARANGAY 518,,,14.620556,120.994675,,,,,,,24,2021-04-28,OSP
MNL035 LP344 NP1-2,MNL035,LP344,NP1-2,MNL035 LP344,Pureza (Legarda / Lacson),MANILA,3,1,BARANGAY 518,,,14.619933,120.99529,,,,,,,16,2021-04-28,OSP
MNL035 LP338 NP3-4-5,MNL035,LP338,NP3-4-5,MNL035 LP338,Pureza (Legarda / Lacson),MANILA,3,1,BARANGAY 518,,,14.619262,120.994377,,,,,,,24,2021-04-28,OSP
MNL035 LP338 NP6-7-8,MNL035,LP338,NP6-7-8,MNL035 LP338,Pureza (Legarda / Lacson),MANILA,3,1,BARANGAY 518,,,14.61971,120.993952,,,,,,,24,2021-04-28,OSP
MNL035 LP339 NP1-2,MNL035,LP339,NP1-2,MNL035 LP339,Pureza (Legarda / Lacson),MANILA,3,1,BARANGAY 518,,,14.620248,120.993443,,,,,,,16,2021-04-28,OSP
MNL035 LP339 NP3-4-5,MNL035,LP339,NP3-4-5,MNL035 LP339,Pureza (Legarda / Lacson),MANILA,3,1,BARANGAY 518,,,14.62048,120.993701,,,,,,,24,2021-04-28,OSP
MNL035 LP339 NP6-7-8,MNL035,LP339,NP6-7-8,MNL035 LP339,Pureza (Legarda / Lacson),MANILA,3,1,BARANGAY 518,,,14.620107,120.994077,,,,,,,24,2021-04-28,OSP
MNL035 LP340 NP1-2,MNL035,LP340,NP1-2,MNL035 LP340,Pureza (Legarda / Lacson),MANILA,3,1,BARANGAY 518,,,14.619482,120.993675,,,,,,,16,2021-04-28,OSP
MNL035 LP340 NP3-4-5,MNL035,LP340,NP3-4-5,MNL035 LP340,Pureza (Legarda / Lacson),MANILA,3,1,BARANGAY 518,,,14.619307,120.993932,,,,,,,24,2021-04-28,OSP
MNL002 LP35 NP5-6,MNL002,LP35,NP5-6,MNL002 LP35,Don Quintos,MANILA,3,1,BARANGAY 519,,,14.615753,120.99721,,,,,,,16,2017-12-20,OSP
MNL002 LP209 NP1-2,MNL002,LP209,NP1-2,MNL002 LP209,Don Quintos,MANILA,3,1,BARANGAY 519,,,14.61638561,120.9966843,,,,,,,16,2019-05-31,OSP
MNL002 LP314 NP5-6,MNL002,LP314,NP5-6,MNL002 LP314,Don Quintos,MANILA,3,1,BARANGAY 519,,,14.616181,120.996234,,,,,,,16,2019-12-26,OSP
MNL002 LP318 NP1-2,MNL002,LP318,NP1-2,MNL002 LP318,Don Quintos,MANILA,3,1,BARANGAY 519,,,14.616396,120.997113,,,,,,,16,2020-01-29,OSP
MNL035 LP349 NP6-7-8,MNL035,LP349,NP6-7-8,MNL035 LP349,Pureza (Legarda / Lacson),MANILA,3,1,BARANGAY 519,,,14.616721,120.997325,,,,,,,24,2021-04-28,OSP
MNL035 LP16 NP3-4,MNL035,LP16,NP3-4,MNL035 LP16,Pureza (Legarda / Lacson),MANILA,3,1,BARANGAY 519,,,14.615729,120.996708,,,,,,,16,2021-04-28,OSP
MNL035 LP16 NP5-6,MNL035,LP16,NP5-6,MNL035 LP16,Pureza (Legarda / Lacson),MANILA,3,1,BARANGAY 519,,,14.615935,120.99652,,,,,,,16,2021-04-28,OSP
MNL035 LP336 NP6-7-8,MNL035,LP336,NP6-7-8,MNL035 LP336,Pureza (Legarda / Lacson),MANILA,3,1,BARANGAY 519,,,14.6167,120.996414,,,,,,,24,2021-04-28,OSP
MNL035 LP337 NP1-2,MNL035,LP337,NP1-2,MNL035 LP337,Pureza (Legarda / Lacson),MANILA,3,1,BARANGAY 519,,,14.616147,120.996956,,,,,,,16,2021-04-28,OSP
MNL035 LP334 NP6-7-8,MNL035,LP334,NP6-7-8,MNL035 LP334,Pureza (Legarda / Lacson),MANILA,3,1,BARANGAY 519,,,14.616657,120.996876,,,,,,,24,2021-04-28,OSP
MNL003 LP24 NP3,MNL003,LP24,NP3,MNL003 LP24,City Square,MANILA,3,1,BARANGAY 52,,,14.615496,120.97208,,,,,,,8,2017-11-27,OSP
MNL003 LP24 NP5-6,MNL003,LP24,NP5-6,MNL003 LP24,City Square,MANILA,3,1,BARANGAY 52,,,14.614317,120.971378,,,,,,,16,2020-08-07,OSP
MNL003 LP24 NP7-8,MNL003,LP24,NP7-8,MNL003 LP24,City Square,MANILA,3,1,BARANGAY 52,,,14.613932,120.971289,,,,,,,16,2020-08-07,OSP
MNL003 LP297 NP3-4,MNL003,LP297,NP3-4,MNL003 LP297,City Square,MANILA,3,1,BARANGAY 52,,,14.615495,120.972071,,,,,,,16,2019-03-29,OSP
MNL003 LP297 NP7-8,MNL003,LP297,NP7-8,MNL003 LP297,City Square,MANILA,3,1,BARANGAY 52,,,14.614211,120.971795,,,,,,,16,2019-03-29,OSP
MNL003 LP298 NP3-4,MNL003,LP298,NP3-4,MNL003 LP298,City Square,MANILA,3,1,BARANGAY 52,,,14.612832,120.971493,,,,,,,16,2019-03-29,OSP
MNL036 LP58 NP5-6,MNL036,LP58,NP5-6,MNL036 LP58,Juan Luna/ Solis,MANILA,3,1,BARANGAY 52,,,14.615049,120.971158,,,,,,,16,2020-08-30,OSP
MNL036 LP58 NP1-2,MNL036,LP58,NP1-2,MNL036 LP58,Juan Luna/ Solis,MANILA,3,1,BARANGAY 52,,,14.614931,120.971715,,,,,,,16,2020-08-30,OSP
MNL036 LP58 NP3-4,MNL036,LP58,NP3-4,MNL036 LP58,Juan Luna/ Solis,MANILA,3,1,BARANGAY 52,,,14.614974,120.971492,,,,,,,16,2020-08-30,OSP
MNL045 LP493 NP6-8,MNL045,LP493,NP6-8,MNL045 LP493,Radial Road 10,MANILA,3,1,BARANGAY 52,,,14.61319209,120.9715685,,,,,,,24,2022-03-10,OSP
MNL045 LP494 NP1-2,MNL045,LP494,NP1-2,MNL045 LP494,Radial Road 10,MANILA,3,1,BARANGAY 52,,,14.61282897,120.9714933,,,,,,,16,2022-03-10,OSP
MNL045 LP486 NP3-5,MNL045,LP486,NP3-5,MNL045 LP486,Radial Road 10,MANILA,3,1,BARANGAY 52,,,14.61429192,120.9715183,,,,,,,24,2022-03-10,OSP
MNL045 LP486 NP6-8,MNL045,LP486,NP6-8,MNL045 LP486,Radial Road 10,MANILA,3,1,BARANGAY 52,,,14.61433569,120.971337,,,,,,,24,2022-03-10,OSP
MNL045 LP489 NP3-5,MNL045,LP489,NP3-5,MNL045 LP489,Radial Road 10,MANILA,3,1,BARANGAY 52,,,14.61388921,120.971509,,,,,,,24,2022-03-10,OSP
MNL045 LP489 NP6-8,MNL045,LP489,NP6-8,MNL045 LP489,Radial Road 10,MANILA,3,1,BARANGAY 52,,,14.61391722,120.9713609,,,,,,,24,2022-03-10,OSP
MNL045 LP482 NP3-5,MNL045,LP482,NP3-5,MNL045 LP482,Radial Road 10,MANILA,3,1,BARANGAY 52,,,14.61524481,120.9718227,,,,,,,24,2022-03-10,OSP
MNL045 LP482 NP6-8,MNL045,LP482,NP6-8,MNL045 LP482,Radial Road 10,MANILA,3,1,BARANGAY 52,,,14.61531073,120.9716182,,,,,,,24,2022-03-10,OSP
MNL045 LP483 NP1-2,MNL045,LP483,NP1-2,MNL045 LP483,Radial Road 10,MANILA,3,1,BARANGAY 52,,,14.61490388,120.9719631,,,,,,,16,2022-03-10,OSP
MNL045 LP486 NP1-2,MNL045,LP486,NP1-2,MNL045 LP486,Radial Road 10,MANILA,3,1,BARANGAY 52,,,14.61422928,120.9718067,,,,,,,16,2022-03-10,OSP
MNL045 LP478 NP6-8,MNL045,LP478,NP6-8,MNL045 LP478,Radial Road 10,MANILA,3,1,BARANGAY 52,,,14.61528725,120.9710763,,,,,,,24,2022-03-10,OSP
MNL045 LP479 NP1-2,MNL045,LP479,NP1-2,MNL045 LP479,Radial Road 10,MANILA,3,1,BARANGAY 52,,,14.61508274,120.9711543,,,,,,,16,2022-03-10,OSP
MNL045 LP479 NP3-5,MNL045,LP479,NP3-5,MNL045 LP479,Radial Road 10,MANILA,3,1,BARANGAY 52,,,14.61499758,120.9714852,,,,,,,24,2022-03-10,OSP
MNL045 LP479 NP6-8,MNL045,LP479,NP6-8,MNL045 LP479,Radial Road 10,MANILA,3,1,BARANGAY 52,,,14.61496382,120.9717108,,,,,,,24,2022-03-10,OSP
MNL045 LP445 NP6-8,MNL045,LP445,NP6-8,MNL045 LP445,Radial Road 10,MANILA,3,1,BARANGAY 52,,,14.614931,120.970795,,,,,,,24,2022-03-10,OSP
MNL002 LP136 NP5-6,MNL002,LP136,NP5-6,MNL002 LP136,Don Quintos,MANILA,3,1,BARANGAY 520,,,14.616645,120.995831,,,,,,,16,2018-07-12,OSP
MNL002 LP36 NP3-4,MNL002,LP36,NP3-4,MNL002 LP36,Don Quintos,MANILA,3,1,BARANGAY 520,,,14.617848,120.997226,,,,,,,16,2017-12-20,OSP
MNL002 LP36 NP5-6,MNL002,LP36,NP5-6,MNL002 LP36,Don Quintos,MANILA,3,1,BARANGAY 520,,,14.616718,120.995956,,,,,,,16,2017-12-20,OSP
MNL002 LP36 NP7-8,MNL002,LP36,NP7-8,MNL002 LP36,Don Quintos,MANILA,3,1,BARANGAY 520,,,14.616915,120.996155,,,,,,,16,2020-07-30,OSP
MNL002 LP210 NP3-4,MNL002,LP210,NP3-4,MNL002 LP210,Don Quintos,MANILA,3,1,BARANGAY 520,,,14.61806542,120.9973878,,,,,,,16,2019-05-31,OSP
MNL002 LP210 NP5-6,MNL002,LP210,NP5-6,MNL002 LP210,Don Quintos,MANILA,3,1,BARANGAY 520,,,14.61762063,120.9969151,,,,,,,16,2019-05-31,OSP
MNL002 LP205 NP1-2,MNL002,LP205,NP1-2,MNL002 LP205,Don Quintos,MANILA,3,1,BARANGAY 520,,,14.61774063,120.9951983,,,,,,,16,2019-05-31,OSP
MNL002 LP318 NP3-4,MNL002,LP318,NP3-4,MNL002 LP318,Don Quintos,MANILA,3,1,BARANGAY 520,,,14.61723,120.996426,,,,,,,16,2020-01-29,OSP
MNL002 LP318 NP5-6,MNL002,LP318,NP5-6,MNL002 LP318,Don Quintos,MANILA,3,1,BARANGAY 520,,,14.617423,120.996694,,,,,,,16,2020-01-29,OSP
MNL002 LP318 NP7-8,MNL002,LP318,NP7-8,MNL002 LP318,Don Quintos,MANILA,3,1,BARANGAY 520,,,14.618104,120.995469,,,,,,,16,2020-01-29,OSP
MNL035 LP350 NP1-2,MNL035,LP350,NP1-2,MNL035 LP350,Pureza (Legarda / Lacson),MANILA,3,1,BARANGAY 520,,,14.6174,120.996667,,,,,,,16,2021-04-28,OSP
MNL035 LP350 NP3-4-5,MNL035,LP350,NP3-4-5,MNL035 LP350,Pureza (Legarda / Lacson),MANILA,3,1,BARANGAY 520,,,14.617677,120.996964,,,,,,,24,2021-04-28,OSP
MNL035 LP16 NP7-8,MNL035,LP16,NP7-8,MNL035 LP16,Pureza (Legarda / Lacson),MANILA,3,1,BARANGAY 520,,,14.616637,120.995847,,,,,,,16,2021-04-28,OSP
MNL035 LP336 NP3-4-5,MNL035,LP336,NP3-4-5,MNL035 LP336,Pureza (Legarda / Lacson),MANILA,3,1,BARANGAY 520,,,14.617528,120.995618,,,,,,,24,2021-04-28,OSP
MNL035 LP335 NP1-2,MNL035,LP335,NP1-2,MNL035 LP335,Pureza (Legarda / Lacson),MANILA,3,1,BARANGAY 520,,,14.617148,120.99641,,,,,,,16,2021-04-28,OSP
MNL035 LP335 NP3-4-5,MNL035,LP335,NP3-4-5,MNL035 LP335,Pureza (Legarda / Lacson),MANILA,3,1,BARANGAY 520,,,14.617643,120.995934,,,,,,,24,2021-04-28,OSP
MNL002 LP134 NP3-4,MNL002,LP134,NP3-4,MNL002 LP134,Don Quintos,MANILA,3,1,BARANGAY 521,,,14.613434,120.997089,,,,,,,16,2018-07-12,OSP
MNL002 LP361 NP7-8,MNL002,LP361,NP7-8,MNL002 LP361,Don Quintos,MANILA,3,1,BARANGAY 521,,,14.612078,120.997864,,,,,,,16,2020-03-16,OSP
MNL002 LP362 NP1-2,MNL002,LP362,NP1-2,MNL002 LP362,Don Quintos,MANILA,3,1,BARANGAY 521,,,14.612504,120.997444,,,,,,,16,2020-03-16,OSP
MNL002 LP362 NP3-4,MNL002,LP362,NP3-4,MNL002 LP362,Don Quintos,MANILA,3,1,BARANGAY 521,,,14.613138,120.996853,,,,,,,16,2020-03-16,OSP
MNL002 LP362 NP5-6,MNL002,LP362,NP5-6,MNL002 LP362,Don Quintos,MANILA,3,1,BARANGAY 521,,,14.612829,120.996528,,,,,,,16,2020-03-16,OSP
MNL002 LP362 NP7-8,MNL002,LP362,NP7-8,MNL002 LP362,Don Quintos,MANILA,3,1,BARANGAY 521,,,14.612232,120.997067,,,,,,,16,2020-03-16,OSP
MNL002 LP363 NP1-2,MNL002,LP363,NP1-2,MNL002 LP363,Don Quintos,MANILA,3,1,BARANGAY 521,,,14.611432,120.998043,,,,,,,16,2020-03-16,OSP
MNL002 LP361 NP5-6,MNL002,LP361,NP5-6,MNL002 LP361,Don Quintos,MANILA,3,1,BARANGAY 521,,,14.612737,120.997765,,,,,,,16,2020-03-16,OSP
MNL002 LP192 NP1-2,MNL002,LP192,NP1-2,MNL002 LP192,Don Quintos,MANILA,3,1,BARANGAY 521,,,14.61134295,120.9983502,,,,,,,16,2019-05-31,OSP
MNL002 LP90 NP5-6,MNL002,LP90,NP5-6,MNL002 LP90,Don Quintos,MANILA,3,1,BARANGAY 521,,,14.612297,120.998052,,,,,,,16,2018-04-17,OSP
MNL002 LP90 NP7-8,MNL002,LP90,NP7-8,MNL002 LP90,Don Quintos,MANILA,3,1,BARANGAY 521,,,14.611805,120.997512,,,,,,,16,2018-04-17,OSP
MNL002 LP89 NP5-6,MNL002,LP89,NP5-6,MNL002 LP89,Don Quintos,MANILA,3,1,BARANGAY 521,,,14.611259,120.999025,,,,,,,16,2018-04-17,OSP
MNL002 LP89 NP7-8,MNL002,LP89,NP7-8,MNL002 LP89,Don Quintos,MANILA,3,1,BARANGAY 521,,,14.61078,120.998519,,,,,,,16,2018-04-17,OSP
MNL002 LP299 NP5-6,MNL002,LP299,NP5-6,MNL002 LP299,Don Quintos,MANILA,3,1,BARANGAY 521,,,14.612163,120.998067,,,,,,,16,2019-12-23,OSP
MNL035 LP425 NP1-2,MNL035,LP425,NP1-2,MNL035 LP425,Pureza (Legarda / Lacson),MANILA,3,1,BARANGAY 521,,,14.613433,120.997071,,,,,,,16,2021-05-02,OSP
MNL035 LP425 NP3-4,MNL035,LP425,NP3-4,MNL035 LP425,Pureza (Legarda / Lacson),MANILA,3,1,BARANGAY 521,,,14.612912,120.997566,,,,,,,16,2021-05-02,OSP
MNL035 LP425 NP5-6,MNL035,LP425,NP5-6,MNL035 LP425,Pureza (Legarda / Lacson),MANILA,3,1,BARANGAY 521,,,14.612086,120.998356,,,,,,,16,2021-05-02,OSP
MNL035 LP425 NP7-8,MNL035,LP425,NP7-8,MNL035 LP425,Pureza (Legarda / Lacson),MANILA,3,1,BARANGAY 521,,,14.611764,120.998672,,,,,,,16,2021-05-02,OSP
MNL035 LP426 NP1-2,MNL035,LP426,NP1-2,MNL035 LP426,Pureza (Legarda / Lacson),MANILA,3,1,BARANGAY 521,,,14.613171,120.996801,,,,,,,16,2021-05-02,OSP
MNL035 LP426 NP3-4-5,MNL035,LP426,NP3-4-5,MNL035 LP426,Pureza (Legarda / Lacson),MANILA,3,1,BARANGAY 521,,,14.612077,120.997836,,,,,,,24,2021-05-02,OSP
MNL035 LP426 NP6-7-8,MNL035,LP426,NP6-7-8,MNL035 LP426,Pureza (Legarda / Lacson),MANILA,3,1,BARANGAY 521,,,14.61108,120.998707,,,,,,,24,2021-05-02,OSP
MNL035 LP427 NP1-2,MNL035,LP427,NP1-2,MNL035 LP427,Pureza (Legarda / Lacson),MANILA,3,1,BARANGAY 521,,,14.610892,120.998499,,,,,,,16,2021-05-02,OSP
MNL035 LP427 NP3-4-5,MNL035,LP427,NP3-4-5,MNL035 LP427,Pureza (Legarda / Lacson),MANILA,3,1,BARANGAY 521,,,14.611851,120.99758,,,,,,,24,2021-05-02,OSP
MNL035 LP427 NP6-7-8,MNL035,LP427,NP6-7-8,MNL035 LP427,Pureza (Legarda / Lacson),MANILA,3,1,BARANGAY 521,,,14.612544,120.996789,,,,,,,24,2021-05-02,OSP
MNL035 LP210 NP3-4-5,MNL035,LP210,NP3-4-5,MNL035 LP210,Pureza (Legarda / Lacson),MANILA,3,1,BARANGAY 521,,,14.611326,120.999027,,,,,,,24,2021-04-28,OSP
MNL002 LP360 NP1-2,MNL002,LP360,NP1-2,MNL002 LP360,Don Quintos,MANILA,3,1,BARANGAY 522,,,14.61387,120.997668,,,,,,,16,2020-03-16,OSP
MNL002 LP360 NP3-4,MNL002,LP360,NP3-4,MNL002 LP360,Don Quintos,MANILA,3,1,BARANGAY 522,,,14.613419,120.998079,,,,,,,16,2020-03-16,OSP
MNL002 LP360 NP5-6,MNL002,LP360,NP5-6,MNL002 LP360,Don Quintos,MANILA,3,1,BARANGAY 522,,,14.61295,120.99853,,,,,,,16,2020-03-16,OSP
MNL002 LP360 NP7-8,MNL002,LP360,NP7-8,MNL002 LP360,Don Quintos,MANILA,3,1,BARANGAY 522,,,14.612516,120.998349,,,,,,,16,2020-03-16,OSP
MNL002 LP361 NP1-2,MNL002,LP361,NP1-2,MNL002 LP361,Don Quintos,MANILA,3,1,BARANGAY 522,,,14.613121,120.997834,,,,,,,16,2020-03-16,OSP
MNL002 LP361 NP3-4,MNL002,LP361,NP3-4,MNL002 LP361,Don Quintos,MANILA,3,1,BARANGAY 522,,,14.613619,120.997374,,,,,,,16,2020-03-16,OSP
MNL002 LP89 NP3-4,MNL002,LP89,NP3-4,MNL002 LP89,Don Quintos,MANILA,3,1,BARANGAY 522,,,14.611717,120.999582,,,,,,,16,2018-04-17,OSP
MNL035 LP423 NP7-8,MNL035,LP423,NP7-8,MNL035 LP423,Pureza (Legarda / Lacson),MANILA,3,1,BARANGAY 522,,,14.612387,120.99893,,,,,,,16,2021-05-02,OSP
MNL035 LP424 NP1-2,MNL035,LP424,NP1-2,MNL035 LP424,Pureza (Legarda / Lacson),MANILA,3,1,BARANGAY 522,,,14.612776,120.998579,,,,,,,16,2021-05-02,OSP
MNL035 LP424 NP3-4,MNL035,LP424,NP3-4,MNL035 LP424,Pureza (Legarda / Lacson),MANILA,3,1,BARANGAY 522,,,14.613377,120.998101,,,,,,,16,2021-05-02,OSP
MNL035 LP424 NP5-6,MNL035,LP424,NP5-6,MNL035 LP424,Pureza (Legarda / Lacson),MANILA,3,1,BARANGAY 522,,,14.612927,120.998004,,,,,,,16,2021-05-02,OSP
MNL035 LP424 NP7-8,MNL035,LP424,NP7-8,MNL035 LP424,Pureza (Legarda / Lacson),MANILA,3,1,BARANGAY 522,,,14.613211,120.997732,,,,,,,16,2021-05-02,OSP
MNL002 LP134 NP1-2,MNL002,LP134,NP1-2,MNL002 LP134,Don Quintos,MANILA,3,1,BARANGAY 523,,,14.614268,120.99802,,,,,,,16,2018-07-12,OSP
MNL002 LP359 NP1-2,MNL002,LP359,NP1-2,MNL002 LP359,Don Quintos,MANILA,3,1,BARANGAY 523,,,14.612839,120.99911,,,,,,,16,2020-03-16,OSP
MNL002 LP359 NP3-4,MNL002,LP359,NP3-4,MNL002 LP359,Don Quintos,MANILA,3,1,BARANGAY 523,,,14.612069,120.999732,,,,,,,16,2020-03-16,OSP
MNL002 LP359 NP5-6,MNL002,LP359,NP5-6,MNL002 LP359,Don Quintos,MANILA,3,1,BARANGAY 523,,,14.613534,120.998422,,,,,,,16,2020-03-16,OSP
MNL002 LP359 NP7-8,MNL002,LP359,NP7-8,MNL002 LP359,Don Quintos,MANILA,3,1,BARANGAY 523,,,14.614103,120.997893,,,,,,,16,2020-03-16,OSP
MNL002 LP355 NP3-4,MNL002,LP355,NP3-4,MNL002 LP355,Don Quintos,MANILA,3,1,BARANGAY 523,,,14.61223,120.99975,,,,,,,16,2020-03-16,OSP
MNL002 LP355 NP5-6,MNL002,LP355,NP5-6,MNL002 LP355,Don Quintos,MANILA,3,1,BARANGAY 523,,,14.61306,120.999474,,,,,,,16,2020-03-16,OSP
MNL002 LP356 NP5-6,MNL002,LP356,NP5-6,MNL002 LP356,Don Quintos,MANILA,3,1,BARANGAY 523,,,14.613458,120.999397,,,,,,,16,2020-03-16,OSP
MNL002 LP90 NP3-4,MNL002,LP90,NP3-4,MNL002 LP90,Don Quintos,MANILA,3,1,BARANGAY 523,,,14.613014,120.998824,,,,,,,16,2018-04-17,OSP
MNL002 LP89 NP1-2,MNL002,LP89,NP1-2,MNL002 LP89,Don Quintos,MANILA,3,1,BARANGAY 523,,,14.611926,120.999824,,,,,,,16,2018-04-17,OSP
MNL002 LP90 NP1-2,MNL002,LP90,NP1-2,MNL002 LP90,Don Quintos,MANILA,3,1,BARANGAY 523,,,14.613261,120.999091,,,,,,,16,2018-04-17,OSP
MNL002 LP313 NP5-6,MNL002,LP313,NP5-6,MNL002 LP313,Don Quintos,MANILA,3,1,BARANGAY 523,,,14.612624,120.999584,,,,,,,16,2019-12-26,OSP
MNL002 LP313 NP7-8,MNL002,LP313,NP7-8,MNL002 LP313,Don Quintos,MANILA,3,1,BARANGAY 523,,,14.613286,120.999203,,,,,,,16,2019-12-26,OSP
MNL002 LP299 NP3-4,MNL002,LP299,NP3-4,MNL002 LP299,Don Quintos,MANILA,3,1,BARANGAY 523,,,14.613062,120.999013,,,,,,,16,2019-12-23,OSP
MNL035 LP533 NP1-2,MNL035,LP533,NP1-2,MNL035 LP533,Pureza (Legarda / Lacson),MANILA,3,1,BARANGAY 523,,,14.613072,120.99947,,,,,,,16,2023-04-30,OSP
MNL035 LP532 NP7-8,MNL035,LP532,NP7-8,MNL035 LP532,Pureza (Legarda / Lacson),MANILA,3,1,BARANGAY 523,,,14.6126,120.99962,,,,,,,16,2023-04-30,OSP
MNL035 LP422 NP1-2,MNL035,LP422,NP1-2,MNL035 LP422,Pureza (Legarda / Lacson),MANILA,3,1,BARANGAY 523,,,14.613032,120.999477,,,,,,,16,2021-05-02,OSP
MNL035 LP422 NP7-8,MNL035,LP422,NP7-8,MNL035 LP422,Pureza (Legarda / Lacson),MANILA,3,1,BARANGAY 523,,,14.614083,120.997869,,,,,,,16,2021-05-02,OSP
MNL035 LP423 NP1-2,MNL035,LP423,NP1-2,MNL035 LP423,Pureza (Legarda / Lacson),MANILA,3,1,BARANGAY 523,,,14.613594,120.998322,,,,,,,16,2021-05-02,OSP
MNL035 LP423 NP3-4,MNL035,LP423,NP3-4,MNL035 LP423,Pureza (Legarda / Lacson),MANILA,3,1,BARANGAY 523,,,14.612387,120.999442,,,,,,,16,2021-05-02,OSP
MNL035 LP423 NP5-6,MNL035,LP423,NP5-6,MNL035 LP423,Pureza (Legarda / Lacson),MANILA,3,1,BARANGAY 523,,,14.612061,120.999797,,,,,,,16,2021-05-02,OSP
MNL002 LP111 NP5-6,MNL002,LP111,NP5-6,MNL002 LP111,Don Quintos,MANILA,3,1,BARANGAY 524,,,14.612492,121.000228,,,,,,,16,2018-05-10,OSP
MNL002 LP112 NP1-2,MNL002,LP112,NP1-2,MNL002 LP112,Don Quintos,MANILA,3,1,BARANGAY 524,,,14.613893,120.99971,,,,,,,16,2018-05-10,OSP
MNL002 LP354 NP7-8,MNL002,LP354,NP7-8,MNL002 LP354,Don Quintos,MANILA,3,1,BARANGAY 524,,,14.613408,120.999935,,,,,,,16,2020-03-16,OSP
MNL002 LP355 NP1-2,MNL002,LP355,NP1-2,MNL002 LP355,Don Quintos,MANILA,3,1,BARANGAY 524,,,14.612303,121.000383,,,,,,,16,2020-03-16,OSP
MNL002 LP355 NP7-8,MNL002,LP355,NP7-8,MNL002 LP355,Don Quintos,MANILA,3,1,BARANGAY 524,,,14.613907,120.998693,,,,,,,16,2020-03-16,OSP
MNL002 LP356 NP1-2,MNL002,LP356,NP1-2,MNL002 LP356,Don Quintos,MANILA,3,1,BARANGAY 524,,,14.614635,120.998447,,,,,,,16,2020-03-16,OSP
MNL002 LP356 NP3-4,MNL002,LP356,NP3-4,MNL002 LP356,Don Quintos,MANILA,3,1,BARANGAY 524,,,14.61422,120.998835,,,,,,,16,2020-03-16,OSP
MNL002 LP356 NP7-8,MNL002,LP356,NP7-8,MNL002 LP356,Don Quintos,MANILA,3,1,BARANGAY 524,,,14.614181,120.999401,,,,,,,16,2020-03-16,OSP
MNL002 LP357 NP1-2,MNL002,LP357,NP1-2,MNL002 LP357,Don Quintos,MANILA,3,1,BARANGAY 524,,,14.614867,120.998731,,,,,,,16,2020-03-16,OSP
MNL002 LP314 NP1-2,MNL002,LP314,NP1-2,MNL002 LP314,Don Quintos,MANILA,3,1,BARANGAY 524,,,14.614136,120.998384,,,,,,,16,2019-12-26,OSP
MNL035 LP528 NP1-2,MNL035,LP528,NP1-2,MNL035 LP528,Pureza (Legarda / Lacson),MANILA,3,1,BARANGAY 524,,,14.613945,120.9997,,,,,,,16,2023-04-30,OSP
MNL035 LP528 NP3-4,MNL035,LP528,NP3-4,MNL035 LP528,Pureza (Legarda / Lacson),MANILA,3,1,BARANGAY 524,,,14.613777,120.99977,,,,,,,16,2023-04-30,OSP
MNL035 LP528 NP5-6,MNL035,LP528,NP5-6,MNL035 LP528,Pureza (Legarda / Lacson),MANILA,3,1,BARANGAY 524,,,14.613279,120.99996,,,,,,,16,2023-04-30,OSP
MNL035 LP528 NP7-8,MNL035,LP528,NP7-8,MNL035 LP528,Pureza (Legarda / Lacson),MANILA,3,1,BARANGAY 524,,,14.612968,121.00006,,,,,,,16,2023-04-30,OSP
MNL035 LP529 NP1-2,MNL035,LP529,NP1-2,MNL035 LP529,Pureza (Legarda / Lacson),MANILA,3,1,BARANGAY 524,,,14.612614,121.00021,,,,,,,16,2023-04-30,OSP
MNL035 LP529 NP3-4,MNL035,LP529,NP3-4,MNL035 LP529,Pureza (Legarda / Lacson),MANILA,3,1,BARANGAY 524,,,14.612273,121.00036,,,,,,,16,2023-04-30,OSP
MNL035 LP420 NP3-4-5,MNL035,LP420,NP3-4-5,MNL035 LP420,Pureza (Legarda / Lacson),MANILA,3,1,BARANGAY 524,,,14.612958,121.000073,,,,,,,24,2021-05-02,OSP
MNL035 LP420 NP6-7-8,MNL035,LP420,NP6-7-8,MNL035 LP420,Pureza (Legarda / Lacson),MANILA,3,1,BARANGAY 524,,,14.613556,120.999833,,,,,,,24,2021-05-02,OSP
MNL035 LP421 NP1-2,MNL035,LP421,NP1-2,MNL035 LP421,Pureza (Legarda / Lacson),MANILA,3,1,BARANGAY 524,,,14.613964,120.999587,,,,,,,16,2021-05-02,OSP
MNL035 LP421 NP3-4-5,MNL035,LP421,NP3-4-5,MNL035 LP421,Pureza (Legarda / Lacson),MANILA,3,1,BARANGAY 524,,,14.61435,120.998593,,,,,,,24,2021-05-02,OSP
MNL035 LP421 NP6-7-8,MNL035,LP421,NP6-7-8,MNL035 LP421,Pureza (Legarda / Lacson),MANILA,3,1,BARANGAY 524,,,14.614008,120.998929,,,,,,,24,2021-05-02,OSP
MNL035 LP422 NP3-4,MNL035,LP422,NP3-4,MNL035 LP422,Pureza (Legarda / Lacson),MANILA,3,1,BARANGAY 524,,,14.61332,120.999192,,,,,,,16,2021-05-02,OSP
MNL035 LP422 NP5-6,MNL035,LP422,NP5-6,MNL035 LP422,Pureza (Legarda / Lacson),MANILA,3,1,BARANGAY 524,,,14.614145,120.998384,,,,,,,16,2021-05-02,OSP
MNL002 LP109 NP5-6,MNL002,LP109,NP5-6,MNL002 LP109,Don Quintos,MANILA,3,1,BARANGAY 525,,,14.612879,121.000954,,,,,,,16,2020-08-05,OSP
MNL002 LP111 NP7-8,MNL002,LP111,NP7-8,MNL002 LP111,Don Quintos,MANILA,3,1,BARANGAY 525,,,14.612398,121.000673,,,,,,,16,2020-08-05,OSP
MNL002 LP112 NP7-8,MNL002,LP112,NP7-8,MNL002 LP112,Don Quintos,MANILA,3,1,BARANGAY 525,,,14.613754,121.000455,,,,,,,16,2020-08-05,OSP
MNL002 LP113 NP1-2,MNL002,LP113,NP1-2,MNL002 LP113,Don Quintos,MANILA,3,1,BARANGAY 525,,,14.61394,121.000773,,,,,,,16,2018-05-10,OSP
MNL002 LP113 NP3-4,MNL002,LP113,NP3-4,MNL002 LP113,Don Quintos,MANILA,3,1,BARANGAY 525,,,14.613424,121.000801,,,,,,,16,2018-05-10,OSP
MNL002 LP358 NP5-6,MNL002,LP358,NP5-6,MNL002 LP358,Don Quintos,MANILA,3,1,BARANGAY 525,,,14.613764,121.000416,,,,,,,16,2020-08-27,OSP
MNL002 LP358 NP7-8,MNL002,LP358,NP7-8,MNL002 LP358,Don Quintos,MANILA,3,1,BARANGAY 525,,,14.613649,121.001121,,,,,,,16,2020-08-27,OSP
MNL002 LP354 NP3-4,MNL002,LP354,NP3-4,MNL002 LP354,Don Quintos,MANILA,3,1,BARANGAY 525,,,14.612915,121.000506,,,,,,,16,2020-03-16,OSP
MNL002 LP354 NP5-6,MNL002,LP354,NP5-6,MNL002 LP354,Don Quintos,MANILA,3,1,BARANGAY 525,,,14.613405,121.000207,,,,,,,16,2020-03-16,OSP
MNL002 LP358 NP3-4,MNL002,LP358,NP3-4,MNL002 LP358,Don Quintos,MANILA,3,1,BARANGAY 525,,,14.614199,121.000538,,,,,,,16,2020-08-27,OSP
MNL002 LP350 NP1-2,MNL002,LP350,NP1-2,MNL002 LP350,Don Quintos,MANILA,3,1,BARANGAY 525,,,14.613353,121.00091,,,,,,,16,2020-03-16,OSP
MNL002 LP350 NP3-4,MNL002,LP350,NP3-4,MNL002 LP350,Don Quintos,MANILA,3,1,BARANGAY 525,,,14.612591,121.00107,,,,,,,16,2020-03-16,OSP
MNL002 LP354 NP1-2,MNL002,LP354,NP1-2,MNL002 LP354,Don Quintos,MANILA,3,1,BARANGAY 525,,,14.613658,121.000798,,,,,,,16,2020-03-16,OSP
MNL002 LP349 NP7-8,MNL002,LP349,NP7-8,MNL002 LP349,Don Quintos,MANILA,3,1,BARANGAY 525,,,14.614555,121.000937,,,,,,,16,2020-08-27,OSP
MNL035 LP525 NP5-6,MNL035,LP525,NP5-6,MNL035 LP525,Pureza (Legarda / Lacson),MANILA,3,1,BARANGAY 525,,,14.613989,121.00061,,,,,,,16,2023-04-30,OSP
MNL035 LP525 NP7-8,MNL035,LP525,NP7-8,MNL035 LP525,Pureza (Legarda / Lacson),MANILA,3,1,BARANGAY 525,,,14.613549,121.00049,,,,,,,16,2023-04-30,OSP
MNL035 LP526 NP1-2,MNL035,LP526,NP1-2,MNL035 LP526,Pureza (Legarda / Lacson),MANILA,3,1,BARANGAY 525,,,14.613766,121.0004,,,,,,,16,2023-04-30,OSP
MNL035 LP526 NP3-4,MNL035,LP526,NP3-4,MNL035 LP526,Pureza (Legarda / Lacson),MANILA,3,1,BARANGAY 525,,,14.614112,121.00024,,,,,,,16,2023-04-30,OSP
MNL035 LP527 NP1-2,MNL035,LP527,NP1-2,MNL035 LP527,Pureza (Legarda / Lacson),MANILA,3,1,BARANGAY 525,,,14.614055,120.99995,,,,,,,16,2023-04-30,OSP
MNL035 LP527 NP3-4,MNL035,LP527,NP3-4,MNL035 LP527,Pureza (Legarda / Lacson),MANILA,3,1,BARANGAY 525,,,14.613641,121.00009,,,,,,,16,2023-04-30,OSP
MNL035 LP527 NP5-6,MNL035,LP527,NP5-6,MNL035 LP527,Pureza (Legarda / Lacson),MANILA,3,1,BARANGAY 525,,,14.613351,121.00022,,,,,,,16,2023-04-30,OSP
MNL035 LP527 NP7-8,MNL035,LP527,NP7-8,MNL035 LP527,Pureza (Legarda / Lacson),MANILA,3,1,BARANGAY 525,,,14.613056,121.00033,,,,,,,16,2023-04-30,OSP
MNL035 LP521 NP3-4,MNL035,LP521,NP3-4,MNL035 LP521,Pureza (Legarda / Lacson),MANILA,3,1,BARANGAY 525,,,14.612978,121.00092,,,,,,,16,2023-04-30,OSP
MNL035 LP521 NP5-6,MNL035,LP521,NP5-6,MNL035 LP521,Pureza (Legarda / Lacson),MANILA,3,1,BARANGAY 525,,,14.613167,121.00093,,,,,,,16,2023-04-30,OSP
MNL035 LP521 NP7-8,MNL035,LP521,NP7-8,MNL035 LP521,Pureza (Legarda / Lacson),MANILA,3,1,BARANGAY 525,,,14.613377,121.00088,,,,,,,16,2023-04-30,OSP
MNL035 LP524 NP3-4,MNL035,LP524,NP3-4,MNL035 LP524,Pureza (Legarda / Lacson),MANILA,3,1,BARANGAY 525,,,14.612366,121.00069,,,,,,,16,2023-04-30,OSP
MNL035 LP524 NP5-6,MNL035,LP524,NP5-6,MNL035 LP524,Pureza (Legarda / Lacson),MANILA,3,1,BARANGAY 525,,,14.612627,121.00056,,,,,,,16,2023-04-30,OSP
MNL035 LP524 NP7-8,MNL035,LP524,NP7-8,MNL035 LP524,Pureza (Legarda / Lacson),MANILA,3,1,BARANGAY 525,,,14.613047,121.0006,,,,,,,16,2023-04-30,OSP
MNL035 LP525 NP1-2,MNL035,LP525,NP1-2,MNL035 LP525,Pureza (Legarda / Lacson),MANILA,3,1,BARANGAY 525,,,14.613243,121.00062,,,,,,,16,2023-04-30,OSP
MNL035 LP525 NP3-4,MNL035,LP525,NP3-4,MNL035 LP525,Pureza (Legarda / Lacson),MANILA,3,1,BARANGAY 525,,,14.61371,121.00078,,,,,,,16,2023-04-30,OSP
MNL035 LP521 NP1-2,MNL035,LP521,NP1-2,MNL035 LP521,Pureza (Legarda / Lacson),MANILA,3,1,BARANGAY 525,,,14.612668,121.00099,,,,,,,16,2023-04-30,OSP
MNL035 LP207 NP7-8,MNL035,LP207,NP7-8,MNL035 LP207,Pureza (Legarda / Lacson),MANILA,3,1,BARANGAY 525,,,14.612981,121.000944,,,,,,,16,2021-04-28,OSP
MNL035 LP416 NP7-8,MNL035,LP416,NP7-8,MNL035 LP416,Pureza (Legarda / Lacson),MANILA,3,1,BARANGAY 525,,,14.614264,121.001303,,,,,,,16,2021-05-02,OSP
MNL035 LP417 NP1-2,MNL035,LP417,NP1-2,MNL035 LP417,Pureza (Legarda / Lacson),MANILA,3,1,BARANGAY 525,,,14.614556,121.001277,,,,,,,16,2021-05-02,OSP
MNL035 LP417 NP3-4,MNL035,LP417,NP3-4,MNL035 LP417,Pureza (Legarda / Lacson),MANILA,3,1,BARANGAY 525,,,14.614192,121.000866,,,,,,,16,2021-05-02,OSP
MNL035 LP417 NP5-6,MNL035,LP417,NP5-6,MNL035 LP417,Pureza (Legarda / Lacson),MANILA,3,1,BARANGAY 525,,,14.613869,121.000699,,,,,,,16,2021-05-02,OSP
MNL035 LP417 NP7-8,MNL035,LP417,NP7-8,MNL035 LP417,Pureza (Legarda / Lacson),MANILA,3,1,BARANGAY 525,,,14.614117,121.000354,,,,,,,16,2021-05-02,OSP
MNL035 LP418 NP3-4-5,MNL035,LP418,NP3-4-5,MNL035 LP418,Pureza (Legarda / Lacson),MANILA,3,1,BARANGAY 525,,,14.613418,121.000545,,,,,,,24,2021-05-02,OSP
MNL035 LP419 NP6-7-8,MNL035,LP419,NP6-7-8,MNL035 LP419,Pureza (Legarda / Lacson),MANILA,3,1,BARANGAY 525,,,14.613806,121.000034,,,,,,,24,2021-05-02,OSP
MNL035 LP420 NP1-2,MNL035,LP420,NP1-2,MNL035 LP420,Pureza (Legarda / Lacson),MANILA,3,1,BARANGAY 525,,,14.613009,121.000399,,,,,,,16,2021-05-02,OSP
MNL002 LP112 NP3-4,MNL002,LP112,NP3-4,MNL002 LP112,Don Quintos,MANILA,3,1,BARANGAY 526,,,14.614134,120.999876,,,,,,,16,2018-05-10,OSP
MNL002 LP112 NP5-6,MNL002,LP112,NP5-6,MNL002 LP112,Don Quintos,MANILA,3,1,BARANGAY 526,,,14.614238,121.000189,,,,,,,16,2018-05-10,OSP
MNL002 LP357 NP3-4,MNL002,LP357,NP3-4,MNL002 LP357,Don Quintos,MANILA,3,1,BARANGAY 526,,,14.615023,120.998932,,,,,,,16,2020-03-16,OSP
MNL002 LP357 NP5-6,MNL002,LP357,NP5-6,MNL002 LP357,Don Quintos,MANILA,3,1,BARANGAY 526,,,14.614583,120.999479,,,,,,,16,2020-03-16,OSP
MNL002 LP357 NP7-8,MNL002,LP357,NP7-8,MNL002 LP357,Don Quintos,MANILA,3,1,BARANGAY 526,,,14.614408,120.999953,,,,,,,16,2020-03-16,OSP
MNL002 LP358 NP1-2,MNL002,LP358,NP1-2,MNL002 LP358,Don Quintos,MANILA,3,1,BARANGAY 526,,,14.615022,120.999397,,,,,,,16,2020-03-16,OSP
MNL002 LP349 NP5-6,MNL002,LP349,NP5-6,MNL002 LP349,Don Quintos,MANILA,3,1,BARANGAY 526,,,14.614647,121.000328,,,,,,,16,2020-08-27,OSP
MNL035 LP526 NP5-6,MNL035,LP526,NP5-6,MNL035 LP526,Pureza (Legarda / Lacson),MANILA,3,1,BARANGAY 526,,,14.614232,121.00017,,,,,,,16,2023-04-30,OSP
MNL035 LP526 NP7-8,MNL035,LP526,NP7-8,MNL035 LP526,Pureza (Legarda / Lacson),MANILA,3,1,BARANGAY 526,,,14.614159,120.99984,,,,,,,16,2023-04-30,OSP
MNL035 LP418 NP1-2,MNL035,LP418,NP1-2,MNL035 LP418,Pureza (Legarda / Lacson),MANILA,3,1,BARANGAY 526,,,14.614276,121.000164,,,,,,,16,2021-05-02,OSP
MNL035 LP418 NP6-7-8,MNL035,LP418,NP6-7-8,MNL035 LP418,Pureza (Legarda / Lacson),MANILA,3,1,BARANGAY 526,,,14.6147,120.999753,,,,,,,24,2021-05-02,OSP
MNL035 LP419 NP1-2,MNL035,LP419,NP1-2,MNL035 LP419,Pureza (Legarda / Lacson),MANILA,3,1,BARANGAY 526,,,14.614956,120.999065,,,,,,,16,2021-05-02,OSP
MNL035 LP419 NP3-4-5,MNL035,LP419,NP3-4-5,MNL035 LP419,Pureza (Legarda / Lacson),MANILA,3,1,BARANGAY 526,,,14.614167,120.999796,,,,,,,24,2021-05-02,OSP
MNL002 LP105 NP7-8,MNL002,LP105,NP7-8,MNL002 LP105,Don Quintos,MANILA,3,1,BARANGAY 527,,,14.614532,121.002797,,,,,,,16,2020-08-05,OSP
MNL002 LP106 NP7-8,MNL002,LP106,NP7-8,MNL002 LP106,Don Quintos,MANILA,3,1,BARANGAY 527,,,14.614338,121.002414,,,,,,,16,2018-05-10,OSP
MNL002 LP101 NP1-2,MNL002,LP101,NP1-2,MNL002 LP101,Don Quintos,MANILA,3,1,BARANGAY 527,,,14.613635,121.002864,,,,,,,16,2018-05-10,OSP
MNL002 LP101 NP3-4,MNL002,LP101,NP3-4,MNL002 LP101,Don Quintos,MANILA,3,1,BARANGAY 527,,,14.613484,121.002556,,,,,,,16,2018-05-10,OSP
MNL002 LP101 NP5-6,MNL002,LP101,NP5-6,MNL002 LP101,Don Quintos,MANILA,3,1,BARANGAY 527,,,14.613392,121.002247,,,,,,,16,2018-05-10,OSP
MNL002 LP101 NP7-8,MNL002,LP101,NP7-8,MNL002 LP101,Don Quintos,MANILA,3,1,BARANGAY 527,,,14.613323,121.001778,,,,,,,16,2018-05-10,OSP
MNL002 LP352 NP1-2,MNL002,LP352,NP1-2,MNL002 LP352,Don Quintos,MANILA,3,1,BARANGAY 527,,,14.6133,121.002056,,,,,,,16,2020-03-16,OSP
MNL002 LP347 NP5-6,MNL002,LP347,NP5-6,MNL002 LP347,Don Quintos,MANILA,3,1,BARANGAY 527,,,14.61428,121.002636,,,,,,,16,2020-03-16,OSP
MNL002 LP347 NP7-8,MNL002,LP347,NP7-8,MNL002 LP347,Don Quintos,MANILA,3,1,BARANGAY 527,,,14.614475,121.002363,,,,,,,16,2020-03-16,OSP
MNL035 LP518 NP5-6,MNL035,LP518,NP5-6,MNL035 LP518,Pureza (Legarda / Lacson),MANILA,3,1,BARANGAY 527,,,14.613333,121.00207,,,,,,,16,2023-04-30,OSP
MNL035 LP518 NP7-8,MNL035,LP518,NP7-8,MNL035 LP518,Pureza (Legarda / Lacson),MANILA,3,1,BARANGAY 527,,,14.613301,121.00182,,,,,,,16,2023-04-30,OSP
MNL035 LP202 NP1-2,MNL035,LP202,NP1-2,MNL035 LP202,Pureza (Legarda / Lacson),MANILA,3,1,BARANGAY 527,,,14.613481,121.002611,,,,,,,16,2021-04-28,OSP
MNL035 LP204 NP6-7-8,MNL035,LP204,NP6-7-8,MNL035 LP204,Pureza (Legarda / Lacson),MANILA,3,1,BARANGAY 527,,,14.613346,121.002285,,,,,,,24,2021-04-28,OSP
MNL035 LP415 NP3-4,MNL035,LP415,NP3-4,MNL035 LP415,Pureza (Legarda / Lacson),MANILA,3,1,BARANGAY 527,,,14.613665,121.001758,,,,,,,16,2021-05-02,OSP
MNL035 LP415 NP5-6,MNL035,LP415,NP5-6,MNL035 LP415,Pureza (Legarda / Lacson),MANILA,3,1,BARANGAY 527,,,14.614271,121.001971,,,,,,,16,2021-05-02,OSP
MNL035 LP494 NP3-4,MNL035,LP494,NP3-4,MNL035 LP494,Pureza (Legarda / Lacson),MANILA,3,1,BARANGAY 527,,,14.614223,121.00333,,,,,,,16,2023-04-30,OSP
MNL035 LP493 NP1-2,MNL035,LP493,NP1-2,MNL035 LP493,Pureza (Legarda / Lacson),MANILA,3,1,BARANGAY 527,,,14.613889,121.00301,,,,,,,16,2023-04-30,OSP
MNL035 LP493 NP3-4,MNL035,LP493,NP3-4,MNL035 LP493,Pureza (Legarda / Lacson),MANILA,3,1,BARANGAY 527,,,14.613889,121.00301,,,,,,,16,2023-04-30,OSP
MNL035 LP493 NP5-6,MNL035,LP493,NP5-6,MNL035 LP493,Pureza (Legarda / Lacson),MANILA,3,1,BARANGAY 527,,,14.614122,121.00327,,,,,,,16,2023-04-30,OSP
MNL035 LP493 NP7-8,MNL035,LP493,NP7-8,MNL035 LP493,Pureza (Legarda / Lacson),MANILA,3,1,BARANGAY 527,,,14.614122,121.00327,,,,,,,16,2023-04-30,OSP
MNL035 LP494 NP1-2,MNL035,LP494,NP1-2,MNL035 LP494,Pureza (Legarda / Lacson),MANILA,3,1,BARANGAY 527,,,14.614223,121.00333,,,,,,,16,2023-04-30,OSP
MNL035 LP414 NP1-2,MNL035,LP414,NP1-2,MNL035 LP414,Pureza (Legarda / Lacson),MANILA,3,1,BARANGAY 527,,,14.613487,121.002604,,,,,,,16,2021-05-02,OSP
MNL035 LP414 NP3-4,MNL035,LP414,NP3-4,MNL035 LP414,Pureza (Legarda / Lacson),MANILA,3,1,BARANGAY 527,,,14.613336,121.002074,,,,,,,16,2021-05-02,OSP
MNL035 LP414 NP5-6,MNL035,LP414,NP5-6,MNL035 LP414,Pureza (Legarda / Lacson),MANILA,3,1,BARANGAY 527,,,14.613648,121.002113,,,,,,,16,2021-05-02,OSP
MNL035 LP414 NP7-8,MNL035,LP414,NP7-8,MNL035 LP414,Pureza (Legarda / Lacson),MANILA,3,1,BARANGAY 527,,,14.614222,121.002335,,,,,,,16,2021-05-02,OSP
MNL035 LP415 NP1-2,MNL035,LP415,NP1-2,MNL035 LP415,Pureza (Legarda / Lacson),MANILA,3,1,BARANGAY 527,,,14.613316,121.001764,,,,,,,16,2021-05-02,OSP
MNL035 LP12 NP5-6,MNL035,LP12,NP5-6,MNL035 LP12,Pureza (Legarda / Lacson),MANILA,3,1,BARANGAY 527,,,14.614067,121.002823,,,,,,,16,2021-04-28,OSP
MNL035 LP12 NP7-8,MNL035,LP12,NP7-8,MNL035 LP12,Pureza (Legarda / Lacson),MANILA,3,1,BARANGAY 527,,,14.614425,121.002416,,,,,,,16,2021-04-28,OSP
MNL035 LP511 NP1-2,MNL035,LP511,NP1-2,MNL035 LP511,Pureza (Legarda / Lacson),MANILA,3,1,BARANGAY 527,,,14.614471,121.0023,,,,,,,16,2023-04-30,OSP
MNL035 LP511 NP3-4,MNL035,LP511,NP3-4,MNL035 LP511,Pureza (Legarda / Lacson),MANILA,3,1,BARANGAY 527,,,14.614733,121.0025,,,,,,,16,2023-04-30,OSP
MNL035 LP511 NP5-6,MNL035,LP511,NP5-6,MNL035 LP511,Pureza (Legarda / Lacson),MANILA,3,1,BARANGAY 527,,,14.614377,121.00243,,,,,,,16,2023-04-30,OSP
MNL035 LP511 NP7-8,MNL035,LP511,NP7-8,MNL035 LP511,Pureza (Legarda / Lacson),MANILA,3,1,BARANGAY 527,,,14.614247,121.00263,,,,,,,16,2023-04-30,OSP
MNL035 LP512 NP1-2,MNL035,LP512,NP1-2,MNL035 LP512,Pureza (Legarda / Lacson),MANILA,3,1,BARANGAY 527,,,14.61453,121.0028,,,,,,,16,2023-04-30,OSP
MNL035 LP515 NP1-2,MNL035,LP515,NP1-2,MNL035 LP515,Pureza (Legarda / Lacson),MANILA,3,1,BARANGAY 527,,,14.61348,121.0026,,,,,,,16,2023-04-30,OSP
MNL035 LP515 NP3-4,MNL035,LP515,NP3-4,MNL035 LP515,Pureza (Legarda / Lacson),MANILA,3,1,BARANGAY 527,,,14.613391,121.0023,,,,,,,16,2023-04-30,OSP
MNL002 LP107 NP1-2,MNL002,LP107,NP1-2,MNL002 LP107,Don Quintos,MANILA,3,1,BARANGAY 528,,,14.614781,121.000691,,,,,,,16,2018-05-10,OSP
MNL002 LP107 NP3-4,MNL002,LP107,NP3-4,MNL002 LP107,Don Quintos,MANILA,3,1,BARANGAY 528,,,14.614838,121.000404,,,,,,,16,2018-05-10,OSP
MNL002 LP107 NP5-6,MNL002,LP107,NP5-6,MNL002 LP107,Don Quintos,MANILA,3,1,BARANGAY 528,,,14.614928,121.000076,,,,,,,16,2018-05-10,OSP
MNL002 LP107 NP7-8,MNL002,LP107,NP7-8,MNL002 LP107,Don Quintos,MANILA,3,1,BARANGAY 528,,,14.615017,120.999743,,,,,,,16,2018-05-10,OSP
MNL002 LP348 NP5-6,MNL002,LP348,NP5-6,MNL002 LP348,Don Quintos,MANILA,3,1,BARANGAY 528,,,14.614787,121.001322,,,,,,,16,2020-03-16,OSP
MNL002 LP348 NP7-8,MNL002,LP348,NP7-8,MNL002 LP348,Don Quintos,MANILA,3,1,BARANGAY 528,,,14.614803,121.001098,,,,,,,16,2020-03-16,OSP
MNL002 LP349 NP1-2,MNL002,LP349,NP1-2,MNL002 LP349,Don Quintos,MANILA,3,1,BARANGAY 528,,,14.614844,121.000761,,,,,,,16,2020-03-16,OSP
MNL002 LP349 NP3-4,MNL002,LP349,NP3-4,MNL002 LP349,Don Quintos,MANILA,3,1,BARANGAY 528,,,14.614915,121.000368,,,,,,,16,2020-03-16,OSP
MNL035 LP505 NP5-6,MNL035,LP505,NP5-6,MNL035 LP505,Pureza (Legarda / Lacson),MANILA,3,1,BARANGAY 528,,,14.614756,121.00071,,,,,,,16,2023-04-30,OSP
MNL035 LP506 NP5-6,MNL035,LP506,NP5-6,MNL035 LP506,Pureza (Legarda / Lacson),MANILA,3,1,BARANGAY 528,,,14.614984,121.001329,,,,,,,16,2023-04-30,OSP
MNL035 LP507 NP1-2,MNL035,LP507,NP1-2,MNL035 LP507,Pureza (Legarda / Lacson),MANILA,3,1,BARANGAY 528,,,14.614736,121.00133,,,,,,,16,2023-04-30,OSP
MNL035 LP507 NP3-4,MNL035,LP507,NP3-4,MNL035 LP507,Pureza (Legarda / Lacson),MANILA,3,1,BARANGAY 528,,,14.614744,121.00109,,,,,,,16,2023-04-30,OSP
MNL035 LP507 NP5-6,MNL035,LP507,NP5-6,MNL035 LP507,Pureza (Legarda / Lacson),MANILA,3,1,BARANGAY 528,,,14.614888,121.00106,,,,,,,16,2023-04-30,OSP
MNL035 LP507 NP7-8,MNL035,LP507,NP7-8,MNL035 LP507,Pureza (Legarda / Lacson),MANILA,3,1,BARANGAY 528,,,14.615223,121.00121,,,,,,,16,2023-04-30,OSP
MNL035 LP508 NP1-2,MNL035,LP508,NP1-2,MNL035 LP508,Pureza (Legarda / Lacson),MANILA,3,1,BARANGAY 528,,,14.614786,121.00074,,,,,,,16,2023-04-30,OSP
MNL035 LP508 NP3-4,MNL035,LP508,NP3-4,MNL035 LP508,Pureza (Legarda / Lacson),MANILA,3,1,BARANGAY 528,,,14.615425,121.00093,,,,,,,16,2023-04-30,OSP
MNL035 LP508 NP5-6,MNL035,LP508,NP5-6,MNL035 LP508,Pureza (Legarda / Lacson),MANILA,3,1,BARANGAY 528,,,14.614871,121.00035,,,,,,,16,2023-04-30,OSP
MNL035 LP508 NP7-8,MNL035,LP508,NP7-8,MNL035 LP508,Pureza (Legarda / Lacson),MANILA,3,1,BARANGAY 528,,,14.615246,121.00055,,,,,,,16,2023-04-30,OSP
MNL035 LP509 NP1-2,MNL035,LP509,NP1-2,MNL035 LP509,Pureza (Legarda / Lacson),MANILA,3,1,BARANGAY 528,,,14.614974,121.00003,,,,,,,16,2023-04-30,OSP
MNL035 LP509 NP3-4,MNL035,LP509,NP3-4,MNL035 LP509,Pureza (Legarda / Lacson),MANILA,3,1,BARANGAY 528,,,14.615311,121.00025,,,,,,,16,2023-04-30,OSP
MNL035 LP14 NP1-2,MNL035,LP14,NP1-2,MNL035 LP14,Pureza (Legarda / Lacson),MANILA,3,1,BARANGAY 528,,,14.614859,121.000364,,,,,,,16,2021-04-28,OSP
MNL035 LP14 NP3-4,MNL035,LP14,NP3-4,MNL035 LP14,Pureza (Legarda / Lacson),MANILA,3,1,BARANGAY 528,,,14.614974,121.000094,,,,,,,16,2021-04-28,OSP
MNL035 LP14 NP5-6,MNL035,LP14,NP5-6,MNL035 LP14,Pureza (Legarda / Lacson),MANILA,3,1,BARANGAY 528,,,14.61513,120.999725,,,,,,,16,2021-04-28,OSP
MNL035 LP14 NP7-8,MNL035,LP14,NP7-8,MNL035 LP14,Pureza (Legarda / Lacson),MANILA,3,1,BARANGAY 528,,,14.615443,120.99928,,,,,,,16,2021-04-28,OSP
MNL035 LP13 NP5-6,MNL035,LP13,NP5-6,MNL035 LP13,Pureza (Legarda / Lacson),MANILA,3,1,BARANGAY 528,,,14.614776,121.001097,,,,,,,16,2021-04-28,OSP
MNL035 LP13 NP7-8,MNL035,LP13,NP7-8,MNL035 LP13,Pureza (Legarda / Lacson),MANILA,3,1,BARANGAY 528,,,14.614798,121.000758,,,,,,,16,2021-04-28,OSP
MNL035 LP509 NP5-6,MNL035,LP509,NP5-6,MNL035 LP509,Pureza (Legarda / Lacson),MANILA,3,1,BARANGAY 528,,,14.615069,120.999786,,,,,,,16,2023-04-30,OSP
MNL035 LP509 NP7-8,MNL035,LP509,NP7-8,MNL035 LP509,Pureza (Legarda / Lacson),MANILA,3,1,BARANGAY 528,,,14.615566,120.99995,,,,,,,16,2023-04-30,OSP
MNL035 LP51 NP3-4-5,MNL035,LP51,NP3-4-5,MNL035 LP51,Pureza (Legarda / Lacson),MANILA,3,1,BARANGAY 528,,,14.615137,121.001317,,,,,,,24,2021-04-28,OSP
MNL002 LP106 NP1-2,MNL002,LP106,NP1-2,MNL002 LP106,Don Quintos,MANILA,3,1,BARANGAY 529,,,14.614686,121.001452,,,,,,,16,2018-05-10,OSP
MNL002 LP106 NP3-4,MNL002,LP106,NP3-4,MNL002 LP106,Don Quintos,MANILA,3,1,BARANGAY 529,,,14.614608,121.001798,,,,,,,16,2018-05-10,OSP
MNL002 LP106 NP5-6,MNL002,LP106,NP5-6,MNL002 LP106,Don Quintos,MANILA,3,1,BARANGAY 529,,,14.614528,121.002112,,,,,,,16,2018-05-10,OSP
MNL002 LP109 NP7-8,MNL002,LP109,NP7-8,MNL002 LP109,Don Quintos,MANILA,3,1,BARANGAY 529,,,14.613374,121.001277,,,,,,,16,2020-08-05,OSP
MNL002 LP113 NP5-6,MNL002,LP113,NP5-6,MNL002 LP113,Don Quintos,MANILA,3,1,BARANGAY 529,,,14.613341,121.001431,,,,,,,16,2018-05-10,OSP
MNL002 LP113 NP7-8,MNL002,LP113,NP7-8,MNL002 LP113,Don Quintos,MANILA,3,1,BARANGAY 529,,,14.61401,121.001576,,,,,,,16,2020-08-05,OSP
MNL002 LP348 NP1-2,MNL002,LP348,NP1-2,MNL002 LP348,Don Quintos,MANILA,3,1,BARANGAY 529,,,14.614617,121.002084,,,,,,,16,2020-03-16,OSP
MNL002 LP348 NP3-4,MNL002,LP348,NP3-4,MNL002 LP348,Don Quintos,MANILA,3,1,BARANGAY 529,,,14.614687,121.001828,,,,,,,16,2020-03-16,OSP
MNL035 LP520 NP3-4,MNL035,LP520,NP3-4,MNL035 LP520,Pureza (Legarda / Lacson),MANILA,3,1,BARANGAY 529,,,14.613359,121.0014,,,,,,,16,2023-04-30,OSP
MNL035 LP415 NP7-8,MNL035,LP415,NP7-8,MNL035 LP415,Pureza (Legarda / Lacson),MANILA,3,1,BARANGAY 529,,,14.61335,121.001492,,,,,,,16,2021-05-02,OSP
MNL035 LP416 NP1-2,MNL035,LP416,NP1-2,MNL035 LP416,Pureza (Legarda / Lacson),MANILA,3,1,BARANGAY 529,,,14.613398,121.001215,,,,,,,16,2021-05-02,OSP
MNL035 LP416 NP3-4,MNL035,LP416,NP3-4,MNL035 LP416,Pureza (Legarda / Lacson),MANILA,3,1,BARANGAY 529,,,14.613928,121.001529,,,,,,,16,2021-05-02,OSP
MNL035 LP416 NP5-6,MNL035,LP416,NP5-6,MNL035 LP416,Pureza (Legarda / Lacson),MANILA,3,1,BARANGAY 529,,,14.614286,121.001652,,,,,,,16,2021-05-02,OSP
MNL035 LP506 NP7-8,MNL035,LP506,NP7-8,MNL035 LP506,Pureza (Legarda / Lacson),MANILA,3,1,BARANGAY 529,,,14.614969,121.00167,,,,,,,16,2023-04-30,OSP
MNL035 LP13 NP1-2,MNL035,LP13,NP1-2,MNL035 LP13,Pureza (Legarda / Lacson),MANILA,3,1,BARANGAY 529,,,14.614576,121.002069,,,,,,,16,2021-04-28,OSP
MNL035 LP13 NP3-4,MNL035,LP13,NP3-4,MNL035 LP13,Pureza (Legarda / Lacson),MANILA,3,1,BARANGAY 529,,,14.614688,121.001811,,,,,,,16,2021-04-28,OSP
MNL035 LP510 NP1-2,MNL035,LP510,NP1-2,MNL035 LP510,Pureza (Legarda / Lacson),MANILA,3,1,BARANGAY 529,,,14.614664,121.00172,,,,,,,16,2023-04-30,OSP
MNL035 LP510 NP3-4,MNL035,LP510,NP3-4,MNL035 LP510,Pureza (Legarda / Lacson),MANILA,3,1,BARANGAY 529,,,14.615052,121.00195,,,,,,,16,2023-04-30,OSP
MNL035 LP510 NP5-6,MNL035,LP510,NP5-6,MNL035 LP510,Pureza (Legarda / Lacson),MANILA,3,1,BARANGAY 529,,,14.614551,121.00206,,,,,,,16,2023-04-30,OSP
MNL003 LP295 NP7-8,MNL003,LP295,NP7-8,MNL003 LP295,City Square,MANILA,3,1,BARANGAY 53,,,14.614906,120.97341,,,,,,,16,2019-03-29,OSP
MNL003 LP297 NP5-6,MNL003,LP297,NP5-6,MNL003 LP297,City Square,MANILA,3,1,BARANGAY 53,,,14.614872,120.971946,,,,,,,16,2019-03-29,OSP
MNL003 LP25 NP4,MNL003,LP25,NP4,MNL003 LP25,City Square,MANILA,3,1,BARANGAY 53,,,14.614529,120.973305,,,,,,,8,2017-11-27,OSP
MNL036 LP51 NP5-6,MNL036,LP51,NP5-6,MNL036 LP51,Juan Luna/ Solis,MANILA,3,1,BARANGAY 53,,,14.615837,120.972181,,,,,,,16,2020-08-30,OSP
MNL036 LP51 NP7-8,MNL036,LP51,NP7-8,MNL036 LP51,Juan Luna/ Solis,MANILA,3,1,BARANGAY 53,,,14.615709,120.972879,,,,,,,16,2020-08-30,OSP
MNL036 LP52 NP1-2,MNL036,LP52,NP1-2,MNL036 LP52,Juan Luna/ Solis,MANILA,3,1,BARANGAY 53,,,14.615556,120.973576,,,,,,,16,2020-08-30,OSP
MNL036 LP52 NP3-4,MNL036,LP52,NP3-4,MNL036 LP52,Juan Luna/ Solis,MANILA,3,1,BARANGAY 53,,,14.61549,120.972408,,,,,,,16,2020-08-30,OSP
MNL036 LP52 NP5-6,MNL036,LP52,NP5-6,MNL036 LP52,Juan Luna/ Solis,MANILA,3,1,BARANGAY 53,,,14.61522,120.972037,,,,,,,16,2020-08-30,OSP
MNL036 LP52 NP7-8,MNL036,LP52,NP7-8,MNL036 LP52,Juan Luna/ Solis,MANILA,3,1,BARANGAY 53,,,14.614964,120.972967,,,,,,,16,2020-08-30,OSP
MNL036 LP53 NP1-2,MNL036,LP53,NP1-2,MNL036 LP53,Juan Luna/ Solis,MANILA,3,1,BARANGAY 53,,,14.614893,120.973467,,,,,,,16,2020-08-30,OSP
MNL036 LP53 NP3-4,MNL036,LP53,NP3-4,MNL036 LP53,Juan Luna/ Solis,MANILA,3,1,BARANGAY 53,,,14.614675,120.972929,,,,,,,16,2020-08-30,OSP
MNL045 LP480 NP6-8,MNL045,LP480,NP6-8,MNL045 LP480,Radial Road 10,MANILA,3,1,BARANGAY 53,,,14.61528769,120.9735099,,,,,,,24,2022-03-10,OSP
MNL045 LP481 NP1-2,MNL045,LP481,NP1-2,MNL045 LP481,Radial Road 10,MANILA,3,1,BARANGAY 53,,,14.61495296,120.9732459,,,,,,,16,2022-03-10,OSP
MNL045 LP481 NP3-5,MNL045,LP481,NP3-5,MNL045 LP481,Radial Road 10,MANILA,3,1,BARANGAY 53,,,14.6149951,120.9730046,,,,,,,24,2022-03-10,OSP
MNL045 LP481 NP6-8,MNL045,LP481,NP6-8,MNL045 LP481,Radial Road 10,MANILA,3,1,BARANGAY 53,,,14.61512203,120.9723584,,,,,,,24,2022-03-10,OSP
MNL045 LP482 NP1-2,MNL045,LP482,NP1-2,MNL045 LP482,Radial Road 10,MANILA,3,1,BARANGAY 53,,,14.61522584,120.9720365,,,,,,,16,2022-03-10,OSP
MNL045 LP483 NP3-5,MNL045,LP483,NP3-5,MNL045 LP483,Radial Road 10,MANILA,3,1,BARANGAY 53,,,14.61484829,120.9721897,,,,,,,24,2022-03-10,OSP
MNL045 LP483 NP6-8,MNL045,LP483,NP6-8,MNL045 LP483,Radial Road 10,MANILA,3,1,BARANGAY 53,,,14.61468736,120.9729668,,,,,,,24,2022-03-10,OSP
MNL045 LP484 NP1-2,MNL045,LP484,NP1-2,MNL045 LP484,Radial Road 10,MANILA,3,1,BARANGAY 53,,,14.61463915,120.9732721,,,,,,,16,2022-03-10,OSP
MNL045 LP480 NP1-2,MNL045,LP480,NP1-2,MNL045 LP480,Radial Road 10,MANILA,3,1,BARANGAY 53,,,14.61552564,120.9723439,,,,,,,16,2022-03-10,OSP
MNL045 LP480 NP3-5,MNL045,LP480,NP3-5,MNL045 LP480,Radial Road 10,MANILA,3,1,BARANGAY 53,,,14.61540903,120.9729292,,,,,,,24,2022-03-10,OSP
MNL045 LP470 NP3-5,MNL045,LP470,NP3-5,MNL045 LP470,Radial Road 10,MANILA,3,1,BARANGAY 53,,,14.61556522,120.9735714,,,,,,,24,2022-03-10,OSP
MNL045 LP470 NP6-8,MNL045,LP470,NP6-8,MNL045 LP470,Radial Road 10,MANILA,3,1,BARANGAY 53,,,14.61568455,120.9730174,,,,,,,24,2022-03-10,OSP
MNL045 LP471 NP1-2,MNL045,LP471,NP1-2,MNL045 LP471,Radial Road 10,MANILA,3,1,BARANGAY 53,,,14.61578637,120.9725575,,,,,,,16,2022-03-10,OSP
MNL045 LP471 NP3-5,MNL045,LP471,NP3-5,MNL045 LP471,Radial Road 10,MANILA,3,1,BARANGAY 53,,,14.61588022,120.9721679,,,,,,,24,2022-03-10,OSP
MNL002 LP104 NP7-8,MNL002,LP104,NP7-8,MNL002 LP104,Don Quintos,MANILA,3,1,BARANGAY 530,,,14.616954,121.001025,,,,,,,16,2020-08-05,OSP
MNL002 LP105 NP1-2,MNL002,LP105,NP1-2,MNL002 LP105,Don Quintos,MANILA,3,1,BARANGAY 530,,,14.615507,121.001359,,,,,,,16,2018-05-10,OSP
MNL002 LP104 NP1-2,MNL002,LP104,NP1-2,MNL002 LP104,Don Quintos,MANILA,3,1,BARANGAY 530,,,14.616494,121.001496,,,,,,,16,2018-05-10,OSP
MNL002 LP104 NP3-4,MNL002,LP104,NP3-4,MNL002 LP104,Don Quintos,MANILA,3,1,BARANGAY 530,,,14.616106,121.000784,,,,,,,16,2018-05-10,OSP
MNL002 LP104 NP5-6,MNL002,LP104,NP5-6,MNL002 LP104,Don Quintos,MANILA,3,1,BARANGAY 530,,,14.616187,121.000155,,,,,,,16,2018-05-10,OSP
MNL035 LP52 NP1-2,MNL035,LP52,NP1-2,MNL035 LP52,Pureza (Legarda / Lacson),MANILA,3,1,BARANGAY 530,,,14.616215,121.000123,,,,,,,16,2021-04-28,OSP
MNL035 LP52 NP3-4-5,MNL035,LP52,NP3-4-5,MNL035 LP52,Pureza (Legarda / Lacson),MANILA,3,1,BARANGAY 530,,,14.616578,121.000557,,,,,,,24,2021-04-28,OSP
MNL035 LP501 NP1-2,MNL035,LP501,NP1-2,MNL035 LP501,Pureza (Legarda / Lacson),MANILA,3,1,BARANGAY 530,,,14.616131,121.00173,,,,,,,16,2023-04-30,OSP
MNL035 LP501 NP3-4,MNL035,LP501,NP3-4,MNL035 LP501,Pureza (Legarda / Lacson),MANILA,3,1,BARANGAY 530,,,14.616131,121.00173,,,,,,,16,2023-04-30,OSP
MNL035 LP501 NP5-6,MNL035,LP501,NP5-6,MNL035 LP501,Pureza (Legarda / Lacson),MANILA,3,1,BARANGAY 530,,,14.616453,121.00156,,,,,,,16,2023-04-30,OSP
MNL035 LP501 NP7-8,MNL035,LP501,NP7-8,MNL035 LP501,Pureza (Legarda / Lacson),MANILA,3,1,BARANGAY 530,,,14.616453,121.00156,,,,,,,16,2023-04-30,OSP
MNL035 LP502 NP1-2,MNL035,LP502,NP1-2,MNL035 LP502,Pureza (Legarda / Lacson),MANILA,3,1,BARANGAY 530,,,14.616201,121.00141,,,,,,,16,2023-04-30,OSP
MNL035 LP502 NP3-4,MNL035,LP502,NP3-4,MNL035 LP502,Pureza (Legarda / Lacson),MANILA,3,1,BARANGAY 530,,,14.616201,121.00141,,,,,,,16,2023-04-30,OSP
MNL035 LP502 NP5-6,MNL035,LP502,NP5-6,MNL035 LP502,Pureza (Legarda / Lacson),MANILA,3,1,BARANGAY 530,,,14.615959,121.00134,,,,,,,16,2023-04-30,OSP
MNL035 LP502 NP7-8,MNL035,LP502,NP7-8,MNL035 LP502,Pureza (Legarda / Lacson),MANILA,3,1,BARANGAY 530,,,14.615959,121.00134,,,,,,,16,2023-04-30,OSP
MNL035 LP503 NP1-2,MNL035,LP503,NP1-2,MNL035 LP503,Pureza (Legarda / Lacson),MANILA,3,1,BARANGAY 530,,,14.616605,121.0013,,,,,,,16,2023-04-30,OSP
MNL035 LP503 NP3-4,MNL035,LP503,NP3-4,MNL035 LP503,Pureza (Legarda / Lacson),MANILA,3,1,BARANGAY 530,,,14.616605,121.0013,,,,,,,16,2023-04-30,OSP
MNL035 LP503 NP5-6,MNL035,LP503,NP5-6,MNL035 LP503,Pureza (Legarda / Lacson),MANILA,3,1,BARANGAY 530,,,14.616453,121.00156,,,,,,,16,2023-04-30,OSP
MNL035 LP503 NP7-8,MNL035,LP503,NP7-8,MNL035 LP503,Pureza (Legarda / Lacson),MANILA,3,1,BARANGAY 530,,,14.616453,121.00156,,,,,,,16,2023-04-30,OSP
MNL035 LP504 NP1-2,MNL035,LP504,NP1-2,MNL035 LP504,Pureza (Legarda / Lacson),MANILA,3,1,BARANGAY 530,,,14.616289,121.00091,,,,,,,16,2023-04-30,OSP
MNL035 LP504 NP3-4,MNL035,LP504,NP3-4,MNL035 LP504,Pureza (Legarda / Lacson),MANILA,3,1,BARANGAY 530,,,14.616289,121.00091,,,,,,,16,2023-04-30,OSP
MNL035 LP504 NP5-6,MNL035,LP504,NP5-6,MNL035 LP504,Pureza (Legarda / Lacson),MANILA,3,1,BARANGAY 530,,,14.615974,121.00064,,,,,,,16,2023-04-30,OSP
MNL035 LP504 NP7-8,MNL035,LP504,NP7-8,MNL035 LP504,Pureza (Legarda / Lacson),MANILA,3,1,BARANGAY 530,,,14.615974,121.00064,,,,,,,16,2023-04-30,OSP