Box Name,OLT,LCP,NAP,LCP Name,Node Name,Municipality,Cluster,Sector,Barangay,Subdivision,Building Name,Latitude,Longitude,Parent Site,Parent Floor,Parent Room,Additional Details,Remarks,Landmark,Capacity,Installation Date,OSP / ISP
MNL035 LP318 NP5-6,MNL035,LP318,NP5-6,MNL035 LP318,Pureza (Legarda / Lacson),MANILA,3,2,BARANGAY 613,,,14.593197,121.018585,,,,,,,16,2021-05-29,OSP
MNL035 LP329 NP1-2,MNL035,LP329,NP1-2,MNL035 LP329,Pureza (Legarda / Lacson),MANILA,3,2,BARANGAY 613,,,14.59415,121.019434,,,,,,,16,2021-05-29,OSP
MNL035 LP330 NP3-4,MNL035,LP330,NP3-4,MNL035 LP330,Pureza (Legarda / Lacson),MANILA,3,2,BARANGAY 613,,,14.593239,121.020674,,,,,,,16,2021-05-29,OSP
MNL035 LP330 NP5-6,MNL035,LP330,NP5-6,MNL035 LP330,Pureza (Legarda / Lacson),MANILA,3,2,BARANGAY 613,,,14.592876,121.020249,,,,,,,16,2021-05-29,OSP
MNL035 LP330 NP7-8,MNL035,LP330,NP7-8,MNL035 LP330,Pureza (Legarda / Lacson),MANILA,3,2,BARANGAY 613,,,14.592685,121.019962,,,,,,,16,2021-05-29,OSP
MNL035 LP331 NP1-2,MNL035,LP331,NP1-2,MNL035 LP331,Pureza (Legarda / Lacson),MANILA,3,2,BARANGAY 613,,,14.593455,121.020105,,,,,,,16,2021-05-29,OSP
MNL035 LP325 NP5-6,MNL035,LP325,NP5-6,MNL035 LP325,Pureza (Legarda / Lacson),MANILA,3,2,BARANGAY 613,,,14.594609,121.019675,,,,,,,16,2021-05-29,OSP
MNL035 LP331 NP3-4,MNL035,LP331,NP3-4,MNL035 LP331,Pureza (Legarda / Lacson),MANILA,3,2,BARANGAY 613,,,14.59359,121.019811,,,,,,,16,2021-05-29,OSP
MNL035 LP331 NP5-6,MNL035,LP331,NP5-6,MNL035 LP331,Pureza (Legarda / Lacson),MANILA,3,2,BARANGAY 613,,,14.593873,121.01923,,,,,,,16,2021-05-29,OSP
MNL035 LP332 NP3-4,MNL035,LP332,NP3-4,MNL035 LP332,Pureza (Legarda / Lacson),MANILA,3,2,BARANGAY 613,,,14.593213,121.019897,,,,,,,16,2021-05-29,OSP
MNL035 LP332 NP7-8,MNL035,LP332,NP7-8,MNL035 LP332,Pureza (Legarda / Lacson),MANILA,3,2,BARANGAY 613,,,14.593589,121.018981,,,,,,,16,2021-05-29,OSP
MNL002 LP148 NP1-2,MNL002,LP148,NP1-2,MNL002 LP148,Don Quintos,MANILA,3,2,BARANGAY 614,,,14.59235073,121.0202324,,,,,,,16,2018-09-13,OSP
MNL002 LP148 NP3-4,MNL002,LP148,NP3-4,MNL002 LP148,Don Quintos,MANILA,3,2,BARANGAY 614,,,14.59282164,121.019686,,,,,,,16,2018-09-13,OSP
MNL002 LP148 NP5-6,MNL002,LP148,NP5-6,MNL002 LP148,Don Quintos,MANILA,3,2,BARANGAY 614,,,14.59392085,121.0184535,,,,,,,16,2018-09-13,OSP
MNL002 LP148 NP7-8,MNL002,LP148,NP7-8,MNL002 LP148,Don Quintos,MANILA,3,2,BARANGAY 614,,,14.59418265,121.0180541,,,,,,,16,2018-09-13,OSP
MNL035 LP322 NP7-8,MNL035,LP322,NP7-8,MNL035 LP322,Pureza (Legarda / Lacson),MANILA,3,2,BARANGAY 614,,,14.592309,121.020233,,,,,,,16,2021-05-29,OSP
MNL035 LP332 NP1-2,MNL035,LP332,NP1-2,MNL035 LP332,Pureza (Legarda / Lacson),MANILA,3,2,BARANGAY 614,,,14.59284,121.019767,,,,,,,16,2021-05-29,OSP
MNL035 LP332 NP5-6,MNL035,LP332,NP5-6,MNL035 LP332,Pureza (Legarda / Lacson),MANILA,3,2,BARANGAY 614,,,14.593336,121.019234,,,,,,,16,2021-05-29,OSP
MNL035 LP333 NP1-2,MNL035,LP333,NP1-2,MNL035 LP333,Pureza (Legarda / Lacson),MANILA,3,2,BARANGAY 614,,,14.594062,121.018418,,,,,,,16,2021-05-29,OSP
MNL035 LP333 NP3-4,MNL035,LP333,NP3-4,MNL035 LP333,Pureza (Legarda / Lacson),MANILA,3,2,BARANGAY 614,,,14.594264,121.018136,,,,,,,16,2021-05-29,OSP
MNL035 LP333 NP5-6,MNL035,LP333,NP5-6,MNL035 LP333,Pureza (Legarda / Lacson),MANILA,3,2,BARANGAY 614,,,14.594463,121.017833,,,,,,,16,2021-05-29,OSP
MNL035 LP333 NP7-8,MNL035,LP333,NP7-8,MNL035 LP333,Pureza (Legarda / Lacson),MANILA,3,2,BARANGAY 614,,,14.594739,121.017259,,,,,,,16,2021-05-29,OSP
MNL002 LP147 NP1-2,MNL002,LP147,NP1-2,MNL002 LP147,Don Quintos,MANILA,3,2,BARANGAY 616,,,14.59317368,121.0215614,,,,,,,16,2018-09-13,OSP
MNL002 LP147 NP3-4,MNL002,LP147,NP3-4,MNL002 LP147,Don Quintos,MANILA,3,2,BARANGAY 616,,,14.59367407,121.0205356,,,,,,,16,2018-09-13,OSP
MNL002 LP147 NP7-8,MNL002,LP147,NP7-8,MNL002 LP147,Don Quintos,MANILA,3,2,BARANGAY 616,,,14.59443448,121.0187188,,,,,,,16,2018-09-13,OSP
MNL035 LP328 NP3-4,MNL035,LP328,NP3-4,MNL035 LP328,Pureza (Legarda / Lacson),MANILA,3,2,BARANGAY 616,,,14.594785,121.018036,,,,,,,16,2021-05-29,OSP
MNL035 LP328 NP5-6,MNL035,LP328,NP5-6,MNL035 LP328,Pureza (Legarda / Lacson),MANILA,3,2,BARANGAY 616,,,14.594579,121.018551,,,,,,,16,2021-05-29,OSP
MNL035 LP328 NP7-8,MNL035,LP328,NP7-8,MNL035 LP328,Pureza (Legarda / Lacson),MANILA,3,2,BARANGAY 616,,,14.594457,121.018873,,,,,,,16,2021-05-29,OSP
MNL035 LP329 NP3-4,MNL035,LP329,NP3-4,MNL035 LP329,Pureza (Legarda / Lacson),MANILA,3,2,BARANGAY 616,,,14.594019,121.019724,,,,,,,16,2021-05-29,OSP
MNL035 LP329 NP5-6,MNL035,LP329,NP5-6,MNL035 LP329,Pureza (Legarda / Lacson),MANILA,3,2,BARANGAY 616,,,14.593806,121.020246,,,,,,,16,2021-05-29,OSP
MNL035 LP329 NP7-8,MNL035,LP329,NP7-8,MNL035 LP329,Pureza (Legarda / Lacson),MANILA,3,2,BARANGAY 616,,,14.593675,121.020579,,,,,,,16,2021-05-29,OSP
MNL035 LP330 NP1-2,MNL035,LP330,NP1-2,MNL035 LP330,Pureza (Legarda / Lacson),MANILA,3,2,BARANGAY 616,,,14.593435,121.02114,,,,,,,16,2021-05-29,OSP
MNL035 LP323 NP7-8,MNL035,LP323,NP7-8,MNL035 LP323,Pureza (Legarda / Lacson),MANILA,3,2,BARANGAY 616,,,14.593219,121.021655,,,,,,,16,2021-05-29,OSP
MNL035 LP323 NP1-2,MNL035,LP323,NP1-2,MNL035 LP323,Pureza (Legarda / Lacson),MANILA,3,2,BARANGAY 616,,,14.592557,121.020619,,,,,,,16,2021-05-29,OSP
MNL035 LP323 NP3-4,MNL035,LP323,NP3-4,MNL035 LP323,Pureza (Legarda / Lacson),MANILA,3,2,BARANGAY 616,,,14.592729,121.020893,,,,,,,16,2021-05-29,OSP
MNL035 LP323 NP5-6,MNL035,LP323,NP5-6,MNL035 LP323,Pureza (Legarda / Lacson),MANILA,3,2,BARANGAY 616,,,14.592971,121.021282,,,,,,,16,2021-05-29,OSP
MNL002 LP156 NP5-6,MNL002,LP156,NP5-6,MNL002 LP156,Don Quintos,MANILA,3,2,BARANGAY 617,,,14.59309125,121.022968,,,,,,,16,2018-09-13,OSP
MNL002 LP156 NP7-8,MNL002,LP156,NP7-8,MNL002 LP156,Don Quintos,MANILA,3,2,BARANGAY 617,,,14.59292934,121.0219843,,,,,,,16,2018-09-13,OSP
MNL002 LP375 NP7-8,MNL002,LP375,NP7-8,MNL002 LP375,Don Quintos,MANILA,3,2,BARANGAY 617,,,14.593112,121.023051,,,,,,,16,2020-03-29,OSP
MNL035 LP160 NP3-4,MNL035,LP160,NP3-4,MNL035 LP160,Pureza (Legarda / Lacson),MANILA,3,2,BARANGAY 617,,,14.593131,121.02308,,,,,,,16,2021-05-29,OSP
MNL035 LP160 NP5-6,MNL035,LP160,NP5-6,MNL035 LP160,Pureza (Legarda / Lacson),MANILA,3,2,BARANGAY 617,,,14.592969,121.023464,,,,,,,16,2021-05-29,OSP
MNL035 LP161 NP7-8,MNL035,LP161,NP7-8,MNL035 LP161,Pureza (Legarda / Lacson),MANILA,3,2,BARANGAY 617,,,14.592369,121.022925,,,,,,,16,2021-05-29,OSP
MNL035 LP162 NP1-2,MNL035,LP162,NP1-2,MNL035 LP162,Pureza (Legarda / Lacson),MANILA,3,2,BARANGAY 617,,,14.592711,121.022685,,,,,,,16,2021-05-29,OSP
MNL035 LP162 NP3-4,MNL035,LP162,NP3-4,MNL035 LP162,Pureza (Legarda / Lacson),MANILA,3,2,BARANGAY 617,,,14.593013,121.022447,,,,,,,16,2021-05-29,OSP
MNL035 LP157 NP5-6,MNL035,LP157,NP5-6,MNL035 LP157,Pureza (Legarda / Lacson),MANILA,3,2,BARANGAY 617,,,14.591721,121.022061,,,,,,,16,2021-05-29,OSP
MNL035 LP157 NP7-8,MNL035,LP157,NP7-8,MNL035 LP157,Pureza (Legarda / Lacson),MANILA,3,2,BARANGAY 617,,,14.592064,121.021805,,,,,,,16,2021-05-29,OSP
MNL035 LP158 NP1-2,MNL035,LP158,NP1-2,MNL035 LP158,Pureza (Legarda / Lacson),MANILA,3,2,BARANGAY 617,,,14.592562,121.02136,,,,,,,16,2021-05-29,OSP
MNL035 LP158 NP3-4,MNL035,LP158,NP3-4,MNL035 LP158,Pureza (Legarda / Lacson),MANILA,3,2,BARANGAY 617,,,14.592794,121.021703,,,,,,,16,2021-05-29,OSP
MNL035 LP158 NP5-6,MNL035,LP158,NP5-6,MNL035 LP158,Pureza (Legarda / Lacson),MANILA,3,2,BARANGAY 617,,,14.5923,121.021991,,,,,,,16,2021-05-29,OSP
MNL035 LP158 NP7-8,MNL035,LP158,NP7-8,MNL035 LP158,Pureza (Legarda / Lacson),MANILA,3,2,BARANGAY 617,,,14.592018,121.022199,,,,,,,16,2021-05-29,OSP
MNL035 LP159 NP1-2,MNL035,LP159,NP1-2,MNL035 LP159,Pureza (Legarda / Lacson),MANILA,3,2,BARANGAY 617,,,14.592307,121.022526,,,,,,,16,2021-05-29,OSP
MNL035 LP159 NP3-4,MNL035,LP159,NP3-4,MNL035 LP159,Pureza (Legarda / Lacson),MANILA,3,2,BARANGAY 617,,,14.592652,121.022273,,,,,,,16,2021-05-29,OSP
MNL035 LP159 NP5-6,MNL035,LP159,NP5-6,MNL035 LP159,Pureza (Legarda / Lacson),MANILA,3,2,BARANGAY 617,,,14.592997,121.021993,,,,,,,16,2021-05-29,OSP
MNL035 LP159 NP7-8,MNL035,LP159,NP7-8,MNL035 LP159,Pureza (Legarda / Lacson),MANILA,3,2,BARANGAY 617,,,14.593228,121.022338,,,,,,,16,2021-05-29,OSP
MNL035 LP160 NP1-2,MNL035,LP160,NP1-2,MNL035 LP160,Pureza (Legarda / Lacson),MANILA,3,2,BARANGAY 617,,,14.593297,121.022656,,,,,,,16,2021-05-29,OSP
MNL002 LP374 NP5-6,MNL002,LP374,NP5-6,MNL002 LP374,Don Quintos,MANILA,3,2,BARANGAY 618,,,14.590456,121.021678,,,,,,,16,2020-03-29,OSP
MNL002 LP374 NP7-8,MNL002,LP374,NP7-8,MNL002 LP374,Don Quintos,MANILA,3,2,BARANGAY 618,,,14.590761,121.022106,,,,,,,16,2020-03-29,OSP
MNL002 LP375 NP1-2,MNL002,LP375,NP1-2,MNL002 LP375,Don Quintos,MANILA,3,2,BARANGAY 618,,,14.59138,121.023019,,,,,,,16,2020-03-29,OSP
MNL002 LP375 NP3-4,MNL002,LP375,NP3-4,MNL002 LP375,Don Quintos,MANILA,3,2,BARANGAY 618,,,14.591859,121.023712,,,,,,,16,2020-03-29,OSP
MNL002 LP375 NP5-6,MNL002,LP375,NP5-6,MNL002 LP375,Don Quintos,MANILA,3,2,BARANGAY 618,,,14.592606,121.024257,,,,,,,16,2020-03-29,OSP
MNL035 LP165 NP1-2,MNL035,LP165,NP1-2,MNL035 LP165,Pureza (Legarda / Lacson),MANILA,3,2,BARANGAY 618,,,14.590349,121.021528,,,,,,,16,2021-05-29,OSP
MNL035 LP165 NP3-4,MNL035,LP165,NP3-4,MNL035 LP165,Pureza (Legarda / Lacson),MANILA,3,2,BARANGAY 618,,,14.590172,121.021299,,,,,,,16,2021-05-29,OSP
MNL035 LP163 NP1-2,MNL035,LP163,NP1-2,MNL035 LP163,Pureza (Legarda / Lacson),MANILA,3,2,BARANGAY 618,,,14.592301,121.024116,,,,,,,16,2021-05-29,OSP
MNL035 LP163 NP3-4,MNL035,LP163,NP3-4,MNL035 LP163,Pureza (Legarda / Lacson),MANILA,3,2,BARANGAY 618,,,14.59205,121.023944,,,,,,,16,2021-05-29,OSP
MNL035 LP163 NP5-6,MNL035,LP163,NP5-6,MNL035 LP163,Pureza (Legarda / Lacson),MANILA,3,2,BARANGAY 618,,,14.591817,121.023647,,,,,,,16,2021-05-29,OSP
MNL035 LP163 NP7-8,MNL035,LP163,NP7-8,MNL035 LP163,Pureza (Legarda / Lacson),MANILA,3,2,BARANGAY 618,,,14.591623,121.023409,,,,,,,16,2021-05-29,OSP
MNL035 LP164 NP1-2,MNL035,LP164,NP1-2,MNL035 LP164,Pureza (Legarda / Lacson),MANILA,3,2,BARANGAY 618,,,14.591275,121.023002,,,,,,,16,2021-05-29,OSP
MNL035 LP164 NP3-4,MNL035,LP164,NP3-4,MNL035 LP164,Pureza (Legarda / Lacson),MANILA,3,2,BARANGAY 618,,,14.591143,121.02269,,,,,,,16,2021-05-29,OSP
MNL035 LP164 NP5-6,MNL035,LP164,NP5-6,MNL035 LP164,Pureza (Legarda / Lacson),MANILA,3,2,BARANGAY 618,,,14.590909,121.022338,,,,,,,16,2021-05-29,OSP
MNL035 LP164 NP7-8,MNL035,LP164,NP7-8,MNL035 LP164,Pureza (Legarda / Lacson),MANILA,3,2,BARANGAY 618,,,14.590599,121.021871,,,,,,,16,2021-05-29,OSP
MNL002 LP214 NP3-4,MNL002,LP214,NP3-4,MNL002 LP214,Don Quintos,MANILA,3,2,BARANGAY 619,,,14.592419,121.018703,,,,,,,16,2019-08-30,OSP
MNL002 LP214 NP5-6,MNL002,LP214,NP5-6,MNL002 LP214,Don Quintos,MANILA,3,2,BARANGAY 619,,,14.592068,121.018456,,,,,,,16,2019-08-30,OSP
MNL002 LP214 NP7-8,MNL002,LP214,NP7-8,MNL002 LP214,Don Quintos,MANILA,3,2,BARANGAY 619,,,14.591349,121.018002,,,,,,,16,2019-08-30,OSP
MNL002 LP215 NP1-2,MNL002,LP215,NP1-2,MNL002 LP215,Don Quintos,MANILA,3,2,BARANGAY 619,,,14.592111,121.017785,,,,,,,16,2019-08-30,OSP
MNL002 LP215 NP3-4,MNL002,LP215,NP3-4,MNL002 LP215,Don Quintos,MANILA,3,2,BARANGAY 619,,,14.591906,121.01749,,,,,,,16,2020-07-29,OSP
MNL002 LP215 NP5-6,MNL002,LP215,NP5-6,MNL002 LP215,Don Quintos,MANILA,3,2,BARANGAY 619,,,14.59159,121.017578,,,,,,,16,2020-07-29,OSP
MNL002 LP215 NP7-8,MNL002,LP215,NP7-8,MNL002 LP215,Don Quintos,MANILA,3,2,BARANGAY 619,,,14.591836,121.018008,,,,,,,16,2020-07-29,OSP
MNL002 LP151 NP1-2,MNL002,LP151,NP1-2,MNL002 LP151,Don Quintos,MANILA,3,2,BARANGAY 619,,,14.58953679,121.0167936,,,,,,,16,2018-09-13,OSP
MNL035 LP319 NP3-4,MNL035,LP319,NP3-4,MNL035 LP319,Pureza (Legarda / Lacson),MANILA,3,2,BARANGAY 619,,,14.592321,121.018278,,,,,,,16,2021-05-29,OSP
MNL035 LP319 NP5-6,MNL035,LP319,NP5-6,MNL035 LP319,Pureza (Legarda / Lacson),MANILA,3,2,BARANGAY 619,,,14.592179,121.017871,,,,,,,16,2021-05-29,OSP
MNL035 LP319 NP7-8,MNL035,LP319,NP7-8,MNL035 LP319,Pureza (Legarda / Lacson),MANILA,3,2,BARANGAY 619,,,14.591852,121.017446,,,,,,,16,2021-05-29,OSP
MNL035 LP167 NP7-8,MNL035,LP167,NP7-8,MNL035 LP167,Pureza (Legarda / Lacson),MANILA,3,2,BARANGAY 619,,,14.589955,121.016795,,,,,,,16,2021-05-29,OSP
MNL035 LP168 NP1-2,MNL035,LP168,NP1-2,MNL035 LP168,Pureza (Legarda / Lacson),MANILA,3,2,BARANGAY 619,,,14.589577,121.016761,,,,,,,16,2021-05-29,OSP
MNL035 LP169 NP1-2,MNL035,LP169,NP1-2,MNL035 LP169,Pureza (Legarda / Lacson),MANILA,3,2,BARANGAY 619,,,14.589031,121.016557,,,,,,,16,2021-05-29,OSP
MNL035 LP320 NP1-2,MNL035,LP320,NP1-2,MNL035 LP320,Pureza (Legarda / Lacson),MANILA,3,2,BARANGAY 619,,,14.591595,121.01758,,,,,,,16,2021-05-29,OSP
MNL035 LP320 NP3-4,MNL035,LP320,NP3-4,MNL035 LP320,Pureza (Legarda / Lacson),MANILA,3,2,BARANGAY 619,,,14.59184,121.018009,,,,,,,16,2021-05-29,OSP
MNL035 LP320 NP5-6,MNL035,LP320,NP5-6,MNL035 LP320,Pureza (Legarda / Lacson),MANILA,3,2,BARANGAY 619,,,14.591977,121.018205,,,,,,,16,2021-05-29,OSP
MNL035 LP320 NP7-8,MNL035,LP320,NP7-8,MNL035 LP320,Pureza (Legarda / Lacson),MANILA,3,2,BARANGAY 619,,,14.591248,121.017875,,,,,,,16,2021-05-29,OSP
MNL035 LP321 NP1-2,MNL035,LP321,NP1-2,MNL035 LP321,Pureza (Legarda / Lacson),MANILA,3,2,BARANGAY 619,,,14.59164,121.018467,,,,,,,16,2021-05-29,OSP
MNL035 LP321 NP3-4,MNL035,LP321,NP3-4,MNL035 LP321,Pureza (Legarda / Lacson),MANILA,3,2,BARANGAY 619,,,14.591889,121.018721,,,,,,,16,2021-05-29,OSP
MNL002 LP152 NP7-8,MNL002,LP152,NP7-8,MNL002 LP152,Don Quintos,MANILA,3,2,BARANGAY 620,,,14.589794,121.020661,,,,,,,16,2020-08-07,OSP
MNL002 LP153 NP5-6,MNL002,LP153,NP5-6,MNL002 LP153,Don Quintos,MANILA,3,2,BARANGAY 620,,,14.59034101,121.0206645,,,,,,,16,2018-09-13,OSP
MNL002 LP153 NP7-8,MNL002,LP153,NP7-8,MNL002 LP153,Don Quintos,MANILA,3,2,BARANGAY 620,,,14.59011,121.020221,,,,,,,16,2020-08-07,OSP
SJC001 LP38 NP5-6,SJC001,LP38,NP5-6,SJC001 LP38,Greenhills Heights,MANILA,3,2,BARANGAY 620,,,14.590291,121.019676,,,,,,,16,2015-11-29,OSP
MNL035 LP173 NP1-2,MNL035,LP173,NP1-2,MNL035 LP173,Pureza (Legarda / Lacson),MANILA,3,2,BARANGAY 620,,,14.590042,121.019928,,,,,,,16,2021-05-29,OSP
MNL035 LP171 NP1-2,MNL035,LP171,NP1-2,MNL035 LP171,Pureza (Legarda / Lacson),MANILA,3,2,BARANGAY 620,,,14.589766,121.020528,,,,,,,16,2021-05-29,OSP
MNL035 LP171 NP3-4,MNL035,LP171,NP3-4,MNL035 LP171,Pureza (Legarda / Lacson),MANILA,3,2,BARANGAY 620,,,14.590093,121.021065,,,,,,,16,2021-05-29,OSP
MNL035 LP171 NP5-6,MNL035,LP171,NP5-6,MNL035 LP171,Pureza (Legarda / Lacson),MANILA,3,2,BARANGAY 620,,,14.590319,121.020489,,,,,,,16,2021-05-29,OSP
MNL035 LP171 NP7-8,MNL035,LP171,NP7-8,MNL035 LP171,Pureza (Legarda / Lacson),MANILA,3,2,BARANGAY 620,,,14.590183,121.020228,,,,,,,16,2021-05-29,OSP
MNL035 LP172 NP3-4,MNL035,LP172,NP3-4,MNL035 LP172,Pureza (Legarda / Lacson),MANILA,3,2,BARANGAY 620,,,14.590896,121.020351,,,,,,,16,2021-05-29,OSP
MNL002 LP144 NP3-4,MNL002,LP144,NP3-4,MNL002 LP144,Don Quintos,MANILA,3,2,BARANGAY 621,,,14.59693638,121.0159429,,,,,,,16,2018-09-13,OSP
MNL002 LP144 NP5-6,MNL002,LP144,NP5-6,MNL002 LP144,Don Quintos,MANILA,3,2,BARANGAY 621,,,14.59645204,121.0156513,,,,,,,16,2018-09-13,OSP
MNL002 LP225 NP3-4,MNL002,LP225,NP3-4,MNL002 LP225,Don Quintos,MANILA,3,2,BARANGAY 621,,,14.597094,121.014784,,,,,,,16,2019-10-02,OSP
MNL002 LP225 NP5-6,MNL002,LP225,NP5-6,MNL002 LP225,Don Quintos,MANILA,3,2,BARANGAY 621,,,14.597528,121.014241,,,,,,,16,2019-10-02,OSP
MNL002 LP225 NP7-8,MNL002,LP225,NP7-8,MNL002 LP225,Don Quintos,MANILA,3,2,BARANGAY 621,,,14.597806,121.013975,,,,,,,16,2019-10-02,OSP
MNL002 LP226 NP1-2,MNL002,LP226,NP1-2,MNL002 LP226,Don Quintos,MANILA,3,2,BARANGAY 621,,,14.597977,121.0138,,,,,,,16,2019-10-02,OSP
MNL002 LP225 NP1-2,MNL002,LP225,NP1-2,MNL002 LP225,Don Quintos,MANILA,3,2,BARANGAY 621,,,14.59672,121.01537,,,,,,,16,2019-10-02,OSP
SJC001 LP37 NP3-4,SJC001,LP37,NP3-4,SJC001 LP37,Greenhills Heights,MANILA,3,2,BARANGAY 621,,,14.59731,121.015685,,,,,,,16,2015-11-29,OSP
MNL035 LP62 NP1-2,MNL035,LP62,NP1-2,MNL035 LP62,Pureza (Legarda / Lacson),MANILA,3,2,BARANGAY 621,,,14.597978,121.013805,,,,,,,16,2021-05-29,OSP
MNL035 LP58 NP1-2,MNL035,LP58,NP1-2,MNL035 LP58,Pureza (Legarda / Lacson),MANILA,3,2,BARANGAY 621,,,14.596084,121.015351,,,,,,,16,2021-05-29,OSP
MNL035 LP61 NP1-2,MNL035,LP61,NP1-2,MNL035 LP61,Pureza (Legarda / Lacson),MANILA,3,2,BARANGAY 621,,,14.596734,121.015358,,,,,,,16,2021-05-29,OSP
MNL035 LP61 NP3-4,MNL035,LP61,NP3-4,MNL035 LP61,Pureza (Legarda / Lacson),MANILA,3,2,BARANGAY 621,,,14.596956,121.014916,,,,,,,16,2021-05-29,OSP
MNL035 LP61 NP5-6,MNL035,LP61,NP5-6,MNL035 LP61,Pureza (Legarda / Lacson),MANILA,3,2,BARANGAY 621,,,14.597142,121.014695,,,,,,,16,2021-05-29,OSP
MNL035 LP61 NP7-8,MNL035,LP61,NP7-8,MNL035 LP61,Pureza (Legarda / Lacson),MANILA,3,2,BARANGAY 621,,,14.59767,121.014135,,,,,,,16,2021-05-29,OSP
MNL035 LP57 NP5-6,MNL035,LP57,NP5-6,MNL035 LP57,Pureza (Legarda / Lacson),MANILA,3,2,BARANGAY 621,,,14.596953,121.015986,,,,,,,16,2021-05-29,OSP
MNL035 LP57 NP7-8,MNL035,LP57,NP7-8,MNL035 LP57,Pureza (Legarda / Lacson),MANILA,3,2,BARANGAY 621,,,14.596367,121.015609,,,,,,,16,2021-05-29,OSP
MNL002 LP214 NP1-2,MNL002,LP214,NP1-2,MNL002 LP214,Don Quintos,MANILA,3,2,BARANGAY 622,,,14.591789,121.019414,,,,,,,16,2019-08-30,OSP
MNL002 LP149 NP1-2,MNL002,LP149,NP1-2,MNL002 LP149,Don Quintos,MANILA,3,2,BARANGAY 622,,,14.59138967,121.0188693,,,,,,,16,2018-09-13,OSP
MNL002 LP149 NP3-4,MNL002,LP149,NP3-4,MNL002 LP149,Don Quintos,MANILA,3,2,BARANGAY 622,,,14.59096116,121.0182744,,,,,,,16,2018-09-13,OSP
MNL002 LP149 NP5-6,MNL002,LP149,NP5-6,MNL002 LP149,Don Quintos,MANILA,3,2,BARANGAY 622,,,14.5901602,121.0170815,,,,,,,16,2018-09-13,OSP
MNL035 LP177 NP3-4,MNL035,LP177,NP3-4,MNL035 LP177,Pureza (Legarda / Lacson),MANILA,3,2,BARANGAY 622,,,14.590235,121.017879,,,,,,,16,2021-05-29,OSP
MNL035 LP177 NP5-6,MNL035,LP177,NP5-6,MNL035 LP177,Pureza (Legarda / Lacson),MANILA,3,2,BARANGAY 622,,,14.59049,121.018257,,,,,,,16,2021-05-29,OSP
MNL035 LP177 NP7-8,MNL035,LP177,NP7-8,MNL035 LP177,Pureza (Legarda / Lacson),MANILA,3,2,BARANGAY 622,,,14.590777,121.0187,,,,,,,16,2021-05-29,OSP
MNL035 LP175 NP1-2,MNL035,LP175,NP1-2,MNL035 LP175,Pureza (Legarda / Lacson),MANILA,3,2,BARANGAY 622,,,14.590646,121.020101,,,,,,,16,2021-05-29,OSP
MNL035 LP175 NP3-4,MNL035,LP175,NP3-4,MNL035 LP175,Pureza (Legarda / Lacson),MANILA,3,2,BARANGAY 622,,,14.590839,121.019838,,,,,,,16,2021-05-29,OSP
MNL035 LP175 NP5-6,MNL035,LP175,NP5-6,MNL035 LP175,Pureza (Legarda / Lacson),MANILA,3,2,BARANGAY 622,,,14.591268,121.01936,,,,,,,16,2021-05-29,OSP
MNL035 LP177 NP1-2,MNL035,LP177,NP1-2,MNL035 LP177,Pureza (Legarda / Lacson),MANILA,3,2,BARANGAY 622,,,14.59008,121.017695,,,,,,,16,2021-05-29,OSP
MNL035 LP166 NP1-2,MNL035,LP166,NP1-2,MNL035 LP166,Pureza (Legarda / Lacson),MANILA,3,2,BARANGAY 622,,,14.591572,121.019132,,,,,,,16,2021-05-29,OSP
MNL035 LP166 NP3-4,MNL035,LP166,NP3-4,MNL035 LP166,Pureza (Legarda / Lacson),MANILA,3,2,BARANGAY 622,,,14.591381,121.018851,,,,,,,16,2021-05-29,OSP
MNL035 LP166 NP5-6,MNL035,LP166,NP5-6,MNL035 LP166,Pureza (Legarda / Lacson),MANILA,3,2,BARANGAY 622,,,14.591142,121.018498,,,,,,,16,2021-05-29,OSP
MNL035 LP166 NP7-8,MNL035,LP166,NP7-8,MNL035 LP166,Pureza (Legarda / Lacson),MANILA,3,2,BARANGAY 622,,,14.590939,121.018188,,,,,,,16,2021-05-29,OSP
MNL035 LP167 NP1-2,MNL035,LP167,NP1-2,MNL035 LP167,Pureza (Legarda / Lacson),MANILA,3,2,BARANGAY 622,,,14.590646,121.017749,,,,,,,16,2021-05-29,OSP
MNL035 LP167 NP3-4,MNL035,LP167,NP3-4,MNL035 LP167,Pureza (Legarda / Lacson),MANILA,3,2,BARANGAY 622,,,14.590505,121.017554,,,,,,,16,2021-05-29,OSP
MNL035 LP167 NP5-6,MNL035,LP167,NP5-6,MNL035 LP167,Pureza (Legarda / Lacson),MANILA,3,2,BARANGAY 622,,,14.590265,121.017232,,,,,,,16,2021-05-29,OSP
MNL002 LP152 NP1-2,MNL002,LP152,NP1-2,MNL002 LP152,Don Quintos,MANILA,3,2,BARANGAY 623,,,14.58955904,121.0188394,,,,,,,16,2018-09-13,OSP
MNL002 LP152 NP5-6,MNL002,LP152,NP5-6,MNL002 LP152,Don Quintos,MANILA,3,2,BARANGAY 623,,,14.58931646,121.0195675,,,,,,,16,2018-09-13,OSP
MNL002 LP153 NP1-2,MNL002,LP153,NP1-2,MNL002 LP153,Don Quintos,MANILA,3,2,BARANGAY 623,,,14.58973965,121.0194618,,,,,,,16,2018-09-13,OSP
MNL002 LP153 NP3-4,MNL002,LP153,NP3-4,MNL002 LP153,Don Quintos,MANILA,3,2,BARANGAY 623,,,14.58989434,121.0198943,,,,,,,16,2018-09-13,OSP
MNL035 LP173 NP3-4,MNL035,LP173,NP3-4,MNL035 LP173,Pureza (Legarda / Lacson),MANILA,3,2,BARANGAY 623,,,14.589805,121.019397,,,,,,,16,2021-05-29,OSP
MNL035 LP173 NP5-6,MNL035,LP173,NP5-6,MNL035 LP173,Pureza (Legarda / Lacson),MANILA,3,2,BARANGAY 623,,,14.589723,121.019045,,,,,,,16,2021-05-29,OSP
MNL035 LP173 NP7-8,MNL035,LP173,NP7-8,MNL035 LP173,Pureza (Legarda / Lacson),MANILA,3,2,BARANGAY 623,,,14.589661,121.018754,,,,,,,16,2021-05-29,OSP
MNL035 LP170 NP1-2,MNL035,LP170,NP1-2,MNL035 LP170,Pureza (Legarda / Lacson),MANILA,3,2,BARANGAY 623,,,14.589078,121.018651,,,,,,,16,2021-05-29,OSP
MNL035 LP170 NP3-4,MNL035,LP170,NP3-4,MNL035 LP170,Pureza (Legarda / Lacson),MANILA,3,2,BARANGAY 623,,,14.58921,121.01926,,,,,,,16,2021-05-29,OSP
MNL035 LP170 NP5-6,MNL035,LP170,NP5-6,MNL035 LP170,Pureza (Legarda / Lacson),MANILA,3,2,BARANGAY 623,,,14.589355,121.019664,,,,,,,16,2021-05-29,OSP
MNL035 LP170 NP7-8,MNL035,LP170,NP7-8,MNL035 LP170,Pureza (Legarda / Lacson),MANILA,3,2,BARANGAY 623,,,14.589507,121.020054,,,,,,,16,2021-05-29,OSP
MNL002 LP150 NP1-2,MNL002,LP150,NP1-2,MNL002 LP150,Don Quintos,MANILA,3,2,BARANGAY 624,,,14.59043122,121.0175005,,,,,,,16,2018-09-13,OSP
MNL002 LP150 NP3-4,MNL002,LP150,NP3-4,MNL002 LP150,Don Quintos,MANILA,3,2,BARANGAY 624,,,14.58996397,121.0178784,,,,,,,16,2018-09-13,OSP
MNL002 LP150 NP5-6,MNL002,LP150,NP5-6,MNL002 LP150,Don Quintos,MANILA,3,2,BARANGAY 624,,,14.59000216,121.0184877,,,,,,,16,2018-09-13,OSP
MNL002 LP150 NP7-8,MNL002,LP150,NP7-8,MNL002 LP150,Don Quintos,MANILA,3,2,BARANGAY 624,,,14.59030071,121.0196294,,,,,,,16,2018-09-13,OSP
MNL035 LP174 NP1-2,MNL035,LP174,NP1-2,MNL035 LP174,Pureza (Legarda / Lacson),MANILA,3,2,BARANGAY 624,,,14.589966,121.018445,,,,,,,16,2021-05-29,OSP
MNL035 LP174 NP3-4,MNL035,LP174,NP3-4,MNL035 LP174,Pureza (Legarda / Lacson),MANILA,3,2,BARANGAY 624,,,14.590062,121.01885,,,,,,,16,2021-05-29,OSP
MNL035 LP174 NP5-6,MNL035,LP174,NP5-6,MNL035 LP174,Pureza (Legarda / Lacson),MANILA,3,2,BARANGAY 624,,,14.59016,121.019272,,,,,,,16,2021-05-29,OSP
MNL035 LP174 NP7-8,MNL035,LP174,NP7-8,MNL035 LP174,Pureza (Legarda / Lacson),MANILA,3,2,BARANGAY 624,,,14.590357,121.019588,,,,,,,16,2021-05-29,OSP
MNL035 LP175 NP7-8,MNL035,LP175,NP7-8,MNL035 LP175,Pureza (Legarda / Lacson),MANILA,3,2,BARANGAY 624,,,14.591026,121.019125,,,,,,,16,2021-05-29,OSP
MNL035 LP176 NP1-2,MNL035,LP176,NP1-2,MNL035 LP176,Pureza (Legarda / Lacson),MANILA,3,2,BARANGAY 624,,,14.590853,121.019359,,,,,,,16,2021-05-29,OSP
MNL035 LP176 NP3-4,MNL035,LP176,NP3-4,MNL035 LP176,Pureza (Legarda / Lacson),MANILA,3,2,BARANGAY 624,,,14.59067,121.019089,,,,,,,16,2021-05-29,OSP
MNL035 LP176 NP5-6,MNL035,LP176,NP5-6,MNL035 LP176,Pureza (Legarda / Lacson),MANILA,3,2,BARANGAY 624,,,14.590209,121.018477,,,,,,,16,2021-05-29,OSP
MNL035 LP176 NP7-8,MNL035,LP176,NP7-8,MNL035 LP176,Pureza (Legarda / Lacson),MANILA,3,2,BARANGAY 624,,,14.589978,121.018102,,,,,,,16,2021-05-29,OSP
MNL002 LP151 NP3-4,MNL002,LP151,NP3-4,MNL002 LP151,Don Quintos,MANILA,3,2,BARANGAY 625,,,14.58899773,121.0170611,,,,,,,16,2018-09-13,OSP
MNL002 LP151 NP5-6,MNL002,LP151,NP5-6,MNL002 LP151,Don Quintos,MANILA,3,2,BARANGAY 625,,,14.58902025,121.018024,,,,,,,16,2018-09-13,OSP
MNL002 LP151 NP7-8,MNL002,LP151,NP7-8,MNL002 LP151,Don Quintos,MANILA,3,2,BARANGAY 625,,,14.58951919,121.0179299,,,,,,,16,2018-09-13,OSP
MNL002 LP152 NP3-4,MNL002,LP152,NP3-4,MNL002 LP152,Don Quintos,MANILA,3,2,BARANGAY 625,,,14.58908738,121.0185749,,,,,,,16,2018-09-13,OSP
MNL002 LP149 NP7-8,MNL002,LP149,NP7-8,MNL002 LP149,Don Quintos,MANILA,3,2,BARANGAY 625,,,14.589501,121.017495,,,,,,,16,2020-08-07,OSP
MNL035 LP169 NP7-8,MNL035,LP169,NP7-8,MNL035 LP169,Pureza (Legarda / Lacson),MANILA,3,2,BARANGAY 625,,,14.589047,121.018226,,,,,,,16,2021-05-29,OSP
MNL035 LP168 NP3-4,MNL035,LP168,NP3-4,MNL035 LP168,Pureza (Legarda / Lacson),MANILA,3,2,BARANGAY 625,,,14.589595,121.017179,,,,,,,16,2021-05-29,OSP
MNL035 LP168 NP5-6,MNL035,LP168,NP5-6,MNL035 LP168,Pureza (Legarda / Lacson),MANILA,3,2,BARANGAY 625,,,14.589572,121.017693,,,,,,,16,2021-05-29,OSP
MNL035 LP168 NP7-8,MNL035,LP168,NP7-8,MNL035 LP168,Pureza (Legarda / Lacson),MANILA,3,2,BARANGAY 625,,,14.589607,121.018114,,,,,,,16,2021-05-29,OSP
MNL035 LP169 NP3-4,MNL035,LP169,NP3-4,MNL035 LP169,Pureza (Legarda / Lacson),MANILA,3,2,BARANGAY 625,,,14.589001,121.017271,,,,,,,16,2021-05-29,OSP
MNL035 LP169 NP5-6,MNL035,LP169,NP5-6,MNL035 LP169,Pureza (Legarda / Lacson),MANILA,3,2,BARANGAY 625,,,14.589003,121.017653,,,,,,,16,2021-05-29,OSP
MNL002 LP121 NP7-8,MNL002,LP121,NP7-8,MNL002 LP121,Don Quintos,MANILA,3,2,BARANGAY 626,,,14.600258,121.006122,,,,,,,16,2018-05-22,OSP
MNL002 LP114 NP1-2,MNL002,LP114,NP1-2,MNL002 LP114,Don Quintos,MANILA,3,2,BARANGAY 626,,,14.601389,121.004535,,,,,,,16,2018-05-22,OSP
MNL002 LP114 NP3-4,MNL002,LP114,NP3-4,MNL002 LP114,Don Quintos,MANILA,3,2,BARANGAY 626,,,14.601006,121.004549,,,,,,,16,2018-05-22,OSP
MNL002 LP114 NP5-6,MNL002,LP114,NP5-6,MNL002 LP114,Don Quintos,MANILA,3,2,BARANGAY 626,,,14.601072,121.005286,,,,,,,16,2018-05-22,OSP
MNL002 LP114 NP7-8,MNL002,LP114,NP7-8,MNL002 LP114,Don Quintos,MANILA,3,2,BARANGAY 626,,,14.60114,121.005771,,,,,,,16,2020-08-04,OSP
MNL002 LP115 NP1-2,MNL002,LP115,NP1-2,MNL002 LP115,Don Quintos,MANILA,3,2,BARANGAY 626,,,14.601518,121.006169,,,,,,,16,2018-05-22,OSP
MNL002 LP115 NP3-4,MNL002,LP115,NP3-4,MNL002 LP115,Don Quintos,MANILA,3,2,BARANGAY 626,,,14.60116,121.006164,,,,,,,16,2018-05-22,OSP
MNL002 LP115 NP5-6,MNL002,LP115,NP5-6,MNL002 LP115,Don Quintos,MANILA,3,2,BARANGAY 626,,,14.600692,121.006013,,,,,,,16,2018-05-22,OSP
MNL002 LP368 NP3-4,MNL002,LP368,NP3-4,MNL002 LP368,Don Quintos,MANILA,3,2,BARANGAY 626,,,14.600636,121.005092,,,,,,,16,2020-03-16,OSP
MNL002 LP368 NP5-6,MNL002,LP368,NP5-6,MNL002 LP368,Don Quintos,MANILA,3,2,BARANGAY 626,,,14.600287,121.006117,,,,,,,16,2020-03-16,OSP
MNL035 LP53 NP1-2,MNL035,LP53,NP1-2,MNL035 LP53,Pureza (Legarda / Lacson),MANILA,3,2,BARANGAY 626,,,14.601636,121.006141,,,,,,,16,2021-05-29,OSP
MNL035 LP249 NP1-2,MNL035,LP249,NP1-2,MNL035 LP249,Pureza (Legarda / Lacson),MANILA,3,2,BARANGAY 626,,,14.600266,121.005785,,,,,,,16,2021-06-25,OSP
MNL035 LP249 NP3-4,MNL035,LP249,NP3-4,MNL035 LP249,Pureza (Legarda / Lacson),MANILA,3,2,BARANGAY 626,,,14.600187,121.004999,,,,,,,16,2021-06-25,OSP
MNL035 LP249 NP5-6,MNL035,LP249,NP5-6,MNL035 LP249,Pureza (Legarda / Lacson),MANILA,3,2,BARANGAY 626,,,14.600729,121.005816,,,,,,,16,2021-06-25,OSP
MNL035 LP249 NP7-8,MNL035,LP249,NP7-8,MNL035 LP249,Pureza (Legarda / Lacson),MANILA,3,2,BARANGAY 626,,,14.600661,121.005155,,,,,,,16,2021-06-25,OSP
MNL035 LP250 NP3-4,MNL035,LP250,NP3-4,MNL035 LP250,Pureza (Legarda / Lacson),MANILA,3,2,BARANGAY 626,,,14.599905,121.004628,,,,,,,16,2021-06-25,OSP
MNL035 LP245 NP3-4,MNL035,LP245,NP3-4,MNL035 LP245,Pureza (Legarda / Lacson),MANILA,3,2,BARANGAY 626,,,14.60111,121.005154,,,,,,,16,2021-06-25,OSP
MNL035 LP245 NP5-6,MNL035,LP245,NP5-6,MNL035 LP245,Pureza (Legarda / Lacson),MANILA,3,2,BARANGAY 626,,,14.601175,121.005752,,,,,,,16,2021-06-25,OSP
MNL035 LP245 NP7-8,MNL035,LP245,NP7-8,MNL035 LP245,Pureza (Legarda / Lacson),MANILA,3,2,BARANGAY 626,,,14.601232,121.006149,,,,,,,16,2021-06-25,OSP
MNL035 LP248 NP1-2,MNL035,LP248,NP1-2,MNL035 LP248,Pureza (Legarda / Lacson),MANILA,3,2,BARANGAY 626,,,14.600313,121.006113,,,,,,,16,2021-06-25,OSP
MNL002 LP115 NP7-8,MNL002,LP115,NP7-8,MNL002 LP115,Don Quintos,MANILA,3,2,BARANGAY 627,,,14.600759,121.006782,,,,,,,16,2018-05-22,OSP
MNL002 LP368 NP7-8,MNL002,LP368,NP7-8,MNL002 LP368,Don Quintos,MANILA,3,2,BARANGAY 627,,,14.600364,121.006917,,,,,,,16,2020-03-16,OSP
MNL035 LP248 NP3-4,MNL035,LP248,NP3-4,MNL035 LP248,Pureza (Legarda / Lacson),MANILA,3,2,BARANGAY 627,,,14.60076,121.006076,,,,,,,16,2021-06-25,OSP
MNL035 LP248 NP5-6,MNL035,LP248,NP5-6,MNL035 LP248,Pureza (Legarda / Lacson),MANILA,3,2,BARANGAY 627,,,14.600788,121.006418,,,,,,,16,2021-06-25,OSP
MNL035 LP248 NP7-8,MNL035,LP248,NP7-8,MNL035 LP248,Pureza (Legarda / Lacson),MANILA,3,2,BARANGAY 627,,,14.60087,121.007331,,,,,,,16,2021-06-25,OSP
MNL035 LP246 NP1-2,MNL035,LP246,NP1-2,MNL035 LP246,Pureza (Legarda / Lacson),MANILA,3,2,BARANGAY 627,,,14.601184,121.006376,,,,,,,16,2021-06-25,OSP
MNL035 LP246 NP3-4,MNL035,LP246,NP3-4,MNL035 LP246,Pureza (Legarda / Lacson),MANILA,3,2,BARANGAY 627,,,14.601312,121.007121,,,,,,,16,2021-06-25,OSP
MNL035 LP246 NP5-6,MNL035,LP246,NP5-6,MNL035 LP246,Pureza (Legarda / Lacson),MANILA,3,2,BARANGAY 627,,,14.601125,121.007666,,,,,,,16,2021-06-25,OSP
MNL035 LP246 NP7-8,MNL035,LP246,NP7-8,MNL035 LP246,Pureza (Legarda / Lacson),MANILA,3,2,BARANGAY 627,,,14.600818,121.007935,,,,,,,16,2021-06-25,OSP
MNL035 LP247 NP1-2,MNL035,LP247,NP1-2,MNL035 LP247,Pureza (Legarda / Lacson),MANILA,3,2,BARANGAY 627,,,14.600487,121.007932,,,,,,,16,2021-06-25,OSP
MNL035 LP247 NP3-4,MNL035,LP247,NP3-4,MNL035 LP247,Pureza (Legarda / Lacson),MANILA,3,2,BARANGAY 627,,,14.600446,121.007575,,,,,,,16,2021-06-25,OSP
MNL035 LP247 NP5-6,MNL035,LP247,NP5-6,MNL035 LP247,Pureza (Legarda / Lacson),MANILA,3,2,BARANGAY 627,,,14.600372,121.006823,,,,,,,16,2021-06-25,OSP
MNL035 LP247 NP7-8,MNL035,LP247,NP7-8,MNL035 LP247,Pureza (Legarda / Lacson),MANILA,3,2,BARANGAY 627,,,14.600338,121.006491,,,,,,,16,2021-06-25,OSP
MNL002 LP117 NP5-6,MNL002,LP117,NP5-6,MNL002 LP117,Don Quintos,MANILA,3,2,BARANGAY 628,,,14.600156,121.010422,,,,,,,16,2018-05-22,OSP
MNL002 LP118 NP1-2,MNL002,LP118,NP1-2,MNL002 LP118,Don Quintos,MANILA,3,2,BARANGAY 628,,,14.599895,121.008828,,,,,,,16,2018-05-22,OSP
MNL002 LP118 NP3-4,MNL002,LP118,NP3-4,MNL002 LP118,Don Quintos,MANILA,3,2,BARANGAY 628,,,14.600052,121.008318,,,,,,,16,2018-05-22,OSP
MNL002 LP118 NP5-6,MNL002,LP118,NP5-6,MNL002 LP118,Don Quintos,MANILA,3,2,BARANGAY 628,,,14.60004,121.007737,,,,,,,16,2018-05-22,OSP
MNL002 LP118 NP7-8,MNL002,LP118,NP7-8,MNL002 LP118,Don Quintos,MANILA,3,2,BARANGAY 628,,,14.600033,121.007158,,,,,,,16,2018-05-22,OSP
MNL002 LP119 NP1-2,MNL002,LP119,NP1-2,MNL002 LP119,Don Quintos,MANILA,3,2,BARANGAY 628,,,14.599539,121.008015,,,,,,,16,2018-05-22,OSP
MNL002 LP119 NP3-4,MNL002,LP119,NP3-4,MNL002 LP119,Don Quintos,MANILA,3,2,BARANGAY 628,,,14.599287,121.007244,,,,,,,16,2018-05-22,OSP
MNL002 LP119 NP5-6,MNL002,LP119,NP5-6,MNL002 LP119,Don Quintos,MANILA,3,2,BARANGAY 628,,,14.599091,121.006672,,,,,,,16,2018-05-22,OSP
MNL002 LP119 NP7-8,MNL002,LP119,NP7-8,MNL002 LP119,Don Quintos,MANILA,3,2,BARANGAY 628,,,14.599224,121.007096,,,,,,,16,2020-08-04,OSP
MNL002 LP120 NP1-2,MNL002,LP120,NP1-2,MNL002 LP120,Don Quintos,MANILA,3,2,BARANGAY 628,,,14.59893,121.006036,,,,,,,16,2018-05-22,OSP
MNL002 LP120 NP3-4,MNL002,LP120,NP3-4,MNL002 LP120,Don Quintos,MANILA,3,2,BARANGAY 628,,,14.599965,121.006308,,,,,,,16,2018-05-22,OSP
MNL002 LP120 NP5-6,MNL002,LP120,NP5-6,MNL002 LP120,Don Quintos,MANILA,3,2,BARANGAY 628,,,14.600018,121.006862,,,,,,,16,2018-05-22,OSP
MNL002 LP120 NP7-8,MNL002,LP120,NP7-8,MNL002 LP120,Don Quintos,MANILA,3,2,BARANGAY 628,,,14.59976,121.006587,,,,,,,16,2020-08-04,OSP
MNL002 LP121 NP1-2,MNL002,LP121,NP1-2,MNL002 LP121,Don Quintos,MANILA,3,2,BARANGAY 628,,,14.59861,121.004799,,,,,,,16,2018-05-22,OSP
MNL002 LP121 NP3-4,MNL002,LP121,NP3-4,MNL002 LP121,Don Quintos,MANILA,3,2,BARANGAY 628,,,14.599348,121.004687,,,,,,,16,2018-05-22,OSP
MNL002 LP122 NP1-2,MNL002,LP122,NP1-2,MNL002 LP122,Don Quintos,MANILA,3,2,BARANGAY 628,,,14.598223,121.004016,,,,,,,16,2018-05-22,OSP
MNL002 LP122 NP3-4,MNL002,LP122,NP3-4,MNL002 LP122,Don Quintos,MANILA,3,2,BARANGAY 628,,,14.597847,121.003154,,,,,,,16,2018-05-22,OSP
MNL002 LP117 NP1-2,MNL002,LP117,NP1-2,MNL002 LP117,Don Quintos,MANILA,3,2,BARANGAY 628,,,14.600006,121.009239,,,,,,,16,2018-05-22,OSP
MNL002 LP117 NP3-4,MNL002,LP117,NP3-4,MNL002 LP117,Don Quintos,MANILA,3,2,BARANGAY 628,,,14.60011,121.009835,,,,,,,16,2018-05-22,OSP
MNL002 LP366 NP5-6,MNL002,LP366,NP5-6,MNL002 LP366,Don Quintos,MANILA,3,2,BARANGAY 628,,,14.600055,121.009188,,,,,,,16,2020-03-16,OSP
MNL002 LP366 NP7-8,MNL002,LP366,NP7-8,MNL002 LP366,Don Quintos,MANILA,3,2,BARANGAY 628,,,14.600131,121.009805,,,,,,,16,2020-03-16,OSP
MNL002 LP367 NP1-2,MNL002,LP367,NP1-2,MNL002 LP367,Don Quintos,MANILA,3,2,BARANGAY 628,,,14.59977,121.009379,,,,,,,16,2020-03-16,OSP
MNL002 LP367 NP3-4,MNL002,LP367,NP3-4,MNL002 LP367,Don Quintos,MANILA,3,2,BARANGAY 628,,,14.599872,121.010111,,,,,,,16,2020-03-16,OSP
MNL002 LP367 NP5-6,MNL002,LP367,NP5-6,MNL002 LP367,Don Quintos,MANILA,3,2,BARANGAY 628,,,14.599641,121.00983,,,,,,,16,2020-03-16,OSP
MNL002 LP367 NP7-8,MNL002,LP367,NP7-8,MNL002 LP367,Don Quintos,MANILA,3,2,BARANGAY 628,,,14.59973,121.01069,,,,,,,16,2020-03-16,OSP
MNL002 LP369 NP1-2,MNL002,LP369,NP1-2,MNL002 LP369,Don Quintos,MANILA,3,2,BARANGAY 628,,,14.599253,121.004705,,,,,,,16,2020-03-16,OSP
MNL002 LP369 NP3-4,MNL002,LP369,NP3-4,MNL002 LP369,Don Quintos,MANILA,3,2,BARANGAY 628,,,14.598508,121.004745,,,,,,,16,2020-03-16,OSP
MNL002 LP369 NP5-6,MNL002,LP369,NP5-6,MNL002 LP369,Don Quintos,MANILA,3,2,BARANGAY 628,,,14.597934,121.003199,,,,,,,16,2020-03-16,OSP
MNL002 LP370 NP1-2,MNL002,LP370,NP1-2,MNL002 LP370,Don Quintos,MANILA,3,2,BARANGAY 628,,,14.598774,121.00589,,,,,,,16,2020-03-16,OSP
MNL002 LP370 NP3-4,MNL002,LP370,NP3-4,MNL002 LP370,Don Quintos,MANILA,3,2,BARANGAY 628,,,14.599262,121.005942,,,,,,,16,2020-03-16,OSP
MNL002 LP370 NP5-6,MNL002,LP370,NP5-6,MNL002 LP370,Don Quintos,MANILA,3,2,BARANGAY 628,,,14.599661,121.007205,,,,,,,16,2020-03-16,OSP
MNL002 LP370 NP7-8,MNL002,LP370,NP7-8,MNL002 LP370,Don Quintos,MANILA,3,2,BARANGAY 628,,,14.599359,121.007519,,,,,,,16,2020-03-16,OSP
MNL035 LP270 NP7-8,MNL035,LP270,NP7-8,MNL035 LP270,Pureza (Legarda / Lacson),MANILA,3,2,BARANGAY 628,,,14.599875,121.009772,,,,,,,16,2021-07-27,OSP
MNL035 LP271 NP1-2,MNL035,LP271,NP1-2,MNL035 LP271,Pureza (Legarda / Lacson),MANILA,3,2,BARANGAY 628,,,14.600149,121.00979,,,,,,,16,2021-07-27,OSP
MNL035 LP271 NP3-4,MNL035,LP271,NP3-4,MNL035 LP271,Pureza (Legarda / Lacson),MANILA,3,2,BARANGAY 628,,,14.600186,121.01001,,,,,,,16,2021-07-27,OSP
MNL035 LP271 NP5-6,MNL035,LP271,NP5-6,MNL035 LP271,Pureza (Legarda / Lacson),MANILA,3,2,BARANGAY 628,,,14.600206,121.010456,,,,,,,16,2021-07-27,OSP
MNL035 LP272 NP1-2,MNL035,LP272,NP1-2,MNL035 LP272,Pureza (Legarda / Lacson),MANILA,3,2,BARANGAY 628,,,14.599628,121.00944,,,,,,,16,2021-07-27,OSP
MNL035 LP272 NP3-4,MNL035,LP272,NP3-4,MNL035 LP272,Pureza (Legarda / Lacson),MANILA,3,2,BARANGAY 628,,,14.59971,121.010242,,,,,,,16,2021-07-27,OSP
MNL035 LP273 NP1-2,MNL035,LP273,NP1-2,MNL035 LP273,Pureza (Legarda / Lacson),MANILA,3,2,BARANGAY 628,,,14.599844,121.008932,,,,,,,16,2021-07-27,OSP
MNL035 LP273 NP3-4,MNL035,LP273,NP3-4,MNL035 LP273,Pureza (Legarda / Lacson),MANILA,3,2,BARANGAY 628,,,14.600134,121.008795,,,,,,,16,2021-07-27,OSP
MNL035 LP273 NP5-6,MNL035,LP273,NP5-6,MNL035 LP273,Pureza (Legarda / Lacson),MANILA,3,2,BARANGAY 628,,,14.59993,121.007901,,,,,,,16,2021-07-27,OSP
MNL035 LP273 NP7-8,MNL035,LP273,NP7-8,MNL035 LP273,Pureza (Legarda / Lacson),MANILA,3,2,BARANGAY 628,,,14.599809,121.007561,,,,,,,16,2021-07-27,OSP
MNL035 LP274 NP1-2,MNL035,LP274,NP1-2,MNL035 LP274,Pureza (Legarda / Lacson),MANILA,3,2,BARANGAY 628,,,14.600126,121.008505,,,,,,,16,2021-07-27,OSP
MNL035 LP274 NP3-4,MNL035,LP274,NP3-4,MNL035 LP274,Pureza (Legarda / Lacson),MANILA,3,2,BARANGAY 628,,,14.600101,121.007931,,,,,,,16,2021-07-27,OSP
MNL035 LP274 NP5-6,MNL035,LP274,NP5-6,MNL035 LP274,Pureza (Legarda / Lacson),MANILA,3,2,BARANGAY 628,,,14.600075,121.007564,,,,,,,16,2021-07-27,OSP
MNL035 LP274 NP7-8,MNL035,LP274,NP7-8,MNL035 LP274,Pureza (Legarda / Lacson),MANILA,3,2,BARANGAY 628,,,14.600133,121.007202,,,,,,,16,2021-07-27,OSP
MNL035 LP275 NP1-2,MNL035,LP275,NP1-2,MNL035 LP275,Pureza (Legarda / Lacson),MANILA,3,2,BARANGAY 628,,,14.600099,121.00687,,,,,,,16,2021-07-27,OSP
MNL035 LP275 NP3-4,MNL035,LP275,NP3-4,MNL035 LP275,Pureza (Legarda / Lacson),MANILA,3,2,BARANGAY 628,,,14.600059,121.006384,,,,,,,16,2021-07-27,OSP
MNL035 LP269 NP7-8,MNL035,LP269,NP7-8,MNL035 LP269,Pureza (Legarda / Lacson),MANILA,3,2,BARANGAY 628,,,14.600085,121.009195,,,,,,,16,2021-07-27,OSP
MNL035 LP270 NP1-2,MNL035,LP270,NP1-2,MNL035 LP270,Pureza (Legarda / Lacson),MANILA,3,2,BARANGAY 628,,,14.600108,121.009399,,,,,,,16,2021-07-27,OSP
MNL035 LP270 NP3-4,MNL035,LP270,NP3-4,MNL035 LP270,Pureza (Legarda / Lacson),MANILA,3,2,BARANGAY 628,,,14.599979,121.009298,,,,,,,16,2021-07-27,OSP
MNL035 LP270 NP5-6,MNL035,LP270,NP5-6,MNL035 LP270,Pureza (Legarda / Lacson),MANILA,3,2,BARANGAY 628,,,14.599787,121.009384,,,,,,,16,2021-07-27,OSP
MNL035 LP251 NP5-6,MNL035,LP251,NP5-6,MNL035 LP251,Pureza (Legarda / Lacson),MANILA,3,2,BARANGAY 628,,,14.598473,121.004366,,,,,,,16,2021-06-25,OSP
MNL035 LP251 NP7-8,MNL035,LP251,NP7-8,MNL035 LP251,Pureza (Legarda / Lacson),MANILA,3,2,BARANGAY 628,,,14.598235,121.003845,,,,,,,16,2021-06-25,OSP
MNL035 LP252 NP1-2,MNL035,LP252,NP1-2,MNL035 LP252,Pureza (Legarda / Lacson),MANILA,3,2,BARANGAY 628,,,14.598054,121.003425,,,,,,,16,2021-06-25,OSP
MNL035 LP252 NP3-4,MNL035,LP252,NP3-4,MNL035 LP252,Pureza (Legarda / Lacson),MANILA,3,2,BARANGAY 628,,,14.597869,121.003009,,,,,,,16,2021-06-25,OSP
MNL035 LP250 NP5-6,MNL035,LP250,NP5-6,MNL035 LP250,Pureza (Legarda / Lacson),MANILA,3,2,BARANGAY 628,,,14.599163,121.004719,,,,,,,16,2021-06-25,OSP
MNL035 LP250 NP7-8,MNL035,LP250,NP7-8,MNL035 LP250,Pureza (Legarda / Lacson),MANILA,3,2,BARANGAY 628,,,14.598882,121.004715,,,,,,,16,2021-06-25,OSP
MNL035 LP251 NP1-2,MNL035,LP251,NP1-2,MNL035 LP251,Pureza (Legarda / Lacson),MANILA,3,2,BARANGAY 628,,,14.598506,121.004745,,,,,,,16,2021-06-25,OSP
MNL035 LP251 NP3-4,MNL035,LP251,NP3-4,MNL035 LP251,Pureza (Legarda / Lacson),MANILA,3,2,BARANGAY 628,,,14.598683,121.005327,,,,,,,16,2021-06-25,OSP
MNL035 LP242 NP1-2,MNL035,LP242,NP1-2,MNL035 LP242,Pureza (Legarda / Lacson),MANILA,3,2,BARANGAY 628,,,14.598841,121.003406,,,,,,,16,2021-06-25,OSP
MNL035 LP280 NP1-2,MNL035,LP280,NP1-2,MNL035 LP280,Pureza (Legarda / Lacson),MANILA,3,2,BARANGAY 628,,,14.598857,121.006063,,,,,,,16,2021-07-27,OSP
MNL035 LP280 NP3-4,MNL035,LP280,NP3-4,MNL035 LP280,Pureza (Legarda / Lacson),MANILA,3,2,BARANGAY 628,,,14.59867,121.00528,,,,,,,16,2021-07-27,OSP
MNL035 LP280 NP5-6,MNL035,LP280,NP5-6,MNL035 LP280,Pureza (Legarda / Lacson),MANILA,3,2,BARANGAY 628,,,14.598715,121.006098,,,,,,,16,2021-07-27,OSP
MNL035 LP280 NP7-8,MNL035,LP280,NP7-8,MNL035 LP280,Pureza (Legarda / Lacson),MANILA,3,2,BARANGAY 628,,,14.598655,121.006305,,,,,,,16,2021-07-27,OSP
MNL035 LP281 NP1-2,MNL035,LP281,NP1-2,MNL035 LP281,Pureza (Legarda / Lacson),MANILA,3,2,BARANGAY 628,,,14.59858,121.006619,,,,,,,16,2021-07-27,OSP
MNL035 LP281 NP3-4-5,MNL035,LP281,NP3-4-5,MNL035 LP281,Pureza (Legarda / Lacson),MANILA,3,2,BARANGAY 628,,,14.598425,121.006901,,,,,,,24,2021-07-27,OSP
MNL035 LP281 NP6-7-8,MNL035,LP281,NP6-7-8,MNL035 LP281,Pureza (Legarda / Lacson),MANILA,3,2,BARANGAY 628,,,14.59834,121.007161,,,,,,,24,2021-07-27,OSP
MNL035 LP275 NP5-6,MNL035,LP275,NP5-6,MNL035 LP275,Pureza (Legarda / Lacson),MANILA,3,2,BARANGAY 628,,,14.600006,121.006153,,,,,,,16,2021-07-27,OSP
MNL035 LP275 NP7-8,MNL035,LP275,NP7-8,MNL035 LP275,Pureza (Legarda / Lacson),MANILA,3,2,BARANGAY 628,,,14.599765,121.005906,,,,,,,16,2021-07-27,OSP
MNL035 LP276 NP1-2,MNL035,LP276,NP1-2,MNL035 LP276,Pureza (Legarda / Lacson),MANILA,3,2,BARANGAY 628,,,14.599272,121.005932,,,,,,,16,2021-07-27,OSP
MNL035 LP276 NP3-4,MNL035,LP276,NP3-4,MNL035 LP276,Pureza (Legarda / Lacson),MANILA,3,2,BARANGAY 628,,,14.598949,121.005956,,,,,,,16,2021-07-27,OSP
MNL035 LP276 NP5-6,MNL035,LP276,NP5-6,MNL035 LP276,Pureza (Legarda / Lacson),MANILA,3,2,BARANGAY 628,,,14.599387,121.00612,,,,,,,16,2021-07-27,OSP
MNL035 LP276 NP7-8,MNL035,LP276,NP7-8,MNL035 LP276,Pureza (Legarda / Lacson),MANILA,3,2,BARANGAY 628,,,14.599439,121.006487,,,,,,,16,2021-07-27,OSP
MNL035 LP277 NP1-2,MNL035,LP277,NP1-2,MNL035 LP277,Pureza (Legarda / Lacson),MANILA,3,2,BARANGAY 628,,,14.599594,121.00691,,,,,,,16,2021-07-27,OSP
MNL035 LP277 NP3-4,MNL035,LP277,NP3-4,MNL035 LP277,Pureza (Legarda / Lacson),MANILA,3,2,BARANGAY 628,,,14.599687,121.007197,,,,,,,16,2021-07-27,OSP
MNL035 LP277 NP5-6,MNL035,LP277,NP5-6,MNL035 LP277,Pureza (Legarda / Lacson),MANILA,3,2,BARANGAY 628,,,14.599288,121.007275,,,,,,,16,2021-07-27,OSP
MNL035 LP277 NP7-8,MNL035,LP277,NP7-8,MNL035 LP277,Pureza (Legarda / Lacson),MANILA,3,2,BARANGAY 628,,,14.599213,121.007077,,,,,,,16,2021-07-27,OSP
MNL035 LP278 NP1-2,MNL035,LP278,NP1-2,MNL035 LP278,Pureza (Legarda / Lacson),MANILA,3,2,BARANGAY 628,,,14.59936,121.007502,,,,,,,16,2021-07-27,OSP
MNL035 LP278 NP3-4,MNL035,LP278,NP3-4,MNL035 LP278,Pureza (Legarda / Lacson),MANILA,3,2,BARANGAY 628,,,14.599466,121.007818,,,,,,,16,2021-07-27,OSP
MNL035 LP278 NP5-6,MNL035,LP278,NP5-6,MNL035 LP278,Pureza (Legarda / Lacson),MANILA,3,2,BARANGAY 628,,,14.599575,121.008137,,,,,,,16,2021-07-27,OSP
MNL035 LP278 NP7-8,MNL035,LP278,NP7-8,MNL035 LP278,Pureza (Legarda / Lacson),MANILA,3,2,BARANGAY 628,,,14.599668,121.008407,,,,,,,16,2021-07-27,OSP
MNL035 LP279 NP1-2,MNL035,LP279,NP1-2,MNL035 LP279,Pureza (Legarda / Lacson),MANILA,3,2,BARANGAY 628,,,14.599132,121.006846,,,,,,,16,2021-07-27,OSP
MNL035 LP279 NP3-4-5,MNL035,LP279,NP3-4-5,MNL035 LP279,Pureza (Legarda / Lacson),MANILA,3,2,BARANGAY 628,,,14.599067,121.006672,,,,,,,24,2021-07-27,OSP
MNL035 LP279 NP6-7-8,MNL035,LP279,NP6-7-8,MNL035 LP279,Pureza (Legarda / Lacson),MANILA,3,2,BARANGAY 628,,,14.598967,121.006389,,,,,,,24,2021-07-27,OSP
MNL002 LP117 NP7-8,MNL002,LP117,NP7-8,MNL002 LP117,Don Quintos,MANILA,3,2,BARANGAY 629,,,14.599913,121.010947,,,,,,,16,2020-08-04,OSP
MNL002 LP116 NP1-2,MNL002,LP116,NP1-2,MNL002 LP116,Don Quintos,MANILA,3,2,BARANGAY 629,,,14.600561,121.008818,,,,,,,16,2018-05-22,OSP
MNL002 LP116 NP3-4,MNL002,LP116,NP3-4,MNL002 LP116,Don Quintos,MANILA,3,2,BARANGAY 629,,,14.600665,121.009229,,,,,,,16,2018-05-22,OSP
MNL002 LP116 NP5-6,MNL002,LP116,NP5-6,MNL002 LP116,Don Quintos,MANILA,3,2,BARANGAY 629,,,14.600721,121.009646,,,,,,,16,2018-05-22,OSP
MNL002 LP116 NP7-8,MNL002,LP116,NP7-8,MNL002 LP116,Don Quintos,MANILA,3,2,BARANGAY 629,,,14.600609,121.010169,,,,,,,16,2018-05-22,OSP
MNL002 LP366 NP1-2,MNL002,LP366,NP1-2,MNL002 LP366,Don Quintos,MANILA,3,2,BARANGAY 629,,,14.600241,121.008978,,,,,,,16,2020-03-16,OSP
MNL002 LP366 NP3-4,MNL002,LP366,NP3-4,MNL002 LP366,Don Quintos,MANILA,3,2,BARANGAY 629,,,14.600377,121.009752,,,,,,,16,2020-03-16,OSP
MNL002 LP384 NP3-4,MNL002,LP384,NP3-4,MNL002 LP384,Don Quintos,MANILA,3,2,BARANGAY 629,,,14.601779,121.007863,,,,,,,16,2020-06-23,OSP
MNL035 LP53 NP3-4,MNL035,LP53,NP3-4,MNL035 LP53,Pureza (Legarda / Lacson),MANILA,3,2,BARANGAY 629,,,14.60175,121.007703,,,,,,,16,2021-05-29,OSP
MNL035 LP53 NP5-6,MNL035,LP53,NP5-6,MNL035 LP53,Pureza (Legarda / Lacson),MANILA,3,2,BARANGAY 629,,,14.60184,121.008598,,,,,,,16,2021-05-29,OSP
MNL035 LP271 NP7-8,MNL035,LP271,NP7-8,MNL035 LP271,Pureza (Legarda / Lacson),MANILA,3,2,BARANGAY 629,,,14.599879,121.011001,,,,,,,16,2021-07-27,OSP
MNL035 LP267 NP5-6,MNL035,LP267,NP5-6,MNL035 LP267,Pureza (Legarda / Lacson),MANILA,3,2,BARANGAY 629,,,14.601188,121.008747,,,,,,,16,2021-07-27,OSP
MNL035 LP267 NP7-8,MNL035,LP267,NP7-8,MNL035 LP267,Pureza (Legarda / Lacson),MANILA,3,2,BARANGAY 629,,,14.601467,121.008545,,,,,,,16,2021-07-27,OSP
MNL035 LP268 NP1-2,MNL035,LP268,NP1-2,MNL035 LP268,Pureza (Legarda / Lacson),MANILA,3,2,BARANGAY 629,,,14.601473,121.009,,,,,,,16,2021-07-27,OSP
MNL035 LP268 NP3-4,MNL035,LP268,NP3-4,MNL035 LP268,Pureza (Legarda / Lacson),MANILA,3,2,BARANGAY 629,,,14.601162,121.009243,,,,,,,16,2021-07-27,OSP
MNL035 LP268 NP5-6,MNL035,LP268,NP5-6,MNL035 LP268,Pureza (Legarda / Lacson),MANILA,3,2,BARANGAY 629,,,14.600815,121.00955,,,,,,,16,2021-07-27,OSP
MNL035 LP268 NP7-8,MNL035,LP268,NP7-8,MNL035 LP268,Pureza (Legarda / Lacson),MANILA,3,2,BARANGAY 629,,,14.600718,121.009867,,,,,,,16,2021-07-27,OSP
MNL035 LP269 NP1-2,MNL035,LP269,NP1-2,MNL035 LP269,Pureza (Legarda / Lacson),MANILA,3,2,BARANGAY 629,,,14.600583,121.008722,,,,,,,16,2021-07-27,OSP
MNL035 LP269 NP3-4,MNL035,LP269,NP3-4,MNL035 LP269,Pureza (Legarda / Lacson),MANILA,3,2,BARANGAY 629,,,14.600334,121.009034,,,,,,,16,2021-07-27,OSP
MNL035 LP269 NP5-6,MNL035,LP269,NP5-6,MNL035 LP269,Pureza (Legarda / Lacson),MANILA,3,2,BARANGAY 629,,,14.60036,121.009369,,,,,,,16,2021-07-27,OSP
MNL035 LP266 NP1-2,MNL035,LP266,NP1-2,MNL035 LP266,Pureza (Legarda / Lacson),MANILA,3,2,BARANGAY 629,,,14.60144,121.007976,,,,,,,16,2021-07-27,OSP
MNL035 LP266 NP3-4,MNL035,LP266,NP3-4,MNL035 LP266,Pureza (Legarda / Lacson),MANILA,3,2,BARANGAY 629,,,14.601159,121.008225,,,,,,,16,2021-07-27,OSP
MNL035 LP266 NP5-6,MNL035,LP266,NP5-6,MNL035 LP266,Pureza (Legarda / Lacson),MANILA,3,2,BARANGAY 629,,,14.600768,121.008566,,,,,,,16,2021-07-27,OSP
MNL035 LP266 NP7-8,MNL035,LP266,NP7-8,MNL035 LP266,Pureza (Legarda / Lacson),MANILA,3,2,BARANGAY 629,,,14.600588,121.008951,,,,,,,16,2021-07-27,OSP
MNL035 LP267 NP1-2,MNL035,LP267,NP1-2,MNL035 LP267,Pureza (Legarda / Lacson),MANILA,3,2,BARANGAY 629,,,14.600648,121.009194,,,,,,,16,2021-07-27,OSP
MNL035 LP267 NP3-4,MNL035,LP267,NP3-4,MNL035 LP267,Pureza (Legarda / Lacson),MANILA,3,2,BARANGAY 629,,,14.600899,121.008985,,,,,,,16,2021-07-27,OSP
MNL002 LP121 NP5-6,MNL002,LP121,NP5-6,MNL002 LP121,Don Quintos,MANILA,3,2,BARANGAY 631,,,14.600086,121.004633,,,,,,,16,2018-05-22,OSP
MNL002 LP125 NP1-2,MNL002,LP125,NP1-2,MNL002 LP125,Don Quintos,MANILA,3,2,BARANGAY 631,,,14.601293,121.003136,,,,,,,16,2018-05-22,OSP
MNL002 LP125 NP3-4,MNL002,LP125,NP3-4,MNL002 LP125,Don Quintos,MANILA,3,2,BARANGAY 631,,,14.600838,121.003177,,,,,,,16,2018-05-22,OSP
MNL002 LP125 NP5-6,MNL002,LP125,NP5-6,MNL002 LP125,Don Quintos,MANILA,3,2,BARANGAY 631,,,14.600098,121.003256,,,,,,,16,2018-05-22,OSP
MNL002 LP125 NP7-8,MNL002,LP125,NP7-8,MNL002 LP125,Don Quintos,MANILA,3,2,BARANGAY 631,,,14.600397,121.003604,,,,,,,16,2020-08-04,OSP
MNL002 LP368 NP1-2,MNL002,LP368,NP1-2,MNL002 LP368,Don Quintos,MANILA,3,2,BARANGAY 631,,,14.600519,121.004595,,,,,,,16,2020-03-16,OSP
MNL035 LP250 NP1-2,MNL035,LP250,NP1-2,MNL035 LP250,Pureza (Legarda / Lacson),MANILA,3,2,BARANGAY 631,,,14.600546,121.004554,,,,,,,16,2021-06-25,OSP
MNL035 LP245 NP1-2,MNL035,LP245,NP1-2,MNL035 LP245,Pureza (Legarda / Lacson),MANILA,3,2,BARANGAY 631,,,14.600882,121.00451,,,,,,,16,2021-06-25,OSP
MNL035 LP238 NP5-6,MNL035,LP238,NP5-6,MNL035 LP238,Pureza (Legarda / Lacson),MANILA,3,2,BARANGAY 631,,,14.601391,121.003205,,,,,,,16,2021-06-25,OSP
MNL035 LP238 NP7-8,MNL035,LP238,NP7-8,MNL035 LP238,Pureza (Legarda / Lacson),MANILA,3,2,BARANGAY 631,,,14.600948,121.003224,,,,,,,16,2021-06-25,OSP
MNL035 LP239 NP1-2,MNL035,LP239,NP1-2,MNL035 LP239,Pureza (Legarda / Lacson),MANILA,3,2,BARANGAY 631,,,14.600891,121.003499,,,,,,,16,2021-06-25,OSP
MNL035 LP239 NP3-4,MNL035,LP239,NP3-4,MNL035 LP239,Pureza (Legarda / Lacson),MANILA,3,2,BARANGAY 631,,,14.600927,121.003787,,,,,,,16,2021-06-25,OSP
MNL035 LP239 NP5-6,MNL035,LP239,NP5-6,MNL035 LP239,Pureza (Legarda / Lacson),MANILA,3,2,BARANGAY 631,,,14.600323,121.00364,,,,,,,16,2021-06-25,OSP
MNL035 LP239 NP7-8,MNL035,LP239,NP7-8,MNL035 LP239,Pureza (Legarda / Lacson),MANILA,3,2,BARANGAY 631,,,14.600028,121.003669,,,,,,,16,2021-06-25,OSP
MNL035 LP240 NP1-2,MNL035,LP240,NP1-2,MNL035 LP240,Pureza (Legarda / Lacson),MANILA,3,2,BARANGAY 631,,,14.600718,121.003225,,,,,,,16,2021-06-25,OSP
MNL035 LP240 NP3-4,MNL035,LP240,NP3-4,MNL035 LP240,Pureza (Legarda / Lacson),MANILA,3,2,BARANGAY 631,,,14.600266,121.003283,,,,,,,16,2021-06-25,OSP
MNL035 LP240 NP5-6,MNL035,LP240,NP5-6,MNL035 LP240,Pureza (Legarda / Lacson),MANILA,3,2,BARANGAY 631,,,14.599993,121.003317,,,,,,,16,2021-06-25,OSP
MNL035 LP241 NP1-2,MNL035,LP241,NP1-2,MNL035 LP241,Pureza (Legarda / Lacson),MANILA,3,2,BARANGAY 631,,,14.599846,121.003247,,,,,,,16,2021-06-25,OSP
MNL035 LP241 NP3-4-5,MNL035,LP241,NP3-4-5,MNL035 LP241,Pureza (Legarda / Lacson),MANILA,3,2,BARANGAY 631,,,14.599656,121.003305,,,,,,,24,2021-06-25,OSP
MNL035 LP241 NP6-7-8,MNL035,LP241,NP6-7-8,MNL035 LP241,Pureza (Legarda / Lacson),MANILA,3,2,BARANGAY 631,,,14.599188,121.003394,,,,,,,24,2021-06-25,OSP
MNL035 LP238 NP1-2,MNL035,LP238,NP1-2,MNL035 LP238,Pureza (Legarda / Lacson),MANILA,3,2,BARANGAY 631,,,14.601467,121.004196,,,,,,,16,2021-06-25,OSP
MNL035 LP238 NP3-4,MNL035,LP238,NP3-4,MNL035 LP238,Pureza (Legarda / Lacson),MANILA,3,2,BARANGAY 631,,,14.601435,121.003824,,,,,,,16,2021-06-25,OSP
MNL002 LP365 NP5-6,MNL002,LP365,NP5-6,MNL002 LP365,Don Quintos,MANILA,3,2,BARANGAY 632,,,14.600456,121.002736,,,,,,,16,2020-03-16,OSP
MNL002 LP365 NP7-8,MNL002,LP365,NP7-8,MNL002 LP365,Don Quintos,MANILA,3,2,BARANGAY 632,,,14.599802,121.002865,,,,,,,16,2020-03-16,OSP
MNL035 LP243 NP1-2,MNL035,LP243,NP1-2,MNL035 LP243,Pureza (Legarda / Lacson),MANILA,3,2,BARANGAY 632,,,14.600272,121.002764,,,,,,,16,2021-06-25,OSP
MNL035 LP243 NP3-4,MNL035,LP243,NP3-4,MNL035 LP243,Pureza (Legarda / Lacson),MANILA,3,2,BARANGAY 632,,,14.600708,121.002719,,,,,,,16,2021-06-25,OSP
MNL035 LP243 NP7-8,MNL035,LP243,NP7-8,MNL035 LP243,Pureza (Legarda / Lacson),MANILA,3,2,BARANGAY 632,,,14.601302,121.00265,,,,,,,16,2021-06-25,OSP
MNL035 LP240 NP7-8,MNL035,LP240,NP7-8,MNL035 LP240,Pureza (Legarda / Lacson),MANILA,3,2,BARANGAY 632,,,14.59994,121.002865,,,,,,,16,2021-06-25,OSP
MNL002 LP365 NP1-2,MNL002,LP365,NP1-2,MNL002 LP365,Don Quintos,MANILA,3,2,BARANGAY 633,,,14.600888,121.002767,,,,,,,16,2020-03-16,OSP
MNL002 LP365 NP3-4,MNL002,LP365,NP3-4,MNL002 LP365,Don Quintos,MANILA,3,2,BARANGAY 633,,,14.60043,121.002291,,,,,,,16,2020-03-16,OSP
MNL035 LP243 NP5-6,MNL035,LP243,NP5-6,MNL035 LP243,Pureza (Legarda / Lacson),MANILA,3,2,BARANGAY 633,,,14.600992,121.002677,,,,,,,16,2021-06-25,OSP
MNL002 LP124 NP1-2,MNL002,LP124,NP1-2,MNL002 LP124,Don Quintos,MANILA,3,2,BARANGAY 634,,,14.599621,121.00188,,,,,,,16,2018-05-22,OSP
MNL002 LP124 NP3-4,MNL002,LP124,NP3-4,MNL002 LP124,Don Quintos,MANILA,3,2,BARANGAY 634,,,14.600344,121.001715,,,,,,,16,2018-05-22,OSP
MNL002 LP124 NP5-6,MNL002,LP124,NP5-6,MNL002 LP124,Don Quintos,MANILA,3,2,BARANGAY 634,,,14.601161,121.001538,,,,,,,16,2018-05-22,OSP
MNL002 LP124 NP7-8,MNL002,LP124,NP7-8,MNL002 LP124,Don Quintos,MANILA,3,2,BARANGAY 634,,,14.601288,121.002257,,,,,,,16,2020-08-04,OSP
MNL002 LP373 NP5-6,MNL002,LP373,NP5-6,MNL002 LP373,Don Quintos,MANILA,3,2,BARANGAY 634,,,14.599694,120.999933,,,,,,,16,2020-03-16,OSP
MNL002 LP373 NP7-8,MNL002,LP373,NP7-8,MNL002 LP373,Don Quintos,MANILA,3,2,BARANGAY 634,,,14.600055,120.999764,,,,,,,16,2020-03-16,OSP
MNL002 LP371 NP7-8,MNL002,LP371,NP7-8,MNL002 LP371,Don Quintos,MANILA,3,2,BARANGAY 634,,,14.599621,121.000304,,,,,,,16,2020-03-16,OSP
MNL002 LP372 NP1-2,MNL002,LP372,NP1-2,MNL002 LP372,Don Quintos,MANILA,3,2,BARANGAY 634,,,14.599679,121.000882,,,,,,,16,2020-03-16,OSP
MNL002 LP372 NP3-4,MNL002,LP372,NP3-4,MNL002 LP372,Don Quintos,MANILA,3,2,BARANGAY 634,,,14.600114,121.001441,,,,,,,16,2020-03-16,OSP
MNL002 LP372 NP5-6,MNL002,LP372,NP5-6,MNL002 LP372,Don Quintos,MANILA,3,2,BARANGAY 634,,,14.599977,121.000158,,,,,,,16,2020-03-16,OSP
MNL002 LP372 NP7-8,MNL002,LP372,NP7-8,MNL002 LP372,Don Quintos,MANILA,3,2,BARANGAY 634,,,14.600047,121.000795,,,,,,,16,2020-08-07,OSP
MNL035 LP260 NP1-2,MNL035,LP260,NP1-2,MNL035 LP260,Pureza (Legarda / Lacson),MANILA,3,2,BARANGAY 634,,,14.599993,121.000158,,,,,,,16,2021-06-25,OSP
MNL035 LP260 NP3-4,MNL035,LP260,NP3-4,MNL035 LP260,Pureza (Legarda / Lacson),MANILA,3,2,BARANGAY 634,,,14.600039,121.000645,,,,,,,16,2021-06-25,OSP
MNL035 LP260 NP5-6,MNL035,LP260,NP5-6,MNL035 LP260,Pureza (Legarda / Lacson),MANILA,3,2,BARANGAY 634,,,14.600092,121.001131,,,,,,,16,2021-06-25,OSP
MNL035 LP260 NP7-8,MNL035,LP260,NP7-8,MNL035 LP260,Pureza (Legarda / Lacson),MANILA,3,2,BARANGAY 634,,,14.600122,121.001445,,,,,,,16,2021-06-25,OSP
MNL035 LP261 NP1-2,MNL035,LP261,NP1-2,MNL035 LP261,Pureza (Legarda / Lacson),MANILA,3,2,BARANGAY 634,,,14.599753,121.001421,,,,,,,16,2021-06-25,OSP
MNL035 LP261 NP3-4,MNL035,LP261,NP3-4,MNL035 LP261,Pureza (Legarda / Lacson),MANILA,3,2,BARANGAY 634,,,14.599675,121.000746,,,,,,,16,2021-06-25,OSP
MNL035 LP262 NP5-6,MNL035,LP262,NP5-6,MNL035 LP262,Pureza (Legarda / Lacson),MANILA,3,2,BARANGAY 634,,,14.599847,120.999875,,,,,,,16,2021-06-25,OSP
MNL035 LP257 NP3-4,MNL035,LP257,NP3-4,MNL035 LP257,Pureza (Legarda / Lacson),MANILA,3,2,BARANGAY 634,,,14.599791,121.001802,,,,,,,16,2021-06-25,OSP
MNL035 LP257 NP5-6,MNL035,LP257,NP5-6,MNL035 LP257,Pureza (Legarda / Lacson),MANILA,3,2,BARANGAY 634,,,14.600227,121.001737,,,,,,,16,2021-06-25,OSP
MNL035 LP257 NP7-8,MNL035,LP257,NP7-8,MNL035 LP257,Pureza (Legarda / Lacson),MANILA,3,2,BARANGAY 634,,,14.601149,121.001457,,,,,,,16,2021-06-25,OSP
MNL035 LP258 NP1-2,MNL035,LP258,NP1-2,MNL035 LP258,Pureza (Legarda / Lacson),MANILA,3,2,BARANGAY 634,,,14.600533,121.001645,,,,,,,16,2021-06-25,OSP
MNL035 LP258 NP3-4,MNL035,LP258,NP3-4,MNL035 LP258,Pureza (Legarda / Lacson),MANILA,3,2,BARANGAY 634,,,14.600481,121.001404,,,,,,,16,2021-06-25,OSP
MNL035 LP258 NP5-6,MNL035,LP258,NP5-6,MNL035 LP258,Pureza (Legarda / Lacson),MANILA,3,2,BARANGAY 634,,,14.600375,121.00094,,,,,,,16,2021-06-25,OSP
MNL035 LP259 NP7-8,MNL035,LP259,NP7-8,MNL035 LP259,Pureza (Legarda / Lacson),MANILA,3,2,BARANGAY 634,,,14.599541,121.000314,,,,,,,16,2021-06-25,OSP
MNL002 LP123 NP1-2,MNL002,LP123,NP1-2,MNL002 LP123,Don Quintos,MANILA,3,2,BARANGAY 635,,,14.598703,121.002073,,,,,,,16,2018-05-22,OSP
MNL002 LP123 NP3-4,MNL002,LP123,NP3-4,MNL002 LP123,Don Quintos,MANILA,3,2,BARANGAY 635,,,14.598401,121.00129,,,,,,,16,2018-05-22,OSP
MNL002 LP371 NP3-4,MNL002,LP371,NP3-4,MNL002 LP371,Don Quintos,MANILA,3,2,BARANGAY 635,,,14.598828,121.002101,,,,,,,16,2020-03-16,OSP
MNL002 LP371 NP5-6,MNL002,LP371,NP5-6,MNL002 LP371,Don Quintos,MANILA,3,2,BARANGAY 635,,,14.598327,121.001033,,,,,,,16,2020-03-16,OSP
MNL002 LP373 NP1-2,MNL002,LP373,NP1-2,MNL002 LP373,Don Quintos,MANILA,3,2,BARANGAY 635,,,14.598421,121.000527,,,,,,,16,2020-03-16,OSP
MNL002 LP373 NP3-4,MNL002,LP373,NP3-4,MNL002 LP373,Don Quintos,MANILA,3,2,BARANGAY 635,,,14.598822,121.000315,,,,,,,16,2020-03-16,OSP
MNL035 LP262 NP1-2,MNL035,LP262,NP1-2,MNL035 LP262,Pureza (Legarda / Lacson),MANILA,3,2,BARANGAY 635,,,14.598448,121.000517,,,,,,,16,2021-06-25,OSP
MNL035 LP262 NP3-4,MNL035,LP262,NP3-4,MNL035 LP262,Pureza (Legarda / Lacson),MANILA,3,2,BARANGAY 635,,,14.59884,121.000324,,,,,,,16,2021-06-25,OSP
MNL035 LP256 NP5-6,MNL035,LP256,NP5-6,MNL035 LP256,Pureza (Legarda / Lacson),MANILA,3,2,BARANGAY 635,,,14.598532,121.002251,,,,,,,16,2021-06-25,OSP
MNL035 LP256 NP7-8,MNL035,LP256,NP7-8,MNL035 LP256,Pureza (Legarda / Lacson),MANILA,3,2,BARANGAY 635,,,14.59885,121.002073,,,,,,,16,2021-06-25,OSP
MNL035 LP257 NP1-2,MNL035,LP257,NP1-2,MNL035 LP257,Pureza (Legarda / Lacson),MANILA,3,2,BARANGAY 635,,,14.599338,121.001877,,,,,,,16,2021-06-25,OSP
MNL035 LP259 NP1-2,MNL035,LP259,NP1-2,MNL035 LP259,Pureza (Legarda / Lacson),MANILA,3,2,BARANGAY 635,,,14.598607,121.001654,,,,,,,16,2021-06-25,OSP
MNL035 LP259 NP3-4,MNL035,LP259,NP3-4,MNL035 LP259,Pureza (Legarda / Lacson),MANILA,3,2,BARANGAY 635,,,14.598358,121.000994,,,,,,,16,2021-06-25,OSP
MNL035 LP259 NP5-6,MNL035,LP259,NP5-6,MNL035 LP259,Pureza (Legarda / Lacson),MANILA,3,2,BARANGAY 635,,,14.599191,121.000505,,,,,,,16,2021-06-25,OSP
MNL002 LP122 NP5-6,MNL002,LP122,NP5-6,MNL002 LP122,Don Quintos,MANILA,3,2,BARANGAY 636,,,14.597418,121.002322,,,,,,,16,2018-05-22,OSP
MNL002 LP122 NP7-8,MNL002,LP122,NP7-8,MNL002 LP122,Don Quintos,MANILA,3,2,BARANGAY 636,,,14.597115,121.001908,,,,,,,16,2020-08-04,OSP
MNL002 LP123 NP5-6,MNL002,LP123,NP5-6,MNL002 LP123,Don Quintos,MANILA,3,2,BARANGAY 636,,,14.597832,121.001153,,,,,,,16,2018-05-22,OSP
MNL002 LP123 NP7-8,MNL002,LP123,NP7-8,MNL002 LP123,Don Quintos,MANILA,3,2,BARANGAY 636,,,14.598063,121.001733,,,,,,,16,2020-08-04,OSP
MNL002 LP369 NP7-8,MNL002,LP369,NP7-8,MNL002 LP369,Don Quintos,MANILA,3,2,BARANGAY 636,,,14.597685,121.002315,,,,,,,16,2020-03-16,OSP
MNL002 LP184 NP1,MNL002,LP184,NP1,MNL002 LP184,Don Quintos,MANILA,3,2,BARANGAY 636,,,14.598057,121.000495,,,,,,,8,2018-12-28,OSP
MNL002 LP184 NP3-4,MNL002,LP184,NP3-4,MNL002 LP184,Don Quintos,MANILA,3,2,BARANGAY 636,,,14.597129,120.999725,,,,,,,16,2018-12-28,OSP
MNL002 LP184 NP5,MNL002,LP184,NP5,MNL002 LP184,Don Quintos,MANILA,3,2,BARANGAY 636,,,14.59784,121.000648,,,,,,,8,2018-12-28,OSP
MNL002 LP184 NP7,MNL002,LP184,NP7,MNL002 LP184,Don Quintos,MANILA,3,2,BARANGAY 636,,,14.597247,121.000943,,,,,,,8,2018-12-28,OSP
MNL002 LP371 NP1-2,MNL002,LP371,NP1-2,MNL002 LP371,Don Quintos,MANILA,3,2,BARANGAY 636,,,14.598313,121.00233,,,,,,,16,2020-03-16,OSP
MNL035 LP256 NP1-2,MNL035,LP256,NP1-2,MNL035 LP256,Pureza (Legarda / Lacson),MANILA,3,2,BARANGAY 636,,,14.598191,121.002018,,,,,,,16,2021-06-25,OSP
MNL035 LP256 NP3-4,MNL035,LP256,NP3-4,MNL035 LP256,Pureza (Legarda / Lacson),MANILA,3,2,BARANGAY 636,,,14.598347,121.002329,,,,,,,16,2021-06-25,OSP
MNL035 LP252 NP5-6,MNL035,LP252,NP5-6,MNL035 LP252,Pureza (Legarda / Lacson),MANILA,3,2,BARANGAY 636,,,14.597625,121.00272,,,,,,,16,2021-06-25,OSP
MNL035 LP252 NP7-8,MNL035,LP252,NP7-8,MNL035 LP252,Pureza (Legarda / Lacson),MANILA,3,2,BARANGAY 636,,,14.597516,121.002466,,,,,,,16,2021-06-25,OSP
MNL035 LP253 NP1-2,MNL035,LP253,NP1-2,MNL035 LP253,Pureza (Legarda / Lacson),MANILA,3,2,BARANGAY 636,,,14.597314,121.002599,,,,,,,16,2021-06-25,OSP
MNL035 LP253 NP3-4,MNL035,LP253,NP3-4,MNL035 LP253,Pureza (Legarda / Lacson),MANILA,3,2,BARANGAY 636,,,14.597174,121.002398,,,,,,,16,2021-06-25,OSP
MNL035 LP253 NP5-6,MNL035,LP253,NP5-6,MNL035 LP253,Pureza (Legarda / Lacson),MANILA,3,2,BARANGAY 636,,,14.596833,121.001891,,,,,,,16,2021-06-25,OSP
MNL035 LP254 NP1-2,MNL035,LP254,NP1-2,MNL035 LP254,Pureza (Legarda / Lacson),MANILA,3,2,BARANGAY 636,,,14.597407,121.002296,,,,,,,16,2021-06-25,OSP
MNL035 LP254 NP3-4,MNL035,LP254,NP3-4,MNL035 LP254,Pureza (Legarda / Lacson),MANILA,3,2,BARANGAY 636,,,14.597125,121.001933,,,,,,,16,2021-06-25,OSP
MNL035 LP254 NP5-6,MNL035,LP254,NP5-6,MNL035 LP254,Pureza (Legarda / Lacson),MANILA,3,2,BARANGAY 636,,,14.597678,121.002323,,,,,,,16,2021-06-25,OSP
MNL035 LP254 NP7-8,MNL035,LP254,NP7-8,MNL035 LP254,Pureza (Legarda / Lacson),MANILA,3,2,BARANGAY 636,,,14.59763,121.002104,,,,,,,16,2021-06-25,OSP
MNL035 LP255 NP1-2,MNL035,LP255,NP1-2,MNL035 LP255,Pureza (Legarda / Lacson),MANILA,3,2,BARANGAY 636,,,14.597498,121.001807,,,,,,,16,2021-06-25,OSP
MNL035 LP255 NP3-4,MNL035,LP255,NP3-4,MNL035 LP255,Pureza (Legarda / Lacson),MANILA,3,2,BARANGAY 636,,,14.597348,121.001446,,,,,,,16,2021-06-25,OSP
MNL035 LP255 NP5-6,MNL035,LP255,NP5-6,MNL035 LP255,Pureza (Legarda / Lacson),MANILA,3,2,BARANGAY 636,,,14.59785,121.001246,,,,,,,16,2021-06-25,OSP
MNL035 LP255 NP7-8,MNL035,LP255,NP7-8,MNL035 LP255,Pureza (Legarda / Lacson),MANILA,3,2,BARANGAY 636,,,14.598037,121.00167,,,,,,,16,2021-06-25,OSP
MNL035 LP263 NP1-2,MNL035,LP263,NP1-2,MNL035 LP263,Pureza (Legarda / Lacson),MANILA,3,2,BARANGAY 636,BAYBRIDGE TOWNHOMES,,14.598108,121.000564,,,,,,,16,2021-06-29,OSP
MNL035 LP263 NP3-4,MNL035,LP263,NP3-4,MNL035 LP263,Pureza (Legarda / Lacson),MANILA,3,2,BARANGAY 636,BAYBRIDGE TOWNHOMES,,14.597866,121.000271,,,,,,,16,2021-06-29,OSP
MNL035 LP263 NP5-6,MNL035,LP263,NP5-6,MNL035 LP263,Pureza (Legarda / Lacson),MANILA,3,2,BARANGAY 636,BAYBRIDGE TOWNHOMES,,14.597639,121.000081,,,,,,,16,2021-06-29,OSP
MNL035 LP263 NP7-8,MNL035,LP263,NP7-8,MNL035 LP263,Pureza (Legarda / Lacson),MANILA,3,2,BARANGAY 636,BAYBRIDGE TOWNHOMES,,14.597082,120.999708,,,,,,,16,2021-06-29,OSP
MNL035 LP264 NP1-2,MNL035,LP264,NP1-2,MNL035 LP264,Pureza (Legarda / Lacson),MANILA,3,2,BARANGAY 636,BAYBRIDGE TOWNHOMES,,14.597532,121.000392,,,,,,,16,2021-06-29,OSP
MNL035 LP264 NP3-4,MNL035,LP264,NP3-4,MNL035 LP264,Pureza (Legarda / Lacson),MANILA,3,2,BARANGAY 636,BAYBRIDGE TOWNHOMES,,14.597334,121.00023,,,,,,,16,2021-06-29,OSP
MNL035 LP264 NP5-6,MNL035,LP264,NP5-6,MNL035 LP264,Pureza (Legarda / Lacson),MANILA,3,2,BARANGAY 636,BAYBRIDGE TOWNHOMES,,14.597078,121.000499,,,,,,,16,2021-06-29,OSP
MNL035 LP264 NP7-8,MNL035,LP264,NP7-8,MNL035 LP264,Pureza (Legarda / Lacson),MANILA,3,2,BARANGAY 636,BAYBRIDGE TOWNHOMES,,14.597332,121.000631,,,,,,,16,2021-06-29,OSP
MNL035 LP265 NP1-2,MNL035,LP265,NP1-2,MNL035 LP265,Pureza (Legarda / Lacson),MANILA,3,2,BARANGAY 636,BAYBRIDGE TOWNHOMES,,14.597876,121.000681,,,,,,,16,2021-06-29,OSP
MNL035 LP265 NP3-4,MNL035,LP265,NP3-4,MNL035 LP265,Pureza (Legarda / Lacson),MANILA,3,2,BARANGAY 636,BAYBRIDGE TOWNHOMES,,14.597554,121.000837,,,,,,,16,2021-06-29,OSP
MNL035 LP265 NP5-6,MNL035,LP265,NP5-6,MNL035 LP265,Pureza (Legarda / Lacson),MANILA,3,2,BARANGAY 636,BAYBRIDGE TOWNHOMES,,14.597302,121.000962,,,,,,,16,2021-06-29,OSP
MNL046 LP215 NP3-4,MNL046,LP215,NP3-4,MNL046 LP215,Reten Apartment,MANILA,3,2,BARANGAY 637,,,14.59909,120.9965,,,,,,,16,2022-04-06,OSP
MNL046 LP215 NP5-6,MNL046,LP215,NP5-6,MNL046 LP215,Reten Apartment,MANILA,3,2,BARANGAY 637,,,14.59913,120.9967,,,,,,,16,2022-04-06,OSP
MNL046 LP215 NP7-8,MNL046,LP215,NP7-8,MNL046 LP215,Reten Apartment,MANILA,3,2,BARANGAY 637,,,14.59918,120.9969,,,,,,,16,2022-04-06,OSP
MNL001 LP364 NP1-2,MNL001,LP364,NP1-2,MNL001 LP364,Zen Tower,MANILA,3,2,BARANGAY 637,,,14.599104,120.996547,,,,,,,16,2020-07-28,OSP
MNL001 LP364 NP3-4-5,MNL001,LP364,NP3-4-5,MNL001 LP364,Zen Tower,MANILA,3,2,BARANGAY 637,,,14.599201,120.996947,,,,,,,24,2020-07-28,OSP
MNL001 LP364 NP6-7-8,MNL001,LP364,NP6-7-8,MNL001 LP364,Zen Tower,MANILA,3,2,BARANGAY 637,,,14.599361,120.997625,,,,,,,24,2020-07-28,OSP
MNL001 LP12 NP5-6,MNL001,LP12,NP5-6,MNL001 LP12,Zen Tower,MANILA,3,2,BARANGAY 637,,,14.599322,120.997644,,,,,,,16,2015-07-27,OSP
MNL046 LP212 NP5-6,MNL046,LP212,NP5-6,MNL046 LP212,Reten Apartment,MANILA,3,2,BARANGAY 638,,,14.59862,120.9944,,,,,,,16,2022-04-06,OSP
MNL046 LP212 NP7-8,MNL046,LP212,NP7-8,MNL046 LP212,Reten Apartment,MANILA,3,2,BARANGAY 638,,,14.59921,120.9942,,,,,,,16,2022-04-06,OSP
MNL046 LP213 NP1-2,MNL046,LP213,NP1-2,MNL046 LP213,Reten Apartment,MANILA,3,2,BARANGAY 638,,,14.59873,120.9949,,,,,,,16,2022-04-06,OSP
MNL046 LP213 NP3-4,MNL046,LP213,NP3-4,MNL046 LP213,Reten Apartment,MANILA,3,2,BARANGAY 638,,,14.59946,120.9947,,,,,,,16,2022-04-06,OSP
MNL046 LP213 NP5-6,MNL046,LP213,NP5-6,MNL046 LP213,Reten Apartment,MANILA,3,2,BARANGAY 638,,,14.59884,120.9954,,,,,,,16,2022-04-06,OSP
MNL046 LP213 NP7-8,MNL046,LP213,NP7-8,MNL046 LP213,Reten Apartment,MANILA,3,2,BARANGAY 638,,,14.59957,120.9952,,,,,,,16,2022-04-06,OSP
MNL046 LP214 NP1-2,MNL046,LP214,NP1-2,MNL046 LP214,Reten Apartment,MANILA,3,2,BARANGAY 638,,,14.59892,120.9957,,,,,,,16,2022-04-06,OSP
MNL046 LP214 NP3-4,MNL046,LP214,NP3-4,MNL046 LP214,Reten Apartment,MANILA,3,2,BARANGAY 638,,,14.5993,120.9957,,,,,,,16,2022-04-06,OSP
MNL046 LP214 NP5-6,MNL046,LP214,NP5-6,MNL046 LP214,Reten Apartment,MANILA,3,2,BARANGAY 638,,,14.59953,120.9956,,,,,,,16,2022-04-06,OSP
MNL046 LP214 NP7-8,MNL046,LP214,NP7-8,MNL046 LP214,Reten Apartment,MANILA,3,2,BARANGAY 638,,,14.60006,120.9955,,,,,,,16,2022-04-06,OSP
MNL046 LP215 NP1-2,MNL046,LP215,NP1-2,MNL046 LP215,Reten Apartment,MANILA,3,2,BARANGAY 638,,,14.59899,120.996,,,,,,,16,2022-04-06,OSP
MNL046 LP211 NP7-8,MNL046,LP211,NP7-8,MNL046 LP211,Reten Apartment,MANILA,3,2,BARANGAY 638,,,14.59836,120.9933,,,,,,,16,2022-04-06,OSP
MNL046 LP212 NP1-2,MNL046,LP212,NP1-2,MNL046 LP212,Reten Apartment,MANILA,3,2,BARANGAY 638,,,14.59851,120.994,,,,,,,16,2022-04-06,OSP
MNL046 LP212 NP3-4,MNL046,LP212,NP3-4,MNL046 LP212,Reten Apartment,MANILA,3,2,BARANGAY 638,,,14.59913,120.9938,,,,,,,16,2022-04-06,OSP
MNL001 LP362 NP7-8,MNL001,LP362,NP7-8,MNL001 LP362,Zen Tower,MANILA,3,2,BARANGAY 638,,,14.598526,120.994012,,,,,,,16,2020-07-28,OSP
MNL001 LP363 NP1-2,MNL001,LP363,NP1-2,MNL001 LP363,Zen Tower,MANILA,3,2,BARANGAY 638,,,14.598616,120.994395,,,,,,,16,2020-07-28,OSP
MNL001 LP363 NP3-4,MNL001,LP363,NP3-4,MNL001 LP363,Zen Tower,MANILA,3,2,BARANGAY 638,,,14.598733,120.994893,,,,,,,16,2020-07-28,OSP
MNL001 LP363 NP5-6,MNL001,LP363,NP5-6,MNL001 LP363,Zen Tower,MANILA,3,2,BARANGAY 638,,,14.59884,120.995354,,,,,,,16,2020-07-28,OSP
MNL001 LP363 NP7-8,MNL001,LP363,NP7-8,MNL001 LP363,Zen Tower,MANILA,3,2,BARANGAY 638,,,14.598926,120.995732,,,,,,,16,2020-07-28,OSP
MNL001 LP12 NP1-2,MNL001,LP12,NP1-2,MNL001 LP12,Zen Tower,MANILA,3,2,BARANGAY 638,,,14.599123,120.992441,,,,,,,16,2015-07-27,OSP
MNL001 LP12 NP3-4,MNL001,LP12,NP3-4,MNL001 LP12,Zen Tower,MANILA,3,2,BARANGAY 638,,,14.598696,120.994875,,,,,,,16,2015-07-27,OSP
MNL001 LP15 NP7-8,MNL001,LP15,NP7-8,MNL001 LP15,Zen Tower,MANILA,3,2,BARANGAY 640,,,14.599376,120.999138,,,,,,,16,2019-05-19,OSP
MNL046 LP220 NP1-2,MNL046,LP220,NP1-2,MNL046 LP220,Reten Apartment,MANILA,3,2,BARANGAY 641,,,14.59703,120.9921,,,,,,,16,2022-04-04,OSP
MNL046 LP220 NP3-4,MNL046,LP220,NP3-4,MNL046 LP220,Reten Apartment,MANILA,3,2,BARANGAY 641,,,14.59679,120.9922,,,,,,,16,2022-04-04,OSP
MNL046 LP220 NP5-6,MNL046,LP220,NP5-6,MNL046 LP220,Reten Apartment,MANILA,3,2,BARANGAY 641,,,14.59663,120.9923,,,,,,,16,2022-04-04,OSP
MNL046 LP220 NP7-8,MNL046,LP220,NP7-8,MNL046 LP220,Reten Apartment,MANILA,3,2,BARANGAY 641,,,14.59663,120.9921,,,,,,,16,2022-04-04,OSP
MNL046 LP221 NP1-2,MNL046,LP221,NP1-2,MNL046 LP221,Reten Apartment,MANILA,3,2,BARANGAY 641,,,14.59663,120.9919,,,,,,,16,2022-04-04,OSP
MNL046 LP221 NP3-4,MNL046,LP221,NP3-4,MNL046 LP221,Reten Apartment,MANILA,3,2,BARANGAY 641,,,14.59661,120.9917,,,,,,,16,2022-04-04,OSP
MNL046 LP221 NP5-6,MNL046,LP221,NP5-6,MNL046 LP221,Reten Apartment,MANILA,3,2,BARANGAY 641,,,14.59659,120.9913,,,,,,,16,2022-04-04,OSP
MNL046 LP211 NP1-2,MNL046,LP211,NP1-2,MNL046 LP211,Reten Apartment,MANILA,3,2,BARANGAY 641,,,14.59802,120.9918,,,,,,,16,2022-04-06,OSP
MNL046 LP211 NP3-4,MNL046,LP211,NP3-4,MNL046 LP211,Reten Apartment,MANILA,3,2,BARANGAY 641,,,14.59811,120.9922,,,,,,,16,2022-04-06,OSP
MNL046 LP211 NP5-6,MNL046,LP211,NP5-6,MNL046 LP211,Reten Apartment,MANILA,3,2,BARANGAY 641,,,14.59829,120.9929,,,,,,,16,2022-04-06,OSP
MNL046 LP217 NP3-4,MNL046,LP217,NP3-4,MNL046 LP217,Reten Apartment,MANILA,3,2,BARANGAY 641,,,14.59854,120.9911,,,,,,,16,2022-04-04,OSP
MNL046 LP217 NP5-6,MNL046,LP217,NP5-6,MNL046 LP217,Reten Apartment,MANILA,3,2,BARANGAY 641,,,14.59834,120.9913,,,,,,,16,2022-04-04,OSP
MNL046 LP217 NP7-8,MNL046,LP217,NP7-8,MNL046 LP217,Reten Apartment,MANILA,3,2,BARANGAY 641,,,14.59822,120.9914,,,,,,,16,2022-04-04,OSP
MNL046 LP218 NP1-2,MNL046,LP218,NP1-2,MNL046 LP218,Reten Apartment,MANILA,3,2,BARANGAY 641,,,14.59793,120.9916,,,,,,,16,2022-04-04,OSP
MNL046 LP218 NP3-4,MNL046,LP218,NP3-4,MNL046 LP218,Reten Apartment,MANILA,3,2,BARANGAY 641,,,14.59782,120.9917,,,,,,,16,2022-04-04,OSP
MNL046 LP218 NP5-6,MNL046,LP218,NP5-6,MNL046 LP218,Reten Apartment,MANILA,3,2,BARANGAY 641,,,14.59757,120.9919,,,,,,,16,2022-04-04,OSP
MNL046 LP218 NP7-8,MNL046,LP218,NP7-8,MNL046 LP218,Reten Apartment,MANILA,3,2,BARANGAY 641,,,14.59728,120.992,,,,,,,16,2022-04-04,OSP
MNL046 LP219 NP1-2,MNL046,LP219,NP1-2,MNL046 LP219,Reten Apartment,MANILA,3,2,BARANGAY 641,,,14.59717,120.9918,,,,,,,16,2022-04-04,OSP
MNL046 LP219 NP3-4,MNL046,LP219,NP3-4,MNL046 LP219,Reten Apartment,MANILA,3,2,BARANGAY 641,,,14.59707,120.9915,,,,,,,16,2022-04-04,OSP
MNL046 LP219 NP5-6,MNL046,LP219,NP5-6,MNL046 LP219,Reten Apartment,MANILA,3,2,BARANGAY 641,,,14.5971,120.9914,,,,,,,16,2022-04-04,OSP
MNL046 LP219 NP7-8,MNL046,LP219,NP7-8,MNL046 LP219,Reten Apartment,MANILA,3,2,BARANGAY 641,,,14.59691,120.9911,,,,,,,16,2022-04-04,OSP
MNL001 LP362 NP3-4,MNL001,LP362,NP3-4,MNL001 LP362,Zen Tower,MANILA,3,2,BARANGAY 641,,,14.598013,120.991769,,,,,,,16,2020-07-28,OSP
MNL001 LP362 NP5-6,MNL001,LP362,NP5-6,MNL001 LP362,Zen Tower,MANILA,3,2,BARANGAY 641,,,14.598295,120.992892,,,,,,,16,2020-07-28,OSP
MNL001 LP362 NP1-2,MNL001,LP362,NP1-2,MNL001 LP362,Zen Tower,MANILA,3,2,BARANGAY 641,,,14.598335,120.991298,,,,,,,16,2020-07-28,OSP
MNL001 LP10 NP3-4,MNL001,LP10,NP3-4,MNL001 LP10,Zen Tower,MANILA,3,2,BARANGAY 641,,,14.596595,120.992557,,,,,,,16,2015-07-27,OSP
MNL046 LP222 NP1-2,MNL046,LP222,NP1-2,MNL046 LP222,Reten Apartment,MANILA,3,2,BARANGAY 642,,,14.59641,120.9914,,,,,,,16,2022-04-04,OSP
MNL046 LP222 NP3-4,MNL046,LP222,NP3-4,MNL046 LP222,Reten Apartment,MANILA,3,2,BARANGAY 642,,,14.59618,120.9915,,,,,,,16,2022-04-04,OSP
MNL046 LP222 NP5-6,MNL046,LP222,NP5-6,MNL046 LP222,Reten Apartment,MANILA,3,2,BARANGAY 642,,,14.59594,120.9916,,,,,,,16,2022-04-04,OSP
MNL046 LP222 NP7-8,MNL046,LP222,NP7-8,MNL046 LP222,Reten Apartment,MANILA,3,2,BARANGAY 642,,,14.59583,120.9917,,,,,,,16,2022-04-04,OSP
MNL046 LP223 NP1-2,MNL046,LP223,NP1-2,MNL046 LP223,Reten Apartment,MANILA,3,2,BARANGAY 642,,,14.59577,120.9914,,,,,,,16,2022-04-04,OSP
MNL046 LP223 NP3-4,MNL046,LP223,NP3-4,MNL046 LP223,Reten Apartment,MANILA,3,2,BARANGAY 642,,,14.59594,120.9913,,,,,,,16,2022-04-04,OSP
MNL046 LP223 NP5-6,MNL046,LP223,NP5-6,MNL046 LP223,Reten Apartment,MANILA,3,2,BARANGAY 642,,,14.59603,120.9912,,,,,,,16,2022-04-04,OSP
MNL046 LP224 NP1-2,MNL046,LP224,NP1-2,MNL046 LP224,Reten Apartment,MANILA,3,2,BARANGAY 642,,,14.59564,120.9918,,,,,,,16,2022-04-04,OSP
MNL046 LP224 NP3-4,MNL046,LP224,NP3-4,MNL046 LP224,Reten Apartment,MANILA,3,2,BARANGAY 642,,,14.59539,120.992,,,,,,,16,2022-04-04,OSP
MNL046 LP228 NP1-2,MNL046,LP228,NP1-2,MNL046 LP228,Reten Apartment,MANILA,3,2,BARANGAY 642,,,14.59633,120.9925,,,,,,,16,2022-04-04,OSP
MNL046 LP228 NP3-4,MNL046,LP228,NP3-4,MNL046 LP228,Reten Apartment,MANILA,3,2,BARANGAY 642,,,14.59615,120.9926,,,,,,,16,2022-04-04,OSP
MNL046 LP228 NP5-6,MNL046,LP228,NP5-6,MNL046 LP228,Reten Apartment,MANILA,3,2,BARANGAY 642,,,14.59595,120.9927,,,,,,,16,2022-04-04,OSP
MNL046 LP228 NP7-8,MNL046,LP228,NP7-8,MNL046 LP228,Reten Apartment,MANILA,3,2,BARANGAY 642,,,14.59572,120.9928,,,,,,,16,2022-04-04,OSP
MNL046 LP229 NP1-2,MNL046,LP229,NP1-2,MNL046 LP229,Reten Apartment,MANILA,3,2,BARANGAY 642,,,14.5955,120.9929,,,,,,,16,2022-04-04,OSP
MNL046 LP229 NP3-4,MNL046,LP229,NP3-4,MNL046 LP229,Reten Apartment,MANILA,3,2,BARANGAY 642,,,14.59534,120.993,,,,,,,16,2022-04-04,OSP
MNL046 LP224 NP5-6,MNL046,LP224,NP5-6,MNL046 LP224,Reten Apartment,MANILA,3,2,BARANGAY 643,,,14.59517,120.9921,,,,,,,16,2022-04-04,OSP
MNL046 LP224 NP7-8,MNL046,LP224,NP7-8,MNL046 LP224,Reten Apartment,MANILA,3,2,BARANGAY 643,,,14.59493,120.9922,,,,,,,16,2022-04-04,OSP
MNL046 LP225 NP1-2,MNL046,LP225,NP1-2,MNL046 LP225,Reten Apartment,MANILA,3,2,BARANGAY 643,,,14.59465,120.9924,,,,,,,16,2022-04-04,OSP
MNL046 LP225 NP3-4,MNL046,LP225,NP3-4,MNL046 LP225,Reten Apartment,MANILA,3,2,BARANGAY 643,,,14.59446,120.9925,,,,,,,16,2022-04-04,OSP
MNL046 LP225 NP5-6,MNL046,LP225,NP5-6,MNL046 LP225,Reten Apartment,MANILA,3,2,BARANGAY 643,,,14.59431,120.9926,,,,,,,16,2022-04-04,OSP
MNL046 LP225 NP7-8,MNL046,LP225,NP7-8,MNL046 LP225,Reten Apartment,MANILA,3,2,BARANGAY 643,,,14.59405,120.9928,,,,,,,16,2022-04-04,OSP
MNL046 LP226 NP1-2,MNL046,LP226,NP1-2,MNL046 LP226,Reten Apartment,MANILA,3,2,BARANGAY 643,,,14.59521,120.992,,,,,,,16,2022-04-04,OSP
MNL046 LP226 NP3-4,MNL046,LP226,NP3-4,MNL046 LP226,Reten Apartment,MANILA,3,2,BARANGAY 643,,,14.59493,120.9919,,,,,,,16,2022-04-04,OSP
MNL046 LP226 NP5-6,MNL046,LP226,NP5-6,MNL046 LP226,Reten Apartment,MANILA,3,2,BARANGAY 643,,,14.5946,120.9918,,,,,,,16,2022-04-04,OSP
MNL046 LP226 NP7-8,MNL046,LP226,NP7-8,MNL046 LP226,Reten Apartment,MANILA,3,2,BARANGAY 643,,,14.59428,120.992,,,,,,,16,2022-04-04,OSP
MNL046 LP227 NP1-2,MNL046,LP227,NP1-2,MNL046 LP227,Reten Apartment,MANILA,3,2,BARANGAY 643,,,14.59412,120.9921,,,,,,,16,2022-04-04,OSP
MNL046 LP227 NP3-4,MNL046,LP227,NP3-4,MNL046 LP227,Reten Apartment,MANILA,3,2,BARANGAY 643,,,14.59384,120.9924,,,,,,,16,2022-04-04,OSP
MNL046 LP229 NP5-6,MNL046,LP229,NP5-6,MNL046 LP229,Reten Apartment,MANILA,3,2,BARANGAY 643,,,14.59509,120.9932,,,,,,,16,2022-04-04,OSP
MNL046 LP248 NP1-4,MNL046,LP248,NP1-4,MNL046 LP248,Reten Apartment,MANILA,3,2,BARANGAY 643,,MABINI HALL - MALACAÑANG,14.596453,120.995223,,GF,CONVERGE ROOM,MNL033,,,,2022-08-17,ISP
MNL046 LP241 NP5-6,MNL046,LP241,NP5-6,MNL046 LP241,Reten Apartment,MANILA,3,2,BARANGAY 644,,,14.59398,120.9917,,,,,,,16,2022-04-04,OSP
MNL046 LP241 NP7-8,MNL046,LP241,NP7-8,MNL046 LP241,Reten Apartment,MANILA,3,2,BARANGAY 644,,,14.59371,120.992,,,,,,,16,2022-04-04,OSP
MNL046 LP242 NP1-2,MNL046,LP242,NP1-2,MNL046 LP242,Reten Apartment,MANILA,3,2,BARANGAY 644,,,14.59323,120.9924,,,,,,,16,2022-04-04,OSP
MNL046 LP238 NP7-8,MNL046,LP238,NP7-8,MNL046 LP238,Reten Apartment,MANILA,3,2,BARANGAY 644,,,14.59384,120.9914,,,,,,,16,2022-04-04,OSP
MNL046 LP239 NP1-2,MNL046,LP239,NP1-2,MNL046 LP239,Reten Apartment,MANILA,3,2,BARANGAY 644,,,14.59371,120.9916,,,,,,,16,2022-04-04,OSP
MNL046 LP239 NP3-4,MNL046,LP239,NP3-4,MNL046 LP239,Reten Apartment,MANILA,3,2,BARANGAY 644,,,14.59355,120.9917,,,,,,,16,2022-04-04,OSP
MNL046 LP239 NP5-6,MNL046,LP239,NP5-6,MNL046 LP239,Reten Apartment,MANILA,3,2,BARANGAY 644,,,14.59337,120.9918,,,,,,,16,2022-04-04,OSP
MNL046 LP239 NP7-8,MNL046,LP239,NP7-8,MNL046 LP239,Reten Apartment,MANILA,3,2,BARANGAY 644,,,14.59331,120.9918,,,,,,,16,2022-04-04,OSP
MNL046 LP240 NP1-2,MNL046,LP240,NP1-2,MNL046 LP240,Reten Apartment,MANILA,3,2,BARANGAY 644,,,14.59326,120.9919,,,,,,,16,2022-04-04,OSP
MNL046 LP240 NP3-4,MNL046,LP240,NP3-4,MNL046 LP240,Reten Apartment,MANILA,3,2,BARANGAY 644,,,14.59318,120.992,,,,,,,16,2022-04-04,OSP
MNL046 LP241 NP1-2,MNL046,LP241,NP1-2,MNL046 LP241,Reten Apartment,MANILA,3,2,BARANGAY 644,,,14.59398,120.9913,,,,,,,16,2022-04-04,OSP
MNL046 LP241 NP3-4,MNL046,LP241,NP3-4,MNL046 LP241,Reten Apartment,MANILA,3,2,BARANGAY 644,,,14.59421,120.9915,,,,,,,16,2022-04-04,OSP
MNL046 LP238 NP1-2,MNL046,LP238,NP1-2,MNL046 LP238,Reten Apartment,MANILA,3,2,BARANGAY 645,,,14.59358,120.991,,,,,,,16,2022-04-04,OSP
MNL046 LP238 NP3-4,MNL046,LP238,NP3-4,MNL046 LP238,Reten Apartment,MANILA,3,2,BARANGAY 645,,,14.59366,120.9912,,,,,,,16,2022-04-04,OSP
MNL046 LP238 NP5-6,MNL046,LP238,NP5-6,MNL046 LP238,Reten Apartment,MANILA,3,2,BARANGAY 645,,,14.59373,120.9913,,,,,,,16,2022-04-04,OSP
MNL046 LP240 NP5-6,MNL046,LP240,NP5-6,MNL046 LP240,Reten Apartment,MANILA,3,2,BARANGAY 645,,,14.59301,120.9922,,,,,,,16,2022-04-04,OSP
MNL046 LP235 NP7-8,MNL046,LP235,NP7-8,MNL046 LP235,Reten Apartment,MANILA,3,2,BARANGAY 645,,,14.5926,120.99,,,,,,,16,2022-04-04,OSP
MNL046 LP236 NP1-2,MNL046,LP236,NP1-2,MNL046 LP236,Reten Apartment,MANILA,3,2,BARANGAY 645,,,14.59265,120.9904,,,,,,,16,2022-04-04,OSP
MNL046 LP236 NP3-4,MNL046,LP236,NP3-4,MNL046 LP236,Reten Apartment,MANILA,3,2,BARANGAY 645,,,14.59264,120.9906,,,,,,,16,2022-04-04,OSP
MNL046 LP236 NP5-6,MNL046,LP236,NP5-6,MNL046 LP236,Reten Apartment,MANILA,3,2,BARANGAY 645,,,14.59263,120.9909,,,,,,,16,2022-04-04,OSP
MNL046 LP236 NP7-8,MNL046,LP236,NP7-8,MNL046 LP236,Reten Apartment,MANILA,3,2,BARANGAY 645,,,14.59274,120.9909,,,,,,,16,2022-04-04,OSP
MNL046 LP237 NP1-2,MNL046,LP237,NP1-2,MNL046 LP237,Reten Apartment,MANILA,3,2,BARANGAY 645,,,14.59284,120.9909,,,,,,,16,2022-04-04,OSP
MNL046 LP237 NP3-4,MNL046,LP237,NP3-4,MNL046 LP237,Reten Apartment,MANILA,3,2,BARANGAY 645,,,14.59302,120.9909,,,,,,,16,2022-04-04,OSP
MNL046 LP237 NP5-6,MNL046,LP237,NP5-6,MNL046 LP237,Reten Apartment,MANILA,3,2,BARANGAY 645,,,14.59322,120.9909,,,,,,,16,2022-04-04,OSP
MNL046 LP237 NP7-8,MNL046,LP237,NP7-8,MNL046 LP237,Reten Apartment,MANILA,3,2,BARANGAY 645,,,14.59336,120.9909,,,,,,,16,2022-04-04,OSP
MNL001 LP142 NP7-8,MNL001,LP142,NP7-8,MNL001 LP142,Zen Tower,MANILA,3,2,BARANGAY 645,,,14.592643,120.990465,,,,,,,16,2020-08-07,OSP
MNL001 LP143 NP1-2,MNL001,LP143,NP1-2,MNL001 LP143,Zen Tower,MANILA,3,2,BARANGAY 645,,,14.592634,120.990105,,,,,,,16,2018-06-27,OSP
MNL001 LP143 NP3-4,MNL001,LP143,NP3-4,MNL001 LP143,Zen Tower,MANILA,3,2,BARANGAY 645,,,14.592587,120.990839,,,,,,,16,2018-06-27,OSP
MNL001 LP143 NP5-6,MNL001,LP143,NP5-6,MNL001 LP143,Zen Tower,MANILA,3,2,BARANGAY 645,,,14.592982,120.990935,,,,,,,16,2020-08-07,OSP
MNL001 LP143 NP7-8,MNL001,LP143,NP7-8,MNL001 LP143,Zen Tower,MANILA,3,2,BARANGAY 645,,,14.593329,120.990951,,,,,,,16,2020-08-07,OSP
MNL046 LP234 NP7-8,MNL046,LP234,NP7-8,MNL046 LP234,Reten Apartment,MANILA,3,2,BARANGAY 646,,,14.5928,120.9881,,,,,,,16,2022-04-04,OSP
MNL046 LP235 NP1-2,MNL046,LP235,NP1-2,MNL046 LP235,Reten Apartment,MANILA,3,2,BARANGAY 646,,,14.59274,120.9888,,,,,,,16,2022-04-04,OSP
MNL046 LP235 NP3-4,MNL046,LP235,NP3-4,MNL046 LP235,Reten Apartment,MANILA,3,2,BARANGAY 646,,,14.59272,120.9891,,,,,,,16,2022-04-04,OSP
MNL046 LP235 NP5-6,MNL046,LP235,NP5-6,MNL046 LP235,Reten Apartment,MANILA,3,2,BARANGAY 646,,,14.5927,120.9894,,,,,,,16,2022-04-04,OSP
MNL001 LP140 NP5-6,MNL001,LP140,NP5-6,MNL001 LP140,Zen Tower,MANILA,3,2,BARANGAY 646,,,14.593038,120.989721,,,,,,,16,2018-06-27,OSP
MNL001 LP140 NP7-8,MNL001,LP140,NP7-8,MNL001 LP140,Zen Tower,MANILA,3,2,BARANGAY 646,,,14.592313,120.989636,,,,,,,16,2020-08-07,OSP
MNL001 LP141 NP3-4,MNL001,LP141,NP3-4,MNL001 LP141,Zen Tower,MANILA,3,2,BARANGAY 646,,,14.594171,120.988226,,,,,,,16,2018-06-27,OSP
MNL001 LP142 NP1-2,MNL001,LP142,NP1-2,MNL001 LP142,Zen Tower,MANILA,3,2,BARANGAY 646,,,14.592757,120.988292,,,,,,,16,2018-06-27,OSP
MNL001 LP142 NP3-4,MNL001,LP142,NP3-4,MNL001 LP142,Zen Tower,MANILA,3,2,BARANGAY 646,,,14.592711,120.98907,,,,,,,16,2018-06-27,OSP
MNL001 LP142 NP5-6,MNL001,LP142,NP5-6,MNL001 LP142,Zen Tower,MANILA,3,2,BARANGAY 646,,,14.592678,120.989628,,,,,,,16,2018-06-27,OSP
MNL046 LP230 NP5-6,MNL046,LP230,NP5-6,MNL046 LP230,Reten Apartment,MANILA,3,2,BARANGAY 647,,,14.59342,120.9856,,,,,,,16,2022-04-04,OSP
MNL046 LP230 NP7-8,MNL046,LP230,NP7-8,MNL046 LP230,Reten Apartment,MANILA,3,2,BARANGAY 647,,,14.59393,120.9851,,,,,,,16,2022-04-04,OSP
MNL046 LP231 NP1-2,MNL046,LP231,NP1-2,MNL046 LP231,Reten Apartment,MANILA,3,2,BARANGAY 647,,,14.59437,120.9848,,,,,,,16,2022-04-04,OSP
MNL046 LP231 NP3-4,MNL046,LP231,NP3-4,MNL046 LP231,Reten Apartment,MANILA,3,2,BARANGAY 647,,,14.59517,120.9841,,,,,,,16,2022-04-04,OSP
MNL046 LP232 NP5-6,MNL046,LP232,NP5-6,MNL046 LP232,Reten Apartment,MANILA,3,2,BARANGAY 647,,,14.59438,120.9868,,,,,,,16,2022-04-04,OSP
MNL001 LP379 NP1-2,MNL001,LP379,NP1-2,MNL001 LP379,Zen Tower,MANILA,3,2,BARANGAY 647,,,14.593392,120.985562,,,,,,,16,2020-09-06,OSP
MNL001 LP379 NP3-4,MNL001,LP379,NP3-4,MNL001 LP379,Zen Tower,MANILA,3,2,BARANGAY 647,,,14.592815,120.986438,,,,,,,16,2020-09-06,OSP
MNL001 LP9 NP3-4,MNL001,LP9,NP3-4,MNL001 LP9,Zen Tower,MANILA,3,2,BARANGAY 647,,,14.594218,120.984776,,,,,,,16,2015-07-22,OSP
MNL046 LP230 NP1-2,MNL046,LP230,NP1-2,MNL046 LP230,Reten Apartment,MANILA,3,2,BARANGAY 648,,,14.59272,120.9869,,,,,,,16,2022-04-04,OSP
MNL046 LP230 NP3-4,MNL046,LP230,NP3-4,MNL046 LP230,Reten Apartment,MANILA,3,2,BARANGAY 648,,,14.59293,120.9868,,,,,,,16,2022-04-04,OSP
MNL046 LP232 NP1-2,MNL046,LP232,NP1-2,MNL046 LP232,Reten Apartment,MANILA,3,2,BARANGAY 648,,,14.59347,120.987,,,,,,,16,2022-04-04,OSP
MNL046 LP232 NP3-4,MNL046,LP232,NP3-4,MNL046 LP232,Reten Apartment,MANILA,3,2,BARANGAY 648,,,14.59387,120.9865,,,,,,,16,2022-04-04,OSP
MNL046 LP232 NP7-8,MNL046,LP232,NP7-8,MNL046 LP232,Reten Apartment,MANILA,3,2,BARANGAY 648,,,14.59431,120.9871,,,,,,,16,2022-04-04,OSP
MNL046 LP234 NP1-2,MNL046,LP234,NP1-2,MNL046 LP234,Reten Apartment,MANILA,3,2,BARANGAY 648,,,14.5927,120.9871,,,,,,,16,2022-04-04,OSP
MNL046 LP234 NP3-4,MNL046,LP234,NP3-4,MNL046 LP234,Reten Apartment,MANILA,3,2,BARANGAY 648,,,14.59289,120.9875,,,,,,,16,2022-04-04,OSP
MNL046 LP234 NP5-6,MNL046,LP234,NP5-6,MNL046 LP234,Reten Apartment,MANILA,3,2,BARANGAY 648,,,14.59358,120.9878,,,,,,,16,2022-04-04,OSP
MNL001 LP379 NP5-6,MNL001,LP379,NP5-6,MNL001 LP379,Zen Tower,MANILA,3,2,BARANGAY 648,,,14.592903,120.986618,,,,,,,16,2020-09-06,OSP
MNL001 LP379 NP7-8,MNL001,LP379,NP7-8,MNL001 LP379,Zen Tower,MANILA,3,2,BARANGAY 648,,,14.593459,120.987013,,,,,,,16,2020-09-06,OSP
MNL001 LP380 NP1-2,MNL001,LP380,NP1-2,MNL001 LP380,Zen Tower,MANILA,3,2,BARANGAY 648,,,14.593713,120.986523,,,,,,,16,2020-09-06,OSP
MNL001 LP380 NP3-4,MNL001,LP380,NP3-4,MNL001 LP380,Zen Tower,MANILA,3,2,BARANGAY 648,,,14.594248,120.986788,,,,,,,16,2020-09-06,OSP
MNL001 LP381 NP1-2,MNL001,LP381,NP1-2,MNL001 LP381,Zen Tower,MANILA,3,2,BARANGAY 648,,,14.592721,120.986918,,,,,,,16,2020-09-06,OSP
MNL001 LP381 NP3-4,MNL001,LP381,NP3-4,MNL001 LP381,Zen Tower,MANILA,3,2,BARANGAY 648,,,14.592583,120.986836,,,,,,,16,2020-09-06,OSP
MNL001 LP141 NP5-6,MNL001,LP141,NP5-6,MNL001 LP141,Zen Tower,MANILA,3,2,BARANGAY 648,,,14.592897,120.987491,,,,,,,16,2018-06-27,OSP
MNL001 LP141 NP7-8,MNL001,LP141,NP7-8,MNL001 LP141,Zen Tower,MANILA,3,2,BARANGAY 648,,,14.592704,120.987103,,,,,,,16,2020-08-07,OSP
MNL001 LP9 NP5-6,MNL001,LP9,NP5-6,MNL001 LP9,Zen Tower,MANILA,3,2,BARANGAY 648,,,14.592571,120.986784,,,,,,,16,2015-07-22,OSP
MNL068 LP23 NP3-5,MNL068,LP23,NP3-5,MNL068 LP23,Baseco 1,MANILA,3,2,BARANGAY 649,,,14.590108,120.959825,,,,,,,24,2021-09-25,OSP
MNL068 LP23 NP6-8,MNL068,LP23,NP6-8,MNL068 LP23,Baseco 1,MANILA,3,2,BARANGAY 649,,,14.590094,120.960193,,,,,,,24,2021-09-25,OSP
MNL068 LP24 NP1-2,MNL068,LP24,NP1-2,MNL068 LP24,Baseco 1,MANILA,3,2,BARANGAY 649,,,14.590093,120.960587,,,,,,,16,2021-09-25,OSP
MNL068 LP24 NP3-5,MNL068,LP24,NP3-5,MNL068 LP24,Baseco 1,MANILA,3,2,BARANGAY 649,,,14.590093,120.960587,,,,,,,24,2021-09-25,OSP
MNL068 LP24 NP6-8,MNL068,LP24,NP6-8,MNL068 LP24,Baseco 1,MANILA,3,2,BARANGAY 649,,,14.590088,120.960954,,,,,,,24,2021-09-25,OSP
MNL068 LP25 NP1-2,MNL068,LP25,NP1-2,MNL068 LP25,Baseco 1,MANILA,3,2,BARANGAY 649,,,14.590088,120.960954,,,,,,,16,2021-09-25,OSP
MNL068 LP25 NP3-5,MNL068,LP25,NP3-5,MNL068 LP25,Baseco 1,MANILA,3,2,BARANGAY 649,,,14.590089,120.961319,,,,,,,24,2021-09-25,OSP
MNL068 LP25 NP6-8,MNL068,LP25,NP6-8,MNL068 LP25,Baseco 1,MANILA,3,2,BARANGAY 649,,,14.590089,120.961319,,,,,,,24,2021-09-25,OSP
MNL068 LP26 NP1-2,MNL068,LP26,NP1-2,MNL068 LP26,Baseco 1,MANILA,3,2,BARANGAY 649,,,14.589892,120.961302,,,,,,,16,2021-09-25,OSP
MNL068 LP26 NP3-5,MNL068,LP26,NP3-5,MNL068 LP26,Baseco 1,MANILA,3,2,BARANGAY 649,,,14.589892,120.961302,,,,,,,24,2021-09-25,OSP
MNL068 LP26 NP6-8,MNL068,LP26,NP6-8,MNL068 LP26,Baseco 1,MANILA,3,2,BARANGAY 649,,,14.589923,120.960954,,,,,,,24,2021-09-25,OSP
MNL068 LP27 NP1-2,MNL068,LP27,NP1-2,MNL068 LP27,Baseco 1,MANILA,3,2,BARANGAY 649,,,14.589923,120.960954,,,,,,,16,2021-09-25,OSP
MNL068 LP27 NP3-5,MNL068,LP27,NP3-5,MNL068 LP27,Baseco 1,MANILA,3,2,BARANGAY 649,,,14.589927,120.960582,,,,,,,24,2021-09-25,OSP
MNL068 LP27 NP6-8,MNL068,LP27,NP6-8,MNL068 LP27,Baseco 1,MANILA,3,2,BARANGAY 649,,,14.589927,120.960582,,,,,,,24,2021-09-25,OSP
MNL068 LP28 NP1-2,MNL068,LP28,NP1-2,MNL068 LP28,Baseco 1,MANILA,3,2,BARANGAY 649,,,14.589935,120.960193,,,,,,,16,2021-09-25,OSP
MNL068 LP28 NP3-5,MNL068,LP28,NP3-5,MNL068 LP28,Baseco 1,MANILA,3,2,BARANGAY 649,,,14.589941,120.959834,,,,,,,24,2021-09-25,OSP
MNL068 LP28 NP6-8,MNL068,LP28,NP6-8,MNL068 LP28,Baseco 1,MANILA,3,2,BARANGAY 649,,,14.589941,120.959834,,,,,,,24,2021-09-25,OSP
MNL068 LP19 NP1-2,MNL068,LP19,NP1-2,MNL068 LP19,Baseco 1,MANILA,3,2,BARANGAY 649,,,14.590371,120.959005,,,,,,,16,2021-09-25,OSP
MNL068 LP19 NP3-5,MNL068,LP19,NP3-5,MNL068 LP19,Baseco 1,MANILA,3,2,BARANGAY 649,,,14.590438,120.958895,,,,,,,24,2021-09-25,OSP
MNL068 LP19 NP6-8,MNL068,LP19,NP6-8,MNL068 LP19,Baseco 1,MANILA,3,2,BARANGAY 649,,,14.590755,120.958899,,,,,,,24,2021-09-25,OSP
MNL068 LP2 NP1-2,MNL068,LP2,NP1-2,MNL068 LP2,Baseco 1,MANILA,3,2,BARANGAY 649,,,14.593361,120.960931,,,,,,,16,2021-09-25,OSP
MNL068 LP2 NP3-5,MNL068,LP2,NP3-5,MNL068 LP2,Baseco 1,MANILA,3,2,BARANGAY 649,,,14.593993,120.961003,,,,,,,24,2021-09-25,OSP
MNL068 LP2 NP6-8,MNL068,LP2,NP6-8,MNL068 LP2,Baseco 1,MANILA,3,2,BARANGAY 649,,,14.593993,120.961003,,,,,,,24,2021-09-25,OSP
MNL068 LP20 NP1-2,MNL068,LP20,NP1-2,MNL068 LP20,Baseco 1,MANILA,3,2,BARANGAY 649,,,14.590438,120.958895,,,,,,,16,2021-09-25,OSP
MNL068 LP20 NP3-4,MNL068,LP20,NP3-4,MNL068 LP20,Baseco 1,MANILA,3,2,BARANGAY 649,,,14.590409,120.958753,,,,,,,16,2021-09-25,OSP
MNL068 LP20 NP5-6,MNL068,LP20,NP5-6,MNL068 LP20,Baseco 1,MANILA,3,2,BARANGAY 649,,,14.590409,120.958753,,,,,,,16,2021-09-25,OSP
MNL068 LP20 NP7-8,MNL068,LP20,NP7-8,MNL068 LP20,Baseco 1,MANILA,3,2,BARANGAY 649,,,14.590436,120.958636,,,,,,,16,2021-09-25,OSP
MNL068 LP21 NP1-2,MNL068,LP21,NP1-2,MNL068 LP21,Baseco 1,MANILA,3,2,BARANGAY 649,,,14.590406,120.958457,,,,,,,16,2021-09-25,OSP
MNL068 LP21 NP3-5,MNL068,LP21,NP3-5,MNL068 LP21,Baseco 1,MANILA,3,2,BARANGAY 649,,,14.590406,120.958457,,,,,,,24,2021-09-25,OSP
MNL068 LP21 NP6-8,MNL068,LP21,NP6-8,MNL068 LP21,Baseco 1,MANILA,3,2,BARANGAY 649,,,14.590406,120.958457,,,,,,,24,2021-09-25,OSP
MNL068 LP22 NP1-2,MNL068,LP22,NP1-2,MNL068 LP22,Baseco 1,MANILA,3,2,BARANGAY 649,,,14.590391,120.958298,,,,,,,16,2021-09-25,OSP
MNL068 LP22 NP3-5,MNL068,LP22,NP3-5,MNL068 LP22,Baseco 1,MANILA,3,2,BARANGAY 649,,,14.590391,120.958298,,,,,,,24,2021-09-25,OSP
MNL068 LP22 NP6-8,MNL068,LP22,NP6-8,MNL068 LP22,Baseco 1,MANILA,3,2,BARANGAY 649,,,14.590391,120.958298,,,,,,,24,2021-09-25,OSP
MNL068 LP23 NP1-2,MNL068,LP23,NP1-2,MNL068 LP23,Baseco 1,MANILA,3,2,BARANGAY 649,,,14.590108,120.959825,,,,,,,16,2021-09-25,OSP
MNL068 LP13 NP3-5,MNL068,LP13,NP3-5,MNL068 LP13,Baseco 1,MANILA,3,2,BARANGAY 649,,,14.590298,120.960591,,,,,,,24,2021-09-25,OSP
MNL068 LP13 NP6-8,MNL068,LP13,NP6-8,MNL068 LP13,Baseco 1,MANILA,3,2,BARANGAY 649,,,14.590299,120.960195,,,,,,,24,2021-09-25,OSP
MNL068 LP14 NP1-2,MNL068,LP14,NP1-2,MNL068 LP14,Baseco 1,MANILA,3,2,BARANGAY 649,,,14.590305,120.959757,,,,,,,16,2021-09-25,OSP
MNL068 LP14 NP3-5,MNL068,LP14,NP3-5,MNL068 LP14,Baseco 1,MANILA,3,2,BARANGAY 649,,,14.590331,120.959572,,,,,,,24,2021-09-25,OSP
MNL068 LP14 NP6-8,MNL068,LP14,NP6-8,MNL068 LP14,Baseco 1,MANILA,3,2,BARANGAY 649,,,14.590331,120.959572,,,,,,,24,2021-09-25,OSP
MNL068 LP15 NP1-2,MNL068,LP15,NP1-2,MNL068 LP15,Baseco 1,MANILA,3,2,BARANGAY 649,,,14.59057,120.959574,,,,,,,16,2021-09-25,OSP
MNL068 LP15 NP3-5,MNL068,LP15,NP3-5,MNL068 LP15,Baseco 1,MANILA,3,2,BARANGAY 649,,,14.590539,120.959754,,,,,,,24,2021-09-25,OSP
MNL068 LP15 NP6-8,MNL068,LP15,NP6-8,MNL068 LP15,Baseco 1,MANILA,3,2,BARANGAY 649,,,14.590728,120.959572,,,,,,,24,2021-09-25,OSP
MNL068 LP16 NP1-2,MNL068,LP16,NP1-2,MNL068 LP16,Baseco 1,MANILA,3,2,BARANGAY 649,,,14.590196,120.959563,,,,,,,16,2021-09-25,OSP
MNL068 LP16 NP3-5,MNL068,LP16,NP3-5,MNL068 LP16,Baseco 1,MANILA,3,2,BARANGAY 649,,,14.590193,120.959394,,,,,,,24,2021-09-25,OSP
MNL068 LP16 NP6-8,MNL068,LP16,NP6-8,MNL068 LP16,Baseco 1,MANILA,3,2,BARANGAY 649,,,14.590193,120.959394,,,,,,,24,2021-09-25,OSP
MNL068 LP17 NP1-2,MNL068,LP17,NP1-2,MNL068 LP17,Baseco 1,MANILA,3,2,BARANGAY 649,,,14.590194,120.959177,,,,,,,16,2021-09-25,OSP
MNL068 LP17 NP3-5,MNL068,LP17,NP3-5,MNL068 LP17,Baseco 1,MANILA,3,2,BARANGAY 649,,,14.590194,120.959177,,,,,,,24,2021-09-25,OSP
MNL068 LP17 NP6-8,MNL068,LP17,NP6-8,MNL068 LP17,Baseco 1,MANILA,3,2,BARANGAY 649,,,14.590197,120.959,,,,,,,24,2021-09-25,OSP
MNL068 LP18 NP1-2,MNL068,LP18,NP1-2,MNL068 LP18,Baseco 1,MANILA,3,2,BARANGAY 649,,,14.590197,120.959,,,,,,,16,2021-09-25,OSP
MNL068 LP18 NP3-5,MNL068,LP18,NP3-5,MNL068 LP18,Baseco 1,MANILA,3,2,BARANGAY 649,,,14.590197,120.958899,,,,,,,24,2021-09-25,OSP
MNL068 LP18 NP6-8,MNL068,LP18,NP6-8,MNL068 LP18,Baseco 1,MANILA,3,2,BARANGAY 649,,,14.590197,120.958899,,,,,,,24,2021-09-25,OSP
MNL068 LP109 NP6-8,MNL068,LP109,NP6-8,MNL068 LP109,Baseco 1,MANILA,3,2,BARANGAY 649,,,14.590465,120.954928,,,,,,,24,2021-10-26,OSP
MNL068 LP11 NP1-2,MNL068,LP11,NP1-2,MNL068 LP11,Baseco 1,MANILA,3,2,BARANGAY 649,,,14.590733,120.960195,,,,,,,16,2021-09-25,OSP
MNL068 LP11 NP3-5,MNL068,LP11,NP3-5,MNL068 LP11,Baseco 1,MANILA,3,2,BARANGAY 649,,,14.59053,120.960199,,,,,,,24,2021-09-25,OSP
MNL068 LP11 NP6-8,MNL068,LP11,NP6-8,MNL068 LP11,Baseco 1,MANILA,3,2,BARANGAY 649,,,14.590531,120.960587,,,,,,,24,2021-09-25,OSP
MNL068 LP110 NP1-2,MNL068,LP110,NP1-2,MNL068 LP110,Baseco 1,MANILA,3,2,BARANGAY 649,,,14.590296,120.954808,,,,,,,16,2021-10-26,OSP
MNL068 LP110 NP3-5,MNL068,LP110,NP3-5,MNL068 LP110,Baseco 1,MANILA,3,2,BARANGAY 649,,,14.590296,120.954808,,,,,,,24,2021-10-26,OSP
MNL068 LP110 NP6-8,MNL068,LP110,NP6-8,MNL068 LP110,Baseco 1,MANILA,3,2,BARANGAY 649,,,14.589904,120.955027,,,,,,,24,2021-10-26,OSP
MNL068 LP111 NP1-2,MNL068,LP111,NP1-2,MNL068 LP111,Baseco 1,MANILA,3,2,BARANGAY 649,,,14.58995,120.955152,,,,,,,16,2021-10-26,OSP
MNL068 LP111 NP3-5,MNL068,LP111,NP3-5,MNL068 LP111,Baseco 1,MANILA,3,2,BARANGAY 649,,,14.58995,120.955152,,,,,,,24,2021-10-26,OSP
MNL068 LP111 NP6-8,MNL068,LP111,NP6-8,MNL068 LP111,Baseco 1,MANILA,3,2,BARANGAY 649,,,14.590107,120.955209,,,,,,,24,2021-10-26,OSP
MNL068 LP112 NP1-2,MNL068,LP112,NP1-2,MNL068 LP112,Baseco 1,MANILA,3,2,BARANGAY 649,,,14.589904,120.955027,,,,,,,16,2021-10-26,OSP
MNL068 LP112 NP3-5,MNL068,LP112,NP3-5,MNL068 LP112,Baseco 1,MANILA,3,2,BARANGAY 649,,,14.589696,120.955179,,,,,,,24,2021-10-26,OSP
MNL068 LP112 NP6-8,MNL068,LP112,NP6-8,MNL068 LP112,Baseco 1,MANILA,3,2,BARANGAY 649,,,14.589696,120.955179,,,,,,,24,2021-10-26,OSP
MNL068 LP12 NP1-2,MNL068,LP12,NP1-2,MNL068 LP12,Baseco 1,MANILA,3,2,BARANGAY 649,,,14.590524,120.960956,,,,,,,16,2021-09-25,OSP
MNL068 LP12 NP3-5,MNL068,LP12,NP3-5,MNL068 LP12,Baseco 1,MANILA,3,2,BARANGAY 649,,,14.590523,120.961362,,,,,,,24,2021-09-25,OSP
MNL068 LP12 NP6-8,MNL068,LP12,NP6-8,MNL068 LP12,Baseco 1,MANILA,3,2,BARANGAY 649,,,14.590301,120.961337,,,,,,,24,2021-09-25,OSP
MNL068 LP13 NP1-2,MNL068,LP13,NP1-2,MNL068 LP13,Baseco 1,MANILA,3,2,BARANGAY 649,,,14.590292,120.960995,,,,,,,16,2021-09-25,OSP
MNL068 LP104 NP3-4,MNL068,LP104,NP3-4,MNL068 LP104,Baseco 1,MANILA,3,2,BARANGAY 649,,,14.591073,120.955195,,,,,,,16,2021-10-26,OSP
MNL068 LP104 NP5-6,MNL068,LP104,NP5-6,MNL068 LP104,Baseco 1,MANILA,3,2,BARANGAY 649,,,14.590934,120.955225,,,,,,,16,2021-10-26,OSP
MNL068 LP104 NP7-8,MNL068,LP104,NP7-8,MNL068 LP104,Baseco 1,MANILA,3,2,BARANGAY 649,,,14.590934,120.955225,,,,,,,16,2021-10-26,OSP
MNL068 LP105 NP1-2,MNL068,LP105,NP1-2,MNL068 LP105,Baseco 1,MANILA,3,2,BARANGAY 649,,,14.590476,120.955147,,,,,,,16,2021-10-26,OSP
MNL068 LP105 NP3-5,MNL068,LP105,NP3-5,MNL068 LP105,Baseco 1,MANILA,3,2,BARANGAY 649,,,14.590653,120.955423,,,,,,,24,2021-10-26,OSP
MNL068 LP105 NP6-8,MNL068,LP105,NP6-8,MNL068 LP105,Baseco 1,MANILA,3,2,BARANGAY 649,,,14.590653,120.955423,,,,,,,24,2021-10-26,OSP
MNL068 LP106 NP1-2,MNL068,LP106,NP1-2,MNL068 LP106,Baseco 1,MANILA,3,2,BARANGAY 649,,,14.590727,120.955286,,,,,,,16,2021-10-26,OSP
MNL068 LP106 NP3-5,MNL068,LP106,NP3-5,MNL068 LP106,Baseco 1,MANILA,3,2,BARANGAY 649,,,14.590934,120.955225,,,,,,,24,2021-10-26,OSP
MNL068 LP106 NP6-8,MNL068,LP106,NP6-8,MNL068 LP106,Baseco 1,MANILA,3,2,BARANGAY 649,,,14.591004,120.955379,,,,,,,24,2021-10-26,OSP
MNL068 LP107 NP1-2,MNL068,LP107,NP1-2,MNL068 LP107,Baseco 1,MANILA,3,2,BARANGAY 649,,,14.591025,120.954088,,,,,,,16,2021-10-26,OSP
MNL068 LP107 NP3-5,MNL068,LP107,NP3-5,MNL068 LP107,Baseco 1,MANILA,3,2,BARANGAY 649,,,14.591025,120.954088,,,,,,,24,2021-10-26,OSP
MNL068 LP107 NP6-8,MNL068,LP107,NP6-8,MNL068 LP107,Baseco 1,MANILA,3,2,BARANGAY 649,,,14.590834,120.954302,,,,,,,24,2021-10-26,OSP
MNL068 LP108 NP1-2,MNL068,LP108,NP1-2,MNL068 LP108,Baseco 1,MANILA,3,2,BARANGAY 649,,,14.590834,120.954302,,,,,,,16,2021-10-26,OSP
MNL068 LP108 NP3-5,MNL068,LP108,NP3-5,MNL068 LP108,Baseco 1,MANILA,3,2,BARANGAY 649,,,14.590657,120.954433,,,,,,,24,2021-10-26,OSP
MNL068 LP108 NP6-8,MNL068,LP108,NP6-8,MNL068 LP108,Baseco 1,MANILA,3,2,BARANGAY 649,,,14.590657,120.954433,,,,,,,24,2021-10-26,OSP
MNL068 LP109 NP1-2,MNL068,LP109,NP1-2,MNL068 LP109,Baseco 1,MANILA,3,2,BARANGAY 649,,,14.590496,120.954601,,,,,,,16,2021-10-26,OSP
MNL068 LP109 NP3-5,MNL068,LP109,NP3-5,MNL068 LP109,Baseco 1,MANILA,3,2,BARANGAY 649,,,14.590496,120.954601,,,,,,,24,2021-10-26,OSP
MNL068 LP10 NP3-5,MNL068,LP10,NP3-5,MNL068 LP10,Baseco 1,MANILA,3,2,BARANGAY 649,,,14.590724,120.961029,,,,,,,24,2021-09-25,OSP
MNL068 LP10 NP6-8,MNL068,LP10,NP6-8,MNL068 LP10,Baseco 1,MANILA,3,2,BARANGAY 649,,,14.590731,120.960587,,,,,,,24,2021-09-25,OSP
MNL068 LP100 NP1-2,MNL068,LP100,NP1-2,MNL068 LP100,Baseco 1,MANILA,3,2,BARANGAY 649,,,14.591018,120.954597,,,,,,,16,2021-10-26,OSP
MNL068 LP100 NP3-5,MNL068,LP100,NP3-5,MNL068 LP100,Baseco 1,MANILA,3,2,BARANGAY 649,,,14.590921,120.954692,,,,,,,24,2021-10-26,OSP
MNL068 LP100 NP6-8,MNL068,LP100,NP6-8,MNL068 LP100,Baseco 1,MANILA,3,2,BARANGAY 649,,,14.590747,120.954892,,,,,,,24,2021-10-26,OSP
MNL068 LP101 NP1-2,MNL068,LP101,NP1-2,MNL068 LP101,Baseco 1,MANILA,3,2,BARANGAY 649,,,14.590801,120.95453,,,,,,,16,2021-10-26,OSP
MNL068 LP101 NP3-5,MNL068,LP101,NP3-5,MNL068 LP101,Baseco 1,MANILA,3,2,BARANGAY 649,,,14.590661,120.954687,,,,,,,24,2021-10-26,OSP
MNL068 LP101 NP6-8,MNL068,LP101,NP6-8,MNL068 LP101,Baseco 1,MANILA,3,2,BARANGAY 649,,,14.590535,120.954833,,,,,,,24,2021-10-26,OSP
MNL068 LP102 NP1-2,MNL068,LP102,NP1-2,MNL068 LP102,Baseco 1,MANILA,3,2,BARANGAY 649,,,14.591093,120.954756,,,,,,,16,2021-10-26,OSP
MNL068 LP102 NP3-4,MNL068,LP102,NP3-4,MNL068 LP102,Baseco 1,MANILA,3,2,BARANGAY 649,,,14.591093,120.954756,,,,,,,16,2021-10-26,OSP
MNL068 LP102 NP5-6,MNL068,LP102,NP5-6,MNL068 LP102,Baseco 1,MANILA,3,2,BARANGAY 649,,,14.591186,120.95495,,,,,,,16,2021-10-26,OSP
MNL068 LP102 NP7-8,MNL068,LP102,NP7-8,MNL068 LP102,Baseco 1,MANILA,3,2,BARANGAY 649,,,14.591186,120.95495,,,,,,,16,2021-10-26,OSP
MNL068 LP103 NP1-2,MNL068,LP103,NP1-2,MNL068 LP103,Baseco 1,MANILA,3,2,BARANGAY 649,,,14.59127,120.955126,,,,,,,16,2021-10-26,OSP
MNL068 LP103 NP3-4,MNL068,LP103,NP3-4,MNL068 LP103,Baseco 1,MANILA,3,2,BARANGAY 649,,,14.59127,120.955126,,,,,,,16,2021-10-26,OSP
MNL068 LP103 NP5-6,MNL068,LP103,NP5-6,MNL068 LP103,Baseco 1,MANILA,3,2,BARANGAY 649,,,14.591199,120.955129,,,,,,,16,2021-10-26,OSP
MNL068 LP103 NP7-8,MNL068,LP103,NP7-8,MNL068 LP103,Baseco 1,MANILA,3,2,BARANGAY 649,,,14.591199,120.955129,,,,,,,16,2021-10-26,OSP
MNL068 LP104 NP1-2,MNL068,LP104,NP1-2,MNL068 LP104,Baseco 1,MANILA,3,2,BARANGAY 649,,,14.591073,120.955195,,,,,,,16,2021-10-26,OSP
MNL068 LP1 NP1-2,MNL068,LP1,NP1-2,MNL068 LP1,Baseco 1,MANILA,3,2,BARANGAY 649,,,14.593873,120.961392,,,,,,,16,2021-09-25,OSP
MNL068 LP1 NP3-4,MNL068,LP1,NP3-4,MNL068 LP1,Baseco 1,MANILA,3,2,BARANGAY 649,,,14.593617,120.961212,,,,,,,16,2021-09-25,OSP
MNL068 LP1 NP5-6,MNL068,LP1,NP5-6,MNL068 LP1,Baseco 1,MANILA,3,2,BARANGAY 649,,,14.593343,120.961159,,,,,,,16,2021-09-25,OSP
MNL068 LP1 NP7-8,MNL068,LP1,NP7-8,MNL068 LP1,Baseco 1,MANILA,3,2,BARANGAY 649,,,14.593343,120.961159,,,,,,,16,2021-09-25,OSP
MNL068 LP10 NP1-2,MNL068,LP10,NP1-2,MNL068 LP10,Baseco 1,MANILA,3,2,BARANGAY 649,,,14.59072,120.961384,,,,,,,16,2021-09-25,OSP
MNL068 LP95 NP3-5,MNL068,LP95,NP3-5,MNL068 LP95,Baseco 1,MANILA,3,2,BARANGAY 649,,,14.59156,120.954398,,,,,,,24,2021-10-26,OSP
MNL068 LP95 NP6-8,MNL068,LP95,NP6-8,MNL068 LP95,Baseco 1,MANILA,3,2,BARANGAY 649,,,14.59139,120.954212,,,,,,,24,2021-10-26,OSP
MNL068 LP96 NP1-2,MNL068,LP96,NP1-2,MNL068 LP96,Baseco 1,MANILA,3,2,BARANGAY 649,,,14.591231,120.954289,,,,,,,16,2021-10-26,OSP
MNL068 LP96 NP3-5,MNL068,LP96,NP3-5,MNL068 LP96,Baseco 1,MANILA,3,2,BARANGAY 649,,,14.591164,120.954362,,,,,,,24,2021-10-26,OSP
MNL068 LP96 NP6-8,MNL068,LP96,NP6-8,MNL068 LP96,Baseco 1,MANILA,3,2,BARANGAY 649,,,14.591207,120.954467,,,,,,,24,2021-10-26,OSP
MNL068 LP97 NP1-2,MNL068,LP97,NP1-2,MNL068 LP97,Baseco 1,MANILA,3,2,BARANGAY 649,,,14.591231,120.954289,,,,,,,16,2021-10-26,OSP
MNL068 LP97 NP3-5,MNL068,LP97,NP3-5,MNL068 LP97,Baseco 1,MANILA,3,2,BARANGAY 649,,,14.591164,120.954362,,,,,,,24,2021-10-26,OSP
MNL068 LP97 NP6-8,MNL068,LP97,NP6-8,MNL068 LP97,Baseco 1,MANILA,3,2,BARANGAY 649,,,14.591207,120.954467,,,,,,,24,2021-10-26,OSP
MNL068 LP98 NP1-2,MNL068,LP98,NP1-2,MNL068 LP98,Baseco 1,MANILA,3,2,BARANGAY 649,,,14.591315,120.954739,,,,,,,16,2021-10-26,OSP
MNL068 LP98 NP3-5,MNL068,LP98,NP3-5,MNL068 LP98,Baseco 1,MANILA,3,2,BARANGAY 649,,,14.591404,120.954948,,,,,,,24,2021-10-26,OSP
MNL068 LP98 NP6-8,MNL068,LP98,NP6-8,MNL068 LP98,Baseco 1,MANILA,3,2,BARANGAY 649,,,14.591607,120.954859,,,,,,,24,2021-10-26,OSP
MNL068 LP99 NP1-2,MNL068,LP99,NP1-2,MNL068 LP99,Baseco 1,MANILA,3,2,BARANGAY 649,,,14.591454,120.955077,,,,,,,16,2021-10-26,OSP
MNL068 LP99 NP3-5,MNL068,LP99,NP3-5,MNL068 LP99,Baseco 1,MANILA,3,2,BARANGAY 649,,,14.591454,120.955077,,,,,,,24,2021-10-26,OSP
MNL068 LP99 NP6-8,MNL068,LP99,NP6-8,MNL068 LP99,Baseco 1,MANILA,3,2,BARANGAY 649,,,14.591495,120.955222,,,,,,,24,2021-10-26,OSP
MNL068 LP90 NP3-5,MNL068,LP90,NP3-5,MNL068 LP90,Baseco 1,MANILA,3,2,BARANGAY 649,,,14.589834,120.956545,,,,,,,24,2021-10-26,OSP
MNL068 LP90 NP6-8,MNL068,LP90,NP6-8,MNL068 LP90,Baseco 1,MANILA,3,2,BARANGAY 649,,,14.589834,120.956545,,,,,,,24,2021-10-26,OSP
MNL068 LP91 NP1-2,MNL068,LP91,NP1-2,MNL068 LP91,Baseco 1,MANILA,3,2,BARANGAY 649,,,14.589733,120.956559,,,,,,,16,2021-10-26,OSP
MNL068 LP91 NP3-5,MNL068,LP91,NP3-5,MNL068 LP91,Baseco 1,MANILA,3,2,BARANGAY 649,,,14.589733,120.956559,,,,,,,24,2021-10-26,OSP
MNL068 LP91 NP6-8,MNL068,LP91,NP6-8,MNL068 LP91,Baseco 1,MANILA,3,2,BARANGAY 649,,,14.589541,120.956525,,,,,,,24,2021-10-26,OSP
MNL068 LP92 NP1-2,MNL068,LP92,NP1-2,MNL068 LP92,Baseco 1,MANILA,3,2,BARANGAY 649,,,14.589541,120.956525,,,,,,,16,2021-10-26,OSP
MNL068 LP92 NP3-5,MNL068,LP92,NP3-5,MNL068 LP92,Baseco 1,MANILA,3,2,BARANGAY 649,,,14.589365,120.956495,,,,,,,24,2021-10-26,OSP
MNL068 LP92 NP6-8,MNL068,LP92,NP6-8,MNL068 LP92,Baseco 1,MANILA,3,2,BARANGAY 649,,,14.589365,120.956495,,,,,,,24,2021-10-26,OSP
MNL068 LP93 NP1-2,MNL068,LP93,NP1-2,MNL068 LP93,Baseco 1,MANILA,3,2,BARANGAY 649,,,14.592156,120.955003,,,,,,,16,2021-10-26,OSP
MNL068 LP93 NP3-4,MNL068,LP93,NP3-4,MNL068 LP93,Baseco 1,MANILA,3,2,BARANGAY 649,,,14.592156,120.955003,,,,,,,16,2021-10-26,OSP
MNL068 LP93 NP5-6,MNL068,LP93,NP5-6,MNL068 LP93,Baseco 1,MANILA,3,2,BARANGAY 649,,,14.592089,120.954944,,,,,,,16,2021-10-26,OSP
MNL068 LP93 NP7-8,MNL068,LP93,NP7-8,MNL068 LP93,Baseco 1,MANILA,3,2,BARANGAY 649,,,14.592089,120.954944,,,,,,,16,2021-10-26,OSP
MNL068 LP94 NP1-2,MNL068,LP94,NP1-2,MNL068 LP94,Baseco 1,MANILA,3,2,BARANGAY 649,,,14.59195,120.954807,,,,,,,16,2021-10-26,OSP
MNL068 LP94 NP3-4,MNL068,LP94,NP3-4,MNL068 LP94,Baseco 1,MANILA,3,2,BARANGAY 649,,,14.591752,120.95458,,,,,,,16,2021-10-26,OSP
MNL068 LP94 NP5-6,MNL068,LP94,NP5-6,MNL068 LP94,Baseco 1,MANILA,3,2,BARANGAY 649,,,14.59156,120.954398,,,,,,,16,2021-10-26,OSP
MNL068 LP94 NP7-8,MNL068,LP94,NP7-8,MNL068 LP94,Baseco 1,MANILA,3,2,BARANGAY 649,,,14.59139,120.954212,,,,,,,16,2021-10-26,OSP
MNL068 LP95 NP1-2,MNL068,LP95,NP1-2,MNL068 LP95,Baseco 1,MANILA,3,2,BARANGAY 649,,,14.591752,120.95458,,,,,,,16,2021-10-26,OSP
MNL068 LP86 NP1-2,MNL068,LP86,NP1-2,MNL068 LP86,Baseco 1,MANILA,3,2,BARANGAY 649,,,14.589483,120.955999,,,,,,,16,2021-10-26,OSP
MNL068 LP86 NP3-5,MNL068,LP86,NP3-5,MNL068 LP86,Baseco 1,MANILA,3,2,BARANGAY 649,,,14.589483,120.955999,,,,,,,24,2021-10-26,OSP
MNL068 LP86 NP6-8,MNL068,LP86,NP6-8,MNL068 LP86,Baseco 1,MANILA,3,2,BARANGAY 649,,,14.589502,120.956074,,,,,,,24,2021-10-26,OSP
MNL068 LP87 NP1-2,MNL068,LP87,NP1-2,MNL068 LP87,Baseco 1,MANILA,3,2,BARANGAY 649,,,14.58938,120.95617,,,,,,,16,2021-10-26,OSP
MNL068 LP87 NP3-4,MNL068,LP87,NP3-4,MNL068 LP87,Baseco 1,MANILA,3,2,BARANGAY 649,,,14.58938,120.95617,,,,,,,16,2021-10-26,OSP
MNL068 LP87 NP5-6,MNL068,LP87,NP5-6,MNL068 LP87,Baseco 1,MANILA,3,2,BARANGAY 649,,,14.589227,120.956021,,,,,,,16,2021-10-26,OSP
MNL068 LP87 NP7-8,MNL068,LP87,NP7-8,MNL068 LP87,Baseco 1,MANILA,3,2,BARANGAY 649,,,14.589227,120.956021,,,,,,,16,2021-10-26,OSP
MNL068 LP88 NP1-2,MNL068,LP88,NP1-2,MNL068 LP88,Baseco 1,MANILA,3,2,BARANGAY 649,,,14.589502,120.956074,,,,,,,16,2021-10-26,OSP
MNL068 LP88 NP3-5,MNL068,LP88,NP3-5,MNL068 LP88,Baseco 1,MANILA,3,2,BARANGAY 649,,,14.589585,120.956127,,,,,,,24,2021-10-26,OSP
MNL068 LP88 NP6-8,MNL068,LP88,NP6-8,MNL068 LP88,Baseco 1,MANILA,3,2,BARANGAY 649,,,14.589585,120.956127,,,,,,,24,2021-10-26,OSP
MNL068 LP89 NP1-2,MNL068,LP89,NP1-2,MNL068 LP89,Baseco 1,MANILA,3,2,BARANGAY 649,,,14.589659,120.956237,,,,,,,16,2021-10-26,OSP
MNL068 LP89 NP3-5,MNL068,LP89,NP3-5,MNL068 LP89,Baseco 1,MANILA,3,2,BARANGAY 649,,,14.589659,120.956237,,,,,,,24,2021-10-26,OSP
MNL068 LP89 NP6-8,MNL068,LP89,NP6-8,MNL068 LP89,Baseco 1,MANILA,3,2,BARANGAY 649,,,14.58975,120.956387,,,,,,,24,2021-10-26,OSP
MNL068 LP9 NP1-2,MNL068,LP9,NP1-2,MNL068 LP9,Baseco 1,MANILA,3,2,BARANGAY 649,,,14.590974,120.959794,,,,,,,16,2021-09-25,OSP
MNL068 LP9 NP3-5,MNL068,LP9,NP3-5,MNL068 LP9,Baseco 1,MANILA,3,2,BARANGAY 649,,,14.591027,120.959548,,,,,,,24,2021-09-25,OSP
MNL068 LP9 NP6-8,MNL068,LP9,NP6-8,MNL068 LP9,Baseco 1,MANILA,3,2,BARANGAY 649,,,14.590847,120.959532,,,,,,,24,2021-09-25,OSP
MNL068 LP90 NP1-2,MNL068,LP90,NP1-2,MNL068 LP90,Baseco 1,MANILA,3,2,BARANGAY 649,,,14.58975,120.956387,,,,,,,16,2021-10-26,OSP
MNL068 LP80 NP3-5,MNL068,LP80,NP3-5,MNL068 LP80,Baseco 1,MANILA,3,2,BARANGAY 649,,,14.590616,120.956451,,,,,,,24,2021-10-26,OSP
MNL068 LP80 NP6-8,MNL068,LP80,NP6-8,MNL068 LP80,Baseco 1,MANILA,3,2,BARANGAY 649,,,14.590616,120.956451,,,,,,,24,2021-10-26,OSP
MNL068 LP81 NP1-2,MNL068,LP81,NP1-2,MNL068 LP81,Baseco 1,MANILA,3,2,BARANGAY 649,,,14.590497,120.95558,,,,,,,16,2021-10-26,OSP
MNL068 LP81 NP3-5,MNL068,LP81,NP3-5,MNL068 LP81,Baseco 1,MANILA,3,2,BARANGAY 649,,,14.590653,120.955423,,,,,,,24,2021-10-26,OSP
MNL068 LP81 NP6-8,MNL068,LP81,NP6-8,MNL068 LP81,Baseco 1,MANILA,3,2,BARANGAY 649,,,14.590653,120.955423,,,,,,,24,2021-10-26,OSP
MNL068 LP82 NP1-2,MNL068,LP82,NP1-2,MNL068 LP82,Baseco 1,MANILA,3,2,BARANGAY 649,,,14.590322,120.955402,,,,,,,16,2021-10-26,OSP
MNL068 LP82 NP3-5,MNL068,LP82,NP3-5,MNL068 LP82,Baseco 1,MANILA,3,2,BARANGAY 649,,,14.590322,120.955402,,,,,,,24,2021-10-26,OSP
MNL068 LP82 NP6-8,MNL068,LP82,NP6-8,MNL068 LP82,Baseco 1,MANILA,3,2,BARANGAY 649,,,14.590107,120.955209,,,,,,,24,2021-10-26,OSP
MNL068 LP83 NP1-2,MNL068,LP83,NP1-2,MNL068 LP83,Baseco 1,MANILA,3,2,BARANGAY 649,,,14.590107,120.955209,,,,,,,16,2021-10-26,OSP
MNL068 LP83 NP3-5,MNL068,LP83,NP3-5,MNL068 LP83,Baseco 1,MANILA,3,2,BARANGAY 649,,,14.58995,120.955152,,,,,,,24,2021-10-26,OSP
MNL068 LP83 NP6-8,MNL068,LP83,NP6-8,MNL068 LP83,Baseco 1,MANILA,3,2,BARANGAY 649,,,14.58995,120.955152,,,,,,,24,2021-10-26,OSP
MNL068 LP84 NP1-2,MNL068,LP84,NP1-2,MNL068 LP84,Baseco 1,MANILA,3,2,BARANGAY 649,,,14.590173,120.95562,,,,,,,16,2021-10-26,OSP
MNL068 LP84 NP3-5,MNL068,LP84,NP3-5,MNL068 LP84,Baseco 1,MANILA,3,2,BARANGAY 649,,,14.590173,120.95562,,,,,,,24,2021-10-26,OSP
MNL068 LP84 NP6-8,MNL068,LP84,NP6-8,MNL068 LP84,Baseco 1,MANILA,3,2,BARANGAY 649,,,14.589929,120.955645,,,,,,,24,2021-10-26,OSP
MNL068 LP85 NP1-2,MNL068,LP85,NP1-2,MNL068 LP85,Baseco 1,MANILA,3,2,BARANGAY 649,,,14.589929,120.955645,,,,,,,16,2021-10-26,OSP
MNL068 LP85 NP3-5,MNL068,LP85,NP3-5,MNL068 LP85,Baseco 1,MANILA,3,2,BARANGAY 649,,,14.58965,120.955808,,,,,,,24,2021-10-26,OSP
MNL068 LP85 NP6-8,MNL068,LP85,NP6-8,MNL068 LP85,Baseco 1,MANILA,3,2,BARANGAY 649,,,14.58965,120.955808,,,,,,,24,2021-10-26,OSP
MNL068 LP77 NP1-2,MNL068,LP77,NP1-2,MNL068 LP77,Baseco 1,MANILA,3,2,BARANGAY 649,,,14.591244,120.955859,,,,,,,16,2021-10-26,OSP
MNL068 LP77 NP3-5,MNL068,LP77,NP3-5,MNL068 LP77,Baseco 1,MANILA,3,2,BARANGAY 649,,,14.590941,120.955911,,,,,,,24,2021-10-26,OSP
MNL068 LP77 NP6-8,MNL068,LP77,NP6-8,MNL068 LP77,Baseco 1,MANILA,3,2,BARANGAY 649,,,14.590941,120.955911,,,,,,,24,2021-10-26,OSP
MNL068 LP78 NP1-2,MNL068,LP78,NP1-2,MNL068 LP78,Baseco 1,MANILA,3,2,BARANGAY 649,,,14.590668,120.955845,,,,,,,16,2021-10-26,OSP
MNL068 LP78 NP3-5,MNL068,LP78,NP3-5,MNL068 LP78,Baseco 1,MANILA,3,2,BARANGAY 649,,,14.590668,120.955845,,,,,,,24,2021-10-26,OSP
MNL068 LP78 NP6-8,MNL068,LP78,NP6-8,MNL068 LP78,Baseco 1,MANILA,3,2,BARANGAY 649,,,14.590497,120.95558,,,,,,,24,2021-10-26,OSP
MNL068 LP79 NP1-2,MNL068,LP79,NP1-2,MNL068 LP79,Baseco 1,MANILA,3,2,BARANGAY 649,,,14.590648,120.956031,,,,,,,16,2021-10-26,OSP
MNL068 LP79 NP3-5,MNL068,LP79,NP3-5,MNL068 LP79,Baseco 1,MANILA,3,2,BARANGAY 649,,,14.590648,120.956031,,,,,,,24,2021-10-26,OSP
MNL068 LP79 NP6-8,MNL068,LP79,NP6-8,MNL068 LP79,Baseco 1,MANILA,3,2,BARANGAY 649,,,14.590648,120.956252,,,,,,,24,2021-10-26,OSP
MNL068 LP8 NP1-2,MNL068,LP8,NP1-2,MNL068 LP8,Baseco 1,MANILA,3,2,BARANGAY 649,,,14.590958,120.960924,,,,,,,16,2021-09-25,OSP
MNL068 LP8 NP3-5,MNL068,LP8,NP3-5,MNL068 LP8,Baseco 1,MANILA,3,2,BARANGAY 649,,,14.590963,120.960623,,,,,,,24,2021-09-25,OSP
MNL068 LP8 NP6-8,MNL068,LP8,NP6-8,MNL068 LP8,Baseco 1,MANILA,3,2,BARANGAY 649,,,14.59096,120.960197,,,,,,,24,2021-09-25,OSP
MNL068 LP80 NP1-2,MNL068,LP80,NP1-2,MNL068 LP80,Baseco 1,MANILA,3,2,BARANGAY 649,,,14.590648,120.956252,,,,,,,16,2021-10-26,OSP
MNL068 LP70 NP1-2,MNL068,LP70,NP1-2,MNL068 LP70,Baseco 1,MANILA,3,2,BARANGAY 649,,,14.592161,120.95536,,,,,,,16,2021-10-26,OSP
MNL068 LP70 NP3-5,MNL068,LP70,NP3-5,MNL068 LP70,Baseco 1,MANILA,3,2,BARANGAY 649,,,14.592161,120.95536,,,,,,,24,2021-10-26,OSP
MNL068 LP70 NP6-8,MNL068,LP70,NP6-8,MNL068 LP70,Baseco 1,MANILA,3,2,BARANGAY 649,,,14.591943,120.955517,,,,,,,24,2021-10-26,OSP
MNL068 LP71 NP1-2,MNL068,LP71,NP1-2,MNL068 LP71,Baseco 1,MANILA,3,2,BARANGAY 649,,,14.591943,120.955517,,,,,,,16,2021-10-26,OSP
MNL068 LP71 NP3-5,MNL068,LP71,NP3-5,MNL068 LP71,Baseco 1,MANILA,3,2,BARANGAY 649,,,14.591737,120.955665,,,,,,,24,2021-10-26,OSP
MNL068 LP71 NP6-8,MNL068,LP71,NP6-8,MNL068 LP71,Baseco 1,MANILA,3,2,BARANGAY 649,,,14.591737,120.955665,,,,,,,24,2021-10-26,OSP
MNL068 LP72 NP1-2,MNL068,LP72,NP1-2,MNL068 LP72,Baseco 1,MANILA,3,2,BARANGAY 649,,,14.591736,120.955663,,,,,,,16,2021-10-26,OSP
MNL068 LP72 NP3-5,MNL068,LP72,NP3-5,MNL068 LP72,Baseco 1,MANILA,3,2,BARANGAY 649,,,14.591529,120.955793,,,,,,,24,2021-10-26,OSP
MNL068 LP72 NP6-8,MNL068,LP72,NP6-8,MNL068 LP72,Baseco 1,MANILA,3,2,BARANGAY 649,,,14.591529,120.955793,,,,,,,24,2021-10-26,OSP
MNL068 LP73 NP1-2,MNL068,LP73,NP1-2,MNL068 LP73,Baseco 1,MANILA,3,2,BARANGAY 649,,,14.591736,120.955663,,,,,,,16,2021-10-26,OSP
MNL068 LP73 NP3-5,MNL068,LP73,NP3-5,MNL068 LP73,Baseco 1,MANILA,3,2,BARANGAY 649,,,14.591606,120.955517,,,,,,,24,2021-10-26,OSP
MNL068 LP73 NP6-8,MNL068,LP73,NP6-8,MNL068 LP73,Baseco 1,MANILA,3,2,BARANGAY 649,,,14.591606,120.955517,,,,,,,24,2021-10-26,OSP
MNL068 LP74 NP1-2,MNL068,LP74,NP1-2,MNL068 LP74,Baseco 1,MANILA,3,2,BARANGAY 649,,,14.591244,120.955859,,,,,,,16,2021-10-26,OSP
MNL068 LP74 NP3-5,MNL068,LP74,NP3-5,MNL068 LP74,Baseco 1,MANILA,3,2,BARANGAY 649,,,14.59133,120.956096,,,,,,,24,2021-10-26,OSP
MNL068 LP74 NP6-8,MNL068,LP74,NP6-8,MNL068 LP74,Baseco 1,MANILA,3,2,BARANGAY 649,,,14.59133,120.956096,,,,,,,24,2021-10-26,OSP
MNL068 LP75 NP1-2,MNL068,LP75,NP1-2,MNL068 LP75,Baseco 1,MANILA,3,2,BARANGAY 649,,,14.59139,120.956329,,,,,,,16,2021-09-21,OSP
MNL068 LP66 NP1-2,MNL068,LP66,NP1-2,MNL068 LP66,Baseco 1,MANILA,3,2,BARANGAY 649,,,14.592931,120.956038,,,,,,,16,2021-10-26,OSP
MNL068 LP66 NP3-5,MNL068,LP66,NP3-5,MNL068 LP66,Baseco 1,MANILA,3,2,BARANGAY 649,,,14.592812,120.956079,,,,,,,24,2021-10-26,OSP
MNL068 LP66 NP6-8,MNL068,LP66,NP6-8,MNL068 LP66,Baseco 1,MANILA,3,2,BARANGAY 649,,,14.592812,120.956079,,,,,,,24,2021-10-26,OSP
MNL068 LP67 NP1-2,MNL068,LP67,NP1-2,MNL068 LP67,Baseco 1,MANILA,3,2,BARANGAY 649,,,14.592783,120.955781,,,,,,,16,2021-10-26,OSP
MNL068 LP67 NP3-5,MNL068,LP67,NP3-5,MNL068 LP67,Baseco 1,MANILA,3,2,BARANGAY 649,,,14.592783,120.955781,,,,,,,24,2021-10-26,OSP
MNL068 LP67 NP6-8,MNL068,LP67,NP6-8,MNL068 LP67,Baseco 1,MANILA,3,2,BARANGAY 649,,,14.592623,120.955871,,,,,,,24,2021-10-26,OSP
MNL068 LP68 NP1-2,MNL068,LP68,NP1-2,MNL068 LP68,Baseco 1,MANILA,3,2,BARANGAY 649,,,14.592567,120.955714,,,,,,,16,2021-10-26,OSP
MNL068 LP68 NP3-5,MNL068,LP68,NP3-5,MNL068 LP68,Baseco 1,MANILA,3,2,BARANGAY 649,,,14.592442,120.955793,,,,,,,24,2021-10-26,OSP
MNL068 LP68 NP6-8,MNL068,LP68,NP6-8,MNL068 LP68,Baseco 1,MANILA,3,2,BARANGAY 649,,,14.592442,120.955793,,,,,,,24,2021-10-26,OSP
MNL068 LP69 NP1-2,MNL068,LP69,NP1-2,MNL068 LP69,Baseco 1,MANILA,3,2,BARANGAY 649,,,14.592597,120.955513,,,,,,,16,2021-10-26,OSP
MNL068 LP69 NP3-4,MNL068,LP69,NP3-4,MNL068 LP69,Baseco 1,MANILA,3,2,BARANGAY 649,,,14.592597,120.955513,,,,,,,16,2021-10-26,OSP
MNL068 LP69 NP5-6,MNL068,LP69,NP5-6,MNL068 LP69,Baseco 1,MANILA,3,2,BARANGAY 649,,,14.592328,120.955145,,,,,,,16,2021-10-26,OSP
MNL068 LP69 NP7-8,MNL068,LP69,NP7-8,MNL068 LP69,Baseco 1,MANILA,3,2,BARANGAY 649,,,14.592328,120.955145,,,,,,,16,2021-10-26,OSP
MNL068 LP7 NP1-2,MNL068,LP7,NP1-2,MNL068 LP7,Baseco 1,MANILA,3,2,BARANGAY 649,,,14.591317,120.961164,,,,,,,16,2021-09-25,OSP
MNL068 LP7 NP3-4,MNL068,LP7,NP3-4,MNL068 LP7,Baseco 1,MANILA,3,2,BARANGAY 649,,,14.591317,120.961164,,,,,,,16,2021-09-25,OSP
MNL068 LP7 NP5-6,MNL068,LP7,NP5-6,MNL068 LP7,Baseco 1,MANILA,3,2,BARANGAY 649,,,14.590975,120.961413,,,,,,,16,2021-09-25,OSP
MNL068 LP7 NP7-8,MNL068,LP7,NP7-8,MNL068 LP7,Baseco 1,MANILA,3,2,BARANGAY 649,,,14.590975,120.961413,,,,,,,16,2021-09-25,OSP
MNL068 LP61 NP7-8,MNL068,LP61,NP7-8,MNL068 LP61,Baseco 1,MANILA,3,2,BARANGAY 649,,,14.593893,120.958577,,,,,,,16,2021-10-26,OSP
MNL068 LP62 NP1-2,MNL068,LP62,NP1-2,MNL068 LP62,Baseco 1,MANILA,3,2,BARANGAY 649,,,14.59374,120.958185,,,,,,,16,2021-10-26,OSP
MNL068 LP62 NP3-4,MNL068,LP62,NP3-4,MNL068 LP62,Baseco 1,MANILA,3,2,BARANGAY 649,,,14.59374,120.958185,,,,,,,16,2021-10-26,OSP
MNL068 LP62 NP5-6,MNL068,LP62,NP5-6,MNL068 LP62,Baseco 1,MANILA,3,2,BARANGAY 649,,,14.593649,120.957901,,,,,,,16,2021-10-26,OSP
MNL068 LP62 NP7-8,MNL068,LP62,NP7-8,MNL068 LP62,Baseco 1,MANILA,3,2,BARANGAY 649,,,14.593649,120.957901,,,,,,,16,2021-10-26,OSP
MNL068 LP63 NP1-2,MNL068,LP63,NP1-2,MNL068 LP63,Baseco 1,MANILA,3,2,BARANGAY 649,,,14.593542,120.957585,,,,,,,16,2021-10-26,OSP
MNL068 LP63 NP3-4,MNL068,LP63,NP3-4,MNL068 LP63,Baseco 1,MANILA,3,2,BARANGAY 649,,,14.593542,120.957585,,,,,,,16,2021-10-26,OSP
MNL068 LP63 NP5-6,MNL068,LP63,NP5-6,MNL068 LP63,Baseco 1,MANILA,3,2,BARANGAY 649,,,14.593533,120.957564,,,,,,,16,2021-10-26,OSP
MNL068 LP63 NP7-8,MNL068,LP63,NP7-8,MNL068 LP63,Baseco 1,MANILA,3,2,BARANGAY 649,,,14.593533,120.957564,,,,,,,16,2021-10-26,OSP
MNL068 LP64 NP1-2,MNL068,LP64,NP1-2,MNL068 LP64,Baseco 1,MANILA,3,2,BARANGAY 649,,,14.593334,120.957056,,,,,,,16,2021-10-26,OSP
MNL068 LP64 NP3-4,MNL068,LP64,NP3-4,MNL068 LP64,Baseco 1,MANILA,3,2,BARANGAY 649,,,14.593334,120.957056,,,,,,,16,2021-10-26,OSP
MNL068 LP64 NP5-6,MNL068,LP64,NP5-6,MNL068 LP64,Baseco 1,MANILA,3,2,BARANGAY 649,,,14.593149,120.956591,,,,,,,16,2021-10-26,OSP
MNL068 LP64 NP7-8,MNL068,LP64,NP7-8,MNL068 LP64,Baseco 1,MANILA,3,2,BARANGAY 649,,,14.593149,120.956591,,,,,,,16,2021-10-26,OSP
MNL068 LP65 NP1-2,MNL068,LP65,NP1-2,MNL068 LP65,Baseco 1,MANILA,3,2,BARANGAY 649,,,14.592931,120.956038,,,,,,,16,2021-10-26,OSP
MNL068 LP65 NP3-4,MNL068,LP65,NP3-4,MNL068 LP65,Baseco 1,MANILA,3,2,BARANGAY 649,,,14.592931,120.956038,,,,,,,16,2021-10-26,OSP
MNL068 LP65 NP5-6,MNL068,LP65,NP5-6,MNL068 LP65,Baseco 1,MANILA,3,2,BARANGAY 649,,,14.592783,120.955781,,,,,,,16,2021-10-26,OSP
MNL068 LP65 NP7-8,MNL068,LP65,NP7-8,MNL068 LP65,Baseco 1,MANILA,3,2,BARANGAY 649,,,14.592783,120.955781,,,,,,,16,2021-10-26,OSP
MNL068 LP58 NP5-6,MNL068,LP58,NP5-6,MNL068 LP58,Baseco 1,MANILA,3,2,BARANGAY 649,,,14.594334,120.960275,,,,,,,16,2021-10-26,OSP
MNL068 LP58 NP7-8,MNL068,LP58,NP7-8,MNL068 LP58,Baseco 1,MANILA,3,2,BARANGAY 649,,,14.594334,120.960275,,,,,,,16,2021-10-26,OSP
MNL068 LP59 NP1-2,MNL068,LP59,NP1-2,MNL068 LP59,Baseco 1,MANILA,3,2,BARANGAY 649,,,14.594162,120.959886,,,,,,,16,2021-10-26,OSP
MNL068 LP59 NP3-4,MNL068,LP59,NP3-4,MNL068 LP59,Baseco 1,MANILA,3,2,BARANGAY 649,,,14.594162,120.959886,,,,,,,16,2021-10-26,OSP
MNL068 LP59 NP5-6,MNL068,LP59,NP5-6,MNL068 LP59,Baseco 1,MANILA,3,2,BARANGAY 649,,,14.594024,120.959506,,,,,,,16,2021-10-26,OSP
MNL068 LP59 NP7-8,MNL068,LP59,NP7-8,MNL068 LP59,Baseco 1,MANILA,3,2,BARANGAY 649,,,14.594024,120.959506,,,,,,,16,2021-10-26,OSP
MNL068 LP6 NP1-2,MNL068,LP6,NP1-2,MNL068 LP6,Baseco 1,MANILA,3,2,BARANGAY 649,,,14.59169,120.961482,,,,,,,16,2021-09-25,OSP
MNL068 LP6 NP3-4,MNL068,LP6,NP3-4,MNL068 LP6,Baseco 1,MANILA,3,2,BARANGAY 649,,,14.59169,120.961482,,,,,,,16,2021-09-25,OSP
MNL068 LP6 NP5-6,MNL068,LP6,NP5-6,MNL068 LP6,Baseco 1,MANILA,3,2,BARANGAY 649,,,14.591244,120.961443,,,,,,,16,2021-09-25,OSP
MNL068 LP6 NP7-8,MNL068,LP6,NP7-8,MNL068 LP6,Baseco 1,MANILA,3,2,BARANGAY 649,,,14.591244,120.961443,,,,,,,16,2021-09-25,OSP
MNL068 LP60 NP1-2,MNL068,LP60,NP1-2,MNL068 LP60,Baseco 1,MANILA,3,2,BARANGAY 649,,,14.593892,120.959224,,,,,,,16,2021-10-26,OSP
MNL068 LP60 NP3-4,MNL068,LP60,NP3-4,MNL068 LP60,Baseco 1,MANILA,3,2,BARANGAY 649,,,14.593892,120.959224,,,,,,,16,2021-10-26,OSP
MNL068 LP60 NP5-6,MNL068,LP60,NP5-6,MNL068 LP60,Baseco 1,MANILA,3,2,BARANGAY 649,,,14.594026,120.959088,,,,,,,16,2021-10-26,OSP
MNL068 LP60 NP7-8,MNL068,LP60,NP7-8,MNL068 LP60,Baseco 1,MANILA,3,2,BARANGAY 649,,,14.594026,120.959088,,,,,,,16,2021-10-26,OSP
MNL068 LP61 NP1-2,MNL068,LP61,NP1-2,MNL068 LP61,Baseco 1,MANILA,3,2,BARANGAY 649,,,14.594004,120.95888,,,,,,,16,2021-10-26,OSP
MNL068 LP61 NP3-4,MNL068,LP61,NP3-4,MNL068 LP61,Baseco 1,MANILA,3,2,BARANGAY 649,,,14.594004,120.95888,,,,,,,16,2021-10-26,OSP
MNL068 LP61 NP5-6,MNL068,LP61,NP5-6,MNL068 LP61,Baseco 1,MANILA,3,2,BARANGAY 649,,,14.593893,120.958577,,,,,,,16,2021-10-26,OSP
MNL068 LP54 NP3-4,MNL068,LP54,NP3-4,MNL068 LP54,Baseco 1,MANILA,3,2,BARANGAY 649,,,14.587846,120.959291,,,,,,,16,2021-09-25,OSP
MNL068 LP54 NP5-6,MNL068,LP54,NP5-6,MNL068 LP54,Baseco 1,MANILA,3,2,BARANGAY 649,,,14.587713,120.959446,,,,,,,16,2021-09-25,OSP
MNL068 LP54 NP7-8,MNL068,LP54,NP7-8,MNL068 LP54,Baseco 1,MANILA,3,2,BARANGAY 649,,,14.587621,120.95962,,,,,,,16,2021-09-25,OSP
MNL068 LP55 NP1-2,MNL068,LP55,NP1-2,MNL068 LP55,Baseco 1,MANILA,3,2,BARANGAY 649,,,14.587533,120.959587,,,,,,,16,2021-09-25,OSP
MNL068 LP55 NP3-4,MNL068,LP55,NP3-4,MNL068 LP55,Baseco 1,MANILA,3,2,BARANGAY 649,,,14.587533,120.959587,,,,,,,16,2021-09-25,OSP
MNL068 LP55 NP5-6,MNL068,LP55,NP5-6,MNL068 LP55,Baseco 1,MANILA,3,2,BARANGAY 649,,,14.587497,120.959643,,,,,,,16,2021-09-25,OSP
MNL068 LP55 NP7-8,MNL068,LP55,NP7-8,MNL068 LP55,Baseco 1,MANILA,3,2,BARANGAY 649,,,14.58741,120.959608,,,,,,,16,2021-09-25,OSP
MNL068 LP56 NP1-2,MNL068,LP56,NP1-2,MNL068 LP56,Baseco 1,MANILA,3,2,BARANGAY 649,,,14.588027,120.959517,,,,,,,16,2021-09-25,OSP
MNL068 LP56 NP3-4,MNL068,LP56,NP3-4,MNL068 LP56,Baseco 1,MANILA,3,2,BARANGAY 649,,,14.58831,120.959775,,,,,,,16,2021-09-25,OSP
MNL068 LP56 NP5-6,MNL068,LP56,NP5-6,MNL068 LP56,Baseco 1,MANILA,3,2,BARANGAY 649,,,14.588627,120.959833,,,,,,,16,2021-09-25,OSP
MNL068 LP56 NP7-8,MNL068,LP56,NP7-8,MNL068 LP56,Baseco 1,MANILA,3,2,BARANGAY 649,,,14.588483,120.959689,,,,,,,16,2021-09-25,OSP
MNL068 LP57 NP1-2,MNL068,LP57,NP1-2,MNL068 LP57,Baseco 1,MANILA,3,2,BARANGAY 649,,,14.594181,120.961473,,,,,,,16,2021-10-26,OSP
MNL068 LP57 NP3-4,MNL068,LP57,NP3-4,MNL068 LP57,Baseco 1,MANILA,3,2,BARANGAY 649,,,14.594181,120.961473,,,,,,,16,2021-10-26,OSP
MNL068 LP57 NP5-6,MNL068,LP57,NP5-6,MNL068 LP57,Baseco 1,MANILA,3,2,BARANGAY 649,,,14.594256,120.961128,,,,,,,16,2021-10-26,OSP
MNL068 LP57 NP7-8,MNL068,LP57,NP7-8,MNL068 LP57,Baseco 1,MANILA,3,2,BARANGAY 649,,,14.594256,120.961128,,,,,,,16,2021-10-26,OSP
MNL068 LP58 NP1-2,MNL068,LP58,NP1-2,MNL068 LP58,Baseco 1,MANILA,3,2,BARANGAY 649,,,14.594333,120.960676,,,,,,,16,2021-10-26,OSP
MNL068 LP58 NP3-4,MNL068,LP58,NP3-4,MNL068 LP58,Baseco 1,MANILA,3,2,BARANGAY 649,,,14.594333,120.960676,,,,,,,16,2021-10-26,OSP
MNL068 LP50 NP1-2,MNL068,LP50,NP1-2,MNL068 LP50,Baseco 1,MANILA,3,2,BARANGAY 649,,,14.588402,120.958337,,,,,,,16,2021-09-25,OSP
MNL068 LP50 NP3-4,MNL068,LP50,NP3-4,MNL068 LP50,Baseco 1,MANILA,3,2,BARANGAY 649,,,14.588402,120.958337,,,,,,,16,2021-09-25,OSP
MNL068 LP50 NP5-6,MNL068,LP50,NP5-6,MNL068 LP50,Baseco 1,MANILA,3,2,BARANGAY 649,,,14.588528,120.958397,,,,,,,16,2021-09-25,OSP
MNL068 LP50 NP7-8,MNL068,LP50,NP7-8,MNL068 LP50,Baseco 1,MANILA,3,2,BARANGAY 649,,,14.588528,120.958397,,,,,,,16,2021-09-25,OSP
MNL068 LP51 NP1-2,MNL068,LP51,NP1-2,MNL068 LP51,Baseco 1,MANILA,3,2,BARANGAY 649,,,14.588319,120.958471,,,,,,,16,2021-09-25,OSP
MNL068 LP51 NP3-4,MNL068,LP51,NP3-4,MNL068 LP51,Baseco 1,MANILA,3,2,BARANGAY 649,,,14.588319,120.958471,,,,,,,16,2021-09-25,OSP
MNL068 LP51 NP5-6,MNL068,LP51,NP5-6,MNL068 LP51,Baseco 1,MANILA,3,2,BARANGAY 649,,,14.588242,120.958603,,,,,,,16,2021-09-25,OSP
MNL068 LP51 NP7-8,MNL068,LP51,NP7-8,MNL068 LP51,Baseco 1,MANILA,3,2,BARANGAY 649,,,14.588242,120.958603,,,,,,,16,2021-09-25,OSP
MNL068 LP52 NP1-2,MNL068,LP52,NP1-2,MNL068 LP52,Baseco 1,MANILA,3,2,BARANGAY 649,,,14.58816,120.958796,,,,,,,16,2021-09-25,OSP
MNL068 LP52 NP3-4,MNL068,LP52,NP3-4,MNL068 LP52,Baseco 1,MANILA,3,2,BARANGAY 649,,,14.58811,120.958916,,,,,,,16,2021-09-25,OSP
MNL068 LP52 NP5-6,MNL068,LP52,NP5-6,MNL068 LP52,Baseco 1,MANILA,3,2,BARANGAY 649,,,14.588043,120.958941,,,,,,,16,2021-09-25,OSP
MNL068 LP52 NP7-8,MNL068,LP52,NP7-8,MNL068 LP52,Baseco 1,MANILA,3,2,BARANGAY 649,,,14.58798,120.959295,,,,,,,16,2021-09-25,OSP
MNL068 LP53 NP1-2,MNL068,LP53,NP1-2,MNL068 LP53,Baseco 1,MANILA,3,2,BARANGAY 649,,,14.587866,120.958952,,,,,,,16,2021-09-25,OSP
MNL068 LP53 NP3-4,MNL068,LP53,NP3-4,MNL068 LP53,Baseco 1,MANILA,3,2,BARANGAY 649,,,14.587792,120.959067,,,,,,,16,2021-09-25,OSP
MNL068 LP53 NP5-6,MNL068,LP53,NP5-6,MNL068 LP53,Baseco 1,MANILA,3,2,BARANGAY 649,,,14.58773,120.959129,,,,,,,16,2021-09-25,OSP
MNL068 LP53 NP7-8,MNL068,LP53,NP7-8,MNL068 LP53,Baseco 1,MANILA,3,2,BARANGAY 649,,,14.587676,120.959174,,,,,,,16,2021-09-25,OSP
MNL068 LP54 NP1-2,MNL068,LP54,NP1-2,MNL068 LP54,Baseco 1,MANILA,3,2,BARANGAY 649,,,14.587846,120.959291,,,,,,,16,2021-09-25,OSP
MNL068 LP46 NP7-8,MNL068,LP46,NP7-8,MNL068 LP46,Baseco 1,MANILA,3,2,BARANGAY 649,,,14.589517,120.958942,,,,,,,16,2021-09-25,OSP
MNL068 LP47 NP1-2,MNL068,LP47,NP1-2,MNL068 LP47,Baseco 1,MANILA,3,2,BARANGAY 649,,,14.589001,120.959002,,,,,,,16,2021-09-25,OSP
MNL068 LP47 NP3-4,MNL068,LP47,NP3-4,MNL068 LP47,Baseco 1,MANILA,3,2,BARANGAY 649,,,14.589001,120.959002,,,,,,,16,2021-09-25,OSP
MNL068 LP47 NP5-6,MNL068,LP47,NP5-6,MNL068 LP47,Baseco 1,MANILA,3,2,BARANGAY 649,,,14.588856,120.958669,,,,,,,16,2021-09-25,OSP
MNL068 LP47 NP7-8,MNL068,LP47,NP7-8,MNL068 LP47,Baseco 1,MANILA,3,2,BARANGAY 649,,,14.588856,120.958669,,,,,,,16,2021-09-25,OSP
MNL068 LP48 NP1-2,MNL068,LP48,NP1-2,MNL068 LP48,Baseco 1,MANILA,3,2,BARANGAY 649,,,14.588776,120.958275,,,,,,,16,2021-09-25,OSP
MNL068 LP48 NP3-4,MNL068,LP48,NP3-4,MNL068 LP48,Baseco 1,MANILA,3,2,BARANGAY 649,,,14.588776,120.958275,,,,,,,16,2021-09-25,OSP
MNL068 LP48 NP5-6,MNL068,LP48,NP5-6,MNL068 LP48,Baseco 1,MANILA,3,2,BARANGAY 649,,,14.588729,120.957888,,,,,,,16,2021-09-25,OSP
MNL068 LP48 NP7-8,MNL068,LP48,NP7-8,MNL068 LP48,Baseco 1,MANILA,3,2,BARANGAY 649,,,14.588729,120.957888,,,,,,,16,2021-09-25,OSP
MNL068 LP49 NP1-2,MNL068,LP49,NP1-2,MNL068 LP49,Baseco 1,MANILA,3,2,BARANGAY 649,,,14.588585,120.958055,,,,,,,16,2021-09-25,OSP
MNL068 LP49 NP3-4,MNL068,LP49,NP3-4,MNL068 LP49,Baseco 1,MANILA,3,2,BARANGAY 649,,,14.588585,120.958055,,,,,,,16,2021-09-25,OSP
MNL068 LP49 NP5-6,MNL068,LP49,NP5-6,MNL068 LP49,Baseco 1,MANILA,3,2,BARANGAY 649,,,14.588504,120.958175,,,,,,,16,2021-09-25,OSP
MNL068 LP49 NP7-8,MNL068,LP49,NP7-8,MNL068 LP49,Baseco 1,MANILA,3,2,BARANGAY 649,,,14.588504,120.958175,,,,,,,16,2021-09-25,OSP
MNL068 LP5 NP1-2,MNL068,LP5,NP1-2,MNL068 LP5,Baseco 1,MANILA,3,2,BARANGAY 649,,,14.592474,120.961571,,,,,,,16,2021-09-25,OSP
MNL068 LP5 NP3-4,MNL068,LP5,NP3-4,MNL068 LP5,Baseco 1,MANILA,3,2,BARANGAY 649,,,14.592474,120.961571,,,,,,,16,2021-09-25,OSP
MNL068 LP5 NP5-6,MNL068,LP5,NP5-6,MNL068 LP5,Baseco 1,MANILA,3,2,BARANGAY 649,,,14.592009,120.961509,,,,,,,16,2021-09-25,OSP
MNL068 LP5 NP7-8,MNL068,LP5,NP7-8,MNL068 LP5,Baseco 1,MANILA,3,2,BARANGAY 649,,,14.592009,120.961509,,,,,,,16,2021-09-25,OSP
MNL068 LP42 NP5-6,MNL068,LP42,NP5-6,MNL068 LP42,Baseco 1,MANILA,3,2,BARANGAY 649,,,14.58842,120.96012,,,,,,,16,2021-09-25,OSP
MNL068 LP42 NP7-8,MNL068,LP42,NP7-8,MNL068 LP42,Baseco 1,MANILA,3,2,BARANGAY 649,,,14.588377,120.960087,,,,,,,16,2021-09-25,OSP
MNL068 LP43 NP1-2,MNL068,LP43,NP1-2,MNL068 LP43,Baseco 1,MANILA,3,2,BARANGAY 649,,,14.588261,120.960327,,,,,,,16,2021-09-25,OSP
MNL068 LP43 NP3-4,MNL068,LP43,NP3-4,MNL068 LP43,Baseco 1,MANILA,3,2,BARANGAY 649,,,14.588261,120.960327,,,,,,,16,2021-09-25,OSP
MNL068 LP43 NP5-6,MNL068,LP43,NP5-6,MNL068 LP43,Baseco 1,MANILA,3,2,BARANGAY 649,,,14.588149,120.960493,,,,,,,16,2021-09-25,OSP
MNL068 LP43 NP7-8,MNL068,LP43,NP7-8,MNL068 LP43,Baseco 1,MANILA,3,2,BARANGAY 649,,,14.588149,120.960493,,,,,,,16,2021-09-25,OSP
MNL068 LP44 NP1-2,MNL068,LP44,NP1-2,MNL068 LP44,Baseco 1,MANILA,3,2,BARANGAY 649,,,14.588012,120.96063,,,,,,,16,2021-09-25,OSP
MNL068 LP44 NP3-4,MNL068,LP44,NP3-4,MNL068 LP44,Baseco 1,MANILA,3,2,BARANGAY 649,,,14.588012,120.96063,,,,,,,16,2021-09-25,OSP
MNL068 LP44 NP5-6,MNL068,LP44,NP5-6,MNL068 LP44,Baseco 1,MANILA,3,2,BARANGAY 649,,,14.58784,120.960529,,,,,,,16,2021-09-25,OSP
MNL068 LP44 NP7-8,MNL068,LP44,NP7-8,MNL068 LP44,Baseco 1,MANILA,3,2,BARANGAY 649,,,14.58784,120.960529,,,,,,,16,2021-09-25,OSP
MNL068 LP45 NP1-2,MNL068,LP45,NP1-2,MNL068 LP45,Baseco 1,MANILA,3,2,BARANGAY 649,,,14.587657,120.960433,,,,,,,16,2021-09-25,OSP
MNL068 LP45 NP3-4,MNL068,LP45,NP3-4,MNL068 LP45,Baseco 1,MANILA,3,2,BARANGAY 649,,,14.587657,120.960433,,,,,,,16,2021-09-25,OSP
MNL068 LP45 NP5-6,MNL068,LP45,NP5-6,MNL068 LP45,Baseco 1,MANILA,3,2,BARANGAY 649,,,14.587461,120.960316,,,,,,,16,2021-09-25,OSP
MNL068 LP45 NP7-8,MNL068,LP45,NP7-8,MNL068 LP45,Baseco 1,MANILA,3,2,BARANGAY 649,,,14.587461,120.960316,,,,,,,16,2021-09-25,OSP
MNL068 LP46 NP1-2,MNL068,LP46,NP1-2,MNL068 LP46,Baseco 1,MANILA,3,2,BARANGAY 649,,,14.589129,120.959166,,,,,,,16,2021-09-25,OSP
MNL068 LP46 NP3-4,MNL068,LP46,NP3-4,MNL068 LP46,Baseco 1,MANILA,3,2,BARANGAY 649,,,14.589129,120.959166,,,,,,,16,2021-09-25,OSP
MNL068 LP46 NP5-6,MNL068,LP46,NP5-6,MNL068 LP46,Baseco 1,MANILA,3,2,BARANGAY 649,,,14.589309,120.958968,,,,,,,16,2021-09-25,OSP
MNL068 LP39 NP3-4,MNL068,LP39,NP3-4,MNL068 LP39,Baseco 1,MANILA,3,2,BARANGAY 649,,,14.588777,120.96099,,,,,,,16,2021-09-25,OSP
MNL068 LP39 NP5-6,MNL068,LP39,NP5-6,MNL068 LP39,Baseco 1,MANILA,3,2,BARANGAY 649,,,14.588597,120.961013,,,,,,,16,2021-09-25,OSP
MNL068 LP39 NP7-8,MNL068,LP39,NP7-8,MNL068 LP39,Baseco 1,MANILA,3,2,BARANGAY 649,,,14.588597,120.961013,,,,,,,16,2021-09-25,OSP
MNL068 LP4 NP1-2,MNL068,LP4,NP1-2,MNL068 LP4,Baseco 1,MANILA,3,2,BARANGAY 649,,,14.593007,120.961553,,,,,,,16,2021-09-25,OSP
MNL068 LP4 NP3-4,MNL068,LP4,NP3-4,MNL068 LP4,Baseco 1,MANILA,3,2,BARANGAY 649,,,14.593007,120.961553,,,,,,,16,2021-09-25,OSP
MNL068 LP4 NP5-6,MNL068,LP4,NP5-6,MNL068 LP4,Baseco 1,MANILA,3,2,BARANGAY 649,,,14.592792,120.961601,,,,,,,16,2021-09-25,OSP
MNL068 LP4 NP7-8,MNL068,LP4,NP7-8,MNL068 LP4,Baseco 1,MANILA,3,2,BARANGAY 649,,,14.592792,120.961601,,,,,,,16,2021-09-25,OSP
MNL068 LP40 NP1-2,MNL068,LP40,NP1-2,MNL068 LP40,Baseco 1,MANILA,3,2,BARANGAY 649,,,14.588599,120.96095,,,,,,,16,2021-09-25,OSP
MNL068 LP40 NP3-4,MNL068,LP40,NP3-4,MNL068 LP40,Baseco 1,MANILA,3,2,BARANGAY 649,,,14.588599,120.96095,,,,,,,16,2021-09-25,OSP
MNL068 LP40 NP5-6,MNL068,LP40,NP5-6,MNL068 LP40,Baseco 1,MANILA,3,2,BARANGAY 649,,,14.588625,120.960703,,,,,,,16,2021-09-25,OSP
MNL068 LP40 NP7-8,MNL068,LP40,NP7-8,MNL068 LP40,Baseco 1,MANILA,3,2,BARANGAY 649,,,14.58861,120.960439,,,,,,,16,2021-09-25,OSP
MNL068 LP41 NP1-2,MNL068,LP41,NP1-2,MNL068 LP41,Baseco 1,MANILA,3,2,BARANGAY 649,,,14.588419,120.960936,,,,,,,16,2021-09-25,OSP
MNL068 LP41 NP3-4,MNL068,LP41,NP3-4,MNL068 LP41,Baseco 1,MANILA,3,2,BARANGAY 649,,,14.588419,120.960936,,,,,,,16,2021-09-25,OSP
MNL068 LP41 NP5-6,MNL068,LP41,NP5-6,MNL068 LP41,Baseco 1,MANILA,3,2,BARANGAY 649,,,14.588216,120.960788,,,,,,,16,2021-09-25,OSP
MNL068 LP41 NP7-8,MNL068,LP41,NP7-8,MNL068 LP41,Baseco 1,MANILA,3,2,BARANGAY 649,,,14.588287,120.960601,,,,,,,16,2021-09-25,OSP
MNL068 LP42 NP1-2,MNL068,LP42,NP1-2,MNL068 LP42,Baseco 1,MANILA,3,2,BARANGAY 649,,,14.588582,120.96015,,,,,,,16,2021-09-25,OSP
MNL068 LP42 NP3-4,MNL068,LP42,NP3-4,MNL068 LP42,Baseco 1,MANILA,3,2,BARANGAY 649,,,14.58842,120.96012,,,,,,,16,2021-09-25,OSP
MNL068 LP33 NP6-8,MNL068,LP33,NP6-8,MNL068 LP33,Baseco 1,MANILA,3,2,BARANGAY 649,,,14.589441,120.960183,,,,,,,24,2021-09-25,OSP
MNL068 LP34 NP1-2,MNL068,LP34,NP1-2,MNL068 LP34,Baseco 1,MANILA,3,2,BARANGAY 649,,,14.58923,120.96018,,,,,,,16,2021-09-25,OSP
MNL068 LP34 NP3-5,MNL068,LP34,NP3-5,MNL068 LP34,Baseco 1,MANILA,3,2,BARANGAY 649,,,14.589226,120.959937,,,,,,,24,2021-09-25,OSP
MNL068 LP34 NP6-8,MNL068,LP34,NP6-8,MNL068 LP34,Baseco 1,MANILA,3,2,BARANGAY 649,,,14.589261,120.959635,,,,,,,24,2021-09-25,OSP
MNL068 LP35 NP1-2,MNL068,LP35,NP1-2,MNL068 LP35,Baseco 1,MANILA,3,2,BARANGAY 649,,,14.589227,120.960562,,,,,,,16,2021-09-25,OSP
MNL068 LP35 NP3-5,MNL068,LP35,NP3-5,MNL068 LP35,Baseco 1,MANILA,3,2,BARANGAY 649,,,14.589224,120.961022,,,,,,,24,2021-09-25,OSP
MNL068 LP35 NP6-8,MNL068,LP35,NP6-8,MNL068 LP35,Baseco 1,MANILA,3,2,BARANGAY 649,,,14.589194,120.961242,,,,,,,24,2021-09-25,OSP
MNL068 LP36 NP1-2,MNL068,LP36,NP1-2,MNL068 LP36,Baseco 1,MANILA,3,2,BARANGAY 649,,,14.588984,120.961232,,,,,,,16,2021-09-25,OSP
MNL068 LP36 NP3-5,MNL068,LP36,NP3-5,MNL068 LP36,Baseco 1,MANILA,3,2,BARANGAY 649,,,14.588997,120.960983,,,,,,,24,2021-09-25,OSP
MNL068 LP36 NP6-8,MNL068,LP36,NP6-8,MNL068 LP36,Baseco 1,MANILA,3,2,BARANGAY 649,,,14.589001,120.960601,,,,,,,24,2021-09-25,OSP
MNL068 LP37 NP1-2,MNL068,LP37,NP1-2,MNL068 LP37,Baseco 1,MANILA,3,2,BARANGAY 649,,,14.58901,120.960172,,,,,,,16,2021-09-25,OSP
MNL068 LP37 NP3-5,MNL068,LP37,NP3-5,MNL068 LP37,Baseco 1,MANILA,3,2,BARANGAY 649,,,14.58904,120.959899,,,,,,,24,2021-09-25,OSP
MNL068 LP37 NP6-8,MNL068,LP37,NP6-8,MNL068 LP37,Baseco 1,MANILA,3,2,BARANGAY 649,,,14.58904,120.959899,,,,,,,24,2021-09-25,OSP
MNL068 LP38 NP1-2,MNL068,LP38,NP1-2,MNL068 LP38,Baseco 1,MANILA,3,2,BARANGAY 649,,,14.5888,120.960172,,,,,,,16,2021-09-25,OSP
MNL068 LP38 NP3-5,MNL068,LP38,NP3-5,MNL068 LP38,Baseco 1,MANILA,3,2,BARANGAY 649,,,14.588791,120.960031,,,,,,,24,2021-09-25,OSP
MNL068 LP38 NP6-8,MNL068,LP38,NP6-8,MNL068 LP38,Baseco 1,MANILA,3,2,BARANGAY 649,,,14.588789,120.960538,,,,,,,24,2021-09-25,OSP
MNL068 LP39 NP1-2,MNL068,LP39,NP1-2,MNL068 LP39,Baseco 1,MANILA,3,2,BARANGAY 649,,,14.588777,120.96099,,,,,,,16,2021-09-25,OSP
MNL068 LP29 NP1-2,MNL068,LP29,NP1-2,MNL068 LP29,Baseco 1,MANILA,3,2,BARANGAY 649,,,14.589708,120.960189,,,,,,,16,2021-09-25,OSP
MNL068 LP29 NP3-5,MNL068,LP29,NP3-5,MNL068 LP29,Baseco 1,MANILA,3,2,BARANGAY 649,,,14.589701,120.960541,,,,,,,24,2021-09-25,OSP
MNL068 LP29 NP6-8,MNL068,LP29,NP6-8,MNL068 LP29,Baseco 1,MANILA,3,2,BARANGAY 649,,,14.589701,120.960541,,,,,,,24,2021-09-25,OSP
MNL068 LP3 NP1-2,MNL068,LP3,NP1-2,MNL068 LP3,Baseco 1,MANILA,3,2,BARANGAY 649,,,14.593007,120.961229,,,,,,,16,2021-09-25,OSP
MNL068 LP3 NP3-5,MNL068,LP3,NP3-5,MNL068 LP3,Baseco 1,MANILA,3,2,BARANGAY 649,,,14.593007,120.961229,,,,,,,24,2021-09-25,OSP
MNL068 LP3 NP6-8,MNL068,LP3,NP6-8,MNL068 LP3,Baseco 1,MANILA,3,2,BARANGAY 649,,,14.592668,120.961203,,,,,,,24,2021-09-25,OSP
MNL068 LP30 NP1-2,MNL068,LP30,NP1-2,MNL068 LP30,Baseco 1,MANILA,3,2,BARANGAY 649,,,14.589696,120.960751,,,,,,,16,2021-09-25,OSP
MNL068 LP30 NP3-5,MNL068,LP30,NP3-5,MNL068 LP30,Baseco 1,MANILA,3,2,BARANGAY 649,,,14.589696,120.960751,,,,,,,24,2021-09-25,OSP
MNL068 LP30 NP6-8,MNL068,LP30,NP6-8,MNL068 LP30,Baseco 1,MANILA,3,2,BARANGAY 649,,,14.589693,120.960952,,,,,,,24,2021-09-25,OSP
MNL068 LP31 NP1-2,MNL068,LP31,NP1-2,MNL068 LP31,Baseco 1,MANILA,3,2,BARANGAY 649,,,14.589693,120.960952,,,,,,,16,2021-09-25,OSP
MNL068 LP31 NP3-5,MNL068,LP31,NP3-5,MNL068 LP31,Baseco 1,MANILA,3,2,BARANGAY 649,,,14.589672,120.961287,,,,,,,24,2021-09-25,OSP
MNL068 LP31 NP6-8,MNL068,LP31,NP6-8,MNL068 LP31,Baseco 1,MANILA,3,2,BARANGAY 649,,,14.589672,120.961287,,,,,,,24,2021-09-25,OSP
MNL068 LP32 NP1-2,MNL068,LP32,NP1-2,MNL068 LP32,Baseco 1,MANILA,3,2,BARANGAY 649,,,14.589474,120.961269,,,,,,,16,2021-09-25,OSP
MNL068 LP32 NP3-5,MNL068,LP32,NP3-5,MNL068 LP32,Baseco 1,MANILA,3,2,BARANGAY 649,,,14.589429,120.960915,,,,,,,24,2021-09-25,OSP
MNL068 LP32 NP6-8,MNL068,LP32,NP6-8,MNL068 LP32,Baseco 1,MANILA,3,2,BARANGAY 649,,,14.589429,120.960915,,,,,,,24,2021-09-25,OSP
MNL068 LP33 NP1-2,MNL068,LP33,NP1-2,MNL068 LP33,Baseco 1,MANILA,3,2,BARANGAY 649,,,14.589437,120.960502,,,,,,,16,2021-09-25,OSP
MNL068 LP33 NP3-5,MNL068,LP33,NP3-5,MNL068 LP33,Baseco 1,MANILA,3,2,BARANGAY 649,,,14.589437,120.960502,,,,,,,24,2021-09-25,OSP
MNL068 LP76 NP1-2,MNL068,LP76,NP1-2,MNL068 LP76,Baseco 1,MANILA,3,2,BARANGAY 649,,,14.591493,120.956672,,,,,,,,2021-09-22,OSP
MNL068 LP76 NP3-5,MNL068,LP76,NP3-5,MNL068 LP76,Baseco 1,MANILA,3,2,BARANGAY 649,,,14.591312,120.95686,,,,,,,24,2021-09-22,OSP
MNL068 LP76 NP6-8,MNL068,LP76,NP6-8,MNL068 LP76,Baseco 1,MANILA,3,2,BARANGAY 649,,,14.591312,120.95686,,,,,,,24,2021-09-22,OSP
MNL068 LP75 NP3-5,MNL068,LP75,NP3-5,MNL068 LP75,Baseco 1,MANILA,3,2,BARANGAY 649,,,14.59139,120.956329,,,,,,,16,2021-09-22,OSP
MNL068 LP75 NP6-8,MNL068,LP75,NP6-8,MNL068 LP75,Baseco 1,MANILA,3,2,BARANGAY 649,,,14.591493,120.956672,,,,,,,24,2021-09-22,OSP
MNL069 LP32 NP1-2,MNL069,LP32,NP1-2,MNL069 LP32,Baseco 2,MANILA,3,2,BARANGAY 649,,,14.592231,120.959444,,,,,,,16,2021-11-01,OSP
MNL069 LP32 NP3-5,MNL069,LP32,NP3-5,MNL069 LP32,Baseco 2,MANILA,3,2,BARANGAY 649,,,14.592238,120.959917,,,,,,,24,2021-11-01,OSP
MNL069 LP32 NP6-8,MNL069,LP32,NP6-8,MNL069 LP32,Baseco 2,MANILA,3,2,BARANGAY 649,,,14.592238,120.959917,,,,,,,24,2021-11-01,OSP
MNL069 LP33 NP1-2,MNL069,LP33,NP1-2,MNL069 LP33,Baseco 2,MANILA,3,2,BARANGAY 649,,,14.592233,120.960543,,,,,,,16,2021-11-01,OSP
MNL069 LP33 NP3-5,MNL069,LP33,NP3-5,MNL069 LP33,Baseco 2,MANILA,3,2,BARANGAY 649,,,14.592178,120.960764,,,,,,,24,2021-11-01,OSP
MNL069 LP33 NP6-8,MNL069,LP33,NP6-8,MNL069 LP33,Baseco 2,MANILA,3,2,BARANGAY 649,,,14.592178,120.960764,,,,,,,24,2021-11-01,OSP
MNL069 LP34 NP1-2,MNL069,LP34,NP1-2,MNL069 LP34,Baseco 2,MANILA,3,2,BARANGAY 649,,,14.592233,120.960543,,,,,,,16,2021-11-01,OSP
MNL069 LP34 NP3-5,MNL069,LP34,NP3-5,MNL069 LP34,Baseco 2,MANILA,3,2,BARANGAY 649,,,14.591877,120.960629,,,,,,,24,2021-11-01,OSP
MNL069 LP34 NP6-8,MNL069,LP34,NP6-8,MNL069 LP34,Baseco 2,MANILA,3,2,BARANGAY 649,,,14.591877,120.960629,,,,,,,24,2021-11-01,OSP
MNL069 LP35 NP1-2,MNL069,LP35,NP1-2,MNL069 LP35,Baseco 2,MANILA,3,2,BARANGAY 649,,,14.591875,120.959971,,,,,,,16,2021-11-01,OSP
MNL069 LP35 NP3-5,MNL069,LP35,NP3-5,MNL069 LP35,Baseco 2,MANILA,3,2,BARANGAY 649,,,14.591875,120.959971,,,,,,,24,2021-11-01,OSP
MNL069 LP35 NP6-8,MNL069,LP35,NP6-8,MNL069 LP35,Baseco 2,MANILA,3,2,BARANGAY 649,,,14.591825,120.95961,,,,,,,24,2021-11-01,OSP
MNL069 LP36 NP1-2,MNL069,LP36,NP1-2,MNL069 LP36,Baseco 2,MANILA,3,2,BARANGAY 649,,,14.591825,120.95961,,,,,,,16,2021-11-01,OSP
MNL069 LP36 NP3-5,MNL069,LP36,NP3-5,MNL069 LP36,Baseco 2,MANILA,3,2,BARANGAY 649,,,14.591872,120.959005,,,,,,,24,2021-11-01,OSP
MNL069 LP36 NP6-8,MNL069,LP36,NP6-8,MNL069 LP36,Baseco 2,MANILA,3,2,BARANGAY 649,,,14.591872,120.959005,,,,,,,24,2021-11-01,OSP
MNL069 LP37 NP1-2,MNL069,LP37,NP1-2,MNL069 LP37,Baseco 2,MANILA,3,2,BARANGAY 649,,,14.591815,120.958888,,,,,,,16,2021-11-01,OSP
MNL069 LP37 NP3-5,MNL069,LP37,NP3-5,MNL069 LP37,Baseco 2,MANILA,3,2,BARANGAY 649,,,14.591815,120.958888,,,,,,,24,2021-11-01,OSP
MNL069 LP28 NP1-2,MNL069,LP28,NP1-2,MNL069 LP28,Baseco 2,MANILA,3,2,BARANGAY 649,,,14.592974,120.960526,,,,,,,16,2021-11-01,OSP
MNL069 LP28 NP3-4,MNL069,LP28,NP3-4,MNL069 LP28,Baseco 2,MANILA,3,2,BARANGAY 649,,,14.592974,120.960526,,,,,,,16,2021-11-01,OSP
MNL069 LP28 NP5-6,MNL069,LP28,NP5-6,MNL069 LP28,Baseco 2,MANILA,3,2,BARANGAY 649,,,14.592621,120.960514,,,,,,,16,2021-11-01,OSP
MNL069 LP28 NP7-8,MNL069,LP28,NP7-8,MNL069 LP28,Baseco 2,MANILA,3,2,BARANGAY 649,,,14.592621,120.960514,,,,,,,16,2021-11-01,OSP
MNL069 LP29 NP1-2,MNL069,LP29,NP1-2,MNL069 LP29,Baseco 2,MANILA,3,2,BARANGAY 649,,,14.592656,120.960132,,,,,,,16,2021-11-01,OSP
MNL069 LP29 NP3-4,MNL069,LP29,NP3-4,MNL069 LP29,Baseco 2,MANILA,3,2,BARANGAY 649,,,14.592656,120.960132,,,,,,,16,2021-11-01,OSP
MNL069 LP29 NP5-6,MNL069,LP29,NP5-6,MNL069 LP29,Baseco 2,MANILA,3,2,BARANGAY 649,,,14.592694,120.959832,,,,,,,16,2021-11-01,OSP
MNL069 LP29 NP7-8,MNL069,LP29,NP7-8,MNL069 LP29,Baseco 2,MANILA,3,2,BARANGAY 649,,,14.592694,120.959832,,,,,,,16,2021-11-01,OSP
MNL069 LP3 NP1-2,MNL069,LP3,NP1-2,MNL069 LP3,Baseco 2,MANILA,3,2,BARANGAY 649,,,14.588561,120.956111,,,,,,,16,2021-11-17,OSP
MNL069 LP3 NP3-5,MNL069,LP3,NP3-5,MNL069 LP3,Baseco 2,MANILA,3,2,BARANGAY 649,,,14.588561,120.956111,,,,,,,24,2021-11-17,OSP
MNL069 LP3 NP6-8,MNL069,LP3,NP6-8,MNL069 LP3,Baseco 2,MANILA,3,2,BARANGAY 649,,,14.588191,120.956376,,,,,,,24,2021-11-17,OSP
MNL069 LP30 NP1-2,MNL069,LP30,NP1-2,MNL069 LP30,Baseco 2,MANILA,3,2,BARANGAY 649,,,14.592739,120.959447,,,,,,,16,2021-11-01,OSP
MNL069 LP30 NP3-5,MNL069,LP30,NP3-5,MNL069 LP30,Baseco 2,MANILA,3,2,BARANGAY 649,,,14.59279,120.959035,,,,,,,24,2021-11-01,OSP
MNL069 LP30 NP6-8,MNL069,LP30,NP6-8,MNL069 LP30,Baseco 2,MANILA,3,2,BARANGAY 649,,,14.592458,120.958877,,,,,,,24,2021-11-01,OSP
MNL069 LP31 NP1-2,MNL069,LP31,NP1-2,MNL069 LP31,Baseco 2,MANILA,3,2,BARANGAY 649,,,14.592182,120.959,,,,,,,16,2021-11-01,OSP
MNL069 LP31 NP3-5,MNL069,LP31,NP3-5,MNL069 LP31,Baseco 2,MANILA,3,2,BARANGAY 649,,,14.592182,120.959,,,,,,,24,2021-11-01,OSP
MNL069 LP31 NP6-8,MNL069,LP31,NP6-8,MNL069 LP31,Baseco 2,MANILA,3,2,BARANGAY 649,,,14.592231,120.959444,,,,,,,24,2021-11-01,OSP
MNL069 LP23 NP7-8,MNL069,LP23,NP7-8,MNL069 LP23,Baseco 2,MANILA,3,2,BARANGAY 649,,,14.592946,120.958357,,,,,,,16,2021-11-01,OSP
MNL069 LP24 NP1-2,MNL069,LP24,NP1-2,MNL069 LP24,Baseco 2,MANILA,3,2,BARANGAY 649,,,14.592982,120.958007,,,,,,,16,2021-11-01,OSP
MNL069 LP24 NP3-4,MNL069,LP24,NP3-4,MNL069 LP24,Baseco 2,MANILA,3,2,BARANGAY 649,,,14.592982,120.958007,,,,,,,16,2021-11-01,OSP
MNL069 LP24 NP5-6,MNL069,LP24,NP5-6,MNL069 LP24,Baseco 2,MANILA,3,2,BARANGAY 649,,,14.593136,120.957945,,,,,,,16,2021-11-01,OSP
MNL069 LP24 NP7-8,MNL069,LP24,NP7-8,MNL069 LP24,Baseco 2,MANILA,3,2,BARANGAY 649,,,14.593136,120.957945,,,,,,,16,2021-11-01,OSP
MNL069 LP25 NP1-2,MNL069,LP25,NP1-2,MNL069 LP25,Baseco 2,MANILA,3,2,BARANGAY 649,,,14.592839,120.958068,,,,,,,16,2021-11-01,OSP
MNL069 LP25 NP3-4,MNL069,LP25,NP3-4,MNL069 LP25,Baseco 2,MANILA,3,2,BARANGAY 649,,,14.592839,120.958068,,,,,,,16,2021-11-01,OSP
MNL069 LP25 NP5-6,MNL069,LP25,NP5-6,MNL069 LP25,Baseco 2,MANILA,3,2,BARANGAY 649,,,14.592823,120.957864,,,,,,,16,2021-11-01,OSP
MNL069 LP25 NP7-8,MNL069,LP25,NP7-8,MNL069 LP25,Baseco 2,MANILA,3,2,BARANGAY 649,,,14.592823,120.957864,,,,,,,16,2021-11-01,OSP
MNL069 LP26 NP1-2,MNL069,LP26,NP1-2,MNL069 LP26,Baseco 2,MANILA,3,2,BARANGAY 649,,,14.592806,120.957697,,,,,,,16,2021-11-01,OSP
MNL069 LP26 NP3-4,MNL069,LP26,NP3-4,MNL069 LP26,Baseco 2,MANILA,3,2,BARANGAY 649,,,14.592806,120.957697,,,,,,,16,2021-11-01,OSP
MNL069 LP26 NP5-6,MNL069,LP26,NP5-6,MNL069 LP26,Baseco 2,MANILA,3,2,BARANGAY 649,,,14.592968,120.957562,,,,,,,16,2021-11-01,OSP
MNL069 LP26 NP7-8,MNL069,LP26,NP7-8,MNL069 LP26,Baseco 2,MANILA,3,2,BARANGAY 649,,,14.592968,120.957562,,,,,,,16,2021-11-01,OSP
MNL069 LP27 NP1-2,MNL069,LP27,NP1-2,MNL069 LP27,Baseco 2,MANILA,3,2,BARANGAY 649,,,14.59307,120.959369,,,,,,,16,2021-11-01,OSP
MNL069 LP27 NP3-4,MNL069,LP27,NP3-4,MNL069 LP27,Baseco 2,MANILA,3,2,BARANGAY 649,,,14.59307,120.959369,,,,,,,16,2021-11-01,OSP
MNL069 LP27 NP5-6,MNL069,LP27,NP5-6,MNL069 LP27,Baseco 2,MANILA,3,2,BARANGAY 649,,,14.593026,120.959753,,,,,,,16,2021-11-01,OSP
MNL069 LP27 NP7-8,MNL069,LP27,NP7-8,MNL069 LP27,Baseco 2,MANILA,3,2,BARANGAY 649,,,14.593026,120.959753,,,,,,,16,2021-11-01,OSP
MNL069 LP2 NP1-2,MNL069,LP2,NP1-2,MNL069 LP2,Baseco 2,MANILA,3,2,BARANGAY 649,,,14.589265,120.955604,,,,,,,16,2021-11-17,OSP
MNL069 LP2 NP3-5,MNL069,LP2,NP3-5,MNL069 LP2,Baseco 2,MANILA,3,2,BARANGAY 649,,,14.588918,120.955832,,,,,,,24,2021-11-17,OSP
MNL069 LP2 NP6-8,MNL069,LP2,NP6-8,MNL069 LP2,Baseco 2,MANILA,3,2,BARANGAY 649,,,14.588918,120.955832,,,,,,,24,2021-11-17,OSP
MNL069 LP20 NP1-2,MNL069,LP20,NP1-2,MNL069 LP20,Baseco 2,MANILA,3,2,BARANGAY 649,,,14.593346,120.960366,,,,,,,16,2021-11-01,OSP
MNL069 LP20 NP3-5,MNL069,LP20,NP3-5,MNL069 LP20,Baseco 2,MANILA,3,2,BARANGAY 649,,,14.593346,120.960366,,,,,,,24,2021-11-01,OSP
MNL069 LP20 NP6-8,MNL069,LP20,NP6-8,MNL069 LP20,Baseco 2,MANILA,3,2,BARANGAY 649,,,14.593326,120.960542,,,,,,,24,2021-11-01,OSP