Box Name,OLT,LCP,NAP,LCP Name,Node Name,Municipality,Cluster,Sector,Barangay,Subdivision,Building Name,Latitude,Longitude,Parent Site,Parent Floor,Parent Room,Additional Details,Remarks,Landmark,Capacity,Installation Date,OSP / ISP
MNL003 LP194 NP1-2,MNL003,LP194,NP1-2,MNL003 LP194,City Square,MANILA,3,1,BARANGAY 1,,,14.60575616,120.9656999,,,,,,,16,2019-01-30,OSP
MNL003 LP194 NP3-4,MNL003,LP194,NP3-4,MNL003 LP194,City Square,MANILA,3,1,BARANGAY 1,,,14.60539434,120.9658312,,,,,,,16,2019-01-30,OSP
MNL003 LP194 NP5-6,MNL003,LP194,NP5-6,MNL003 LP194,City Square,MANILA,3,1,BARANGAY 1,,,14.60514177,120.9658747,,,,,,,16,2019-01-30,OSP
MNL003 LP194 NP7-8,MNL003,LP194,NP7-8,MNL003 LP194,City Square,MANILA,3,1,BARANGAY 1,,,14.60491985,120.9659504,,,,,,,16,2019-01-30,OSP
MNL003 LP195 NP1-2,MNL003,LP195,NP1-2,MNL003 LP195,City Square,MANILA,3,1,BARANGAY 1,,,14.60450083,120.9661665,,,,,,,16,2019-01-30,OSP
MNL003 LP195 NP3-4,MNL003,LP195,NP3-4,MNL003 LP195,City Square,MANILA,3,1,BARANGAY 1,,,14.60398191,120.9663469,,,,,,,16,2019-01-30,OSP
MNL003 LP195 NP5-6,MNL003,LP195,NP5-6,MNL003 LP195,City Square,MANILA,3,1,BARANGAY 1,,,14.60355095,120.9666285,,,,,,,16,2019-01-30,OSP
MNL005 LP207 NP6-8,MNL005,LP207,NP6-8,MNL005 LP207,Orchard Building (City Square 2),MANILA,3,1,BARANGAY 1,,,14.603873,120.96733,,,,,,,24,2021-09-25,OSP
MNL005 LP11 NP3-4,MNL005,LP11,NP3-4,MNL005 LP11,Orchard Building (City Square 2),MANILA,3,1,BARANGAY 1,,,14.604044,120.967963,,,,,,,16,2020-08-30,OSP
MNL005 LP11 NP5-6,MNL005,LP11,NP5-6,MNL005 LP11,Orchard Building (City Square 2),MANILA,3,1,BARANGAY 1,,,14.604489,120.966711,,,,,,,16,2020-08-30,OSP
MNL005 LP11 NP7-8,MNL005,LP11,NP7-8,MNL005 LP11,Orchard Building (City Square 2),MANILA,3,1,BARANGAY 1,,,14.603999,120.967168,,,,,,,16,2020-08-30,OSP
MNL005 LP199 NP3-5,MNL005,LP199,NP3-5,MNL005 LP199,Orchard Building (City Square 2),MANILA,3,1,BARANGAY 1,,,14.60393,120.96806,,,,,,,24,2021-09-25,OSP
MNL005 LP200 NP3-5,MNL005,LP200,NP3-5,MNL005 LP200,Orchard Building (City Square 2),MANILA,3,1,BARANGAY 1,,,14.605972,120.96605,,,,,,,24,2021-09-25,OSP
MNL005 LP13 NP1-2,MNL005,LP13,NP1-2,MNL005 LP13,Orchard Building (City Square 2),MANILA,3,1,BARANGAY 1,,,14.603342,120.967809,,,,,,,16,2020-08-30,OSP
MNL005 LP13 NP3-4,MNL005,LP13,NP3-4,MNL005 LP13,Orchard Building (City Square 2),MANILA,3,1,BARANGAY 1,,,14.602769,120.967258,,,,,,,16,2020-08-30,OSP
MNL005 LP203 NP3-5,MNL005,LP203,NP3-5,MNL005 LP203,Orchard Building (City Square 2),MANILA,3,1,BARANGAY 1,,,14.60576,120.96572,,,,,,,24,2021-09-25,OSP
MNL005 LP203 NP6-8,MNL005,LP203,NP6-8,MNL005 LP203,Orchard Building (City Square 2),MANILA,3,1,BARANGAY 1,,,14.60576,120.96572,,,,,,,24,2021-09-25,OSP
MNL005 LP204 NP1-2,MNL005,LP204,NP1-2,MNL005 LP204,Orchard Building (City Square 2),MANILA,3,1,BARANGAY 1,,,14.60498,120.96594,,,,,,,16,2021-09-25,OSP
MNL005 LP204 NP3-5,MNL005,LP204,NP3-5,MNL005 LP204,Orchard Building (City Square 2),MANILA,3,1,BARANGAY 1,,,14.60498,120.96594,,,,,,,24,2021-09-25,OSP
MNL005 LP204 NP6-8,MNL005,LP204,NP6-8,MNL005 LP204,Orchard Building (City Square 2),MANILA,3,1,BARANGAY 1,,,14.604812,120.96601,,,,,,,24,2021-09-25,OSP
MNL005 LP205 NP1-2,MNL005,LP205,NP1-2,MNL005 LP205,Orchard Building (City Square 2),MANILA,3,1,BARANGAY 1,,,14.604812,120.96601,,,,,,,16,2021-09-25,OSP
MNL005 LP205 NP3-5,MNL005,LP205,NP3-5,MNL005 LP205,Orchard Building (City Square 2),MANILA,3,1,BARANGAY 1,,,14.604812,120.96601,,,,,,,24,2021-09-25,OSP
MNL005 LP205 NP6-8,MNL005,LP205,NP6-8,MNL005 LP205,Orchard Building (City Square 2),MANILA,3,1,BARANGAY 1,,,14.604891,120.96621,,,,,,,24,2021-09-25,OSP
MNL005 LP206 NP1-2,MNL005,LP206,NP1-2,MNL005 LP206,Orchard Building (City Square 2),MANILA,3,1,BARANGAY 1,,,14.60442,120.96616,,,,,,,16,2021-09-25,OSP
MNL005 LP206 NP3-5,MNL005,LP206,NP3-5,MNL005 LP206,Orchard Building (City Square 2),MANILA,3,1,BARANGAY 1,,,14.60442,120.96616,,,,,,,24,2021-09-25,OSP
MNL005 LP206 NP6-8,MNL005,LP206,NP6-8,MNL005 LP206,Orchard Building (City Square 2),MANILA,3,1,BARANGAY 1,,,14.60453,120.9664,,,,,,,24,2021-09-25,OSP
MNL005 LP207 NP1-2,MNL005,LP207,NP1-2,MNL005 LP207,Orchard Building (City Square 2),MANILA,3,1,BARANGAY 1,,,14.60453,120.9664,,,,,,,16,2021-09-25,OSP
MNL005 LP207 NP3-5,MNL005,LP207,NP3-5,MNL005 LP207,Orchard Building (City Square 2),MANILA,3,1,BARANGAY 1,,,14.60433,120.96691,,,,,,,24,2021-09-25,OSP
MNL005 LP190 NP3-4,MNL005,LP190,NP3-4,MNL005 LP190,Orchard Building (City Square 2),MANILA,3,1,BARANGAY 1,,,14.603279,120.96803,,,,,,,16,2021-08-30,OSP
MNL005 LP400 NP6-8,MNL005,LP400,NP6-8,MNL005 LP400,Orchard Building (City Square 2),MANILA,3,1,BARANGAY 1,,,14.604493,120.966071,,,,,,,24,2021-11-01,OSP
MNL005 LP328 NP1-2,MNL005,LP328,NP1-2,MNL005 LP328,Orchard Building (City Square 2),MANILA,3,1,BARANGAY 1,,,14.602696,120.967323,,,,,,,16,2021-10-21,OSP
MNL005 LP328 NP3-5,MNL005,LP328,NP3-5,MNL005 LP328,Orchard Building (City Square 2),MANILA,3,1,BARANGAY 1,,,14.603159,120.966922,,,,,,,24,2021-10-21,OSP
MNL005 LP328 NP6-8,MNL005,LP328,NP6-8,MNL005 LP328,Orchard Building (City Square 2),MANILA,3,1,BARANGAY 1,,,14.603376,120.966744,,,,,,,24,2021-10-21,OSP
MNL005 LP329 NP1-2,MNL005,LP329,NP1-2,MNL005 LP329,Orchard Building (City Square 2),MANILA,3,1,BARANGAY 1,,,14.603568,120.966616,,,,,,,16,2021-10-21,OSP
MNL005 LP329 NP3-5,MNL005,LP329,NP3-5,MNL005 LP329,Orchard Building (City Square 2),MANILA,3,1,BARANGAY 1,,,14.60356,120.966599,,,,,,,24,2021-10-21,OSP
MNL005 LP48 NP1-2,MNL005,LP48,NP1-2,MNL005 LP48,Orchard Building (City Square 2),MANILA,3,1,BARANGAY 1,,,14.604947,120.965973,,,,,,,16,2020-09-25,OSP
MNL005 LP48 NP3-4,MNL005,LP48,NP3-4,MNL005 LP48,Orchard Building (City Square 2),MANILA,3,1,BARANGAY 1,,,14.60484,120.966011,,,,,,,16,2020-09-25,OSP
MNL005 LP48 NP5-6,MNL005,LP48,NP5-6,MNL005 LP48,Orchard Building (City Square 2),MANILA,3,1,BARANGAY 1,,,14.604127,120.966257,,,,,,,16,2020-09-25,OSP
MNL003 LP190 NP5-6,MNL003,LP190,NP5-6,MNL003 LP190,City Square,MANILA,3,1,BARANGAY 10,,,14.60647452,120.9700224,,,,,,,16,2019-01-30,OSP
MNL005 LP189 NP1-2,MNL005,LP189,NP1-2,MNL005 LP189,Orchard Building (City Square 2),MANILA,3,1,BARANGAY 10,,,14.605873,120.97026,,,,,,,16,2021-08-30,OSP
MNL003 LP137 NP7-8,MNL003,LP137,NP7-8,MNL003 LP137,City Square,MANILA,3,1,BARANGAY 100,,,14.62318999,120.9611122,,,,,,,16,2018-11-29,OSP
MNL003 LP138 NP1-2,MNL003,LP138,NP1-2,MNL003 LP138,City Square,MANILA,3,1,BARANGAY 100,,,14.62294575,120.9610982,,,,,,,16,2018-11-29,OSP
MNL003 LP138 NP3-4,MNL003,LP138,NP3-4,MNL003 LP138,City Square,MANILA,3,1,BARANGAY 100,,,14.62239486,120.9611604,,,,,,,16,2018-11-29,OSP
MNL003 LP138 NP5-6,MNL003,LP138,NP5-6,MNL003 LP138,City Square,MANILA,3,1,BARANGAY 100,,,14.62195318,120.9612307,,,,,,,16,2018-11-29,OSP
MNL003 LP154 NP7-8,MNL003,LP154,NP7-8,MNL003 LP154,City Square,MANILA,3,1,BARANGAY 100,,,14.62256114,120.9600761,,,,,,,16,2018-12-11,OSP
MNL036 LP33 NP7-8,MNL036,LP33,NP7-8,MNL036 LP33,Juan Luna/ Solis,MANILA,3,1,BARANGAY 100,,,14.623292,120.961362,,,,,,,16,2020-07-30,OSP
MNL036 LP34 NP1-2,MNL036,LP34,NP1-2,MNL036 LP34,Juan Luna/ Solis,MANILA,3,1,BARANGAY 100,,,14.622986,120.960747,,,,,,,16,2020-07-30,OSP
MNL036 LP34 NP3-4,MNL036,LP34,NP3-4,MNL036 LP34,Juan Luna/ Solis,MANILA,3,1,BARANGAY 100,,,14.622749,120.9603,,,,,,,16,2020-07-30,OSP
MNL036 LP34 NP5-6,MNL036,LP34,NP5-6,MNL036 LP34,Juan Luna/ Solis,MANILA,3,1,BARANGAY 100,,,14.62275,120.960142,,,,,,,16,2020-07-30,OSP
MNL036 LP35 NP7-8,MNL036,LP35,NP7-8,MNL036 LP35,Juan Luna/ Solis,MANILA,3,1,BARANGAY 100,,,14.622131,120.96042,,,,,,,16,2020-07-30,OSP
MNL036 LP33 NP3-4,MNL036,LP33,NP3-4,MNL036 LP33,Juan Luna/ Solis,MANILA,3,1,BARANGAY 100,,,14.621948,120.961246,,,,,,,16,2020-07-30,OSP
MNL045 LP202 NP5-6,MNL045,LP202,NP5-6,MNL045 LP202,Radial Road 10,MANILA,3,1,BARANGAY 100,,,14.622053,120.96091,,,,,,,16,2022-01-27,OSP
MNL045 LP202 NP7-8,MNL045,LP202,NP7-8,MNL045 LP202,Radial Road 10,MANILA,3,1,BARANGAY 100,,,14.622053,120.96091,,,,,,,16,2022-01-27,OSP
MNL045 LP203 NP1-2,MNL045,LP203,NP1-2,MNL045 LP203,Radial Road 10,MANILA,3,1,BARANGAY 100,,,14.622096,120.960785,,,,,,,16,2022-01-27,OSP
MNL045 LP203 NP3-4,MNL045,LP203,NP3-4,MNL045 LP203,Radial Road 10,MANILA,3,1,BARANGAY 100,,,14.622096,120.960785,,,,,,,16,2022-01-27,OSP
MNL045 LP203 NP5-6,MNL045,LP203,NP5-6,MNL045 LP203,Radial Road 10,MANILA,3,1,BARANGAY 100,,,14.62213,120.960441,,,,,,,16,2022-01-27,OSP
MNL045 LP203 NP7-8,MNL045,LP203,NP7-8,MNL045 LP203,Radial Road 10,MANILA,3,1,BARANGAY 100,,,14.62213,120.960441,,,,,,,16,2022-01-27,OSP
MNL045 LP204 NP1-2,MNL045,LP204,NP1-2,MNL045 LP204,Radial Road 10,MANILA,3,1,BARANGAY 100,,,14.622141,120.960267,,,,,,,16,2022-01-27,OSP
MNL045 LP204 NP3-4,MNL045,LP204,NP3-4,MNL045 LP204,Radial Road 10,MANILA,3,1,BARANGAY 100,,,14.622141,120.960267,,,,,,,16,2022-01-27,OSP
MNL045 LP204 NP5-6,MNL045,LP204,NP5-6,MNL045 LP204,Radial Road 10,MANILA,3,1,BARANGAY 100,,,14.622207,120.960271,,,,,,,16,2022-01-27,OSP
MNL045 LP204 NP7-8,MNL045,LP204,NP7-8,MNL045 LP204,Radial Road 10,MANILA,3,1,BARANGAY 100,,,14.622207,120.960271,,,,,,,16,2022-01-27,OSP
MNL045 LP205 NP1-2,MNL045,LP205,NP1-2,MNL045 LP205,Radial Road 10,MANILA,3,1,BARANGAY 100,,,14.622483,120.960283,,,,,,,16,2022-01-27,OSP
MNL045 LP205 NP3-4,MNL045,LP205,NP3-4,MNL045 LP205,Radial Road 10,MANILA,3,1,BARANGAY 100,,,14.622483,120.960283,,,,,,,16,2022-01-27,OSP
MNL045 LP205 NP5-6,MNL045,LP205,NP5-6,MNL045 LP205,Radial Road 10,MANILA,3,1,BARANGAY 100,,,14.621962,120.960253,,,,,,,16,2022-01-27,OSP
MNL045 LP205 NP7-8,MNL045,LP205,NP7-8,MNL045 LP205,Radial Road 10,MANILA,3,1,BARANGAY 100,,,14.621962,120.960253,,,,,,,16,2022-01-27,OSP
MNL045 LP240 NP5-6,MNL045,LP240,NP5-6,MNL045 LP240,Radial Road 10,MANILA,3,1,BARANGAY 100,,,14.623231,120.960479,,,,,,,16,2022-02-14,OSP
MNL045 LP240 NP7-8,MNL045,LP240,NP7-8,MNL045 LP240,Radial Road 10,MANILA,3,1,BARANGAY 100,,,14.623231,120.960479,,,,,,,16,2022-02-14,OSP
MNL045 LP238 NP1-2,MNL045,LP238,NP1-2,MNL045 LP238,Radial Road 10,MANILA,3,1,BARANGAY 100,,,14.623453,120.961102,,,,,,,16,2022-02-14,OSP
MNL045 LP238 NP3-5,MNL045,LP238,NP3-5,MNL045 LP238,Radial Road 10,MANILA,3,1,BARANGAY 100,,,14.623453,120.961102,,,,,,,24,2022-02-14,OSP
MNL045 LP270 NP1-2,MNL045,LP270,NP1-2,MNL045 LP270,Radial Road 10,MANILA,3,1,BARANGAY 100,,,14.622167,120.961212,,,,,,,16,2022-02-14,OSP
MNL045 LP270 NP3-4,MNL045,LP270,NP3-4,MNL045 LP270,Radial Road 10,MANILA,3,1,BARANGAY 100,,,14.622167,120.961212,,,,,,,16,2022-02-14,OSP
MNL045 LP270 NP5-6,MNL045,LP270,NP5-6,MNL045 LP270,Radial Road 10,MANILA,3,1,BARANGAY 100,,,14.62239,120.961166,,,,,,,16,2022-02-14,OSP
MNL045 LP270 NP7-8,MNL045,LP270,NP7-8,MNL045 LP270,Radial Road 10,MANILA,3,1,BARANGAY 100,,,14.62239,120.961166,,,,,,,16,2022-02-14,OSP
MNL045 LP271 NP1-2,MNL045,LP271,NP1-2,MNL045 LP271,Radial Road 10,MANILA,3,1,BARANGAY 100,,,14.622784,120.961078,,,,,,,16,2022-02-14,OSP
MNL045 LP271 NP3-4,MNL045,LP271,NP3-4,MNL045 LP271,Radial Road 10,MANILA,3,1,BARANGAY 100,,,14.622784,120.961078,,,,,,,16,2022-02-14,OSP
MNL045 LP271 NP5-6,MNL045,LP271,NP5-6,MNL045 LP271,Radial Road 10,MANILA,3,1,BARANGAY 100,,,14.623007,120.961047,,,,,,,16,2022-02-14,OSP
MNL045 LP276 NP3-5,MNL045,LP276,NP3-5,MNL045 LP276,Radial Road 10,MANILA,3,1,BARANGAY 100,,,14.623179,120.96111,,,,,,,24,2022-02-14,OSP
MNL045 LP276 NP6-8,MNL045,LP276,NP6-8,MNL045 LP276,Radial Road 10,MANILA,3,1,BARANGAY 100,,,14.622996,120.96075,,,,,,,24,2022-02-14,OSP
MNL045 LP277 NP1-2,MNL045,LP277,NP1-2,MNL045 LP277,Radial Road 10,MANILA,3,1,BARANGAY 100,,,14.622996,120.96075,,,,,,,16,2022-02-14,OSP
MNL045 LP277 NP3-5,MNL045,LP277,NP3-5,MNL045 LP277,Radial Road 10,MANILA,3,1,BARANGAY 100,,,14.622767,120.960464,,,,,,,24,2022-02-14,OSP
MNL045 LP277 NP6-8,MNL045,LP277,NP6-8,MNL045 LP277,Radial Road 10,MANILA,3,1,BARANGAY 100,,,14.622767,120.960464,,,,,,,24,2022-02-14,OSP
MNL045 LP278 NP1-2,MNL045,LP278,NP1-2,MNL045 LP278,Radial Road 10,MANILA,3,1,BARANGAY 100,,,14.622756,120.960148,,,,,,,16,2022-02-14,OSP
MNL045 LP271 NP7-8,MNL045,LP271,NP7-8,MNL045 LP271,Radial Road 10,MANILA,3,1,BARANGAY 100,,,14.623007,120.961047,,,,,,,16,2022-02-14,OSP
MNL045 LP272 NP1-2,MNL045,LP272,NP1-2,MNL045 LP272,Radial Road 10,MANILA,3,1,BARANGAY 100,,,14.6222,120.961517,,,,,,,16,2022-02-14,OSP
MNL045 LP272 NP3-4,MNL045,LP272,NP3-4,MNL045 LP272,Radial Road 10,MANILA,3,1,BARANGAY 100,,,14.6222,120.961517,,,,,,,16,2022-02-14,OSP
MNL045 LP275 NP5-6,MNL045,LP275,NP5-6,MNL045 LP275,Radial Road 10,MANILA,3,1,BARANGAY 100,,,14.623295,120.96137,,,,,,,16,2022-02-14,OSP
MNL045 LP275 NP7-8,MNL045,LP275,NP7-8,MNL045 LP275,Radial Road 10,MANILA,3,1,BARANGAY 100,,,14.623295,120.96137,,,,,,,16,2022-02-14,OSP
MNL045 LP276 NP1-2,MNL045,LP276,NP1-2,MNL045 LP276,Radial Road 10,MANILA,3,1,BARANGAY 100,,,14.623179,120.96111,,,,,,,16,2022-02-14,OSP
MNL003 LP155 NP7-8,MNL003,LP155,NP7-8,MNL003 LP155,City Square,MANILA,3,1,BARANGAY 101,,,14.62540997,120.9604632,,,,,,,16,2018-11-29,OSP
MNL003 LP156 NP1-2,MNL003,LP156,NP1-2,MNL003 LP156,City Square,MANILA,3,1,BARANGAY 101,,,14.6255803,120.960854,,,,,,,16,2018-11-29,OSP
MNL003 LP157 NP7-8,MNL003,LP157,NP7-8,MNL003 LP157,City Square,MANILA,3,1,BARANGAY 101,,,14.62697517,120.9621147,,,,,,,16,2018-11-29,OSP
MNL045 LP245 NP1-2,MNL045,LP245,NP1-2,MNL045 LP245,Radial Road 10,MANILA,3,1,BARANGAY 101,,,14.625428,120.960467,,,,,,,16,2022-02-14,OSP
MNL045 LP246 NP1-2,MNL045,LP246,NP1-2,MNL045 LP246,Radial Road 10,MANILA,3,1,BARANGAY 101,,,14.625428,120.960467,,,,,,,16,2022-02-14,OSP
MNL045 LP246 NP3-5,MNL045,LP246,NP3-5,MNL045 LP246,Radial Road 10,MANILA,3,1,BARANGAY 101,,,14.625591,120.960839,,,,,,,24,2022-02-14,OSP
MNL045 LP246 NP6-8,MNL045,LP246,NP6-8,MNL045 LP246,Radial Road 10,MANILA,3,1,BARANGAY 101,,,14.625591,120.960839,,,,,,,24,2022-02-14,OSP
MNL045 LP360 NP1-2,MNL045,LP360,NP1-2,MNL045 LP360,Radial Road 10,MANILA,3,1,BARANGAY 101,,,14.628521,120.960122,,,,,,,16,2021-10-25,OSP
MNL045 LP360 NP3-5,MNL045,LP360,NP3-5,MNL045 LP360,Radial Road 10,MANILA,3,1,BARANGAY 101,,,14.628522,120.960125,,,,,,,24,2021-10-25,OSP
MNL045 LP360 NP6-8,MNL045,LP360,NP6-8,MNL045 LP360,Radial Road 10,MANILA,3,1,BARANGAY 101,,,14.628655,120.960154,,,,,,,24,2021-10-25,OSP
MNL045 LP361 NP1-2,MNL045,LP361,NP1-2,MNL045 LP361,Radial Road 10,MANILA,3,1,BARANGAY 101,,,14.628773,120.96009,,,,,,,16,2021-10-25,OSP
MNL045 LP361 NP3-5,MNL045,LP361,NP3-5,MNL045 LP361,Radial Road 10,MANILA,3,1,BARANGAY 101,,,14.628772,120.960094,,,,,,,24,2021-10-25,OSP
MNL045 LP361 NP6-8,MNL045,LP361,NP6-8,MNL045 LP361,Radial Road 10,MANILA,3,1,BARANGAY 101,,,14.628776,120.960094,,,,,,,24,2021-10-25,OSP
MNL045 LP362 NP1-2,MNL045,LP362,NP1-2,MNL045 LP362,Radial Road 10,MANILA,3,1,BARANGAY 101,,,14.628982,120.960425,,,,,,,16,2021-10-25,OSP
MNL045 LP362 NP3-5,MNL045,LP362,NP3-5,MNL045 LP362,Radial Road 10,MANILA,3,1,BARANGAY 101,,,14.628983,120.960421,,,,,,,24,2021-10-25,OSP
MNL045 LP362 NP6-8,MNL045,LP362,NP6-8,MNL045 LP362,Radial Road 10,MANILA,3,1,BARANGAY 101,,,14.628982,120.960424,,,,,,,24,2021-10-25,OSP
MNL045 LP363 NP1-2,MNL045,LP363,NP1-2,MNL045 LP363,Radial Road 10,MANILA,3,1,BARANGAY 101,,,14.62889,120.960696,,,,,,,16,2021-10-25,OSP
MNL045 LP363 NP3-5,MNL045,LP363,NP3-5,MNL045 LP363,Radial Road 10,MANILA,3,1,BARANGAY 101,,,14.62889,120.9607,,,,,,,24,2021-10-25,OSP
MNL045 LP363 NP6-8,MNL045,LP363,NP6-8,MNL045 LP363,Radial Road 10,MANILA,3,1,BARANGAY 101,,,14.628894,120.9607,,,,,,,24,2021-10-25,OSP
MNL045 LP364 NP1-2,MNL045,LP364,NP1-2,MNL045 LP364,Radial Road 10,MANILA,3,1,BARANGAY 101,,,14.628699,120.960509,,,,,,,16,2021-10-25,OSP
MNL045 LP364 NP3-5,MNL045,LP364,NP3-5,MNL045 LP364,Radial Road 10,MANILA,3,1,BARANGAY 101,,,14.6287,120.960508,,,,,,,24,2021-10-25,OSP
MNL045 LP364 NP6-8,MNL045,LP364,NP6-8,MNL045 LP364,Radial Road 10,MANILA,3,1,BARANGAY 101,,,14.628697,120.960509,,,,,,,24,2021-10-25,OSP
MNL045 LP355 NP1-2,MNL045,LP355,NP1-2,MNL045 LP355,Radial Road 10,MANILA,3,1,BARANGAY 101,,,14.628078,120.960009,,,,,,,16,2021-10-25,OSP
MNL045 LP355 NP3-5,MNL045,LP355,NP3-5,MNL045 LP355,Radial Road 10,MANILA,3,1,BARANGAY 101,,,14.628071,120.96001,,,,,,,24,2021-10-25,OSP
MNL045 LP355 NP6-8,MNL045,LP355,NP6-8,MNL045 LP355,Radial Road 10,MANILA,3,1,BARANGAY 101,,,14.628074,120.960008,,,,,,,24,2021-10-25,OSP
MNL045 LP356 NP1-2,MNL045,LP356,NP1-2,MNL045 LP356,Radial Road 10,MANILA,3,1,BARANGAY 101,,,14.627973,120.960412,,,,,,,16,2021-10-25,OSP
MNL045 LP356 NP3-5,MNL045,LP356,NP3-5,MNL045 LP356,Radial Road 10,MANILA,3,1,BARANGAY 101,,,14.627972,120.960407,,,,,,,24,2021-10-25,OSP
MNL045 LP356 NP6-8,MNL045,LP356,NP6-8,MNL045 LP356,Radial Road 10,MANILA,3,1,BARANGAY 101,,,14.627976,120.960411,,,,,,,24,2021-10-25,OSP
MNL045 LP357 NP1-2,MNL045,LP357,NP1-2,MNL045 LP357,Radial Road 10,MANILA,3,1,BARANGAY 101,,,14.628279,120.959975,,,,,,,16,2021-10-25,OSP
MNL045 LP357 NP3-5,MNL045,LP357,NP3-5,MNL045 LP357,Radial Road 10,MANILA,3,1,BARANGAY 101,,,14.628275,120.959977,,,,,,,24,2021-10-25,OSP
MNL045 LP357 NP6-8,MNL045,LP357,NP6-8,MNL045 LP357,Radial Road 10,MANILA,3,1,BARANGAY 101,,,14.628272,120.959977,,,,,,,24,2021-10-25,OSP
MNL045 LP358 NP1-2,MNL045,LP358,NP1-2,MNL045 LP358,Radial Road 10,MANILA,3,1,BARANGAY 101,,,14.628476,120.959937,,,,,,,16,2021-10-25,OSP
MNL045 LP358 NP3-5,MNL045,LP358,NP3-5,MNL045 LP358,Radial Road 10,MANILA,3,1,BARANGAY 101,,,14.628792,120.959885,,,,,,,24,2021-10-25,OSP
MNL045 LP358 NP6-8,MNL045,LP358,NP6-8,MNL045 LP358,Radial Road 10,MANILA,3,1,BARANGAY 101,,,14.628782,120.959889,,,,,,,24,2021-10-25,OSP
MNL045 LP359 NP1-2,MNL045,LP359,NP1-2,MNL045 LP359,Radial Road 10,MANILA,3,1,BARANGAY 101,,,14.628468,120.959948,,,,,,,16,2021-10-25,OSP
MNL045 LP359 NP3-5,MNL045,LP359,NP3-5,MNL045 LP359,Radial Road 10,MANILA,3,1,BARANGAY 101,,,14.628466,120.959937,,,,,,,24,2021-10-25,OSP
MNL045 LP359 NP6-8,MNL045,LP359,NP6-8,MNL045 LP359,Radial Road 10,MANILA,3,1,BARANGAY 101,,,14.628497,120.96004,,,,,,,24,2021-10-25,OSP
MNL045 LP350 NP1-2,MNL045,LP350,NP1-2,MNL045 LP350,Radial Road 10,MANILA,3,1,BARANGAY 101,,,14.627535,120.960087,,,,,,,16,2021-10-25,OSP
MNL045 LP350 NP3-5,MNL045,LP350,NP3-5,MNL045 LP350,Radial Road 10,MANILA,3,1,BARANGAY 101,,,14.627531,120.960092,,,,,,,24,2021-10-25,OSP
MNL045 LP350 NP6-8,MNL045,LP350,NP6-8,MNL045 LP350,Radial Road 10,MANILA,3,1,BARANGAY 101,,,14.627526,120.960088,,,,,,,24,2021-10-25,OSP
MNL045 LP351 NP1-2,MNL045,LP351,NP1-2,MNL045 LP351,Radial Road 10,MANILA,3,1,BARANGAY 101,,,14.627474,120.960352,,,,,,,16,2021-10-25,OSP
MNL045 LP351 NP3-5,MNL045,LP351,NP3-5,MNL045 LP351,Radial Road 10,MANILA,3,1,BARANGAY 101,,,14.627476,120.960355,,,,,,,24,2021-10-25,OSP
MNL045 LP351 NP6-8,MNL045,LP351,NP6-8,MNL045 LP351,Radial Road 10,MANILA,3,1,BARANGAY 101,,,14.627475,120.960345,,,,,,,24,2021-10-25,OSP
MNL045 LP352 NP1-2,MNL045,LP352,NP1-2,MNL045 LP352,Radial Road 10,MANILA,3,1,BARANGAY 101,,,14.627755,120.960061,,,,,,,16,2021-10-25,OSP
MNL045 LP352 NP3-5,MNL045,LP352,NP3-5,MNL045 LP352,Radial Road 10,MANILA,3,1,BARANGAY 101,,,14.627756,120.960064,,,,,,,24,2021-10-25,OSP
MNL045 LP352 NP6-8,MNL045,LP352,NP6-8,MNL045 LP352,Radial Road 10,MANILA,3,1,BARANGAY 101,,,14.627758,120.960059,,,,,,,24,2021-10-25,OSP
MNL045 LP353 NP1-2,MNL045,LP353,NP1-2,MNL045 LP353,Radial Road 10,MANILA,3,1,BARANGAY 101,,,14.627711,120.960227,,,,,,,16,2021-10-25,OSP
MNL045 LP353 NP3-5,MNL045,LP353,NP3-5,MNL045 LP353,Radial Road 10,MANILA,3,1,BARANGAY 101,,,14.627711,120.960235,,,,,,,24,2021-10-25,OSP
MNL045 LP353 NP6-8,MNL045,LP353,NP6-8,MNL045 LP353,Radial Road 10,MANILA,3,1,BARANGAY 101,,,14.627711,120.960233,,,,,,,24,2021-10-25,OSP
MNL045 LP354 NP1-2,MNL045,LP354,NP1-2,MNL045 LP354,Radial Road 10,MANILA,3,1,BARANGAY 101,,,14.627707,120.960586,,,,,,,16,2021-10-25,OSP
MNL045 LP354 NP3-5,MNL045,LP354,NP3-5,MNL045 LP354,Radial Road 10,MANILA,3,1,BARANGAY 101,,,14.627708,120.960582,,,,,,,24,2021-10-25,OSP
MNL045 LP354 NP6-8,MNL045,LP354,NP6-8,MNL045 LP354,Radial Road 10,MANILA,3,1,BARANGAY 101,,,14.627707,120.960581,,,,,,,24,2021-10-25,OSP
MNL045 LP345 NP1-2,MNL045,LP345,NP1-2,MNL045 LP345,Radial Road 10,MANILA,3,1,BARANGAY 101,,,14.627033,120.960362,,,,,,,16,2021-10-25,OSP
MNL045 LP345 NP3-5,MNL045,LP345,NP3-5,MNL045 LP345,Radial Road 10,MANILA,3,1,BARANGAY 101,,,14.627031,120.960376,,,,,,,24,2021-10-25,OSP
MNL045 LP345 NP6-8,MNL045,LP345,NP6-8,MNL045 LP345,Radial Road 10,MANILA,3,1,BARANGAY 101,,,14.627026,120.960368,,,,,,,24,2021-10-25,OSP
MNL045 LP346 NP1-2,MNL045,LP346,NP1-2,MNL045 LP346,Radial Road 10,MANILA,3,1,BARANGAY 101,,,14.627257,120.960127,,,,,,,16,2021-10-25,OSP
MNL045 LP346 NP3-5,MNL045,LP346,NP3-5,MNL045 LP346,Radial Road 10,MANILA,3,1,BARANGAY 101,,,14.627256,120.960129,,,,,,,24,2021-10-25,OSP
MNL045 LP346 NP6-8,MNL045,LP346,NP6-8,MNL045 LP346,Radial Road 10,MANILA,3,1,BARANGAY 101,,,14.627257,120.960132,,,,,,,24,2021-10-25,OSP
MNL045 LP347 NP1-2,MNL045,LP347,NP1-2,MNL045 LP347,Radial Road 10,MANILA,3,1,BARANGAY 101,,,14.627295,120.960319,,,,,,,16,2021-10-25,OSP
MNL045 LP347 NP3-5,MNL045,LP347,NP3-5,MNL045 LP347,Radial Road 10,MANILA,3,1,BARANGAY 101,,,14.627295,120.960315,,,,,,,24,2021-10-25,OSP
MNL045 LP347 NP6-8,MNL045,LP347,NP6-8,MNL045 LP347,Radial Road 10,MANILA,3,1,BARANGAY 101,,,14.627297,120.960318,,,,,,,24,2021-10-25,OSP
MNL045 LP348 NP1-2,MNL045,LP348,NP1-2,MNL045 LP348,Radial Road 10,MANILA,3,1,BARANGAY 101,,,14.627264,120.9608,,,,,,,16,2021-10-25,OSP
MNL045 LP348 NP3-5,MNL045,LP348,NP3-5,MNL045 LP348,Radial Road 10,MANILA,3,1,BARANGAY 101,,,14.627262,120.960796,,,,,,,24,2021-10-25,OSP
MNL045 LP348 NP6-8,MNL045,LP348,NP6-8,MNL045 LP348,Radial Road 10,MANILA,3,1,BARANGAY 101,,,14.627261,120.960799,,,,,,,24,2021-10-25,OSP
MNL045 LP349 NP1-2,MNL045,LP349,NP1-2,MNL045 LP349,Radial Road 10,MANILA,3,1,BARANGAY 101,,,14.627445,120.960707,,,,,,,16,2021-10-25,OSP
MNL045 LP349 NP3-5,MNL045,LP349,NP3-5,MNL045 LP349,Radial Road 10,MANILA,3,1,BARANGAY 101,,,14.627448,120.960708,,,,,,,24,2021-10-25,OSP
MNL045 LP349 NP6-8,MNL045,LP349,NP6-8,MNL045 LP349,Radial Road 10,MANILA,3,1,BARANGAY 101,,,14.627442,120.960713,,,,,,,24,2021-10-25,OSP
MNL045 LP340 NP1-2,MNL045,LP340,NP1-2,MNL045 LP340,Radial Road 10,MANILA,3,1,BARANGAY 101,,,14.626826,120.960732,,,,,,,16,2021-10-25,OSP
MNL045 LP340 NP3-5,MNL045,LP340,NP3-5,MNL045 LP340,Radial Road 10,MANILA,3,1,BARANGAY 101,,,14.626827,120.960737,,,,,,,24,2021-10-25,OSP
MNL045 LP340 NP6-8,MNL045,LP340,NP6-8,MNL045 LP340,Radial Road 10,MANILA,3,1,BARANGAY 101,,,14.626823,120.960735,,,,,,,24,2021-10-25,OSP
MNL045 LP341 NP1-2,MNL045,LP341,NP1-2,MNL045 LP341,Radial Road 10,MANILA,3,1,BARANGAY 101,,,14.626789,120.961023,,,,,,,16,2021-10-25,OSP
MNL045 LP341 NP3-5,MNL045,LP341,NP3-5,MNL045 LP341,Radial Road 10,MANILA,3,1,BARANGAY 101,,,14.626795,120.961032,,,,,,,24,2021-10-25,OSP
MNL045 LP341 NP6-8,MNL045,LP341,NP6-8,MNL045 LP341,Radial Road 10,MANILA,3,1,BARANGAY 101,,,14.6268,120.961035,,,,,,,24,2021-10-25,OSP
MNL045 LP342 NP1-2,MNL045,LP342,NP1-2,MNL045 LP342,Radial Road 10,MANILA,3,1,BARANGAY 101,,,14.627015,120.960919,,,,,,,16,2021-10-25,OSP
MNL045 LP342 NP3-5,MNL045,LP342,NP3-5,MNL045 LP342,Radial Road 10,MANILA,3,1,BARANGAY 101,,,14.627018,120.960917,,,,,,,24,2021-10-25,OSP
MNL045 LP342 NP6-8,MNL045,LP342,NP6-8,MNL045 LP342,Radial Road 10,MANILA,3,1,BARANGAY 101,,,14.627019,120.960921,,,,,,,24,2021-10-25,OSP
MNL045 LP343 NP1-2,MNL045,LP343,NP1-2,MNL045 LP343,Radial Road 10,MANILA,3,1,BARANGAY 101,,,14.62705,120.960712,,,,,,,16,2021-10-25,OSP
MNL045 LP343 NP3-5,MNL045,LP343,NP3-5,MNL045 LP343,Radial Road 10,MANILA,3,1,BARANGAY 101,,,14.627053,120.960707,,,,,,,24,2021-10-25,OSP
MNL045 LP343 NP6-8,MNL045,LP343,NP6-8,MNL045 LP343,Radial Road 10,MANILA,3,1,BARANGAY 101,,,14.627052,120.960715,,,,,,,24,2021-10-25,OSP
MNL045 LP344 NP1-2,MNL045,LP344,NP1-2,MNL045 LP344,Radial Road 10,MANILA,3,1,BARANGAY 101,,,14.627057,120.960161,,,,,,,16,2021-10-25,OSP
MNL045 LP344 NP3-5,MNL045,LP344,NP3-5,MNL045 LP344,Radial Road 10,MANILA,3,1,BARANGAY 101,,,14.627049,120.960167,,,,,,,24,2021-10-25,OSP
MNL045 LP344 NP6-8,MNL045,LP344,NP6-8,MNL045 LP344,Radial Road 10,MANILA,3,1,BARANGAY 101,,,14.627066,120.960159,,,,,,,24,2021-10-25,OSP
MNL045 LP335 NP1-2,MNL045,LP335,NP1-2,MNL045 LP335,Radial Road 10,MANILA,3,1,BARANGAY 101,,,14.626604,120.960659,,,,,,,16,2021-10-25,OSP
MNL045 LP335 NP3-5,MNL045,LP335,NP3-5,MNL045 LP335,Radial Road 10,MANILA,3,1,BARANGAY 101,,,14.626603,120.960667,,,,,,,24,2021-10-25,OSP
MNL045 LP335 NP6-8,MNL045,LP335,NP6-8,MNL045 LP335,Radial Road 10,MANILA,3,1,BARANGAY 101,,,14.626596,120.960665,,,,,,,24,2021-10-25,OSP
MNL045 LP336 NP1-2,MNL045,LP336,NP1-2,MNL045 LP336,Radial Road 10,MANILA,3,1,BARANGAY 101,,,14.626597,120.960925,,,,,,,16,2021-10-25,OSP
MNL045 LP336 NP3-5,MNL045,LP336,NP3-5,MNL045 LP336,Radial Road 10,MANILA,3,1,BARANGAY 101,,,14.626599,120.960929,,,,,,,24,2021-10-25,OSP
MNL045 LP336 NP6-8,MNL045,LP336,NP6-8,MNL045 LP336,Radial Road 10,MANILA,3,1,BARANGAY 101,,,14.626596,120.960932,,,,,,,24,2021-10-25,OSP
MNL045 LP337 NP1-2,MNL045,LP337,NP1-2,MNL045 LP337,Radial Road 10,MANILA,3,1,BARANGAY 101,,,14.626546,120.961146,,,,,,,16,2021-10-25,OSP
MNL045 LP337 NP3-5,MNL045,LP337,NP3-5,MNL045 LP337,Radial Road 10,MANILA,3,1,BARANGAY 101,,,14.626545,120.961152,,,,,,,24,2021-10-25,OSP
MNL045 LP337 NP6-8,MNL045,LP337,NP6-8,MNL045 LP337,Radial Road 10,MANILA,3,1,BARANGAY 101,,,14.626541,120.961148,,,,,,,24,2021-10-25,OSP
MNL045 LP338 NP1-2,MNL045,LP338,NP1-2,MNL045 LP338,Radial Road 10,MANILA,3,1,BARANGAY 101,,,14.626841,120.96018,,,,,,,16,2021-10-25,OSP
MNL045 LP338 NP3-5,MNL045,LP338,NP3-5,MNL045 LP338,Radial Road 10,MANILA,3,1,BARANGAY 101,,,14.626844,120.960187,,,,,,,24,2021-10-25,OSP
MNL045 LP338 NP6-8,MNL045,LP338,NP6-8,MNL045 LP338,Radial Road 10,MANILA,3,1,BARANGAY 101,,,14.626838,120.96019,,,,,,,24,2021-10-25,OSP
MNL045 LP339 NP1-2,MNL045,LP339,NP1-2,MNL045 LP339,Radial Road 10,MANILA,3,1,BARANGAY 101,,,14.626797,120.960547,,,,,,,16,2021-10-25,OSP
MNL045 LP339 NP3-5,MNL045,LP339,NP3-5,MNL045 LP339,Radial Road 10,MANILA,3,1,BARANGAY 101,,,14.626788,120.960551,,,,,,,24,2021-10-25,OSP
MNL045 LP339 NP6-8,MNL045,LP339,NP6-8,MNL045 LP339,Radial Road 10,MANILA,3,1,BARANGAY 101,,,14.626795,120.960559,,,,,,,24,2021-10-25,OSP
MNL045 LP330 NP1-2,MNL045,LP330,NP1-2,MNL045 LP330,Radial Road 10,MANILA,3,1,BARANGAY 101,,,14.626327,120.960705,,,,,,,16,2021-10-25,OSP
MNL045 LP330 NP3-5,MNL045,LP330,NP3-5,MNL045 LP330,Radial Road 10,MANILA,3,1,BARANGAY 101,,,14.626327,120.960705,,,,,,,24,2021-10-25,OSP
MNL045 LP330 NP6-8,MNL045,LP330,NP6-8,MNL045 LP330,Radial Road 10,MANILA,3,1,BARANGAY 101,,,14.626327,120.960705,,,,,,,24,2021-10-25,OSP
MNL045 LP331 NP1-2,MNL045,LP331,NP1-2,MNL045 LP331,Radial Road 10,MANILA,3,1,BARANGAY 101,,,14.626378,120.960924,,,,,,,16,2021-10-25,OSP
MNL045 LP331 NP3-5,MNL045,LP331,NP3-5,MNL045 LP331,Radial Road 10,MANILA,3,1,BARANGAY 101,,,14.626376,120.960927,,,,,,,24,2021-10-25,OSP
MNL045 LP331 NP6-8,MNL045,LP331,NP6-8,MNL045 LP331,Radial Road 10,MANILA,3,1,BARANGAY 101,,,14.626374,120.960936,,,,,,,24,2021-10-25,OSP
MNL045 LP332 NP1-2,MNL045,LP332,NP1-2,MNL045 LP332,Radial Road 10,MANILA,3,1,BARANGAY 101,,,14.626332,120.961221,,,,,,,16,2021-10-25,OSP
MNL045 LP332 NP3-5,MNL045,LP332,NP3-5,MNL045 LP332,Radial Road 10,MANILA,3,1,BARANGAY 101,,,14.626336,120.961219,,,,,,,24,2021-10-25,OSP
MNL045 LP332 NP6-8,MNL045,LP332,NP6-8,MNL045 LP332,Radial Road 10,MANILA,3,1,BARANGAY 101,,,14.626334,120.961225,,,,,,,24,2021-10-25,OSP
MNL045 LP333 NP1-2,MNL045,LP333,NP1-2,MNL045 LP333,Radial Road 10,MANILA,3,1,BARANGAY 101,,,14.62658,120.960203,,,,,,,16,2021-10-25,OSP
MNL045 LP333 NP3-5,MNL045,LP333,NP3-5,MNL045 LP333,Radial Road 10,MANILA,3,1,BARANGAY 101,,,14.62658,120.960213,,,,,,,24,2021-10-25,OSP
MNL045 LP333 NP6-8,MNL045,LP333,NP6-8,MNL045 LP333,Radial Road 10,MANILA,3,1,BARANGAY 101,,,14.626574,120.960207,,,,,,,24,2021-10-25,OSP
MNL045 LP334 NP1-2,MNL045,LP334,NP1-2,MNL045 LP334,Radial Road 10,MANILA,3,1,BARANGAY 101,,,14.626613,120.960564,,,,,,,16,2021-10-25,OSP
MNL045 LP334 NP3-5,MNL045,LP334,NP3-5,MNL045 LP334,Radial Road 10,MANILA,3,1,BARANGAY 101,,,14.626606,120.960564,,,,,,,24,2021-10-25,OSP
MNL045 LP334 NP6-8,MNL045,LP334,NP6-8,MNL045 LP334,Radial Road 10,MANILA,3,1,BARANGAY 101,,,14.626615,120.960558,,,,,,,24,2021-10-25,OSP
MNL045 LP326 NP1-2,MNL045,LP326,NP1-2,MNL045 LP326,Radial Road 10,MANILA,3,1,BARANGAY 101,,,14.625419,120.96047,,,,,,,16,2021-10-25,OSP
MNL045 LP326 NP3-5,MNL045,LP326,NP3-5,MNL045 LP326,Radial Road 10,MANILA,3,1,BARANGAY 101,,,14.625593,120.960847,,,,,,,24,2021-10-25,OSP
MNL045 LP326 NP6-8,MNL045,LP326,NP6-8,MNL045 LP326,Radial Road 10,MANILA,3,1,BARANGAY 101,,,14.625782,120.961202,,,,,,,24,2021-10-25,OSP
MNL045 LP327 NP1-2,MNL045,LP327,NP1-2,MNL045 LP327,Radial Road 10,MANILA,3,1,BARANGAY 101,,,14.625968,120.961559,,,,,,,16,2021-10-25,OSP
MNL045 LP327 NP3-5,MNL045,LP327,NP3-5,MNL045 LP327,Radial Road 10,MANILA,3,1,BARANGAY 101,,,14.626084,120.961775,,,,,,,24,2021-10-25,OSP
MNL045 LP327 NP6-8,MNL045,LP327,NP6-8,MNL045 LP327,Radial Road 10,MANILA,3,1,BARANGAY 101,,,14.626332,120.962256,,,,,,,24,2021-10-25,OSP
MNL045 LP328 NP1-2,MNL045,LP328,NP1-2,MNL045 LP328,Radial Road 10,MANILA,3,1,BARANGAY 101,,,14.626333,120.960219,,,,,,,16,2021-10-25,OSP
MNL045 LP328 NP3-5,MNL045,LP328,NP3-5,MNL045 LP328,Radial Road 10,MANILA,3,1,BARANGAY 101,,,14.626338,120.96022,,,,,,,24,2021-10-25,OSP
MNL045 LP328 NP6-8,MNL045,LP328,NP6-8,MNL045 LP328,Radial Road 10,MANILA,3,1,BARANGAY 101,,,14.62633,120.960214,,,,,,,24,2021-10-25,OSP
MNL045 LP329 NP1-2,MNL045,LP329,NP1-2,MNL045 LP329,Radial Road 10,MANILA,3,1,BARANGAY 101,,,14.626342,120.960393,,,,,,,16,2021-10-25,OSP
MNL045 LP329 NP3-5,MNL045,LP329,NP3-5,MNL045 LP329,Radial Road 10,MANILA,3,1,BARANGAY 101,,,14.626342,120.960393,,,,,,,24,2021-10-25,OSP
MNL045 LP329 NP6-8,MNL045,LP329,NP6-8,MNL045 LP329,Radial Road 10,MANILA,3,1,BARANGAY 101,,,14.626342,120.960393,,,,,,,24,2021-10-25,OSP
MNL045 LP280 NP6-8,MNL045,LP280,NP6-8,MNL045 LP280,Radial Road 10,MANILA,3,1,BARANGAY 101,,,14.625442,120.96027,,,,,,,24,2022-02-14,OSP
MNL045 LP523 NP1-2,MNL045,LP523,NP1-2,MNL045 LP523,Radial Road 10,MANILA,3,1,BARANGAY 101,,,14.62699,120.962121,,,,,,,16,2023-05-08,OSP
MNL003 LP137 NP1-2,MNL003,LP137,NP1-2,MNL003 LP137,City Square,MANILA,3,1,BARANGAY 102,,,14.62245956,120.9621437,,,,,,,16,2018-11-29,OSP
MNL003 LP133 NP5-6,MNL003,LP133,NP5-6,MNL003 LP133,City Square,MANILA,3,1,BARANGAY 102,,,14.62305135,120.9630762,,,,,,,16,2018-11-29,OSP
MNL003 LP133 NP7-8,MNL003,LP133,NP7-8,MNL003 LP133,City Square,MANILA,3,1,BARANGAY 102,,,14.62280253,120.9631607,,,,,,,16,2018-11-29,OSP
MNL003 LP392 NP1-2,MNL003,LP392,NP1-2,MNL003 LP392,City Square,MANILA,3,1,BARANGAY 102,,,14.62214455,120.961696,,,,,,,16,2019-06-16,OSP
MNL003 LP392 NP3-4,MNL003,LP392,NP3-4,MNL003 LP392,City Square,MANILA,3,1,BARANGAY 102,,,14.62285192,120.9616133,,,,,,,16,2019-06-16,OSP
MNL003 LP389 NP5-6,MNL003,LP389,NP5-6,MNL003 LP389,City Square,MANILA,3,1,BARANGAY 102,,,14.6228433,120.9625828,,,,,,,16,2019-06-16,OSP
MNL036 LP33 NP5-6,MNL036,LP33,NP5-6,MNL036 LP33,Juan Luna/ Solis,MANILA,3,1,BARANGAY 102,,,14.622174,120.961707,,,,,,,16,2020-07-30,OSP
MNL036 LP29 NP3-4,MNL036,LP29,NP3-4,MNL036 LP29,Juan Luna/ Solis,MANILA,3,1,BARANGAY 102,,,14.623272,120.962013,,,,,,,16,2020-07-30,OSP
MNL036 LP29 NP5-6,MNL036,LP29,NP5-6,MNL036 LP29,Juan Luna/ Solis,MANILA,3,1,BARANGAY 102,,,14.622717,120.96216,,,,,,,16,2020-07-30,OSP
MNL036 LP29 NP7-8,MNL036,LP29,NP7-8,MNL036 LP29,Juan Luna/ Solis,MANILA,3,1,BARANGAY 102,,,14.622234,120.962089,,,,,,,16,2020-07-30,OSP
MNL036 LP28 NP3-4,MNL036,LP28,NP3-4,MNL036 LP28,Juan Luna/ Solis,MANILA,3,1,BARANGAY 102,,,14.623207,120.963098,,,,,,,16,2020-07-30,OSP
MNL036 LP28 NP5-6,MNL036,LP28,NP5-6,MNL036 LP28,Juan Luna/ Solis,MANILA,3,1,BARANGAY 102,,,14.623485,120.962988,,,,,,,16,2020-07-30,OSP
MNL036 LP28 NP7-8,MNL036,LP28,NP7-8,MNL036 LP28,Juan Luna/ Solis,MANILA,3,1,BARANGAY 102,,,14.623801,120.962885,,,,,,,16,2020-07-30,OSP
MNL045 LP251 NP1-2,MNL045,LP251,NP1-2,MNL045 LP251,Radial Road 10,MANILA,3,1,BARANGAY 102,,,14.623353,120.962076,,,,,,,16,2022-02-14,OSP
MNL045 LP251 NP3-5,MNL045,LP251,NP3-5,MNL045 LP251,Radial Road 10,MANILA,3,1,BARANGAY 102,,,14.623353,120.962076,,,,,,,24,2022-02-14,OSP
MNL045 LP251 NP6-8,MNL045,LP251,NP6-8,MNL045 LP251,Radial Road 10,MANILA,3,1,BARANGAY 102,,,14.623497,120.962407,,,,,,,24,2022-02-14,OSP
MNL045 LP252 NP1-2,MNL045,LP252,NP1-2,MNL045 LP252,Radial Road 10,MANILA,3,1,BARANGAY 102,,,14.623497,120.962407,,,,,,,16,2022-02-14,OSP
MNL045 LP252 NP3-5,MNL045,LP252,NP3-5,MNL045 LP252,Radial Road 10,MANILA,3,1,BARANGAY 102,,,14.623594,120.962681,,,,,,,24,2022-02-14,OSP
MNL045 LP252 NP6-8,MNL045,LP252,NP6-8,MNL045 LP252,Radial Road 10,MANILA,3,1,BARANGAY 102,,,14.623594,120.962681,,,,,,,24,2022-02-14,OSP
MNL045 LP253 NP1-2,MNL045,LP253,NP1-2,MNL045 LP253,Radial Road 10,MANILA,3,1,BARANGAY 102,,,14.623505,120.962987,,,,,,,16,2022-02-14,OSP
MNL045 LP253 NP3-5,MNL045,LP253,NP3-5,MNL045 LP253,Radial Road 10,MANILA,3,1,BARANGAY 102,,,14.623505,120.962987,,,,,,,24,2022-02-14,OSP
MNL045 LP253 NP6-8,MNL045,LP253,NP6-8,MNL045 LP253,Radial Road 10,MANILA,3,1,BARANGAY 102,,,14.623372,120.96264,,,,,,,24,2022-02-14,OSP
MNL045 LP254 NP1-2,MNL045,LP254,NP1-2,MNL045 LP254,Radial Road 10,MANILA,3,1,BARANGAY 102,,,14.623372,120.96264,,,,,,,16,2022-02-14,OSP
MNL045 LP254 NP3-5,MNL045,LP254,NP3-5,MNL045 LP254,Radial Road 10,MANILA,3,1,BARANGAY 102,,,14.623176,120.962095,,,,,,,24,2022-02-14,OSP
MNL045 LP254 NP6-8,MNL045,LP254,NP6-8,MNL045 LP254,Radial Road 10,MANILA,3,1,BARANGAY 102,,,14.623176,120.962095,,,,,,,24,2022-02-14,OSP
MNL045 LP255 NP1-2,MNL045,LP255,NP1-2,MNL045 LP255,Radial Road 10,MANILA,3,1,BARANGAY 102,,,14.62315,120.962733,,,,,,,16,2022-02-14,OSP
MNL045 LP255 NP3-4,MNL045,LP255,NP3-4,MNL045 LP255,Radial Road 10,MANILA,3,1,BARANGAY 102,,,14.623099,120.962492,,,,,,,16,2022-02-14,OSP
MNL045 LP255 NP5-6,MNL045,LP255,NP5-6,MNL045 LP255,Radial Road 10,MANILA,3,1,BARANGAY 102,,,14.623067,120.962271,,,,,,,16,2022-02-14,OSP
MNL045 LP255 NP7-8,MNL045,LP255,NP7-8,MNL045 LP255,Radial Road 10,MANILA,3,1,BARANGAY 102,,,14.623067,120.962271,,,,,,,16,2022-02-14,OSP
MNL045 LP256 NP1-2,MNL045,LP256,NP1-2,MNL045 LP256,Radial Road 10,MANILA,3,1,BARANGAY 102,,,14.623066,120.96309,,,,,,,16,2022-02-14,OSP
MNL045 LP256 NP3-4,MNL045,LP256,NP3-4,MNL045 LP256,Radial Road 10,MANILA,3,1,BARANGAY 102,,,14.623066,120.96309,,,,,,,16,2022-02-14,OSP
MNL045 LP256 NP5-6,MNL045,LP256,NP5-6,MNL045 LP256,Radial Road 10,MANILA,3,1,BARANGAY 102,,,14.622942,120.96276,,,,,,,16,2022-02-14,OSP
MNL045 LP256 NP7-8,MNL045,LP256,NP7-8,MNL045 LP256,Radial Road 10,MANILA,3,1,BARANGAY 102,,,14.622942,120.96276,,,,,,,16,2022-02-14,OSP
MNL045 LP257 NP1-2,MNL045,LP257,NP1-2,MNL045 LP257,Radial Road 10,MANILA,3,1,BARANGAY 102,,,14.622751,120.962356,,,,,,,16,2022-02-14,OSP
MNL045 LP257 NP3-4,MNL045,LP257,NP3-4,MNL045 LP257,Radial Road 10,MANILA,3,1,BARANGAY 102,,,14.622751,120.962356,,,,,,,16,2022-02-14,OSP
MNL045 LP257 NP5-6,MNL045,LP257,NP5-6,MNL045 LP257,Radial Road 10,MANILA,3,1,BARANGAY 102,,,14.622722,120.962155,,,,,,,16,2022-02-14,OSP
MNL045 LP257 NP7-8,MNL045,LP257,NP7-8,MNL045 LP257,Radial Road 10,MANILA,3,1,BARANGAY 102,,,14.622722,120.962155,,,,,,,16,2022-02-14,OSP
MNL045 LP258 NP1-2,MNL045,LP258,NP1-2,MNL045 LP258,Radial Road 10,MANILA,3,1,BARANGAY 102,,,14.622677,120.962947,,,,,,,16,2022-02-14,OSP
MNL045 LP258 NP3-4,MNL045,LP258,NP3-4,MNL045 LP258,Radial Road 10,MANILA,3,1,BARANGAY 102,,,14.622677,120.962947,,,,,,,16,2022-02-14,OSP
MNL045 LP259 NP1-2,MNL045,LP259,NP1-2,MNL045 LP259,Radial Road 10,MANILA,3,1,BARANGAY 102,,,14.622612,120.962799,,,,,,,16,2022-02-14,OSP
MNL045 LP260 NP1-2,MNL045,LP260,NP1-2,MNL045 LP260,Radial Road 10,MANILA,3,1,BARANGAY 102,,,14.622612,120.962799,,,,,,,16,2022-02-14,OSP
MNL045 LP260 NP3-5,MNL045,LP260,NP3-5,MNL045 LP260,Radial Road 10,MANILA,3,1,BARANGAY 102,,,14.622507,120.962576,,,,,,,24,2022-02-14,OSP
MNL045 LP260 NP6-8,MNL045,LP260,NP6-8,MNL045 LP260,Radial Road 10,MANILA,3,1,BARANGAY 102,,,14.622507,120.962576,,,,,,,24,2022-02-14,OSP
MNL045 LP261 NP1-2,MNL045,LP261,NP1-2,MNL045 LP261,Radial Road 10,MANILA,3,1,BARANGAY 102,,,14.622458,120.962347,,,,,,,16,2022-02-14,OSP
MNL045 LP261 NP3-4,MNL045,LP261,NP3-4,MNL045 LP261,Radial Road 10,MANILA,3,1,BARANGAY 102,,,14.622458,120.962347,,,,,,,16,2022-02-14,OSP
MNL045 LP261 NP5-6,MNL045,LP261,NP5-6,MNL045 LP261,Radial Road 10,MANILA,3,1,BARANGAY 102,,,14.62248,120.962164,,,,,,,16,2022-02-14,OSP
MNL045 LP261 NP7-8,MNL045,LP261,NP7-8,MNL045 LP261,Radial Road 10,MANILA,3,1,BARANGAY 102,,,14.62248,120.962164,,,,,,,16,2022-02-14,OSP
MNL045 LP263 NP1-2,MNL045,LP263,NP1-2,MNL045 LP263,Radial Road 10,MANILA,3,1,BARANGAY 102,,,14.622237,120.962086,,,,,,,16,2022-02-14,OSP
MNL045 LP263 NP3-4,MNL045,LP263,NP3-4,MNL045 LP263,Radial Road 10,MANILA,3,1,BARANGAY 102,,,14.622237,120.962086,,,,,,,16,2022-02-14,OSP
MNL045 LP264 NP1-2,MNL045,LP264,NP1-2,MNL045 LP264,Radial Road 10,MANILA,3,1,BARANGAY 102,,,14.62281,120.963168,,,,,,,16,2022-02-14,OSP
MNL045 LP264 NP3-5,MNL045,LP264,NP3-5,MNL045 LP264,Radial Road 10,MANILA,3,1,BARANGAY 102,,,14.62281,120.963168,,,,,,,24,2022-02-14,OSP
MNL045 LP267 NP1-2,MNL045,LP267,NP1-2,MNL045 LP267,Radial Road 10,MANILA,3,1,BARANGAY 102,,,14.623253,120.962017,,,,,,,16,2022-02-14,OSP
MNL045 LP267 NP3-4,MNL045,LP267,NP3-4,MNL045 LP267,Radial Road 10,MANILA,3,1,BARANGAY 102,,,14.623253,120.962017,,,,,,,16,2022-02-14,OSP
MNL045 LP267 NP5-6,MNL045,LP267,NP5-6,MNL045 LP267,Radial Road 10,MANILA,3,1,BARANGAY 102,,,14.622963,120.962086,,,,,,,16,2022-02-14,OSP
MNL045 LP267 NP7-8,MNL045,LP267,NP7-8,MNL045 LP267,Radial Road 10,MANILA,3,1,BARANGAY 102,,,14.622963,120.962086,,,,,,,16,2022-02-14,OSP
MNL045 LP268 NP1-2,MNL045,LP268,NP1-2,MNL045 LP268,Radial Road 10,MANILA,3,1,BARANGAY 102,,,14.622722,120.962155,,,,,,,16,2022-02-14,OSP
MNL045 LP268 NP3-4,MNL045,LP268,NP3-4,MNL045 LP268,Radial Road 10,MANILA,3,1,BARANGAY 102,,,14.622722,120.962155,,,,,,,16,2022-02-14,OSP
MNL045 LP268 NP5-6,MNL045,LP268,NP5-6,MNL045 LP268,Radial Road 10,MANILA,3,1,BARANGAY 102,,,14.622237,120.962086,,,,,,,16,2022-02-14,OSP
MNL045 LP268 NP7-8,MNL045,LP268,NP7-8,MNL045 LP268,Radial Road 10,MANILA,3,1,BARANGAY 102,,,14.622237,120.962086,,,,,,,16,2022-02-14,OSP
MNL045 LP269 NP1-2,MNL045,LP269,NP1-2,MNL045 LP269,Radial Road 10,MANILA,3,1,BARANGAY 102,,,14.622211,120.961894,,,,,,,16,2022-02-14,OSP
MNL045 LP269 NP3-4,MNL045,LP269,NP3-4,MNL045 LP269,Radial Road 10,MANILA,3,1,BARANGAY 102,,,14.622211,120.961894,,,,,,,16,2022-02-14,OSP
MNL045 LP269 NP5-6,MNL045,LP269,NP5-6,MNL045 LP269,Radial Road 10,MANILA,3,1,BARANGAY 102,,,14.622181,120.96171,,,,,,,16,2022-02-14,OSP
MNL045 LP269 NP7-8,MNL045,LP269,NP7-8,MNL045 LP269,Radial Road 10,MANILA,3,1,BARANGAY 102,,,14.622181,120.96171,,,,,,,16,2022-02-14,OSP
MNL045 LP272 NP5-6,MNL045,LP272,NP5-6,MNL045 LP272,Radial Road 10,MANILA,3,1,BARANGAY 102,,,14.622393,120.961487,,,,,,,16,2022-02-14,OSP
MNL045 LP272 NP7-8,MNL045,LP272,NP7-8,MNL045 LP272,Radial Road 10,MANILA,3,1,BARANGAY 102,,,14.622393,120.961487,,,,,,,16,2022-02-14,OSP
MNL045 LP273 NP1-2,MNL045,LP273,NP1-2,MNL045 LP273,Radial Road 10,MANILA,3,1,BARANGAY 102,,,14.622368,120.961677,,,,,,,16,2022-02-14,OSP
MNL045 LP273 NP3-4,MNL045,LP273,NP3-4,MNL045 LP273,Radial Road 10,MANILA,3,1,BARANGAY 102,,,14.622368,120.961677,,,,,,,16,2022-02-14,OSP
MNL045 LP273 NP5-6,MNL045,LP273,NP5-6,MNL045 LP273,Radial Road 10,MANILA,3,1,BARANGAY 102,,,14.622625,120.961652,,,,,,,16,2022-02-14,OSP
MNL045 LP273 NP7-8,MNL045,LP273,NP7-8,MNL045 LP273,Radial Road 10,MANILA,3,1,BARANGAY 102,,,14.622625,120.961652,,,,,,,16,2022-02-14,OSP
MNL045 LP274 NP1-2,MNL045,LP274,NP1-2,MNL045 LP274,Radial Road 10,MANILA,3,1,BARANGAY 102,,,14.622932,120.961868,,,,,,,16,2022-02-14,OSP
MNL045 LP274 NP3-5,MNL045,LP274,NP3-5,MNL045 LP274,Radial Road 10,MANILA,3,1,BARANGAY 102,,,14.622932,120.961868,,,,,,,24,2022-02-14,OSP
MNL045 LP274 NP6-8,MNL045,LP274,NP6-8,MNL045 LP274,Radial Road 10,MANILA,3,1,BARANGAY 102,,,14.622932,120.961868,,,,,,,24,2022-02-14,OSP
MNL045 LP275 NP1-2,MNL045,LP275,NP1-2,MNL045 LP275,Radial Road 10,MANILA,3,1,BARANGAY 102,,,14.622882,120.961618,,,,,,,16,2022-02-14,OSP
MNL045 LP275 NP3-4,MNL045,LP275,NP3-4,MNL045 LP275,Radial Road 10,MANILA,3,1,BARANGAY 102,,,14.622882,120.961618,,,,,,,16,2022-02-14,OSP
MNL003 LP136 NP5-6,MNL003,LP136,NP5-6,MNL003 LP136,City Square,MANILA,3,1,BARANGAY 103,,,14.62150661,120.9623527,,,,,,,16,2018-11-29,OSP
MNL003 LP136 NP7-8,MNL003,LP136,NP7-8,MNL003 LP136,City Square,MANILA,3,1,BARANGAY 103,,,14.62180797,120.9622522,,,,,,,16,2018-11-29,OSP
MNL003 LP138 NP7-8,MNL003,LP138,NP7-8,MNL003 LP138,City Square,MANILA,3,1,BARANGAY 103,,,14.62159631,120.9613712,,,,,,,16,2018-11-29,OSP
MNL003 LP134 NP1-2,MNL003,LP134,NP1-2,MNL003 LP134,City Square,MANILA,3,1,BARANGAY 103,,,14.62247408,120.9632793,,,,,,,16,2018-11-29,OSP
MNL003 LP134 NP3-4,MNL003,LP134,NP3-4,MNL003 LP134,City Square,MANILA,3,1,BARANGAY 103,,,14.62180205,120.963489,,,,,,,16,2018-11-29,OSP
MNL003 LP389 NP7-8,MNL003,LP389,NP7-8,MNL003 LP389,City Square,MANILA,3,1,BARANGAY 103,,,14.62257057,120.9628002,,,,,,,16,2019-06-16,OSP
MNL003 LP391 NP1-2,MNL003,LP391,NP1-2,MNL003 LP391,City Square,MANILA,3,1,BARANGAY 103,,,14.62166551,120.9618129,,,,,,,16,2019-06-16,OSP
MNL003 LP391 NP3-4,MNL003,LP391,NP3-4,MNL003 LP391,City Square,MANILA,3,1,BARANGAY 103,,,14.62119128,120.9620248,,,,,,,16,2019-06-16,OSP
MNL036 LP26 NP1-2,MNL036,LP26,NP1-2,MNL036 LP26,Juan Luna/ Solis,MANILA,3,1,BARANGAY 103,,,14.621246,120.962957,,,,,,,16,2020-07-30,OSP
MNL036 LP26 NP3-4,MNL036,LP26,NP3-4,MNL036 LP26,Juan Luna/ Solis,MANILA,3,1,BARANGAY 103,,,14.621712,120.962992,,,,,,,16,2020-07-30,OSP
MNL036 LP26 NP5-6,MNL036,LP26,NP5-6,MNL036 LP26,Juan Luna/ Solis,MANILA,3,1,BARANGAY 103,,,14.622046,120.962647,,,,,,,16,2020-07-30,OSP
MNL036 LP26 NP7-8,MNL036,LP26,NP7-8,MNL036 LP26,Juan Luna/ Solis,MANILA,3,1,BARANGAY 103,,,14.622175,120.963313,,,,,,,16,2020-07-30,OSP
MNL045 LP180 NP5-6,MNL045,LP180,NP5-6,MNL045 LP180,Radial Road 10,MANILA,3,1,BARANGAY 103,,,14.621709,120.962084,,,,,,,16,2022-01-27,OSP
MNL045 LP180 NP7-8,MNL045,LP180,NP7-8,MNL045 LP180,Radial Road 10,MANILA,3,1,BARANGAY 103,,,14.621691,120.961814,,,,,,,16,2022-01-27,OSP
MNL045 LP181 NP1-2,MNL045,LP181,NP1-2,MNL045 LP181,Radial Road 10,MANILA,3,1,BARANGAY 103,,,14.622048,120.962652,,,,,,,16,2022-01-27,OSP
MNL045 LP181 NP3-4,MNL045,LP181,NP3-4,MNL045 LP181,Radial Road 10,MANILA,3,1,BARANGAY 103,,,14.622048,120.962652,,,,,,,16,2022-01-27,OSP
MNL045 LP181 NP5-6,MNL045,LP181,NP5-6,MNL045 LP181,Radial Road 10,MANILA,3,1,BARANGAY 103,,,14.622112,120.962951,,,,,,,16,2022-01-27,OSP
MNL045 LP181 NP7-8,MNL045,LP181,NP7-8,MNL045 LP181,Radial Road 10,MANILA,3,1,BARANGAY 103,,,14.622112,120.962951,,,,,,,16,2022-01-27,OSP
MNL045 LP182 NP1-2,MNL045,LP182,NP1-2,MNL045 LP182,Radial Road 10,MANILA,3,1,BARANGAY 103,,,14.622179,120.963309,,,,,,,16,2022-01-27,OSP
MNL045 LP182 NP3-5,MNL045,LP182,NP3-5,MNL045 LP182,Radial Road 10,MANILA,3,1,BARANGAY 103,,,14.622016,120.963434,,,,,,,24,2022-01-27,OSP
MNL045 LP182 NP6-8,MNL045,LP182,NP6-8,MNL045 LP182,Radial Road 10,MANILA,3,1,BARANGAY 103,,,14.621968,120.963252,,,,,,,24,2022-01-27,OSP
MNL045 LP183 NP1-2,MNL045,LP183,NP1-2,MNL045 LP183,Radial Road 10,MANILA,3,1,BARANGAY 103,,,14.621883,120.962967,,,,,,,16,2022-01-27,OSP
MNL045 LP183 NP3-5,MNL045,LP183,NP3-5,MNL045 LP183,Radial Road 10,MANILA,3,1,BARANGAY 103,,,14.621854,120.962786,,,,,,,24,2022-01-27,OSP
MNL045 LP183 NP6-8,MNL045,LP183,NP6-8,MNL045 LP183,Radial Road 10,MANILA,3,1,BARANGAY 103,,,14.621794,120.962583,,,,,,,24,2022-01-27,OSP
MNL045 LP184 NP1-2,MNL045,LP184,NP1-2,MNL045 LP184,Radial Road 10,MANILA,3,1,BARANGAY 103,,,14.621637,120.962644,,,,,,,16,2022-01-27,OSP
MNL045 LP184 NP3-4,MNL045,LP184,NP3-4,MNL045 LP184,Radial Road 10,MANILA,3,1,BARANGAY 103,,,14.621637,120.962644,,,,,,,16,2022-01-27,OSP
MNL045 LP184 NP5-6,MNL045,LP184,NP5-6,MNL045 LP184,Radial Road 10,MANILA,3,1,BARANGAY 103,,,14.621716,120.962994,,,,,,,16,2022-01-27,OSP
MNL045 LP184 NP7-8,MNL045,LP184,NP7-8,MNL045 LP184,Radial Road 10,MANILA,3,1,BARANGAY 103,,,14.621716,120.962994,,,,,,,16,2022-01-27,OSP
MNL045 LP185 NP1-2,MNL045,LP185,NP1-2,MNL045 LP185,Radial Road 10,MANILA,3,1,BARANGAY 103,,,14.621769,120.963235,,,,,,,16,2022-01-27,OSP
MNL045 LP172 NP1-2,MNL045,LP172,NP1-2,MNL045 LP172,Radial Road 10,MANILA,3,1,BARANGAY 103,,,14.621358,120.961624,,,,,,,16,2022-01-27,OSP
MNL045 LP172 NP3-4,MNL045,LP172,NP3-4,MNL045 LP172,Radial Road 10,MANILA,3,1,BARANGAY 103,,,14.621358,120.961624,,,,,,,16,2022-01-27,OSP
MNL045 LP172 NP5-6,MNL045,LP172,NP5-6,MNL045 LP172,Radial Road 10,MANILA,3,1,BARANGAY 103,,,14.621143,120.961629,,,,,,,16,2022-01-27,OSP
MNL045 LP172 NP7-8,MNL045,LP172,NP7-8,MNL045 LP172,Radial Road 10,MANILA,3,1,BARANGAY 103,,,14.621143,120.961629,,,,,,,16,2022-01-27,OSP
MNL045 LP178 NP1-2,MNL045,LP178,NP1-2,MNL045 LP178,Radial Road 10,MANILA,3,1,BARANGAY 103,,,14.621392,120.96249,,,,,,,16,2022-01-27,OSP
MNL045 LP178 NP3-4,MNL045,LP178,NP3-4,MNL045 LP178,Radial Road 10,MANILA,3,1,BARANGAY 103,,,14.621392,120.96249,,,,,,,16,2022-01-27,OSP
MNL045 LP178 NP5-6,MNL045,LP178,NP5-6,MNL045 LP178,Radial Road 10,MANILA,3,1,BARANGAY 103,,,14.62151,120.962353,,,,,,,16,2022-01-27,OSP
MNL045 LP178 NP7-8,MNL045,LP178,NP7-8,MNL045 LP178,Radial Road 10,MANILA,3,1,BARANGAY 103,,,14.62151,120.962353,,,,,,,16,2022-01-27,OSP
MNL045 LP179 NP1-2,MNL045,LP179,NP1-2,MNL045 LP179,Radial Road 10,MANILA,3,1,BARANGAY 103,,,14.62182,120.962256,,,,,,,16,2022-01-27,OSP
MNL045 LP179 NP3-4,MNL045,LP179,NP3-4,MNL045 LP179,Radial Road 10,MANILA,3,1,BARANGAY 103,,,14.62182,120.962256,,,,,,,16,2022-01-27,OSP
MNL045 LP179 NP5-6,MNL045,LP179,NP5-6,MNL045 LP179,Radial Road 10,MANILA,3,1,BARANGAY 103,,,14.62196,120.962474,,,,,,,16,2022-01-27,OSP
MNL045 LP179 NP7-8,MNL045,LP179,NP7-8,MNL045 LP179,Radial Road 10,MANILA,3,1,BARANGAY 103,,,14.62196,120.962474,,,,,,,16,2022-01-27,OSP
MNL045 LP180 NP1-2,MNL045,LP180,NP1-2,MNL045 LP180,Radial Road 10,MANILA,3,1,BARANGAY 103,,,14.621876,120.962241,,,,,,,16,2022-01-27,OSP
MNL045 LP180 NP3-4,MNL045,LP180,NP3-4,MNL045 LP180,Radial Road 10,MANILA,3,1,BARANGAY 103,,,14.621876,120.962241,,,,,,,16,2022-01-27,OSP
MNL045 LP258 NP5-6,MNL045,LP258,NP5-6,MNL045 LP258,Radial Road 10,MANILA,3,1,BARANGAY 103,,,14.622499,120.963281,,,,,,,16,2022-02-14,OSP
MNL045 LP258 NP7-8,MNL045,LP258,NP7-8,MNL045 LP258,Radial Road 10,MANILA,3,1,BARANGAY 103,,,14.622499,120.963281,,,,,,,16,2022-02-14,OSP
MNL045 LP185 NP3-4,MNL045,LP185,NP3-4,MNL045 LP185,Radial Road 10,MANILA,3,1,BARANGAY 103,,,14.621769,120.963235,,,,,,,16,2022-01-27,OSP
MNL045 LP185 NP5-6,MNL045,LP185,NP5-6,MNL045 LP185,Radial Road 10,MANILA,3,1,BARANGAY 103,,,14.621699,120.963597,,,,,,,16,2022-01-27,OSP
MNL045 LP185 NP7-8,MNL045,LP185,NP7-8,MNL045 LP185,Radial Road 10,MANILA,3,1,BARANGAY 103,,,14.621699,120.963597,,,,,,,16,2022-01-27,OSP
MNL045 LP186 NP1-2,MNL045,LP186,NP1-2,MNL045 LP186,Radial Road 10,MANILA,3,1,BARANGAY 103,,,14.621614,120.963433,,,,,,,16,2022-01-27,OSP
MNL045 LP186 NP3-4,MNL045,LP186,NP3-4,MNL045 LP186,Radial Road 10,MANILA,3,1,BARANGAY 103,,,14.621614,120.963433,,,,,,,16,2022-01-27,OSP
MNL045 LP186 NP5-6,MNL045,LP186,NP5-6,MNL045 LP186,Radial Road 10,MANILA,3,1,BARANGAY 103,,,14.621533,120.963023,,,,,,,16,2022-01-27,OSP
MNL045 LP186 NP7-8,MNL045,LP186,NP7-8,MNL045 LP186,Radial Road 10,MANILA,3,1,BARANGAY 103,,,14.621533,120.963023,,,,,,,16,2022-01-27,OSP
MNL045 LP187 NP1-2,MNL045,LP187,NP1-2,MNL045 LP187,Radial Road 10,MANILA,3,1,BARANGAY 103,,,14.621462,120.962746,,,,,,,16,2022-01-27,OSP
MNL045 LP187 NP3-4,MNL045,LP187,NP3-4,MNL045 LP187,Radial Road 10,MANILA,3,1,BARANGAY 103,,,14.621462,120.962746,,,,,,,16,2022-01-27,OSP
MNL045 LP187 NP5-6,MNL045,LP187,NP5-6,MNL045 LP187,Radial Road 10,MANILA,3,1,BARANGAY 103,,,14.621274,120.962797,,,,,,,16,2022-01-27,OSP
MNL045 LP187 NP7-8,MNL045,LP187,NP7-8,MNL045 LP187,Radial Road 10,MANILA,3,1,BARANGAY 103,,,14.621274,120.962797,,,,,,,16,2022-01-27,OSP
MNL045 LP188 NP1-2,MNL045,LP188,NP1-2,MNL045 LP188,Radial Road 10,MANILA,3,1,BARANGAY 103,,,14.62133,120.963073,,,,,,,16,2022-01-27,OSP
MNL045 LP188 NP3-4,MNL045,LP188,NP3-4,MNL045 LP188,Radial Road 10,MANILA,3,1,BARANGAY 103,,,14.62133,120.963073,,,,,,,16,2022-01-27,OSP
MNL045 LP188 NP5-6,MNL045,LP188,NP5-6,MNL045 LP188,Radial Road 10,MANILA,3,1,BARANGAY 103,,,14.621323,120.963303,,,,,,,16,2022-01-27,OSP
MNL045 LP188 NP7-8,MNL045,LP188,NP7-8,MNL045 LP188,Radial Road 10,MANILA,3,1,BARANGAY 103,,,14.621323,120.963303,,,,,,,16,2022-01-27,OSP
MNL045 LP189 NP1-2,MNL045,LP189,NP1-2,MNL045 LP189,Radial Road 10,MANILA,3,1,BARANGAY 103,,,14.621064,120.963038,,,,,,,16,2022-01-27,OSP
MNL045 LP189 NP3-4,MNL045,LP189,NP3-4,MNL045 LP189,Radial Road 10,MANILA,3,1,BARANGAY 103,,,14.621064,120.963038,,,,,,,16,2022-01-27,OSP
MNL045 LP259 NP3-5,MNL045,LP259,NP3-5,MNL045 LP259,Radial Road 10,MANILA,3,1,BARANGAY 103,,,14.622322,120.962886,,,,,,,24,2022-02-14,OSP
MNL045 LP259 NP6-8,MNL045,LP259,NP6-8,MNL045 LP259,Radial Road 10,MANILA,3,1,BARANGAY 103,,,14.622322,120.962886,,,,,,,24,2022-02-14,OSP
MNL045 LP262 NP1-2,MNL045,LP262,NP1-2,MNL045 LP262,Radial Road 10,MANILA,3,1,BARANGAY 103,,,14.622258,120.962443,,,,,,,16,2022-02-14,OSP
MNL045 LP262 NP3-4,MNL045,LP262,NP3-4,MNL045 LP262,Radial Road 10,MANILA,3,1,BARANGAY 103,,,14.622258,120.962443,,,,,,,16,2022-02-14,OSP
MNL045 LP262 NP5-6,MNL045,LP262,NP5-6,MNL045 LP262,Radial Road 10,MANILA,3,1,BARANGAY 103,,,14.622285,120.962664,,,,,,,16,2022-02-14,OSP
MNL045 LP262 NP7-8,MNL045,LP262,NP7-8,MNL045 LP262,Radial Road 10,MANILA,3,1,BARANGAY 103,,,14.622285,120.962664,,,,,,,16,2022-02-14,OSP
MNL045 LP263 NP5-6,MNL045,LP263,NP5-6,MNL045 LP263,Radial Road 10,MANILA,3,1,BARANGAY 103,,,14.622057,120.96218,,,,,,,16,2022-02-14,OSP
MNL045 LP263 NP7-8,MNL045,LP263,NP7-8,MNL045 LP263,Radial Road 10,MANILA,3,1,BARANGAY 103,,,14.622057,120.96218,,,,,,,16,2022-02-14,OSP
MNL045 LP173 NP5-6,MNL045,LP173,NP5-6,MNL045 LP173,Radial Road 10,MANILA,3,1,BARANGAY 103,,,14.621142,120.961811,,,,,,,16,2022-01-27,OSP
MNL045 LP173 NP7-8,MNL045,LP173,NP7-8,MNL045 LP173,Radial Road 10,MANILA,3,1,BARANGAY 103,,,14.621142,120.961811,,,,,,,16,2022-01-27,OSP
MNL045 LP174 NP1-2,MNL045,LP174,NP1-2,MNL045 LP174,Radial Road 10,MANILA,3,1,BARANGAY 103,,,14.62137,120.961786,,,,,,,16,2022-01-27,OSP
MNL045 LP174 NP3-4,MNL045,LP174,NP3-4,MNL045 LP174,Radial Road 10,MANILA,3,1,BARANGAY 103,,,14.62137,120.961786,,,,,,,16,2022-01-27,OSP
MNL045 LP174 NP5-6,MNL045,LP174,NP5-6,MNL045 LP174,Radial Road 10,MANILA,3,1,BARANGAY 103,,,14.621407,120.96196,,,,,,,16,2022-01-27,OSP
MNL045 LP174 NP7-8,MNL045,LP174,NP7-8,MNL045 LP174,Radial Road 10,MANILA,3,1,BARANGAY 103,,,14.621407,120.96196,,,,,,,16,2022-01-27,OSP
MNL045 LP175 NP5-6,MNL045,LP175,NP5-6,MNL045 LP175,Radial Road 10,MANILA,3,1,BARANGAY 103,,,14.621229,120.962192,,,,,,,16,2022-01-27,OSP
MNL045 LP175 NP7-8,MNL045,LP175,NP7-8,MNL045 LP175,Radial Road 10,MANILA,3,1,BARANGAY 103,,,14.621229,120.962192,,,,,,,16,2022-01-27,OSP
MNL045 LP176 NP1-2,MNL045,LP176,NP1-2,MNL045 LP176,Radial Road 10,MANILA,3,1,BARANGAY 103,,,14.621432,120.962108,,,,,,,16,2022-01-27,OSP
MNL045 LP176 NP3-4,MNL045,LP176,NP3-4,MNL045 LP176,Radial Road 10,MANILA,3,1,BARANGAY 103,,,14.621432,120.962108,,,,,,,16,2022-01-27,OSP
MNL045 LP176 NP5-6,MNL045,LP176,NP5-6,MNL045 LP176,Radial Road 10,MANILA,3,1,BARANGAY 103,,,14.621245,120.96236,,,,,,,16,2022-01-27,OSP
MNL045 LP176 NP7-8,MNL045,LP176,NP7-8,MNL045 LP176,Radial Road 10,MANILA,3,1,BARANGAY 103,,,14.621245,120.96236,,,,,,,16,2022-01-27,OSP
MNL045 LP189 NP5-6,MNL045,LP189,NP5-6,MNL045 LP189,Radial Road 10,MANILA,3,1,BARANGAY 103,,,14.62114,120.963343,,,,,,,16,2022-01-27,OSP
MNL045 LP189 NP7-8,MNL045,LP189,NP7-8,MNL045 LP189,Radial Road 10,MANILA,3,1,BARANGAY 103,,,14.62114,120.963343,,,,,,,16,2022-01-27,OSP
MNL003 LP135 NP7-8,MNL003,LP135,NP7-8,MNL003 LP135,City Square,MANILA,3,1,BARANGAY 104,,,14.62046297,120.9629624,,,,,,,16,2018-11-29,OSP
MNL003 LP136 NP1-2,MNL003,LP136,NP1-2,MNL003 LP136,City Square,MANILA,3,1,BARANGAY 104,,,14.62082649,120.9629079,,,,,,,16,2018-11-29,OSP
MNL003 LP136 NP3-4,MNL003,LP136,NP3-4,MNL003 LP136,City Square,MANILA,3,1,BARANGAY 104,,,14.62101445,120.9626941,,,,,,,16,2018-11-29,OSP
MNL003 LP139 NP1-2,MNL003,LP139,NP1-2,MNL003 LP139,City Square,MANILA,3,1,BARANGAY 104,,,14.62093783,120.9615047,,,,,,,16,2018-12-11,OSP
MNL003 LP134 NP5-6,MNL003,LP134,NP5-6,MNL003 LP134,City Square,MANILA,3,1,BARANGAY 104,,,14.62137149,120.9637062,,,,,,,16,2018-11-29,OSP
MNL003 LP135 NP1-2,MNL003,LP135,NP1-2,MNL003 LP135,City Square,MANILA,3,1,BARANGAY 104,,,14.62051846,120.9639518,,,,,,,16,2018-11-29,OSP
MNL003 LP135 NP3-4,MNL003,LP135,NP3-4,MNL003 LP135,City Square,MANILA,3,1,BARANGAY 104,,,14.62048665,120.9635622,,,,,,,16,2018-11-29,OSP
MNL003 LP135 NP5-6,MNL003,LP135,NP5-6,MNL003 LP135,City Square,MANILA,3,1,BARANGAY 104,,,14.62047641,120.9632273,,,,,,,16,2018-11-29,OSP
MNL003 LP151 NP1-2,MNL003,LP151,NP1-2,MNL003 LP151,City Square,MANILA,3,1,BARANGAY 104,,,14.61971331,120.9629943,,,,,,,16,2018-12-11,OSP
MNL003 LP151 NP3-4,MNL003,LP151,NP3-4,MNL003 LP151,City Square,MANILA,3,1,BARANGAY 104,,,14.61981974,120.9623791,,,,,,,16,2018-12-11,OSP
MNL003 LP151 NP5-6,MNL003,LP151,NP5-6,MNL003 LP151,City Square,MANILA,3,1,BARANGAY 104,,,14.61994635,120.9617139,,,,,,,16,2018-12-11,OSP
MNL003 LP150 NP5-6,MNL003,LP150,NP5-6,MNL003 LP150,City Square,MANILA,3,1,BARANGAY 104,,,14.61978307,120.9637029,,,,,,,16,2018-11-29,OSP
MNL003 LP391 NP5-6,MNL003,LP391,NP5-6,MNL003 LP391,City Square,MANILA,3,1,BARANGAY 104,,,14.62073677,120.9621288,,,,,,,16,2019-06-16,OSP
MNL003 LP391 NP7-8,MNL003,LP391,NP7-8,MNL003 LP391,City Square,MANILA,3,1,BARANGAY 104,,,14.62040334,120.9615827,,,,,,,16,2019-06-16,OSP
MNL036 LP25 NP7-8,MNL036,LP25,NP7-8,MNL036 LP25,Juan Luna/ Solis,MANILA,3,1,BARANGAY 104,,,14.620885,120.963085,,,,,,,16,2020-07-30,OSP
MNL036 LP109 NP3-4,MNL036,LP109,NP3-4,MNL036 LP109,Juan Luna/ Solis,MANILA,3,1,BARANGAY 104,,,14.619911,120.964094,,,,,,,16,2020-11-29,OSP
MNL036 LP32 NP1-2,MNL036,LP32,NP1-2,MNL036 LP32,Juan Luna/ Solis,MANILA,3,1,BARANGAY 104,,,14.619853,120.962964,,,,,,,16,2020-07-30,OSP
MNL036 LP32 NP3-4,MNL036,LP32,NP3-4,MNL036 LP32,Juan Luna/ Solis,MANILA,3,1,BARANGAY 104,,,14.620146,120.963004,,,,,,,16,2020-07-30,OSP
MNL036 LP32 NP5-6,MNL036,LP32,NP5-6,MNL036 LP32,Juan Luna/ Solis,MANILA,3,1,BARANGAY 104,,,14.620427,120.961805,,,,,,,16,2020-07-30,OSP
MNL036 LP33 NP1-2,MNL036,LP33,NP1-2,MNL036 LP33,Juan Luna/ Solis,MANILA,3,1,BARANGAY 104,,,14.620799,120.961522,,,,,,,16,2020-07-30,OSP
MNL036 LP21 NP1-2,MNL036,LP21,NP1-2,MNL036 LP21,Juan Luna/ Solis,MANILA,3,1,BARANGAY 104,,,14.6199,120.964094,,,,,,,16,2020-07-30,OSP
MNL045 LP160 NP1-2,MNL045,LP160,NP1-2,MNL045 LP160,Radial Road 10,MANILA,3,1,BARANGAY 104,,,14.620238,120.96337,,,,,,,16,2022-01-27,OSP
MNL045 LP160 NP3-5,MNL045,LP160,NP3-5,MNL045 LP160,Radial Road 10,MANILA,3,1,BARANGAY 104,,,14.620238,120.96337,,,,,,,24,2022-01-27,OSP
MNL045 LP160 NP6-8,MNL045,LP160,NP6-8,MNL045 LP160,Radial Road 10,MANILA,3,1,BARANGAY 104,,,14.620299,120.963601,,,,,,,24,2022-01-27,OSP
MNL045 LP161 NP1-2,MNL045,LP161,NP1-2,MNL045 LP161,Radial Road 10,MANILA,3,1,BARANGAY 104,,,14.620203,120.962723,,,,,,,16,2022-01-27,OSP
MNL045 LP161 NP3-4,MNL045,LP161,NP3-4,MNL045 LP161,Radial Road 10,MANILA,3,1,BARANGAY 104,,,14.620203,120.962723,,,,,,,16,2022-01-27,OSP
MNL045 LP161 NP5-6,MNL045,LP161,NP5-6,MNL045 LP161,Radial Road 10,MANILA,3,1,BARANGAY 104,,,14.620236,120.962463,,,,,,,16,2022-01-27,OSP
MNL045 LP161 NP7-8,MNL045,LP161,NP7-8,MNL045 LP161,Radial Road 10,MANILA,3,1,BARANGAY 104,,,14.620236,120.962463,,,,,,,16,2022-01-27,OSP
MNL045 LP162 NP1-2,MNL045,LP162,NP1-2,MNL045 LP162,Radial Road 10,MANILA,3,1,BARANGAY 104,,,14.620458,120.962969,,,,,,,16,2022-01-27,OSP
MNL045 LP162 NP3-5,MNL045,LP162,NP3-5,MNL045 LP162,Radial Road 10,MANILA,3,1,BARANGAY 104,,,14.620483,120.96322,,,,,,,24,2022-01-27,OSP
MNL045 LP162 NP6-8,MNL045,LP162,NP6-8,MNL045 LP162,Radial Road 10,MANILA,3,1,BARANGAY 104,,,14.620483,120.96322,,,,,,,24,2022-01-27,OSP
MNL045 LP169 NP5-6,MNL045,LP169,NP5-6,MNL045 LP169,Radial Road 10,MANILA,3,1,BARANGAY 104,,,14.620637,120.96179,,,,,,,16,2022-01-27,OSP
MNL045 LP169 NP7-8,MNL045,LP169,NP7-8,MNL045 LP169,Radial Road 10,MANILA,3,1,BARANGAY 104,,,14.620637,120.96179,,,,,,,16,2022-01-27,OSP
MNL045 LP170 NP1-2,MNL045,LP170,NP1-2,MNL045 LP170,Radial Road 10,MANILA,3,1,BARANGAY 104,,,14.620785,120.961823,,,,,,,16,2022-01-27,OSP
MNL045 LP170 NP3-5,MNL045,LP170,NP3-5,MNL045 LP170,Radial Road 10,MANILA,3,1,BARANGAY 104,,,14.620785,120.961823,,,,,,,24,2022-01-27,OSP
MNL045 LP170 NP6-8,MNL045,LP170,NP6-8,MNL045 LP170,Radial Road 10,MANILA,3,1,BARANGAY 104,,,14.620826,120.961511,,,,,,,24,2022-01-27,OSP
MNL045 LP156 NP1-2,MNL045,LP156,NP1-2,MNL045 LP156,Radial Road 10,MANILA,3,1,BARANGAY 104,,,14.620432,120.961813,,,,,,,16,2022-01-27,OSP
MNL045 LP156 NP3-5,MNL045,LP156,NP3-5,MNL045 LP156,Radial Road 10,MANILA,3,1,BARANGAY 104,,,14.620431,120.962177,,,,,,,24,2022-01-27,OSP
MNL045 LP156 NP6-8,MNL045,LP156,NP6-8,MNL045 LP156,Radial Road 10,MANILA,3,1,BARANGAY 104,,,14.620431,120.962177,,,,,,,24,2022-01-27,OSP
MNL045 LP157 NP1-2,MNL045,LP157,NP1-2,MNL045 LP157,Radial Road 10,MANILA,3,1,BARANGAY 104,,,14.620429,120.962505,,,,,,,16,2022-01-27,OSP
MNL045 LP157 NP3-5,MNL045,LP157,NP3-5,MNL045 LP157,Radial Road 10,MANILA,3,1,BARANGAY 104,,,14.620442,120.962891,,,,,,,24,2022-01-27,OSP
MNL045 LP157 NP6-8,MNL045,LP157,NP6-8,MNL045 LP157,Radial Road 10,MANILA,3,1,BARANGAY 104,,,14.620458,120.962969,,,,,,,24,2022-01-27,OSP
MNL045 LP158 NP1-2,MNL045,LP158,NP1-2,MNL045 LP158,Radial Road 10,MANILA,3,1,BARANGAY 104,,,14.619985,120.963017,,,,,,,16,2022-01-27,OSP
MNL045 LP158 NP3-5,MNL045,LP158,NP3-5,MNL045 LP158,Radial Road 10,MANILA,3,1,BARANGAY 104,,,14.619985,120.963017,,,,,,,24,2022-01-27,OSP
MNL045 LP158 NP6-8,MNL045,LP158,NP6-8,MNL045 LP158,Radial Road 10,MANILA,3,1,BARANGAY 104,,,14.620146,120.963,,,,,,,24,2022-01-27,OSP
MNL045 LP159 NP1-2,MNL045,LP159,NP1-2,MNL045 LP159,Radial Road 10,MANILA,3,1,BARANGAY 104,,,14.620146,120.963,,,,,,,16,2022-01-27,OSP
MNL045 LP159 NP3-5,MNL045,LP159,NP3-5,MNL045 LP159,Radial Road 10,MANILA,3,1,BARANGAY 104,,,14.620196,120.963201,,,,,,,24,2022-01-27,OSP
MNL045 LP159 NP6-8,MNL045,LP159,NP6-8,MNL045 LP159,Radial Road 10,MANILA,3,1,BARANGAY 104,,,14.620196,120.963201,,,,,,,24,2022-01-27,OSP
MNL045 LP190 NP1-2,MNL045,LP190,NP1-2,MNL045 LP190,Radial Road 10,MANILA,3,1,BARANGAY 104,,,14.621383,120.9637,,,,,,,16,2022-01-27,OSP
MNL045 LP190 NP3-4,MNL045,LP190,NP3-4,MNL045 LP190,Radial Road 10,MANILA,3,1,BARANGAY 104,,,14.621383,120.9637,,,,,,,16,2022-01-27,OSP
MNL045 LP177 NP3-4,MNL045,LP177,NP3-4,MNL045 LP177,Radial Road 10,MANILA,3,1,BARANGAY 104,,,14.621024,120.962374,,,,,,,16,2022-01-27,OSP
MNL045 LP177 NP5-6,MNL045,LP177,NP5-6,MNL045 LP177,Radial Road 10,MANILA,3,1,BARANGAY 104,,,14.62103,120.96254,,,,,,,16,2022-01-27,OSP
MNL045 LP177 NP7-8,MNL045,LP177,NP7-8,MNL045 LP177,Radial Road 10,MANILA,3,1,BARANGAY 104,,,14.62103,120.96254,,,,,,,16,2022-01-27,OSP
MNL045 LP150 NP3-5,MNL045,LP150,NP3-5,MNL045 LP150,Radial Road 10,MANILA,3,1,BARANGAY 104,,,14.619906,120.964096,,,,,,,24,2022-01-27,OSP
MNL045 LP152 NP1-2,MNL045,LP152,NP1-2,MNL045 LP152,Radial Road 10,MANILA,3,1,BARANGAY 104,,,14.619724,120.962961,,,,,,,16,2022-01-27,OSP
MNL045 LP152 NP3-5,MNL045,LP152,NP3-5,MNL045 LP152,Radial Road 10,MANILA,3,1,BARANGAY 104,,,14.619849,120.962961,,,,,,,24,2022-01-27,OSP
MNL045 LP152 NP6-8,MNL045,LP152,NP6-8,MNL045 LP152,Radial Road 10,MANILA,3,1,BARANGAY 104,,,14.6199,120.962681,,,,,,,24,2022-01-27,OSP
MNL045 LP153 NP1-2,MNL045,LP153,NP1-2,MNL045 LP153,Radial Road 10,MANILA,3,1,BARANGAY 104,,,14.6199,120.962681,,,,,,,16,2022-01-27,OSP
MNL045 LP153 NP3-5,MNL045,LP153,NP3-5,MNL045 LP153,Radial Road 10,MANILA,3,1,BARANGAY 104,,,14.619944,120.962452,,,,,,,24,2022-01-27,OSP
MNL045 LP153 NP6-8,MNL045,LP153,NP6-8,MNL045 LP153,Radial Road 10,MANILA,3,1,BARANGAY 104,,,14.619944,120.962452,,,,,,,24,2022-01-27,OSP
MNL045 LP154 NP1-2,MNL045,LP154,NP1-2,MNL045 LP154,Radial Road 10,MANILA,3,1,BARANGAY 104,,,14.620049,120.961961,,,,,,,16,2022-01-27,OSP
MNL045 LP154 NP3-5,MNL045,LP154,NP3-5,MNL045 LP154,Radial Road 10,MANILA,3,1,BARANGAY 104,,,14.620049,120.961961,,,,,,,24,2022-01-27,OSP
MNL045 LP154 NP6-8,MNL045,LP154,NP6-8,MNL045 LP154,Radial Road 10,MANILA,3,1,BARANGAY 104,,,14.62043,120.961573,,,,,,,24,2022-01-27,OSP
MNL045 LP166 NP3-5,MNL045,LP166,NP3-5,MNL045 LP166,Radial Road 10,MANILA,3,1,BARANGAY 104,,,14.620986,120.963532,,,,,,,24,2022-01-27,OSP
MNL045 LP166 NP6-8,MNL045,LP166,NP6-8,MNL045 LP166,Radial Road 10,MANILA,3,1,BARANGAY 104,,,14.620963,120.963405,,,,,,,24,2022-01-27,OSP
MNL045 LP167 NP1-2,MNL045,LP167,NP1-2,MNL045 LP167,Radial Road 10,MANILA,3,1,BARANGAY 104,,,14.620963,120.963405,,,,,,,16,2022-01-27,OSP
MNL045 LP167 NP3-5,MNL045,LP167,NP3-5,MNL045 LP167,Radial Road 10,MANILA,3,1,BARANGAY 104,,,14.620878,120.963093,,,,,,,24,2022-01-27,OSP
MNL045 LP167 NP6-8,MNL045,LP167,NP6-8,MNL045 LP167,Radial Road 10,MANILA,3,1,BARANGAY 104,,,14.620878,120.963093,,,,,,,24,2022-01-27,OSP
MNL045 LP168 NP1-2,MNL045,LP168,NP1-2,MNL045 LP168,Radial Road 10,MANILA,3,1,BARANGAY 104,,,14.620831,120.962898,,,,,,,16,2022-01-27,OSP
MNL045 LP168 NP3-5,MNL045,LP168,NP3-5,MNL045 LP168,Radial Road 10,MANILA,3,1,BARANGAY 104,,,14.620831,120.962898,,,,,,,24,2022-01-27,OSP
MNL045 LP168 NP6-8,MNL045,LP168,NP6-8,MNL045 LP168,Radial Road 10,MANILA,3,1,BARANGAY 104,,,14.620762,120.962628,,,,,,,24,2022-01-27,OSP
MNL045 LP169 NP1-2,MNL045,LP169,NP1-2,MNL045 LP169,Radial Road 10,MANILA,3,1,BARANGAY 104,,,14.620761,120.962348,,,,,,,16,2022-01-27,OSP
MNL045 LP169 NP3-4,MNL045,LP169,NP3-4,MNL045 LP169,Radial Road 10,MANILA,3,1,BARANGAY 104,,,14.620761,120.962348,,,,,,,16,2022-01-27,OSP
MNL045 LP173 NP1-2,MNL045,LP173,NP1-2,MNL045 LP173,Radial Road 10,MANILA,3,1,BARANGAY 104,,,14.620968,120.961637,,,,,,,16,2022-01-27,OSP
MNL045 LP173 NP3-4,MNL045,LP173,NP3-4,MNL045 LP173,Radial Road 10,MANILA,3,1,BARANGAY 104,,,14.620997,120.961831,,,,,,,16,2022-01-27,OSP
MNL045 LP175 NP1-2,MNL045,LP175,NP1-2,MNL045 LP175,Radial Road 10,MANILA,3,1,BARANGAY 104,,,14.621004,120.962082,,,,,,,16,2022-01-27,OSP
MNL045 LP175 NP3-4,MNL045,LP175,NP3-4,MNL045 LP175,Radial Road 10,MANILA,3,1,BARANGAY 104,,,14.621004,120.962082,,,,,,,16,2022-01-27,OSP
MNL045 LP177 NP1-2,MNL045,LP177,NP1-2,MNL045 LP177,Radial Road 10,MANILA,3,1,BARANGAY 104,,,14.621024,120.962374,,,,,,,16,2022-01-27,OSP
MNL045 LP316 NP1-2,MNL045,LP316,NP1-2,MNL045 LP316,Radial Road 10,MANILA,3,1,BARANGAY 104,,,14.619906,120.964096,,,,,,,16,2021-10-25,OSP
MNL003 LP139 NP3-4,MNL003,LP139,NP3-4,MNL003 LP139,City Square,MANILA,3,1,BARANGAY 105,,,14.62084761,120.9610226,,,,,,,16,2018-12-11,OSP
MNL003 LP139 NP5-6,MNL003,LP139,NP5-6,MNL003 LP139,City Square,MANILA,3,1,BARANGAY 105,,,14.62089045,120.9607271,,,,,,,16,2018-12-11,OSP
MNL003 LP139 NP7-8,MNL003,LP139,NP7-8,MNL003 LP139,City Square,MANILA,3,1,BARANGAY 105,,,14.62143682,120.9607331,,,,,,,16,2018-12-11,OSP
MNL003 LP151 NP7-8,MNL003,LP151,NP7-8,MNL003 LP151,City Square,MANILA,3,1,BARANGAY 105,,,14.62006744,120.9611204,,,,,,,16,2018-12-11,OSP
MNL003 LP152 NP5-6,MNL003,LP152,NP5-6,MNL003 LP152,City Square,MANILA,3,1,BARANGAY 105,,,14.62070878,120.9600055,,,,,,,16,2018-12-11,OSP
MNL003 LP152 NP7-8,MNL003,LP152,NP7-8,MNL003 LP152,City Square,MANILA,3,1,BARANGAY 105,,,14.62061779,120.9596467,,,,,,,16,2018-12-11,OSP
MNL003 LP153 NP1-2,MNL003,LP153,NP1-2,MNL003 LP153,City Square,MANILA,3,1,BARANGAY 105,,,14.62070295,120.9590544,,,,,,,16,2018-12-11,OSP
MNL003 LP153 NP3-4,MNL003,LP153,NP3-4,MNL003 LP153,City Square,MANILA,3,1,BARANGAY 105,,,14.62074084,120.9586775,,,,,,,16,2018-12-11,OSP
MNL003 LP153 NP5-6,MNL003,LP153,NP5-6,MNL003 LP153,City Square,MANILA,3,1,BARANGAY 105,,,14.62076197,120.9583847,,,,,,,16,2018-12-11,OSP
MNL003 LP153 NP7-8,MNL003,LP153,NP7-8,MNL003 LP153,City Square,MANILA,3,1,BARANGAY 105,,,14.62069955,120.9581901,,,,,,,16,2018-12-11,OSP
MNL003 LP154 NP1-2,MNL003,LP154,NP1-2,MNL003 LP154,City Square,MANILA,3,1,BARANGAY 105,,,14.62121331,120.9600315,,,,,,,16,2018-12-11,OSP
MNL003 LP154 NP3-4,MNL003,LP154,NP3-4,MNL003 LP154,City Square,MANILA,3,1,BARANGAY 105,,,14.6217695,120.9600488,,,,,,,16,2018-12-11,OSP
MNL003 LP154 NP5-6,MNL003,LP154,NP5-6,MNL003 LP154,City Square,MANILA,3,1,BARANGAY 105,,,14.62207014,120.9600532,,,,,,,16,2018-12-11,OSP
MNL036 LP35 NP1-2,MNL036,LP35,NP1-2,MNL036 LP35,Juan Luna/ Solis,MANILA,3,1,BARANGAY 105,,,14.620884,120.960717,,,,,,,16,2020-07-30,OSP
MNL036 LP35 NP3-4,MNL036,LP35,NP3-4,MNL036 LP35,Juan Luna/ Solis,MANILA,3,1,BARANGAY 105,,,14.621215,120.960719,,,,,,,16,2020-07-30,OSP
MNL036 LP35 NP5-6,MNL036,LP35,NP5-6,MNL036 LP35,Juan Luna/ Solis,MANILA,3,1,BARANGAY 105,,,14.621637,120.960739,,,,,,,16,2020-07-30,OSP
MNL036 LP32 NP7-8,MNL036,LP32,NP7-8,MNL036 LP32,Juan Luna/ Solis,MANILA,3,1,BARANGAY 105,,,14.620141,120.961577,,,,,,,16,2020-07-30,OSP
MNL045 LP198 NP1-2,MNL045,LP198,NP1-2,MNL045 LP198,Radial Road 10,MANILA,3,1,BARANGAY 105,,,14.62403,120.959874,,,,,,,16,2022-01-27,OSP
MNL045 LP198 NP3-4,MNL045,LP198,NP3-4,MNL045 LP198,Radial Road 10,MANILA,3,1,BARANGAY 105,,,14.62403,120.959874,,,,,,,16,2022-01-27,OSP
MNL045 LP198 NP5-6,MNL045,LP198,NP5-6,MNL045 LP198,Radial Road 10,MANILA,3,1,BARANGAY 105,,,14.624365,120.959893,,,,,,,16,2022-01-27,OSP
MNL045 LP198 NP7-8,MNL045,LP198,NP7-8,MNL045 LP198,Radial Road 10,MANILA,3,1,BARANGAY 105,,,14.624365,120.959893,,,,,,,16,2022-01-27,OSP
MNL045 LP199 NP1-2,MNL045,LP199,NP1-2,MNL045 LP199,Radial Road 10,MANILA,3,1,BARANGAY 105,,,14.621134,120.961006,,,,,,,16,2022-01-27,OSP
MNL045 LP199 NP3-4,MNL045,LP199,NP3-4,MNL045 LP199,Radial Road 10,MANILA,3,1,BARANGAY 105,,,14.621134,120.961006,,,,,,,16,2022-01-27,OSP
MNL045 LP199 NP5-6,MNL045,LP199,NP5-6,MNL045 LP199,Radial Road 10,MANILA,3,1,BARANGAY 105,,,14.621222,120.960709,,,,,,,16,2022-01-27,OSP
MNL045 LP199 NP7-8,MNL045,LP199,NP7-8,MNL045 LP199,Radial Road 10,MANILA,3,1,BARANGAY 105,,,14.621222,120.960709,,,,,,,16,2022-01-27,OSP
MNL045 LP200 NP1-2,MNL045,LP200,NP1-2,MNL045 LP200,Radial Road 10,MANILA,3,1,BARANGAY 105,,,14.621489,120.960727,,,,,,,16,2022-01-27,OSP
MNL045 LP216 NP3-4,MNL045,LP216,NP3-4,MNL045 LP216,Radial Road 10,MANILA,3,1,BARANGAY 105,,,14.62374,120.959597,,,,,,,16,2022-01-27,OSP
MNL045 LP216 NP5-6,MNL045,LP216,NP5-6,MNL045 LP216,Radial Road 10,MANILA,3,1,BARANGAY 105,,,14.623761,120.959253,,,,,,,16,2022-01-27,OSP
MNL045 LP216 NP7-8,MNL045,LP216,NP7-8,MNL045 LP216,Radial Road 10,MANILA,3,1,BARANGAY 105,,,14.623761,120.959253,,,,,,,16,2022-01-27,OSP
MNL045 LP200 NP3-4,MNL045,LP200,NP3-4,MNL045 LP200,Radial Road 10,MANILA,3,1,BARANGAY 105,,,14.621489,120.960727,,,,,,,16,2022-01-27,OSP
MNL045 LP200 NP5-6,MNL045,LP200,NP5-6,MNL045 LP200,Radial Road 10,MANILA,3,1,BARANGAY 105,,,14.621437,120.961019,,,,,,,16,2022-01-27,OSP
MNL045 LP200 NP7-8,MNL045,LP200,NP7-8,MNL045 LP200,Radial Road 10,MANILA,3,1,BARANGAY 105,,,14.621437,120.961019,,,,,,,16,2022-01-27,OSP
MNL045 LP201 NP1-2,MNL045,LP201,NP1-2,MNL045 LP201,Radial Road 10,MANILA,3,1,BARANGAY 105,,,14.621634,120.960739,,,,,,,16,2022-01-27,OSP
MNL045 LP201 NP3-4,MNL045,LP201,NP3-4,MNL045 LP201,Radial Road 10,MANILA,3,1,BARANGAY 105,,,14.621634,120.960739,,,,,,,16,2022-01-27,OSP
MNL045 LP201 NP5-6,MNL045,LP201,NP5-6,MNL045 LP201,Radial Road 10,MANILA,3,1,BARANGAY 105,,,14.621827,120.960765,,,,,,,16,2022-01-27,OSP
MNL045 LP201 NP7-8,MNL045,LP201,NP7-8,MNL045 LP201,Radial Road 10,MANILA,3,1,BARANGAY 105,,,14.621827,120.960765,,,,,,,16,2022-01-27,OSP
MNL045 LP202 NP1-2,MNL045,LP202,NP1-2,MNL045 LP202,Radial Road 10,MANILA,3,1,BARANGAY 105,,,14.621791,120.961019,,,,,,,16,2022-01-27,OSP
MNL045 LP202 NP3-4,MNL045,LP202,NP3-4,MNL045 LP202,Radial Road 10,MANILA,3,1,BARANGAY 105,,,14.621791,120.961019,,,,,,,16,2022-01-27,OSP
MNL045 LP212 NP1-2,MNL045,LP212,NP1-2,MNL045 LP212,Radial Road 10,MANILA,3,1,BARANGAY 105,,,14.621881,120.958761,,,,,,,16,2022-01-27,OSP
MNL045 LP212 NP3-4,MNL045,LP212,NP3-4,MNL045 LP212,Radial Road 10,MANILA,3,1,BARANGAY 105,,,14.621881,120.958761,,,,,,,16,2022-01-27,OSP
MNL045 LP212 NP5-6,MNL045,LP212,NP5-6,MNL045 LP212,Radial Road 10,MANILA,3,1,BARANGAY 105,,,14.621882,120.958317,,,,,,,16,2022-01-27,OSP
MNL045 LP212 NP7-8,MNL045,LP212,NP7-8,MNL045 LP212,Radial Road 10,MANILA,3,1,BARANGAY 105,,,14.621882,120.958317,,,,,,,16,2022-01-27,OSP
MNL045 LP213 NP1-2,MNL045,LP213,NP1-2,MNL045 LP213,Radial Road 10,MANILA,3,1,BARANGAY 105,,,14.621877,120.958558,,,,,,,16,2022-01-27,OSP
MNL045 LP213 NP3-4,MNL045,LP213,NP3-4,MNL045 LP213,Radial Road 10,MANILA,3,1,BARANGAY 105,,,14.621877,120.958558,,,,,,,16,2022-01-27,OSP
MNL045 LP213 NP5-6,MNL045,LP213,NP5-6,MNL045 LP213,Radial Road 10,MANILA,3,1,BARANGAY 105,,,14.621647,120.958545,,,,,,,16,2022-01-27,OSP
MNL045 LP213 NP7-8,MNL045,LP213,NP7-8,MNL045 LP213,Radial Road 10,MANILA,3,1,BARANGAY 105,,,14.621647,120.958545,,,,,,,16,2022-01-27,OSP
MNL045 LP214 NP1-2,MNL045,LP214,NP1-2,MNL045 LP214,Radial Road 10,MANILA,3,1,BARANGAY 105,,,14.621463,120.958628,,,,,,,16,2022-01-27,OSP
MNL045 LP214 NP3-4,MNL045,LP214,NP3-4,MNL045 LP214,Radial Road 10,MANILA,3,1,BARANGAY 105,,,14.621463,120.958628,,,,,,,16,2022-01-27,OSP
MNL045 LP214 NP5-6,MNL045,LP214,NP5-6,MNL045 LP214,Radial Road 10,MANILA,3,1,BARANGAY 105,,,14.62138,120.958525,,,,,,,16,2022-01-27,OSP
MNL045 LP214 NP7-8,MNL045,LP214,NP7-8,MNL045 LP214,Radial Road 10,MANILA,3,1,BARANGAY 105,,,14.62138,120.958525,,,,,,,16,2022-01-27,OSP
MNL045 LP215 NP1-2,MNL045,LP215,NP1-2,MNL045 LP215,Radial Road 10,MANILA,3,1,BARANGAY 105,,,14.622807,120.959447,,,,,,,16,2022-01-27,OSP
MNL045 LP215 NP3-4,MNL045,LP215,NP3-4,MNL045 LP215,Radial Road 10,MANILA,3,1,BARANGAY 105,,,14.622807,120.959447,,,,,,,16,2022-01-27,OSP
MNL045 LP215 NP5-6,MNL045,LP215,NP5-6,MNL045 LP215,Radial Road 10,MANILA,3,1,BARANGAY 105,,,14.622925,120.95915,,,,,,,16,2022-01-27,OSP
MNL045 LP215 NP7-8,MNL045,LP215,NP7-8,MNL045 LP215,Radial Road 10,MANILA,3,1,BARANGAY 105,,,14.622925,120.95915,,,,,,,16,2022-01-27,OSP
MNL045 LP216 NP1-2,MNL045,LP216,NP1-2,MNL045 LP216,Radial Road 10,MANILA,3,1,BARANGAY 105,,,14.62374,120.959597,,,,,,,16,2022-01-27,OSP
MNL045 LP171 NP1-2,MNL045,LP171,NP1-2,MNL045 LP171,Radial Road 10,MANILA,3,1,BARANGAY 105,,,14.621082,120.961352,,,,,,,16,2022-01-27,OSP
MNL045 LP171 NP3-4,MNL045,LP171,NP3-4,MNL045 LP171,Radial Road 10,MANILA,3,1,BARANGAY 105,,,14.621082,120.961352,,,,,,,16,2022-01-27,OSP
MNL045 LP171 NP5-6,MNL045,LP171,NP5-6,MNL045 LP171,Radial Road 10,MANILA,3,1,BARANGAY 105,,,14.621291,120.961331,,,,,,,16,2022-01-27,OSP
MNL045 LP171 NP7-8,MNL045,LP171,NP7-8,MNL045 LP171,Radial Road 10,MANILA,3,1,BARANGAY 105,,,14.621291,120.961331,,,,,,,16,2022-01-27,OSP
MNL045 LP155 NP1-2,MNL045,LP155,NP1-2,MNL045 LP155,Radial Road 10,MANILA,3,1,BARANGAY 105,,,14.620138,120.961582,,,,,,,16,2022-01-27,OSP
MNL045 LP155 NP3-4,MNL045,LP155,NP3-4,MNL045 LP155,Radial Road 10,MANILA,3,1,BARANGAY 105,,,14.620268,120.960962,,,,,,,16,2022-01-27,OSP
MNL045 LP155 NP5-6,MNL045,LP155,NP5-6,MNL045 LP155,Radial Road 10,MANILA,3,1,BARANGAY 105,,,14.620268,120.960962,,,,,,,16,2022-01-27,OSP
MNL045 LP155 NP7-8,MNL045,LP155,NP7-8,MNL045 LP155,Radial Road 10,MANILA,3,1,BARANGAY 105,,,14.620395,120.960456,,,,,,,16,2022-01-27,OSP
MNL045 LP191 NP1-2,MNL045,LP191,NP1-2,MNL045 LP191,Radial Road 10,MANILA,3,1,BARANGAY 105,,,14.62086,120.961404,,,,,,,16,2022-01-27,OSP
MNL045 LP191 NP3-4,MNL045,LP191,NP3-4,MNL045 LP191,Radial Road 10,MANILA,3,1,BARANGAY 105,,,14.62086,120.961404,,,,,,,16,2022-01-27,OSP
MNL045 LP191 NP5-6,MNL045,LP191,NP5-6,MNL045 LP191,Radial Road 10,MANILA,3,1,BARANGAY 105,,,14.62085,120.961026,,,,,,,16,2022-01-27,OSP
MNL045 LP191 NP7-8,MNL045,LP191,NP7-8,MNL045 LP191,Radial Road 10,MANILA,3,1,BARANGAY 105,,,14.62085,120.961026,,,,,,,16,2022-01-27,OSP
MNL045 LP192 NP1-2,MNL045,LP192,NP1-2,MNL045 LP192,Radial Road 10,MANILA,3,1,BARANGAY 105,,,14.620849,120.96073,,,,,,,16,2022-01-27,OSP
MNL045 LP192 NP3-4,MNL045,LP192,NP3-4,MNL045 LP192,Radial Road 10,MANILA,3,1,BARANGAY 105,,,14.620849,120.96073,,,,,,,16,2022-01-27,OSP
MNL045 LP192 NP5-6,MNL045,LP192,NP5-6,MNL045 LP192,Radial Road 10,MANILA,3,1,BARANGAY 105,,,14.620842,120.96057,,,,,,,16,2022-01-27,OSP
MNL045 LP192 NP7-8,MNL045,LP192,NP7-8,MNL045 LP192,Radial Road 10,MANILA,3,1,BARANGAY 105,,,14.620842,120.96057,,,,,,,16,2022-01-27,OSP
MNL045 LP193 NP1-2,MNL045,LP193,NP1-2,MNL045 LP193,Radial Road 10,MANILA,3,1,BARANGAY 105,,,14.620838,120.960166,,,,,,,16,2022-01-27,OSP
MNL045 LP193 NP3-4,MNL045,LP193,NP3-4,MNL045 LP193,Radial Road 10,MANILA,3,1,BARANGAY 105,,,14.620838,120.960166,,,,,,,16,2022-01-27,OSP
MNL045 LP193 NP5-6,MNL045,LP193,NP5-6,MNL045 LP193,Radial Road 10,MANILA,3,1,BARANGAY 105,,,14.620592,120.960008,,,,,,,16,2022-01-27,OSP
MNL045 LP206 NP1-2,MNL045,LP206,NP1-2,MNL045 LP206,Radial Road 10,MANILA,3,1,BARANGAY 105,,,14.621708,120.960239,,,,,,,16,2022-01-27,OSP
MNL045 LP206 NP3-4,MNL045,LP206,NP3-4,MNL045 LP206,Radial Road 10,MANILA,3,1,BARANGAY 105,,,14.621708,120.960239,,,,,,,16,2022-01-27,OSP
MNL045 LP206 NP5-6,MNL045,LP206,NP5-6,MNL045 LP206,Radial Road 10,MANILA,3,1,BARANGAY 105,,,14.621223,120.960195,,,,,,,16,2022-01-27,OSP
MNL045 LP206 NP7-8,MNL045,LP206,NP7-8,MNL045 LP206,Radial Road 10,MANILA,3,1,BARANGAY 105,,,14.621223,120.960195,,,,,,,16,2022-01-27,OSP
MNL045 LP207 NP1-2,MNL045,LP207,NP1-2,MNL045 LP207,Radial Road 10,MANILA,3,1,BARANGAY 105,,,14.621714,120.960364,,,,,,,16,2022-01-27,OSP
MNL045 LP207 NP3-4,MNL045,LP207,NP3-4,MNL045 LP207,Radial Road 10,MANILA,3,1,BARANGAY 105,,,14.621714,120.960364,,,,,,,16,2022-01-27,OSP
MNL045 LP207 NP5-6,MNL045,LP207,NP5-6,MNL045 LP207,Radial Road 10,MANILA,3,1,BARANGAY 105,,,14.621679,120.96053,,,,,,,16,2022-01-27,OSP
MNL045 LP207 NP7-8,MNL045,LP207,NP7-8,MNL045 LP207,Radial Road 10,MANILA,3,1,BARANGAY 105,,,14.621679,120.96053,,,,,,,16,2022-01-27,OSP
MNL045 LP208 NP1-2,MNL045,LP208,NP1-2,MNL045 LP208,Radial Road 10,MANILA,3,1,BARANGAY 105,,,14.62153,120.960484,,,,,,,16,2022-01-27,OSP
MNL045 LP208 NP3-4,MNL045,LP208,NP3-4,MNL045 LP208,Radial Road 10,MANILA,3,1,BARANGAY 105,,,14.62153,120.960484,,,,,,,16,2022-01-27,OSP
MNL045 LP208 NP5-6,MNL045,LP208,NP5-6,MNL045 LP208,Radial Road 10,MANILA,3,1,BARANGAY 105,,,14.621312,120.960451,,,,,,,16,2022-01-27,OSP
MNL045 LP208 NP7-8,MNL045,LP208,NP7-8,MNL045 LP208,Radial Road 10,MANILA,3,1,BARANGAY 105,,,14.621312,120.960451,,,,,,,16,2022-01-27,OSP
MNL045 LP209 NP1-2,MNL045,LP209,NP1-2,MNL045 LP209,Radial Road 10,MANILA,3,1,BARANGAY 105,,,14.620713,120.959014,,,,,,,16,2022-01-27,OSP
MNL045 LP209 NP3-4,MNL045,LP209,NP3-4,MNL045 LP209,Radial Road 10,MANILA,3,1,BARANGAY 105,,,14.620713,120.959014,,,,,,,16,2022-01-27,OSP
MNL045 LP209 NP5-6,MNL045,LP209,NP5-6,MNL045 LP209,Radial Road 10,MANILA,3,1,BARANGAY 105,,,14.620746,120.958696,,,,,,,16,2022-01-27,OSP
MNL045 LP209 NP7-8,MNL045,LP209,NP7-8,MNL045 LP209,Radial Road 10,MANILA,3,1,BARANGAY 105,,,14.620746,120.958696,,,,,,,16,2022-01-27,OSP
MNL045 LP210 NP1-2,MNL045,LP210,NP1-2,MNL045 LP210,Radial Road 10,MANILA,3,1,BARANGAY 105,,,14.621793,120.959462,,,,,,,16,2022-01-27,OSP
MNL045 LP210 NP3-4,MNL045,LP210,NP3-4,MNL045 LP210,Radial Road 10,MANILA,3,1,BARANGAY 105,,,14.621793,120.959462,,,,,,,16,2022-01-27,OSP
MNL045 LP210 NP5-6,MNL045,LP210,NP5-6,MNL045 LP210,Radial Road 10,MANILA,3,1,BARANGAY 105,,,14.621803,120.95928,,,,,,,16,2022-01-27,OSP
MNL045 LP210 NP7-8,MNL045,LP210,NP7-8,MNL045 LP210,Radial Road 10,MANILA,3,1,BARANGAY 105,,,14.621803,120.95928,,,,,,,16,2022-01-27,OSP
MNL045 LP211 NP1-2,MNL045,LP211,NP1-2,MNL045 LP211,Radial Road 10,MANILA,3,1,BARANGAY 105,,,14.621811,120.959079,,,,,,,16,2022-01-27,OSP
MNL045 LP211 NP3-4,MNL045,LP211,NP3-4,MNL045 LP211,Radial Road 10,MANILA,3,1,BARANGAY 105,,,14.621811,120.959079,,,,,,,16,2022-01-27,OSP
MNL045 LP211 NP5-6,MNL045,LP211,NP5-6,MNL045 LP211,Radial Road 10,MANILA,3,1,BARANGAY 105,,,14.62182,120.958904,,,,,,,16,2022-01-27,OSP
MNL045 LP211 NP7-8,MNL045,LP211,NP7-8,MNL045 LP211,Radial Road 10,MANILA,3,1,BARANGAY 105,,,14.62182,120.958904,,,,,,,16,2022-01-27,OSP
MNL045 LP193 NP7-8,MNL045,LP193,NP7-8,MNL045 LP193,Radial Road 10,MANILA,3,1,BARANGAY 105,,,14.620592,120.960008,,,,,,,16,2022-01-27,OSP
MNL045 LP194 NP1-2,MNL045,LP194,NP1-2,MNL045 LP194,Radial Road 10,MANILA,3,1,BARANGAY 105,,,14.620623,120.959612,,,,,,,16,2022-01-27,OSP
MNL045 LP194 NP3-4,MNL045,LP194,NP3-4,MNL045 LP194,Radial Road 10,MANILA,3,1,BARANGAY 105,,,14.620623,120.959612,,,,,,,16,2022-01-27,OSP
MNL045 LP194 NP5-6,MNL045,LP194,NP5-6,MNL045 LP194,Radial Road 10,MANILA,3,1,BARANGAY 105,,,14.621111,120.959617,,,,,,,16,2022-01-27,OSP
MNL045 LP194 NP7-8,MNL045,LP194,NP7-8,MNL045 LP194,Radial Road 10,MANILA,3,1,BARANGAY 105,,,14.621111,120.959617,,,,,,,16,2022-01-27,OSP
MNL045 LP195 NP1-2,MNL045,LP195,NP1-2,MNL045 LP195,Radial Road 10,MANILA,3,1,BARANGAY 105,,,14.621546,120.959642,,,,,,,16,2022-01-27,OSP
MNL045 LP195 NP3-4,MNL045,LP195,NP3-4,MNL045 LP195,Radial Road 10,MANILA,3,1,BARANGAY 105,,,14.621546,120.959642,,,,,,,16,2022-01-27,OSP
MNL045 LP195 NP5-6,MNL045,LP195,NP5-6,MNL045 LP195,Radial Road 10,MANILA,3,1,BARANGAY 105,,,14.621841,120.959676,,,,,,,16,2022-01-27,OSP
MNL045 LP195 NP7-8,MNL045,LP195,NP7-8,MNL045 LP195,Radial Road 10,MANILA,3,1,BARANGAY 105,,,14.621841,120.959676,,,,,,,16,2022-01-27,OSP
MNL045 LP196 NP1-2,MNL045,LP196,NP1-2,MNL045 LP196,Radial Road 10,MANILA,3,1,BARANGAY 105,,,14.622076,120.959704,,,,,,,16,2022-01-27,OSP
MNL045 LP196 NP3-4,MNL045,LP196,NP3-4,MNL045 LP196,Radial Road 10,MANILA,3,1,BARANGAY 105,,,14.622076,120.959704,,,,,,,16,2022-01-27,OSP
MNL045 LP196 NP5-6,MNL045,LP196,NP5-6,MNL045 LP196,Radial Road 10,MANILA,3,1,BARANGAY 105,,,14.622783,120.959783,,,,,,,16,2022-01-27,OSP
MNL045 LP196 NP7-8,MNL045,LP196,NP7-8,MNL045 LP196,Radial Road 10,MANILA,3,1,BARANGAY 105,,,14.622783,120.959783,,,,,,,16,2022-01-27,OSP
MNL045 LP197 NP1-2,MNL045,LP197,NP1-2,MNL045 LP197,Radial Road 10,MANILA,3,1,BARANGAY 105,,,14.623263,120.959783,,,,,,,16,2022-01-27,OSP
MNL045 LP197 NP3-4,MNL045,LP197,NP3-4,MNL045 LP197,Radial Road 10,MANILA,3,1,BARANGAY 105,,,14.623263,120.959783,,,,,,,16,2022-01-27,OSP
MNL045 LP197 NP5-6,MNL045,LP197,NP5-6,MNL045 LP197,Radial Road 10,MANILA,3,1,BARANGAY 105,,,14.623696,120.959851,,,,,,,16,2022-01-27,OSP
MNL045 LP197 NP7-8,MNL045,LP197,NP7-8,MNL045 LP197,Radial Road 10,MANILA,3,1,BARANGAY 105,,,14.623696,120.959851,,,,,,,16,2022-01-27,OSP
MNL045 LP301 NP1-2,MNL045,LP301,NP1-2,MNL045 LP301,Radial Road 10,MANILA,3,1,BARANGAY 105,,,14.620192,120.960369,,,,,,,16,2021-10-25,OSP
MNL045 LP301 NP3-5,MNL045,LP301,NP3-5,MNL045 LP301,Radial Road 10,MANILA,3,1,BARANGAY 105,,,14.620192,120.960369,,,,,,,24,2021-10-25,OSP
MNL045 LP301 NP6-8,MNL045,LP301,NP6-8,MNL045 LP301,Radial Road 10,MANILA,3,1,BARANGAY 105,,,14.620234,120.960111,,,,,,,24,2021-10-25,OSP
MNL045 LP302 NP1-2,MNL045,LP302,NP1-2,MNL045 LP302,Radial Road 10,MANILA,3,1,BARANGAY 105,,,14.620587,120.960014,,,,,,,16,2021-10-25,OSP
MNL045 LP302 NP3-4,MNL045,LP302,NP3-4,MNL045 LP302,Radial Road 10,MANILA,3,1,BARANGAY 105,,,14.621203,120.960046,,,,,,,16,2021-10-25,OSP
MNL045 LP302 NP5-6,MNL045,LP302,NP5-6,MNL045 LP302,Radial Road 10,MANILA,3,1,BARANGAY 105,,,14.621106,120.959636,,,,,,,16,2021-10-25,OSP
MNL045 LP302 NP7-8,MNL045,LP302,NP7-8,MNL045 LP302,Radial Road 10,MANILA,3,1,BARANGAY 105,,,14.620624,120.959608,,,,,,,16,2021-10-25,OSP
MNL045 LP303 NP1-2,MNL045,LP303,NP1-2,MNL045 LP303,Radial Road 10,MANILA,3,1,BARANGAY 105,,,14.620708,120.959012,,,,,,,16,2021-10-25,OSP
MNL045 LP303 NP3-4,MNL045,LP303,NP3-4,MNL045 LP303,Radial Road 10,MANILA,3,1,BARANGAY 105,,,14.620655,120.959054,,,,,,,16,2021-10-25,OSP
MNL045 LP303 NP5-6,MNL045,LP303,NP5-6,MNL045 LP303,Radial Road 10,MANILA,3,1,BARANGAY 105,,,14.620767,120.958362,,,,,,,16,2021-10-25,OSP
MNL045 LP303 NP7-8,MNL045,LP303,NP7-8,MNL045 LP303,Radial Road 10,MANILA,3,1,BARANGAY 105,,,14.620694,120.958341,,,,,,,16,2021-10-25,OSP
MNL045 LP281 NP6-8,MNL045,LP281,NP6-8,MNL045 LP281,Radial Road 10,MANILA,3,1,BARANGAY 105,,,14.624736,120.95991,,,,,,,24,2022-02-14,OSP
MNL045 LP282 NP1-2,MNL045,LP282,NP1-2,MNL045 LP282,Radial Road 10,MANILA,3,1,BARANGAY 105,,,14.624736,120.95991,,,,,,,16,2022-02-14,OSP
MNL045 LP282 NP3-5,MNL045,LP282,NP3-5,MNL045 LP282,Radial Road 10,MANILA,3,1,BARANGAY 105,,,14.624695,120.959717,,,,,,,24,2022-02-14,OSP
MNL045 LP282 NP6-8,MNL045,LP282,NP6-8,MNL045 LP282,Radial Road 10,MANILA,3,1,BARANGAY 105,,,14.624695,120.959717,,,,,,,24,2022-02-14,OSP
MNL045 LP283 NP1-2,MNL045,LP283,NP1-2,MNL045 LP283,Radial Road 10,MANILA,3,1,BARANGAY 105,,,14.624695,120.959717,,,,,,,16,2022-02-14,OSP
MNL045 LP283 NP3-5,MNL045,LP283,NP3-5,MNL045 LP283,Radial Road 10,MANILA,3,1,BARANGAY 105,,,14.624734,120.959261,,,,,,,24,2022-02-14,OSP
MNL045 LP283 NP6-8,MNL045,LP283,NP6-8,MNL045 LP283,Radial Road 10,MANILA,3,1,BARANGAY 105,,,14.624734,120.959261,,,,,,,24,2022-02-14,OSP
MNL045 LP284 NP1-2,MNL045,LP284,NP1-2,MNL045 LP284,Radial Road 10,MANILA,3,1,BARANGAY 105,,,14.624746,120.959014,,,,,,,16,2022-02-14,OSP
MNL045 LP284 NP3-5,MNL045,LP284,NP3-5,MNL045 LP284,Radial Road 10,MANILA,3,1,BARANGAY 105,,,14.624746,120.959014,,,,,,,24,2022-02-14,OSP
MNL045 LP284 NP6-8,MNL045,LP284,NP6-8,MNL045 LP284,Radial Road 10,MANILA,3,1,BARANGAY 105,,,14.624746,120.959014,,,,,,,24,2022-02-14,OSP
MNL045 LP285 NP1-2,MNL045,LP285,NP1-2,MNL045 LP285,Radial Road 10,MANILA,3,1,BARANGAY 105,,,14.624748,120.958537,,,,,,,16,2022-02-14,OSP
MNL045 LP285 NP3-5,MNL045,LP285,NP3-5,MNL045 LP285,Radial Road 10,MANILA,3,1,BARANGAY 105,,,14.624748,120.958537,,,,,,,24,2022-02-14,OSP
MNL045 LP285 NP6-8,MNL045,LP285,NP6-8,MNL045 LP285,Radial Road 10,MANILA,3,1,BARANGAY 105,,,14.624748,120.958537,,,,,,,24,2022-02-14,OSP
MNL045 LP278 NP3-5,MNL045,LP278,NP3-5,MNL045 LP278,Radial Road 10,MANILA,3,1,BARANGAY 105,,,14.621774,120.960081,,,,,,,24,2022-02-14,OSP
MNL045 LP278 NP6-8,MNL045,LP278,NP6-8,MNL045 LP278,Radial Road 10,MANILA,3,1,BARANGAY 105,,,14.621216,120.960038,,,,,,,24,2022-02-14,OSP
MNL003 LP137 NP3-4,MNL003,LP137,NP3-4,MNL003 LP137,City Square,MANILA,3,1,BARANGAY 106,,,14.62348922,120.9619811,,,,,,,16,2018-11-29,OSP
MNL003 LP137 NP5-6,MNL003,LP137,NP5-6,MNL003 LP137,City Square,MANILA,3,1,BARANGAY 106,,,14.62346914,120.9616705,,,,,,,16,2018-11-29,OSP
MNL003 LP155 NP1-2,MNL003,LP155,NP1-2,MNL003 LP155,City Square,MANILA,3,1,BARANGAY 106,,,14.6240145,120.9602331,,,,,,,16,2018-11-29,OSP
MNL003 LP155 NP3-4,MNL003,LP155,NP3-4,MNL003 LP155,City Square,MANILA,3,1,BARANGAY 106,,,14.62439236,120.9602433,,,,,,,16,2018-11-29,OSP
MNL003 LP155 NP5-6,MNL003,LP155,NP5-6,MNL003 LP155,City Square,MANILA,3,1,BARANGAY 106,,,14.62466605,120.9602535,,,,,,,16,2018-11-29,OSP
MNL003 LP156 NP3-4,MNL003,LP156,NP3-4,MNL003 LP156,City Square,MANILA,3,1,BARANGAY 106,,,14.62566525,120.9610795,,,,,,,16,2018-11-29,OSP
MNL003 LP156 NP5-6,MNL003,LP156,NP5-6,MNL003 LP156,City Square,MANILA,3,1,BARANGAY 106,,,14.62583917,120.961445,,,,,,,16,2018-11-29,OSP
MNL003 LP156 NP7-8,MNL003,LP156,NP7-8,MNL003 LP156,City Square,MANILA,3,1,BARANGAY 106,,,14.62601082,120.9617758,,,,,,,16,2018-11-29,OSP
MNL003 LP157 NP1-2,MNL003,LP157,NP1-2,MNL003 LP157,City Square,MANILA,3,1,BARANGAY 106,,,14.62619617,120.9621171,,,,,,,16,2018-11-29,OSP
MNL003 LP389 NP1-2,MNL003,LP389,NP1-2,MNL003 LP389,City Square,MANILA,3,1,BARANGAY 106,,,14.62399693,120.9627831,,,,,,,16,2019-06-16,OSP
MNL036 LP29 NP1-2,MNL036,LP29,NP1-2,MNL036 LP29,Juan Luna/ Solis,MANILA,3,1,BARANGAY 106,,,14.624,120.962782,,,,,,,16,2020-07-30,OSP
MNL045 LP234 NP5-6,MNL045,LP234,NP5-6,MNL045 LP234,Radial Road 10,MANILA,3,1,BARANGAY 106,,,14.624034,120.962804,,,,,,,16,2022-02-14,OSP
MNL045 LP234 NP7-8,MNL045,LP234,NP7-8,MNL045 LP234,Radial Road 10,MANILA,3,1,BARANGAY 106,,,14.624034,120.962804,,,,,,,16,2022-02-14,OSP
MNL045 LP250 NP1-2,MNL045,LP250,NP1-2,MNL045 LP250,Radial Road 10,MANILA,3,1,BARANGAY 106,,,14.624103,120.961597,,,,,,,16,2022-02-14,OSP
MNL045 LP250 NP3-5,MNL045,LP250,NP3-5,MNL045 LP250,Radial Road 10,MANILA,3,1,BARANGAY 106,,,14.62371,120.961794,,,,,,,24,2022-02-14,OSP
MNL045 LP250 NP6-8,MNL045,LP250,NP6-8,MNL045 LP250,Radial Road 10,MANILA,3,1,BARANGAY 106,,,14.62371,120.961794,,,,,,,24,2022-02-14,OSP
MNL045 LP244 NP3-5,MNL045,LP244,NP3-5,MNL045 LP244,Radial Road 10,MANILA,3,1,BARANGAY 106,,,14.625229,120.960591,,,,,,,24,2022-02-14,OSP
MNL045 LP244 NP6-8,MNL045,LP244,NP6-8,MNL045 LP244,Radial Road 10,MANILA,3,1,BARANGAY 106,,,14.625229,120.960591,,,,,,,24,2022-02-14,OSP
MNL045 LP245 NP3-5,MNL045,LP245,NP3-5,MNL045 LP245,Radial Road 10,MANILA,3,1,BARANGAY 106,,,14.625304,120.960508,,,,,,,24,2022-02-14,OSP
MNL045 LP245 NP6-8,MNL045,LP245,NP6-8,MNL045 LP245,Radial Road 10,MANILA,3,1,BARANGAY 106,,,14.625304,120.960508,,,,,,,24,2022-02-14,OSP
MNL045 LP247 NP1-2,MNL045,LP247,NP1-2,MNL045 LP247,Radial Road 10,MANILA,3,1,BARANGAY 106,,,14.625134,120.961073,,,,,,,16,2022-02-14,OSP
MNL045 LP247 NP3-5,MNL045,LP247,NP3-5,MNL045 LP247,Radial Road 10,MANILA,3,1,BARANGAY 106,,,14.62506,120.960855,,,,,,,24,2022-02-14,OSP
MNL045 LP247 NP6-8,MNL045,LP247,NP6-8,MNL045 LP247,Radial Road 10,MANILA,3,1,BARANGAY 106,,,14.62506,120.960855,,,,,,,24,2022-02-14,OSP
MNL045 LP248 NP1-2,MNL045,LP248,NP1-2,MNL045 LP248,Radial Road 10,MANILA,3,1,BARANGAY 106,,,14.625134,120.961073,,,,,,,16,2022-02-14,OSP
MNL045 LP248 NP3-5,MNL045,LP248,NP3-5,MNL045 LP248,Radial Road 10,MANILA,3,1,BARANGAY 106,,,14.624903,120.961187,,,,,,,24,2022-02-14,OSP
MNL045 LP248 NP6-8,MNL045,LP248,NP6-8,MNL045 LP248,Radial Road 10,MANILA,3,1,BARANGAY 106,,,14.624903,120.961187,,,,,,,24,2022-02-14,OSP
MNL045 LP249 NP1-2,MNL045,LP249,NP1-2,MNL045 LP249,Radial Road 10,MANILA,3,1,BARANGAY 106,,,14.624506,120.961389,,,,,,,16,2022-02-14,OSP
MNL045 LP249 NP3-5,MNL045,LP249,NP3-5,MNL045 LP249,Radial Road 10,MANILA,3,1,BARANGAY 106,,,14.624506,120.961389,,,,,,,24,2022-02-14,OSP
MNL045 LP249 NP6-8,MNL045,LP249,NP6-8,MNL045 LP249,Radial Road 10,MANILA,3,1,BARANGAY 106,,,14.624103,120.961597,,,,,,,24,2022-02-14,OSP
MNL045 LP240 NP1-2,MNL045,LP240,NP1-2,MNL045 LP240,Radial Road 10,MANILA,3,1,BARANGAY 106,,,14.623738,120.960522,,,,,,,16,2022-02-14,OSP
MNL045 LP240 NP3-4,MNL045,LP240,NP3-4,MNL045 LP240,Radial Road 10,MANILA,3,1,BARANGAY 106,,,14.623738,120.960522,,,,,,,16,2022-02-14,OSP
MNL045 LP241 NP1-2,MNL045,LP241,NP1-2,MNL045 LP241,Radial Road 10,MANILA,3,1,BARANGAY 106,,,14.624397,120.960457,,,,,,,16,2022-02-14,OSP
MNL045 LP241 NP3-4,MNL045,LP241,NP3-4,MNL045 LP241,Radial Road 10,MANILA,3,1,BARANGAY 106,,,14.624397,120.960457,,,,,,,16,2022-02-14,OSP
MNL045 LP241 NP5-6,MNL045,LP241,NP5-6,MNL045 LP241,Radial Road 10,MANILA,3,1,BARANGAY 106,,,14.624417,120.960753,,,,,,,16,2022-02-14,OSP
MNL045 LP241 NP7-8,MNL045,LP241,NP7-8,MNL045 LP241,Radial Road 10,MANILA,3,1,BARANGAY 106,,,14.624417,120.960753,,,,,,,16,2022-02-14,OSP
MNL045 LP242 NP1-2,MNL045,LP242,NP1-2,MNL045 LP242,Radial Road 10,MANILA,3,1,BARANGAY 106,,,14.623986,120.960938,,,,,,,16,2022-02-14,OSP
MNL045 LP242 NP3-5,MNL045,LP242,NP3-5,MNL045 LP242,Radial Road 10,MANILA,3,1,BARANGAY 106,,,14.624236,120.960867,,,,,,,24,2022-02-14,OSP
MNL045 LP242 NP6-8,MNL045,LP242,NP6-8,MNL045 LP242,Radial Road 10,MANILA,3,1,BARANGAY 106,,,14.624236,120.960867,,,,,,,24,2022-02-14,OSP
MNL045 LP243 NP1-2,MNL045,LP243,NP1-2,MNL045 LP243,Radial Road 10,MANILA,3,1,BARANGAY 106,,,14.624529,120.960797,,,,,,,16,2022-02-14,OSP
MNL045 LP243 NP3-5,MNL045,LP243,NP3-5,MNL045 LP243,Radial Road 10,MANILA,3,1,BARANGAY 106,,,14.624529,120.960797,,,,,,,24,2022-02-14,OSP
MNL045 LP243 NP6-8,MNL045,LP243,NP6-8,MNL045 LP243,Radial Road 10,MANILA,3,1,BARANGAY 106,,,14.62477,120.960719,,,,,,,24,2022-02-14,OSP
MNL045 LP244 NP1-2,MNL045,LP244,NP1-2,MNL045 LP244,Radial Road 10,MANILA,3,1,BARANGAY 106,,,14.62477,120.960719,,,,,,,16,2022-02-14,OSP
MNL045 LP266 NP1-2,MNL045,LP266,NP1-2,MNL045 LP266,Radial Road 10,MANILA,3,1,BARANGAY 106,,,14.623612,120.961995,,,,,,,16,2022-02-14,OSP
MNL045 LP266 NP3-4,MNL045,LP266,NP3-4,MNL045 LP266,Radial Road 10,MANILA,3,1,BARANGAY 106,,,14.623612,120.961995,,,,,,,16,2022-02-14,OSP
MNL045 LP266 NP5-6,MNL045,LP266,NP5-6,MNL045 LP266,Radial Road 10,MANILA,3,1,BARANGAY 106,,,14.623515,120.961971,,,,,,,16,2022-02-14,OSP
MNL045 LP266 NP7-8,MNL045,LP266,NP7-8,MNL045 LP266,Radial Road 10,MANILA,3,1,BARANGAY 106,,,14.623515,120.961971,,,,,,,16,2022-02-14,OSP
MNL045 LP236 NP1-2,MNL045,LP236,NP1-2,MNL045 LP236,Radial Road 10,MANILA,3,1,BARANGAY 106,,,14.623906,120.962572,,,,,,,16,2022-02-14,OSP
MNL045 LP236 NP3-4,MNL045,LP236,NP3-4,MNL045 LP236,Radial Road 10,MANILA,3,1,BARANGAY 106,,,14.623906,120.962572,,,,,,,16,2022-02-14,OSP
MNL045 LP236 NP5-6,MNL045,LP236,NP5-6,MNL045 LP236,Radial Road 10,MANILA,3,1,BARANGAY 106,,,14.623758,120.962281,,,,,,,16,2022-02-14,OSP
MNL045 LP236 NP7-8,MNL045,LP236,NP7-8,MNL045 LP236,Radial Road 10,MANILA,3,1,BARANGAY 106,,,14.623758,120.962281,,,,,,,16,2022-02-14,OSP
MNL045 LP237 NP1-2,MNL045,LP237,NP1-2,MNL045 LP237,Radial Road 10,MANILA,3,1,BARANGAY 106,,,14.623612,120.961995,,,,,,,16,2022-02-14,OSP
MNL045 LP237 NP3-4,MNL045,LP237,NP3-4,MNL045 LP237,Radial Road 10,MANILA,3,1,BARANGAY 106,,,14.623612,120.961995,,,,,,,16,2022-02-14,OSP
MNL045 LP237 NP5-6,MNL045,LP237,NP5-6,MNL045 LP237,Radial Road 10,MANILA,3,1,BARANGAY 106,,,14.623455,120.961675,,,,,,,16,2022-02-14,OSP
MNL045 LP237 NP7-8,MNL045,LP237,NP7-8,MNL045 LP237,Radial Road 10,MANILA,3,1,BARANGAY 106,,,14.623455,120.961675,,,,,,,16,2022-02-14,OSP
MNL045 LP238 NP6-8,MNL045,LP238,NP6-8,MNL045 LP238,Radial Road 10,MANILA,3,1,BARANGAY 106,,,14.623986,120.960938,,,,,,,24,2022-02-14,OSP
MNL045 LP239 NP1-2,MNL045,LP239,NP1-2,MNL045 LP239,Radial Road 10,MANILA,3,1,BARANGAY 106,,,14.623723,120.960744,,,,,,,16,2022-02-14,OSP
MNL045 LP239 NP3-4,MNL045,LP239,NP3-4,MNL045 LP239,Radial Road 10,MANILA,3,1,BARANGAY 106,,,14.623723,120.960744,,,,,,,16,2022-02-14,OSP
MNL045 LP239 NP5-6,MNL045,LP239,NP5-6,MNL045 LP239,Radial Road 10,MANILA,3,1,BARANGAY 106,,,14.623492,120.960741,,,,,,,16,2022-02-14,OSP
MNL045 LP239 NP7-8,MNL045,LP239,NP7-8,MNL045 LP239,Radial Road 10,MANILA,3,1,BARANGAY 106,,,14.623492,120.960741,,,,,,,16,2022-02-14,OSP
MNL045 LP281 NP1-2,MNL045,LP281,NP1-2,MNL045 LP281,Radial Road 10,MANILA,3,1,BARANGAY 106,,,14.624706,120.960253,,,,,,,16,2022-02-14,OSP
MNL045 LP281 NP3-5,MNL045,LP281,NP3-5,MNL045 LP281,Radial Road 10,MANILA,3,1,BARANGAY 106,,,14.624706,120.960253,,,,,,,24,2022-02-14,OSP
MNL045 LP279 NP1-2,MNL045,LP279,NP1-2,MNL045 LP279,Radial Road 10,MANILA,3,1,BARANGAY 106,,,14.623694,120.960226,,,,,,,16,2022-02-14,OSP
MNL045 LP279 NP3-5,MNL045,LP279,NP3-5,MNL045 LP279,Radial Road 10,MANILA,3,1,BARANGAY 106,,,14.624022,120.960242,,,,,,,24,2022-02-14,OSP
MNL045 LP279 NP6-8,MNL045,LP279,NP6-8,MNL045 LP279,Radial Road 10,MANILA,3,1,BARANGAY 106,,,14.624022,120.960242,,,,,,,24,2022-02-14,OSP
MNL045 LP280 NP1-2,MNL045,LP280,NP1-2,MNL045 LP280,Radial Road 10,MANILA,3,1,BARANGAY 106,,,14.624398,120.960246,,,,,,,16,2022-02-14,OSP
MNL045 LP280 NP3-5,MNL045,LP280,NP3-5,MNL045 LP280,Radial Road 10,MANILA,3,1,BARANGAY 106,,,14.62506,120.960262,,,,,,,24,2022-02-14,OSP
MNL051 LP72 NP3-5,MNL051,LP72,NP3-5,MNL051 LP72,Urban Deca Homes Manila,MANILA,3,1,BARANGAY 106,,URBAN DECA HOMES MANILA (BUILDING 5),14.624704,120.961961,,5F,AUXILIARY ROOM,MNL9P,,,,2021-11-01,ISP
MNL051 LP45 NP6-8,MNL051,LP45,NP6-8,MNL051 LP45,Urban Deca Homes Manila,MANILA,3,1,BARANGAY 106,,URBAN DECA HOMES MANILA (BUILDING 2),14.625918,120.962202,,2F,EE ROOM BUILDING A,MNL7P,,,,2021-09-20,ISP
MNL051 LP64 NP3-5,MNL051,LP64,NP3-5,MNL051 LP64,Urban Deca Homes Manila,MANILA,3,1,BARANGAY 106,,URBAN DECA HOMES MANILA (BUILDING 4),14.625492,120.962374,,4F,EE ROOM BUILDING A,MNL8P,,,,2021-11-01,ISP
MNL051 LP59 NP3-5,MNL051,LP59,NP3-5,MNL051 LP59,Urban Deca Homes Manila,MANILA,3,1,BARANGAY 106,,URBAN DECA HOMES MANILA (BUILDING 3),14.625112,120.961725,,9F,EE ROOM BUILDING A,MNL10P,,,,2021-09-20,ISP
MNL051 LP77 NP1-2,MNL051,LP77,NP1-2,MNL051 LP77,Urban Deca Homes Manila,MANILA,3,1,BARANGAY 106,,URBAN DECA HOMES MANILA (BUILDING 5),14.624704,120.961961,,12F,AUXILIARY ROOM,MNL9P,,,,2021-11-01,ISP
MNL051 LP57 NP6-8,MNL051,LP57,NP6-8,MNL051 LP57,Urban Deca Homes Manila,MANILA,3,1,BARANGAY 106,,URBAN DECA HOMES MANILA (BUILDING 3),14.625112,120.961725,,7F,EE ROOM BUILDING A,MNL10P,,,,2021-09-20,ISP
MNL051 LP51 NP1-2,MNL051,LP51,NP1-2,MNL051 LP51,Urban Deca Homes Manila,MANILA,3,1,BARANGAY 106,,URBAN DECA HOMES MANILA (BUILDING 2),14.625918,120.962202,,10F,EE ROOM BUILDING A,MNL7P,,,,2021-09-20,ISP
MNL051 LP45 NP3-5,MNL051,LP45,NP3-5,MNL051 LP45,Urban Deca Homes Manila,MANILA,3,1,BARANGAY 106,,URBAN DECA HOMES MANILA (BUILDING 2),14.625918,120.962202,,2F,EE ROOM BUILDING A,MNL7P,,,,2021-09-20,ISP
MNL051 LP46 NP6-8,MNL051,LP46,NP6-8,MNL051 LP46,Urban Deca Homes Manila,MANILA,3,1,BARANGAY 106,,URBAN DECA HOMES MANILA (BUILDING 2),14.625918,120.962202,,4F,EE ROOM BUILDING A,MNL7P,,,,2021-09-20,ISP
MNL051 LP67 NP3-5,MNL051,LP67,NP3-5,MNL051 LP67,Urban Deca Homes Manila,MANILA,3,1,BARANGAY 106,,URBAN DECA HOMES MANILA (BUILDING 4),14.625492,120.962374,,9F,EE ROOM BUILDING A,MNL8P,,,,2021-11-01,ISP
MNL051 LP61 NP3-5,MNL051,LP61,NP3-5,MNL051 LP61,Urban Deca Homes Manila,MANILA,3,1,BARANGAY 106,,URBAN DECA HOMES MANILA (BUILDING 3),14.625112,120.961725,,12F,EE ROOM BUILDING A,MNL10P,,,,2021-09-20,ISP
MNL051 LP47 NP3-5,MNL051,LP47,NP3-5,MNL051 LP47,Urban Deca Homes Manila,MANILA,3,1,BARANGAY 106,,URBAN DECA HOMES MANILA (BUILDING 2),14.625918,120.962202,,5F,EE ROOM BUILDING A,MNL7P,,,,2021-09-20,ISP
MNL051 LP61 NP6-8,MNL051,LP61,NP6-8,MNL051 LP61,Urban Deca Homes Manila,MANILA,3,1,BARANGAY 106,,URBAN DECA HOMES MANILA (BUILDING 3),14.625112,120.961725,,14F,EE ROOM BUILDING A,MNL10P,,,,2021-09-20,ISP
MNL051 LP51 NP3-5,MNL051,LP51,NP3-5,MNL051 LP51,Urban Deca Homes Manila,MANILA,3,1,BARANGAY 106,,URBAN DECA HOMES MANILA (BUILDING 2),14.625918,120.962202,,11F,EE ROOM BUILDING A,MNL7P,,,,2021-09-20,ISP
MNL051 LP77 NP6-8,MNL051,LP77,NP6-8,MNL051 LP77,Urban Deca Homes Manila,MANILA,3,1,BARANGAY 106,,URBAN DECA HOMES MANILA (BUILDING 5),14.624704,120.961961,,14F,AUXILIARY ROOM,MNL9P,,,,2021-11-01,ISP
MNL051 LP80 NP6-8,MNL051,LP80,NP6-8,MNL051 LP80,Urban Deca Homes Manila,MANILA,3,1,BARANGAY 106,,URBAN DECA HOMES MANILA (BUILDING 6),14.624296,120.962195,,4F,EE ROOM BUILDING A,MNL11P,,,,2021-11-01,ISP
MNL051 LP45 NP1-2,MNL051,LP45,NP1-2,MNL051 LP45,Urban Deca Homes Manila,MANILA,3,1,BARANGAY 106,,URBAN DECA HOMES MANILA (BUILDING 2),14.625918,120.962202,,2F,EE ROOM BUILDING A,MNL7P,,,,2021-09-20,ISP
MNL051 LP39 NP6-8,MNL051,LP39,NP6-8,MNL051 LP39,Urban Deca Homes Manila,MANILA,3,1,BARANGAY 106,,URBAN DECA HOMES MANILA (BUILDING 1),14.625586,120.961505,,7F,EE ROOM BUILDING A,MNL6P,,,,2021-09-20,ISP
MNL051 LP76 NP6-8,MNL051,LP76,NP6-8,MNL051 LP76,Urban Deca Homes Manila,MANILA,3,1,BARANGAY 106,,URBAN DECA HOMES MANILA (BUILDING 5),14.624704,120.961961,,11F,AUXILIARY ROOM,MNL9P,,,,2021-11-01,ISP
MNL051 LP37 NP3-5,MNL051,LP37,NP3-5,MNL051 LP37,Urban Deca Homes Manila,MANILA,3,1,BARANGAY 106,,URBAN DECA HOMES MANILA (BUILDING 1),14.625586,120.961505,,3F,EE ROOM BUILDING A,MNL6P,,,,2021-09-20,ISP
MNL051 LP53 NP1-2,MNL051,LP53,NP1-2,MNL051 LP53,Urban Deca Homes Manila,MANILA,3,1,BARANGAY 106,,URBAN DECA HOMES MANILA (BUILDING 2),14.625918,120.962202,,14F,EE ROOM BUILDING A,MNL7P,,,,2021-09-20,ISP
MNL051 LP78 NP1-2,MNL051,LP78,NP1-2,MNL051 LP78,Urban Deca Homes Manila,MANILA,3,1,BARANGAY 106,,URBAN DECA HOMES MANILA (BUILDING 5),14.624704,120.961961,,14F,AUXILIARY ROOM,MNL9P,,,,2021-11-01,ISP
MNL051 LP57 NP1-2,MNL051,LP57,NP1-2,MNL051 LP57,Urban Deca Homes Manila,MANILA,3,1,BARANGAY 106,,URBAN DECA HOMES MANILA (BUILDING 3),14.625112,120.961725,,6F,EE ROOM BUILDING A,MNL10P,,,,2021-09-20,ISP
MNL051 LP67 NP6-7,MNL051,LP67,NP6-7,MNL051 LP67,Urban Deca Homes Manila,MANILA,3,1,BARANGAY 106,,URBAN DECA HOMES MANILA (BUILDING 4),14.625492,120.962374,,9F,EE ROOM BUILDING A,MNL8P,,,,2021-11-01,ISP
MNL051 LP62 NP1-2,MNL051,LP62,NP1-2,MNL051 LP62,Urban Deca Homes Manila,MANILA,3,1,BARANGAY 106,,URBAN DECA HOMES MANILA (BUILDING 3),14.625112,120.961725,,14F,EE ROOM BUILDING A,MNL10P,,,,2021-09-20,ISP
MNL051 LP68 NP3-5,MNL051,LP68,NP3-5,MNL051 LP68,Urban Deca Homes Manila,MANILA,3,1,BARANGAY 106,,URBAN DECA HOMES MANILA (BUILDING 4),14.625492,120.962374,,11F,EE ROOM BUILDING A,MNL8P,,,,2021-11-01,ISP
MNL051 LP48 NP3-5,MNL051,LP48,NP3-5,MNL051 LP48,Urban Deca Homes Manila,MANILA,3,1,BARANGAY 106,,URBAN DECA HOMES MANILA (BUILDING 2),14.625918,120.962202,,6F,EE ROOM BUILDING A,MNL7P,,,,2021-09-20,ISP
MNL051 LP82 NP3-5,MNL051,LP82,NP3-5,MNL051 LP82,Urban Deca Homes Manila,MANILA,3,1,BARANGAY 106,,URBAN DECA HOMES MANILA (BUILDING 6),14.624296,120.962195,,7F,EE ROOM BUILDING A,MNL11P,,,,2021-11-01,ISP
MNL051 LP52 NP1-2,MNL051,LP52,NP1-2,MNL051 LP52,Urban Deca Homes Manila,MANILA,3,1,BARANGAY 106,,URBAN DECA HOMES MANILA (BUILDING 2),14.625918,120.962202,,12F,EE ROOM BUILDING A,MNL7P,,,,2021-09-20,ISP
MNL051 LP38 NP6-8,MNL051,LP38,NP6-8,MNL051 LP38,Urban Deca Homes Manila,MANILA,3,1,BARANGAY 106,,URBAN DECA HOMES MANILA (BUILDING 1),14.625586,120.961505,,5F,EE ROOM BUILDING A,MNL6P,,,,2021-09-20,ISP
MNL051 LP80 NP3-5,MNL051,LP80,NP3-5,MNL051 LP80,Urban Deca Homes Manila,MANILA,3,1,BARANGAY 106,,URBAN DECA HOMES MANILA (BUILDING 6),14.624296,120.962195,,4F,EE ROOM BUILDING A,MNL11P,,,,2021-11-01,ISP
MNL051 LP75 NP3-5,MNL051,LP75,NP3-5,MNL051 LP75,Urban Deca Homes Manila,MANILA,3,1,BARANGAY 106,,URBAN DECA HOMES MANILA (BUILDING 5),14.624704,120.961961,,9F,AUXILIARY ROOM,MNL9P,,,,2021-11-01,ISP
MNL051 LP80 NP1-2,MNL051,LP80,NP1-2,MNL051 LP80,Urban Deca Homes Manila,MANILA,3,1,BARANGAY 106,,URBAN DECA HOMES MANILA (BUILDING 6),14.624296,120.962195,,3F,EE ROOM BUILDING A,MNL11P,,,,2021-11-01,ISP
MNL051 LP69 NP1-2,MNL051,LP69,NP1-2,MNL051 LP69,Urban Deca Homes Manila,MANILA,3,1,BARANGAY 106,,URBAN DECA HOMES MANILA (BUILDING 4),14.625492,120.962374,,12F,EE ROOM BUILDING A,MNL8P,,,,2021-11-01,ISP
MNL051 LP65 NP3-5,MNL051,LP65,NP3-5,MNL051 LP65,Urban Deca Homes Manila,MANILA,3,1,BARANGAY 106,,URBAN DECA HOMES MANILA (BUILDING 4),14.625492,120.962374,,6F,EE ROOM BUILDING A,MNL8P,,,,2021-11-01,ISP
MNL051 LP65 NP6-7,MNL051,LP65,NP6-7,MNL051 LP65,Urban Deca Homes Manila,MANILA,3,1,BARANGAY 106,,URBAN DECA HOMES MANILA (BUILDING 4),14.625492,120.962374,,6F,EE ROOM BUILDING A,MNL8P,,,,2021-11-01,ISP
MNL051 LP75 NP6-8,MNL051,LP75,NP6-8,MNL051 LP75,Urban Deca Homes Manila,MANILA,3,1,BARANGAY 106,,URBAN DECA HOMES MANILA (BUILDING 5),14.624704,120.961961,,10F,AUXILIARY ROOM,MNL9P,,,,2021-11-01,ISP
MNL051 LP64 NP1-2,MNL051,LP64,NP1-2,MNL051 LP64,Urban Deca Homes Manila,MANILA,3,1,BARANGAY 106,,URBAN DECA HOMES MANILA (BUILDING 4),14.625492,120.962374,,3F,EE ROOM BUILDING A,MNL8P,,,,2021-11-01,ISP
MNL051 LP37 NP1-2,MNL051,LP37,NP1-2,MNL051 LP37,Urban Deca Homes Manila,MANILA,3,1,BARANGAY 106,,URBAN DECA HOMES MANILA (BUILDING 1),14.625586,120.961505,,3F,EE ROOM BUILDING A,MNL6P,,,,2021-09-20,ISP
MNL051 LP81 NP4-6,MNL051,LP81,NP4-6,MNL051 LP81,Urban Deca Homes Manila,MANILA,3,1,BARANGAY 106,,URBAN DECA HOMES MANILA (BUILDING 6),14.624296,120.962195,,6F,EE ROOM BUILDING A,MNL11P,,,,2021-11-01,ISP
MNL051 LP47 NP1-2,MNL051,LP47,NP1-2,MNL051 LP47,Urban Deca Homes Manila,MANILA,3,1,BARANGAY 106,,URBAN DECA HOMES MANILA (BUILDING 2),14.625918,120.962202,,4F,EE ROOM BUILDING A,MNL7P,,,,2021-09-20,ISP
MNL051 LP40 NP3-5,MNL051,LP40,NP3-5,MNL051 LP40,Urban Deca Homes Manila,MANILA,3,1,BARANGAY 106,,URBAN DECA HOMES MANILA (BUILDING 1),14.625586,120.961505,,8F,EE ROOM BUILDING A,MNL6P,,,,2021-09-20,ISP
MNL051 LP47 NP6-8,MNL051,LP47,NP6-8,MNL051 LP47,Urban Deca Homes Manila,MANILA,3,1,BARANGAY 106,,URBAN DECA HOMES MANILA (BUILDING 2),14.625918,120.962202,,5F,EE ROOM BUILDING A,MNL7P,,,,2021-09-20,ISP
MNL051 LP54 NP1-2,MNL051,LP54,NP1-2,MNL051 LP54,Urban Deca Homes Manila,MANILA,3,1,BARANGAY 106,,URBAN DECA HOMES MANILA (BUILDING 3),14.625112,120.961725,,2F,EE ROOM BUILDING A,MNL10P,,,,2021-09-20,ISP
MNL051 LP60 NP6-8,MNL051,LP60,NP6-8,MNL051 LP60,Urban Deca Homes Manila,MANILA,3,1,BARANGAY 106,,URBAN DECA HOMES MANILA (BUILDING 3),14.625112,120.961725,,11F,EE ROOM BUILDING A,MNL10P,,,,2021-09-20,ISP
MNL051 LP50 NP3-5,MNL051,LP50,NP3-5,MNL051 LP50,Urban Deca Homes Manila,MANILA,3,1,BARANGAY 106,,URBAN DECA HOMES MANILA (BUILDING 2),14.625918,120.962202,,9F,EE ROOM BUILDING A,MNL7P,,,,2021-09-20,ISP
MNL051 LP76 NP3-5,MNL051,LP76,NP3-5,MNL051 LP76,Urban Deca Homes Manila,MANILA,3,1,BARANGAY 106,,URBAN DECA HOMES MANILA (BUILDING 5),14.624704,120.961961,,11F,AUXILIARY ROOM,MNL9P,,,,2021-11-01,ISP
MNL051 LP40 NP1-2,MNL051,LP40,NP1-2,MNL051 LP40,Urban Deca Homes Manila,MANILA,3,1,BARANGAY 106,,URBAN DECA HOMES MANILA (BUILDING 1),14.625586,120.961505,,7F,EE ROOM BUILDING A,MNL6P,,,,2021-09-20,ISP
MNL051 LP72 NP1-2,MNL051,LP72,NP1-2,MNL051 LP72,Urban Deca Homes Manila,MANILA,3,1,BARANGAY 106,,URBAN DECA HOMES MANILA (BUILDING 5),14.624704,120.961961,,4F,AUXILIARY ROOM,MNL9P,,,,2021-11-01,ISP
MNL051 LP36 NP3-5,MNL051,LP36,NP3-5,MNL051 LP36,Urban Deca Homes Manila,MANILA,3,1,BARANGAY 106,,URBAN DECA HOMES MANILA (BUILDING 1),14.625586,120.961505,,2F,EE ROOM BUILDING A,MNL6P,,,,2021-09-20,ISP
MNL051 LP52 NP6-8,MNL051,LP52,NP6-8,MNL051 LP52,Urban Deca Homes Manila,MANILA,3,1,BARANGAY 106,,URBAN DECA HOMES MANILA (BUILDING 2),14.625918,120.962202,,14F,EE ROOM BUILDING A,MNL7P,,,,2021-09-20,ISP
MNL051 LP71 NP3-5,MNL051,LP71,NP3-5,MNL051 LP71,Urban Deca Homes Manila,MANILA,3,1,BARANGAY 106,,URBAN DECA HOMES MANILA (BUILDING 5),14.624704,120.961961,,3F,AUXILIARY ROOM,MNL9P,,,,2021-11-01,ISP
MNL051 LP43 NP3-5,MNL051,LP43,NP3-5,MNL051 LP43,Urban Deca Homes Manila,MANILA,3,1,BARANGAY 106,,URBAN DECA HOMES MANILA (BUILDING 1),14.625586,120.961505,,12F,EE ROOM BUILDING A,MNL6P,,,,2021-09-20,ISP
MNL051 LP71 NP6-8,MNL051,LP71,NP6-8,MNL051 LP71,Urban Deca Homes Manila,MANILA,3,1,BARANGAY 106,,URBAN DECA HOMES MANILA (BUILDING 5),14.624704,120.961961,,4F,AUXILIARY ROOM,MNL9P,,,,2021-11-01,ISP
MNL051 LP42 NP1-2,MNL051,LP42,NP1-2,MNL051 LP42,Urban Deca Homes Manila,MANILA,3,1,BARANGAY 106,,URBAN DECA HOMES MANILA (BUILDING 1),14.625586,120.961505,,10F,EE ROOM BUILDING A,MNL6P,,,,2021-09-20,ISP
MNL051 LP64 NP6-7,MNL051,LP64,NP6-7,MNL051 LP64,Urban Deca Homes Manila,MANILA,3,1,BARANGAY 106,,URBAN DECA HOMES MANILA (BUILDING 4),14.625492,120.962374,,4F,EE ROOM BUILDING A,MNL8P,,,,2021-11-01,ISP
MNL051 LP64 NP8,MNL051,LP64,NP8,MNL051 LP64,Urban Deca Homes Manila,MANILA,3,1,BARANGAY 106,,URBAN DECA HOMES MANILA (BUILDING 4),14.625492,120.962374,,5F,EE ROOM BUILDING A,MNL8P,,,,2021-11-01,ISP
MNL051 LP60 NP1-2,MNL051,LP60,NP1-2,MNL051 LP60,Urban Deca Homes Manila,MANILA,3,1,BARANGAY 106,,URBAN DECA HOMES MANILA (BUILDING 3),14.625112,120.961725,,10F,EE ROOM BUILDING A,MNL10P,,,,2021-09-20,ISP
MNL051 LP50 NP6-8,MNL051,LP50,NP6-8,MNL051 LP50,Urban Deca Homes Manila,MANILA,3,1,BARANGAY 106,,URBAN DECA HOMES MANILA (BUILDING 2),14.625918,120.962202,,10F,EE ROOM BUILDING A,MNL7P,,,,2021-09-20,ISP
MNL051 LP74 NP6-8,MNL051,LP74,NP6-8,MNL051 LP74,Urban Deca Homes Manila,MANILA,3,1,BARANGAY 106,,URBAN DECA HOMES MANILA (BUILDING 5),14.624704,120.961961,,8F,AUXILIARY ROOM,MNL9P,,,,2021-11-01,ISP
MNL051 LP49 NP1-2,MNL051,LP49,NP1-2,MNL051 LP49,Urban Deca Homes Manila,MANILA,3,1,BARANGAY 106,,URBAN DECA HOMES MANILA (BUILDING 2),14.625918,120.962202,,7F,EE ROOM BUILDING A,MNL7P,,,,2021-09-20,ISP
MNL051 LP57 NP3-5,MNL051,LP57,NP3-5,MNL051 LP57,Urban Deca Homes Manila,MANILA,3,1,BARANGAY 106,,URBAN DECA HOMES MANILA (BUILDING 3),14.625112,120.961725,,6F,EE ROOM BUILDING A,MNL10P,,,,2021-09-20,ISP
MNL051 LP75 NP1-2,MNL051,LP75,NP1-2,MNL051 LP75,Urban Deca Homes Manila,MANILA,3,1,BARANGAY 106,,URBAN DECA HOMES MANILA (BUILDING 5),14.624704,120.961961,,9F,AUXILIARY ROOM,MNL9P,,,,2021-11-01,ISP
MNL051 LP83 NP3-5,MNL051,LP83,NP3-5,MNL051 LP83,Urban Deca Homes Manila,MANILA,3,1,BARANGAY 106,,URBAN DECA HOMES MANILA (BUILDING 6),14.624296,120.962195,,9F,EE ROOM BUILDING A,MNL11P,,,,2021-11-01,ISP
MNL051 LP81 NP1-2,MNL051,LP81,NP1-2,MNL051 LP81,Urban Deca Homes Manila,MANILA,3,1,BARANGAY 106,,URBAN DECA HOMES MANILA (BUILDING 6),14.624296,120.962195,,5F,EE ROOM BUILDING A,MNL11P,,,,2021-11-01,ISP
MNL051 LP77 NP3-5,MNL051,LP77,NP3-5,MNL051 LP77,Urban Deca Homes Manila,MANILA,3,1,BARANGAY 106,,URBAN DECA HOMES MANILA (BUILDING 5),14.624704,120.961961,,12F,AUXILIARY ROOM,MNL9P,,,,2021-11-01,ISP
MNL051 LP86 NP1-2,MNL051,LP86,NP1-2,MNL051 LP86,Urban Deca Homes Manila,MANILA,3,1,BARANGAY 106,,URBAN DECA HOMES MANILA (BUILDING 6),14.624296,120.962195,,14F,EE ROOM BUILDING A,MNL11P,,,,2021-11-01,ISP
MNL051 LP85 NP6-8,MNL051,LP85,NP6-8,MNL051 LP85,Urban Deca Homes Manila,MANILA,3,1,BARANGAY 106,,URBAN DECA HOMES MANILA (BUILDING 6),14.624296,120.962195,,14F,EE ROOM BUILDING A,MNL11P,,,,2021-11-01,ISP
MNL051 LP83 NP1-2,MNL051,LP83,NP1-2,MNL051 LP83,Urban Deca Homes Manila,MANILA,3,1,BARANGAY 106,,URBAN DECA HOMES MANILA (BUILDING 6),14.624296,120.962195,,8F,EE ROOM BUILDING A,MNL11P,,,,2021-11-01,ISP
MNL051 LP48 NP1-2,MNL051,LP48,NP1-2,MNL051 LP48,Urban Deca Homes Manila,MANILA,3,1,BARANGAY 106,,URBAN DECA HOMES MANILA (BUILDING 2),14.625918,120.962202,,6F,EE ROOM BUILDING A,MNL7P,,,,2021-09-20,ISP
MNL051 LP58 NP6-8,MNL051,LP58,NP6-8,MNL051 LP58,Urban Deca Homes Manila,MANILA,3,1,BARANGAY 106,,URBAN DECA HOMES MANILA (BUILDING 3),14.625112,120.961725,,8F,EE ROOM BUILDING A,MNL10P,,,,2021-09-20,ISP
MNL051 LP61 NP1-2,MNL051,LP61,NP1-2,MNL051 LP61,Urban Deca Homes Manila,MANILA,3,1,BARANGAY 106,,URBAN DECA HOMES MANILA (BUILDING 3),14.625112,120.961725,,12F,EE ROOM BUILDING A,MNL10P,,,,2021-09-20,ISP
MNL051 LP81 NP7-8,MNL051,LP81,NP7-8,MNL051 LP81,Urban Deca Homes Manila,MANILA,3,1,BARANGAY 106,,URBAN DECA HOMES MANILA (BUILDING 6),14.624296,120.962195,,6F,EE ROOM BUILDING A,MNL11P,,,,2021-11-01,ISP
MNL051 LP36 NP6-8,MNL051,LP36,NP6-8,MNL051 LP36,Urban Deca Homes Manila,MANILA,3,1,BARANGAY 106,,URBAN DECA HOMES MANILA (BUILDING 1),14.625586,120.961505,,3F,EE ROOM BUILDING A,MNL6P,,,,2021-09-20,ISP
MNL051 LP63 NP6-8,MNL051,LP63,NP6-8,MNL051 LP63,Urban Deca Homes Manila,MANILA,3,1,BARANGAY 106,,URBAN DECA HOMES MANILA (BUILDING 4),14.625492,120.962374,,3F,EE ROOM BUILDING A,MNL8P,,,,2021-11-01,ISP
MNL051 LP85 NP1-2,MNL051,LP85,NP1-2,MNL051 LP85,Urban Deca Homes Manila,MANILA,3,1,BARANGAY 106,,URBAN DECA HOMES MANILA (BUILDING 6),14.624296,120.962195,,12F,EE ROOM BUILDING A,MNL11P,,,,2021-11-01,ISP
MNL051 LP68 NP1-2,MNL051,LP68,NP1-2,MNL051 LP68,Urban Deca Homes Manila,MANILA,3,1,BARANGAY 106,,URBAN DECA HOMES MANILA (BUILDING 4),14.625492,120.962374,,10F,EE ROOM BUILDING A,MNL8P,,,,2021-11-01,ISP
MNL051 LP70 NP3-5,MNL051,LP70,NP3-5,MNL051 LP70,Urban Deca Homes Manila,MANILA,3,1,BARANGAY 106,,URBAN DECA HOMES MANILA (BUILDING 5),14.624704,120.961961,,2F,AUXILIARY ROOM,MNL9P,,,,2021-11-01,ISP
MNL051 LP65 NP1-2,MNL051,LP65,NP1-2,MNL051 LP65,Urban Deca Homes Manila,MANILA,3,1,BARANGAY 106,,URBAN DECA HOMES MANILA (BUILDING 4),14.625492,120.962374,,5F,EE ROOM BUILDING A,MNL8P,,,,2021-11-01,ISP
MNL051 LP54 NP3-5,MNL051,LP54,NP3-5,MNL051 LP54,Urban Deca Homes Manila,MANILA,3,1,BARANGAY 106,,URBAN DECA HOMES MANILA (BUILDING 3),14.625112,120.961725,,2F,EE ROOM BUILDING A,MNL10P,,,,2021-09-20,ISP
MNL051 LP59 NP6-8,MNL051,LP59,NP6-8,MNL051 LP59,Urban Deca Homes Manila,MANILA,3,1,BARANGAY 106,,URBAN DECA HOMES MANILA (BUILDING 3),14.625112,120.961725,,10F,EE ROOM BUILDING A,MNL10P,,,,2021-09-20,ISP
MNL051 LP67 NP1-2,MNL051,LP67,NP1-2,MNL051 LP67,Urban Deca Homes Manila,MANILA,3,1,BARANGAY 106,,URBAN DECA HOMES MANILA (BUILDING 4),14.625492,120.962374,,8F,EE ROOM BUILDING A,MNL8P,,,,2021-11-01,ISP
MNL051 LP36 NP1-2,MNL051,LP36,NP1-2,MNL051 LP36,Urban Deca Homes Manila,MANILA,3,1,BARANGAY 106,,URBAN DECA HOMES MANILA (BUILDING 1),14.625586,120.961505,,2F,EE ROOM BUILDING A,MNL6P,,,,2021-09-20,ISP
MNL051 LP66 NP3-5,MNL051,LP66,NP3-5,MNL051 LP66,Urban Deca Homes Manila,MANILA,3,1,BARANGAY 106,,URBAN DECA HOMES MANILA (BUILDING 4),14.625492,120.962374,,7F,EE ROOM BUILDING A,MNL8P,,,,2021-11-01,ISP
MNL051 LP37 NP6-8,MNL051,LP37,NP6-8,MNL051 LP37,Urban Deca Homes Manila,MANILA,3,1,BARANGAY 106,,URBAN DECA HOMES MANILA (BUILDING 1),14.625586,120.961505,,4F,EE ROOM BUILDING A,MNL6P,,,,2021-09-20,ISP
MNL051 LP76 NP1-2,MNL051,LP76,NP1-2,MNL051 LP76,Urban Deca Homes Manila,MANILA,3,1,BARANGAY 106,,URBAN DECA HOMES MANILA (BUILDING 5),14.624704,120.961961,,10F,AUXILIARY ROOM,MNL9P,,,,2021-11-01,ISP
MNL051 LP56 NP3-5,MNL051,LP56,NP3-5,MNL051 LP56,Urban Deca Homes Manila,MANILA,3,1,BARANGAY 106,,URBAN DECA HOMES MANILA (BUILDING 3),14.625112,120.961725,,5F,EE ROOM BUILDING A,MNL10P,,,,2021-09-20,ISP
MNL051 LP49 NP3-5,MNL051,LP49,NP3-5,MNL051 LP49,Urban Deca Homes Manila,MANILA,3,1,BARANGAY 106,,URBAN DECA HOMES MANILA (BUILDING 2),14.625918,120.962202,,8F,EE ROOM BUILDING A,MNL7P,,,,2021-09-20,ISP
MNL051 LP58 NP1-2,MNL051,LP58,NP1-2,MNL051 LP58,Urban Deca Homes Manila,MANILA,3,1,BARANGAY 106,,URBAN DECA HOMES MANILA (BUILDING 3),14.625112,120.961725,,7F,EE ROOM BUILDING A,MNL10P,,,,2021-09-20,ISP
MNL051 LP43 NP6-8,MNL051,LP43,NP6-8,MNL051 LP43,Urban Deca Homes Manila,MANILA,3,1,BARANGAY 106,,URBAN DECA HOMES MANILA (BUILDING 1),14.625586,120.961505,,14F,EE ROOM BUILDING A,MNL6P,,,,2021-09-20,ISP
MNL051 LP72 NP6-8,MNL051,LP72,NP6-8,MNL051 LP72,Urban Deca Homes Manila,MANILA,3,1,BARANGAY 106,,URBAN DECA HOMES MANILA (BUILDING 5),14.624704,120.961961,,5F,AUXILIARY ROOM,MNL9P,,,,2021-11-01,ISP
MNL051 LP67 NP8,MNL051,LP67,NP8,MNL051 LP67,Urban Deca Homes Manila,MANILA,3,1,BARANGAY 106,,URBAN DECA HOMES MANILA (BUILDING 4),14.625492,120.962374,,10F,EE ROOM BUILDING A,MNL8P,,,,2021-11-01,ISP
MNL051 LP46 NP3-5,MNL051,LP46,NP3-5,MNL051 LP46,Urban Deca Homes Manila,MANILA,3,1,BARANGAY 106,,URBAN DECA HOMES MANILA (BUILDING 2),14.625918,120.962202,,3F,EE ROOM BUILDING A,MNL7P,,,,2021-09-20,ISP
MNL051 LP51 NP6-8,MNL051,LP51,NP6-8,MNL051 LP51,Urban Deca Homes Manila,MANILA,3,1,BARANGAY 106,,URBAN DECA HOMES MANILA (BUILDING 2),14.625918,120.962202,,11F,EE ROOM BUILDING A,MNL7P,,,,2021-09-20,ISP
MNL051 LP79 NP3-5,MNL051,LP79,NP3-5,MNL051 LP79,Urban Deca Homes Manila,MANILA,3,1,BARANGAY 106,,URBAN DECA HOMES MANILA (BUILDING 6),14.624296,120.962195,,2F,EE ROOM BUILDING A,MNL11P,,,,2021-11-01,ISP
MNL051 LP60 NP3-5,MNL051,LP60,NP3-5,MNL051 LP60,Urban Deca Homes Manila,MANILA,3,1,BARANGAY 106,,URBAN DECA HOMES MANILA (BUILDING 3),14.625112,120.961725,,11F,EE ROOM BUILDING A,MNL10P,,,,2021-09-20,ISP
MNL051 LP73 NP3-5,MNL051,LP73,NP3-5,MNL051 LP73,Urban Deca Homes Manila,MANILA,3,1,BARANGAY 106,,URBAN DECA HOMES MANILA (BUILDING 5),14.624704,120.961961,,6F,AUXILIARY ROOM,MNL9P,,,,2021-11-01,ISP
MNL051 LP79 NP1-2,MNL051,LP79,NP1-2,MNL051 LP79,Urban Deca Homes Manila,MANILA,3,1,BARANGAY 106,,URBAN DECA HOMES MANILA (BUILDING 6),14.624296,120.962195,,2F,EE ROOM BUILDING A,MNL11P,,,,2021-11-01,ISP
MNL051 LP55 NP6-8,MNL051,LP55,NP6-8,MNL051 LP55,Urban Deca Homes Manila,MANILA,3,1,BARANGAY 106,,URBAN DECA HOMES MANILA (BUILDING 3),14.625112,120.961725,,4F,EE ROOM BUILDING A,MNL10P,,,,2021-09-20,ISP
MNL051 LP84 NP3,MNL051,LP84,NP3,MNL051 LP84,Urban Deca Homes Manila,MANILA,3,1,BARANGAY 106,,URBAN DECA HOMES MANILA (BUILDING 6),14.624296,120.962195,,10F,EE ROOM BUILDING A,MNL11P,,,,2021-11-01,ISP
MNL051 LP84 NP1-2,MNL051,LP84,NP1-2,MNL051 LP84,Urban Deca Homes Manila,MANILA,3,1,BARANGAY 106,,URBAN DECA HOMES MANILA (BUILDING 6),14.624296,120.962195,,10F,EE ROOM BUILDING A,MNL11P,,,,2021-11-01,ISP
MNL051 LP83 NP6-8,MNL051,LP83,NP6-8,MNL051 LP83,Urban Deca Homes Manila,MANILA,3,1,BARANGAY 106,,URBAN DECA HOMES MANILA (BUILDING 6),14.624296,120.962195,,9F,EE ROOM BUILDING A,MNL11P,,,,2021-11-01,ISP
MNL051 LP82 NP6-8,MNL051,LP82,NP6-8,MNL051 LP82,Urban Deca Homes Manila,MANILA,3,1,BARANGAY 106,,URBAN DECA HOMES MANILA (BUILDING 6),14.624296,120.962195,,8F,EE ROOM BUILDING A,MNL11P,,,,2021-11-01,ISP
MNL051 LP73 NP6-8,MNL051,LP73,NP6-8,MNL051 LP73,Urban Deca Homes Manila,MANILA,3,1,BARANGAY 106,,URBAN DECA HOMES MANILA (BUILDING 5),14.624704,120.961961,,7F,AUXILIARY ROOM,MNL9P,,,,2021-11-01,ISP
MNL051 LP79 NP6-8,MNL051,LP79,NP6-8,MNL051 LP79,Urban Deca Homes Manila,MANILA,3,1,BARANGAY 106,,URBAN DECA HOMES MANILA (BUILDING 6),14.624296,120.962195,,3F,EE ROOM BUILDING A,MNL11P,,,,2021-11-01,ISP
MNL051 LP55 NP1-2,MNL051,LP55,NP1-2,MNL051 LP55,Urban Deca Homes Manila,MANILA,3,1,BARANGAY 106,,URBAN DECA HOMES MANILA (BUILDING 3),14.625112,120.961725,,3F,EE ROOM BUILDING A,MNL10P,,,,2021-09-20,ISP
MNL051 LP39 NP1-2,MNL051,LP39,NP1-2,MNL051 LP39,Urban Deca Homes Manila,MANILA,3,1,BARANGAY 106,,URBAN DECA HOMES MANILA (BUILDING 1),14.625586,120.961505,,5F,EE ROOM BUILDING A,MNL6P,,,,2021-09-20,ISP
MNL051 LP70 NP6-8,MNL051,LP70,NP6-8,MNL051 LP70,Urban Deca Homes Manila,MANILA,3,1,BARANGAY 106,,URBAN DECA HOMES MANILA (BUILDING 5),14.624704,120.961961,,3F,AUXILIARY ROOM,MNL9P,,,,2021-11-01,ISP
MNL051 LP56 NP6-8,MNL051,LP56,NP6-8,MNL051 LP56,Urban Deca Homes Manila,MANILA,3,1,BARANGAY 106,,URBAN DECA HOMES MANILA (BUILDING 3),14.625112,120.961725,,5F,EE ROOM BUILDING A,MNL10P,,,,2021-09-20,ISP
MNL051 LP69 NP6-8,MNL051,LP69,NP6-8,MNL051 LP69,Urban Deca Homes Manila,MANILA,3,1,BARANGAY 106,,URBAN DECA HOMES MANILA (BUILDING 4),14.625492,120.962374,,14F,EE ROOM BUILDING A,MNL8P,,,,2021-11-01,ISP
MNL051 LP55 NP3-5,MNL051,LP55,NP3-5,MNL051 LP55,Urban Deca Homes Manila,MANILA,3,1,BARANGAY 106,,URBAN DECA HOMES MANILA (BUILDING 3),14.625112,120.961725,,3F,EE ROOM BUILDING A,MNL10P,,,,2021-09-20,ISP
MNL051 LP82 NP1-2,MNL051,LP82,NP1-2,MNL051 LP82,Urban Deca Homes Manila,MANILA,3,1,BARANGAY 106,,URBAN DECA HOMES MANILA (BUILDING 6),14.624296,120.962195,,7F,EE ROOM BUILDING A,MNL11P,,,,2021-11-01,ISP
MNL051 LP43 NP1-2,MNL051,LP43,NP1-2,MNL051 LP43,Urban Deca Homes Manila,MANILA,3,1,BARANGAY 106,,URBAN DECA HOMES MANILA (BUILDING 1),14.625586,120.961505,,12F,EE ROOM BUILDING A,MNL6P,,,,2021-09-20,ISP
MNL051 LP39 NP3-5,MNL051,LP39,NP3-5,MNL051 LP39,Urban Deca Homes Manila,MANILA,3,1,BARANGAY 106,,URBAN DECA HOMES MANILA (BUILDING 1),14.625586,120.961505,,6F,EE ROOM BUILDING A,MNL6P,,,,2021-09-20,ISP
MNL051 LP46 NP1-2,MNL051,LP46,NP1-2,MNL051 LP46,Urban Deca Homes Manila,MANILA,3,1,BARANGAY 106,,URBAN DECA HOMES MANILA (BUILDING 2),14.625918,120.962202,,3F,EE ROOM BUILDING A,MNL7P,,,,2021-09-20,ISP
MNL051 LP68 NP6-8,MNL051,LP68,NP6-8,MNL051 LP68,Urban Deca Homes Manila,MANILA,3,1,BARANGAY 106,,URBAN DECA HOMES MANILA (BUILDING 4),14.625492,120.962374,,11F,EE ROOM BUILDING A,MNL8P,,,,2021-11-01,ISP
MNL051 LP84 NP4-6,MNL051,LP84,NP4-6,MNL051 LP84,Urban Deca Homes Manila,MANILA,3,1,BARANGAY 106,,URBAN DECA HOMES MANILA (BUILDING 6),14.624296,120.962195,,11F,EE ROOM BUILDING A,MNL11P,,,,2021-11-01,ISP
MNL051 LP84 NP7-8,MNL051,LP84,NP7-8,MNL051 LP84,Urban Deca Homes Manila,MANILA,3,1,BARANGAY 106,,URBAN DECA HOMES MANILA (BUILDING 6),14.624296,120.962195,,11F,EE ROOM BUILDING A,MNL11P,,,,2021-11-01,ISP
MNL051 LP73 NP1-2,MNL051,LP73,NP1-2,MNL051 LP73,Urban Deca Homes Manila,MANILA,3,1,BARANGAY 106,,URBAN DECA HOMES MANILA (BUILDING 5),14.624704,120.961961,,6F,AUXILIARY ROOM,MNL9P,,,,2021-11-01,ISP
MNL051 LP59 NP1-2,MNL051,LP59,NP1-2,MNL051 LP59,Urban Deca Homes Manila,MANILA,3,1,BARANGAY 106,,URBAN DECA HOMES MANILA (BUILDING 3),14.625112,120.961725,,9F,EE ROOM BUILDING A,MNL10P,,,,2021-09-20,ISP
MNL051 LP41 NP1-2,MNL051,LP41,NP1-2,MNL051 LP41,Urban Deca Homes Manila,MANILA,3,1,BARANGAY 106,,URBAN DECA HOMES MANILA (BUILDING 1),14.625586,120.961505,,9F,EE ROOM BUILDING A,MNL6P,,,,2021-09-20,ISP
MNL051 LP66 NP6-8,MNL051,LP66,NP6-8,MNL051 LP66,Urban Deca Homes Manila,MANILA,3,1,BARANGAY 106,,URBAN DECA HOMES MANILA (BUILDING 4),14.625492,120.962374,,8F,EE ROOM BUILDING A,MNL8P,,,,2021-11-01,ISP
MNL051 LP38 NP3-5,MNL051,LP38,NP3-5,MNL051 LP38,Urban Deca Homes Manila,MANILA,3,1,BARANGAY 106,,URBAN DECA HOMES MANILA (BUILDING 1),14.625586,120.961505,,5F,EE ROOM BUILDING A,MNL6P,,,,2021-09-20,ISP
MNL051 LP81 NP3,MNL051,LP81,NP3,MNL051 LP81,Urban Deca Homes Manila,MANILA,3,1,BARANGAY 106,,URBAN DECA HOMES MANILA (BUILDING 6),14.624296,120.962195,,5F,EE ROOM BUILDING A,MNL11P,,,,2021-11-01,ISP
MNL051 LP38 NP1-2,MNL051,LP38,NP1-2,MNL051 LP38,Urban Deca Homes Manila,MANILA,3,1,BARANGAY 106,,URBAN DECA HOMES MANILA (BUILDING 1),14.625586,120.961505,,4F,EE ROOM BUILDING A,MNL6P,,,,2021-09-20,ISP
MNL051 LP66 NP1-2,MNL051,LP66,NP1-2,MNL051 LP66,Urban Deca Homes Manila,MANILA,3,1,BARANGAY 106,,URBAN DECA HOMES MANILA (BUILDING 4),14.625492,120.962374,,7F,EE ROOM BUILDING A,MNL8P,,,,2021-11-01,ISP
MNL051 LP40 NP6-8,MNL051,LP40,NP6-8,MNL051 LP40,Urban Deca Homes Manila,MANILA,3,1,BARANGAY 106,,URBAN DECA HOMES MANILA (BUILDING 1),14.625586,120.961505,,8F,EE ROOM BUILDING A,MNL6P,,,,2021-09-20,ISP
MNL051 LP74 NP1-2,MNL051,LP74,NP1-2,MNL051 LP74,Urban Deca Homes Manila,MANILA,3,1,BARANGAY 106,,URBAN DECA HOMES MANILA (BUILDING 5),14.624704,120.961961,,7F,AUXILIARY ROOM,MNL9P,,,,2021-11-01,ISP
MNL051 LP63 NP1-2,MNL051,LP63,NP1-2,MNL051 LP63,Urban Deca Homes Manila,MANILA,3,1,BARANGAY 106,,URBAN DECA HOMES MANILA (BUILDING 4),14.625492,120.962374,,2F,EE ROOM BUILDING A,MNL8P,,,,2021-11-01,ISP
MNL051 LP63 NP3-5,MNL051,LP63,NP3-5,MNL051 LP63,Urban Deca Homes Manila,MANILA,3,1,BARANGAY 106,,URBAN DECA HOMES MANILA (BUILDING 4),14.625492,120.962374,,2F,EE ROOM BUILDING A,MNL8P,,,,2021-11-01,ISP
MNL051 LP44 NP1-2,MNL051,LP44,NP1-2,MNL051 LP44,Urban Deca Homes Manila,MANILA,3,1,BARANGAY 106,,URBAN DECA HOMES MANILA (BUILDING 1),14.625586,120.961505,,14F,EE ROOM BUILDING A,MNL6P,,,,2021-09-20,ISP
MNL051 LP41 NP6-8,MNL051,LP41,NP6-8,MNL051 LP41,Urban Deca Homes Manila,MANILA,3,1,BARANGAY 106,,URBAN DECA HOMES MANILA (BUILDING 1),14.625586,120.961505,,10F,EE ROOM BUILDING A,MNL6P,,,,2021-09-20,ISP
MNL051 LP74 NP3-5,MNL051,LP74,NP3-5,MNL051 LP74,Urban Deca Homes Manila,MANILA,3,1,BARANGAY 106,,URBAN DECA HOMES MANILA (BUILDING 5),14.624704,120.961961,,8F,AUXILIARY ROOM,MNL9P,,,,2021-11-01,ISP
MNL051 LP54 NP6-8,MNL051,LP54,NP6-8,MNL051 LP54,Urban Deca Homes Manila,MANILA,3,1,BARANGAY 106,,URBAN DECA HOMES MANILA (BUILDING 3),14.625112,120.961725,,3F,EE ROOM BUILDING A,MNL10P,,,,2021-09-20,ISP
MNL051 LP42 NP6-8,MNL051,LP42,NP6-8,MNL051 LP42,Urban Deca Homes Manila,MANILA,3,1,BARANGAY 106,,URBAN DECA HOMES MANILA (BUILDING 1),14.625586,120.961505,,11F,EE ROOM BUILDING A,MNL6P,,,,2021-09-20,ISP
MNL051 LP85 NP3-5,MNL051,LP85,NP3-5,MNL051 LP85,Urban Deca Homes Manila,MANILA,3,1,BARANGAY 106,,URBAN DECA HOMES MANILA (BUILDING 6),14.624296,120.962195,,12F,EE ROOM BUILDING A,MNL11P,,,,2021-11-01,ISP
MNL051 LP49 NP6-8,MNL051,LP49,NP6-8,MNL051 LP49,Urban Deca Homes Manila,MANILA,3,1,BARANGAY 106,,URBAN DECA HOMES MANILA (BUILDING 2),14.625918,120.962202,,8F,EE ROOM BUILDING A,MNL7P,,,,2021-09-20,ISP
MNL051 LP69 NP3-5,MNL051,LP69,NP3-5,MNL051 LP69,Urban Deca Homes Manila,MANILA,3,1,BARANGAY 106,,URBAN DECA HOMES MANILA (BUILDING 4),14.625492,120.962374,,12F,EE ROOM BUILDING A,MNL8P,,,,2021-11-01,ISP
MNL051 LP50 NP1-2,MNL051,LP50,NP1-2,MNL051 LP50,Urban Deca Homes Manila,MANILA,3,1,BARANGAY 106,,URBAN DECA HOMES MANILA (BUILDING 2),14.625918,120.962202,,9F,EE ROOM BUILDING A,MNL7P,,,,2021-09-20,ISP
MNL051 LP41 NP3-5,MNL051,LP41,NP3-5,MNL051 LP41,Urban Deca Homes Manila,MANILA,3,1,BARANGAY 106,,URBAN DECA HOMES MANILA (BUILDING 1),14.625586,120.961505,,9F,EE ROOM BUILDING A,MNL6P,,,,2021-09-20,ISP
MNL051 LP52 NP3-5,MNL051,LP52,NP3-5,MNL051 LP52,Urban Deca Homes Manila,MANILA,3,1,BARANGAY 106,,URBAN DECA HOMES MANILA (BUILDING 2),14.625918,120.962202,,12F,EE ROOM BUILDING A,MNL7P,,,,2021-09-20,ISP
MNL051 LP58 NP3-5,MNL051,LP58,NP3-5,MNL051 LP58,Urban Deca Homes Manila,MANILA,3,1,BARANGAY 106,,URBAN DECA HOMES MANILA (BUILDING 3),14.625112,120.961725,,8F,EE ROOM BUILDING A,MNL10P,,,,2021-09-20,ISP
MNL051 LP56 NP1-2,MNL051,LP56,NP1-2,MNL051 LP56,Urban Deca Homes Manila,MANILA,3,1,BARANGAY 106,,URBAN DECA HOMES MANILA (BUILDING 3),14.625112,120.961725,,4F,EE ROOM BUILDING A,MNL10P,,,,2021-09-20,ISP
MNL051 LP48 NP6-8,MNL051,LP48,NP6-8,MNL051 LP48,Urban Deca Homes Manila,MANILA,3,1,BARANGAY 106,,URBAN DECA HOMES MANILA (BUILDING 2),14.625918,120.962202,,7F,EE ROOM BUILDING A,MNL7P,,,,2021-09-20,ISP
MNL051 LP70 NP1-2,MNL051,LP70,NP1-2,MNL051 LP70,Urban Deca Homes Manila,MANILA,3,1,BARANGAY 106,,URBAN DECA HOMES MANILA (BUILDING 5),14.624704,120.961961,,2F,AUXILIARY ROOM,MNL9P,,,,2021-11-01,ISP
MNL051 LP42 NP3-5,MNL051,LP42,NP3-5,MNL051 LP42,Urban Deca Homes Manila,MANILA,3,1,BARANGAY 106,,URBAN DECA HOMES MANILA (BUILDING 1),14.625586,120.961505,,11F,EE ROOM BUILDING A,MNL6P,,,,2021-09-20,ISP
MNL051 LP71 NP1-2,MNL051,LP71,NP1-2,MNL051 LP71,Urban Deca Homes Manila,MANILA,3,1,BARANGAY 106,,URBAN DECA HOMES MANILA (BUILDING 5),14.624704,120.961961,,3F,AUXILIARY ROOM,MNL9P,,,,2021-11-01,ISP
MNL003 LP152 NP1-2,MNL003,LP152,NP1-2,MNL003 LP152,City Square,MANILA,3,1,BARANGAY 107,,,14.62010874,120.9608074,,,,,,,16,2018-12-11,OSP
MNL003 LP152 NP3-4,MNL003,LP152,NP3-4,MNL003 LP152,City Square,MANILA,3,1,BARANGAY 107,,,14.62025915,120.9600483,,,,,,,16,2018-12-11,OSP
MNL003 LP148 NP1-2,MNL003,LP148,NP1-2,MNL003 LP148,City Square,MANILA,3,1,BARANGAY 107,,,14.61800535,120.9621846,,,,,,,16,2018-11-29,OSP
MNL003 LP149 NP5-6,MNL003,LP149,NP5-6,MNL003 LP149,City Square,MANILA,3,1,BARANGAY 107,,,14.61782117,120.961039,,,,,,,16,2018-11-29,OSP
MNL003 LP149 NP7-8,MNL003,LP149,NP7-8,MNL003 LP149,City Square,MANILA,3,1,BARANGAY 107,,,14.61778803,120.9605827,,,,,,,16,2018-11-29,OSP
MNL003 LP145 NP3-4,MNL003,LP145,NP3-4,MNL003 LP145,City Square,MANILA,3,1,BARANGAY 107,,,14.61915782,120.9614135,,,,,,,16,2018-12-11,OSP
MNL003 LP145 NP5-6,MNL003,LP145,NP5-6,MNL003 LP145,City Square,MANILA,3,1,BARANGAY 107,,,14.61884497,120.9610594,,,,,,,16,2018-12-11,OSP
MNL003 LP145 NP7-8,MNL003,LP145,NP7-8,MNL003 LP145,City Square,MANILA,3,1,BARANGAY 107,,,14.61828086,120.9610772,,,,,,,16,2018-12-11,OSP
MNL003 LP146 NP3-4,MNL003,LP146,NP3-4,MNL003 LP146,City Square,MANILA,3,1,BARANGAY 107,,,14.61800615,120.9624339,,,,,,,16,2018-12-11,OSP
MNL003 LP393 NP1-2,MNL003,LP393,NP1-2,MNL003 LP393,City Square,MANILA,3,1,BARANGAY 107,,,14.61838817,120.9619023,,,,,,,16,2019-06-16,OSP
MNL003 LP393 NP3-4,MNL003,LP393,NP3-4,MNL003 LP393,City Square,MANILA,3,1,BARANGAY 107,,,14.61842714,120.9615479,,,,,,,16,2019-06-16,OSP
MNL036 LP143 NP7-8,MNL036,LP143,NP7-8,MNL036 LP143,Juan Luna/ Solis,MANILA,3,1,BARANGAY 107,,,14.617802,120.961388,,,,,,,16,2020-11-28,OSP
MNL036 LP13 NP1-2,MNL036,LP13,NP1-2,MNL036 LP13,Juan Luna/ Solis,MANILA,3,1,BARANGAY 107,,,14.617876,120.961306,,,,,,,16,2020-07-30,OSP
MNL036 LP13 NP3-4,MNL036,LP13,NP3-4,MNL036 LP13,Juan Luna/ Solis,MANILA,3,1,BARANGAY 107,,,14.618178,120.961068,,,,,,,16,2020-07-30,OSP
MNL036 LP13 NP5-6,MNL036,LP13,NP5-6,MNL036 LP13,Juan Luna/ Solis,MANILA,3,1,BARANGAY 107,,,14.617787,120.960204,,,,,,,16,2020-07-30,OSP
MNL036 LP13 NP7-8,MNL036,LP13,NP7-8,MNL036 LP13,Juan Luna/ Solis,MANILA,3,1,BARANGAY 107,,,14.618142,120.960826,,,,,,,16,2020-07-30,OSP
MNL036 LP12 NP7-8,MNL036,LP12,NP7-8,MNL036 LP12,Juan Luna/ Solis,MANILA,3,1,BARANGAY 107,,,14.61798,120.961865,,,,,,,16,2020-07-30,OSP
MNL036 LP110 NP5-6,MNL036,LP110,NP5-6,MNL036 LP110,Juan Luna/ Solis,MANILA,3,1,BARANGAY 107,,,14.618362,120.961938,,,,,,,16,2020-11-29,OSP
MNL036 LP111 NP1-2,MNL036,LP111,NP1-2,MNL036 LP111,Juan Luna/ Solis,MANILA,3,1,BARANGAY 107,,,14.619354,120.960525,,,,,,,16,2020-11-29,OSP
MNL036 LP111 NP3-4,MNL036,LP111,NP3-4,MNL036 LP111,Juan Luna/ Solis,MANILA,3,1,BARANGAY 107,,,14.619408,120.960863,,,,,,,16,2020-11-29,OSP
MNL036 LP111 NP5-6,MNL036,LP111,NP5-6,MNL036 LP111,Juan Luna/ Solis,MANILA,3,1,BARANGAY 107,,,14.619849,120.960811,,,,,,,16,2020-11-29,OSP
MNL036 LP111 NP7-8,MNL036,LP111,NP7-8,MNL036 LP111,Juan Luna/ Solis,MANILA,3,1,BARANGAY 107,,,14.619423,120.961294,,,,,,,16,2020-11-29,OSP
MNL036 LP110 NP1-2,MNL036,LP110,NP1-2,MNL036 LP110,Juan Luna/ Solis,MANILA,3,1,BARANGAY 107,,,14.618282,120.9613,,,,,,,16,2020-11-29,OSP
MNL036 LP110 NP3-4,MNL036,LP110,NP3-4,MNL036 LP110,Juan Luna/ Solis,MANILA,3,1,BARANGAY 107,,,14.61912,120.96144,,,,,,,16,2020-11-29,OSP
MNL045 LP20 NP3-4,MNL045,LP20,NP3-4,MNL045 LP20,Radial Road 10,MANILA,3,1,BARANGAY 107,,,14.617798,120.961386,,,,,,,16,2021-08-30,OSP
MNL045 LP20 NP5-6,MNL045,LP20,NP5-6,MNL045 LP20,Radial Road 10,MANILA,3,1,BARANGAY 107,,,14.617872,120.961228,,,,,,,16,2021-08-30,OSP
MNL045 LP20 NP7-8,MNL045,LP20,NP7-8,MNL045 LP20,Radial Road 10,MANILA,3,1,BARANGAY 107,,,14.617846,120.961083,,,,,,,16,2021-08-30,OSP
MNL045 LP17 NP3-4,MNL045,LP17,NP3-4,MNL045 LP17,Radial Road 10,MANILA,3,1,BARANGAY 107,,,14.618045,120.962171,,,,,,,16,2021-08-30,OSP
MNL045 LP17 NP5-6,MNL045,LP17,NP5-6,MNL045 LP17,Radial Road 10,MANILA,3,1,BARANGAY 107,,,14.617974,120.961839,,,,,,,16,2021-08-30,OSP
MNL045 LP22 NP7-8,MNL045,LP22,NP7-8,MNL045 LP22,Radial Road 10,MANILA,3,1,BARANGAY 107,,,14.61769,120.96047,,,,,,,16,2021-08-30,OSP
MNL045 LP23 NP1-2,MNL045,LP23,NP1-2,MNL045 LP23,Radial Road 10,MANILA,3,1,BARANGAY 107,,,14.617801,120.960411,,,,,,,16,2021-08-30,OSP
MNL045 LP15 NP1-2,MNL045,LP15,NP1-2,MNL045 LP15,Radial Road 10,MANILA,3,1,BARANGAY 107,,,14.618002,120.962446,,,,,,,16,2021-08-30,OSP
MNL045 LP305 NP1-2,MNL045,LP305,NP1-2,MNL045 LP305,Radial Road 10,MANILA,3,1,BARANGAY 107,,,14.617846,120.961026,,,,,,,16,2021-10-25,OSP
MNL045 LP305 NP3-5,MNL045,LP305,NP3-5,MNL045 LP305,Radial Road 10,MANILA,3,1,BARANGAY 107,,,14.617846,120.961026,,,,,,,24,2021-10-25,OSP
MNL045 LP305 NP6-8,MNL045,LP305,NP6-8,MNL045 LP305,Radial Road 10,MANILA,3,1,BARANGAY 107,,,14.617834,120.960841,,,,,,,24,2021-10-25,OSP
MNL045 LP306 NP1-2,MNL045,LP306,NP1-2,MNL045 LP306,Radial Road 10,MANILA,3,1,BARANGAY 107,,,14.617827,120.960676,,,,,,,16,2021-10-25,OSP
MNL045 LP306 NP3-5,MNL045,LP306,NP3-5,MNL045 LP306,Radial Road 10,MANILA,3,1,BARANGAY 107,,,14.617827,120.960676,,,,,,,24,2021-10-25,OSP
MNL045 LP306 NP6-8,MNL045,LP306,NP6-8,MNL045 LP306,Radial Road 10,MANILA,3,1,BARANGAY 107,,,14.617819,120.960573,,,,,,,24,2021-10-25,OSP
MNL045 LP307 NP1-2,MNL045,LP307,NP1-2,MNL045 LP307,Radial Road 10,MANILA,3,1,BARANGAY 107,,,14.6178,120.960197,,,,,,,16,2021-10-25,OSP
MNL045 LP307 NP3-5,MNL045,LP307,NP3-5,MNL045 LP307,Radial Road 10,MANILA,3,1,BARANGAY 107,,,14.6178,120.960197,,,,,,,24,2021-10-25,OSP
MNL045 LP307 NP6-8,MNL045,LP307,NP6-8,MNL045 LP307,Radial Road 10,MANILA,3,1,BARANGAY 107,,,14.618182,120.960172,,,,,,,24,2021-10-25,OSP
MNL045 LP308 NP1-2,MNL045,LP308,NP1-2,MNL045 LP308,Radial Road 10,MANILA,3,1,BARANGAY 107,,,14.618369,120.960174,,,,,,,16,2021-10-25,OSP
MNL045 LP308 NP3-5,MNL045,LP308,NP3-5,MNL045 LP308,Radial Road 10,MANILA,3,1,BARANGAY 107,,,14.618369,120.960174,,,,,,,24,2021-10-25,OSP
MNL045 LP308 NP6-8,MNL045,LP308,NP6-8,MNL045 LP308,Radial Road 10,MANILA,3,1,BARANGAY 107,,,14.618648,120.960156,,,,,,,24,2021-10-25,OSP
MNL045 LP309 NP1-2,MNL045,LP309,NP1-2,MNL045 LP309,Radial Road 10,MANILA,3,1,BARANGAY 107,,,14.618648,120.960156,,,,,,,16,2021-10-25,OSP
MNL045 LP309 NP3-5,MNL045,LP309,NP3-5,MNL045 LP309,Radial Road 10,MANILA,3,1,BARANGAY 107,,,14.619303,120.960094,,,,,,,24,2021-10-25,OSP
MNL045 LP309 NP6-8,MNL045,LP309,NP6-8,MNL045 LP309,Radial Road 10,MANILA,3,1,BARANGAY 107,,,14.619303,120.960094,,,,,,,24,2021-10-25,OSP
MNL045 LP300 NP1-2,MNL045,LP300,NP1-2,MNL045 LP300,Radial Road 10,MANILA,3,1,BARANGAY 107,,,14.619714,120.960778,,,,,,,16,2021-10-25,OSP
MNL045 LP300 NP3-5,MNL045,LP300,NP3-5,MNL045 LP300,Radial Road 10,MANILA,3,1,BARANGAY 107,,,14.619714,120.960778,,,,,,,24,2021-10-25,OSP
MNL045 LP300 NP6-8,MNL045,LP300,NP6-8,MNL045 LP300,Radial Road 10,MANILA,3,1,BARANGAY 107,,,14.620112,120.96081,,,,,,,24,2021-10-25,OSP
MNL045 LP304 NP1-2,MNL045,LP304,NP1-2,MNL045 LP304,Radial Road 10,MANILA,3,1,BARANGAY 107,,,14.618455,120.961074,,,,,,,16,2021-10-25,OSP
MNL045 LP304 NP3-5,MNL045,LP304,NP3-5,MNL045 LP304,Radial Road 10,MANILA,3,1,BARANGAY 107,,,14.618455,120.961074,,,,,,,24,2021-10-25,OSP
MNL045 LP304 NP6-8,MNL045,LP304,NP6-8,MNL045 LP304,Radial Road 10,MANILA,3,1,BARANGAY 107,,,14.618179,120.961076,,,,,,,24,2021-10-25,OSP
MNL045 LP296 NP6-8,MNL045,LP296,NP6-8,MNL045 LP296,Radial Road 10,MANILA,3,1,BARANGAY 107,,,14.618904,120.961283,,,,,,,24,2021-10-25,OSP
MNL045 LP297 NP1-2,MNL045,LP297,NP1-2,MNL045 LP297,Radial Road 10,MANILA,3,1,BARANGAY 107,,,14.618862,120.96106,,,,,,,16,2021-10-25,OSP
MNL045 LP297 NP3-5,MNL045,LP297,NP3-5,MNL045 LP297,Radial Road 10,MANILA,3,1,BARANGAY 107,,,14.618862,120.96106,,,,,,,24,2021-10-25,OSP
MNL045 LP297 NP6-8,MNL045,LP297,NP6-8,MNL045 LP297,Radial Road 10,MANILA,3,1,BARANGAY 107,,,14.619126,120.960936,,,,,,,24,2021-10-25,OSP
MNL045 LP298 NP1-2,MNL045,LP298,NP1-2,MNL045 LP298,Radial Road 10,MANILA,3,1,BARANGAY 107,,,14.619438,120.960857,,,,,,,16,2021-10-25,OSP
MNL045 LP298 NP3-5,MNL045,LP298,NP3-5,MNL045 LP298,Radial Road 10,MANILA,3,1,BARANGAY 107,,,14.619438,120.960857,,,,,,,24,2021-10-25,OSP
MNL045 LP298 NP6-8,MNL045,LP298,NP6-8,MNL045 LP298,Radial Road 10,MANILA,3,1,BARANGAY 107,,,14.619368,120.960547,,,,,,,24,2021-10-25,OSP
MNL045 LP299 NP1-2,MNL045,LP299,NP1-2,MNL045 LP299,Radial Road 10,MANILA,3,1,BARANGAY 107,,,14.619752,120.960331,,,,,,,16,2021-10-25,OSP
MNL045 LP299 NP3-5,MNL045,LP299,NP3-5,MNL045 LP299,Radial Road 10,MANILA,3,1,BARANGAY 107,,,14.619752,120.960331,,,,,,,24,2021-10-25,OSP
MNL045 LP299 NP6-8,MNL045,LP299,NP6-8,MNL045 LP299,Radial Road 10,MANILA,3,1,BARANGAY 107,,,14.619718,120.960571,,,,,,,24,2021-10-25,OSP
MNL045 LP291 NP6-8,MNL045,LP291,NP6-8,MNL045 LP291,Radial Road 10,MANILA,3,1,BARANGAY 107,,,14.619818,120.961402,,,,,,,24,2021-10-25,OSP
MNL045 LP292 NP1-2,MNL045,LP292,NP1-2,MNL045 LP292,Radial Road 10,MANILA,3,1,BARANGAY 107,,,14.619163,120.961408,,,,,,,16,2021-10-25,OSP
MNL045 LP292 NP3-5,MNL045,LP292,NP3-5,MNL045 LP292,Radial Road 10,MANILA,3,1,BARANGAY 107,,,14.619163,120.961408,,,,,,,24,2021-10-25,OSP
MNL045 LP292 NP6-8,MNL045,LP292,NP6-8,MNL045 LP292,Radial Road 10,MANILA,3,1,BARANGAY 107,,,14.618777,120.961657,,,,,,,24,2021-10-25,OSP
MNL045 LP293 NP1-2,MNL045,LP293,NP1-2,MNL045 LP293,Radial Road 10,MANILA,3,1,BARANGAY 107,,,14.618406,120.961898,,,,,,,16,2021-10-25,OSP
MNL045 LP293 NP3-5,MNL045,LP293,NP3-5,MNL045 LP293,Radial Road 10,MANILA,3,1,BARANGAY 107,,,14.618406,120.961898,,,,,,,24,2021-10-25,OSP
MNL045 LP293 NP6-8,MNL045,LP293,NP6-8,MNL045 LP293,Radial Road 10,MANILA,3,1,BARANGAY 107,,,14.618175,120.962031,,,,,,,24,2021-10-25,OSP
MNL045 LP294 NP1-2,MNL045,LP294,NP1-2,MNL045 LP294,Radial Road 10,MANILA,3,1,BARANGAY 107,,,14.618048,120.962164,,,,,,,16,2021-10-25,OSP
MNL045 LP294 NP3-5,MNL045,LP294,NP3-5,MNL045 LP294,Radial Road 10,MANILA,3,1,BARANGAY 107,,,14.618048,120.962164,,,,,,,24,2021-10-25,OSP
MNL045 LP294 NP6-8,MNL045,LP294,NP6-8,MNL045 LP294,Radial Road 10,MANILA,3,1,BARANGAY 107,,,14.617971,120.961842,,,,,,,24,2021-10-25,OSP
MNL045 LP295 NP1-2,MNL045,LP295,NP1-2,MNL045 LP295,Radial Road 10,MANILA,3,1,BARANGAY 107,,,14.61821,120.961672,,,,,,,16,2021-10-25,OSP
MNL045 LP295 NP3-5,MNL045,LP295,NP3-5,MNL045 LP295,Radial Road 10,MANILA,3,1,BARANGAY 107,,,14.61821,120.961672,,,,,,,24,2021-10-25,OSP
MNL045 LP295 NP6-8,MNL045,LP295,NP6-8,MNL045 LP295,Radial Road 10,MANILA,3,1,BARANGAY 107,,,14.618453,120.961555,,,,,,,24,2021-10-25,OSP
MNL045 LP296 NP1-2,MNL045,LP296,NP1-2,MNL045 LP296,Radial Road 10,MANILA,3,1,BARANGAY 107,,,14.61868,120.961428,,,,,,,16,2021-10-25,OSP
MNL045 LP296 NP3-5,MNL045,LP296,NP3-5,MNL045 LP296,Radial Road 10,MANILA,3,1,BARANGAY 107,,,14.61868,120.961428,,,,,,,24,2021-10-25,OSP
MNL003 LP141 NP3-4,MNL003,LP141,NP3-4,MNL003 LP141,City Square,MANILA,3,1,BARANGAY 108,,,14.61834277,120.9636049,,,,,,,16,2018-11-29,OSP
MNL003 LP142 NP1-2,MNL003,LP142,NP1-2,MNL003 LP142,City Square,MANILA,3,1,BARANGAY 108,,,14.61823834,120.9632753,,,,,,,16,2018-11-29,OSP
MNL003 LP143 NP1-2,MNL003,LP143,NP1-2,MNL003 LP143,City Square,MANILA,3,1,BARANGAY 108,,,14.61838676,120.9629535,,,,,,,16,2018-11-29,OSP
MNL003 LP143 NP3-4,MNL003,LP143,NP3-4,MNL003 LP143,City Square,MANILA,3,1,BARANGAY 108,,,14.61891211,120.962744,,,,,,,16,2018-11-29,OSP
MNL003 LP144 NP1-2,MNL003,LP144,NP1-2,MNL003 LP144,City Square,MANILA,3,1,BARANGAY 108,,,14.61909886,120.9625431,,,,,,,16,2018-11-29,OSP
MNL003 LP150 NP7-8,MNL003,LP150,NP7-8,MNL003 LP150,City Square,MANILA,3,1,BARANGAY 108,,,14.61967777,120.9633538,,,,,,,16,2018-11-29,OSP
MNL003 LP144 NP3-4,MNL003,LP144,NP3-4,MNL003 LP144,City Square,MANILA,3,1,BARANGAY 108,,,14.61886987,120.9623341,,,,,,,16,2018-11-29,OSP
MNL003 LP144 NP5-6,MNL003,LP144,NP5-6,MNL003 LP144,City Square,MANILA,3,1,BARANGAY 108,,,14.61878708,120.9620883,,,,,,,16,2018-11-29,OSP
MNL003 LP144 NP7-8,MNL003,LP144,NP7-8,MNL003 LP144,City Square,MANILA,3,1,BARANGAY 108,,,14.61909245,120.9619,,,,,,,16,2018-11-29,OSP
MNL003 LP145 NP1-2,MNL003,LP145,NP1-2,MNL003 LP145,City Square,MANILA,3,1,BARANGAY 108,,,14.61948426,120.9616236,,,,,,,16,2018-12-11,OSP
MNL003 LP146 NP1-2,MNL003,LP146,NP1-2,MNL003 LP146,City Square,MANILA,3,1,BARANGAY 108,,,14.61822268,120.9629625,,,,,,,16,2018-12-11,OSP
MNL036 LP143 NP5-6,MNL036,LP143,NP5-6,MNL036 LP143,Juan Luna/ Solis,MANILA,3,1,BARANGAY 108,,,14.618252,120.963276,,,,,,,16,2020-11-28,OSP
MNL036 LP12 NP5-6,MNL036,LP12,NP5-6,MNL036 LP12,Juan Luna/ Solis,MANILA,3,1,BARANGAY 108,,,14.618255,120.963268,,,,,,,16,2020-07-30,OSP
MNL036 LP110 NP7-8,MNL036,LP110,NP7-8,MNL036 LP110,Juan Luna/ Solis,MANILA,3,1,BARANGAY 108,,,14.618486,120.962248,,,,,,,16,2020-11-29,OSP
MNL036 LP106 NP7-8,MNL036,LP106,NP7-8,MNL036 LP106,Juan Luna/ Solis,MANILA,3,1,BARANGAY 108,,,14.619236,120.962646,,,,,,,16,2020-11-29,OSP
MNL036 LP106 NP3-4,MNL036,LP106,NP3-4,MNL036 LP106,Juan Luna/ Solis,MANILA,3,1,BARANGAY 108,,,14.618908,120.962764,,,,,,,16,2020-11-29,OSP
MNL036 LP106 NP5-6,MNL036,LP106,NP5-6,MNL036 LP106,Juan Luna/ Solis,MANILA,3,1,BARANGAY 108,,,14.618596,120.962898,,,,,,,16,2020-11-29,OSP
MNL045 LP14 NP7-8,MNL045,LP14,NP7-8,MNL045 LP14,Radial Road 10,MANILA,3,1,BARANGAY 108,,,14.619668,120.963353,,,,,,,16,2021-08-30,OSP
MNL045 LP1 NP1-2,MNL045,LP1,NP1-2,MNL045 LP1,Radial Road 10,MANILA,3,1,BARANGAY 108,,,14.618251,120.963275,,,,,,,16,2021-08-30,OSP
MNL045 LP151 NP3-5,MNL045,LP151,NP3-5,MNL045 LP151,Radial Road 10,MANILA,3,1,BARANGAY 108,,,14.619664,120.963349,,,,,,,24,2022-01-27,OSP
MNL045 LP151 NP6-8,MNL045,LP151,NP6-8,MNL045 LP151,Radial Road 10,MANILA,3,1,BARANGAY 108,,,14.619664,120.963349,,,,,,,24,2022-01-27,OSP
MNL045 LP5 NP3-4,MNL045,LP5,NP3-4,MNL045 LP5,Radial Road 10,MANILA,3,1,BARANGAY 108,,,14.61832,120.963618,,,,,,,16,2021-08-30,OSP
MNL045 LP5 NP5-6,MNL045,LP5,NP5-6,MNL045 LP5,Radial Road 10,MANILA,3,1,BARANGAY 108,,,14.61832,120.963618,,,,,,,16,2021-08-30,OSP
MNL045 LP310 NP1-2,MNL045,LP310,NP1-2,MNL045 LP310,Radial Road 10,MANILA,3,1,BARANGAY 108,,,14.618435,120.962926,,,,,,,16,2021-10-25,OSP
MNL045 LP310 NP3-5,MNL045,LP310,NP3-5,MNL045 LP310,Radial Road 10,MANILA,3,1,BARANGAY 108,,,14.618636,120.962901,,,,,,,24,2021-10-25,OSP
MNL045 LP313 NP1-2,MNL045,LP313,NP1-2,MNL045 LP313,Radial Road 10,MANILA,3,1,BARANGAY 108,,,14.618923,120.962746,,,,,,,16,2021-10-25,OSP
MNL045 LP313 NP3-5,MNL045,LP313,NP3-5,MNL045 LP313,Radial Road 10,MANILA,3,1,BARANGAY 108,,,14.619251,120.963095,,,,,,,24,2021-10-25,OSP
MNL045 LP313 NP6-8,MNL045,LP313,NP6-8,MNL045 LP313,Radial Road 10,MANILA,3,1,BARANGAY 108,,,14.619383,120.962625,,,,,,,24,2021-10-25,OSP
MNL045 LP291 NP1-2,MNL045,LP291,NP1-2,MNL045 LP291,Radial Road 10,MANILA,3,1,BARANGAY 108,,,14.61952,120.96134,,,,,,,16,2021-10-25,OSP
MNL045 LP291 NP3-5,MNL045,LP291,NP3-5,MNL045 LP291,Radial Road 10,MANILA,3,1,BARANGAY 108,,,14.61952,120.96134,,,,,,,24,2021-10-25,OSP
MNL045 LP286 NP3-5,MNL045,LP286,NP3-5,MNL045 LP286,Radial Road 10,MANILA,3,1,BARANGAY 108,,,14.618511,120.962236,,,,,,,24,2021-10-25,OSP
MNL045 LP286 NP6-8,MNL045,LP286,NP6-8,MNL045 LP286,Radial Road 10,MANILA,3,1,BARANGAY 108,,,14.618783,120.962076,,,,,,,24,2021-10-25,OSP
MNL045 LP287 NP1-2,MNL045,LP287,NP1-2,MNL045 LP287,Radial Road 10,MANILA,3,1,BARANGAY 108,,,14.619089,120.961883,,,,,,,16,2021-10-25,OSP
MNL045 LP287 NP3-5,MNL045,LP287,NP3-5,MNL045 LP287,Radial Road 10,MANILA,3,1,BARANGAY 108,,,14.618884,120.962316,,,,,,,24,2021-10-25,OSP
MNL045 LP287 NP6-8,MNL045,LP287,NP6-8,MNL045 LP287,Radial Road 10,MANILA,3,1,BARANGAY 108,,,14.618884,120.962316,,,,,,,24,2021-10-25,OSP
MNL045 LP288 NP1-2,MNL045,LP288,NP1-2,MNL045 LP288,Radial Road 10,MANILA,3,1,BARANGAY 108,,,14.619103,120.962544,,,,,,,16,2021-10-25,OSP
MNL045 LP288 NP3-5,MNL045,LP288,NP3-5,MNL045 LP288,Radial Road 10,MANILA,3,1,BARANGAY 108,,,14.619103,120.962544,,,,,,,24,2021-10-25,OSP
MNL045 LP288 NP6-8,MNL045,LP288,NP6-8,MNL045 LP288,Radial Road 10,MANILA,3,1,BARANGAY 108,,,14.619351,120.962354,,,,,,,24,2021-10-25,OSP
MNL045 LP289 NP1-2,MNL045,LP289,NP1-2,MNL045 LP289,Radial Road 10,MANILA,3,1,BARANGAY 108,,,14.618636,120.962452,,,,,,,16,2021-10-25,OSP
MNL045 LP289 NP3-5,MNL045,LP289,NP3-5,MNL045 LP289,Radial Road 10,MANILA,3,1,BARANGAY 108,,,14.618364,120.962606,,,,,,,24,2021-10-25,OSP
MNL045 LP289 NP6-8,MNL045,LP289,NP6-8,MNL045 LP289,Radial Road 10,MANILA,3,1,BARANGAY 108,,,14.618364,120.962606,,,,,,,24,2021-10-25,OSP
MNL045 LP290 NP1-2,MNL045,LP290,NP1-2,MNL045 LP290,Radial Road 10,MANILA,3,1,BARANGAY 108,,,14.61951,120.961549,,,,,,,16,2021-10-25,OSP
MNL045 LP290 NP3-5,MNL045,LP290,NP3-5,MNL045 LP290,Radial Road 10,MANILA,3,1,BARANGAY 108,,,14.619437,120.961855,,,,,,,24,2021-10-25,OSP
MNL045 LP290 NP6-8,MNL045,LP290,NP6-8,MNL045 LP290,Radial Road 10,MANILA,3,1,BARANGAY 108,,,14.619394,120.9621,,,,,,,24,2021-10-25,OSP
MNL045 LP286 NP1-2,MNL045,LP286,NP1-2,MNL045 LP286,Radial Road 10,MANILA,3,1,BARANGAY 108,,,14.618297,120.962355,,,,,,,16,2021-10-25,OSP
MNL003 LP141 NP1-2,MNL003,LP141,NP1-2,MNL003 LP141,City Square,MANILA,3,1,BARANGAY 109,,,14.61839059,120.9640245,,,,,,,16,2018-11-29,OSP
MNL003 LP143 NP5-6,MNL003,LP143,NP5-6,MNL003 LP143,City Square,MANILA,3,1,BARANGAY 109,,,14.61909049,120.9633847,,,,,,,16,2018-11-29,OSP
MNL003 LP143 NP7-8,MNL003,LP143,NP7-8,MNL003 LP143,City Square,MANILA,3,1,BARANGAY 109,,,14.61931291,120.9633585,,,,,,,16,2018-11-29,OSP
MNL003 LP243 NP7-8,MNL003,LP243,NP7-8,MNL003 LP243,City Square,MANILA,3,1,BARANGAY 109,,,14.61801365,120.964562,,,,,,,16,2019-02-27,OSP
MNL036 LP12 NP3-4,MNL036,LP12,NP3-4,MNL036 LP12,Juan Luna/ Solis,MANILA,3,1,BARANGAY 109,,,14.618429,120.964225,,,,,,,16,2020-07-30,OSP
MNL036 LP107 NP1-2,MNL036,LP107,NP1-2,MNL036 LP107,Juan Luna/ Solis,MANILA,3,1,BARANGAY 109,,,14.61908,120.963674,,,,,,,16,2020-11-29,OSP
MNL036 LP107 NP3-4,MNL036,LP107,NP3-4,MNL036 LP107,Juan Luna/ Solis,MANILA,3,1,BARANGAY 109,,,14.619049,120.964098,,,,,,,16,2020-11-29,OSP
MNL036 LP107 NP5-6,MNL036,LP107,NP5-6,MNL036 LP107,Juan Luna/ Solis,MANILA,3,1,BARANGAY 109,,,14.619174,120.96448,,,,,,,16,2020-11-29,OSP
MNL036 LP109 NP1-2,MNL036,LP109,NP1-2,MNL036 LP109,Juan Luna/ Solis,MANILA,3,1,BARANGAY 109,,,14.619723,120.964238,,,,,,,16,2020-11-29,OSP
MNL036 LP106 NP1-2,MNL036,LP106,NP1-2,MNL036 LP106,Juan Luna/ Solis,MANILA,3,1,BARANGAY 109,,,14.618579,120.963562,,,,,,,16,2020-11-29,OSP
MNL036 LP68 NP1-2,MNL036,LP68,NP1-2,MNL036 LP68,Juan Luna/ Solis,MANILA,3,1,BARANGAY 109,,,14.617696,120.964621,,,,,,,16,2020-07-30,OSP
MNL036 LP68 NP3-4,MNL036,LP68,NP3-4,MNL036 LP68,Juan Luna/ Solis,MANILA,3,1,BARANGAY 109,,,14.6174,120.964683,,,,,,,16,2020-07-30,OSP
MNL036 LP68 NP5-6,MNL036,LP68,NP5-6,MNL036 LP68,Juan Luna/ Solis,MANILA,3,1,BARANGAY 109,,,14.617123,120.964713,,,,,,,16,2020-07-30,OSP
MNL045 LP14 NP5-6,MNL045,LP14,NP5-6,MNL045 LP14,Radial Road 10,MANILA,3,1,BARANGAY 109,,,14.619319,120.963328,,,,,,,16,2021-08-30,OSP
MNL045 LP10 NP3-4,MNL045,LP10,NP3-4,MNL045 LP10,Radial Road 10,MANILA,3,1,BARANGAY 109,,,14.618424,120.964252,,,,,,,16,2021-08-30,OSP
MNL045 LP10 NP5-6,MNL045,LP10,NP5-6,MNL045 LP10,Radial Road 10,MANILA,3,1,BARANGAY 109,,,14.618379,120.964472,,,,,,,16,2021-08-30,OSP
MNL045 LP10 NP7-8,MNL045,LP10,NP7-8,MNL045 LP10,Radial Road 10,MANILA,3,1,BARANGAY 109,,,14.618122,120.964529,,,,,,,16,2021-08-30,OSP
MNL045 LP14 NP1-2,MNL045,LP14,NP1-2,MNL045 LP14,Radial Road 10,MANILA,3,1,BARANGAY 109,,,14.619088,120.963666,,,,,,,16,2021-08-30,OSP
MNL045 LP14 NP3-4,MNL045,LP14,NP3-4,MNL045 LP14,Radial Road 10,MANILA,3,1,BARANGAY 109,,,14.619091,120.963376,,,,,,,16,2021-08-30,OSP
MNL045 LP10 NP1-2,MNL045,LP10,NP1-2,MNL045 LP10,Radial Road 10,MANILA,3,1,BARANGAY 109,,,14.618383,120.964008,,,,,,,16,2021-08-30,OSP
MNL045 LP150 NP6-8,MNL045,LP150,NP6-8,MNL045 LP150,Radial Road 10,MANILA,3,1,BARANGAY 109,,,14.619743,120.96374,,,,,,,24,2022-01-27,OSP
MNL045 LP151 NP1-2,MNL045,LP151,NP1-2,MNL045 LP151,Radial Road 10,MANILA,3,1,BARANGAY 109,,,14.619743,120.96374,,,,,,,16,2022-01-27,OSP
MNL045 LP11 NP1-2,MNL045,LP11,NP1-2,MNL045 LP11,Radial Road 10,MANILA,3,1,BARANGAY 109,,,14.617856,120.964593,,,,,,,16,2021-08-30,OSP
MNL045 LP11 NP3-4,MNL045,LP11,NP3-4,MNL045 LP11,Radial Road 10,MANILA,3,1,BARANGAY 109,,,14.617645,120.964641,,,,,,,16,2021-08-30,OSP
MNL045 LP11 NP5-6,MNL045,LP11,NP5-6,MNL045 LP11,Radial Road 10,MANILA,3,1,BARANGAY 109,,,14.617405,120.964682,,,,,,,16,2021-08-30,OSP
MNL045 LP11 NP7-8,MNL045,LP11,NP7-8,MNL045 LP11,Radial Road 10,MANILA,3,1,BARANGAY 109,,,14.617118,120.964709,,,,,,,16,2021-08-30,OSP
MNL045 LP13 NP3-4,MNL045,LP13,NP3-4,MNL045 LP13,Radial Road 10,MANILA,3,1,BARANGAY 109,,,14.618881,120.964529,,,,,,,16,2021-08-30,OSP
MNL045 LP13 NP5-6,MNL045,LP13,NP5-6,MNL045 LP13,Radial Road 10,MANILA,3,1,BARANGAY 109,,,14.619116,120.964257,,,,,,,16,2021-08-30,OSP
MNL045 LP13 NP7-8,MNL045,LP13,NP7-8,MNL045 LP13,Radial Road 10,MANILA,3,1,BARANGAY 109,,,14.619045,120.964119,,,,,,,16,2021-08-30,OSP
MNL045 LP315 NP1-2,MNL045,LP315,NP1-2,MNL045 LP315,Radial Road 10,MANILA,3,1,BARANGAY 109,,,14.618813,120.96435,,,,,,,16,2021-10-25,OSP
MNL045 LP315 NP3-5,MNL045,LP315,NP3-5,MNL045 LP315,Radial Road 10,MANILA,3,1,BARANGAY 109,,,14.619362,120.963916,,,,,,,24,2021-10-25,OSP
MNL045 LP315 NP6-8,MNL045,LP315,NP6-8,MNL045 LP315,Radial Road 10,MANILA,3,1,BARANGAY 109,,,14.619291,120.963436,,,,,,,24,2021-10-25,OSP
MNL045 LP316 NP6-8,MNL045,LP316,NP6-8,MNL045 LP316,Radial Road 10,MANILA,3,1,BARANGAY 109,,,14.619509,120.964313,,,,,,,24,2021-10-25,OSP
MNL045 LP310 NP6-8,MNL045,LP310,NP6-8,MNL045 LP310,Radial Road 10,MANILA,3,1,BARANGAY 109,,,14.618866,120.963454,,,,,,,24,2021-10-25,OSP
MNL045 LP311 NP1-2,MNL045,LP311,NP1-2,MNL045 LP311,Radial Road 10,MANILA,3,1,BARANGAY 109,,,14.618866,120.963454,,,,,,,16,2021-10-25,OSP
MNL045 LP311 NP3-5,MNL045,LP311,NP3-5,MNL045 LP311,Radial Road 10,MANILA,3,1,BARANGAY 109,,,14.61856,120.963574,,,,,,,24,2021-10-25,OSP
MNL045 LP311 NP6-8,MNL045,LP311,NP6-8,MNL045 LP311,Radial Road 10,MANILA,3,1,BARANGAY 109,,,14.618501,120.96324,,,,,,,24,2021-10-25,OSP
MNL045 LP312 NP1-2,MNL045,LP312,NP1-2,MNL045 LP312,Radial Road 10,MANILA,3,1,BARANGAY 109,,,14.618663,120.963538,,,,,,,16,2021-10-25,OSP
MNL045 LP312 NP3-5,MNL045,LP312,NP3-5,MNL045 LP312,Radial Road 10,MANILA,3,1,BARANGAY 109,,,14.618513,120.963777,,,,,,,24,2021-10-25,OSP
MNL045 LP312 NP6-8,MNL045,LP312,NP6-8,MNL045 LP312,Radial Road 10,MANILA,3,1,BARANGAY 109,,,14.618513,120.963777,,,,,,,24,2021-10-25,OSP
MNL045 LP314 NP1-2,MNL045,LP314,NP1-2,MNL045 LP314,Radial Road 10,MANILA,3,1,BARANGAY 109,,,14.619087,120.963371,,,,,,,16,2021-10-25,OSP
MNL045 LP314 NP3-5,MNL045,LP314,NP3-5,MNL045 LP314,Radial Road 10,MANILA,3,1,BARANGAY 109,,,14.619043,120.964114,,,,,,,24,2021-10-25,OSP
MNL045 LP314 NP6-8,MNL045,LP314,NP6-8,MNL045 LP314,Radial Road 10,MANILA,3,1,BARANGAY 109,,,14.618777,120.964191,,,,,,,24,2021-10-25,OSP
MNL003 LP196 NP3-4,MNL003,LP196,NP3-4,MNL003 LP196,City Square,MANILA,3,1,BARANGAY 11,,,14.6016923,120.9667923,,,,,,,16,2019-01-30,OSP
MNL003 LP196 NP5-6,MNL003,LP196,NP5-6,MNL003 LP196,City Square,MANILA,3,1,BARANGAY 11,,,14.60132009,120.9664106,,,,,,,16,2019-01-30,OSP
MNL003 LP201 NP1-2,MNL003,LP201,NP1-2,MNL003 LP201,City Square,MANILA,3,1,BARANGAY 11,,,14.60141166,120.9647058,,,,,,,16,2019-01-30,OSP
MNL003 LP409 NP1-2,MNL003,LP409,NP1-2,MNL003 LP409,City Square,MANILA,3,1,BARANGAY 11,,,14.601603,120.965459,,,,,,,16,2019-11-12,OSP
MNL003 LP409 NP3-4,MNL003,LP409,NP3-4,MNL003 LP409,City Square,MANILA,3,1,BARANGAY 11,,,14.601459,120.965446,,,,,,,16,2019-11-12,OSP
MNL003 LP409 NP5-6,MNL003,LP409,NP5-6,MNL003 LP409,City Square,MANILA,3,1,BARANGAY 11,,,14.60147,120.965068,,,,,,,16,2019-11-12,OSP
MNL005 LP24 NP3-4,MNL005,LP24,NP3-4,MNL005 LP24,Orchard Building (City Square 2),MANILA,3,1,BARANGAY 11,,,14.601694,120.966749,,,,,,,16,2020-08-30,OSP
MNL005 LP113 NP6-7-8,MNL005,LP113,NP6-7-8,MNL005 LP113,Orchard Building (City Square 2),MANILA,3,1,BARANGAY 11,,,14.601616,120.96676,,,,,,,24,2021-01-29,OSP
MNL005 LP114 NP1-2,MNL005,LP114,NP1-2,MNL005 LP114,Orchard Building (City Square 2),MANILA,3,1,BARANGAY 11,,,14.601376,120.966456,,,,,,,16,2021-01-29,OSP
MNL005 LP191 NP1-2,MNL005,LP191,NP1-2,MNL005 LP191,Orchard Building (City Square 2),MANILA,3,1,BARANGAY 11,,,14.601663,120.96665,,,,,,,16,2021-08-30,OSP
MNL005 LP341 NP3-5,MNL005,LP341,NP3-5,MNL005 LP341,Orchard Building (City Square 2),MANILA,3,1,BARANGAY 11,,,14.601493,120.965084,,,,,,,24,2021-10-21,OSP
MNL005 LP341 NP6-8,MNL005,LP341,NP6-8,MNL005 LP341,Orchard Building (City Square 2),MANILA,3,1,BARANGAY 11,,,14.601464,120.964673,,,,,,,24,2021-10-21,OSP
MNL005 LP343 NP1-2,MNL005,LP343,NP1-2,MNL005 LP343,Orchard Building (City Square 2),MANILA,3,1,BARANGAY 11,,,14.601473,120.964674,,,,,,,16,2021-10-21,OSP
MNL005 LP343 NP3-5,MNL005,LP343,NP3-5,MNL005 LP343,Orchard Building (City Square 2),MANILA,3,1,BARANGAY 11,,,14.601775,120.965025,,,,,,,24,2021-10-21,OSP
MNL005 LP343 NP6-8,MNL005,LP343,NP6-8,MNL005 LP343,Orchard Building (City Square 2),MANILA,3,1,BARANGAY 11,,,14.601776,120.965029,,,,,,,24,2021-10-21,OSP
MNL005 LP334 NP6-8,MNL005,LP334,NP6-8,MNL005 LP334,Orchard Building (City Square 2),MANILA,3,1,BARANGAY 11,,,14.602102,120.965865,,,,,,,24,2021-10-21,OSP
MNL005 LP338 NP1-2,MNL005,LP338,NP1-2,MNL005 LP338,Orchard Building (City Square 2),MANILA,3,1,BARANGAY 11,,,14.601844,120.965444,,,,,,,16,2021-10-21,OSP
MNL005 LP338 NP3-5,MNL005,LP338,NP3-5,MNL005 LP338,Orchard Building (City Square 2),MANILA,3,1,BARANGAY 11,,,14.601635,120.965449,,,,,,,24,2021-10-21,OSP
MNL005 LP339 NP1-2,MNL005,LP339,NP1-2,MNL005 LP339,Orchard Building (City Square 2),MANILA,3,1,BARANGAY 11,,,14.601712,120.965769,,,,,,,16,2021-10-21,OSP
MNL005 LP339 NP3-5,MNL005,LP339,NP3-5,MNL005 LP339,Orchard Building (City Square 2),MANILA,3,1,BARANGAY 11,,,14.601768,120.965991,,,,,,,24,2021-10-21,OSP
MNL003 LP149 NP1-2,MNL003,LP149,NP1-2,MNL003 LP149,City Square,MANILA,3,1,BARANGAY 110,,,14.61695153,120.9614607,,,,,,,16,2018-11-29,OSP
MNL003 LP149 NP3-4,MNL003,LP149,NP3-4,MNL003 LP149,City Square,MANILA,3,1,BARANGAY 110,,,14.61752333,120.9614061,,,,,,,16,2018-11-29,OSP
MNL003 LP259 NP3-4,MNL003,LP259,NP3-4,MNL003 LP259,City Square,MANILA,3,1,BARANGAY 110,,,14.61455229,120.9610861,,,,,,,16,2019-02-27,OSP
MNL003 LP259 NP5-6,MNL003,LP259,NP5-6,MNL003 LP259,City Square,MANILA,3,1,BARANGAY 110,,,14.61447604,120.9605215,,,,,,,16,2019-02-27,OSP
MNL036 LP80 NP1-2,MNL036,LP80,NP1-2,MNL036 LP80,Juan Luna/ Solis,MANILA,3,1,BARANGAY 110,,,14.616829,120.960328,,,,,,,16,2020-07-30,OSP
MNL036 LP78 NP1-2,MNL036,LP78,NP1-2,MNL036 LP78,Juan Luna/ Solis,MANILA,3,1,BARANGAY 110,,,14.617416,120.961426,,,,,,,16,2020-07-30,OSP
MNL036 LP78 NP3-4,MNL036,LP78,NP3-4,MNL036 LP78,Juan Luna/ Solis,MANILA,3,1,BARANGAY 110,,,14.616906,120.961464,,,,,,,16,2020-07-30,OSP
MNL036 LP78 NP5-6,MNL036,LP78,NP5-6,MNL036 LP78,Juan Luna/ Solis,MANILA,3,1,BARANGAY 110,,,14.617105,120.961052,,,,,,,16,2020-07-30,OSP