Box Name,OLT,LCP,NAP,LCP Name,Node Name,Municipality,Cluster,Sector,Barangay,Subdivision,Building Name,Latitude,Longitude,Parent Site,Parent Floor,Parent Room,Additional Details,Remarks,Landmark,Capacity,Installation Date,OSP / ISP
MNL005 LP222 NP3-5,MNL005,LP222,NP3-5,MNL005 LP222,Orchard Building (City Square 2),MANILA,3,1,BARANGAY 274,,,14.600538,120.966441,,,,,,,24,2021-09-25,OSP
MNL005 LP25 NP1-2,MNL005,LP25,NP1-2,MNL005 LP25,Orchard Building (City Square 2),MANILA,3,1,BARANGAY 274,,,14.600496,120.966484,,,,,,,16,2020-08-30,OSP
MNL005 LP25 NP3-4-5,MNL005,LP25,NP3-4-5,MNL005 LP25,Orchard Building (City Square 2),MANILA,3,1,BARANGAY 274,,,14.60026,120.96666,,,,,,,24,2020-08-30,OSP
MNL005 LP25 NP6-7-8,MNL005,LP25,NP6-7-8,MNL005 LP25,Orchard Building (City Square 2),MANILA,3,1,BARANGAY 274,,,14.600096,120.966783,,,,,,,24,2020-08-30,OSP
MNL005 LP23 NP5-6,MNL005,LP23,NP5-6,MNL005 LP23,Orchard Building (City Square 2),MANILA,3,1,BARANGAY 274,,,14.601035,120.966898,,,,,,,16,2020-08-30,OSP
MNL005 LP222 NP6-8,MNL005,LP222,NP6-8,MNL005 LP222,Orchard Building (City Square 2),MANILA,3,1,BARANGAY 274,,,14.600546,120.966448,,,,,,,24,2021-09-25,OSP
MNL003 LP197 NP5-6,MNL003,LP197,NP5-6,MNL003 LP197,City Square,MANILA,3,1,BARANGAY 275,,,14.59996361,120.9650226,,,,,,,16,2019-01-30,OSP
MNL003 LP450 NP1-2,MNL003,LP450,NP1-2,MNL003 LP450,City Square,MANILA,3,1,BARANGAY 275,,,14.598451,120.960487,,,,,,,16,2019-10-22,OSP
MNL003 LP450 NP3-4,MNL003,LP450,NP3-4,MNL003 LP450,City Square,MANILA,3,1,BARANGAY 275,,,14.598316,120.960106,,,,,,,16,2019-10-22,OSP
MNL003 LP450 NP5-6,MNL003,LP450,NP5-6,MNL003 LP450,City Square,MANILA,3,1,BARANGAY 275,,,14.598125,120.9597,,,,,,,16,2019-10-22,OSP
MNL003 LP450 NP7-8,MNL003,LP450,NP7-8,MNL003 LP450,City Square,MANILA,3,1,BARANGAY 275,,,14.597941,120.959287,,,,,,,16,2019-10-22,OSP
MNL003 LP451 NP1-2,MNL003,LP451,NP1-2,MNL003 LP451,City Square,MANILA,3,1,BARANGAY 275,,,14.597753,120.958859,,,,,,,16,2019-10-22,OSP
MNL003 LP451 NP3-4,MNL003,LP451,NP3-4,MNL003 LP451,City Square,MANILA,3,1,BARANGAY 275,,,14.597574,120.958468,,,,,,,16,2019-10-22,OSP
MNL003 LP451 NP5-6,MNL003,LP451,NP5-6,MNL003 LP451,City Square,MANILA,3,1,BARANGAY 275,,,14.597395,120.958034,,,,,,,16,2019-10-22,OSP
MNL003 LP451 NP7-8,MNL003,LP451,NP7-8,MNL003 LP451,City Square,MANILA,3,1,BARANGAY 275,,,14.5972,120.957614,,,,,,,16,2019-10-22,OSP
MNL003 LP452 NP3-4,MNL003,LP452,NP3-4,MNL003 LP452,City Square,MANILA,3,1,BARANGAY 275,,,14.596838,120.956773,,,,,,,16,2019-10-22,OSP
MNL003 LP452 NP5-6,MNL003,LP452,NP5-6,MNL003 LP452,City Square,MANILA,3,1,BARANGAY 275,,,14.59666,120.95635,,,,,,,16,2019-10-22,OSP
MNL003 LP452 NP7-8,MNL003,LP452,NP7-8,MNL003 LP452,City Square,MANILA,3,1,BARANGAY 275,,,14.596485,120.9559,,,,,,,16,2020-07-30,OSP
MNL003 LP358 NP3-4,MNL003,LP358,NP3-4,MNL003 LP358,City Square,MANILA,3,1,BARANGAY 275,,,14.59931929,120.9657978,,,,,,,16,2019-05-03,OSP
MNL003 LP358 NP5-6,MNL003,LP358,NP5-6,MNL003 LP358,City Square,MANILA,3,1,BARANGAY 275,,,14.59944074,120.9655159,,,,,,,16,2019-05-03,OSP
MNL003 LP358 NP7-8,MNL003,LP358,NP7-8,MNL003 LP358,City Square,MANILA,3,1,BARANGAY 275,,,14.59979817,120.965057,,,,,,,16,2019-05-03,OSP
MNL005 LP121 NP1-2,MNL005,LP121,NP1-2,MNL005 LP121,Orchard Building (City Square 2),MANILA,3,1,BARANGAY 275,,,14.599898,120.966884,,,,,,,16,2021-01-29,OSP
MNL005 LP122 NP1-2,MNL005,LP122,NP1-2,MNL005 LP122,Orchard Building (City Square 2),MANILA,3,1,BARANGAY 275,,,14.599637,120.965872,,,,,,,16,2021-01-29,OSP
MNL005 LP122 NP3-4-5,MNL005,LP122,NP3-4-5,MNL005 LP122,Orchard Building (City Square 2),MANILA,3,1,BARANGAY 275,,,14.599677,120.965586,,,,,,,24,2021-01-29,OSP
MNL005 LP122 NP6-7-8,MNL005,LP122,NP6-7-8,MNL005 LP122,Orchard Building (City Square 2),MANILA,3,1,BARANGAY 275,,,14.599641,120.965502,,,,,,,24,2021-01-29,OSP
MNL005 LP123 NP1-2,MNL005,LP123,NP1-2,MNL005 LP123,Orchard Building (City Square 2),MANILA,3,1,BARANGAY 275,,,14.599863,120.965684,,,,,,,16,2021-01-29,OSP
MNL005 LP125 NP1-2,MNL005,LP125,NP1-2,MNL005 LP125,Orchard Building (City Square 2),MANILA,3,1,BARANGAY 275,,,14.600302,120.966121,,,,,,,16,2021-01-29,OSP
MNL005 LP125 NP3-4-5,MNL005,LP125,NP3-4-5,MNL005 LP125,Orchard Building (City Square 2),MANILA,3,1,BARANGAY 275,,,14.600117,120.965903,,,,,,,24,2021-01-29,OSP
MNL005 LP125 NP6-7-8,MNL005,LP125,NP6-7-8,MNL005 LP125,Orchard Building (City Square 2),MANILA,3,1,BARANGAY 275,,,14.600021,120.965555,,,,,,,24,2021-01-29,OSP
MNL005 LP147 NP3-4-5,MNL005,LP147,NP3-4-5,MNL005 LP147,Orchard Building (City Square 2),MANILA,3,1,BARANGAY 275,,,14.598589,120.966397,,,,,,,24,2021-01-29,OSP
MNL005 LP147 NP6-7-8,MNL005,LP147,NP6-7-8,MNL005 LP147,Orchard Building (City Square 2),MANILA,3,1,BARANGAY 275,,,14.598337,120.966078,,,,,,,24,2021-01-29,OSP
MNL005 LP217 NP6-8,MNL005,LP217,NP6-8,MNL005 LP217,Orchard Building (City Square 2),MANILA,3,1,BARANGAY 275,,,14.599824,120.96673,,,,,,,24,2021-09-25,OSP
MNL005 LP218 NP1-2,MNL005,LP218,NP1-2,MNL005 LP218,Orchard Building (City Square 2),MANILA,3,1,BARANGAY 275,,,14.599821,120.96672,,,,,,,16,2021-09-25,OSP
MNL005 LP218 NP3-5,MNL005,LP218,NP3-5,MNL005 LP218,Orchard Building (City Square 2),MANILA,3,1,BARANGAY 275,,,14.599734,120.966422,,,,,,,24,2021-09-25,OSP
MNL005 LP218 NP6-8,MNL005,LP218,NP6-8,MNL005 LP218,Orchard Building (City Square 2),MANILA,3,1,BARANGAY 275,,,14.599733,120.966412,,,,,,,24,2021-09-25,OSP
MNL005 LP219 NP1-2,MNL005,LP219,NP1-2,MNL005 LP219,Orchard Building (City Square 2),MANILA,3,1,BARANGAY 275,,,14.599735,120.966174,,,,,,,16,2021-09-25,OSP
MNL005 LP219 NP3-5,MNL005,LP219,NP3-5,MNL005 LP219,Orchard Building (City Square 2),MANILA,3,1,BARANGAY 275,,,14.599719,120.965881,,,,,,,24,2021-09-25,OSP
MNL005 LP219 NP6-8,MNL005,LP219,NP6-8,MNL005 LP219,Orchard Building (City Square 2),MANILA,3,1,BARANGAY 275,,,14.599716,120.96587,,,,,,,24,2021-09-25,OSP
MNL005 LP220 NP1-3,MNL005,LP220,NP1-3,MNL005 LP220,Orchard Building (City Square 2),MANILA,3,1,BARANGAY 275,,,14.599773,120.96557,,,,,,,24,2021-09-25,OSP
MNL005 LP217 NP1-2,MNL005,LP217,NP1-2,MNL005 LP217,Orchard Building (City Square 2),MANILA,3,1,BARANGAY 275,,,14.599917,120.966889,,,,,,,16,2021-09-25,OSP
MNL005 LP217 NP3-5,MNL005,LP217,NP3-5,MNL005 LP217,Orchard Building (City Square 2),MANILA,3,1,BARANGAY 275,,,14.599828,120.966721,,,,,,,24,2021-09-25,OSP
MNL005 LP24 NP7-8,MNL005,LP24,NP7-8,MNL005 LP24,Orchard Building (City Square 2),MANILA,3,1,BARANGAY 275,,,14.601044,120.966078,,,,,,,16,2020-08-30,OSP
MNL005 LP192 NP3-5,MNL005,LP192,NP3-5,MNL005 LP192,Orchard Building (City Square 2),MANILA,3,1,BARANGAY 275,,,14.598379,120.96312,,,,,,,24,2021-08-30,OSP
MNL005 LP193 NP1-2,MNL005,LP193,NP1-2,MNL005 LP193,Orchard Building (City Square 2),MANILA,3,1,BARANGAY 275,,,14.598442,120.96175,,,,,,,16,2021-08-30,OSP
MNL005 LP193 NP3-5,MNL005,LP193,NP3-5,MNL005 LP193,Orchard Building (City Square 2),MANILA,3,1,BARANGAY 275,,,14.598444,120.961,,,,,,,24,2021-08-30,OSP
MNL005 LP193 NP6-8,MNL005,LP193,NP6-8,MNL005 LP193,Orchard Building (City Square 2),MANILA,3,1,BARANGAY 275,,,14.598467,120.96052,,,,,,,24,2021-08-30,OSP
MNL005 LP114 NP6-7-8,MNL005,LP114,NP6-7-8,MNL005 LP114,Orchard Building (City Square 2),MANILA,3,1,BARANGAY 275,,,14.600703,120.966279,,,,,,,24,2021-01-29,OSP
MNL005 LP115 NP1-2,MNL005,LP115,NP1-2,MNL005 LP115,Orchard Building (City Square 2),MANILA,3,1,BARANGAY 275,,,14.600983,120.966073,,,,,,,16,2021-01-29,OSP
MNL005 LP131 NP6-7-8,MNL005,LP131,NP6-7-8,MNL005 LP131,Orchard Building (City Square 2),MANILA,3,1,BARANGAY 275,,,14.599542,120.965302,,,,,,,24,2021-01-29,OSP
MNL005 LP132 NP1-2,MNL005,LP132,NP1-2,MNL005 LP132,Orchard Building (City Square 2),MANILA,3,1,BARANGAY 275,,,14.599639,120.965177,,,,,,,16,2021-01-29,OSP
MNL005 LP130 NP3-4-5,MNL005,LP130,NP3-4-5,MNL005 LP130,Orchard Building (City Square 2),MANILA,3,1,BARANGAY 275,,,14.599144,120.966138,,,,,,,24,2021-01-29,OSP
MNL005 LP130 NP6-7-8,MNL005,LP130,NP6-7-8,MNL005 LP130,Orchard Building (City Square 2),MANILA,3,1,BARANGAY 275,,,14.599268,120.965873,,,,,,,24,2021-01-29,OSP
MNL005 LP131 NP1-2,MNL005,LP131,NP1-2,MNL005 LP131,Orchard Building (City Square 2),MANILA,3,1,BARANGAY 275,,,14.599379,120.96559,,,,,,,16,2021-01-29,OSP
MNL005 LP131 NP3-4-5,MNL005,LP131,NP3-4-5,MNL005 LP131,Orchard Building (City Square 2),MANILA,3,1,BARANGAY 275,,,14.599452,120.96543,,,,,,,24,2021-01-29,OSP
MNL005 LP223 NP1-2,MNL005,LP223,NP1-2,MNL005 LP223,Orchard Building (City Square 2),MANILA,3,1,BARANGAY 275,,,14.600411,120.966334,,,,,,,16,2021-09-25,OSP
MNL005 LP223 NP3-5,MNL005,LP223,NP3-5,MNL005 LP223,Orchard Building (City Square 2),MANILA,3,1,BARANGAY 275,,,14.600418,120.966333,,,,,,,24,2021-09-25,OSP
MNL005 LP223 NP6-8,MNL005,LP223,NP6-8,MNL005 LP223,Orchard Building (City Square 2),MANILA,3,1,BARANGAY 275,,,14.600325,120.966124,,,,,,,24,2021-09-25,OSP
MNL005 LP224 NP1-2,MNL005,LP224,NP1-2,MNL005 LP224,Orchard Building (City Square 2),MANILA,3,1,BARANGAY 275,,,14.600322,120.966119,,,,,,,16,2021-09-25,OSP
MNL005 LP224 NP3-5,MNL005,LP224,NP3-5,MNL005 LP224,Orchard Building (City Square 2),MANILA,3,1,BARANGAY 275,,,14.60018,120.965908,,,,,,,24,2021-09-25,OSP
MNL005 LP224 NP6-8,MNL005,LP224,NP6-8,MNL005 LP224,Orchard Building (City Square 2),MANILA,3,1,BARANGAY 275,,,14.600165,120.965803,,,,,,,24,2021-09-25,OSP
MNL005 LP225 NP1-2,MNL005,LP225,NP1-2,MNL005 LP225,Orchard Building (City Square 2),MANILA,3,1,BARANGAY 275,,,14.600118,120.965687,,,,,,,16,2021-09-25,OSP
MNL005 LP225 NP3-5,MNL005,LP225,NP3-5,MNL005 LP225,Orchard Building (City Square 2),MANILA,3,1,BARANGAY 275,,,14.600044,120.965535,,,,,,,24,2021-09-25,OSP
MNL005 LP225 NP6-8,MNL005,LP225,NP6-8,MNL005 LP225,Orchard Building (City Square 2),MANILA,3,1,BARANGAY 275,,,14.599943,120.965565,,,,,,,24,2021-09-25,OSP
MNL005 LP532 NP1-2,MNL005,LP532,NP1-2,MNL005 LP532,Orchard Building (City Square 2),MANILA,3,1,BARANGAY 275,,,14.596657,120.956358,,,,,,,16,2022-05-01,OSP
MNL005 LP532 NP3-5,MNL005,LP532,NP3-5,MNL005 LP532,Orchard Building (City Square 2),MANILA,3,1,BARANGAY 275,,,14.596657,120.956359,,,,,,,24,2022-05-01,OSP
MNL005 LP532 NP6-8,MNL005,LP532,NP6-8,MNL005 LP532,Orchard Building (City Square 2),MANILA,3,1,BARANGAY 275,,,14.596659,120.956358,,,,,,,24,2022-05-01,OSP
MNL005 LP533 NP1-2,MNL005,LP533,NP1-2,MNL005 LP533,Orchard Building (City Square 2),MANILA,3,1,BARANGAY 275,,,14.596494,120.955873,,,,,,,16,2022-05-01,OSP
MNL005 LP533 NP3-5,MNL005,LP533,NP3-5,MNL005 LP533,Orchard Building (City Square 2),MANILA,3,1,BARANGAY 275,,,14.596498,120.955871,,,,,,,24,2022-05-01,OSP
MNL005 LP533 NP6-8,MNL005,LP533,NP6-8,MNL005 LP533,Orchard Building (City Square 2),MANILA,3,1,BARANGAY 275,,,14.596496,120.955872,,,,,,,24,2022-05-01,OSP
MNL005 LP526 NP6-8,MNL005,LP526,NP6-8,MNL005 LP526,Orchard Building (City Square 2),MANILA,3,1,BARANGAY 275,,,14.597616,120.959697,,,,,,,24,2022-05-01,OSP
MNL005 LP527 NP1-2,MNL005,LP527,NP1-2,MNL005 LP527,Orchard Building (City Square 2),MANILA,3,1,BARANGAY 275,,,14.597459,120.958213,,,,,,,16,2022-05-01,OSP
MNL005 LP527 NP3-5,MNL005,LP527,NP3-5,MNL005 LP527,Orchard Building (City Square 2),MANILA,3,1,BARANGAY 275,,,14.597458,120.958216,,,,,,,24,2022-05-01,OSP
MNL005 LP527 NP6-8,MNL005,LP527,NP6-8,MNL005 LP527,Orchard Building (City Square 2),MANILA,3,1,BARANGAY 275,,,14.597461,120.958217,,,,,,,24,2022-05-01,OSP
MNL005 LP528 NP1-2,MNL005,LP528,NP1-2,MNL005 LP528,Orchard Building (City Square 2),MANILA,3,1,BARANGAY 275,,,14.597382,120.958033,,,,,,,16,2022-05-01,OSP
MNL005 LP528 NP3-5,MNL005,LP528,NP3-5,MNL005 LP528,Orchard Building (City Square 2),MANILA,3,1,BARANGAY 275,,,14.59738,120.958033,,,,,,,24,2022-05-01,OSP
MNL005 LP528 NP6-8,MNL005,LP528,NP6-8,MNL005 LP528,Orchard Building (City Square 2),MANILA,3,1,BARANGAY 275,,,14.597379,120.958034,,,,,,,24,2022-05-01,OSP
MNL005 LP529 NP1-2,MNL005,LP529,NP1-2,MNL005 LP529,Orchard Building (City Square 2),MANILA,3,1,BARANGAY 275,,,14.597198,120.957598,,,,,,,16,2022-05-01,OSP
MNL005 LP529 NP3-5,MNL005,LP529,NP3-5,MNL005 LP529,Orchard Building (City Square 2),MANILA,3,1,BARANGAY 275,,,14.597198,120.957601,,,,,,,24,2022-05-01,OSP
MNL005 LP529 NP6-8,MNL005,LP529,NP6-8,MNL005 LP529,Orchard Building (City Square 2),MANILA,3,1,BARANGAY 275,,,14.597199,120.957604,,,,,,,24,2022-05-01,OSP
MNL005 LP521 NP1-2,MNL005,LP521,NP1-2,MNL005 LP521,Orchard Building (City Square 2),MANILA,3,1,BARANGAY 275,,,14.597936,120.95931,,,,,,,16,2022-05-01,OSP
MNL005 LP521 NP3-5,MNL005,LP521,NP3-5,MNL005 LP521,Orchard Building (City Square 2),MANILA,3,1,BARANGAY 275,,,14.597936,120.959311,,,,,,,24,2022-05-01,OSP
MNL005 LP521 NP6-8,MNL005,LP521,NP6-8,MNL005 LP521,Orchard Building (City Square 2),MANILA,3,1,BARANGAY 275,,,14.597934,120.959312,,,,,,,24,2022-05-01,OSP
MNL005 LP522 NP1-2,MNL005,LP522,NP1-2,MNL005 LP522,Orchard Building (City Square 2),MANILA,3,1,BARANGAY 275,,,14.597749,120.958892,,,,,,,16,2022-05-01,OSP
MNL005 LP522 NP3-5,MNL005,LP522,NP3-5,MNL005 LP522,Orchard Building (City Square 2),MANILA,3,1,BARANGAY 275,,,14.597747,120.958896,,,,,,,24,2022-05-01,OSP
MNL005 LP522 NP6-8,MNL005,LP522,NP6-8,MNL005 LP522,Orchard Building (City Square 2),MANILA,3,1,BARANGAY 275,,,14.597753,120.958893,,,,,,,24,2022-05-01,OSP
MNL005 LP523 NP1-2,MNL005,LP523,NP1-2,MNL005 LP523,Orchard Building (City Square 2),MANILA,3,1,BARANGAY 275,,,14.597654,120.959053,,,,,,,16,2022-05-01,OSP
MNL005 LP523 NP3-5,MNL005,LP523,NP3-5,MNL005 LP523,Orchard Building (City Square 2),MANILA,3,1,BARANGAY 275,,,14.597658,120.959049,,,,,,,24,2022-05-01,OSP
MNL005 LP523 NP6-8,MNL005,LP523,NP6-8,MNL005 LP523,Orchard Building (City Square 2),MANILA,3,1,BARANGAY 275,,,14.597657,120.959052,,,,,,,24,2022-05-01,OSP
MNL005 LP524 NP1-2,MNL005,LP524,NP1-2,MNL005 LP524,Orchard Building (City Square 2),MANILA,3,1,BARANGAY 275,,,14.597654,120.95918,,,,,,,16,2022-05-01,OSP
MNL005 LP524 NP3-5,MNL005,LP524,NP3-5,MNL005 LP524,Orchard Building (City Square 2),MANILA,3,1,BARANGAY 275,,,14.597656,120.959184,,,,,,,24,2022-05-01,OSP
MNL005 LP524 NP6-8,MNL005,LP524,NP6-8,MNL005 LP524,Orchard Building (City Square 2),MANILA,3,1,BARANGAY 275,,,14.597654,120.959182,,,,,,,24,2022-05-01,OSP
MNL005 LP525 NP1-2,MNL005,LP525,NP1-2,MNL005 LP525,Orchard Building (City Square 2),MANILA,3,1,BARANGAY 275,,,14.597692,120.959392,,,,,,,16,2022-05-01,OSP
MNL005 LP525 NP3-5,MNL005,LP525,NP3-5,MNL005 LP525,Orchard Building (City Square 2),MANILA,3,1,BARANGAY 275,,,14.597698,120.959396,,,,,,,24,2022-05-01,OSP
MNL005 LP525 NP6-8,MNL005,LP525,NP6-8,MNL005 LP525,Orchard Building (City Square 2),MANILA,3,1,BARANGAY 275,,,14.597694,120.959386,,,,,,,24,2022-05-01,OSP
MNL005 LP526 NP1-2,MNL005,LP526,NP1-2,MNL005 LP526,Orchard Building (City Square 2),MANILA,3,1,BARANGAY 275,,,14.597617,120.959698,,,,,,,16,2022-05-01,OSP
MNL005 LP526 NP3-5,MNL005,LP526,NP3-5,MNL005 LP526,Orchard Building (City Square 2),MANILA,3,1,BARANGAY 275,,,14.597613,120.9597,,,,,,,24,2022-05-01,OSP
MNL005 LP516 NP6-8,MNL005,LP516,NP6-8,MNL005 LP516,Orchard Building (City Square 2),MANILA,3,1,BARANGAY 275,,,14.598051,120.960431,,,,,,,24,2022-05-01,OSP
MNL005 LP517 NP1-2,MNL005,LP517,NP1-2,MNL005 LP517,Orchard Building (City Square 2),MANILA,3,1,BARANGAY 275,,,14.597712,120.960437,,,,,,,16,2022-05-01,OSP
MNL005 LP517 NP3-5,MNL005,LP517,NP3-5,MNL005 LP517,Orchard Building (City Square 2),MANILA,3,1,BARANGAY 275,,,14.597707,120.960432,,,,,,,24,2022-05-01,OSP
MNL005 LP517 NP6-8,MNL005,LP517,NP6-8,MNL005 LP517,Orchard Building (City Square 2),MANILA,3,1,BARANGAY 275,,,14.597711,120.96044,,,,,,,24,2022-05-01,OSP
MNL005 LP518 NP1-2,MNL005,LP518,NP1-2,MNL005 LP518,Orchard Building (City Square 2),MANILA,3,1,BARANGAY 275,,,14.597578,120.960253,,,,,,,16,2022-05-01,OSP
MNL005 LP518 NP3-5,MNL005,LP518,NP3-5,MNL005 LP518,Orchard Building (City Square 2),MANILA,3,1,BARANGAY 275,,,14.597576,120.960256,,,,,,,24,2022-05-01,OSP
MNL005 LP518 NP6-8,MNL005,LP518,NP6-8,MNL005 LP518,Orchard Building (City Square 2),MANILA,3,1,BARANGAY 275,,,14.597575,120.960256,,,,,,,24,2022-05-01,OSP
MNL005 LP519 NP1-2,MNL005,LP519,NP1-2,MNL005 LP519,Orchard Building (City Square 2),MANILA,3,1,BARANGAY 275,,,14.598291,120.960124,,,,,,,16,2022-05-01,OSP
MNL005 LP519 NP3-5,MNL005,LP519,NP3-5,MNL005 LP519,Orchard Building (City Square 2),MANILA,3,1,BARANGAY 275,,,14.598295,120.960126,,,,,,,24,2022-05-01,OSP
MNL005 LP519 NP6-8,MNL005,LP519,NP6-8,MNL005 LP519,Orchard Building (City Square 2),MANILA,3,1,BARANGAY 275,,,14.598296,120.960123,,,,,,,24,2022-05-01,OSP
MNL005 LP520 NP1-2,MNL005,LP520,NP1-2,MNL005 LP520,Orchard Building (City Square 2),MANILA,3,1,BARANGAY 275,,,14.598134,120.959745,,,,,,,16,2022-05-01,OSP
MNL005 LP520 NP3-5,MNL005,LP520,NP3-5,MNL005 LP520,Orchard Building (City Square 2),MANILA,3,1,BARANGAY 275,,,14.598132,120.959749,,,,,,,24,2022-05-01,OSP
MNL005 LP520 NP6-8,MNL005,LP520,NP6-8,MNL005 LP520,Orchard Building (City Square 2),MANILA,3,1,BARANGAY 275,,,14.598132,120.959756,,,,,,,24,2022-05-01,OSP
MNL005 LP516 NP1-2,MNL005,LP516,NP1-2,MNL005 LP516,Orchard Building (City Square 2),MANILA,3,1,BARANGAY 275,,,14.598048,120.960431,,,,,,,16,2022-05-01,OSP
MNL005 LP516 NP3-5,MNL005,LP516,NP3-5,MNL005 LP516,Orchard Building (City Square 2),MANILA,3,1,BARANGAY 275,,,14.598054,120.960436,,,,,,,24,2022-05-01,OSP
MNL005 LP507 NP1-2,MNL005,LP507,NP1-2,MNL005 LP507,Orchard Building (City Square 2),MANILA,3,1,BARANGAY 275,,,14.597509,120.9581,,,,,,,16,2021-10-21,OSP
MNL005 LP507 NP3-5,MNL005,LP507,NP3-5,MNL005 LP507,Orchard Building (City Square 2),MANILA,3,1,BARANGAY 275,,,14.597509,120.9581,,,,,,,24,2021-10-21,OSP
MNL005 LP507 NP6-8,MNL005,LP507,NP6-8,MNL005 LP507,Orchard Building (City Square 2),MANILA,3,1,BARANGAY 275,,,14.597509,120.9581,,,,,,,24,2021-10-21,OSP
MNL005 LP508 NP1-2,MNL005,LP508,NP1-2,MNL005 LP508,Orchard Building (City Square 2),MANILA,3,1,BARANGAY 275,,,14.597223,120.95746,,,,,,,16,2021-10-21,OSP
MNL005 LP508 NP3-5,MNL005,LP508,NP3-5,MNL005 LP508,Orchard Building (City Square 2),MANILA,3,1,BARANGAY 275,,,14.597223,120.95746,,,,,,,24,2021-10-21,OSP
MNL005 LP508 NP6-8,MNL005,LP508,NP6-8,MNL005 LP508,Orchard Building (City Square 2),MANILA,3,1,BARANGAY 275,,,14.597223,120.95746,,,,,,,24,2021-10-21,OSP
MNL005 LP501 NP1-2,MNL005,LP501,NP1-2,MNL005 LP501,Orchard Building (City Square 2),MANILA,3,1,BARANGAY 275,,,14.598408,120.96014,,,,,,,16,2021-10-21,OSP
MNL005 LP501 NP3-5,MNL005,LP501,NP3-5,MNL005 LP501,Orchard Building (City Square 2),MANILA,3,1,BARANGAY 275,,,14.598408,120.96014,,,,,,,24,2021-10-21,OSP
MNL005 LP501 NP6-8,MNL005,LP501,NP6-8,MNL005 LP501,Orchard Building (City Square 2),MANILA,3,1,BARANGAY 275,,,14.598408,120.96014,,,,,,,24,2021-10-21,OSP
MNL005 LP502 NP1-2,MNL005,LP502,NP1-2,MNL005 LP502,Orchard Building (City Square 2),MANILA,3,1,BARANGAY 275,,,14.59819,120.95966,,,,,,,16,2021-10-21,OSP
MNL005 LP502 NP3-5,MNL005,LP502,NP3-5,MNL005 LP502,Orchard Building (City Square 2),MANILA,3,1,BARANGAY 275,,,14.59819,120.95966,,,,,,,24,2021-10-21,OSP
MNL005 LP502 NP6-8,MNL005,LP502,NP6-8,MNL005 LP502,Orchard Building (City Square 2),MANILA,3,1,BARANGAY 275,,,14.59819,120.95966,,,,,,,24,2021-10-21,OSP
MNL005 LP498 NP1-2,MNL005,LP498,NP1-2,MNL005 LP498,Orchard Building (City Square 2),MANILA,3,1,BARANGAY 275,,,14.598525,120.96149,,,,,,,16,2021-10-21,OSP
MNL005 LP498 NP3-5,MNL005,LP498,NP3-5,MNL005 LP498,Orchard Building (City Square 2),MANILA,3,1,BARANGAY 275,,,14.598525,120.96149,,,,,,,24,2021-10-21,OSP
MNL005 LP498 NP6-8,MNL005,LP498,NP6-8,MNL005 LP498,Orchard Building (City Square 2),MANILA,3,1,BARANGAY 275,,,14.598525,120.96149,,,,,,,24,2021-10-21,OSP
MNL005 LP499 NP1-2,MNL005,LP499,NP1-2,MNL005 LP499,Orchard Building (City Square 2),MANILA,3,1,BARANGAY 275,,,14.598529,120.96091,,,,,,,16,2021-10-21,OSP
MNL005 LP499 NP3-5,MNL005,LP499,NP3-5,MNL005 LP499,Orchard Building (City Square 2),MANILA,3,1,BARANGAY 275,,,14.598529,120.96091,,,,,,,24,2021-10-21,OSP
MNL005 LP499 NP6-8,MNL005,LP499,NP6-8,MNL005 LP499,Orchard Building (City Square 2),MANILA,3,1,BARANGAY 275,,,14.598529,120.96091,,,,,,,24,2021-10-21,OSP
MNL003 LP356 NP1-2,MNL003,LP356,NP1-2,MNL003 LP356,City Square,MANILA,3,1,BARANGAY 276,,,14.6009182,120.9674963,,,,,,,16,2019-05-03,OSP
MNL003 LP356 NP7-8,MNL003,LP356,NP7-8,MNL003 LP356,City Square,MANILA,3,1,BARANGAY 276,,,14.60005253,120.9674597,,,,,,,16,2019-05-03,OSP
MNL005 LP208 NP3-5,MNL005,LP208,NP3-5,MNL005 LP208,Orchard Building (City Square 2),MANILA,3,1,BARANGAY 276,,,14.601544,120.967286,,,,,,,24,2021-09-25,OSP
MNL005 LP208 NP6-8,MNL005,LP208,NP6-8,MNL005 LP208,Orchard Building (City Square 2),MANILA,3,1,BARANGAY 276,,,14.601402,120.967057,,,,,,,24,2021-09-25,OSP
MNL005 LP209 NP1-2,MNL005,LP209,NP1-2,MNL005 LP209,Orchard Building (City Square 2),MANILA,3,1,BARANGAY 276,,,14.601298,120.966876,,,,,,,16,2021-09-25,OSP
MNL005 LP209 NP3-5,MNL005,LP209,NP3-5,MNL005 LP209,Orchard Building (City Square 2),MANILA,3,1,BARANGAY 276,,,14.601117,120.967072,,,,,,,24,2021-09-25,OSP
MNL005 LP209 NP6-8,MNL005,LP209,NP6-8,MNL005 LP209,Orchard Building (City Square 2),MANILA,3,1,BARANGAY 276,,,14.601274,120.967327,,,,,,,24,2021-09-25,OSP
MNL005 LP210 NP1-2,MNL005,LP210,NP1-2,MNL005 LP210,Orchard Building (City Square 2),MANILA,3,1,BARANGAY 276,,,14.601421,120.967578,,,,,,,16,2021-09-25,OSP
MNL005 LP210 NP6-8,MNL005,LP210,NP6-8,MNL005 LP210,Orchard Building (City Square 2),MANILA,3,1,BARANGAY 276,,,14.601242,120.9678,,,,,,,24,2021-09-25,OSP
MNL005 LP211 NP1-2,MNL005,LP211,NP1-2,MNL005 LP211,Orchard Building (City Square 2),MANILA,3,1,BARANGAY 276,,,14.601137,120.967689,,,,,,,16,2021-09-25,OSP
MNL005 LP211 NP3-5,MNL005,LP211,NP3-5,MNL005 LP211,Orchard Building (City Square 2),MANILA,3,1,BARANGAY 276,,,14.600981,120.967492,,,,,,,24,2021-09-25,OSP
MNL005 LP211 NP6-8,MNL005,LP211,NP6-8,MNL005 LP211,Orchard Building (City Square 2),MANILA,3,1,BARANGAY 276,,,14.600667,120.967006,,,,,,,24,2021-09-25,OSP
MNL005 LP212 NP1-2,MNL005,LP212,NP1-2,MNL005 LP212,Orchard Building (City Square 2),MANILA,3,1,BARANGAY 276,,,14.600564,120.967425,,,,,,,16,2021-09-25,OSP
MNL005 LP212 NP3-5,MNL005,LP212,NP3-5,MNL005 LP212,Orchard Building (City Square 2),MANILA,3,1,BARANGAY 276,,,14.600242,120.967625,,,,,,,24,2021-09-25,OSP
MNL005 LP24 NP5-6,MNL005,LP24,NP5-6,MNL005 LP24,Orchard Building (City Square 2),MANILA,3,1,BARANGAY 276,,,14.601298,120.966771,,,,,,,16,2020-08-30,OSP
MNL005 LP117 NP3-4-5,MNL005,LP117,NP3-4-5,MNL005 LP117,Orchard Building (City Square 2),MANILA,3,1,BARANGAY 276,,,14.601631,120.967587,,,,,,,24,2021-01-29,OSP
MNL005 LP117 NP6-7-8,MNL005,LP117,NP6-7-8,MNL005 LP117,Orchard Building (City Square 2),MANILA,3,1,BARANGAY 276,,,14.601591,120.967423,,,,,,,24,2021-01-29,OSP
MNL005 LP118 NP1-2,MNL005,LP118,NP1-2,MNL005 LP118,Orchard Building (City Square 2),MANILA,3,1,BARANGAY 276,,,14.60145,120.967256,,,,,,,16,2021-01-29,OSP
MNL005 LP118 NP3-4-5,MNL005,LP118,NP3-4-5,MNL005 LP118,Orchard Building (City Square 2),MANILA,3,1,BARANGAY 276,,,14.601329,120.967043,,,,,,,24,2021-01-29,OSP
MNL005 LP118 NP6-7-8,MNL005,LP118,NP6-7-8,MNL005 LP118,Orchard Building (City Square 2),MANILA,3,1,BARANGAY 276,,,14.601267,120.966846,,,,,,,24,2021-01-29,OSP
MNL005 LP119 NP1-2,MNL005,LP119,NP1-2,MNL005 LP119,Orchard Building (City Square 2),MANILA,3,1,BARANGAY 276,,,14.60095,120.967522,,,,,,,16,2021-01-29,OSP
MNL005 LP119 NP3-4-5,MNL005,LP119,NP3-4-5,MNL005 LP119,Orchard Building (City Square 2),MANILA,3,1,BARANGAY 276,,,14.600653,120.967009,,,,,,,24,2021-01-29,OSP
MNL005 LP119 NP6-7-8,MNL005,LP119,NP6-7-8,MNL005 LP119,Orchard Building (City Square 2),MANILA,3,1,BARANGAY 276,,,14.600372,120.967198,,,,,,,24,2021-01-29,OSP
MNL005 LP23 NP3-4,MNL005,LP23,NP3-4,MNL005 LP23,Orchard Building (City Square 2),MANILA,3,1,BARANGAY 276,,,14.601276,120.967337,,,,,,,16,2020-08-30,OSP
MNL005 LP23 NP7-8,MNL005,LP23,NP7-8,MNL005 LP23,Orchard Building (City Square 2),MANILA,3,1,BARANGAY 276,,,14.601463,120.967188,,,,,,,16,2020-08-30,OSP
MNL005 LP28 NP5-6,MNL005,LP28,NP5-6,MNL005 LP28,Orchard Building (City Square 2),MANILA,3,1,BARANGAY 276,,,14.600669,120.967017,,,,,,,16,2020-08-30,OSP
MNL005 LP28 NP7-8,MNL005,LP28,NP7-8,MNL005 LP28,Orchard Building (City Square 2),MANILA,3,1,BARANGAY 276,,,14.600469,120.967893,,,,,,,16,2020-08-30,OSP
MNL005 LP126 NP6-7-8,MNL005,LP126,NP6-7-8,MNL005 LP126,Orchard Building (City Square 2),MANILA,3,1,BARANGAY 276,,,14.600586,120.968051,,,,,,,24,2021-01-29,OSP
MNL003 LP217 NP7-8,MNL003,LP217,NP7-8,MNL003 LP217,City Square,MANILA,3,1,BARANGAY 28,,,14.60331291,120.9627846,,,,,,,16,2019-02-12,OSP
MNL003 LP218 NP3-4,MNL003,LP218,NP3-4,MNL003 LP218,City Square,MANILA,3,1,BARANGAY 28,,,14.60440332,120.9627116,,,,,,,16,2019-02-12,OSP
MNL003 LP218 NP5-6,MNL003,LP218,NP5-6,MNL003 LP218,City Square,MANILA,3,1,BARANGAY 28,,,14.60491069,120.9632658,,,,,,,16,2019-02-12,OSP
MNL003 LP218 NP7-8,MNL003,LP218,NP7-8,MNL003 LP218,City Square,MANILA,3,1,BARANGAY 28,,,14.6043857,120.9633827,,,,,,,16,2019-02-12,OSP
MNL003 LP219 NP1-2,MNL003,LP219,NP1-2,MNL003 LP219,City Square,MANILA,3,1,BARANGAY 28,,,14.60388379,120.9635373,,,,,,,16,2019-02-12,OSP
MNL003 LP199 NP3-4,MNL003,LP199,NP3-4,MNL003 LP199,City Square,MANILA,3,1,BARANGAY 28,,,14.60286368,120.9628404,,,,,,,16,2019-01-30,OSP
MNL003 LP199 NP5-6,MNL003,LP199,NP5-6,MNL003 LP199,City Square,MANILA,3,1,BARANGAY 28,,,14.60293112,120.9634452,,,,,,,16,2019-01-30,OSP
MNL005 LP254 NP6-7-8,MNL005,LP254,NP6-7-8,MNL005 LP254,Orchard Building (City Square 2),MANILA,3,1,BARANGAY 28,,,14.604557,120.96269,,,,,,,24,2021-09-25,OSP
MNL005 LP255 NP1-2,MNL005,LP255,NP1-2,MNL005 LP255,Orchard Building (City Square 2),MANILA,3,1,BARANGAY 28,,,14.604412,120.96271,,,,,,,16,2021-09-25,OSP
MNL005 LP255 NP3-4-5,MNL005,LP255,NP3-4-5,MNL005 LP255,Orchard Building (City Square 2),MANILA,3,1,BARANGAY 28,,,14.603721,120.96277,,,,,,,24,2021-09-25,OSP
MNL005 LP255 NP6-7-8,MNL005,LP255,NP6-7-8,MNL005 LP255,Orchard Building (City Square 2),MANILA,3,1,BARANGAY 28,,,14.603536,120.96276,,,,,,,24,2021-09-25,OSP
MNL005 LP256 NP1-2,MNL005,LP256,NP1-2,MNL005 LP256,Orchard Building (City Square 2),MANILA,3,1,BARANGAY 28,,,14.603536,120.96276,,,,,,,16,2021-09-25,OSP
MNL005 LP256 NP3-4-5,MNL005,LP256,NP3-4-5,MNL005 LP256,Orchard Building (City Square 2),MANILA,3,1,BARANGAY 28,,,14.603362,120.96277,,,,,,,24,2021-09-25,OSP
MNL005 LP256 NP6-7-8,MNL005,LP256,NP6-7-8,MNL005 LP256,Orchard Building (City Square 2),MANILA,3,1,BARANGAY 28,,,14.603362,120.96277,,,,,,,24,2021-09-25,OSP
MNL005 LP257 NP1-2,MNL005,LP257,NP1-2,MNL005 LP257,Orchard Building (City Square 2),MANILA,3,1,BARANGAY 28,,,14.602995,120.9628,,,,,,,16,2021-09-25,OSP
MNL005 LP257 NP3-4-5,MNL005,LP257,NP3-4-5,MNL005 LP257,Orchard Building (City Square 2),MANILA,3,1,BARANGAY 28,,,14.602797,120.96281,,,,,,,24,2021-09-25,OSP
MNL005 LP43 NP1-2,MNL005,LP43,NP1-2,MNL005 LP43,Orchard Building (City Square 2),MANILA,3,1,BARANGAY 28,,,14.603758,120.962757,,,,,,,16,2020-09-25,OSP
MNL005 LP43 NP3-4,MNL005,LP43,NP3-4,MNL005 LP43,Orchard Building (City Square 2),MANILA,3,1,BARANGAY 28,,,14.603362,120.962783,,,,,,,16,2020-09-25,OSP
MNL005 LP43 NP5-6,MNL005,LP43,NP5-6,MNL005 LP43,Orchard Building (City Square 2),MANILA,3,1,BARANGAY 28,,,14.603131,120.962793,,,,,,,16,2020-09-25,OSP
MNL005 LP43 NP7-8,MNL005,LP43,NP7-8,MNL005 LP43,Orchard Building (City Square 2),MANILA,3,1,BARANGAY 28,,,14.602985,120.962796,,,,,,,16,2020-09-25,OSP
MNL005 LP41 NP3-4,MNL005,LP41,NP3-4,MNL005 LP41,Orchard Building (City Square 2),MANILA,3,1,BARANGAY 28,,,14.604624,120.962691,,,,,,,16,2020-09-25,OSP
MNL005 LP41 NP5-6,MNL005,LP41,NP5-6,MNL005 LP41,Orchard Building (City Square 2),MANILA,3,1,BARANGAY 28,,,14.604449,120.962715,,,,,,,16,2020-09-25,OSP
MNL005 LP41 NP7-8,MNL005,LP41,NP7-8,MNL005 LP41,Orchard Building (City Square 2),MANILA,3,1,BARANGAY 28,,,14.604071,120.962736,,,,,,,16,2020-09-25,OSP
MNL005 LP411 NP6-8,MNL005,LP411,NP6-8,MNL005 LP411,Orchard Building (City Square 2),MANILA,3,1,BARANGAY 28,,,14.604488,120.963026,,,,,,,24,2021-11-01,OSP
MNL005 LP412 NP1-2,MNL005,LP412,NP1-2,MNL005 LP412,Orchard Building (City Square 2),MANILA,3,1,BARANGAY 28,,,14.604488,120.963026,,,,,,,16,2021-11-01,OSP
MNL005 LP412 NP3-5,MNL005,LP412,NP3-5,MNL005 LP412,Orchard Building (City Square 2),MANILA,3,1,BARANGAY 28,,,14.604599,120.96335,,,,,,,24,2021-11-01,OSP
MNL005 LP407 NP6-8,MNL005,LP407,NP6-8,MNL005 LP407,Orchard Building (City Square 2),MANILA,3,1,BARANGAY 28,,,14.604165,120.963112,,,,,,,24,2021-11-01,OSP
MNL005 LP409 NP3-5,MNL005,LP409,NP3-5,MNL005 LP409,Orchard Building (City Square 2),MANILA,3,1,BARANGAY 28,,,14.604259,120.962878,,,,,,,24,2021-11-01,OSP
MNL005 LP403 NP6-8,MNL005,LP403,NP6-8,MNL005 LP403,Orchard Building (City Square 2),MANILA,3,1,BARANGAY 28,,,14.60401,120.963325,,,,,,,24,2021-11-01,OSP
MNL005 LP397 NP1-2,MNL005,LP397,NP1-2,MNL005 LP397,Orchard Building (City Square 2),MANILA,3,1,BARANGAY 28,,,14.603747,120.962922,,,,,,,16,2021-11-01,OSP
MNL005 LP397 NP3-5,MNL005,LP397,NP3-5,MNL005 LP397,Orchard Building (City Square 2),MANILA,3,1,BARANGAY 28,,,14.603817,120.963216,,,,,,,24,2021-11-01,OSP
MNL005 LP397 NP6-8,MNL005,LP397,NP6-8,MNL005 LP397,Orchard Building (City Square 2),MANILA,3,1,BARANGAY 28,,,14.603817,120.963216,,,,,,,24,2021-11-01,OSP
MNL005 LP390 NP1-2,MNL005,LP390,NP1-2,MNL005 LP390,Orchard Building (City Square 2),MANILA,3,1,BARANGAY 28,,,14.603206,120.96372,,,,,,,16,2021-11-01,OSP
MNL005 LP390 NP3-5,MNL005,LP390,NP3-5,MNL005 LP390,Orchard Building (City Square 2),MANILA,3,1,BARANGAY 28,,,14.603135,120.963387,,,,,,,24,2021-11-01,OSP
MNL005 LP390 NP6-8,MNL005,LP390,NP6-8,MNL005 LP390,Orchard Building (City Square 2),MANILA,3,1,BARANGAY 28,,,14.60304,120.963078,,,,,,,24,2021-11-01,OSP
MNL005 LP391 NP6-8,MNL005,LP391,NP6-8,MNL005 LP391,Orchard Building (City Square 2),MANILA,3,1,BARANGAY 28,,,14.603533,120.963613,,,,,,,24,2021-11-01,OSP
MNL005 LP392 NP1-2,MNL005,LP392,NP1-2,MNL005 LP392,Orchard Building (City Square 2),MANILA,3,1,BARANGAY 28,,,14.603386,120.963021,,,,,,,16,2021-11-01,OSP
MNL005 LP392 NP3-5,MNL005,LP392,NP3-5,MNL005 LP392,Orchard Building (City Square 2),MANILA,3,1,BARANGAY 28,,,14.603615,120.963064,,,,,,,24,2021-11-01,OSP
MNL005 LP392 NP6-8,MNL005,LP392,NP6-8,MNL005 LP392,Orchard Building (City Square 2),MANILA,3,1,BARANGAY 28,,,14.603658,120.96327,,,,,,,24,2021-11-01,OSP
MNL005 LP386 NP1-2,MNL005,LP386,NP1-2,MNL005 LP386,Orchard Building (City Square 2),MANILA,3,1,BARANGAY 28,,,14.603248,120.963114,,,,,,,16,2021-11-01,OSP
MNL005 LP386 NP3-5,MNL005,LP386,NP3-5,MNL005 LP386,Orchard Building (City Square 2),MANILA,3,1,BARANGAY 28,,,14.603248,120.963114,,,,,,,24,2021-11-01,OSP
MNL005 LP386 NP6-8,MNL005,LP386,NP6-8,MNL005 LP386,Orchard Building (City Square 2),MANILA,3,1,BARANGAY 28,,,14.603134,120.96279,,,,,,,24,2021-11-01,OSP
MNL005 LP378 NP1-2,MNL005,LP378,NP1-2,MNL005 LP378,Orchard Building (City Square 2),MANILA,3,1,BARANGAY 28,,,14.602874,120.963283,,,,,,,16,2021-11-01,OSP
MNL005 LP378 NP3-5,MNL005,LP378,NP3-5,MNL005 LP378,Orchard Building (City Square 2),MANILA,3,1,BARANGAY 28,,,14.602905,120.96346,,,,,,,24,2021-11-01,OSP
MNL005 LP45 NP1-2,MNL005,LP45,NP1-2,MNL005 LP45,Orchard Building (City Square 2),MANILA,3,1,BARANGAY 28,,,14.604238,120.963454,,,,,,,16,2020-09-25,OSP
MNL005 LP45 NP3-4,MNL005,LP45,NP3-4,MNL005 LP45,Orchard Building (City Square 2),MANILA,3,1,BARANGAY 28,,,14.604415,120.963411,,,,,,,16,2020-09-25,OSP
MNL005 LP45 NP5-6,MNL005,LP45,NP5-6,MNL005 LP45,Orchard Building (City Square 2),MANILA,3,1,BARANGAY 28,,,14.604756,120.963321,,,,,,,16,2020-09-25,OSP
MNL005 LP45 NP7-8,MNL005,LP45,NP7-8,MNL005 LP45,Orchard Building (City Square 2),MANILA,3,1,BARANGAY 28,,,14.604925,120.963276,,,,,,,16,2020-09-25,OSP
MNL005 LP44 NP1-2,MNL005,LP44,NP1-2,MNL005 LP44,Orchard Building (City Square 2),MANILA,3,1,BARANGAY 28,,,14.603215,120.963727,,,,,,,16,2020-09-25,OSP
MNL005 LP44 NP3-4,MNL005,LP44,NP3-4,MNL005 LP44,Orchard Building (City Square 2),MANILA,3,1,BARANGAY 28,,,14.603533,120.963638,,,,,,,16,2020-09-25,OSP
MNL005 LP44 NP5-6,MNL005,LP44,NP5-6,MNL005 LP44,Orchard Building (City Square 2),MANILA,3,1,BARANGAY 28,,,14.6039,120.963543,,,,,,,16,2020-09-25,OSP
MNL005 LP44 NP7-8,MNL005,LP44,NP7-8,MNL005 LP44,Orchard Building (City Square 2),MANILA,3,1,BARANGAY 28,,,14.604051,120.963506,,,,,,,16,2020-09-25,OSP
MNL003 LP359 NP3-4,MNL003,LP359,NP3-4,MNL003 LP359,City Square,MANILA,3,1,BARANGAY 281,,,14.60031284,120.9710028,,,,,,,16,2019-05-03,OSP
MNL003 LP359 NP5-6,MNL003,LP359,NP5-6,MNL003 LP359,City Square,MANILA,3,1,BARANGAY 281,,,14.60002534,120.9704851,,,,,,,16,2019-05-03,OSP
MNL003 LP361 NP3-4,MNL003,LP361,NP3-4,MNL003 LP361,City Square,MANILA,3,1,BARANGAY 281,,,14.59899083,120.9715005,,,,,,,16,2019-05-03,OSP
MNL003 LP361 NP5-6,MNL003,LP361,NP5-6,MNL003 LP361,City Square,MANILA,3,1,BARANGAY 281,,,14.59971769,120.9725396,,,,,,,16,2019-05-03,OSP
MNL003 LP361 NP7-8,MNL003,LP361,NP7-8,MNL003 LP361,City Square,MANILA,3,1,BARANGAY 281,,,14.59891784,120.9724233,,,,,,,16,2019-05-03,OSP
MNL003 LP362 NP1-2,MNL003,LP362,NP1-2,MNL003 LP362,City Square,MANILA,3,1,BARANGAY 281,,,14.59845289,120.9716877,,,,,,,16,2019-05-03,OSP
MNL003 LP359 NP1-2,MNL003,LP359,NP1-2,MNL003 LP359,City Square,MANILA,3,1,BARANGAY 281,,,14.6011902,120.9710282,,,,,,,16,2019-05-03,OSP
MNL005 LP21 NP5-6,MNL005,LP21,NP5-6,MNL005 LP21,Orchard Building (City Square 2),MANILA,3,1,BARANGAY 281,,,14.598706,120.971024,,,,,,,16,2020-08-30,OSP
MNL005 LP16 NP1-2,MNL005,LP16,NP1-2,MNL005 LP16,Orchard Building (City Square 2),MANILA,3,1,BARANGAY 281,,,14.601268,120.970528,,,,,,,16,2020-08-30,OSP
MNL005 LP16 NP5-6,MNL005,LP16,NP5-6,MNL005 LP16,Orchard Building (City Square 2),MANILA,3,1,BARANGAY 281,,,14.600799,120.971581,,,,,,,16,2020-08-30,OSP
MNL005 LP16 NP7-8,MNL005,LP16,NP7-8,MNL005 LP16,Orchard Building (City Square 2),MANILA,3,1,BARANGAY 281,,,14.599494,120.972151,,,,,,,16,2020-08-30,OSP
MNL005 LP106 NP3-4,MNL005,LP106,NP3-4,MNL005 LP106,Orchard Building (City Square 2),MANILA,3,1,BARANGAY 281,,,14.601019,120.971858,,,,,,,16,2021-01-29,OSP
MNL005 LP102 NP1-2,MNL005,LP102,NP1-2,MNL005 LP102,Orchard Building (City Square 2),MANILA,3,1,BARANGAY 281,,,14.599829,120.971264,,,,,,,16,2021-01-29,OSP
MNL005 LP102 NP3-4,MNL005,LP102,NP3-4,MNL005 LP102,Orchard Building (City Square 2),MANILA,3,1,BARANGAY 281,,,14.600067,120.971043,,,,,,,16,2021-01-29,OSP
MNL005 LP102 NP5-6,MNL005,LP102,NP5-6,MNL005 LP102,Orchard Building (City Square 2),MANILA,3,1,BARANGAY 281,,,14.600313,120.97084,,,,,,,16,2021-01-29,OSP
MNL005 LP102 NP7-8,MNL005,LP102,NP7-8,MNL005 LP102,Orchard Building (City Square 2),MANILA,3,1,BARANGAY 281,,,14.600643,120.970528,,,,,,,16,2021-01-29,OSP
MNL005 LP103 NP3-4,MNL005,LP103,NP3-4,MNL005 LP103,Orchard Building (City Square 2),MANILA,3,1,BARANGAY 281,,,14.601252,120.970531,,,,,,,16,2021-01-29,OSP
MNL005 LP103 NP5-6,MNL005,LP103,NP5-6,MNL005 LP103,Orchard Building (City Square 2),MANILA,3,1,BARANGAY 281,,,14.600872,120.970895,,,,,,,16,2021-01-29,OSP
MNL005 LP103 NP7-8,MNL005,LP103,NP7-8,MNL005 LP103,Orchard Building (City Square 2),MANILA,3,1,BARANGAY 281,,,14.600459,120.971223,,,,,,,16,2021-01-29,OSP
MNL005 LP104 NP1-2,MNL005,LP104,NP1-2,MNL005 LP104,Orchard Building (City Square 2),MANILA,3,1,BARANGAY 281,,,14.600166,120.971491,,,,,,,16,2021-01-29,OSP
MNL005 LP104 NP3-4,MNL005,LP104,NP3-4,MNL005 LP104,Orchard Building (City Square 2),MANILA,3,1,BARANGAY 281,,,14.599896,120.971779,,,,,,,16,2021-01-29,OSP
MNL005 LP104 NP5-6,MNL005,LP104,NP5-6,MNL005 LP104,Orchard Building (City Square 2),MANILA,3,1,BARANGAY 281,,,14.599452,120.972207,,,,,,,16,2021-01-29,OSP
MNL005 LP104 NP7-8,MNL005,LP104,NP7-8,MNL005 LP104,Orchard Building (City Square 2),MANILA,3,1,BARANGAY 281,,,14.599734,120.97256,,,,,,,16,2021-01-29,OSP
MNL005 LP105 NP1-2,MNL005,LP105,NP1-2,MNL005 LP105,Orchard Building (City Square 2),MANILA,3,1,BARANGAY 281,,,14.599994,120.972275,,,,,,,16,2021-01-29,OSP
MNL005 LP105 NP3-4,MNL005,LP105,NP3-4,MNL005 LP105,Orchard Building (City Square 2),MANILA,3,1,BARANGAY 281,,,14.600161,120.972105,,,,,,,16,2021-01-29,OSP
MNL005 LP105 NP5-6,MNL005,LP105,NP5-6,MNL005 LP105,Orchard Building (City Square 2),MANILA,3,1,BARANGAY 281,,,14.600473,120.971775,,,,,,,16,2021-01-29,OSP
MNL005 LP105 NP7-8,MNL005,LP105,NP7-8,MNL005 LP105,Orchard Building (City Square 2),MANILA,3,1,BARANGAY 281,,,14.600732,120.97152,,,,,,,16,2021-01-29,OSP
MNL005 LP106 NP1-2,MNL005,LP106,NP1-2,MNL005 LP106,Orchard Building (City Square 2),MANILA,3,1,BARANGAY 281,,,14.600775,120.971615,,,,,,,16,2021-01-29,OSP
MNL005 LP101 NP3-4,MNL005,LP101,NP3-4,MNL005 LP101,Orchard Building (City Square 2),MANILA,3,1,BARANGAY 281,,,14.598872,120.972098,,,,,,,16,2021-01-29,OSP
MNL005 LP101 NP5-6,MNL005,LP101,NP5-6,MNL005 LP101,Orchard Building (City Square 2),MANILA,3,1,BARANGAY 281,,,14.599153,120.971747,,,,,,,16,2021-01-29,OSP
MNL005 LP101 NP7-8,MNL005,LP101,NP7-8,MNL005 LP101,Orchard Building (City Square 2),MANILA,3,1,BARANGAY 281,,,14.599538,120.971516,,,,,,,16,2021-01-29,OSP
MNL005 LP106 NP5-6,MNL005,LP106,NP5-6,MNL005 LP106,Orchard Building (City Square 2),MANILA,3,1,BARANGAY 281,,,14.601146,120.971996,,,,,,,16,2021-01-29,OSP
MNL005 LP106 NP7-8,MNL005,LP106,NP7-8,MNL005 LP106,Orchard Building (City Square 2),MANILA,3,1,BARANGAY 281,,,14.60128,120.972134,,,,,,,16,2021-01-29,OSP
MNL005 LP107 NP1-2,MNL005,LP107,NP1-2,MNL005 LP107,Orchard Building (City Square 2),MANILA,3,1,BARANGAY 281,,,14.601603,120.971741,,,,,,,16,2021-01-29,OSP
MNL005 LP108 NP1-2,MNL005,LP108,NP1-2,MNL005 LP108,Orchard Building (City Square 2),MANILA,3,1,BARANGAY 281,,,14.600937,120.971276,,,,,,,16,2021-01-29,OSP
MNL005 LP108 NP3-4,MNL005,LP108,NP3-4,MNL005 LP108,Orchard Building (City Square 2),MANILA,3,1,BARANGAY 281,,,14.601185,120.971042,,,,,,,16,2021-01-29,OSP
MNL005 LP108 NP5-6,MNL005,LP108,NP5-6,MNL005 LP108,Orchard Building (City Square 2),MANILA,3,1,BARANGAY 281,,,14.601366,120.970846,,,,,,,16,2021-01-29,OSP
MNL005 LP90 NP1-2,MNL005,LP90,NP1-2,MNL005 LP90,Orchard Building (City Square 2),MANILA,3,1,BARANGAY 281,,,14.599036,120.970662,,,,,,,16,2021-01-29,OSP
MNL005 LP90 NP3-4,MNL005,LP90,NP3-4,MNL005 LP90,Orchard Building (City Square 2),MANILA,3,1,BARANGAY 281,,,14.599309,120.97047,,,,,,,16,2021-01-29,OSP
MNL005 LP92 NP1-2,MNL005,LP92,NP1-2,MNL005 LP92,Orchard Building (City Square 2),MANILA,3,1,BARANGAY 281,,,14.598336,120.971331,,,,,,,16,2021-01-29,OSP
MNL005 LP87 NP7-8,MNL005,LP87,NP7-8,MNL005 LP87,Orchard Building (City Square 2),MANILA,3,1,BARANGAY 281,,,14.600423,120.970117,,,,,,,16,2021-01-29,OSP
MNL005 LP88 NP1-2,MNL005,LP88,NP1-2,MNL005 LP88,Orchard Building (City Square 2),MANILA,3,1,BARANGAY 281,,,14.600139,120.970332,,,,,,,16,2021-01-29,OSP
MNL005 LP88 NP3-4,MNL005,LP88,NP3-4,MNL005 LP88,Orchard Building (City Square 2),MANILA,3,1,BARANGAY 281,,,14.599897,120.970533,,,,,,,16,2021-01-29,OSP
MNL005 LP88 NP5-6,MNL005,LP88,NP5-6,MNL005 LP88,Orchard Building (City Square 2),MANILA,3,1,BARANGAY 281,,,14.59967,120.970744,,,,,,,16,2021-01-29,OSP
MNL005 LP88 NP7-8,MNL005,LP88,NP7-8,MNL005 LP88,Orchard Building (City Square 2),MANILA,3,1,BARANGAY 281,,,14.599409,120.970986,,,,,,,16,2021-01-29,OSP
MNL005 LP89 NP1-2,MNL005,LP89,NP1-2,MNL005 LP89,Orchard Building (City Square 2),MANILA,3,1,BARANGAY 281,,,14.599121,120.971197,,,,,,,16,2021-01-29,OSP
MNL005 LP89 NP3-4,MNL005,LP89,NP3-4,MNL005 LP89,Orchard Building (City Square 2),MANILA,3,1,BARANGAY 281,,,14.59887,120.971391,,,,,,,16,2021-01-29,OSP
MNL005 LP89 NP5-6,MNL005,LP89,NP5-6,MNL005 LP89,Orchard Building (City Square 2),MANILA,3,1,BARANGAY 281,,,14.598599,120.971018,,,,,,,16,2021-01-29,OSP
MNL005 LP89 NP7-8,MNL005,LP89,NP7-8,MNL005 LP89,Orchard Building (City Square 2),MANILA,3,1,BARANGAY 281,,,14.59884,120.970853,,,,,,,16,2021-01-29,OSP
MNL005 LP649 NP2,MNL005,LP649,NP2,MNL005 LP649,Orchard Building (City Square 2),MANILA,3,1,BARANGAY 281,,ONE BINONDO PLACE,14.600371,120.971262,,4F,STAIRWAY,MNL53P,,,,2023-04-16,ISP
MNL005 LP513 NP3,MNL005,LP513,NP3,MNL005 LP513,Orchard Building (City Square 2),MANILA,3,1,BARANGAY 281,,RITZVILLE RESIDENCES,14.600462,120.972350,,10F,AUXILIARY ROOM,MNL55P,,,,2021-10-30,ISP
MNL005 LP513 NP6,MNL005,LP513,NP6,MNL005 LP513,Orchard Building (City Square 2),MANILA,3,1,BARANGAY 281,,RITZVILLE RESIDENCES,14.600462,120.972350,,16F,AUXILIARY ROOM,MNL55P,,,,2021-10-30,ISP
MNL005 LP513 NP5,MNL005,LP513,NP5,MNL005 LP513,Orchard Building (City Square 2),MANILA,3,1,BARANGAY 281,,RITZVILLE RESIDENCES,14.600462,120.972350,,14F,AUXILIARY ROOM,MNL55P,,,,2021-10-30,ISP
MNL005 LP513 NP8,MNL005,LP513,NP8,MNL005 LP513,Orchard Building (City Square 2),MANILA,3,1,BARANGAY 281,,RITZVILLE RESIDENCES,14.600462,120.972350,,19F,AUXILIARY ROOM,MNL55P,,,,2021-10-30,ISP
MNL005 LP513 NP1,MNL005,LP513,NP1,MNL005 LP513,Orchard Building (City Square 2),MANILA,3,1,BARANGAY 281,,RITZVILLE RESIDENCES,14.600462,120.972350,,7F,AUXILIARY ROOM,MNL55P,,,,2021-10-30,ISP
MNL005 LP604 NP2,MNL005,LP604,NP2,MNL005 LP604,Orchard Building (City Square 2),MANILA,3,1,BARANGAY 281,,KIM SIU CHING FOUNDATION BUILDING,14.599561,120.972688,,5F,TTC FIRE EXIT,MNL56P,,,,2022-02-27,ISP
MNL005 LP637 NP3-4,MNL005,LP637,NP3-4,MNL005 LP637,Orchard Building (City Square 2),MANILA,3,1,BARANGAY 281,,GRACE TOWER CONDOMINIUM,14.601664,120.971454,,RF,ROOF DECK,MNL54P,,,,2022-06-17,ISP
MNL005 LP649 NP1,MNL005,LP649,NP1,MNL005 LP649,Orchard Building (City Square 2),MANILA,3,1,BARANGAY 281,,ONE BINONDO PLACE,14.600371,120.971262,,4F,STAIRWAY,MNL53P,,,,2023-04-16,ISP
MNL005 LP604 NP1,MNL005,LP604,NP1,MNL005 LP604,Orchard Building (City Square 2),MANILA,3,1,BARANGAY 281,,KIM SIU CHING FOUNDATION BUILDING,14.599561,120.972688,,GF,TTC FIRE EXIT,MNL56P,,,,2022-02-27,ISP
MNL005 LP637 NP5-6,MNL005,LP637,NP5-6,MNL005 LP637,Orchard Building (City Square 2),MANILA,3,1,BARANGAY 281,,GRACE TOWER CONDOMINIUM,14.601664,120.971454,,RF,ROOF DECK,MNL54P,,,,2022-06-17,ISP
MNL005 LP637 NP1-2,MNL005,LP637,NP1-2,MNL005 LP637,Orchard Building (City Square 2),MANILA,3,1,BARANGAY 281,,GRACE TOWER CONDOMINIUM,14.601664,120.971454,,RF,ROOF DECK,MNL54P,,,,2022-06-17,ISP
MNL005 LP513 NP7,MNL005,LP513,NP7,MNL005 LP513,Orchard Building (City Square 2),MANILA,3,1,BARANGAY 281,,RITZVILLE RESIDENCES,14.600462,120.972350,,17F,AUXILIARY ROOM,MNL55P,,,,2021-10-30,ISP
MNL005 LP513 NP2,MNL005,LP513,NP2,MNL005 LP513,Orchard Building (City Square 2),MANILA,3,1,BARANGAY 281,,RITZVILLE RESIDENCES,14.600462,120.972350,,9F,AUXILIARY ROOM,MNL55P,,,,2021-10-30,ISP
MNL005 LP513 NP4,MNL005,LP513,NP4,MNL005 LP513,Orchard Building (City Square 2),MANILA,3,1,BARANGAY 281,,RITZVILLE RESIDENCES,14.600462,120.972350,,12F,AUXILIARY ROOM,MNL55P,,,,2021-10-30,ISP
MNL001 LP18 NP3-4,MNL001,LP18,NP3-4,MNL001 LP18,Zen Tower,MANILA,3,1,BARANGAY 281,,,14.600542,120.971253,,,,,,,16,2015-07-27,OSP
MNL003 LP15 NP4,MNL003,LP15,NP4,MNL003 LP15,City Square,MANILA,3,1,BARANGAY 282,,BINONDO WAREHOUSE DEPOT,14.598313,120.973232,,8F,EE ROOM BUILDING A,MNL060,,,,2017-01-25,ISP
MNL003 LP15 NP5,MNL003,LP15,NP5,MNL003 LP15,City Square,MANILA,3,1,BARANGAY 282,,BINONDO WAREHOUSE DEPOT,14.598313,120.973232,MNL060,10F,EE ROOM BUILDING A,,,,,2017-01-25,ISP
MNL003 LP15 NP7,MNL003,LP15,NP7,MNL003 LP15,City Square,MANILA,3,1,BARANGAY 282,,BINONDO WAREHOUSE DEPOT,14.598313,120.973232,,16F,EE ROOM BUILDING A,MNL060,,,,2017-01-25,ISP
MNL003 LP15 NP3,MNL003,LP15,NP3,MNL003 LP15,City Square,MANILA,3,1,BARANGAY 282,,BINONDO WAREHOUSE DEPOT,14.598313,120.973232,,6F,EE ROOM BUILDING A,MNL060,,,,2017-01-25,ISP
MNL003 LP15 NP6,MNL003,LP15,NP6,MNL003 LP15,City Square,MANILA,3,1,BARANGAY 282,,BINONDO WAREHOUSE DEPOT,14.598313,120.973232,MNL060,12F,EE ROOM BUILDING A,,,,,2017-01-25,ISP
MNL003 LP15 NP1-2,MNL003,LP15,NP1-2,MNL003 LP15,City Square,MANILA,3,1,BARANGAY 282,,BINONDO WAREHOUSE DEPOT,14.598313,120.973232,MNL060,3F,EE ROOM BUILDING A,,,,,2017-01-25,ISP
MNL003 LP15 NP8,MNL003,LP15,NP8,MNL003 LP15,City Square,MANILA,3,1,BARANGAY 282,,BINONDO WAREHOUSE DEPOT,14.598313,120.973232,MNL060,18F,EE ROOM BUILDING A,,,,,2017-01-25,ISP
MNL081 LP2 NP8,MNL081,LP2,NP8,MNL081 LP2,Four Season Rivera Condominium,MANILA,3,1,BARANGAY 282,,FOUR SEASONS RIVIERA (PLUM BLOSSOM),14.596459,120.973636,,7F,EE ROOM,MNL081,,,,2023-08-29,ISP
MNL081 LP2 NP4,MNL081,LP2,NP4,MNL081 LP2,Four Season Rivera Condominium,MANILA,3,1,BARANGAY 282,,FOUR SEASONS RIVIERA (PLUM BLOSSOM),14.596459,120.973636,,7F,EE ROOM,MNL081,,,,2023-08-29,ISP
MNL081 LP4 NP6,MNL081,LP4,NP6,MNL081 LP4,Four Season Rivera Condominium,MANILA,3,1,BARANGAY 282,,FOUR SEASONS RIVIERA (LOTUS),14.596495,120.973320,,7F,EE ROOM,MNL58P,,,,2023-08-29,ISP
MNL081 LP2 NP1,MNL081,LP2,NP1,MNL081 LP2,Four Season Rivera Condominium,MANILA,3,1,BARANGAY 282,,FOUR SEASONS RIVIERA (PLUM BLOSSOM),14.596459,120.973636,,7F,EE ROOM,MNL081,,,,2023-08-29,ISP
MNL081 LP4 NP3,MNL081,LP4,NP3,MNL081 LP4,Four Season Rivera Condominium,MANILA,3,1,BARANGAY 282,,FOUR SEASONS RIVIERA (LOTUS),14.596495,120.973320,,7F,EE ROOM,MNL58P,,,,2023-08-29,ISP
MNL081 LP1 NP4,MNL081,LP1,NP4,MNL081 LP1,Four Season Rivera Condominium,MANILA,3,1,BARANGAY 282,,FOUR SEASONS RIVIERA (PLUM BLOSSOM),14.596459,120.973636,,7F,EE ROOM,MNL081,,,,2023-08-29,ISP
MNL081 LP3 NP1,MNL081,LP3,NP1,MNL081 LP3,Four Season Rivera Condominium,MANILA,3,1,BARANGAY 282,,FOUR SEASONS RIVIERA (LOTUS),14.596495,120.973320,,7F,EE ROOM,MNL58P,,,,2023-08-29,ISP
MNL081 LP4 NP1,MNL081,LP4,NP1,MNL081 LP4,Four Season Rivera Condominium,MANILA,3,1,BARANGAY 282,,FOUR SEASONS RIVIERA (LOTUS),14.596495,120.973320,,7F,EE ROOM,MNL58P,,,,2023-08-29,ISP
MNL081 LP4 NP8,MNL081,LP4,NP8,MNL081 LP4,Four Season Rivera Condominium,MANILA,3,1,BARANGAY 282,,FOUR SEASONS RIVIERA (LOTUS),14.596495,120.973320,,7F,EE ROOM,MNL58P,,,,2023-08-29,ISP
MNL081 LP2 NP6,MNL081,LP2,NP6,MNL081 LP2,Four Season Rivera Condominium,MANILA,3,1,BARANGAY 282,,FOUR SEASONS RIVIERA (PLUM BLOSSOM),14.596459,120.973636,,7F,EE ROOM,MNL081,,,,2023-08-29,ISP
MNL081 LP2 NP5,MNL081,LP2,NP5,MNL081 LP2,Four Season Rivera Condominium,MANILA,3,1,BARANGAY 282,,FOUR SEASONS RIVIERA (PLUM BLOSSOM),14.596459,120.973636,,7F,EE ROOM,MNL081,,,,2023-08-29,ISP
MNL081 LP2 NP2,MNL081,LP2,NP2,MNL081 LP2,Four Season Rivera Condominium,MANILA,3,1,BARANGAY 282,,FOUR SEASONS RIVIERA (PLUM BLOSSOM),14.596459,120.973636,,7F,EE ROOM,MNL081,,,,2023-08-29,ISP
MNL081 LP2 NP7,MNL081,LP2,NP7,MNL081 LP2,Four Season Rivera Condominium,MANILA,3,1,BARANGAY 282,,FOUR SEASONS RIVIERA (PLUM BLOSSOM),14.596459,120.973636,,7F,EE ROOM,MNL081,,,,2023-08-29,ISP
MNL081 LP3 NP3,MNL081,LP3,NP3,MNL081 LP3,Four Season Rivera Condominium,MANILA,3,1,BARANGAY 282,,FOUR SEASONS RIVIERA (LOTUS),14.596495,120.973320,,7F,EE ROOM,MNL58P,,,,2023-08-29,ISP
MNL081 LP3 NP4,MNL081,LP3,NP4,MNL081 LP3,Four Season Rivera Condominium,MANILA,3,1,BARANGAY 282,,FOUR SEASONS RIVIERA (LOTUS),14.596495,120.973320,,7F,EE ROOM,MNL58P,,,,2023-08-29,ISP
MNL081 LP4 NP4,MNL081,LP4,NP4,MNL081 LP4,Four Season Rivera Condominium,MANILA,3,1,BARANGAY 282,,FOUR SEASONS RIVIERA (LOTUS),14.596495,120.973320,,7F,EE ROOM,MNL58P,,,,2023-08-29,ISP
MNL081 LP1 NP2,MNL081,LP1,NP2,MNL081 LP1,Four Season Rivera Condominium,MANILA,3,1,BARANGAY 282,,FOUR SEASONS RIVIERA (PLUM BLOSSOM),14.596459,120.973636,,7F,EE ROOM,MNL081,,,,2023-08-29,ISP
MNL081 LP4 NP7,MNL081,LP4,NP7,MNL081 LP4,Four Season Rivera Condominium,MANILA,3,1,BARANGAY 282,,FOUR SEASONS RIVIERA (LOTUS),14.596495,120.973320,,7F,EE ROOM,MNL58P,,,,2023-08-29,ISP
MNL081 LP4 NP5,MNL081,LP4,NP5,MNL081 LP4,Four Season Rivera Condominium,MANILA,3,1,BARANGAY 282,,FOUR SEASONS RIVIERA (LOTUS),14.596495,120.973320,,7F,EE ROOM,MNL58P,,,,2023-08-29,ISP
MNL081 LP4 NP2,MNL081,LP4,NP2,MNL081 LP4,Four Season Rivera Condominium,MANILA,3,1,BARANGAY 282,,FOUR SEASONS RIVIERA (LOTUS),14.596495,120.973320,,7F,EE ROOM,MNL58P,,,,2023-08-29,ISP
MNL081 LP1 NP1,MNL081,LP1,NP1,MNL081 LP1,Four Season Rivera Condominium,MANILA,3,1,BARANGAY 282,,FOUR SEASONS RIVIERA (PLUM BLOSSOM),14.596459,120.973636,,7F,EE ROOM,MNL081,,,,2023-08-29,ISP
MNL081 LP3 NP2,MNL081,LP3,NP2,MNL081 LP3,Four Season Rivera Condominium,MANILA,3,1,BARANGAY 282,,FOUR SEASONS RIVIERA (LOTUS),14.596495,120.973320,,7F,EE ROOM,MNL58P,,,,2023-08-29,ISP
MNL081 LP2 NP3,MNL081,LP2,NP3,MNL081 LP2,Four Season Rivera Condominium,MANILA,3,1,BARANGAY 282,,FOUR SEASONS RIVIERA (PLUM BLOSSOM),14.596459,120.973636,,7F,EE ROOM,MNL081,,,,2023-08-29,ISP
MNL081 LP1 NP3,MNL081,LP1,NP3,MNL081 LP1,Four Season Rivera Condominium,MANILA,3,1,BARANGAY 282,,FOUR SEASONS RIVIERA (PLUM BLOSSOM),14.596459,120.973636,,7F,EE ROOM,MNL081,,,,2023-08-29,ISP
MNL005 LP100 NP1-2,MNL005,LP100,NP1-2,MNL005 LP100,Orchard Building (City Square 2),MANILA,3,1,BARANGAY 282,,,14.598177,120.973266,,,,,,,16,2021-01-29,OSP
MNL005 LP100 NP3-4,MNL005,LP100,NP3-4,MNL005 LP100,Orchard Building (City Square 2),MANILA,3,1,BARANGAY 282,,,14.59854,120.972975,,,,,,,16,2021-01-29,OSP
MNL005 LP100 NP5-6,MNL005,LP100,NP5-6,MNL005 LP100,Orchard Building (City Square 2),MANILA,3,1,BARANGAY 282,,,14.598365,120.972699,,,,,,,16,2021-01-29,OSP
MNL005 LP100 NP7-8,MNL005,LP100,NP7-8,MNL005 LP100,Orchard Building (City Square 2),MANILA,3,1,BARANGAY 282,,,14.598241,120.972462,,,,,,,16,2021-01-29,OSP
MNL005 LP101 NP1-2,MNL005,LP101,NP1-2,MNL005 LP101,Orchard Building (City Square 2),MANILA,3,1,BARANGAY 282,,,14.598613,120.972299,,,,,,,16,2021-01-29,OSP
MNL005 LP17 NP1-2,MNL005,LP17,NP1-2,MNL005 LP17,Orchard Building (City Square 2),MANILA,3,1,BARANGAY 282,,,14.598318,120.97253,,,,,,,16,2020-08-30,OSP
MNL005 LP17 NP3-4,MNL005,LP17,NP3-4,MNL005 LP17,Orchard Building (City Square 2),MANILA,3,1,BARANGAY 282,,,14.59861,120.972985,,,,,,,16,2020-08-30,OSP
MNL005 LP17 NP5-6,MNL005,LP17,NP5-6,MNL005 LP17,Orchard Building (City Square 2),MANILA,3,1,BARANGAY 282,,,14.597874,120.973489,,,,,,,16,2020-08-30,OSP
MNL005 LP17 NP7-8,MNL005,LP17,NP7-8,MNL005 LP17,Orchard Building (City Square 2),MANILA,3,1,BARANGAY 282,,,14.597093,120.973857,,,,,,,16,2020-08-30,OSP
MNL005 LP95 NP1-2,MNL005,LP95,NP1-2,MNL005 LP95,Orchard Building (City Square 2),MANILA,3,1,BARANGAY 282,,,14.596188,120.972688,,,,,,,16,2021-01-29,OSP
MNL005 LP95 NP3-4,MNL005,LP95,NP3-4,MNL005 LP95,Orchard Building (City Square 2),MANILA,3,1,BARANGAY 282,,,14.596089,120.973208,,,,,,,16,2021-01-29,OSP
MNL005 LP95 NP5-6,MNL005,LP95,NP5-6,MNL005 LP95,Orchard Building (City Square 2),MANILA,3,1,BARANGAY 282,,,14.596159,120.973591,,,,,,,16,2021-01-29,OSP
MNL005 LP95 NP7-8,MNL005,LP95,NP7-8,MNL005 LP95,Orchard Building (City Square 2),MANILA,3,1,BARANGAY 282,,,14.596712,120.973576,,,,,,,16,2021-01-29,OSP
MNL005 LP96 NP1-2,MNL005,LP96,NP1-2,MNL005 LP96,Orchard Building (City Square 2),MANILA,3,1,BARANGAY 282,,,14.596729,120.973979,,,,,,,16,2021-01-29,OSP
MNL005 LP96 NP3-4,MNL005,LP96,NP3-4,MNL005 LP96,Orchard Building (City Square 2),MANILA,3,1,BARANGAY 282,,,14.596706,120.974206,,,,,,,16,2021-01-29,OSP
MNL005 LP96 NP5-6,MNL005,LP96,NP5-6,MNL005 LP96,Orchard Building (City Square 2),MANILA,3,1,BARANGAY 282,,,14.596739,120.974468,,,,,,,16,2021-01-29,OSP
MNL005 LP99 NP1-2,MNL005,LP99,NP1-2,MNL005 LP99,Orchard Building (City Square 2),MANILA,3,1,BARANGAY 282,,,14.596934,120.973877,,,,,,,16,2021-01-29,OSP
MNL005 LP99 NP3-4,MNL005,LP99,NP3-4,MNL005 LP99,Orchard Building (City Square 2),MANILA,3,1,BARANGAY 282,,,14.597239,120.973847,,,,,,,16,2021-01-29,OSP
MNL005 LP99 NP5-6,MNL005,LP99,NP5-6,MNL005 LP99,Orchard Building (City Square 2),MANILA,3,1,BARANGAY 282,,,14.597523,120.9737,,,,,,,16,2021-01-29,OSP
MNL005 LP99 NP7-8,MNL005,LP99,NP7-8,MNL005 LP99,Orchard Building (City Square 2),MANILA,3,1,BARANGAY 282,,,14.59789,120.973495,,,,,,,16,2021-01-29,OSP
MNL005 LP92 NP3-4,MNL005,LP92,NP3-4,MNL005 LP92,Orchard Building (City Square 2),MANILA,3,1,BARANGAY 282,,,14.59811,120.971273,,,,,,,16,2021-01-29,OSP
MNL005 LP92 NP5-6,MNL005,LP92,NP5-6,MNL005 LP92,Orchard Building (City Square 2),MANILA,3,1,BARANGAY 282,,,14.597681,120.971698,,,,,,,16,2021-01-29,OSP
MNL005 LP92 NP7-8,MNL005,LP92,NP7-8,MNL005 LP92,Orchard Building (City Square 2),MANILA,3,1,BARANGAY 282,,,14.597268,120.972,,,,,,,16,2021-01-29,OSP
MNL005 LP93 NP1-2,MNL005,LP93,NP1-2,MNL005 LP93,Orchard Building (City Square 2),MANILA,3,1,BARANGAY 282,,,14.597011,120.972195,,,,,,,16,2021-01-29,OSP
MNL005 LP93 NP7-8,MNL005,LP93,NP7-8,MNL005 LP93,Orchard Building (City Square 2),MANILA,3,1,BARANGAY 282,,,14.596237,120.972317,,,,,,,16,2021-01-29,OSP
MNL005 LP30 NP3-4,MNL005,LP30,NP3-4,MNL005 LP30,Orchard Building (City Square 2),MANILA,3,1,BARANGAY 282,,,14.597752,120.971647,,,,,,,16,2020-08-30,OSP
MNL005 LP186 NP2,MNL005,LP186,NP2,MNL005 LP186,Orchard Building (City Square 2),MANILA,3,1,BARANGAY 282,,SKY RESIDENCE,14.596494,120.973767,,17F,EE ROOM BUILDING A,MNL57P,,,,2021-03-04,ISP
MNL005 LP186 NP4,MNL005,LP186,NP4,MNL005 LP186,Orchard Building (City Square 2),MANILA,3,1,BARANGAY 282,,SKY RESIDENCE,14.596494,120.973767,,30F,EE ROOM BUILDING A,MNL57P,,,,2021-03-04,ISP
MNL005 LP186 NP1,MNL005,LP186,NP1,MNL005 LP186,Orchard Building (City Square 2),MANILA,3,1,BARANGAY 282,,SKY RESIDENCE,14.596494,120.973767,,11F,EE ROOM BUILDING A,MNL57P,,,,2021-03-04,ISP
MNL005 LP650 NP1-4,MNL005,LP650,NP1-4,MNL005 LP650,Orchard Building (City Square 2),MANILA,3,1,BARANGAY 282,,BINONDO WAREHOUSE DEPOT,14.598313,120.973232,,3F,EE ROOM,MNL060,,,,2023-04-16,ISP
MNL005 LP186 NP5,MNL005,LP186,NP5,MNL005 LP186,Orchard Building (City Square 2),MANILA,3,1,BARANGAY 282,,SKY RESIDENCE,14.596494,120.973767,,36F,EE ROOM BUILDING A,MNL57P,,,,2021-03-04,ISP
MNL005 LP186 NP3,MNL005,LP186,NP3,MNL005 LP186,Orchard Building (City Square 2),MANILA,3,1,BARANGAY 282,,SKY RESIDENCE,14.596494,120.973767,,23F,EE ROOM BUILDING A,MNL57P,,,,2021-03-04,ISP
MNL001 LP403 NP1,MNL001,LP403,NP1,MNL001 LP403,Zen Tower,MANILA,3,1,BARANGAY 282,,FEDERATION OF FILIPINO CHINESE CHAMBER OF COMMERCE & INDUSTRY INC.,14.596452,120.974229,MNL066,GF,EE ROOM BUILDING A,,,,,2021-06-22,ISP
MNL003 LP360 NP3-4,MNL003,LP360,NP3-4,MNL003 LP360,City Square,MANILA,3,1,BARANGAY 283,,,14.59798029,120.9676452,,,,,,,16,2019-05-03,OSP
MNL003 LP360 NP5-6,MNL003,LP360,NP5-6,MNL003 LP360,City Square,MANILA,3,1,BARANGAY 283,,,14.59689949,120.9684379,,,,,,,16,2019-05-03,OSP
MNL005 LP143 NP3-4-5,MNL005,LP143,NP3-4-5,MNL005 LP143,Orchard Building (City Square 2),MANILA,3,1,BARANGAY 283,,,14.597208,120.968898,,,,,,,24,2021-01-29,OSP
MNL005 LP143 NP6-7-8,MNL005,LP143,NP6-7-8,MNL005 LP143,Orchard Building (City Square 2),MANILA,3,1,BARANGAY 283,,,14.597714,120.968518,,,,,,,24,2021-01-29,OSP
MNL005 LP144 NP1-2,MNL005,LP144,NP1-2,MNL005 LP144,Orchard Building (City Square 2),MANILA,3,1,BARANGAY 283,,,14.597904,120.968385,,,,,,,16,2021-01-29,OSP
MNL005 LP144 NP3-4-5,MNL005,LP144,NP3-4-5,MNL005 LP144,Orchard Building (City Square 2),MANILA,3,1,BARANGAY 283,,,14.59818,120.968147,,,,,,,24,2021-01-29,OSP
MNL005 LP144 NP6-7-8,MNL005,LP144,NP6-7-8,MNL005 LP144,Orchard Building (City Square 2),MANILA,3,1,BARANGAY 283,,,14.598585,120.967963,,,,,,,24,2021-01-29,OSP
MNL005 LP145 NP1-2,MNL005,LP145,NP1-2,MNL005 LP145,Orchard Building (City Square 2),MANILA,3,1,BARANGAY 283,,,14.598739,120.967746,,,,,,,16,2021-01-29,OSP
MNL005 LP143 NP1-2,MNL005,LP143,NP1-2,MNL005 LP143,Orchard Building (City Square 2),MANILA,3,1,BARANGAY 283,,,14.597361,120.969113,,,,,,,32,2021-01-29,OSP
MNL005 LP26 NP3-4,MNL005,LP26,NP3-4,MNL005 LP26,Orchard Building (City Square 2),MANILA,3,1,BARANGAY 283,,,14.59879,120.967777,,,,,,,16,2020-08-30,OSP
MNL005 LP26 NP5-6,MNL005,LP26,NP5-6,MNL005 LP26,Orchard Building (City Square 2),MANILA,3,1,BARANGAY 283,,,14.598253,120.968174,,,,,,,16,2020-08-30,OSP
MNL005 LP26 NP7-8,MNL005,LP26,NP7-8,MNL005 LP26,Orchard Building (City Square 2),MANILA,3,1,BARANGAY 283,,,14.597265,120.968916,,,,,,,16,2020-08-30,OSP
MNL005 LP27 NP1-2,MNL005,LP27,NP1-2,MNL005 LP27,Orchard Building (City Square 2),MANILA,3,1,BARANGAY 283,,,14.597763,120.968544,,,,,,,16,2020-08-30,OSP
MNL005 LP27 NP3-4,MNL005,LP27,NP3-4,MNL005 LP27,Orchard Building (City Square 2),MANILA,3,1,BARANGAY 283,,,14.597473,120.967972,,,,,,,16,2020-08-30,OSP
MNL005 LP230 NP1-2,MNL005,LP230,NP1-2,MNL005 LP230,Orchard Building (City Square 2),MANILA,3,1,BARANGAY 283,,,14.598218,120.967447,,,,,,,16,2021-09-24,OSP
MNL005 LP230 NP3-4-5,MNL005,LP230,NP3-4-5,MNL005 LP230,Orchard Building (City Square 2),MANILA,3,1,BARANGAY 283,,,14.597984,120.967619,,,,,,,24,2021-09-24,OSP
MNL005 LP230 NP6-7-8,MNL005,LP230,NP6-7-8,MNL005 LP230,Orchard Building (City Square 2),MANILA,3,1,BARANGAY 283,,,14.597729,120.967787,,,,,,,24,2021-09-24,OSP
MNL005 LP231 NP1-2,MNL005,LP231,NP1-2,MNL005 LP231,Orchard Building (City Square 2),MANILA,3,1,BARANGAY 283,,,14.597406,120.968025,,,,,,,16,2021-09-24,OSP
MNL005 LP231 NP3-4-5,MNL005,LP231,NP3-4-5,MNL005 LP231,Orchard Building (City Square 2),MANILA,3,1,BARANGAY 283,,,14.597196,120.968177,,,,,,,24,2021-09-24,OSP
MNL005 LP137 NP1-2,MNL005,LP137,NP1-2,MNL005 LP137,Orchard Building (City Square 2),MANILA,3,1,BARANGAY 283,,,14.596728,120.969975,,,,,,,16,2021-01-29,OSP
MNL005 LP231 NP6-7-8,MNL005,LP231,NP6-7-8,MNL005 LP231,Orchard Building (City Square 2),MANILA,3,1,BARANGAY 283,,,14.597009,120.968313,,,,,,,24,2021-09-24,OSP
MNL005 LP669 NP1,MNL005,LP669,NP1,MNL005 LP669,Orchard Building (City Square 2),MANILA,3,1,BARANGAY 283,,HOUSY TOWER,14.596865,120.969121,,2F,TELCO ROOM,,,,8,2025-05-26,ISP
MNL003 LP359 NP7-8,MNL003,LP359,NP7-8,MNL003 LP359,City Square,MANILA,3,1,BARANGAY 284,,,14.59935355,120.969496,,,,,,,16,2019-05-03,OSP
MNL003 LP360 NP1-2,MNL003,LP360,NP1-2,MNL003 LP360,City Square,MANILA,3,1,BARANGAY 284,,,14.59862789,120.9685592,,,,,,,16,2019-05-03,OSP
MNL003 LP360 NP7-8,MNL003,LP360,NP7-8,MNL003 LP360,City Square,MANILA,3,1,BARANGAY 284,,,14.59760605,120.9695244,,,,,,,16,2019-05-03,OSP
MNL003 LP362 NP5-6,MNL003,LP362,NP5-6,MNL003 LP362,City Square,MANILA,3,1,BARANGAY 284,,,14.5970302,120.9697437,,,,,,,16,2019-05-03,OSP
MNL003 LP319 NP2,MNL003,LP319,NP2,MNL003 LP319,City Square,MANILA,3,1,BARANGAY 284,,GOLDRICH MANSION,14.597669,120.969653,MNL59P,3F,EE ROOM BUILDING A,,,,,2019-11-18,ISP
MNL003 LP319 NP5,MNL003,LP319,NP5,MNL003 LP319,City Square,MANILA,3,1,BARANGAY 284,,GOLDRICH MANSION,14.597669,120.969653,,16F,EE ROOM BUILDING A,MNL59P,,,,2019-11-18,ISP
MNL003 LP319 NP6,MNL003,LP319,NP6,MNL003 LP319,City Square,MANILA,3,1,BARANGAY 284,,GOLDRICH MANSION,14.597669,120.969653,MNL59P,19F,EE ROOM BUILDING A,,,,,2019-11-18,ISP
MNL003 LP319 NP1,MNL003,LP319,NP1,MNL003 LP319,City Square,MANILA,3,1,BARANGAY 284,,GOLDRICH MANSION,14.597669,120.969653,,B1,EE ROOM BUILDING A,MNL59P,,,,2019-11-18,ISP
MNL003 LP319 NP3,MNL003,LP319,NP3,MNL003 LP319,City Square,MANILA,3,1,BARANGAY 284,,GOLDRICH MANSION,14.597669,120.969653,,7F,EE ROOM BUILDING A,MNL59P,,,,2019-11-18,ISP
MNL003 LP319 NP4,MNL003,LP319,NP4,MNL003 LP319,City Square,MANILA,3,1,BARANGAY 284,,GOLDRICH MANSION,14.597669,120.969653,,11F,EE ROOM BUILDING A,MNL59P,,,,2019-11-18,ISP
MNL005 LP138 NP6-7-8,MNL005,LP138,NP6-7-8,MNL005 LP138,Orchard Building (City Square 2),MANILA,3,1,BARANGAY 284,,,14.5981,120.969616,,,,,,,24,2021-01-29,OSP
MNL005 LP139 NP1-2,MNL005,LP139,NP1-2,MNL005 LP139,Orchard Building (City Square 2),MANILA,3,1,BARANGAY 284,,,14.59836,120.969455,,,,,,,16,2021-01-29,OSP
MNL005 LP139 NP3-4-5,MNL005,LP139,NP3-4-5,MNL005 LP139,Orchard Building (City Square 2),MANILA,3,1,BARANGAY 284,,,14.598639,120.969236,,,,,,,24,2021-01-29,OSP
MNL005 LP139 NP6-7-8,MNL005,LP139,NP6-7-8,MNL005 LP139,Orchard Building (City Square 2),MANILA,3,1,BARANGAY 284,,,14.59889,120.969043,,,,,,,24,2021-01-29,OSP
MNL005 LP140 NP1-2,MNL005,LP140,NP1-2,MNL005 LP140,Orchard Building (City Square 2),MANILA,3,1,BARANGAY 284,,,14.59915,120.968864,,,,,,,16,2021-01-29,OSP
MNL005 LP140 NP3-4-5,MNL005,LP140,NP3-4-5,MNL005 LP140,Orchard Building (City Square 2),MANILA,3,1,BARANGAY 284,,,14.599439,120.968693,,,,,,,24,2021-01-29,OSP
MNL005 LP141 NP3-4-5,MNL005,LP141,NP3-4-5,MNL005 LP141,Orchard Building (City Square 2),MANILA,3,1,BARANGAY 284,,,14.598631,120.968546,,,,,,,24,2021-01-29,OSP
MNL005 LP141 NP6-7-8,MNL005,LP141,NP6-7-8,MNL005 LP141,Orchard Building (City Square 2),MANILA,3,1,BARANGAY 284,,,14.598338,120.968778,,,,,,,24,2021-01-29,OSP
MNL005 LP142 NP1-2,MNL005,LP142,NP1-2,MNL005 LP142,Orchard Building (City Square 2),MANILA,3,1,BARANGAY 284,,,14.598031,120.968995,,,,,,,16,2021-01-29,OSP
MNL005 LP142 NP3-4-5,MNL005,LP142,NP3-4-5,MNL005 LP142,Orchard Building (City Square 2),MANILA,3,1,BARANGAY 284,,,14.597605,120.969267,,,,,,,24,2021-01-29,OSP
MNL005 LP142 NP6-7-8,MNL005,LP142,NP6-7-8,MNL005 LP142,Orchard Building (City Square 2),MANILA,3,1,BARANGAY 284,,,14.597508,120.969374,,,,,,,24,2021-01-29,OSP
MNL005 LP135 NP6-7-8,MNL005,LP135,NP6-7-8,MNL005 LP135,Orchard Building (City Square 2),MANILA,3,1,BARANGAY 284,,,14.59763,120.970611,,,,,,,24,2021-01-29,OSP
MNL005 LP136 NP1-2,MNL005,LP136,NP1-2,MNL005 LP136,Orchard Building (City Square 2),MANILA,3,1,BARANGAY 284,,,14.59735,120.970188,,,,,,,16,2021-01-29,OSP
MNL005 LP136 NP3-4-5,MNL005,LP136,NP3-4-5,MNL005 LP136,Orchard Building (City Square 2),MANILA,3,1,BARANGAY 284,,,14.597205,120.969984,,,,,,,24,2021-01-29,OSP
MNL005 LP136 NP6-7-8,MNL005,LP136,NP6-7-8,MNL005 LP136,Orchard Building (City Square 2),MANILA,3,1,BARANGAY 284,,,14.597011,120.969731,,,,,,,24,2021-01-29,OSP
MNL005 LP138 NP1-2,MNL005,LP138,NP1-2,MNL005 LP138,Orchard Building (City Square 2),MANILA,3,1,BARANGAY 284,,,14.597716,120.969935,,,,,,,16,2021-01-29,OSP
MNL005 LP138 NP3-4-5,MNL005,LP138,NP3-4-5,MNL005 LP138,Orchard Building (City Square 2),MANILA,3,1,BARANGAY 284,,,14.597923,120.969759,,,,,,,24,2021-01-29,OSP
MNL005 LP28 NP1-2,MNL005,LP28,NP1-2,MNL005 LP28,Orchard Building (City Square 2),MANILA,3,1,BARANGAY 284,,,14.59808,120.968957,,,,,,,16,2020-08-30,OSP
MNL005 LP30 NP1-2,MNL005,LP30,NP1-2,MNL005 LP30,Orchard Building (City Square 2),MANILA,3,1,BARANGAY 284,,,14.597372,120.970191,,,,,,,16,2020-08-30,OSP
MNL005 LP29 NP7-8,MNL005,LP29,NP7-8,MNL005 LP29,Orchard Building (City Square 2),MANILA,3,1,BARANGAY 284,,,14.597942,120.969806,,,,,,,16,2020-08-30,OSP
MNL005 LP29 NP3-4,MNL005,LP29,NP3-4,MNL005 LP29,Orchard Building (City Square 2),MANILA,3,1,BARANGAY 284,,,14.599015,120.969079,,,,,,,16,2020-08-30,OSP
MNL005 LP29 NP5-6,MNL005,LP29,NP5-6,MNL005 LP29,Orchard Building (City Square 2),MANILA,3,1,BARANGAY 284,,,14.598436,120.969448,,,,,,,16,2020-08-30,OSP
MNL005 LP654 NP4,MNL005,LP654,NP4,MNL005 LP654,Orchard Building (City Square 2),MANILA,3,1,BARANGAY 284,,BANHAO TOWER,14.597648,120.970350,,4F,EE RM,MNL60P,,,,2023-05-30,ISP
MNL005 LP654 NP8,MNL005,LP654,NP8,MNL005 LP654,Orchard Building (City Square 2),MANILA,3,1,BARANGAY 284,,BANHAO TOWER,14.597648,120.970350,,4F,EE RM,MNL60P,,,,2023-05-30,ISP
MNL005 LP654 NP5,MNL005,LP654,NP5,MNL005 LP654,Orchard Building (City Square 2),MANILA,3,1,BARANGAY 284,,BANHAO TOWER,14.597648,120.970350,,4F,EE RM,MNL60P,,,,2023-05-30,ISP
MNL005 LP654 NP7,MNL005,LP654,NP7,MNL005 LP654,Orchard Building (City Square 2),MANILA,3,1,BARANGAY 284,,BANHAO TOWER,14.597648,120.970350,,4F,EE RM,MNL60P,,,,2023-05-30,ISP
MNL005 LP654 NP2,MNL005,LP654,NP2,MNL005 LP654,Orchard Building (City Square 2),MANILA,3,1,BARANGAY 284,,BANHAO TOWER,14.597648,120.970350,,4F,EE RM,MNL60P,,,,2023-05-30,ISP
MNL005 LP655 NP1,MNL005,LP655,NP1,MNL005 LP655,Orchard Building (City Square 2),MANILA,3,1,BARANGAY 284,,BANHAO TOWER,14.597648,120.970350,,4F,EE RM,MNL60P,,,,2023-05-30,ISP
MNL005 LP654 NP3,MNL005,LP654,NP3,MNL005 LP654,Orchard Building (City Square 2),MANILA,3,1,BARANGAY 284,,BANHAO TOWER,14.597648,120.970350,,4F,EE RM,MNL60P,,,,2023-05-30,ISP
MNL005 LP654 NP6,MNL005,LP654,NP6,MNL005 LP654,Orchard Building (City Square 2),MANILA,3,1,BARANGAY 284,,BANHAO TOWER,14.597648,120.970350,,4F,EE RM,MNL60P,,,,2023-05-30,ISP
MNL005 LP654 NP1,MNL005,LP654,NP1,MNL005 LP654,Orchard Building (City Square 2),MANILA,3,1,BARANGAY 284,,BANHAO TOWER,14.597648,120.970350,,4F,EE RM,MNL60P,,,,2023-05-30,ISP
MNL001 LP333 NP4,MNL001,LP333,NP4,MNL001 LP333,Zen Tower,MANILA,3,1,BARANGAY 284,,517 BUILDING,14.598621,120.970197,,9F,FIRE EXIT,MNL61P,,,,2020-07-07,ISP
MNL001 LP333 NP2,MNL001,LP333,NP2,MNL001 LP333,Zen Tower,MANILA,3,1,BARANGAY 284,,517 BUILDING,14.598621,120.970197,,5F,FIRE EXIT,MNL61P,,,,2020-07-07,ISP
MNL001 LP333 NP1,MNL001,LP333,NP1,MNL001 LP333,Zen Tower,MANILA,3,1,BARANGAY 284,,517 BUILDING,14.598621,120.970197,,2F,FIRE EXIT,MNL61P,,,,2020-07-07,ISP
MNL001 LP333 NP3,MNL001,LP333,NP3,MNL001 LP333,Zen Tower,MANILA,3,1,BARANGAY 284,,517 BUILDING,14.598621,120.970197,,8F,FIRE EXIT,MNL61P,,,,2020-07-07,ISP
MNL003 LP361 NP1-2,MNL003,LP361,NP1-2,MNL003 LP361,City Square,MANILA,3,1,BARANGAY 285,,,14.59832991,120.9705297,,,,,,,16,2019-05-03,OSP
MNL003 LP362 NP3-4,MNL003,LP362,NP3-4,MNL003 LP362,City Square,MANILA,3,1,BARANGAY 285,,,14.59788682,120.9709456,,,,,,,16,2019-05-03,OSP
MNL003 LP362 NP7-8,MNL003,LP362,NP7-8,MNL003 LP362,City Square,MANILA,3,1,BARANGAY 285,,,14.59655672,120.970654,,,,,,,16,2019-05-03,OSP
MNL003 LP30 NP1-2,MNL003,LP30,NP1-2,MNL003 LP30,City Square,MANILA,3,1,BARANGAY 285,,GALLERIA DE BINONDO CONDOMINIUM (CYPRESS BUILDING),14.596666,120.971961,MNL62P,2F,TELCO ROOM,,,,,2017-09-28,ISP
MNL003 LP32 NP5,MNL003,LP32,NP5,MNL003 LP32,City Square,MANILA,3,1,BARANGAY 285,,GALLERIA DE BINONDO CONDOMINIUM (ORCHIDS BUILDING),14.596666,120.971961,MNL66P,3F,TELCO ROOM,,,,,2017-09-28,ISP
MNL003 LP32 NP3,MNL003,LP32,NP3,MNL003 LP32,City Square,MANILA,3,1,BARANGAY 285,,GALLERIA DE BINONDO CONDOMINIUM (ROSES BUILDING),14.596666,120.971961,MNL69P,2F,TELCO ROOM,,,,,2017-09-28,ISP
MNL003 LP32 NP8,MNL003,LP32,NP8,MNL003 LP32,City Square,MANILA,3,1,BARANGAY 285,,GALLERIA DE BINONDO CONDOMINIUM (PEONY BUILDING),14.596666,120.971961,MNL68P,6F,TELCO ROOM,,,,,2017-09-28,ISP
MNL003 LP32 NP4,MNL003,LP32,NP4,MNL003 LP32,City Square,MANILA,3,1,BARANGAY 285,,GALLERIA DE BINONDO CONDOMINIUM (ORCHIDS BUILDING),14.596666,120.971961,MNL66P,3F,TELCO ROOM,,,,,2017-09-28,ISP
MNL003 LP31 NP1-2,MNL003,LP31,NP1-2,MNL003 LP31,City Square,MANILA,3,1,BARANGAY 285,,GALLERIA DE BINONDO CONDOMINIUM (GREENERY BUILDING),14.596666,120.971961,,8F,TELCO ROOM,MNL64P,,,,2017-09-28,ISP
MNL003 LP30 NP8,MNL003,LP30,NP8,MNL003 LP30,City Square,MANILA,3,1,BARANGAY 285,,GALLERIA DE BINONDO CONDOMINIUM (PINES BUILDING),14.596666,120.971961,,6F,TELCO ROOM,MNL67P,,,,2017-09-28,ISP
MNL003 LP30 NP6,MNL003,LP30,NP6,MNL003 LP30,City Square,MANILA,3,1,BARANGAY 285,,GALLERIA DE BINONDO CONDOMINIUM (MAPLE BUILDING),14.596666,120.971961,MNL65P,7F,TELCO ROOM,,,,,2017-09-28,ISP
MNL003 LP30 NP7,MNL003,LP30,NP7,MNL003 LP30,City Square,MANILA,3,1,BARANGAY 285,,GALLERIA DE BINONDO CONDOMINIUM (PINES BUILDING),14.596666,120.971961,MNL67P,3F,TELCO ROOM,,,,,2017-09-28,ISP
MNL003 LP30 NP3,MNL003,LP30,NP3,MNL003 LP30,City Square,MANILA,3,1,BARANGAY 285,,GALLERIA DE BINONDO CONDOMINIUM (CYPRESS BUILDING),14.596666,120.971961,MNL62P,7F,TELCO ROOM,,,,,2017-09-28,ISP
MNL003 LP31 NP4,MNL003,LP31,NP4,MNL003 LP31,City Square,MANILA,3,1,BARANGAY 285,,GALLERIA DE BINONDO CONDOMINIUM (SCENIC BUILDING),14.596666,120.971961,MNL70P,6F,TELCO ROOM,,,,,2017-09-28,ISP
MNL003 LP31 NP8,MNL003,LP31,NP8,MNL003 LP31,City Square,MANILA,3,1,BARANGAY 285,,GALLERIA DE BINONDO CONDOMINIUM (ELEGANT BUILDING),14.596666,120.971961,,10F,TELCO ROOM,MNL63P,,,,2017-09-28,ISP
MNL003 LP32 NP6-7,MNL003,LP32,NP6-7,MNL003 LP32,City Square,MANILA,3,1,BARANGAY 285,,GALLERIA DE BINONDO CONDOMINIUM (PEONY BUILDING),14.596666,120.971961,MNL68P,6F,CONVERGE ROOM,,,,,2017-09-28,ISP
MNL003 LP31 NP3,MNL003,LP31,NP3,MNL003 LP31,City Square,MANILA,3,1,BARANGAY 285,,GALLERIA DE BINONDO CONDOMINIUM (GREENERY BUILDING),14.596666,120.971961,MNL64P,10F,TELCO ROOM,,,,,2017-09-28,ISP
MNL003 LP31 NP5,MNL003,LP31,NP5,MNL003 LP31,City Square,MANILA,3,1,BARANGAY 285,,GALLERIA DE BINONDO CONDOMINIUM (SCENIC BUILDING),14.596666,120.971961,MNL70P,10F,TELCO ROOM,,,,,2017-09-28,ISP
MNL003 LP32 NP1,MNL003,LP32,NP1,MNL003 LP32,City Square,MANILA,3,1,BARANGAY 285,,GALLERIA DE BINONDO CONDOMINIUM (ROSES BUILDING),14.596666,120.971961,MNL69P,2F,TELCO ROOM,,,,,2017-09-28,ISP
MNL003 LP32 NP2,MNL003,LP32,NP2,MNL003 LP32,City Square,MANILA,3,1,BARANGAY 285,,GALLERIA DE BINONDO CONDOMINIUM (ROSES BUILDING),14.596666,120.971961,MNL69P,2F,TELCO ROOM,,,,,2017-09-28,ISP
MNL003 LP30 NP4-5,MNL003,LP30,NP4-5,MNL003 LP30,City Square,MANILA,3,1,BARANGAY 285,,GALLERIA DE BINONDO CONDOMINIUM (MAPLE BUILDING),14.596666,120.971961,MNL65P,3F,TELCO ROOM,,,,,2017-09-28,ISP
MNL003 LP31 NP6-7,MNL003,LP31,NP6-7,MNL003 LP31,City Square,MANILA,3,1,BARANGAY 285,,GALLERIA DE BINONDO CONDOMINIUM (ELEGANT BUILDING),14.596666,120.971961,,7F,TELCO ROOM,MNL63P,,,,2017-09-28,ISP
MNL005 LP21 NP3-4,MNL005,LP21,NP3-4,MNL005 LP21,Orchard Building (City Square 2),MANILA,3,1,BARANGAY 285,,,14.5998,120.97006,,,,,,,16,2020-08-30,OSP
MNL005 LP21 NP7-8,MNL005,LP21,NP7-8,MNL005 LP21,Orchard Building (City Square 2),MANILA,3,1,BARANGAY 285,,,14.598925,120.970066,,,,,,,16,2020-08-30,OSP
MNL005 LP133 NP3-4-5,MNL005,LP133,NP3-4-5,MNL005 LP133,Orchard Building (City Square 2),MANILA,3,1,BARANGAY 285,,,14.599659,120.969428,,,,,,,24,2021-01-29,OSP
MNL005 LP133 NP6-7-8,MNL005,LP133,NP6-7-8,MNL005 LP133,Orchard Building (City Square 2),MANILA,3,1,BARANGAY 285,,,14.599377,120.969633,,,,,,,24,2021-01-29,OSP
MNL005 LP134 NP1-2,MNL005,LP134,NP1-2,MNL005 LP134,Orchard Building (City Square 2),MANILA,3,1,BARANGAY 285,,,14.599107,120.969891,,,,,,,16,2021-01-29,OSP
MNL005 LP134 NP3-4-5,MNL005,LP134,NP3-4-5,MNL005 LP134,Orchard Building (City Square 2),MANILA,3,1,BARANGAY 285,,,14.598905,120.970072,,,,,,,24,2021-01-29,OSP
MNL005 LP134 NP6-7-8,MNL005,LP134,NP6-7-8,MNL005 LP134,Orchard Building (City Square 2),MANILA,3,1,BARANGAY 285,,,14.598653,120.970313,,,,,,,24,2021-01-29,OSP
MNL005 LP135 NP1-2,MNL005,LP135,NP1-2,MNL005 LP135,Orchard Building (City Square 2),MANILA,3,1,BARANGAY 285,,,14.598287,120.97056,,,,,,,16,2021-01-29,OSP
MNL005 LP135 NP3-4-5,MNL005,LP135,NP3-4-5,MNL005 LP135,Orchard Building (City Square 2),MANILA,3,1,BARANGAY 285,,,14.597814,120.970885,,,,,,,24,2021-01-29,OSP
MNL005 LP94 NP5-6,MNL005,LP94,NP5-6,MNL005 LP94,Orchard Building (City Square 2),MANILA,3,1,BARANGAY 285,,,14.596403,120.971019,,,,,,,16,2021-01-29,OSP
MNL005 LP90 NP5-6,MNL005,LP90,NP5-6,MNL005 LP90,Orchard Building (City Square 2),MANILA,3,1,BARANGAY 285,,,14.599483,120.97029,,,,,,,16,2021-01-29,OSP
MNL005 LP90 NP7-8,MNL005,LP90,NP7-8,MNL005 LP90,Orchard Building (City Square 2),MANILA,3,1,BARANGAY 285,,,14.599643,120.970161,,,,,,,16,2021-01-29,OSP
MNL005 LP91 NP1-2,MNL005,LP91,NP1-2,MNL005 LP91,Orchard Building (City Square 2),MANILA,3,1,BARANGAY 285,,,14.599831,120.969867,,,,,,,16,2021-01-29,OSP
MNL005 LP93 NP3-4,MNL005,LP93,NP3-4,MNL005 LP93,Orchard Building (City Square 2),MANILA,3,1,BARANGAY 285,,,14.596659,120.972174,,,,,,,16,2021-01-29,OSP
MNL005 LP93 NP5-6,MNL005,LP93,NP5-6,MNL005 LP93,Orchard Building (City Square 2),MANILA,3,1,BARANGAY 285,,,14.596297,120.971999,,,,,,,16,2021-01-29,OSP
MNL005 LP94 NP1-2,MNL005,LP94,NP1-2,MNL005 LP94,Orchard Building (City Square 2),MANILA,3,1,BARANGAY 285,,,14.596308,120.971693,,,,,,,16,2021-01-29,OSP
MNL005 LP94 NP3-4,MNL005,LP94,NP3-4,MNL005 LP94,Orchard Building (City Square 2),MANILA,3,1,BARANGAY 285,,,14.596338,120.97142,,,,,,,16,2021-01-29,OSP
MNL005 LP146 NP1-2,MNL005,LP146,NP1-2,MNL005 LP146,Orchard Building (City Square 2),MANILA,3,1,BARANGAY 286,,,14.598224,120.967069,,,,,,,16,2021-01-29,OSP
MNL005 LP146 NP3-4-5,MNL005,LP146,NP3-4-5,MNL005 LP146,Orchard Building (City Square 2),MANILA,3,1,BARANGAY 286,,,14.59778,120.96739,,,,,,,24,2021-01-29,OSP
MNL005 LP146 NP6-7-8,MNL005,LP146,NP6-7-8,MNL005 LP146,Orchard Building (City Square 2),MANILA,3,1,BARANGAY 286,,,14.597202,120.967824,,,,,,,24,2021-01-29,OSP
MNL005 LP148 NP1-2,MNL005,LP148,NP1-2,MNL005 LP148,Orchard Building (City Square 2),MANILA,3,1,BARANGAY 286,,,14.597077,120.967615,,,,,,,16,2021-01-29,OSP
MNL005 LP148 NP3-4-5,MNL005,LP148,NP3-4-5,MNL005 LP148,Orchard Building (City Square 2),MANILA,3,1,BARANGAY 286,,,14.596881,120.967289,,,,,,,24,2021-01-29,OSP
MNL005 LP148 NP6-7-8,MNL005,LP148,NP6-7-8,MNL005 LP148,Orchard Building (City Square 2),MANILA,3,1,BARANGAY 286,,,14.597341,120.966894,,,,,,,24,2021-01-29,OSP
MNL005 LP27 NP5-6,MNL005,LP27,NP5-6,MNL005 LP27,Orchard Building (City Square 2),MANILA,3,1,BARANGAY 286,,,14.598244,120.967083,,,,,,,16,2020-08-30,OSP
MNL005 LP228 NP7-8,MNL005,LP228,NP7-8,MNL005 LP228,Orchard Building (City Square 2),MANILA,3,1,BARANGAY 286,,,14.598133,120.96719,,,,,,,16,2021-09-24,OSP
MNL005 LP229 NP1-2,MNL005,LP229,NP1-2,MNL005 LP229,Orchard Building (City Square 2),MANILA,3,1,BARANGAY 286,,,14.597987,120.967299,,,,,,,16,2021-09-24,OSP
MNL005 LP229 NP3-4-5,MNL005,LP229,NP3-4-5,MNL005 LP229,Orchard Building (City Square 2),MANILA,3,1,BARANGAY 286,,,14.596672,120.968175,,,,,,,24,2021-09-24,OSP
MNL005 LP229 NP6-7-8,MNL005,LP229,NP6-7-8,MNL005 LP229,Orchard Building (City Square 2),MANILA,3,1,BARANGAY 286,,,14.596677,120.967408,,,,,,,24,2021-09-24,OSP
MNL005 LP27 NP7-8,MNL005,LP27,NP7-8,MNL005 LP27,Orchard Building (City Square 2),MANILA,3,1,BARANGAY 286,,,14.598002,120.967284,,,,,,,16,2020-08-30,OSP
MNL005 LP149 NP1-2,MNL005,LP149,NP1-2,MNL005 LP149,Orchard Building (City Square 2),MANILA,3,1,BARANGAY 286,,,14.597567,120.966768,,,,,,,16,2021-01-29,OSP
MNL005 LP149 NP3-4-5,MNL005,LP149,NP3-4-5,MNL005 LP149,Orchard Building (City Square 2),MANILA,3,1,BARANGAY 286,,,14.59783,120.966581,,,,,,,24,2021-01-29,OSP
MNL003 LP347 NP1-2,MNL003,LP347,NP1-2,MNL003 LP347,City Square,MANILA,3,1,BARANGAY 287,,,14.60112153,120.9737378,,,,,,,16,2019-04-30,OSP
MNL003 LP347 NP3-4,MNL003,LP347,NP3-4,MNL003 LP347,City Square,MANILA,3,1,BARANGAY 287,,,14.60076703,120.9732076,,,,,,,16,2019-04-30,OSP
MNL003 LP347 NP5-6,MNL003,LP347,NP5-6,MNL003 LP347,City Square,MANILA,3,1,BARANGAY 287,,,14.59948312,120.9740865,,,,,,,16,2019-04-30,OSP
MNL003 LP347 NP7-8,MNL003,LP347,NP7-8,MNL003 LP347,City Square,MANILA,3,1,BARANGAY 287,,,14.59783499,120.9750837,,,,,,,16,2019-04-30,OSP
MNL003 LP10 NP2,MNL003,LP10,NP2,MNL003 LP10,City Square,MANILA,3,1,BARANGAY 287,,STATE CENTER,14.598745,120.974118,,3F,EE ROOM BUILDING A,MNL010,,,,2017-02-12,ISP
MNL003 LP10 NP1,MNL003,LP10,NP1,MNL003 LP10,City Square,MANILA,3,1,BARANGAY 287,,STATE CENTER,14.598745,120.974118,MNL010,GF,EE ROOM BUILDING A,,,,,2017-02-12,ISP
MNL003 LP10 NP3,MNL003,LP10,NP3,MNL003 LP10,City Square,MANILA,3,1,BARANGAY 287,,STATE CENTER,14.598745,120.974118,,5F,EE ROOM BUILDING A,MNL010,,,,2017-02-12,ISP
MNL003 LP38 NP8,MNL003,LP38,NP8,MNL003 LP38,City Square,MANILA,3,1,BARANGAY 287,,WORLD TRADE EXCHANGE,14.597536,120.975056,MNL009,23F,EE ROOM BUILDING A,,,,,2018-03-08,ISP
MNL003 LP10 NP4,MNL003,LP10,NP4,MNL003 LP10,City Square,MANILA,3,1,BARANGAY 287,,STATE CENTER,14.598745,120.974118,MNL010,7F,EE ROOM BUILDING A,,,,,2017-02-12,ISP
MNL003 LP10 NP8,MNL003,LP10,NP8,MNL003 LP10,City Square,MANILA,3,1,BARANGAY 287,,STATE CENTER,14.598745,120.974118,MNL010,16F,EE ROOM BUILDING A,,,,,2017-02-12,ISP
MNL003 LP38 NP6,MNL003,LP38,NP6,MNL003 LP38,City Square,MANILA,3,1,BARANGAY 287,,WORLD TRADE EXCHANGE,14.597536,120.975056,,19F,EE ROOM BUILDING A,MNL009,,,,2018-03-08,ISP
MNL003 LP39 NP4,MNL003,LP39,NP4,MNL003 LP39,City Square,MANILA,3,1,BARANGAY 287,,WORLD TRADE EXCHANGE,14.597536,120.975056,MNL009,29F,EE ROOM BUILDING A,,,,,2018-03-08,ISP
MNL003 LP38 NP3,MNL003,LP38,NP3,MNL003 LP38,City Square,MANILA,3,1,BARANGAY 287,,WORLD TRADE EXCHANGE,14.597536,120.975056,,12F,EE ROOM BUILDING A,MNL009,,,,2018-03-08,ISP
MNL003 LP38 NP1,MNL003,LP38,NP1,MNL003 LP38,City Square,MANILA,3,1,BARANGAY 287,,WORLD TRADE EXCHANGE,14.597536,120.975056,MNL009,9F,EE ROOM BUILDING A,,,,,2018-03-08,ISP
MNL003 LP39 NP6,MNL003,LP39,NP6,MNL003 LP39,City Square,MANILA,3,1,BARANGAY 287,,WORLD TRADE EXCHANGE,14.597536,120.975056,,33F,EE ROOM BUILDING A,MNL009,,,,2018-03-08,ISP
MNL003 LP38 NP5,MNL003,LP38,NP5,MNL003 LP38,City Square,MANILA,3,1,BARANGAY 287,,WORLD TRADE EXCHANGE,14.597536,120.975056,,17F,EE ROOM BUILDING A,MNL009,,,,2018-03-08,ISP
MNL003 LP38 NP7,MNL003,LP38,NP7,MNL003 LP38,City Square,MANILA,3,1,BARANGAY 287,,WORLD TRADE EXCHANGE,14.597536,120.975056,,21F,EE ROOM BUILDING A,MNL009,,,,2018-03-08,ISP
MNL003 LP10 NP7,MNL003,LP10,NP7,MNL003 LP10,City Square,MANILA,3,1,BARANGAY 287,,STATE CENTER,14.598745,120.974118,,14F,EE ROOM BUILDING A,MNL010,,,,2017-02-12,ISP
MNL003 LP39 NP3,MNL003,LP39,NP3,MNL003 LP39,City Square,MANILA,3,1,BARANGAY 287,,WORLD TRADE EXCHANGE,14.597536,120.975056,MNL009,27F,EE ROOM BUILDING A,,,,,2018-03-08,ISP
MNL003 LP39 NP2,MNL003,LP39,NP2,MNL003 LP39,City Square,MANILA,3,1,BARANGAY 287,,WORLD TRADE EXCHANGE,14.597536,120.975056,,25F,EE ROOM BUILDING A,MNL009,,,,2018-03-08,ISP
MNL003 LP39 NP1,MNL003,LP39,NP1,MNL003 LP39,City Square,MANILA,3,1,BARANGAY 287,,WORLD TRADE EXCHANGE,14.597536,120.975056,,25F,EE ROOM BUILDING A,MNL009,,,,2018-03-08,ISP
MNL003 LP38 NP2,MNL003,LP38,NP2,MNL003 LP38,City Square,MANILA,3,1,BARANGAY 287,,WORLD TRADE EXCHANGE,14.597536,120.975056,,10F,EE ROOM BUILDING A,MNL009,,,,2018-03-08,ISP
MNL003 LP38 NP4,MNL003,LP38,NP4,MNL003 LP38,City Square,MANILA,3,1,BARANGAY 287,,WORLD TRADE EXCHANGE,14.597536,120.975056,MNL009,15F,EE ROOM BUILDING A,,,,,2018-03-08,ISP
MNL003 LP10 NP5,MNL003,LP10,NP5,MNL003 LP10,City Square,MANILA,3,1,BARANGAY 287,,STATE CENTER,14.598745,120.974118,MNL010,9F,EE ROOM BUILDING A,,,,,2017-02-12,ISP
MNL003 LP39 NP5,MNL003,LP39,NP5,MNL003 LP39,City Square,MANILA,3,1,BARANGAY 287,,WORLD TRADE EXCHANGE,14.597536,120.975056,,31F,EE ROOM BUILDING A,MNL009,,,,2018-03-08,ISP
MNL003 LP10 NP6,MNL003,LP10,NP6,MNL003 LP10,City Square,MANILA,3,1,BARANGAY 287,,STATE CENTER,14.598745,120.974118,MNL010,11F,EE ROOM BUILDING A,,,,,2017-02-12,ISP
MNL005 LP179 NP3-4,MNL005,LP179,NP3-4,MNL005 LP179,Orchard Building (City Square 2),MANILA,3,1,BARANGAY 287,,,14.600906,120.973273,,,,,,,16,2021-01-29,OSP
MNL005 LP179 NP5-6,MNL005,LP179,NP5-6,MNL005 LP179,Orchard Building (City Square 2),MANILA,3,1,BARANGAY 287,,,14.601739,120.972733,,,,,,,16,2021-01-29,OSP
MNL005 LP179 NP7-8,MNL005,LP179,NP7-8,MNL005 LP179,Orchard Building (City Square 2),MANILA,3,1,BARANGAY 287,,,14.599795,120.9738,,,,,,,16,2021-01-29,OSP
MNL005 LP180 NP1-2,MNL005,LP180,NP1-2,MNL005 LP180,Orchard Building (City Square 2),MANILA,3,1,BARANGAY 287,,,14.602481,120.972277,,,,,,,16,2021-01-29,OSP
MNL005 LP180 NP3-4,MNL005,LP180,NP3-4,MNL005 LP180,Orchard Building (City Square 2),MANILA,3,1,BARANGAY 287,,,14.60272,120.972118,,,,,,,16,2021-01-29,OSP
MNL005 LP180 NP5-6,MNL005,LP180,NP5-6,MNL005 LP180,Orchard Building (City Square 2),MANILA,3,1,BARANGAY 287,,,14.602868,120.972431,,,,,,,16,2021-01-29,OSP
MNL005 LP180 NP7-8,MNL005,LP180,NP7-8,MNL005 LP180,Orchard Building (City Square 2),MANILA,3,1,BARANGAY 287,,,14.602926,120.972563,,,,,,,16,2021-01-29,OSP
MNL005 LP181 NP1-2,MNL005,LP181,NP1-2,MNL005 LP181,Orchard Building (City Square 2),MANILA,3,1,BARANGAY 287,,,14.599205,120.97428,,,,,,,16,2021-01-29,OSP
MNL005 LP181 NP3-4,MNL005,LP181,NP3-4,MNL005 LP181,Orchard Building (City Square 2),MANILA,3,1,BARANGAY 287,,,14.598865,120.974513,,,,,,,16,2021-01-29,OSP
MNL005 LP181 NP5-6,MNL005,LP181,NP5-6,MNL005 LP181,Orchard Building (City Square 2),MANILA,3,1,BARANGAY 287,,,14.598416,120.97477,,,,,,,16,2021-01-29,OSP
MNL005 LP181 NP7-8,MNL005,LP181,NP7-8,MNL005 LP181,Orchard Building (City Square 2),MANILA,3,1,BARANGAY 287,,,14.598246,120.974867,,,,,,,16,2021-01-29,OSP
MNL005 LP182 NP1-2,MNL005,LP182,NP1-2,MNL005 LP182,Orchard Building (City Square 2),MANILA,3,1,BARANGAY 287,,,14.598107,120.974955,,,,,,,16,2021-01-29,OSP
MNL005 LP182 NP3-4,MNL005,LP182,NP3-4,MNL005 LP182,Orchard Building (City Square 2),MANILA,3,1,BARANGAY 287,,,14.597574,120.97521,,,,,,,16,2021-01-29,OSP
MNL005 LP182 NP5-6,MNL005,LP182,NP5-6,MNL005 LP182,Orchard Building (City Square 2),MANILA,3,1,BARANGAY 287,,,14.597265,120.975348,,,,,,,16,2021-01-29,OSP
MNL005 LP639 NP1,MNL005,LP639,NP1,MNL005 LP639,Orchard Building (City Square 2),MANILA,3,1,BARANGAY 287,,WORLD TRADE EXCHANGE,14.597536,120.975056,,9F,EE ROOM,MNL009,,,,2022-09-30,ISP
MNL005 LP638 NP4,MNL005,LP638,NP4,MNL005 LP638,Orchard Building (City Square 2),MANILA,3,1,BARANGAY 287,,STATE CENTER,14.598745,120.974118,,7F,EE ROOM,MNL010,,,,2022-09-29,ISP
MNL005 LP514 NP3,MNL005,LP514,NP3,MNL005 LP514,Orchard Building (City Square 2),MANILA,3,1,BARANGAY 287,,REGINA GARDEN I,14.601208,120.973131,,2F,STAIRWAY ROOM,MNL30P,,,,2022-07-27,ISP
MNL005 LP639 NP4,MNL005,LP639,NP4,MNL005 LP639,Orchard Building (City Square 2),MANILA,3,1,BARANGAY 287,,WORLD TRADE EXCHANGE,14.597536,120.975056,,9F,EE ROOM,MNL009,,,,2022-09-30,ISP
MNL005 LP639 NP6,MNL005,LP639,NP6,MNL005 LP639,Orchard Building (City Square 2),MANILA,3,1,BARANGAY 287,,WORLD TRADE EXCHANGE,14.597536,120.975056,,9F,EE ROOM,MNL009,,,,2022-09-30,ISP
MNL005 LP639 NP7,MNL005,LP639,NP7,MNL005 LP639,Orchard Building (City Square 2),MANILA,3,1,BARANGAY 287,,WORLD TRADE EXCHANGE,14.597536,120.975056,,9F,EE ROOM,MNL009,,,,2022-09-30,ISP
MNL005 LP639 NP3,MNL005,LP639,NP3,MNL005 LP639,Orchard Building (City Square 2),MANILA,3,1,BARANGAY 287,,WORLD TRADE EXCHANGE,14.597536,120.975056,,9F,EE ROOM,MNL009,,,,2022-09-30,ISP
MNL005 LP514 NP1,MNL005,LP514,NP1,MNL005 LP514,Orchard Building (City Square 2),MANILA,3,1,BARANGAY 287,,REGINA GARDEN I,14.601208,120.973131,,2F,STAIRWAY ROOM,MNL30P,,,,2022-07-27,ISP
MNL005 LP638 NP2,MNL005,LP638,NP2,MNL005 LP638,Orchard Building (City Square 2),MANILA,3,1,BARANGAY 287,,STATE CENTER,14.598745,120.974118,,7F,EE ROOM,MNL010,,,,2022-09-29,ISP
MNL005 LP639 NP2,MNL005,LP639,NP2,MNL005 LP639,Orchard Building (City Square 2),MANILA,3,1,BARANGAY 287,,WORLD TRADE EXCHANGE,14.597536,120.975056,,9F,EE ROOM,MNL009,,,,2022-09-30,ISP
MNL005 LP514 NP2,MNL005,LP514,NP2,MNL005 LP514,Orchard Building (City Square 2),MANILA,3,1,BARANGAY 287,,REGINA GARDEN I,14.601208,120.973131,,2F,STAIRWAY ROOM,MNL30P,,,,2022-07-27,ISP
MNL005 LP638 NP1,MNL005,LP638,NP1,MNL005 LP638,Orchard Building (City Square 2),MANILA,3,1,BARANGAY 287,,STATE CENTER,14.598745,120.974118,,7F,EE ROOM,MNL010,,,,2022-09-29,ISP
MNL005 LP638 NP1-4,MNL005,LP638,NP1-4,MNL005 LP638,Orchard Building (City Square 2),MANILA,3,1,BARANGAY 287,,STATE CENTER,14.598745,120.974118,MNL010,7F,EE ROOM,,,,32,2022-09-29,ISP
MNL005 LP639 NP8,MNL005,LP639,NP8,MNL005 LP639,Orchard Building (City Square 2),MANILA,3,1,BARANGAY 287,,WORLD TRADE EXCHANGE,14.597536,120.975056,,9F,EE ROOM,MNL009,,,,2022-09-30,ISP
MNL005 LP638 NP3,MNL005,LP638,NP3,MNL005 LP638,Orchard Building (City Square 2),MANILA,3,1,BARANGAY 287,,STATE CENTER,14.598745,120.974118,,7F,EE ROOM,MNL010,,,,2022-09-29,ISP
MNL005 LP639 NP5,MNL005,LP639,NP5,MNL005 LP639,Orchard Building (City Square 2),MANILA,3,1,BARANGAY 287,,WORLD TRADE EXCHANGE,14.597536,120.975056,,9F,EE ROOM,MNL009,,,,2022-09-30,ISP
MNL005 LP514 NP4,MNL005,LP514,NP4,MNL005 LP514,Orchard Building (City Square 2),MANILA,3,1,BARANGAY 287,,REGINA GARDEN I,14.601208,120.973131,,2F,STAIRWAY ROOM,MNL30P,,,,2022-07-27,ISP
MNL037 LP585 NP4,MNL037,LP585,NP4,MNL037 LP585,Tayuman,MANILA,3,1,BARANGAY 287,,PADILLA-DELOS REYES BUILDING,14.597822,120.975313,,4F,EE RM,MNL071,,,,2022-02-23,ISP
MNL037 LP585 NP7,MNL037,LP585,NP7,MNL037 LP585,Tayuman,MANILA,3,1,BARANGAY 287,,PADILLA-DELOS REYES BUILDING,14.597822,120.975313,,6F,EE RM,MNL071,,,,2022-02-23,ISP
MNL037 LP585 NP5-6,MNL037,LP585,NP5-6,MNL037 LP585,Tayuman,MANILA,3,1,BARANGAY 287,,PADILLA-DELOS REYES BUILDING,14.597822,120.975313,,5F,EE RM,MNL071,,,,2022-02-23,ISP
MNL037 LP585 NP1,MNL037,LP585,NP1,MNL037 LP585,Tayuman,MANILA,3,1,BARANGAY 287,,PADILLA-DELOS REYES BUILDING,14.597822,120.975313,,2F,EE RM,MNL071,,,,2022-02-23,ISP
MNL037 LP585 NP2-3,MNL037,LP585,NP2-3,MNL037 LP585,Tayuman,MANILA,3,1,BARANGAY 287,,PADILLA-DELOS REYES BUILDING,14.597822,120.975313,,3F,EE RM,MNL071,,,,2022-02-23,ISP
MNL037 LP585 NP8,MNL037,LP585,NP8,MNL037 LP585,Tayuman,MANILA,3,1,BARANGAY 287,,PADILLA-DELOS REYES BUILDING,14.597822,120.975313,,7F,EE RM,MNL071,,,,2022-02-23,ISP
MNL001 LP18 NP1-2,MNL001,LP18,NP1-2,MNL001 LP18,Zen Tower,MANILA,3,1,BARANGAY 287,,,14.596813,120.975511,,,,,,,16,2015-07-27,OSP
MNL001 LP19 NP1-2,MNL001,LP19,NP1-2,MNL001 LP19,Zen Tower,MANILA,3,1,BARANGAY 287,,,14.602403,120.972339,,,,,,,16,2015-07-27,OSP
MNL003 LP351 NP3-4,MNL003,LP351,NP3-4,MNL003 LP351,City Square,MANILA,3,1,BARANGAY 288,,,14.60066374,120.9757977,,,,,,,16,2019-04-30,OSP
MNL003 LP348 NP5-6,MNL003,LP348,NP5-6,MNL003 LP348,City Square,MANILA,3,1,BARANGAY 288,,,14.6002606,120.9751737,,,,,,,16,2019-04-30,OSP
MNL005 LP178 NP1-2,MNL005,LP178,NP1-2,MNL005 LP178,Orchard Building (City Square 2),MANILA,3,1,BARANGAY 288,,,14.600952,120.97518,,,,,,,16,2021-01-29,OSP
MNL005 LP178 NP3-4,MNL005,LP178,NP3-4,MNL005 LP178,Orchard Building (City Square 2),MANILA,3,1,BARANGAY 288,,,14.601249,120.974998,,,,,,,16,2021-01-29,OSP
MNL005 LP178 NP5-6,MNL005,LP178,NP5-6,MNL005 LP178,Orchard Building (City Square 2),MANILA,3,1,BARANGAY 288,,,14.60093,120.974466,,,,,,,16,2021-01-29,OSP
MNL005 LP178 NP7-8,MNL005,LP178,NP7-8,MNL005 LP178,Orchard Building (City Square 2),MANILA,3,1,BARANGAY 288,,,14.601058,120.974349,,,,,,,16,2021-01-29,OSP
MNL005 LP179 NP1-2,MNL005,LP179,NP1-2,MNL005 LP179,Orchard Building (City Square 2),MANILA,3,1,BARANGAY 288,,,14.601345,120.974182,,,,,,,16,2021-01-29,OSP
MNL005 LP176 NP5-6,MNL005,LP176,NP5-6,MNL005 LP176,Orchard Building (City Square 2),MANILA,3,1,BARANGAY 288,,,14.600674,120.975756,,,,,,,16,2021-01-29,OSP
MNL005 LP176 NP7-8,MNL005,LP176,NP7-8,MNL005 LP176,Orchard Building (City Square 2),MANILA,3,1,BARANGAY 288,,,14.600862,120.975257,,,,,,,16,2021-01-29,OSP
MNL005 LP177 NP1-2,MNL005,LP177,NP1-2,MNL005 LP177,Orchard Building (City Square 2),MANILA,3,1,BARANGAY 288,,,14.600566,120.974996,,,,,,,16,2021-01-29,OSP
MNL005 LP177 NP3-4,MNL005,LP177,NP3-4,MNL005 LP177,Orchard Building (City Square 2),MANILA,3,1,BARANGAY 288,,,14.60037,120.97465,,,,,,,16,2021-01-29,OSP
MNL005 LP177 NP5-6,MNL005,LP177,NP5-6,MNL005 LP177,Orchard Building (City Square 2),MANILA,3,1,BARANGAY 288,,,14.600257,120.97446,,,,,,,16,2021-01-29,OSP
MNL005 LP171 NP7-8,MNL005,LP171,NP7-8,MNL005 LP171,Orchard Building (City Square 2),MANILA,3,1,BARANGAY 288,,,14.600532,120.975573,,,,,,,16,2021-01-29,OSP
MNL005 LP640 NP8,MNL005,LP640,NP8,MNL005 LP640,Orchard Building (City Square 2),MANILA,3,1,BARANGAY 288,,TYTANA PLAZA,14.600951,120.974095,,12F,CONVERGE ROOM,MNL31P,,,,2022-11-20,ISP
MNL005 LP640 NP6,MNL005,LP640,NP6,MNL005 LP640,Orchard Building (City Square 2),MANILA,3,1,BARANGAY 288,,TYTANA PLAZA,14.600951,120.974095,,12F,CONVERGE ROOM,MNL31P,,,,2022-11-20,ISP
MNL005 LP640 NP4,MNL005,LP640,NP4,MNL005 LP640,Orchard Building (City Square 2),MANILA,3,1,BARANGAY 288,,TYTANA PLAZA,14.600951,120.974095,,12F,CONVERGE ROOM,MNL31P,,,,2022-11-20,ISP
MNL005 LP640 NP5,MNL005,LP640,NP5,MNL005 LP640,Orchard Building (City Square 2),MANILA,3,1,BARANGAY 288,,TYTANA PLAZA,14.600951,120.974095,,12F,CONVERGE ROOM,MNL31P,,,,2022-11-20,ISP
MNL005 LP640 NP3,MNL005,LP640,NP3,MNL005 LP640,Orchard Building (City Square 2),MANILA,3,1,BARANGAY 288,,TYTANA PLAZA,14.600951,120.974095,,12F,CONVERGE ROOM,MNL31P,,,,2022-11-20,ISP
MNL005 LP640 NP1,MNL005,LP640,NP1,MNL005 LP640,Orchard Building (City Square 2),MANILA,3,1,BARANGAY 288,,TYTANA PLAZA,14.600951,120.974095,,12F,CONVERGE ROOM,MNL31P,,,,2022-11-20,ISP
MNL005 LP640 NP7,MNL005,LP640,NP7,MNL005 LP640,Orchard Building (City Square 2),MANILA,3,1,BARANGAY 288,,TYTANA PLAZA,14.600951,120.974095,,12F,CONVERGE ROOM,MNL31P,,,,2022-11-20,ISP
MNL005 LP640 NP2,MNL005,LP640,NP2,MNL005 LP640,Orchard Building (City Square 2),MANILA,3,1,BARANGAY 288,,TYTANA PLAZA,14.600951,120.974095,,12F,CONVERGE ROOM,MNL31P,,,,2022-11-20,ISP
MNL001 LP22 NP5-6,MNL001,LP22,NP5-6,MNL001 LP22,Zen Tower,MANILA,3,1,BARANGAY 288,,,14.600758,120.975722,,,,,,,16,2015-07-27,OSP
MNL001 LP17 NP3-4,MNL001,LP17,NP3-4,MNL001 LP17,Zen Tower,MANILA,3,1,BARANGAY 288,,,14.599678,120.974357,,,,,,,16,2015-07-27,OSP
MNL001 LP32 NP4,MNL001,LP32,NP4,MNL001 LP32,Zen Tower,MANILA,3,1,BARANGAY 288,,TYTANA PLAZA,14.600951,120.974095,,6F,CONVERGE ROOM,MNL31P,,,,2016-07-28,ISP
MNL001 LP32 NP1,MNL001,LP32,NP1,MNL001 LP32,Zen Tower,MANILA,3,1,BARANGAY 288,,TYTANA PLAZA,14.600951,120.974095,MNL31P,12F,CONVERGE ROOM,,,,,2016-07-28,ISP
MNL001 LP88 NP3,MNL001,LP88,NP3,MNL001 LP88,Zen Tower,MANILA,3,1,BARANGAY 288,,CHP TOWER,14.601197,120.975008,MNL32P,3F,LEFT WING FIRE EXIT,,,,,2017-07-19,ISP
MNL001 LP32 NP3,MNL001,LP32,NP3,MNL001 LP32,Zen Tower,MANILA,3,1,BARANGAY 288,,TYTANA PLAZA,14.600951,120.974095,,17F,CONVERGE ROOM,MNL31P,,,,2016-07-28,ISP
MNL001 LP88 NP1-2,MNL001,LP88,NP1-2,MNL001 LP88,Zen Tower,MANILA,3,1,BARANGAY 288,,CHP TOWER,14.601197,120.975008,MNL32P,2F,RIGTH WING FIRE EXIT,,,,,2017-07-19,ISP
MNL001 LP32 NP2,MNL001,LP32,NP2,MNL001 LP32,Zen Tower,MANILA,3,1,BARANGAY 288,,TYTANA PLAZA,14.600951,120.974095,MNL31P,15F,CONVERGE ROOM,,,,,2016-07-28,ISP
MNL003 LP348 NP1-2,MNL003,LP348,NP1-2,MNL003 LP348,City Square,MANILA,3,1,BARANGAY 289,,,14.59759788,120.976102,,,,,,,16,2019-04-30,OSP
MNL003 LP348 NP3-4,MNL003,LP348,NP3-4,MNL003 LP348,City Square,MANILA,3,1,BARANGAY 289,,,14.59892873,120.9753348,,,,,,,16,2019-04-30,OSP
MNL005 LP170 NP3-4,MNL005,LP170,NP3-4,MNL005 LP170,Orchard Building (City Square 2),MANILA,3,1,BARANGAY 289,,,14.598611,120.976471,,,,,,,16,2021-01-29,OSP
MNL005 LP172 NP7-8,MNL005,LP172,NP7-8,MNL005 LP172,Orchard Building (City Square 2),MANILA,3,1,BARANGAY 289,,,14.597769,120.976523,,,,,,,16,2021-01-29,OSP
MNL005 LP173 NP1-2,MNL005,LP173,NP1-2,MNL005 LP173,Orchard Building (City Square 2),MANILA,3,1,BARANGAY 289,,,14.598703,120.975491,,,,,,,16,2021-01-29,OSP
MNL005 LP173 NP3-4,MNL005,LP173,NP3-4,MNL005 LP173,Orchard Building (City Square 2),MANILA,3,1,BARANGAY 289,,,14.599137,120.975223,,,,,,,16,2021-01-29,OSP
MNL005 LP173 NP5-6,MNL005,LP173,NP5-6,MNL005 LP173,Orchard Building (City Square 2),MANILA,3,1,BARANGAY 289,,,14.599377,120.975084,,,,,,,16,2021-01-29,OSP
MNL005 LP172 NP1-2,MNL005,LP172,NP1-2,MNL005 LP172,Orchard Building (City Square 2),MANILA,3,1,BARANGAY 289,,,14.598482,120.976203,,,,,,,16,2021-01-29,OSP
MNL005 LP172 NP3-4,MNL005,LP172,NP3-4,MNL005 LP172,Orchard Building (City Square 2),MANILA,3,1,BARANGAY 289,,,14.598283,120.975735,,,,,,,16,2021-01-29,OSP
MNL005 LP172 NP5-6,MNL005,LP172,NP5-6,MNL005 LP172,Orchard Building (City Square 2),MANILA,3,1,BARANGAY 289,,,14.597636,120.976111,,,,,,,16,2021-01-29,OSP
MNL005 LP188 NP1,MNL005,LP188,NP1,MNL005 LP188,Orchard Building (City Square 2),MANILA,3,1,BARANGAY 289,,A.CBK BUILDING,14.598725,120.975228,,3F,EE ROOM BUILDING A,MNL33P,,,,2021-04-22,ISP
MNL005 LP188 NP2,MNL005,LP188,NP2,MNL005 LP188,Orchard Building (City Square 2),MANILA,3,1,BARANGAY 289,,A.CBK BUILDING,14.598725,120.975228,,9F,EE ROOM BUILDING A,MNL33P,,,,2021-04-22,ISP
MNL001 LP17 NP1-2,MNL001,LP17,NP1-2,MNL001 LP17,Zen Tower,MANILA,3,1,BARANGAY 289,,,14.597867,120.975937,,,,,,,16,2015-07-27,OSP
MNL001 LP422 NP1,MNL001,LP422,NP1,MNL001 LP422,Zen Tower,MANILA,3,1,BARANGAY 289,,YUCHENGCO TOWER 1,14.599026,120.975476,MNL34P,7F,EE ROOM BUILDING A,,,,,2021-07-30,ISP
MNL001 LP422 NP2,MNL001,LP422,NP2,MNL001 LP422,Zen Tower,MANILA,3,1,BARANGAY 289,,YUCHENGCO TOWER 1,14.599026,120.975476,,3F,EE ROOM BUILDING A,MNL34P,,,,2021-07-30,ISP
MNL001 LP409 NP5,MNL001,LP409,NP5,MNL001 LP409,Zen Tower,MANILA,3,1,BARANGAY 289,,PACIFIC CENTRE,14.598772,120.976017,MNL063,9F,EE ROOM BUILDING A,,,,,2021-03-22,ISP
MNL001 LP425 NP1,MNL001,LP425,NP1,MNL001 LP425,Zen Tower,MANILA,3,1,BARANGAY 289,,ETY BUILDING,14.598845,120.975562,,2F,CONVERGE ROOM,MNL067,,,,2022-05-30,ISP
MNL001 LP409 NP6-7,MNL001,LP409,NP6-7,MNL001 LP409,Zen Tower,MANILA,3,1,BARANGAY 289,,PACIFIC CENTRE,14.598772,120.976017,,MZ,EE ROOM BUILDING A,MNL063,,,,2021-03-22,ISP
MNL001 LP409 NP3-4,MNL001,LP409,NP3-4,MNL001 LP409,Zen Tower,MANILA,3,1,BARANGAY 289,,PACIFIC CENTRE,14.598772,120.976017,,7F,EE ROOM BUILDING A,MNL063,,,,2021-03-22,ISP
MNL001 LP409 NP1-2,MNL001,LP409,NP1-2,MNL001 LP409,Zen Tower,MANILA,3,1,BARANGAY 289,,PACIFIC CENTRE,14.598772,120.976017,,3F,EE ROOM BUILDING A,MNL063,,,,2021-03-22,ISP
MNL003 LP216 NP7-8,MNL003,LP216,NP7-8,MNL003 LP216,City Square,MANILA,3,1,BARANGAY 29,,,14.60421082,120.9617233,,,,,,,16,2019-02-12,OSP
MNL003 LP217 NP3-4,MNL003,LP217,NP3-4,MNL003 LP217,City Square,MANILA,3,1,BARANGAY 29,,,14.60301688,120.9617981,,,,,,,16,2019-02-12,OSP
MNL003 LP217 NP5-6,MNL003,LP217,NP5-6,MNL003 LP217,City Square,MANILA,3,1,BARANGAY 29,,,14.60283943,120.9627262,,,,,,,16,2019-02-12,OSP
MNL003 LP218 NP1-2,MNL003,LP218,NP1-2,MNL003 LP218,City Square,MANILA,3,1,BARANGAY 29,,,14.60390462,120.9627634,,,,,,,16,2019-02-12,OSP
MNL005 LP247 NP6-7-8,MNL005,LP247,NP6-7-8,MNL005 LP247,Orchard Building (City Square 2),MANILA,3,1,BARANGAY 29,,,14.603478,120.961782,,,,,,,24,2021-09-25,OSP
MNL005 LP248 NP1-2,MNL005,LP248,NP1-2,MNL005 LP248,Orchard Building (City Square 2),MANILA,3,1,BARANGAY 29,,,14.603095,120.961815,,,,,,,16,2021-09-25,OSP
MNL005 LP248 NP3-4-5,MNL005,LP248,NP3-4-5,MNL005 LP248,Orchard Building (City Square 2),MANILA,3,1,BARANGAY 29,,,14.60278,120.961841,,,,,,,24,2021-09-25,OSP
MNL005 LP248 NP6-7-8,MNL005,LP248,NP6-7-8,MNL005 LP248,Orchard Building (City Square 2),MANILA,3,1,BARANGAY 29,,,14.602811,120.962346,,,,,,,24,2021-09-25,OSP
MNL005 LP246 NP1-2,MNL005,LP246,NP1-2,MNL005 LP246,Orchard Building (City Square 2),MANILA,3,1,BARANGAY 29,,,14.604352,120.961715,,,,,,,16,2021-09-25,OSP
MNL005 LP246 NP3-4-5,MNL005,LP246,NP3-4-5,MNL005 LP246,Orchard Building (City Square 2),MANILA,3,1,BARANGAY 29,,,14.604354,120.961718,,,,,,,24,2021-09-25,OSP
MNL005 LP246 NP6-7-8,MNL005,LP246,NP6-7-8,MNL005 LP246,Orchard Building (City Square 2),MANILA,3,1,BARANGAY 29,,,14.604141,120.961731,,,,,,,24,2021-09-25,OSP
MNL005 LP411 NP1-2,MNL005,LP411,NP1-2,MNL005 LP411,Orchard Building (City Square 2),MANILA,3,1,BARANGAY 29,,,14.604287,120.962105,,,,,,,16,2021-11-01,OSP
MNL005 LP411 NP3-5,MNL005,LP411,NP3-5,MNL005 LP411,Orchard Building (City Square 2),MANILA,3,1,BARANGAY 29,,,14.604364,120.962535,,,,,,,24,2021-11-01,OSP
MNL005 LP404 NP1-2,MNL005,LP404,NP1-2,MNL005 LP404,Orchard Building (City Square 2),MANILA,3,1,BARANGAY 29,,,14.6038,120.962437,,,,,,,16,2021-11-01,OSP
MNL005 LP408 NP1-2,MNL005,LP408,NP1-2,MNL005 LP408,Orchard Building (City Square 2),MANILA,3,1,BARANGAY 29,,,14.603994,120.962476,,,,,,,16,2021-11-01,OSP
MNL005 LP408 NP3-5,MNL005,LP408,NP3-5,MNL005 LP408,Orchard Building (City Square 2),MANILA,3,1,BARANGAY 29,,,14.603947,120.962287,,,,,,,24,2021-11-01,OSP
MNL005 LP408 NP6-8,MNL005,LP408,NP6-8,MNL005 LP408,Orchard Building (City Square 2),MANILA,3,1,BARANGAY 29,,,14.604073,120.962136,,,,,,,24,2021-11-01,OSP
MNL005 LP409 NP1-2,MNL005,LP409,NP1-2,MNL005 LP409,Orchard Building (City Square 2),MANILA,3,1,BARANGAY 29,,,14.604169,120.962522,,,,,,,16,2021-11-01,OSP
MNL005 LP4 NP7-8,MNL005,LP4,NP7-8,MNL005 LP4,Orchard Building (City Square 2),MANILA,3,1,BARANGAY 29,,,14.60431,120.96171,,,,,,,16,2020-08-30,OSP
MNL005 LP395 NP6-8,MNL005,LP395,NP6-8,MNL005 LP395,Orchard Building (City Square 2),MANILA,3,1,BARANGAY 29,,,14.603419,120.962335,,,,,,,24,2021-11-01,OSP
MNL005 LP396 NP1-2,MNL005,LP396,NP1-2,MNL005 LP396,Orchard Building (City Square 2),MANILA,3,1,BARANGAY 29,,,14.603565,120.962166,,,,,,,16,2021-11-01,OSP
MNL005 LP396 NP3-5,MNL005,LP396,NP3-5,MNL005 LP396,Orchard Building (City Square 2),MANILA,3,1,BARANGAY 29,,,14.603565,120.962166,,,,,,,24,2021-11-01,OSP
MNL005 LP396 NP6-8,MNL005,LP396,NP6-8,MNL005 LP396,Orchard Building (City Square 2),MANILA,3,1,BARANGAY 29,,,14.603485,120.961883,,,,,,,24,2021-11-01,OSP
MNL005 LP395 NP1-2,MNL005,LP395,NP1-2,MNL005 LP395,Orchard Building (City Square 2),MANILA,3,1,BARANGAY 29,,,14.60336,120.962142,,,,,,,16,2021-11-01,OSP
MNL005 LP395 NP3-5,MNL005,LP395,NP3-5,MNL005 LP395,Orchard Building (City Square 2),MANILA,3,1,BARANGAY 29,,,14.60336,120.962142,,,,,,,24,2021-11-01,OSP
MNL005 LP387 NP1-2,MNL005,LP387,NP1-2,MNL005 LP387,Orchard Building (City Square 2),MANILA,3,1,BARANGAY 29,,,14.603058,120.962457,,,,,,,16,2021-11-01,OSP
MNL005 LP387 NP3-5,MNL005,LP387,NP3-5,MNL005 LP387,Orchard Building (City Square 2),MANILA,3,1,BARANGAY 29,,,14.603058,120.962457,,,,,,,24,2021-11-01,OSP
MNL005 LP387 NP6-8,MNL005,LP387,NP6-8,MNL005 LP387,Orchard Building (City Square 2),MANILA,3,1,BARANGAY 29,,,14.602989,120.962181,,,,,,,24,2021-11-01,OSP
MNL005 LP388 NP1-2,MNL005,LP388,NP1-2,MNL005 LP388,Orchard Building (City Square 2),MANILA,3,1,BARANGAY 29,,,14.602918,120.961834,,,,,,,16,2021-11-01,OSP
MNL005 LP388 NP3-5,MNL005,LP388,NP3-5,MNL005 LP388,Orchard Building (City Square 2),MANILA,3,1,BARANGAY 29,,,14.6031,120.961816,,,,,,,24,2021-11-01,OSP
MNL005 LP388 NP6-8,MNL005,LP388,NP6-8,MNL005 LP388,Orchard Building (City Square 2),MANILA,3,1,BARANGAY 29,,,14.603124,120.96198,,,,,,,24,2021-11-01,OSP
MNL005 LP6 NP1-2,MNL005,LP6,NP1-2,MNL005 LP6,Orchard Building (City Square 2),MANILA,3,1,BARANGAY 29,,,14.602783,120.961824,,,,,,,16,2020-08-30,OSP
MNL005 LP5 NP5-6,MNL005,LP5,NP5-6,MNL005 LP5,Orchard Building (City Square 2),MANILA,3,1,BARANGAY 29,,,14.603456,120.961768,,,,,,,16,2020-08-30,OSP
MNL005 LP5 NP7-8,MNL005,LP5,NP7-8,MNL005 LP5,Orchard Building (City Square 2),MANILA,3,1,BARANGAY 29,,,14.603263,120.961782,,,,,,,16,2020-08-30,OSP
MNL003 LP350 NP3-4,MNL003,LP350,NP3-4,MNL003 LP350,City Square,MANILA,3,1,BARANGAY 290,,,14.59864405,120.9780513,,,,,,,16,2019-04-30,OSP
MNL003 LP350 NP5-6,MNL003,LP350,NP5-6,MNL003 LP350,City Square,MANILA,3,1,BARANGAY 290,,,14.59866603,120.9773749,,,,,,,16,2019-04-30,OSP
MNL003 LP350 NP7-8,MNL003,LP350,NP7-8,MNL003 LP350,City Square,MANILA,3,1,BARANGAY 290,,,14.59931191,120.9779465,,,,,,,16,2019-04-30,OSP
MNL003 LP351 NP1-2,MNL003,LP351,NP1-2,MNL003 LP351,City Square,MANILA,3,1,BARANGAY 290,,,14.5998149,120.9768605,,,,,,,16,2019-04-30,OSP
MNL003 LP348 NP7-8,MNL003,LP348,NP7-8,MNL003 LP348,City Square,MANILA,3,1,BARANGAY 290,,,14.59971274,120.976066,,,,,,,16,2019-04-30,OSP
MNL003 LP349 NP1-2,MNL003,LP349,NP1-2,MNL003 LP349,City Square,MANILA,3,1,BARANGAY 290,,,14.59864828,120.976577,,,,,,,16,2019-04-30,OSP
MNL005 LP170 NP1-2,MNL005,LP170,NP1-2,MNL005 LP170,Orchard Building (City Square 2),MANILA,3,1,BARANGAY 290,,,14.599404,120.976947,,,,,,,16,2021-01-29,OSP
MNL005 LP174 NP1-2,MNL005,LP174,NP1-2,MNL005 LP174,Orchard Building (City Square 2),MANILA,3,1,BARANGAY 290,,,14.598396,120.977528,,,,,,,16,2021-01-29,OSP
MNL005 LP176 NP1-2,MNL005,LP176,NP1-2,MNL005 LP176,Orchard Building (City Square 2),MANILA,3,1,BARANGAY 290,,,14.600001,120.97652,,,,,,,16,2021-01-29,OSP
MNL005 LP176 NP3-4,MNL005,LP176,NP3-4,MNL005 LP176,Orchard Building (City Square 2),MANILA,3,1,BARANGAY 290,,,14.600183,120.976277,,,,,,,16,2021-01-29,OSP
MNL005 LP170 NP5-6,MNL005,LP170,NP5-6,MNL005 LP170,Orchard Building (City Square 2),MANILA,3,1,BARANGAY 290,,,14.599099,120.976351,,,,,,,16,2021-01-29,OSP
MNL005 LP170 NP7-8,MNL005,LP170,NP7-8,MNL005 LP170,Orchard Building (City Square 2),MANILA,3,1,BARANGAY 290,,,14.599385,120.976247,,,,,,,16,2021-01-29,OSP
MNL005 LP171 NP1-2,MNL005,LP171,NP1-2,MNL005 LP171,Orchard Building (City Square 2),MANILA,3,1,BARANGAY 290,,,14.599648,120.976143,,,,,,,16,2021-01-29,OSP
MNL005 LP171 NP3-4,MNL005,LP171,NP3-4,MNL005 LP171,Orchard Building (City Square 2),MANILA,3,1,BARANGAY 290,,,14.599949,120.976049,,,,,,,16,2021-01-29,OSP
MNL005 LP171 NP5-6,MNL005,LP171,NP5-6,MNL005 LP171,Orchard Building (City Square 2),MANILA,3,1,BARANGAY 290,,,14.600312,120.975735,,,,,,,16,2021-01-29,OSP
MNL005 LP163 NP3-4,MNL005,LP163,NP3-4,MNL005 LP163,Orchard Building (City Square 2),MANILA,3,1,BARANGAY 290,,,14.599761,120.977138,,,,,,,16,2021-01-29,OSP
MNL005 LP163 NP5-6,MNL005,LP163,NP5-6,MNL005 LP163,Orchard Building (City Square 2),MANILA,3,1,BARANGAY 290,,,14.599347,120.977934,,,,,,,16,2021-01-29,OSP
MNL005 LP163 NP7-8,MNL005,LP163,NP7-8,MNL005 LP163,Orchard Building (City Square 2),MANILA,3,1,BARANGAY 290,,,14.599706,120.978235,,,,,,,16,2021-01-29,OSP
MNL005 LP164 NP1-2,MNL005,LP164,NP1-2,MNL005 LP164,Orchard Building (City Square 2),MANILA,3,1,BARANGAY 290,,,14.59916,120.978788,,,,,,,16,2021-01-29,OSP
MNL005 LP165 NP1-2,MNL005,LP165,NP1-2,MNL005 LP165,Orchard Building (City Square 2),MANILA,3,1,BARANGAY 290,,,14.599257,120.978058,,,,,,,16,2021-01-29,OSP
MNL005 LP165 NP3-4,MNL005,LP165,NP3-4,MNL005 LP165,Orchard Building (City Square 2),MANILA,3,1,BARANGAY 290,,,14.598897,120.978379,,,,,,,16,2021-01-29,OSP
MNL001 LP421 NP2,MNL001,LP421,NP2,MNL001 LP421,Zen Tower,MANILA,3,1,BARANGAY 290,,JOSE TAN ECHIO BUILDING,14.600173,120.977005,,8F,FIRE EXIT,MNL35P,,,,2021-06-09,ISP
MNL001 LP421 NP3,MNL001,LP421,NP3,MNL001 LP421,Zen Tower,MANILA,3,1,BARANGAY 290,,JOSE TAN ECHIO BUILDING,14.600173,120.977005,,12F,FIRE EXIT,MNL35P,,,,2021-06-09,ISP
MNL001 LP421 NP1,MNL001,LP421,NP1,MNL001 LP421,Zen Tower,MANILA,3,1,BARANGAY 290,,JOSE TAN ECHIO BUILDING,14.600173,120.977005,MNL35P,3F,FIRE EXIT,,,,,2021-06-09,ISP
MNL003 LP350 NP1-2,MNL003,LP350,NP1-2,MNL003 LP350,City Square,MANILA,3,1,BARANGAY 291,,,14.59817028,120.9788403,,,,,,,16,2019-04-30,OSP
MNL003 LP349 NP3-4,MNL003,LP349,NP3-4,MNL003 LP349,City Square,MANILA,3,1,BARANGAY 291,,,14.59791238,120.9768789,,,,,,,16,2019-04-30,OSP
MNL003 LP349 NP5-6,MNL003,LP349,NP5-6,MNL003 LP349,City Square,MANILA,3,1,BARANGAY 291,,,14.59683121,120.9774615,,,,,,,16,2019-04-30,OSP
MNL003 LP349 NP7-8,MNL003,LP349,NP7-8,MNL003 LP349,City Square,MANILA,3,1,BARANGAY 291,,,14.59734021,120.9789874,,,,,,,16,2019-04-30,OSP
MNL003 LP485 NP3,MNL003,LP485,NP3,MNL003 LP485,City Square,MANILA,3,1,BARANGAY 291,,REGINA BUILDING,14.598519,120.979644,,9F,EE ROOM BUILDING A,MNL162P,,,,2020-01-14,ISP
MNL003 LP485 NP7,MNL003,LP485,NP7,MNL003 LP485,City Square,MANILA,3,1,BARANGAY 291,,REGINA BUILDING,14.598519,120.979644,,20F,EE ROOM BUILDING A,MNL162P,,,,2020-01-14,ISP
MNL003 LP485 NP1,MNL003,LP485,NP1,MNL003 LP485,City Square,MANILA,3,1,BARANGAY 291,,REGINA BUILDING,14.598519,120.979644,,3F,EE ROOM BUILDING A,MNL162P,,,,2020-01-14,ISP
MNL003 LP485 NP2,MNL003,LP485,NP2,MNL003 LP485,City Square,MANILA,3,1,BARANGAY 291,,REGINA BUILDING,14.598519,120.979644,,5F,EE ROOM BUILDING A,MNL162P,,,,2020-01-14,ISP
MNL003 LP485 NP4,MNL003,LP485,NP4,MNL003 LP485,City Square,MANILA,3,1,BARANGAY 291,,REGINA BUILDING,14.598519,120.979644,,11F,EE ROOM BUILDING A,MNL162P,,,,2020-01-14,ISP
MNL003 LP485 NP5,MNL003,LP485,NP5,MNL003 LP485,City Square,MANILA,3,1,BARANGAY 291,,REGINA BUILDING,14.598519,120.979644,,14F,EE ROOM BUILDING A,MNL162P,,,,2020-01-14,ISP
MNL003 LP485 NP6,MNL003,LP485,NP6,MNL003 LP485,City Square,MANILA,3,1,BARANGAY 291,,REGINA BUILDING,14.598519,120.979644,,16F,EE ROOM BUILDING A,MNL162P,,,,2020-01-14,ISP
MNL005 LP166 NP5-6,MNL005,LP166,NP5-6,MNL005 LP166,Orchard Building (City Square 2),MANILA,3,1,BARANGAY 291,,,14.597232,120.978774,,,,,,,16,2021-01-29,OSP
MNL005 LP166 NP7-8,MNL005,LP166,NP7-8,MNL005 LP166,Orchard Building (City Square 2),MANILA,3,1,BARANGAY 291,,,14.597099,120.978574,,,,,,,16,2021-01-29,OSP
MNL005 LP167 NP1-2,MNL005,LP167,NP1-2,MNL005 LP167,Orchard Building (City Square 2),MANILA,3,1,BARANGAY 291,,,14.597653,120.979685,,,,,,,16,2021-01-29,OSP
MNL005 LP167 NP3-4,MNL005,LP167,NP3-4,MNL005 LP167,Orchard Building (City Square 2),MANILA,3,1,BARANGAY 291,,,14.597983,120.979842,,,,,,,16,2021-01-29,OSP
MNL005 LP167 NP5-6,MNL005,LP167,NP5-6,MNL005 LP167,Orchard Building (City Square 2),MANILA,3,1,BARANGAY 291,,,14.598349,120.980078,,,,,,,16,2021-01-29,OSP
MNL005 LP168 NP1-2,MNL005,LP168,NP1-2,MNL005 LP168,Orchard Building (City Square 2),MANILA,3,1,BARANGAY 291,,,14.596938,120.978324,,,,,,,16,2021-01-29,OSP
MNL005 LP168 NP3-4,MNL005,LP168,NP3-4,MNL005 LP168,Orchard Building (City Square 2),MANILA,3,1,BARANGAY 291,,,14.596812,120.978075,,,,,,,16,2021-01-29,OSP
MNL005 LP168 NP5-6,MNL005,LP168,NP5-6,MNL005 LP168,Orchard Building (City Square 2),MANILA,3,1,BARANGAY 291,,,14.596665,120.97779,,,,,,,16,2021-01-29,OSP
MNL005 LP168 NP7-8,MNL005,LP168,NP7-8,MNL005 LP168,Orchard Building (City Square 2),MANILA,3,1,BARANGAY 291,,,14.596552,120.977537,,,,,,,16,2021-01-29,OSP
MNL005 LP169 NP1-2,MNL005,LP169,NP1-2,MNL005 LP169,Orchard Building (City Square 2),MANILA,3,1,BARANGAY 291,,,14.597196,120.977295,,,,,,,16,2021-01-29,OSP
MNL005 LP169 NP3-4,MNL005,LP169,NP3-4,MNL005 LP169,Orchard Building (City Square 2),MANILA,3,1,BARANGAY 291,,,14.59732,120.977136,,,,,,,16,2021-01-29,OSP
MNL005 LP174 NP3-4,MNL005,LP174,NP3-4,MNL005 LP174,Orchard Building (City Square 2),MANILA,3,1,BARANGAY 291,,,14.598068,120.977719,,,,,,,16,2021-01-29,OSP
MNL005 LP174 NP5-6,MNL005,LP174,NP5-6,MNL005 LP174,Orchard Building (City Square 2),MANILA,3,1,BARANGAY 291,,,14.597876,120.977422,,,,,,,16,2021-01-29,OSP
MNL005 LP174 NP7-8,MNL005,LP174,NP7-8,MNL005 LP174,Orchard Building (City Square 2),MANILA,3,1,BARANGAY 291,,,14.59764,120.977064,,,,,,,16,2021-01-29,OSP
MNL005 LP175 NP1-2,MNL005,LP175,NP1-2,MNL005 LP175,Orchard Building (City Square 2),MANILA,3,1,BARANGAY 291,,,14.597414,120.976748,,,,,,,16,2021-01-29,OSP
MNL005 LP175 NP3-4,MNL005,LP175,NP3-4,MNL005 LP175,Orchard Building (City Square 2),MANILA,3,1,BARANGAY 291,,,14.597272,120.976451,,,,,,,16,2021-01-29,OSP
MNL005 LP164 NP3-4,MNL005,LP164,NP3-4,MNL005 LP164,Orchard Building (City Square 2),MANILA,3,1,BARANGAY 291,,,14.598479,120.979218,,,,,,,16,2021-01-29,OSP
MNL005 LP164 NP5-6,MNL005,LP164,NP5-6,MNL005 LP164,Orchard Building (City Square 2),MANILA,3,1,BARANGAY 291,,,14.598857,120.979712,,,,,,,16,2021-01-29,OSP
MNL005 LP165 NP5-6,MNL005,LP165,NP5-6,MNL005 LP165,Orchard Building (City Square 2),MANILA,3,1,BARANGAY 291,,,14.598491,120.978648,,,,,,,16,2021-01-29,OSP
MNL005 LP165 NP7-8,MNL005,LP165,NP7-8,MNL005 LP165,Orchard Building (City Square 2),MANILA,3,1,BARANGAY 291,,,14.598231,120.978834,,,,,,,16,2021-01-29,OSP
MNL005 LP166 NP1-2,MNL005,LP166,NP1-2,MNL005 LP166,Orchard Building (City Square 2),MANILA,3,1,BARANGAY 291,,,14.597998,120.979,,,,,,,16,2021-01-29,OSP
MNL005 LP166 NP3-4,MNL005,LP166,NP3-4,MNL005 LP166,Orchard Building (City Square 2),MANILA,3,1,BARANGAY 291,,,14.597544,120.979289,,,,,,,16,2021-01-29,OSP
MNL005 LP656 NP2,MNL005,LP656,NP2,MNL005 LP656,Orchard Building (City Square 2),MANILA,3,1,BARANGAY 291,,MADRIGAL BUILDING,14.598129,120.979005,,2F,FIRE EXIT,MNL086,,,,2023-12-29,ISP
MNL005 LP656 NP5,MNL005,LP656,NP5,MNL005 LP656,Orchard Building (City Square 2),MANILA,3,1,BARANGAY 291,,MADRIGAL BUILDING,14.598129,120.979005,,2F,FIRE EXIT,MNL086,,,,2023-12-29,ISP
MNL005 LP656 NP1,MNL005,LP656,NP1,MNL005 LP656,Orchard Building (City Square 2),MANILA,3,1,BARANGAY 291,,MADRIGAL BUILDING,14.598129,120.979005,,2F,FIRE EXIT,MNL086,,,,2023-12-29,ISP
MNL005 LP656 NP6,MNL005,LP656,NP6,MNL005 LP656,Orchard Building (City Square 2),MANILA,3,1,BARANGAY 291,,MADRIGAL BUILDING,14.598129,120.979005,,2F,FIRE EXIT,MNL086,,,,2023-12-29,ISP
MNL005 LP656 NP3,MNL005,LP656,NP3,MNL005 LP656,Orchard Building (City Square 2),MANILA,3,1,BARANGAY 291,,MADRIGAL BUILDING,14.598129,120.979005,,2F,FIRE EXIT,MNL086,,,,2023-12-29,ISP
MNL005 LP656 NP4,MNL005,LP656,NP4,MNL005 LP656,Orchard Building (City Square 2),MANILA,3,1,BARANGAY 291,,MADRIGAL BUILDING,14.598129,120.979005,,2F,FIRE EXIT,MNL086,,,,2023-12-29,ISP
MNL037 LP358 NP5-6,MNL037,LP358,NP5-6,MNL037 LP358,Tayuman,MANILA,3,1,BARANGAY 291,,,14.599246,120.979455,,,,,,,16,2023-02-23,OSP
MNL037 LP358 NP7-8,MNL037,LP358,NP7-8,MNL037 LP358,Tayuman,MANILA,3,1,BARANGAY 291,,,14.599455,120.979252,,,,,,,16,2023-02-23,OSP
MNL037 LP358 NP1-2,MNL037,LP358,NP1-2,MNL037 LP358,Tayuman,MANILA,3,1,BARANGAY 291,,,14.598857,120.979703,,,,,,,16,2023-02-23,OSP
MNL037 LP358 NP3-4,MNL037,LP358,NP3-4,MNL037 LP358,Tayuman,MANILA,3,1,BARANGAY 291,,,14.599045,120.97965,,,,,,,16,2023-02-23,OSP
MNL001 LP16 NP3-4,MNL001,LP16,NP3-4,MNL001 LP16,Zen Tower,MANILA,3,1,BARANGAY 291,,,14.597508,120.979336,,,,,,,16,2015-07-27,OSP
MNL001 LP16 NP5-6,MNL001,LP16,NP5-6,MNL001 LP16,Zen Tower,MANILA,3,1,BARANGAY 291,,,14.598847,120.978372,,,,,,,16,2015-07-27,OSP
MNL001 LP400 NP6-7-8,MNL001,LP400,NP6-7-8,MNL001 LP400,Zen Tower,MANILA,3,1,BARANGAY 291,,RIVERVIEW MANSION,14.597785,120.979274,MNL39P,16F,EE ROOM BUILDING A,,,,,2020-11-10,ISP
MNL001 LP402 NP5,MNL001,LP402,NP5,MNL001 LP402,Zen Tower,MANILA,3,1,BARANGAY 291,,RIVERVIEW MANSION,14.597785,120.979274,MNL39P,PH,EE ROOM BUILDING A,,,,,2020-11-10,ISP
MNL001 LP401 NP1-2,MNL001,LP401,NP1-2,MNL001 LP401,Zen Tower,MANILA,3,1,BARANGAY 291,,RIVERVIEW MANSION,14.597785,120.979274,,18F,EE ROOM BUILDING A,MNL39P,,,,2020-11-10,ISP
MNL001 LP66 NP8,MNL001,LP66,NP8,MNL001 LP66,Zen Tower,MANILA,3,1,BARANGAY 291,,ESCOLTA TWIN TOWERS (TOWER B),14.597686,120.978567,,22F,EE ROOM BUILDING A,MNL37P,,,,2016-08-31,ISP
MNL001 LP400 NP3-4-5,MNL001,LP400,NP3-4-5,MNL001 LP400,Zen Tower,MANILA,3,1,BARANGAY 291,,RIVERVIEW MANSION,14.597785,120.979274,MNL39P,11F,EE ROOM BUILDING A,,,,,2020-11-10,ISP
MNL001 LP401 NP3-4-5,MNL001,LP401,NP3-4-5,MNL001 LP401,Zen Tower,MANILA,3,1,BARANGAY 291,,RIVERVIEW MANSION,14.597785,120.979274,,21F,EE ROOM BUILDING A,MNL39P,,,,2020-11-10,ISP
MNL001 LP334 NP3,MNL001,LP334,NP3,MNL001 LP334,Zen Tower,MANILA,3,1,BARANGAY 291,,MORAGA MANSION,14.596530,120.976577,,12F,AUXILIARY ROOM,MNL38P,,,,2020-10-05,ISP
MNL001 LP65 NP2,MNL001,LP65,NP2,MNL001 LP65,Zen Tower,MANILA,3,1,BARANGAY 291,,ESCOLTA TWIN TOWERS (TOWER A),14.597686,120.978567,MNL36P,9F,EE ROOM BUILDING A,,,,,2016-08-31,ISP
MNL001 LP402 NP1-2,MNL001,LP402,NP1-2,MNL001 LP402,Zen Tower,MANILA,3,1,BARANGAY 291,,RIVERVIEW MANSION,14.597785,120.979274,,26F,EE ROOM BUILDING A,MNL39P,,,,2020-11-10,ISP
MNL001 LP66 NP7,MNL001,LP66,NP7,MNL001 LP66,Zen Tower,MANILA,3,1,BARANGAY 291,,ESCOLTA TWIN TOWERS (TOWER B),14.597686,120.978567,MNL37P,20F,EE ROOM BUILDING A,,,,,2016-08-31,ISP
MNL001 LP402 NP3,MNL001,LP402,NP3,MNL001 LP402,Zen Tower,MANILA,3,1,BARANGAY 291,,RIVERVIEW MANSION,14.597785,120.979274,,29F,EE ROOM BUILDING A,MNL39P,,,,2020-11-10,ISP
MNL001 LP400 NP1-2,MNL001,LP400,NP1-2,MNL001 LP400,Zen Tower,MANILA,3,1,BARANGAY 291,,RIVERVIEW MANSION,14.597785,120.979274,,8F,EE ROOM BUILDING A,MNL39P,,,,2020-11-10,ISP
MNL001 LP401 NP6-7-8,MNL001,LP401,NP6-7-8,MNL001 LP401,Zen Tower,MANILA,3,1,BARANGAY 291,,RIVERVIEW MANSION,14.597785,120.979274,MNL39P,24F,EE ROOM BUILDING A,,,,,2020-11-10,ISP
MNL001 LP65 NP8,MNL001,LP65,NP8,MNL001 LP65,Zen Tower,MANILA,3,1,BARANGAY 291,,ESCOLTA TWIN TOWERS (TOWER A),14.597686,120.978567,MNL36P,22F,EE ROOM BUILDING A,,,,,2016-08-31,ISP
MNL001 LP64 NP1,MNL001,LP64,NP1,MNL001 LP64,Zen Tower,MANILA,3,1,BARANGAY 291,,ESCOLTA TWIN TOWERS (TOWER A),14.597686,120.978567,MNL36P,5F,EE ROOM BUILDING A,,,,,2016-10-23,ISP
MNL001 LP334 NP1,MNL001,LP334,NP1,MNL001 LP334,Zen Tower,MANILA,3,1,BARANGAY 291,,MORAGA MANSION,14.596530,120.976577,MNL38P,4F,AUXILIARY ROOM,,,,,2020-10-05,ISP
MNL001 LP65 NP6,MNL001,LP65,NP6,MNL001 LP65,Zen Tower,MANILA,3,1,BARANGAY 291,,ESCOLTA TWIN TOWERS (TOWER A),14.597686,120.978567,MNL36P,18F,EE ROOM BUILDING A,,,,,2016-08-31,ISP
MNL001 LP66 NP1,MNL001,LP66,NP1,MNL001 LP66,Zen Tower,MANILA,3,1,BARANGAY 291,,ESCOLTA TWIN TOWERS (TOWER B),14.597686,120.978567,,7F,EE ROOM BUILDING A,MNL37P,,,,2016-08-31,ISP
MNL001 LP66 NP6,MNL001,LP66,NP6,MNL001 LP66,Zen Tower,MANILA,3,1,BARANGAY 291,,ESCOLTA TWIN TOWERS (TOWER B),14.597686,120.978567,,18F,EE ROOM BUILDING A,MNL37P,,,,2016-08-31,ISP
MNL001 LP66 NP4,MNL001,LP66,NP4,MNL001 LP66,Zen Tower,MANILA,3,1,BARANGAY 291,,ESCOLTA TWIN TOWERS (TOWER B),14.597686,120.978567,,14F,EE ROOM BUILDING A,MNL37P,,,,2016-08-31,ISP
MNL001 LP402 NP4,MNL001,LP402,NP4,MNL001 LP402,Zen Tower,MANILA,3,1,BARANGAY 291,,RIVERVIEW MANSION,14.597785,120.979274,,31F,EE ROOM BUILDING A,MNL39P,,,,2020-11-10,ISP
MNL001 LP64 NP2,MNL001,LP64,NP2,MNL001 LP64,Zen Tower,MANILA,3,1,BARANGAY 291,,ESCOLTA TWIN TOWERS (TOWER B),14.597686,120.978567,MNL37P,5F,EE ROOM BUILDING A,,,,,2016-08-31,ISP
MNL001 LP66 NP3,MNL001,LP66,NP3,MNL001 LP66,Zen Tower,MANILA,3,1,BARANGAY 291,,ESCOLTA TWIN TOWERS (TOWER B),14.597686,120.978567,,11F,EE ROOM BUILDING A,MNL37P,,,,2016-08-31,ISP
MNL001 LP65 NP4,MNL001,LP65,NP4,MNL001 LP65,Zen Tower,MANILA,3,1,BARANGAY 291,,ESCOLTA TWIN TOWERS (TOWER A),14.597686,120.978567,,14F,EE ROOM BUILDING A,MNL36P,,,,2016-08-31,ISP
MNL001 LP66 NP2,MNL001,LP66,NP2,MNL001 LP66,Zen Tower,MANILA,3,1,BARANGAY 291,,ESCOLTA TWIN TOWERS (TOWER B),14.597686,120.978567,MNL37P,9F,EE ROOM BUILDING A,,,,,2016-08-31,ISP
MNL001 LP334 NP2,MNL001,LP334,NP2,MNL001 LP334,Zen Tower,MANILA,3,1,BARANGAY 291,,MORAGA MANSION,14.596530,120.976577,,8F,AUXILIARY ROOM,MNL38P,,,,2020-10-05,ISP
MNL001 LP65 NP3,MNL001,LP65,NP3,MNL001 LP65,Zen Tower,MANILA,3,1,BARANGAY 291,,ESCOLTA TWIN TOWERS (TOWER A),14.597686,120.978567,,12F,EE ROOM BUILDING A,MNL36P,,,,2016-08-31,ISP
MNL001 LP65 NP5,MNL001,LP65,NP5,MNL001 LP65,Zen Tower,MANILA,3,1,BARANGAY 291,,ESCOLTA TWIN TOWERS (TOWER A),14.597686,120.978567,MNL36P,16F,EE ROOM BUILDING A,,,,,2016-08-31,ISP
MNL001 LP423 NP1,MNL001,LP423,NP1,MNL001 LP423,Zen Tower,MANILA,3,1,BARANGAY 291,,THE TEOFF CENTRE,14.598319,120.978662,,2F,HALLWAY,MNL049,,,,2022-01-16,ISP
MNL001 LP66 NP5,MNL001,LP66,NP5,MNL001 LP66,Zen Tower,MANILA,3,1,BARANGAY 291,,ESCOLTA TWIN TOWERS (TOWER B),14.597686,120.978567,MNL37P,16F,EE ROOM BUILDING A,,,,,2016-08-31,ISP
MNL001 LP65 NP1,MNL001,LP65,NP1,MNL001 LP65,Zen Tower,MANILA,3,1,BARANGAY 291,,ESCOLTA TWIN TOWERS (TOWER A),14.597686,120.978567,,7F,EE ROOM BUILDING A,MNL36P,,,,2016-08-31,ISP
MNL001 LP65 NP7,MNL001,LP65,NP7,MNL001 LP65,Zen Tower,MANILA,3,1,BARANGAY 291,,ESCOLTA TWIN TOWERS (TOWER A),14.597686,120.978567,MNL36P,20F,EE ROOM BUILDING A,,,,,2016-08-31,ISP
MNL003 LP14 NP3,MNL003,LP14,NP3,MNL003 LP14,City Square,MANILA,3,1,BARANGAY 292,,888 LUCKY MANSION,14.603541,120.974639,MNL40P,9F,CONVERGE ROOM,,,,,2017-10-04,ISP
MNL003 LP28 NP4,MNL003,LP28,NP4,MNL003 LP28,City Square,MANILA,3,1,BARANGAY 292,,888 LUCKY MANSION,14.603541,120.974639,,23F,CONVERGE ROOM,MNL40P,,,,2017-10-04,ISP
MNL003 LP90 NP1,MNL003,LP90,NP1,MNL003 LP90,City Square,MANILA,3,1,BARANGAY 292,,BINONDO TERRACES II CONDOMINIUM CORPORATION,14.603657,120.974402,,4F,EE ROOM BUILDING A,MNL42P,,,,2018-11-14,ISP
MNL003 LP14 NP4,MNL003,LP14,NP4,MNL003 LP14,City Square,MANILA,3,1,BARANGAY 292,,888 LUCKY MANSION,14.603541,120.974639,MNL40P,10F,CONVERGE ROOM,,,,,2017-10-04,ISP
MNL003 LP90 NP3,MNL003,LP90,NP3,MNL003 LP90,City Square,MANILA,3,1,BARANGAY 292,,BINONDO TERRACES II CONDOMINIUM CORPORATION,14.603657,120.974402,,6F,EE ROOM BUILDING A,MNL42P,,,,2018-11-14,ISP
MNL003 LP28 NP3,MNL003,LP28,NP3,MNL003 LP28,City Square,MANILA,3,1,BARANGAY 292,,888 LUCKY MANSION,14.603541,120.974639,MNL40P,21F,CONVERGE ROOM,,,,,2017-10-04,ISP
MNL003 LP28 NP6,MNL003,LP28,NP6,MNL003 LP28,City Square,MANILA,3,1,BARANGAY 292,,888 LUCKY MANSION,14.603541,120.974639,MNL40P,27F,CONVERGE ROOM,,,,,2017-10-04,ISP
MNL003 LP14 NP7,MNL003,LP14,NP7,MNL003 LP14,City Square,MANILA,3,1,BARANGAY 292,,888 LUCKY MANSION,14.603541,120.974639,MNL40P,15F,CONVERGE ROOM,,,,,2017-10-04,ISP
MNL003 LP90 NP2,MNL003,LP90,NP2,MNL003 LP90,City Square,MANILA,3,1,BARANGAY 292,,BINONDO TERRACES II CONDOMINIUM CORPORATION,14.603657,120.974402,,5F,EE ROOM BUILDING A,MNL42P,,,,2018-11-14,ISP
MNL003 LP14 NP6,MNL003,LP14,NP6,MNL003 LP14,City Square,MANILA,3,1,BARANGAY 292,,888 LUCKY MANSION,14.603541,120.974639,MNL40P,14F,CONVERGE ROOM,,,,,2017-10-04,ISP
MNL003 LP28 NP8,MNL003,LP28,NP8,MNL003 LP28,City Square,MANILA,3,1,BARANGAY 292,,888 LUCKY MANSION,14.603541,120.974639,,31F,CONVERGE ROOM,MNL40P,,,,2017-10-04,ISP
MNL003 LP28 NP1,MNL003,LP28,NP1,MNL003 LP28,City Square,MANILA,3,1,BARANGAY 292,,888 LUCKY MANSION,14.603541,120.974639,MNL40P,18F,CONVERGE ROOM,,,,,2017-10-04,ISP
MNL003 LP14 NP1,MNL003,LP14,NP1,MNL003 LP14,City Square,MANILA,3,1,BARANGAY 292,,888 LUCKY MANSION,14.603541,120.974639,MNL40P,2F,CONVERGE ROOM,,,,,2017-10-04,ISP
MNL003 LP91 NP4,MNL003,LP91,NP4,MNL003 LP91,City Square,MANILA,3,1,BARANGAY 292,,BINONDO TERRACES II CONDOMINIUM CORPORATION,14.603657,120.974402,,11F,EE ROOM BUILDING A,MNL42P,,,,2018-11-14,ISP
MNL003 LP91 NP1,MNL003,LP91,NP1,MNL003 LP91,City Square,MANILA,3,1,BARANGAY 292,,BINONDO TERRACES II CONDOMINIUM CORPORATION,14.603657,120.974402,,8F,EE ROOM BUILDING A,MNL42P,,,,2018-11-14,ISP
MNL003 LP14 NP8,MNL003,LP14,NP8,MNL003 LP14,City Square,MANILA,3,1,BARANGAY 292,,888 LUCKY MANSION,14.603541,120.974639,,17F,CONVERGE ROOM,MNL40P,,,,2017-10-04,ISP
MNL003 LP91 NP2,MNL003,LP91,NP2,MNL003 LP91,City Square,MANILA,3,1,BARANGAY 292,,BINONDO TERRACES II CONDOMINIUM CORPORATION,14.603657,120.974402,,9F,EE ROOM BUILDING A,MNL42P,,,,2018-11-14,ISP
MNL003 LP91 NP5,MNL003,LP91,NP5,MNL003 LP91,City Square,MANILA,3,1,BARANGAY 292,,BINONDO TERRACES II CONDOMINIUM CORPORATION,14.603657,120.974402,,12F,EE ROOM BUILDING A,MNL42P,,,,2018-11-14,ISP
MNL003 LP28 NP2,MNL003,LP28,NP2,MNL003 LP28,City Square,MANILA,3,1,BARANGAY 292,,888 LUCKY MANSION,14.603541,120.974639,MNL40P,19F,CONVERGE ROOM,,,,,2017-10-04,ISP
MNL003 LP28 NP7,MNL003,LP28,NP7,MNL003 LP28,City Square,MANILA,3,1,BARANGAY 292,,888 LUCKY MANSION,14.603541,120.974639,MNL40P,28F,CONVERGE ROOM,,,,,2017-10-04,ISP
MNL003 LP91 NP3,MNL003,LP91,NP3,MNL003 LP91,City Square,MANILA,3,1,BARANGAY 292,,BINONDO TERRACES II CONDOMINIUM CORPORATION,14.603657,120.974402,,10F,EE ROOM BUILDING A,MNL42P,,,,2018-11-14,ISP
MNL003 LP90 NP4,MNL003,LP90,NP4,MNL003 LP90,City Square,MANILA,3,1,BARANGAY 292,,BINONDO TERRACES II CONDOMINIUM CORPORATION,14.603657,120.974402,,7F,EE ROOM BUILDING A,MNL42P,,,,2018-11-14,ISP
MNL003 LP91 NP6,MNL003,LP91,NP6,MNL003 LP91,City Square,MANILA,3,1,BARANGAY 292,,BINONDO TERRACES II CONDOMINIUM CORPORATION,14.603657,120.974402,,14F,EE ROOM BUILDING A,MNL42P,,,,2018-11-14,ISP
MNL003 LP14 NP2,MNL003,LP14,NP2,MNL003 LP14,City Square,MANILA,3,1,BARANGAY 292,,888 LUCKY MANSION,14.603541,120.974639,MNL40P,8F,CONVERGE ROOM,,,,,2017-10-04,ISP
MNL003 LP28 NP5,MNL003,LP28,NP5,MNL003 LP28,City Square,MANILA,3,1,BARANGAY 292,,888 LUCKY MANSION,14.603541,120.974639,MNL40P,25F,CONVERGE ROOM,,,,,2017-10-04,ISP
MNL003 LP91 NP7,MNL003,LP91,NP7,MNL003 LP91,City Square,MANILA,3,1,BARANGAY 292,,BINONDO TERRACES II CONDOMINIUM CORPORATION,14.603657,120.974402,,15F,EE ROOM BUILDING A,MNL42P,,,,2018-11-14,ISP
MNL003 LP91 NP8,MNL003,LP91,NP8,MNL003 LP91,City Square,MANILA,3,1,BARANGAY 292,,BINONDO TERRACES II CONDOMINIUM CORPORATION,14.603657,120.974402,,16F,EE ROOM BUILDING A,MNL42P,,,,2018-11-14,ISP
MNL003 LP14 NP5,MNL003,LP14,NP5,MNL003 LP14,City Square,MANILA,3,1,BARANGAY 292,,888 LUCKY MANSION,14.603541,120.974639,,12F,CONVERGE ROOM,MNL40P,,,,2017-10-04,ISP
MNL005 LP150 NP1-2,MNL005,LP150,NP1-2,MNL005 LP150,Orchard Building (City Square 2),MANILA,3,1,BARANGAY 292,,,14.605622,120.974627,,,,,,,16,2021-01-29,OSP
MNL005 LP150 NP7-8,MNL005,LP150,NP7-8,MNL005 LP150,Orchard Building (City Square 2),MANILA,3,1,BARANGAY 292,,,14.604529,120.974802,,,,,,,16,2021-01-29,OSP
MNL005 LP151 NP1-2,MNL005,LP151,NP1-2,MNL005 LP151,Orchard Building (City Square 2),MANILA,3,1,BARANGAY 292,,,14.60416,120.974622,,,,,,,16,2021-01-29,OSP
MNL005 LP151 NP3-4,MNL005,LP151,NP3-4,MNL005 LP151,Orchard Building (City Square 2),MANILA,3,1,BARANGAY 292,,,14.603607,120.974442,,,,,,,16,2021-01-29,OSP
MNL005 LP151 NP5-6,MNL005,LP151,NP5-6,MNL005 LP151,Orchard Building (City Square 2),MANILA,3,1,BARANGAY 292,,,14.603377,120.974487,,,,,,,16,2021-01-29,OSP
MNL005 LP151 NP7-8,MNL005,LP151,NP7-8,MNL005 LP151,Orchard Building (City Square 2),MANILA,3,1,BARANGAY 292,,,14.602438,120.974557,,,,,,,16,2021-01-29,OSP
MNL005 LP664 NP3,MNL005,LP664,NP3,MNL005 LP664,Orchard Building (City Square 2),MANILA,3,1,BARANGAY 292,,908 CHINATOWN RESIDENCES,14.603736,120.9748,,9F,EE ROOM,908 CHINATOWN RESIDENCES,,,8,2025-06-30,ISP
MNL005 LP665 NP2,MNL005,LP665,NP2,MNL005 LP665,Orchard Building (City Square 2),MANILA,3,1,BARANGAY 292,,908 CHINATOWN RESIDENCES,14.603736,120.9748,,9F,EE ROOM,908 CHINATOWN RESIDENCES,,,8,2025-06-30,ISP
MNL005 LP664 NP2,MNL005,LP664,NP2,MNL005 LP664,Orchard Building (City Square 2),MANILA,3,1,BARANGAY 292,,908 CHINATOWN RESIDENCES,14.603736,120.9748,,9F,EE ROOM,908 CHINATOWN RESIDENCES,,,8,2025-06-30,ISP
MNL005 LP671 NP1,MNL005,LP671,NP1,MNL005 LP671,Orchard Building (City Square 2),MANILA,3,1,BARANGAY 292,,ALVARADO COMMERCIAL CENTER,14.603497,120.974719,,2F,EE ROOM,ALVARADO COMMERCIAL CENTER,,,8,2025-06-30,ISP
MNL005 LP665 NP4,MNL005,LP665,NP4,MNL005 LP665,Orchard Building (City Square 2),MANILA,3,1,BARANGAY 292,,908 CHINATOWN RESIDENCES,14.603736,120.9748,,9F,EE ROOM,908 CHINATOWN RESIDENCES,,,8,2025-06-30,ISP
MNL005 LP664 NP1,MNL005,LP664,NP1,MNL005 LP664,Orchard Building (City Square 2),MANILA,3,1,BARANGAY 292,,908 CHINATOWN RESIDENCES,14.603736,120.9748,,9F,EE ROOM,908 CHINATOWN RESIDENCES,,,8,2025-06-30,ISP
MNL005 LP665 NP3,MNL005,LP665,NP3,MNL005 LP665,Orchard Building (City Square 2),MANILA,3,1,BARANGAY 292,,908 CHINATOWN RESIDENCES,14.603736,120.9748,,9F,EE ROOM,908 CHINATOWN RESIDENCES,,,8,2025-06-30,ISP
MNL005 LP665 NP1,MNL005,LP665,NP1,MNL005 LP665,Orchard Building (City Square 2),MANILA,3,1,BARANGAY 292,,908 CHINATOWN RESIDENCES,14.603736,120.9748,,9F,EE ROOM,908 CHINATOWN RESIDENCES,,,8,2025-06-30,ISP
MNL001 LP17 NP5-6,MNL001,LP17,NP5-6,MNL001 LP17,Zen Tower,MANILA,3,1,BARANGAY 292,,,14.602278,120.974073,,,,,,,16,2015-07-27,OSP
MNL001 LP17 NP7-8,MNL001,LP17,NP7-8,MNL001 LP17,Zen Tower,MANILA,3,1,BARANGAY 292,,,14.605894,120.974867,,,,,,,16,2015-07-27,OSP
MNL001 LP57 NP1,MNL001,LP57,NP1,MNL001 LP57,Zen Tower,MANILA,3,1,BARANGAY 292,,HS COMMERCIAL TOWER,14.602982,120.974409,,GF,CONVERGE ROOM,MNL41P,,,,2016-07-20,ISP
MNL001 LP57 NP2,MNL001,LP57,NP2,MNL001 LP57,Zen Tower,MANILA,3,1,BARANGAY 292,,HS COMMERCIAL TOWER,14.602982,120.974409,MNL41P,3F,CONVERGE ROOM,,,,,2016-07-20,ISP
MNL001 LP55 NP6,MNL001,LP55,NP6,MNL001 LP55,Zen Tower,MANILA,3,1,BARANGAY 292,,HS COMMERCIAL TOWER,14.602982,120.974409,,18F,CONVERGE ROOM,MNL41P,,,,2016-07-20,ISP
MNL001 LP55 NP2,MNL001,LP55,NP2,MNL001 LP55,Zen Tower,MANILA,3,1,BARANGAY 292,,HS COMMERCIAL TOWER,14.602982,120.974409,,9F,CONVERGE ROOM,MNL41P,,,,2016-07-20,ISP
MNL001 LP55 NP1,MNL001,LP55,NP1,MNL001 LP55,Zen Tower,MANILA,3,1,BARANGAY 292,,HS COMMERCIAL TOWER,14.602982,120.974409,,7F,CONVERGE ROOM,MNL41P,,,,2016-07-20,ISP
MNL001 LP55 NP5,MNL001,LP55,NP5,MNL001 LP55,Zen Tower,MANILA,3,1,BARANGAY 292,,HS COMMERCIAL TOWER,14.602982,120.974409,,16F,CONVERGE ROOM,MNL41P,,,,2016-07-20,ISP
MNL001 LP55 NP7,MNL001,LP55,NP7,MNL001 LP55,Zen Tower,MANILA,3,1,BARANGAY 292,,HS COMMERCIAL TOWER,14.602982,120.974409,,20F,CONVERGE ROOM,MNL41P,,,,2016-07-20,ISP
MNL001 LP57 NP3,MNL001,LP57,NP3,MNL001 LP57,Zen Tower,MANILA,3,1,BARANGAY 292,,HS COMMERCIAL TOWER,14.602982,120.974409,,5F,CONVERGE ROOM,MNL41P,,,,2016-07-20,ISP
MNL001 LP55 NP4,MNL001,LP55,NP4,MNL001 LP55,Zen Tower,MANILA,3,1,BARANGAY 292,,HS COMMERCIAL TOWER,14.602982,120.974409,MNL41P,14F,CONVERGE ROOM,,,,,2016-07-20,ISP
MNL001 LP55 NP3,MNL001,LP55,NP3,MNL001 LP55,Zen Tower,MANILA,3,1,BARANGAY 292,,HS COMMERCIAL TOWER,14.602982,120.974409,MNL41P,11F,CONVERGE ROOM,,,,,2016-07-20,ISP
MNL003 LP346 NP3-4,MNL003,LP346,NP3-4,MNL003 LP346,City Square,MANILA,3,1,BARANGAY 293,,,14.60473238,120.9744483,,,,,,,16,2019-04-30,OSP
MNL003 LP346 NP5-6,MNL003,LP346,NP5-6,MNL003 LP346,City Square,MANILA,3,1,BARANGAY 293,,,14.60322391,120.9742096,,,,,,,16,2019-04-30,OSP
MNL003 LP346 NP7-8,MNL003,LP346,NP7-8,MNL003 LP346,City Square,MANILA,3,1,BARANGAY 293,,,14.60229277,120.974054,,,,,,,16,2019-04-30,OSP
MNL003 LP474 NP7-8,MNL003,LP474,NP7-8,MNL003 LP474,City Square,MANILA,3,1,BARANGAY 293,,,14.606558,120.973476,,,,,,,16,2019-11-20,OSP
MNL003 LP182 NP7,MNL003,LP182,NP7,MNL003 LP182,City Square,MANILA,3,1,BARANGAY 293,,CITY PLACE RESIDENCES (TOWER A),14.604185,120.972823,MNL44P,20F,AUXILIARY ROOM,,,,,2017-06-08,ISP
MNL003 LP183 NP6,MNL003,LP183,NP6,MNL003 LP183,City Square,MANILA,3,1,BARANGAY 293,,CITY PLACE RESIDENCES (TOWER A),14.604185,120.972823,MNL44P,32F,AUXILIARY ROOM,,,,,2017-06-08,ISP
MNL003 LP186 NP5,MNL003,LP186,NP5,MNL003 LP186,City Square,MANILA,3,1,BARANGAY 293,,CITY PLACE RESIDENCES (TOWER B),14.604512,120.972826,MNL43P,28F,AUXILIARY ROOM,,,,,2017-06-08,ISP
MNL003 LP182 NP5,MNL003,LP182,NP5,MNL003 LP182,City Square,MANILA,3,1,BARANGAY 293,,CITY PLACE RESIDENCES (TOWER A),14.604185,120.972823,MNL44P,16F,AUXILIARY ROOM,,,,,2017-06-08,ISP
MNL003 LP187 NP4,MNL003,LP187,NP4,MNL003 LP187,City Square,MANILA,3,1,BARANGAY 293,,CITY PLACE RESIDENCES (TOWER B),14.604512,120.972826,MNL43P,35F,AUXILIARY ROOM,,,,,2017-06-08,ISP
MNL003 LP185 NP7,MNL003,LP185,NP7,MNL003 LP185,City Square,MANILA,3,1,BARANGAY 293,,CITY PLACE RESIDENCES (TOWER B),14.604512,120.972826,,22F,AUXILIARY ROOM,MNL43P,,,,2017-06-08,ISP
MNL003 LP183 NP2,MNL003,LP183,NP2,MNL003 LP183,City Square,MANILA,3,1,BARANGAY 293,,CITY PLACE RESIDENCES (TOWER A),14.604185,120.972823,,24F,AUXILIARY ROOM,MNL44P,,,,2017-06-08,ISP
MNL003 LP182 NP4,MNL003,LP182,NP4,MNL003 LP182,City Square,MANILA,3,1,BARANGAY 293,,CITY PLACE RESIDENCES (TOWER A),14.604185,120.972823,,12F,AUXILIARY ROOM,MNL44P,,,,2017-06-08,ISP
MNL003 LP182 NP2,MNL003,LP182,NP2,MNL003 LP182,City Square,MANILA,3,1,BARANGAY 293,,CITY PLACE RESIDENCES (TOWER A),14.604185,120.972823,,8F,AUXILIARY ROOM,MNL44P,,,,2017-06-08,ISP
MNL003 LP186 NP8,MNL003,LP186,NP8,MNL003 LP186,City Square,MANILA,3,1,BARANGAY 293,,CITY PLACE RESIDENCES (TOWER B),14.604512,120.972826,MNL43P,31F,AUXILIARY ROOM,,,,,2017-06-08,ISP
MNL003 LP184 NP7,MNL003,LP184,NP7,MNL003 LP184,City Square,MANILA,3,1,BARANGAY 293,,CITY PLACE RESIDENCES (TOWER B),14.604512,120.972826,,15F,AUXILIARY ROOM,MNL43P,,,,2017-06-08,ISP
MNL003 LP183 NP5,MNL003,LP183,NP5,MNL003 LP183,City Square,MANILA,3,1,BARANGAY 293,,CITY PLACE RESIDENCES (TOWER A),14.604185,120.972823,MNL44P,30F,AUXILIARY ROOM,,,,,2017-06-08,ISP
MNL003 LP185 NP8,MNL003,LP185,NP8,MNL003 LP185,City Square,MANILA,3,1,BARANGAY 293,,CITY PLACE RESIDENCES (TOWER B),14.604512,120.972826,MNL43P,23F,AUXILIARY ROOM,,,,,2017-06-08,ISP
MNL003 LP183 NP1,MNL003,LP183,NP1,MNL003 LP183,City Square,MANILA,3,1,BARANGAY 293,,CITY PLACE RESIDENCES (TOWER A),14.604185,120.972823,MNL44P,22F,AUXILIARY ROOM,,,,,2017-06-08,ISP
MNL003 LP182 NP1,MNL003,LP182,NP1,MNL003 LP182,City Square,MANILA,3,1,BARANGAY 293,,CITY PLACE RESIDENCES (TOWER A),14.604185,120.972823,MNL44P,7F,AUXILIARY ROOM,,,,,2017-06-08,ISP
MNL003 LP187 NP8,MNL003,LP187,NP8,MNL003 LP187,City Square,MANILA,3,1,BARANGAY 293,,CITY PLACE RESIDENCES (TOWER B),14.604512,120.972826,,39F,AUXILIARY ROOM,MNL43P,,,,2017-06-08,ISP
MNL003 LP185 NP5,MNL003,LP185,NP5,MNL003 LP185,City Square,MANILA,3,1,BARANGAY 293,,CITY PLACE RESIDENCES (TOWER B),14.604512,120.972826,MNL43P,20F,AUXILIARY ROOM,,,,,2017-06-08,ISP
MNL003 LP185 NP2,MNL003,LP185,NP2,MNL003 LP185,City Square,MANILA,3,1,BARANGAY 293,,CITY PLACE RESIDENCES (TOWER B),14.604512,120.972826,MNL43P,17F,AUXILIARY ROOM,,,,,2017-06-08,ISP
MNL003 LP184 NP4,MNL003,LP184,NP4,MNL003 LP184,City Square,MANILA,3,1,BARANGAY 293,,CITY PLACE RESIDENCES (TOWER B),14.604512,120.972826,MNL43P,10F,AUXILIARY ROOM,,,,,2017-06-08,ISP
MNL003 LP187 NP1,MNL003,LP187,NP1,MNL003 LP187,City Square,MANILA,3,1,BARANGAY 293,,CITY PLACE RESIDENCES (TOWER B),14.604512,120.972826,MNL43P,32F,AUXILIARY ROOM,,,,,2017-06-08,ISP
MNL003 LP185 NP3,MNL003,LP185,NP3,MNL003 LP185,City Square,MANILA,3,1,BARANGAY 293,,CITY PLACE RESIDENCES (TOWER B),14.604512,120.972826,,18F,AUXILIARY ROOM,MNL43P,,,,2017-06-08,ISP
MNL003 LP187 NP6,MNL003,LP187,NP6,MNL003 LP187,City Square,MANILA,3,1,BARANGAY 293,,CITY PLACE RESIDENCES (TOWER B),14.604512,120.972826,MNL43P,37F,AUXILIARY ROOM,,,,,2017-06-08,ISP
MNL003 LP185 NP1,MNL003,LP185,NP1,MNL003 LP185,City Square,MANILA,3,1,BARANGAY 293,,CITY PLACE RESIDENCES (TOWER B),14.604512,120.972826,,16F,AUXILIARY ROOM,MNL43P,,,,2017-06-08,ISP
MNL003 LP187 NP7,MNL003,LP187,NP7,MNL003 LP187,City Square,MANILA,3,1,BARANGAY 293,,CITY PLACE RESIDENCES (TOWER B),14.604512,120.972826,MNL43P,38F,AUXILIARY ROOM,,,,,2017-06-08,ISP
MNL003 LP185 NP4,MNL003,LP185,NP4,MNL003 LP185,City Square,MANILA,3,1,BARANGAY 293,,CITY PLACE RESIDENCES (TOWER B),14.604512,120.972826,MNL43P,19F,AUXILIARY ROOM,,,,,2017-06-08,ISP
MNL003 LP187 NP2,MNL003,LP187,NP2,MNL003 LP187,City Square,MANILA,3,1,BARANGAY 293,,CITY PLACE RESIDENCES (TOWER B),14.604512,120.972826,,33F,AUXILIARY ROOM,MNL43P,,,,2017-06-08,ISP
MNL003 LP184 NP1,MNL003,LP184,NP1,MNL003 LP184,City Square,MANILA,3,1,BARANGAY 293,,CITY PLACE RESIDENCES (TOWER B),14.604512,120.972826,MNL43P,7F,AUXILIARY ROOM,,,,,2017-06-08,ISP
MNL003 LP186 NP4,MNL003,LP186,NP4,MNL003 LP186,City Square,MANILA,3,1,BARANGAY 293,,CITY PLACE RESIDENCES (TOWER B),14.604512,120.972826,MNL43P,27F,AUXILIARY ROOM,,,,,2017-06-08,ISP
MNL003 LP183 NP8,MNL003,LP183,NP8,MNL003 LP183,City Square,MANILA,3,1,BARANGAY 293,,CITY PLACE RESIDENCES (TOWER A),14.604185,120.972823,MNL44P,36F,AUXILIARY ROOM,,,,,2017-06-08,ISP
MNL003 LP183 NP4,MNL003,LP183,NP4,MNL003 LP183,City Square,MANILA,3,1,BARANGAY 293,,CITY PLACE RESIDENCES (TOWER A),14.604185,120.972823,,28F,AUXILIARY ROOM,MNL44P,,,,2017-06-08,ISP
MNL003 LP187 NP3,MNL003,LP187,NP3,MNL003 LP187,City Square,MANILA,3,1,BARANGAY 293,,CITY PLACE RESIDENCES (TOWER B),14.604512,120.972826,,34F,AUXILIARY ROOM,MNL43P,,,,2017-06-08,ISP
MNL003 LP184 NP3,MNL003,LP184,NP3,MNL003 LP184,City Square,MANILA,3,1,BARANGAY 293,,CITY PLACE RESIDENCES (TOWER B),14.604512,120.972826,MNL43P,9F,AUXILIARY ROOM,,,,,2017-06-08,ISP
MNL003 LP186 NP2,MNL003,LP186,NP2,MNL003 LP186,City Square,MANILA,3,1,BARANGAY 293,,CITY PLACE RESIDENCES (TOWER B),14.604512,120.972826,MNL43P,25F,AUXILIARY ROOM,,,,,2017-06-08,ISP
MNL003 LP183 NP7,MNL003,LP183,NP7,MNL003 LP183,City Square,MANILA,3,1,BARANGAY 293,,CITY PLACE RESIDENCES (TOWER A),14.604185,120.972823,,34F,AUXILIARY ROOM,MNL44P,,,,2017-06-08,ISP
MNL003 LP184 NP5,MNL003,LP184,NP5,MNL003 LP184,City Square,MANILA,3,1,BARANGAY 293,,CITY PLACE RESIDENCES (TOWER B),14.604512,120.972826,MNL43P,11F,AUXILIARY ROOM,,,,,2017-06-08,ISP
MNL003 LP186 NP1,MNL003,LP186,NP1,MNL003 LP186,City Square,MANILA,3,1,BARANGAY 293,,CITY PLACE RESIDENCES (TOWER B),14.604512,120.972826,MNL43P,24F,AUXILIARY ROOM,,,,,2017-06-08,ISP
MNL003 LP186 NP6,MNL003,LP186,NP6,MNL003 LP186,City Square,MANILA,3,1,BARANGAY 293,,CITY PLACE RESIDENCES (TOWER B),14.604512,120.972826,,29F,AUXILIARY ROOM,MNL43P,,,,2017-06-08,ISP
MNL003 LP184 NP6,MNL003,LP184,NP6,MNL003 LP184,City Square,MANILA,3,1,BARANGAY 293,,CITY PLACE RESIDENCES (TOWER B),14.604512,120.972826,MNL43P,12F,AUXILIARY ROOM,,,,,2017-06-08,ISP
MNL003 LP186 NP3,MNL003,LP186,NP3,MNL003 LP186,City Square,MANILA,3,1,BARANGAY 293,,CITY PLACE RESIDENCES (TOWER B),14.604512,120.972826,,26F,AUXILIARY ROOM,MNL43P,,,,2017-06-08,ISP
MNL003 LP182 NP6,MNL003,LP182,NP6,MNL003 LP182,City Square,MANILA,3,1,BARANGAY 293,,CITY PLACE RESIDENCES (TOWER A),14.604185,120.972823,,18F,AUXILIARY ROOM,MNL44P,,,,2017-06-08,ISP
MNL003 LP187 NP5,MNL003,LP187,NP5,MNL003 LP187,City Square,MANILA,3,1,BARANGAY 293,,CITY PLACE RESIDENCES (TOWER B),14.604512,120.972826,,36F,AUXILIARY ROOM,MNL43P,,,,2017-06-08,ISP
MNL003 LP185 NP6,MNL003,LP185,NP6,MNL003 LP185,City Square,MANILA,3,1,BARANGAY 293,,CITY PLACE RESIDENCES (TOWER B),14.604512,120.972826,MNL43P,21F,AUXILIARY ROOM,,,,,2017-06-08,ISP
MNL003 LP184 NP2,MNL003,LP184,NP2,MNL003 LP184,City Square,MANILA,3,1,BARANGAY 293,,CITY PLACE RESIDENCES (TOWER B),14.604512,120.972826,,8F,AUXILIARY ROOM,MNL43P,,,,2017-06-08,ISP
MNL003 LP183 NP3,MNL003,LP183,NP3,MNL003 LP183,City Square,MANILA,3,1,BARANGAY 293,,CITY PLACE RESIDENCES (TOWER A),14.604185,120.972823,,26F,AUXILIARY ROOM,MNL44P,,,,2017-06-08,ISP
MNL003 LP186 NP7,MNL003,LP186,NP7,MNL003 LP186,City Square,MANILA,3,1,BARANGAY 293,,CITY PLACE RESIDENCES (TOWER B),14.604512,120.972826,MNL43P,30F,AUXILIARY ROOM,,,,,2017-06-08,ISP
MNL003 LP182 NP3,MNL003,LP182,NP3,MNL003 LP182,City Square,MANILA,3,1,BARANGAY 293,,CITY PLACE RESIDENCES (TOWER A),14.604185,120.972823,MNL44P,9F,AUXILIARY ROOM,,,,,2017-06-08,ISP
MNL005 LP150 NP3-4,MNL005,LP150,NP3-4,MNL005 LP150,Orchard Building (City Square 2),MANILA,3,1,BARANGAY 293,,,14.604783,120.974439,,,,,,,16,2021-01-29,OSP
MNL005 LP150 NP5-6,MNL005,LP150,NP5-6,MNL005 LP150,Orchard Building (City Square 2),MANILA,3,1,BARANGAY 293,,,14.604998,120.973537,,,,,,,16,2021-01-29,OSP
MNL005 LP534 NP3-4,MNL005,LP534,NP3-4,MNL005 LP534,Orchard Building (City Square 2),MANILA,3,1,BARANGAY 293,,,14.606521,120.973385,,,,,,,16,2022-06-23,OSP
MNL003 LP352 NP7-8,MNL003,LP352,NP7-8,MNL003 LP352,City Square,MANILA,3,1,BARANGAY 294,,,14.60460279,120.9765836,,,,,,,16,2019-04-30,OSP
MNL003 LP353 NP1-2,MNL003,LP353,NP1-2,MNL003 LP353,City Square,MANILA,3,1,BARANGAY 294,,,14.60419218,120.9756465,,,,,,,16,2019-04-30,OSP
MNL003 LP372 NP7-8,MNL003,LP372,NP7-8,MNL003 LP372,City Square,MANILA,3,1,BARANGAY 294,,,14.604873,120.976336,,,,,,,16,2020-07-29,OSP
MNL005 LP154 NP1-2,MNL005,LP154,NP1-2,MNL005 LP154,Orchard Building (City Square 2),MANILA,3,1,BARANGAY 294,,,14.603614,120.977479,,,,,,,16,2021-01-29,OSP
MNL003 LP352 NP1-2,MNL003,LP352,NP1-2,MNL003 LP352,City Square,MANILA,3,1,BARANGAY 295,,,14.60250771,120.9763284,,,,,,,16,2019-04-30,OSP
MNL003 LP352 NP3-4,MNL003,LP352,NP3-4,MNL003 LP352,City Square,MANILA,3,1,BARANGAY 295,,,14.60369085,120.9770624,,,,,,,16,2019-04-30,OSP
MNL003 LP130 NP1,MNL003,LP130,NP1,MNL003 LP130,City Square,MANILA,3,1,BARANGAY 295,,LEE TOWERS,14.602971,120.977119,MNL45P,19F,FIRE EXIT,,,,,2018-10-02,ISP
MNL003 LP130 NP6,MNL003,LP130,NP6,MNL003 LP130,City Square,MANILA,3,1,BARANGAY 295,,LEE TOWERS,14.602971,120.977119,,29F,FIRE EXIT,MNL45P,,,,2018-10-02,ISP
MNL003 LP130 NP7,MNL003,LP130,NP7,MNL003 LP130,City Square,MANILA,3,1,BARANGAY 295,,LEE TOWERS,14.602971,120.977119,MNL45P,31F,FIRE EXIT,,,,,2018-10-02,ISP
MNL003 LP130 NP3,MNL003,LP130,NP3,MNL003 LP130,City Square,MANILA,3,1,BARANGAY 295,,LEE TOWERS,14.602971,120.977119,MNL45P,23F,FIRE EXIT,,,,,2018-10-02,ISP
MNL003 LP129 NP3,MNL003,LP129,NP3,MNL003 LP129,City Square,MANILA,3,1,BARANGAY 295,,LEE TOWERS,14.602971,120.977119,MNL45P,12F,FIRE EXIT,,,,,2018-10-02,ISP
MNL003 LP130 NP4,MNL003,LP130,NP4,MNL003 LP130,City Square,MANILA,3,1,BARANGAY 295,,LEE TOWERS,14.602971,120.977119,MNL45P,25F,FIRE EXIT,,,,,2018-10-02,ISP
MNL003 LP130 NP8,MNL003,LP130,NP8,MNL003 LP130,City Square,MANILA,3,1,BARANGAY 295,,LEE TOWERS,14.602971,120.977119,MNL45P,33F,FIRE EXIT,,,,,2018-10-02,ISP
MNL003 LP129 NP4,MNL003,LP129,NP4,MNL003 LP129,City Square,MANILA,3,1,BARANGAY 295,,LEE TOWERS,14.602971,120.977119,MNL45P,15F,FIRE EXIT,,,,,2018-10-02,ISP
MNL003 LP129 NP1,MNL003,LP129,NP1,MNL003 LP129,City Square,MANILA,3,1,BARANGAY 295,,LEE TOWERS,14.602971,120.977119,MNL45P,8F,FIRE EXIT,,,,,2018-10-02,ISP
MNL003 LP129 NP2,MNL003,LP129,NP2,MNL003 LP129,City Square,MANILA,3,1,BARANGAY 295,,LEE TOWERS,14.602971,120.977119,MNL45P,10F,FIRE EXIT,,,,,2018-10-02,ISP
MNL003 LP130 NP2,MNL003,LP130,NP2,MNL003 LP130,City Square,MANILA,3,1,BARANGAY 295,,LEE TOWERS,14.602971,120.977119,MNL45P,21F,FIRE EXIT,,,,,2018-10-02,ISP
MNL003 LP130 NP5,MNL003,LP130,NP5,MNL003 LP130,City Square,MANILA,3,1,BARANGAY 295,,LEE TOWERS,14.602971,120.977119,MNL45P,27F,FIRE EXIT,,,,,2018-10-02,ISP
MNL003 LP129 NP5,MNL003,LP129,NP5,MNL003 LP129,City Square,MANILA,3,1,BARANGAY 295,,LEE TOWERS,14.602971,120.977119,,17F,FIRE EXIT,MNL45P,,,,2018-10-02,ISP
MNL005 LP158 NP1-2,MNL005,LP158,NP1-2,MNL005 LP158,Orchard Building (City Square 2),MANILA,3,1,BARANGAY 295,,,14.602915,120.977415,,,,,,,16,2021-01-29,OSP
MNL005 LP675 NP2,MNL005,LP675,NP2,MNL005 LP675,Orchard Building (City Square 2),MANILA,3,1,BARANGAY 295,,ROYAL TOWER,14.603184,120.976160,,37F,UTILITY ROOM,ROYAL TOWER,,,8,2025-07-16,ISP
MNL005 LP674 NP5,MNL005,LP674,NP5,MNL005 LP674,Orchard Building (City Square 2),MANILA,3,1,BARANGAY 295,,ROYAL TOWER,14.603184,120.976160,,28F,UTILITY ROOM,ROYAL TOWER,,,8,2025-07-16,ISP
MNL005 LP675 NP4,MNL005,LP675,NP4,MNL005 LP675,Orchard Building (City Square 2),MANILA,3,1,BARANGAY 295,,ROYAL TOWER,14.603184,120.976160,,46F,UTILITY ROOM,ROYAL TOWER,,,8,2025-07-16,ISP
MNL005 LP674 NP3,MNL005,LP674,NP3,MNL005 LP674,Orchard Building (City Square 2),MANILA,3,1,BARANGAY 295,,ROYAL TOWER,14.603184,120.976160,,20F,UTILITY ROOM,ROYAL TOWER,,,8,2025-07-16,ISP
MNL005 LP674 NP2,MNL005,LP674,NP2,MNL005 LP674,Orchard Building (City Square 2),MANILA,3,1,BARANGAY 295,,ROYAL TOWER,14.603184,120.976160,,16F,UTILITY ROOM,ROYAL TOWER,,,8,2025-07-16,ISP
MNL005 LP675 NP3,MNL005,LP675,NP3,MNL005 LP675,Orchard Building (City Square 2),MANILA,3,1,BARANGAY 295,,ROYAL TOWER,14.603184,120.976160,,41F,UTILITY ROOM,ROYAL TOWER,,,8,2025-07-16,ISP
MNL005 LP674 NP4,MNL005,LP674,NP4,MNL005 LP674,Orchard Building (City Square 2),MANILA,3,1,BARANGAY 295,,ROYAL TOWER,14.603184,120.976160,,25F,UTILITY ROOM,ROYAL TOWER,,,8,2025-07-16,ISP
MNL005 LP674 NP1,MNL005,LP674,NP1,MNL005 LP674,Orchard Building (City Square 2),MANILA,3,1,BARANGAY 295,,ROYAL TOWER,14.603184,120.976160,,10F,UTILITY ROOM,ROYAL TOWER,,,8,2025-07-16,ISP
MNL005 LP675 NP1,MNL005,LP675,NP1,MNL005 LP675,Orchard Building (City Square 2),MANILA,3,1,BARANGAY 295,,ROYAL TOWER,14.603184,120.976160,,32F,UTILITY ROOM,ROYAL TOWER,,,8,2025-07-16,ISP
MNL089 LP2 NP3,MNL089,LP2,NP3,MNL089 LP2,Anchor Grand Suites,MANILA,3,1,BARANGAY 296,,ANCHOR GRANDSUITES,14.601989,120.975398,,29F,EE ROOM,,,,8,2024-05-31,ISP
MNL089 LP2 NP2,MNL089,LP2,NP2,MNL089 LP2,Anchor Grand Suites,MANILA,3,1,BARANGAY 296,,ANCHOR GRANDSUITES,14.601989,120.975398,,27F,EE ROOM,,,,8,2024-05-31,ISP
MNL089 LP3 NP1,MNL089,LP3,NP1,MNL089 LP3,Anchor Grand Suites,MANILA,3,1,BARANGAY 296,,ANCHOR GRANDSUITES,14.601989,120.975398,,40F,EE ROOM,,,,8,2024-05-31,ISP
MNL089 LP4 NP4,MNL089,LP4,NP4,MNL089 LP4,Anchor Grand Suites,MANILA,3,1,BARANGAY 296,,ANCHOR GRANDSUITES,14.601989,120.975398,,62F,EE ROOM,,,,8,2024-05-31,ISP
MNL089 LP1 NP3,MNL089,LP1,NP3,MNL089 LP1,Anchor Grand Suites,MANILA,3,1,BARANGAY 296,,ANCHOR GRANDSUITES,14.601989,120.975398,MNL089,40F,EE ROOM,,,,8,2024-05-31,ISP
MNL089 LP4 NP2,MNL089,LP4,NP2,MNL089 LP4,Anchor Grand Suites,MANILA,3,1,BARANGAY 296,,ANCHOR GRANDSUITES,14.601989,120.975398,,58F,EE ROOM,,,,8,2024-05-31,ISP
MNL089 LP4 NP3,MNL089,LP4,NP3,MNL089 LP4,Anchor Grand Suites,MANILA,3,1,BARANGAY 296,,ANCHOR GRANDSUITES,14.601989,120.975398,,60F,EE ROOM,,,,8,2024-05-31,ISP
MNL089 LP4 NP1,MNL089,LP4,NP1,MNL089 LP4,Anchor Grand Suites,MANILA,3,1,BARANGAY 296,,ANCHOR GRANDSUITES,14.601989,120.975398,,56F,EE ROOM,,,,8,2024-05-31,ISP
MNL089 LP1 NP4,MNL089,LP1,NP4,MNL089 LP1,Anchor Grand Suites,MANILA,3,1,BARANGAY 296,,ANCHOR GRANDSUITES,14.601989,120.975398,MNL089,56F,EE ROOM,,,,8,2024-05-31,ISP
MNL089 LP2 NP5,MNL089,LP2,NP5,MNL089 LP2,Anchor Grand Suites,MANILA,3,1,BARANGAY 296,,ANCHOR GRANDSUITES,14.601989,120.975398,,33F,EE ROOM,,,,8,2024-05-31,ISP
MNL089 LP1 NP2,MNL089,LP1,NP2,MNL089 LP1,Anchor Grand Suites,MANILA,3,1,BARANGAY 296,,ANCHOR GRANDSUITES,14.601989,120.975398,MNL089,25F,EE ROOM,,,,8,2024-05-31,ISP
MNL089 LP3 NP6,MNL089,LP3,NP6,MNL089 LP3,Anchor Grand Suites,MANILA,3,1,BARANGAY 296,,ANCHOR GRANDSUITES,14.601989,120.975398,,51F,EE ROOM,,,,8,2024-05-31,ISP
MNL089 LP2 NP7,MNL089,LP2,NP7,MNL089 LP2,Anchor Grand Suites,MANILA,3,1,BARANGAY 296,,ANCHOR GRANDSUITES,14.601989,120.975398,,38F,EE ROOM,,,,8,2024-05-31,ISP
MNL089 LP3 NP2,MNL089,LP3,NP2,MNL089 LP3,Anchor Grand Suites,MANILA,3,1,BARANGAY 296,,ANCHOR GRANDSUITES,14.601989,120.975398,,42F,EE ROOM,,,,8,2024-05-31,ISP
MNL089 LP3 NP4,MNL089,LP3,NP4,MNL089 LP3,Anchor Grand Suites,MANILA,3,1,BARANGAY 296,,ANCHOR GRANDSUITES,14.601989,120.975398,,47F,EE ROOM,,,,8,2024-05-31,ISP
MNL089 LP1 NP5,MNL089,LP1,NP5,MNL089 LP1,Anchor Grand Suites,MANILA,3,1,BARANGAY 296,,ANCHOR GRANDSUITES,14.601989,120.975398,,16F,EE ROOM,,,,8,2024-05-31,ISP
MNL089 LP1 NP7,MNL089,LP1,NP7,MNL089 LP1,Anchor Grand Suites,MANILA,3,1,BARANGAY 296,,ANCHOR GRANDSUITES,14.601989,120.975398,,20F,EE ROOM,,,,8,2024-05-31,ISP
MNL089 LP2 NP6,MNL089,LP2,NP6,MNL089 LP2,Anchor Grand Suites,MANILA,3,1,BARANGAY 296,,ANCHOR GRANDSUITES,14.601989,120.975398,,36F,EE ROOM,,,,8,2024-05-31,ISP
MNL089 LP2 NP4,MNL089,LP2,NP4,MNL089 LP2,Anchor Grand Suites,MANILA,3,1,BARANGAY 296,,ANCHOR GRANDSUITES,14.601989,120.975398,,31F,EE ROOM,,,,8,2024-05-31,ISP
MNL089 LP1 NP1,MNL089,LP1,NP1,MNL089 LP1,Anchor Grand Suites,MANILA,3,1,BARANGAY 296,,ANCHOR GRANDSUITES,14.601989,120.975398,MNL089,GF,EE ROOM,,,,8,2024-05-31,ISP
MNL089 LP3 NP3,MNL089,LP3,NP3,MNL089 LP3,Anchor Grand Suites,MANILA,3,1,BARANGAY 296,,ANCHOR GRANDSUITES,14.601989,120.975398,,45F,EE ROOM,,,,8,2024-05-31,ISP
MNL089 LP1 NP8,MNL089,LP1,NP8,MNL089 LP1,Anchor Grand Suites,MANILA,3,1,BARANGAY 296,,ANCHOR GRANDSUITES,14.601989,120.975398,,22F,EE ROOM,,,,8,2024-05-31,ISP
MNL089 LP3 NP7,MNL089,LP3,NP7,MNL089 LP3,Anchor Grand Suites,MANILA,3,1,BARANGAY 296,,ANCHOR GRANDSUITES,14.601989,120.975398,,53F,EE ROOM,,,,8,2024-05-31,ISP
MNL089 LP2 NP1,MNL089,LP2,NP1,MNL089 LP2,Anchor Grand Suites,MANILA,3,1,BARANGAY 296,,ANCHOR GRANDSUITES,14.601989,120.975398,,25F,EE ROOM,,,,8,2024-05-31,ISP
MNL089 LP4 NP5,MNL089,LP4,NP5,MNL089 LP4,Anchor Grand Suites,MANILA,3,1,BARANGAY 296,,ANCHOR GRANDSUITES,14.601989,120.975398,,63F,EE ROOM,,,,8,2024-05-31,ISP
MNL089 LP1 NP6,MNL089,LP1,NP6,MNL089 LP1,Anchor Grand Suites,MANILA,3,1,BARANGAY 296,,ANCHOR GRANDSUITES,14.601989,120.975398,,18F,EE ROOM,,,,8,2024-05-31,ISP
MNL089 LP3 NP5,MNL089,LP3,NP5,MNL089 LP3,Anchor Grand Suites,MANILA,3,1,BARANGAY 296,,ANCHOR GRANDSUITES,14.601989,120.975398,,49F,EE ROOM,,,,8,2024-05-31,ISP
MNL003 LP351 NP5-6,MNL003,LP351,NP5-6,MNL003 LP351,City Square,MANILA,3,1,BARANGAY 296,,,14.60120109,120.9763163,,,,,,,16,2019-04-30,OSP
MNL003 LP351 NP7-8,MNL003,LP351,NP7-8,MNL003 LP351,City Square,MANILA,3,1,BARANGAY 296,,,14.60177208,120.9757863,,,,,,,16,2019-04-30,OSP
MNL003 LP352 NP5-6,MNL003,LP352,NP5-6,MNL003 LP352,City Square,MANILA,3,1,BARANGAY 296,,,14.60394002,120.9763689,,,,,,,16,2019-04-30,OSP
MNL005 LP187 NP8,MNL005,LP187,NP8,MNL005 LP187,Orchard Building (City Square 2),MANILA,3,1,BARANGAY 296,,STRATA GOLD CONDOMINIUM,14.601131,120.976194,,23F,EE ROOM BUILDING A,MNL46P,,,,2021-03-04,ISP
MNL005 LP187 NP2,MNL005,LP187,NP2,MNL005 LP187,Orchard Building (City Square 2),MANILA,3,1,BARANGAY 296,,STRATA GOLD CONDOMINIUM,14.601131,120.976194,,10F,EE ROOM BUILDING A,MNL46P,,,,2021-03-04,ISP
MNL005 LP187 NP3,MNL005,LP187,NP3,MNL005 LP187,Orchard Building (City Square 2),MANILA,3,1,BARANGAY 296,,STRATA GOLD CONDOMINIUM,14.601131,120.976194,,12F,EE ROOM BUILDING A,MNL46P,,,,2021-03-04,ISP
MNL005 LP187 NP4,MNL005,LP187,NP4,MNL005 LP187,Orchard Building (City Square 2),MANILA,3,1,BARANGAY 296,,STRATA GOLD CONDOMINIUM,14.601131,120.976194,,15F,EE ROOM BUILDING A,MNL46P,,,,2021-03-04,ISP
MNL005 LP187 NP7,MNL005,LP187,NP7,MNL005 LP187,Orchard Building (City Square 2),MANILA,3,1,BARANGAY 296,,STRATA GOLD CONDOMINIUM,14.601131,120.976194,,21F,EE ROOM BUILDING A,MNL46P,,,,2021-03-04,ISP
MNL005 LP187 NP6,MNL005,LP187,NP6,MNL005 LP187,Orchard Building (City Square 2),MANILA,3,1,BARANGAY 296,,STRATA GOLD CONDOMINIUM,14.601131,120.976194,,19F,EE ROOM BUILDING A,MNL46P,,,,2021-03-04,ISP
MNL005 LP187 NP1,MNL005,LP187,NP1,MNL005 LP187,Orchard Building (City Square 2),MANILA,3,1,BARANGAY 296,,STRATA GOLD CONDOMINIUM,14.601131,120.976194,,8F,EE ROOM BUILDING A,MNL46P,,,,2021-03-04,ISP
MNL005 LP187 NP5,MNL005,LP187,NP5,MNL005 LP187,Orchard Building (City Square 2),MANILA,3,1,BARANGAY 296,,STRATA GOLD CONDOMINIUM,14.601131,120.976194,,17F,EE ROOM BUILDING A,MNL46P,,,,2021-03-04,ISP
MNL037 LP265 NP3,MNL037,LP265,NP3,MNL037 LP265,Tayuman,MANILA,3,1,BARANGAY 296,,CRYSTAL PLAZA,14.602847,120.975872,,13F,STAIRWAY FLOOR,MNL47P,,,,2021-04-19,ISP
MNL037 LP265 NP1,MNL037,LP265,NP1,MNL037 LP265,Tayuman,MANILA,3,1,BARANGAY 296,,CRYSTAL PLAZA,14.602847,120.975872,,6F,STAIRWAY FLOOR,MNL47P,,,,2021-04-19,ISP
MNL037 LP265 NP4,MNL037,LP265,NP4,MNL037 LP265,Tayuman,MANILA,3,1,BARANGAY 296,,CRYSTAL PLAZA,14.602847,120.975872,,16F,STAIRWAY FLOOR,MNL47P,,,,2021-04-19,ISP
MNL037 LP265 NP2,MNL037,LP265,NP2,MNL037 LP265,Tayuman,MANILA,3,1,BARANGAY 296,,CRYSTAL PLAZA,14.602847,120.975872,,9F,STAIRWAY FLOOR,MNL47P,,,,2021-04-19,ISP
MNL003 LP332 NP3-4,MNL003,LP332,NP3-4,MNL003 LP332,City Square,MANILA,3,1,BARANGAY 297,,,14.6004885,120.9771108,,,,,,,16,2019-03-30,OSP
MNL003 LP332 NP5-6,MNL003,LP332,NP5-6,MNL003 LP332,City Square,MANILA,3,1,BARANGAY 297,,,14.60055855,120.9779214,,,,,,,16,2019-03-30,OSP
MNL003 LP36 NP1,MNL003,LP36,NP1,MNL003 LP36,City Square,MANILA,3,1,BARANGAY 297,,LA GRANDA MANSION,14.601015,120.977256,,GF,EE ROOM BUILDING A,MNL72P,,,,2018-02-12,ISP
MNL003 LP36 NP8,MNL003,LP36,NP8,MNL003 LP36,City Square,MANILA,3,1,BARANGAY 297,,LA GRANDA MANSION,14.601015,120.977256,MNL72P,18F,EE ROOM BUILDING A,,,,,2018-02-12,ISP
MNL003 LP8 NP1,MNL003,LP8,NP1,MNL003 LP8,City Square,MANILA,3,1,BARANGAY 297,,MANDARIN SQUARE,14.601946,120.976613,,21F,EE ROOM BUILDING A,MNL71P,,,,2016-10-12,ISP
MNL003 LP8 NP2,MNL003,LP8,NP2,MNL003 LP8,City Square,MANILA,3,1,BARANGAY 297,,MANDARIN SQUARE,14.601946,120.976613,,24F,EE ROOM BUILDING A,MNL71P,,,,2016-10-12,ISP
MNL003 LP8 NP3,MNL003,LP8,NP3,MNL003 LP8,City Square,MANILA,3,1,BARANGAY 297,,MANDARIN SQUARE,14.601946,120.976613,,26F,EE ROOM BUILDING A,MNL71P,,,,2016-10-12,ISP
MNL003 LP7 NP1,MNL003,LP7,NP1,MNL003 LP7,City Square,MANILA,3,1,BARANGAY 297,,MANDARIN SQUARE,14.601946,120.976613,,10F,EE ROOM BUILDING A,MNL71P,,,,2016-10-12,ISP
MNL003 LP9 NP1,MNL003,LP9,NP1,MNL003 LP9,City Square,MANILA,3,1,BARANGAY 297,,MANDARIN SQUARE,14.601946,120.976613,,32F,EE ROOM BUILDING A,MNL71P,,,,2016-10-12,ISP
MNL003 LP36 NP5,MNL003,LP36,NP5,MNL003 LP36,City Square,MANILA,3,1,BARANGAY 297,,LA GRANDA MANSION,14.601015,120.977256,MNL72P,11F,EE ROOM BUILDING A,,,,,2018-02-12,ISP
MNL003 LP37 NP1,MNL003,LP37,NP1,MNL003 LP37,City Square,MANILA,3,1,BARANGAY 297,,LA GRANDA MANSION,14.601015,120.977256,MNL72P,20F,EE ROOM BUILDING A,,,,,2018-02-12,ISP
MNL003 LP37 NP2,MNL003,LP37,NP2,MNL003 LP37,City Square,MANILA,3,1,BARANGAY 297,,LA GRANDA MANSION,14.601015,120.977256,,22F,EE ROOM BUILDING A,MNL72P,,,,2018-02-12,ISP
MNL003 LP37 NP3,MNL003,LP37,NP3,MNL003 LP37,City Square,MANILA,3,1,BARANGAY 297,,LA GRANDA MANSION,14.601015,120.977256,,24F,EE ROOM BUILDING A,MNL72P,,,,2018-02-12,ISP
MNL003 LP9 NP3,MNL003,LP9,NP3,MNL003 LP9,City Square,MANILA,3,1,BARANGAY 297,,MANDARIN SQUARE,14.601946,120.976613,,38F,EE ROOM BUILDING A,MNL71P,,,,2016-10-12,ISP
MNL003 LP36 NP2,MNL003,LP36,NP2,MNL003 LP36,City Square,MANILA,3,1,BARANGAY 297,,LA GRANDA MANSION,14.601015,120.977256,MNL72P,5F,EE ROOM BUILDING A,,,,,2018-02-12,ISP
MNL003 LP36 NP7,MNL003,LP36,NP7,MNL003 LP36,City Square,MANILA,3,1,BARANGAY 297,,LA GRANDA MANSION,14.601015,120.977256,MNL72P,16F,EE ROOM BUILDING A,,,,,2018-02-12,ISP
MNL003 LP7 NP2,MNL003,LP7,NP2,MNL003 LP7,City Square,MANILA,3,1,BARANGAY 297,,MANDARIN SQUARE,14.601946,120.976613,,14F,EE ROOM BUILDING A,MNL71P,,,,2016-10-12,ISP
MNL003 LP36 NP4,MNL003,LP36,NP4,MNL003 LP36,City Square,MANILA,3,1,BARANGAY 297,,LA GRANDA MANSION,14.601015,120.977256,MNL72P,9F,EE ROOM BUILDING A,,,,,2018-02-12,ISP
MNL003 LP9 NP2,MNL003,LP9,NP2,MNL003 LP9,City Square,MANILA,3,1,BARANGAY 297,,MANDARIN SQUARE,14.601946,120.976613,,35F,EE ROOM BUILDING A,MNL71P,,,,2016-10-12,ISP
MNL003 LP7 NP3,MNL003,LP7,NP3,MNL003 LP7,City Square,MANILA,3,1,BARANGAY 297,,MANDARIN SQUARE,14.601946,120.976613,,17F,EE ROOM BUILDING A,MNL71P,,,,2016-10-12,ISP
MNL003 LP36 NP3,MNL003,LP36,NP3,MNL003 LP36,City Square,MANILA,3,1,BARANGAY 297,,LA GRANDA MANSION,14.601015,120.977256,MNL72P,7F,EE ROOM BUILDING A,,,,,2018-02-12,ISP
MNL003 LP36 NP6,MNL003,LP36,NP6,MNL003 LP36,City Square,MANILA,3,1,BARANGAY 297,,LA GRANDA MANSION,14.601015,120.977256,,14F,EE ROOM BUILDING A,MNL72P,,,,2018-02-12,ISP
MNL005 LP158 NP3-4,MNL005,LP158,NP3-4,MNL005 LP158,Orchard Building (City Square 2),MANILA,3,1,BARANGAY 297,,,14.602225,120.977302,,,,,,,16,2021-01-29,OSP
MNL005 LP158 NP5-6,MNL005,LP158,NP5-6,MNL005 LP158,Orchard Building (City Square 2),MANILA,3,1,BARANGAY 297,,,14.601895,120.977288,,,,,,,16,2021-01-29,OSP
MNL005 LP162 NP3-4,MNL005,LP162,NP3-4,MNL005 LP162,Orchard Building (City Square 2),MANILA,3,1,BARANGAY 297,,,14.600194,120.977903,,,,,,,16,2021-01-29,OSP
MNL005 LP162 NP5-6,MNL005,LP162,NP5-6,MNL005 LP162,Orchard Building (City Square 2),MANILA,3,1,BARANGAY 297,,,14.60054,120.977998,,,,,,,16,2021-01-29,OSP
MNL005 LP163 NP1-2,MNL005,LP163,NP1-2,MNL005 LP163,Orchard Building (City Square 2),MANILA,3,1,BARANGAY 297,,,14.600365,120.97721,,,,,,,16,2021-01-29,OSP
MNL037 LP362 NP1-2,MNL037,LP362,NP1-2,MNL037 LP362,Tayuman,MANILA,3,1,BARANGAY 297,,,14.60054,120.977998,,,,,,,16,2023-02-23,OSP
MNL037 LP362 NP3-4,MNL037,LP362,NP3-4,MNL037 LP362,Tayuman,MANILA,3,1,BARANGAY 297,,,14.601074,120.978181,,,,,,,16,2023-02-23,OSP
MNL037 LP362 NP7-8,MNL037,LP362,NP7-8,MNL037 LP362,Tayuman,MANILA,3,1,BARANGAY 297,,,14.601764,120.977241,,,,,,,16,2023-02-23,OSP
MNL037 LP363 NP1-2,MNL037,LP363,NP1-2,MNL037 LP363,Tayuman,MANILA,3,1,BARANGAY 297,,,14.601524,120.977244,,,,,,,16,2023-02-23,OSP
MNL037 LP363 NP3-4,MNL037,LP363,NP3-4,MNL037 LP363,Tayuman,MANILA,3,1,BARANGAY 297,,,14.601194,120.977192,,,,,,,16,2023-02-23,OSP
MNL037 LP363 NP5-6,MNL037,LP363,NP5-6,MNL037 LP363,Tayuman,MANILA,3,1,BARANGAY 297,,,14.6008,120.977161,,,,,,,16,2023-02-23,OSP
MNL037 LP363 NP7-8,MNL037,LP363,NP7-8,MNL037 LP363,Tayuman,MANILA,3,1,BARANGAY 297,,,14.600314,120.977085,,,,,,,16,2023-02-23,OSP
MNL037 LP364 NP1-2,MNL037,LP364,NP1-2,MNL037 LP364,Tayuman,MANILA,3,1,BARANGAY 297,,,14.600261,120.97752,,,,,,,16,2023-02-23,OSP
MNL003 LP331 NP7-8,MNL003,LP331,NP7-8,MNL003 LP331,City Square,MANILA,3,1,BARANGAY 298,,,14.60144801,120.9782936,,,,,,,16,2019-03-30,OSP
MNL003 LP332 NP7-8,MNL003,LP332,NP7-8,MNL003 LP332,City Square,MANILA,3,1,BARANGAY 298,,,14.60027648,120.9791833,,,,,,,16,2019-03-30,OSP
MNL003 LP333 NP1-2,MNL003,LP333,NP1-2,MNL003 LP333,City Square,MANILA,3,1,BARANGAY 298,,,14.59985274,120.9794666,,,,,,,16,2019-03-30,OSP
MNL003 LP12 NP3,MNL003,LP12,NP3,MNL003 LP12,City Square,MANILA,3,1,BARANGAY 298,,CHINA PLAZA CONDOMINIUM,14.600416,120.979655,,11F,EE ROOM BUILDING A,MNL73P,,,,2017-01-23,ISP
MNL003 LP13 NP4-8,MNL003,LP13,NP4-8,MNL003 LP13,City Square,MANILA,3,1,BARANGAY 298,,CHINATOWN PLAZA,14.600281,120.978265,,18F,EE ROOM,,,,16,2014-01-24,ISP
MNL003 LP12 NP1,MNL003,LP12,NP1,MNL003 LP12,City Square,MANILA,3,1,BARANGAY 298,,CHINA PLAZA CONDOMINIUM,14.600416,120.979655,,7F,EE ROOM BUILDING A,MNL73P,,,,2017-01-23,ISP
MNL003 LP13 NP1-5,MNL003,LP13,NP1-5,MNL003 LP13,City Square,MANILA,3,1,BARANGAY 298,,CHINATOWN PLAZA,14.600281,120.978265,MNL74P,5F,EE ROOM,,,,16,2017-01-24,ISP
MNL003 LP12 NP2,MNL003,LP12,NP2,MNL003 LP12,City Square,MANILA,3,1,BARANGAY 298,,CHINA PLAZA CONDOMINIUM,14.600416,120.979655,MNL73P,9F,EE ROOM BUILDING A,,,,,2017-01-23,ISP
MNL003 LP13 NP2-6,MNL003,LP13,NP2-6,MNL003 LP13,City Square,MANILA,3,1,BARANGAY 298,,CHINATOWN PLAZA,14.600281,120.978265,,9F,EE ROOM,,,,16,2014-01-24,ISP
MNL003 LP13 NP3-7,MNL003,LP13,NP3-7,MNL003 LP13,City Square,MANILA,3,1,BARANGAY 298,,CHINATOWN PLAZA,14.600281,120.978265,,14F,EE ROOM,,,,16,2014-01-24,ISP
MNL003 LP12 NP4,MNL003,LP12,NP4,MNL003 LP12,City Square,MANILA,3,1,BARANGAY 298,,CHINA PLAZA CONDOMINIUM,14.600416,120.979655,MNL73P,14F,EE ROOM BUILDING A,,,,,2017-01-23,ISP
MNL003 LP12 NP5,MNL003,LP12,NP5,MNL003 LP12,City Square,MANILA,3,1,BARANGAY 298,,CHINA PLAZA CONDOMINIUM,14.600416,120.979655,MNL73P,16F,EE ROOM BUILDING A,,,,,2017-01-23,ISP
MNL005 LP161 NP3-4,MNL005,LP161,NP3-4,MNL005 LP161,Orchard Building (City Square 2),MANILA,3,1,BARANGAY 298,,,14.600827,120.979195,,,,,,,16,2021-01-29,OSP
MNL005 LP161 NP5-6,MNL005,LP161,NP5-6,MNL005 LP161,Orchard Building (City Square 2),MANILA,3,1,BARANGAY 298,,,14.600286,120.979229,,,,,,,16,2021-01-29,OSP
MNL005 LP161 NP7-8,MNL005,LP161,NP7-8,MNL005 LP161,Orchard Building (City Square 2),MANILA,3,1,BARANGAY 298,,,14.599833,120.979211,,,,,,,16,2021-01-29,OSP
MNL005 LP162 NP1-2,MNL005,LP162,NP1-2,MNL005 LP162,Orchard Building (City Square 2),MANILA,3,1,BARANGAY 298,,,14.60006,120.97836,,,,,,,16,2021-01-29,OSP
MNL005 LP162 NP7-8,MNL005,LP162,NP7-8,MNL005 LP162,Orchard Building (City Square 2),MANILA,3,1,BARANGAY 298,,,14.600506,120.978476,,,,,,,16,2021-01-29,OSP
MNL037 LP361 NP7-8,MNL037,LP361,NP7-8,MNL037 LP361,Tayuman,MANILA,3,1,BARANGAY 298,,,14.600818,120.978551,,,,,,,16,2023-02-23,OSP
MNL037 LP364 NP3-4,MNL037,LP364,NP3-4,MNL037 LP364,Tayuman,MANILA,3,1,BARANGAY 298,,,14.600065,120.978363,,,,,,,16,2023-02-23,OSP
MNL037 LP364 NP5-6,MNL037,LP364,NP5-6,MNL037 LP364,Tayuman,MANILA,3,1,BARANGAY 298,,,14.599986,120.978685,,,,,,,16,2023-02-23,OSP
MNL037 LP364 NP7-8,MNL037,LP364,NP7-8,MNL037 LP364,Tayuman,MANILA,3,1,BARANGAY 298,,,14.599906,120.978935,,,,,,,16,2023-02-23,OSP
MNL037 LP361 NP1-2,MNL037,LP361,NP1-2,MNL037 LP361,Tayuman,MANILA,3,1,BARANGAY 298,,,14.600809,120.979204,,,,,,,16,2023-02-23,OSP
MNL037 LP361 NP3-4,MNL037,LP361,NP3-4,MNL037 LP361,Tayuman,MANILA,3,1,BARANGAY 298,,,14.600282,120.979232,,,,,,,16,2023-02-23,OSP
MNL037 LP361 NP5-6,MNL037,LP361,NP5-6,MNL037 LP361,Tayuman,MANILA,3,1,BARANGAY 298,,,14.600507,120.978477,,,,,,,16,2023-02-23,OSP
MNL003 LP331 NP1-2,MNL003,LP331,NP1-2,MNL003 LP331,City Square,MANILA,3,1,BARANGAY 299,,,14.60317872,120.9789691,,,,,,,16,2019-03-30,OSP
MNL003 LP331 NP3-4,MNL003,LP331,NP3-4,MNL003 LP331,City Square,MANILA,3,1,BARANGAY 299,,,14.60328941,120.9786066,,,,,,,16,2019-03-30,OSP
MNL003 LP331 NP5-6,MNL003,LP331,NP5-6,MNL003 LP331,City Square,MANILA,3,1,BARANGAY 299,,,14.60251764,120.9787186,,,,,,,16,2019-03-30,OSP
MNL003 LP42 NP3,MNL003,LP42,NP3,MNL003 LP42,City Square,MANILA,3,1,BARANGAY 299,,SOLER TOWER CONDOMINIUM INC.,14.603301,120.978341,,6F,CONVERGE ROOM,MNL75P,,,,2018-05-09,ISP
MNL003 LP41 NP2,MNL003,LP41,NP2,MNL003 LP41,City Square,MANILA,3,1,BARANGAY 299,,GRAND CENTURY MANSION,14.602698,120.978233,MNL76P,9F,EE ROOM BUILDING A,,,,,2018-07-17,ISP
MNL003 LP41 NP1,MNL003,LP41,NP1,MNL003 LP41,City Square,MANILA,3,1,BARANGAY 299,,GRAND CENTURY MANSION,14.602698,120.978233,MNL76P,6F,EE ROOM BUILDING A,,,,,2018-07-17,ISP
MNL003 LP41 NP3,MNL003,LP41,NP3,MNL003 LP41,City Square,MANILA,3,1,BARANGAY 299,,GRAND CENTURY MANSION,14.602698,120.978233,MNL76P,12F,EE ROOM BUILDING A,,,,,2018-07-17,ISP
MNL003 LP42 NP1-2,MNL003,LP42,NP1-2,MNL003 LP42,City Square,MANILA,3,1,BARANGAY 299,,SOLER TOWER CONDOMINIUM INC.,14.603301,120.978341,MNL75P,2F,CONVERGE ROOM,,,,,2018-05-09,ISP
MNL003 LP41 NP4,MNL003,LP41,NP4,MNL003 LP41,City Square,MANILA,3,1,BARANGAY 299,,GRAND CENTURY MANSION,14.602698,120.978233,MNL76P,15F,EE ROOM BUILDING A,,,,,2018-07-17,ISP
MNL005 LP159 NP5-6,MNL005,LP159,NP5-6,MNL005 LP159,Orchard Building (City Square 2),MANILA,3,1,BARANGAY 299,,,14.602524,120.978726,,,,,,,16,2021-01-29,OSP
MNL005 LP159 NP7-8,MNL005,LP159,NP7-8,MNL005 LP159,Orchard Building (City Square 2),MANILA,3,1,BARANGAY 299,,,14.602733,120.978818,,,,,,,16,2021-01-29,OSP
MNL005 LP154 NP7-8,MNL005,LP154,NP7-8,MNL005 LP154,Orchard Building (City Square 2),MANILA,3,1,BARANGAY 299,,,14.603642,120.979164,,,,,,,16,2021-01-29,OSP
MNL005 LP154 NP3-4,MNL005,LP154,NP3-4,MNL005 LP154,Orchard Building (City Square 2),MANILA,3,1,BARANGAY 299,,,14.603375,120.978344,,,,,,,16,2021-01-29,OSP
MNL037 LP370 NP3-4,MNL037,LP370,NP3-4,MNL037 LP370,Tayuman,MANILA,3,1,BARANGAY 299,,,14.604312,120.979152,,,,,,,16,2023-02-23,OSP
MNL037 LP366 NP3-4,MNL037,LP366,NP3-4,MNL037 LP366,Tayuman,MANILA,3,1,BARANGAY 299,,,14.602511,120.978717,,,,,,,16,2023-02-23,OSP
MNL037 LP366 NP7-8,MNL037,LP366,NP7-8,MNL037 LP366,Tayuman,MANILA,3,1,BARANGAY 299,,,14.602505,120.978472,,,,,,,16,2023-02-23,OSP
MNL037 LP367 NP1-2,MNL037,LP367,NP1-2,MNL037 LP367,Tayuman,MANILA,3,1,BARANGAY 299,,,14.603152,120.978976,,,,,,,16,2023-02-23,OSP
MNL037 LP367 NP5-6,MNL037,LP367,NP5-6,MNL037 LP367,Tayuman,MANILA,3,1,BARANGAY 299,,,14.60329,120.978627,,,,,,,16,2023-02-23,OSP
MNL037 LP367 NP7-8,MNL037,LP367,NP7-8,MNL037 LP367,Tayuman,MANILA,3,1,BARANGAY 299,,,14.603464,120.977991,,,,,,,16,2023-02-23,OSP
MNL037 LP368 NP1-2,MNL037,LP368,NP1-2,MNL037 LP368,Tayuman,MANILA,3,1,BARANGAY 299,,,14.603628,120.979158,,,,,,,16,2023-02-23,OSP
MNL037 LP368 NP3-4,MNL037,LP368,NP3-4,MNL037 LP368,Tayuman,MANILA,3,1,BARANGAY 299,,,14.603699,120.979182,,,,,,,16,2023-02-23,OSP
MNL037 LP368 NP5-6,MNL037,LP368,NP5-6,MNL037 LP368,Tayuman,MANILA,3,1,BARANGAY 299,,,14.603818,120.978852,,,,,,,16,2023-02-23,OSP
MNL037 LP368 NP7-8,MNL037,LP368,NP7-8,MNL037 LP368,Tayuman,MANILA,3,1,BARANGAY 299,,,14.603818,120.978852,,,,,,,16,2023-02-23,OSP
MNL001 LP22 NP7-8,MNL001,LP22,NP7-8,MNL001 LP22,Zen Tower,MANILA,3,1,BARANGAY 299,,,14.604228,120.979349,,,,,,,16,2015-07-27,OSP
MNL003 LP192 NP5-6,MNL003,LP192,NP5-6,MNL003 LP192,City Square,MANILA,3,1,BARANGAY 3,,,14.6065847,120.9668851,,,,,,,16,2019-01-30,OSP
MNL003 LP192 NP7-8,MNL003,LP192,NP7-8,MNL003 LP192,City Square,MANILA,3,1,BARANGAY 3,,,14.60582049,120.9675821,,,,,,,16,2019-01-30,OSP
MNL003 LP193 NP1-2,MNL003,LP193,NP1-2,MNL003 LP193,City Square,MANILA,3,1,BARANGAY 3,,,14.60553416,120.9678958,,,,,,,16,2019-01-30,OSP
MNL005 LP10 NP3-4,MNL005,LP10,NP3-4,MNL005 LP10,Orchard Building (City Square 2),MANILA,3,1,BARANGAY 3,,,14.606205,120.967204,,,,,,,16,2020-08-30,OSP
MNL005 LP196 NP1-2,MNL005,LP196,NP1-2,MNL005 LP196,Orchard Building (City Square 2),MANILA,3,1,BARANGAY 3,,,14.606279,120.968234,,,,,,,16,2021-09-25,OSP
MNL005 LP196 NP3-5,MNL005,LP196,NP3-5,MNL005 LP196,Orchard Building (City Square 2),MANILA,3,1,BARANGAY 3,,,14.606541,120.968,,,,,,,24,2021-09-25,OSP
MNL005 LP197 NP1-2,MNL005,LP197,NP1-2,MNL005 LP197,Orchard Building (City Square 2),MANILA,3,1,BARANGAY 3,,,14.606781,120.96715,,,,,,,16,2021-09-25,OSP
MNL005 LP197 NP3-5,MNL005,LP197,NP3-5,MNL005 LP197,Orchard Building (City Square 2),MANILA,3,1,BARANGAY 3,,,14.606581,120.96682,,,,,,,24,2021-09-25,OSP
MNL005 LP197 NP6-8,MNL005,LP197,NP6-8,MNL005 LP197,Orchard Building (City Square 2),MANILA,3,1,BARANGAY 3,,,14.606421,120.96697,,,,,,,24,2021-09-25,OSP
MNL005 LP198 NP1-2,MNL005,LP198,NP1-2,MNL005 LP198,Orchard Building (City Square 2),MANILA,3,1,BARANGAY 3,,,14.605794,120.96757,,,,,,,16,2021-09-25,OSP
MNL005 LP198 NP3-5,MNL005,LP198,NP3-5,MNL005 LP198,Orchard Building (City Square 2),MANILA,3,1,BARANGAY 3,,,14.605508,120.96783,,,,,,,24,2021-09-25,OSP
MNL005 LP199 NP1-2,MNL005,LP199,NP1-2,MNL005 LP199,Orchard Building (City Square 2),MANILA,3,1,BARANGAY 3,,,14.604515,120.96862,,,,,,,16,2021-09-25,OSP
MNL005 LP7 NP7-8,MNL005,LP7,NP7-8,MNL005 LP7,Orchard Building (City Square 2),MANILA,3,1,BARANGAY 3,,,14.604321,120.96874,,,,,,,16,2020-08-30,OSP
MNL003 LP217 NP1-2,MNL003,LP217,NP1-2,MNL003 LP217,City Square,MANILA,3,1,BARANGAY 30,,,14.60357941,120.9617489,,,,,,,16,2019-02-12,OSP
MNL005 LP247 NP3-4-5,MNL005,LP247,NP3-4-5,MNL005 LP247,Orchard Building (City Square 2),MANILA,3,1,BARANGAY 30,,,14.603793,120.961759,,,,,,,24,2021-09-25,OSP
MNL005 LP247 NP1-2,MNL005,LP247,NP1-2,MNL005 LP247,Orchard Building (City Square 2),MANILA,3,1,BARANGAY 30,,,14.603795,120.961758,,,,,,,16,2021-09-25,OSP
MNL005 LP404 NP3-5,MNL005,LP404,NP3-5,MNL005 LP404,Orchard Building (City Square 2),MANILA,3,1,BARANGAY 30,,,14.603715,120.961994,,,,,,,24,2021-11-01,OSP
MNL005 LP404 NP6-8,MNL005,LP404,NP6-8,MNL005 LP404,Orchard Building (City Square 2),MANILA,3,1,BARANGAY 30,,,14.603715,120.961994,,,,,,,24,2021-11-01,OSP
MNL005 LP5 NP3-4,MNL005,LP5,NP3-4,MNL005 LP5,Orchard Building (City Square 2),MANILA,3,1,BARANGAY 30,,,14.603603,120.961756,,,,,,,16,2020-08-30,OSP
MNL005 LP5 NP1-2,MNL005,LP5,NP1-2,MNL005 LP5,Orchard Building (City Square 2),MANILA,3,1,BARANGAY 30,,,14.60377,120.961747,,,,,,,16,2020-08-30,OSP
MNL003 LP332 NP1-2,MNL003,LP332,NP1-2,MNL003 LP332,City Square,MANILA,3,1,BARANGAY 300,,,14.60167409,120.9774164,,,,,,,16,2019-03-30,OSP
MNL005 LP159 NP1-2,MNL005,LP159,NP1-2,MNL005 LP159,Orchard Building (City Square 2),MANILA,3,1,BARANGAY 300,,,14.601488,120.97831,,,,,,,16,2021-01-29,OSP
MNL005 LP159 NP3-4,MNL005,LP159,NP3-4,MNL005 LP159,Orchard Building (City Square 2),MANILA,3,1,BARANGAY 300,,,14.602067,120.978533,,,,,,,16,2021-01-29,OSP
MNL005 LP158 NP7-8,MNL005,LP158,NP7-8,MNL005 LP158,Orchard Building (City Square 2),MANILA,3,1,BARANGAY 300,,,14.601676,120.977667,,,,,,,16,2021-01-29,OSP
MNL037 LP366 NP1-2,MNL037,LP366,NP1-2,MNL037 LP366,Tayuman,MANILA,3,1,BARANGAY 300,,,14.602064,120.97854,,,,,,,16,2023-02-23,OSP
MNL037 LP362 NP5-6,MNL037,LP362,NP5-6,MNL037 LP362,Tayuman,MANILA,3,1,BARANGAY 300,,,14.601602,120.977897,,,,,,,16,2023-02-23,OSP
MNL037 LP365 NP1-2,MNL037,LP365,NP1-2,MNL037 LP365,Tayuman,MANILA,3,1,BARANGAY 300,,,14.601485,120.97832,,,,,,,16,2023-02-23,OSP
MNL001 LP22 NP3-4,MNL001,LP22,NP3-4,MNL001 LP22,Zen Tower,MANILA,3,1,BARANGAY 300,,,14.601536,120.978018,,,,,,,16,2015-07-27,OSP
MNL003 LP330 NP3-4,MNL003,LP330,NP3-4,MNL003 LP330,City Square,MANILA,3,1,BARANGAY 301,,,14.60236648,120.9801547,,,,,,,16,2019-03-30,OSP
MNL003 LP29 NP4,MNL003,LP29,NP4,MNL003 LP29,City Square,MANILA,3,1,BARANGAY 301,,PARK TOWER CONDOMINIUM,14.601594,120.979818,MNL77P,10F,CONVERGE ROOM,,,,,2017-07-31,ISP
MNL003 LP29 NP5,MNL003,LP29,NP5,MNL003 LP29,City Square,MANILA,3,1,BARANGAY 301,,PARK TOWER CONDOMINIUM,14.601594,120.979818,MNL77P,12F,CONVERGE ROOM,,,,,2017-07-31,ISP
MNL003 LP29 NP1,MNL003,LP29,NP1,MNL003 LP29,City Square,MANILA,3,1,BARANGAY 301,,PARK TOWER CONDOMINIUM,14.601594,120.979818,MNL77P,4F,CONVERGE ROOM,,,,,2017-07-31,ISP