Box Name,OLT,LCP,NAP,LCP Name,Node Name,Municipality,Cluster,Sector,Barangay,Subdivision,Building Name,Latitude,Longitude,Parent Site,Parent Floor,Parent Room,Additional Details,Remarks,Landmark,Capacity,Installation Date,OSP / ISP
MNL002 LP197 NP7-8,MNL002,LP197,NP7-8,MNL002 LP197,Don Quintos,MANILA,3,1,BARANGAY 432,,,14.60741,120.9968,,,,,,,16,2019-05-31,OSP
MNL002 LP198 NP1-2,MNL002,LP198,NP1-2,MNL002 LP198,Don Quintos,MANILA,3,1,BARANGAY 432,,,14.60657,120.9971,,,,,,,16,2019-05-31,OSP
MNL002 LP51 NP7-8,MNL002,LP51,NP7-8,MNL002 LP51,Don Quintos,MANILA,3,1,BARANGAY 432,,,14.604786,120.998414,,,,,,,16,2018-02-04,OSP
MNL046 LP12 NP1-2,MNL046,LP12,NP1-2,MNL046 LP12,Reten Apartment,MANILA,3,1,BARANGAY 432,,,14.604559,120.99799,,,,,,,16,2022-03-10,OSP
MNL046 LP12 NP3-5,MNL046,LP12,NP3-5,MNL046 LP12,Reten Apartment,MANILA,3,1,BARANGAY 432,,,14.604736,120.99837,,,,,,,24,2022-03-10,OSP
MNL046 LP12 NP6-8,MNL046,LP12,NP6-8,MNL046 LP12,Reten Apartment,MANILA,3,1,BARANGAY 432,,,14.604881,120.99854,,,,,,,24,2022-03-10,OSP
MNL046 LP20 NP3-5,MNL046,LP20,NP3-5,MNL046 LP20,Reten Apartment,MANILA,3,1,BARANGAY 432,,,14.607395,120.99749,,,,,,,24,2022-03-10,OSP
MNL046 LP20 NP6-8,MNL046,LP20,NP6-8,MNL046 LP20,Reten Apartment,MANILA,3,1,BARANGAY 432,,,14.607086,120.99762,,,,,,,24,2022-03-10,OSP
MNL046 LP21 NP1-2,MNL046,LP21,NP1-2,MNL046 LP21,Reten Apartment,MANILA,3,1,BARANGAY 432,,,14.606738,120.99774,,,,,,,16,2022-03-10,OSP
MNL046 LP21 NP3-5,MNL046,LP21,NP3-5,MNL046 LP21,Reten Apartment,MANILA,3,1,BARANGAY 432,,,14.605969,120.99798,,,,,,,24,2022-03-10,OSP
MNL046 LP21 NP6-8,MNL046,LP21,NP6-8,MNL046 LP21,Reten Apartment,MANILA,3,1,BARANGAY 432,,,14.605566,120.99811,,,,,,,24,2022-03-10,OSP
MNL046 LP11 NP1-2,MNL046,LP11,NP1-2,MNL046 LP11,Reten Apartment,MANILA,3,1,BARANGAY 432,,,14.606733,120.99707,,,,,,,16,2022-03-10,OSP
MNL046 LP11 NP3-5,MNL046,LP11,NP3-5,MNL046 LP11,Reten Apartment,MANILA,3,1,BARANGAY 432,,,14.606379,120.99719,,,,,,,24,2022-03-10,OSP
MNL046 LP11 NP6-8,MNL046,LP11,NP6-8,MNL046 LP11,Reten Apartment,MANILA,3,1,BARANGAY 432,,,14.605627,120.99742,,,,,,,24,2022-03-10,OSP
MNL046 LP10 NP1-2,MNL046,LP10,NP1-2,MNL046 LP10,Reten Apartment,MANILA,3,1,BARANGAY 432,,,14.608058,120.99621,,,,,,,16,2022-03-10,OSP
MNL046 LP10 NP3-5,MNL046,LP10,NP3-5,MNL046 LP10,Reten Apartment,MANILA,3,1,BARANGAY 432,,,14.607752,120.99649,,,,,,,24,2022-03-10,OSP
MNL046 LP10 NP6-8,MNL046,LP10,NP6-8,MNL046 LP10,Reten Apartment,MANILA,3,1,BARANGAY 432,,,14.607402,120.99686,,,,,,,24,2022-03-10,OSP
MNL046 LP13 NP1-2,MNL046,LP13,NP1-2,MNL046 LP13,Reten Apartment,MANILA,3,1,BARANGAY 432,,,14.604996,120.99872,,,,,,,16,2022-03-10,OSP
MNL046 LP6 NP5-6,MNL046,LP6,NP5-6,MNL046 LP6,Reten Apartment,MANILA,3,1,BARANGAY 432,,,14.605209,120.99723,,,,,,,16,2022-03-10,OSP
MNL046 LP6 NP7-8,MNL046,LP6,NP7-8,MNL046 LP6,Reten Apartment,MANILA,3,1,BARANGAY 432,,,14.604613,120.99765,,,,,,,16,2022-03-10,OSP
MNL046 LP329 NP5-6,MNL046,LP329,NP5-6,MNL046 LP329,Reten Apartment,MANILA,3,1,BARANGAY 432,,,14.605456,120.997048,,,,,,,16,2024-01-11,OSP
MNL046 LP329 NP7-8,MNL046,LP329,NP7-8,MNL046 LP329,Reten Apartment,MANILA,3,1,BARANGAY 432,,,14.605232,120.997244,,,,,,,16,2024-01-11,OSP
MNL046 LP330 NP1-2,MNL046,LP330,NP1-2,MNL046 LP330,Reten Apartment,MANILA,3,1,BARANGAY 432,,,14.604692,120.997629,,,,,,,16,2024-01-11,OSP
MNL046 LP323 NP5-6,MNL046,LP323,NP5-6,MNL046 LP323,Reten Apartment,MANILA,3,1,BARANGAY 432,,,14.604487,120.99803,,,,,,,16,2024-01-11,OSP
MNL046 LP324 NP1-2,MNL046,LP324,NP1-2,MNL046 LP324,Reten Apartment,MANILA,3,1,BARANGAY 432,,,14.605653,120.997392,,,,,,,16,2024-01-11,OSP
MNL046 LP324 NP3-4,MNL046,LP324,NP3-4,MNL046 LP324,Reten Apartment,MANILA,3,1,BARANGAY 432,,,14.606098,120.997252,,,,,,,16,2024-01-11,OSP
MNL046 LP324 NP5-6,MNL046,LP324,NP5-6,MNL046 LP324,Reten Apartment,MANILA,3,1,BARANGAY 432,,,14.606313,120.997185,,,,,,,16,2024-01-11,OSP
MNL046 LP324 NP7-8,MNL046,LP324,NP7-8,MNL046 LP324,Reten Apartment,MANILA,3,1,BARANGAY 432,,,14.606946,120.996981,,,,,,,16,2024-01-11,OSP
MNL046 LP325 NP1-2,MNL046,LP325,NP1-2,MNL046 LP325,Reten Apartment,MANILA,3,1,BARANGAY 432,,,14.607745,120.996562,,,,,,,16,2024-01-11,OSP
MNL046 LP325 NP3-4,MNL046,LP325,NP3-4,MNL046 LP325,Reten Apartment,MANILA,3,1,BARANGAY 432,,,14.60807,120.996265,,,,,,,16,2024-01-11,OSP
MNL046 LP321 NP3-4,MNL046,LP321,NP3-4,MNL046 LP321,Reten Apartment,MANILA,3,1,BARANGAY 432,,,14.60745,120.99752,,,,,,,16,2024-01-11,OSP
MNL046 LP321 NP5-6,MNL046,LP321,NP5-6,MNL046 LP321,Reten Apartment,MANILA,3,1,BARANGAY 432,,,14.607032,120.997658,,,,,,,16,2024-01-11,OSP
MNL046 LP321 NP7-8,MNL046,LP321,NP7-8,MNL046 LP321,Reten Apartment,MANILA,3,1,BARANGAY 432,,,14.606686,120.99777,,,,,,,16,2024-01-11,OSP
MNL046 LP322 NP1-2,MNL046,LP322,NP1-2,MNL046 LP322,Reten Apartment,MANILA,3,1,BARANGAY 432,,,14.606336,120.997857,,,,,,,16,2024-01-11,OSP
MNL046 LP322 NP3-4,MNL046,LP322,NP3-4,MNL046 LP322,Reten Apartment,MANILA,3,1,BARANGAY 432,,,14.605883,120.998028,,,,,,,16,2024-01-11,OSP
MNL046 LP322 NP5-6,MNL046,LP322,NP5-6,MNL046 LP322,Reten Apartment,MANILA,3,1,BARANGAY 432,,,14.605494,120.998096,,,,,,,16,2024-01-11,OSP
MNL046 LP322 NP7-8,MNL046,LP322,NP7-8,MNL046 LP322,Reten Apartment,MANILA,3,1,BARANGAY 432,,,14.605393,120.99776,,,,,,,16,2024-01-11,OSP
MNL046 LP323 NP1-2,MNL046,LP323,NP1-2,MNL046 LP323,Reten Apartment,MANILA,3,1,BARANGAY 432,,,14.605246,120.997538,,,,,,,16,2024-01-11,OSP
MNL046 LP323 NP3-4,MNL046,LP323,NP3-4,MNL046 LP323,Reten Apartment,MANILA,3,1,BARANGAY 432,,,14.605057,120.997657,,,,,,,16,2024-01-11,OSP
MNL046 LP314 NP5-6,MNL046,LP314,NP5-6,MNL046 LP314,Reten Apartment,MANILA,3,1,BARANGAY 432,,,14.604895,120.998514,,,,,,,16,2024-01-11,OSP
MNL046 LP314 NP7-8,MNL046,LP314,NP7-8,MNL046 LP314,Reten Apartment,MANILA,3,1,BARANGAY 432,,,14.604657,120.998246,,,,,,,16,2024-01-11,OSP
MNL002 LP263 NP1-2,MNL002,LP263,NP1-2,MNL002 LP263,Don Quintos,MANILA,3,1,BARANGAY 433,,,14.6036,120.996352,,,,,,,16,2019-12-02,OSP
MNL002 LP263 NP3-4,MNL002,LP263,NP3-4,MNL002 LP263,Don Quintos,MANILA,3,1,BARANGAY 433,,,14.604175,120.995856,,,,,,,16,2019-12-02,OSP
MNL002 LP71 NP5-6,MNL002,LP71,NP5-6,MNL002 LP71,Don Quintos,MANILA,3,1,BARANGAY 433,,,14.603678,120.996367,,,,,,,16,2018-04-24,OSP
MNL002 LP71 NP7-8,MNL002,LP71,NP7-8,MNL002 LP71,Don Quintos,MANILA,3,1,BARANGAY 433,,,14.603955,120.996091,,,,,,,16,2020-08-27,OSP
MNL002 LP72 NP1-2,MNL002,LP72,NP1-2,MNL002 LP72,Don Quintos,MANILA,3,1,BARANGAY 433,,,14.604579,120.995597,,,,,,,16,2018-04-24,OSP
MNL046 LP246 NP5-6,MNL046,LP246,NP5-6,MNL046 LP246,Reten Apartment,MANILA,3,1,BARANGAY 433,,,14.605368,120.99477,,,,,,,16,2023-05-08,OSP
MNL046 LP246 NP7-8,MNL046,LP246,NP7-8,MNL046 LP246,Reten Apartment,MANILA,3,1,BARANGAY 433,,,14.604518,120.99557,,,,,,,16,2023-05-08,OSP
MNL046 LP247 NP1-2,MNL046,LP247,NP1-2,MNL046 LP247,Reten Apartment,MANILA,3,1,BARANGAY 433,,,14.603933,120.99611,,,,,,,16,2023-05-08,OSP
MNL046 LP276 NP1-2,MNL046,LP276,NP1-2,MNL046 LP276,Reten Apartment,MANILA,3,1,BARANGAY 433,,,14.605024,120.99515,,,,,,,16,2024-01-09,OSP
MNL046 LP276 NP3-4,MNL046,LP276,NP3-4,MNL046 LP276,Reten Apartment,MANILA,3,1,BARANGAY 433,,,14.604805,120.99532,,,,,,,16,2024-01-09,OSP
MNL046 LP276 NP5-6,MNL046,LP276,NP5-6,MNL046 LP276,Reten Apartment,MANILA,3,1,BARANGAY 433,,,14.604292,120.99541,,,,,,,16,2024-01-09,OSP
MNL046 LP276 NP7-8,MNL046,LP276,NP7-8,MNL046 LP276,Reten Apartment,MANILA,3,1,BARANGAY 433,,,14.60443,120.9957,,,,,,,16,2024-01-09,OSP
MNL046 LP277 NP1-2,MNL046,LP277,NP1-2,MNL046 LP277,Reten Apartment,MANILA,3,1,BARANGAY 433,,,14.60404,120.99602,,,,,,,16,2024-01-09,OSP
MNL046 LP106 NP7-8,MNL046,LP106,NP7-8,MNL046 LP106,Reten Apartment,MANILA,3,1,BARANGAY 433,,,14.604818,120.99532,,,,,,,16,2022-03-10,OSP
MNL046 LP107 NP1-2,MNL046,LP107,NP1-2,MNL046 LP107,Reten Apartment,MANILA,3,1,BARANGAY 433,,,14.604453,120.99567,,,,,,,16,2022-03-10,OSP
MNL046 LP107 NP3-4,MNL046,LP107,NP3-4,MNL046 LP107,Reten Apartment,MANILA,3,1,BARANGAY 433,,,14.603743,120.99632,,,,,,,16,2022-03-10,OSP
MNL046 LP107 NP5-6,MNL046,LP107,NP5-6,MNL046 LP107,Reten Apartment,MANILA,3,1,BARANGAY 433,,,14.603327,120.99672,,,,,,,16,2022-03-10,OSP
MNL002 LP263 NP5-6,MNL002,LP263,NP5-6,MNL002 LP263,Don Quintos,MANILA,3,1,BARANGAY 434,,,14.60542,120.995241,,,,,,,16,2019-12-02,OSP
MNL002 LP264 NP5-6,MNL002,LP264,NP5-6,MNL002 LP264,Don Quintos,MANILA,3,1,BARANGAY 434,,,14.605408,120.995748,,,,,,,16,2019-12-02,OSP
MNL002 LP265 NP1-2,MNL002,LP265,NP1-2,MNL002 LP265,Don Quintos,MANILA,3,1,BARANGAY 434,,,14.60601,120.996147,,,,,,,16,2019-12-02,OSP
MNL002 LP72 NP3-4,MNL002,LP72,NP3-4,MNL002 LP72,Don Quintos,MANILA,3,1,BARANGAY 434,,,14.605028,120.996113,,,,,,,16,2018-04-24,OSP
MNL002 LP72 NP5-6,MNL002,LP72,NP5-6,MNL002 LP72,Don Quintos,MANILA,3,1,BARANGAY 434,,,14.605405,120.996599,,,,,,,16,2018-04-24,OSP
MNL002 LP73 NP7-8,MNL002,LP73,NP7-8,MNL002 LP73,Don Quintos,MANILA,3,1,BARANGAY 434,,,14.605694,120.996038,,,,,,,16,2020-08-27,OSP
MNL002 LP60 NP3-4,MNL002,LP60,NP3-4,MNL002 LP60,Don Quintos,MANILA,3,1,BARANGAY 434,,,14.605867,120.996618,,,,,,,16,2018-02-04,OSP
MNL046 LP87 NP5-6,MNL046,LP87,NP5-6,MNL046 LP87,Reten Apartment,MANILA,3,1,BARANGAY 434,,,14.605867,120.995503,,,,,,,16,2022-03-10,OSP
MNL046 LP87 NP7-8,MNL046,LP87,NP7-8,MNL046 LP87,Reten Apartment,MANILA,3,1,BARANGAY 434,,,14.605465,120.996195,,,,,,,16,2022-03-10,OSP
MNL046 LP88 NP5-6,MNL046,LP88,NP5-6,MNL046 LP88,Reten Apartment,MANILA,3,1,BARANGAY 434,,,14.605439,120.995197,,,,,,,16,2022-03-10,OSP
MNL046 LP88 NP7-8,MNL046,LP88,NP7-8,MNL046 LP88,Reten Apartment,MANILA,3,1,BARANGAY 434,,,14.604827,120.995795,,,,,,,16,2022-03-10,OSP
MNL046 LP83 NP5-6,MNL046,LP83,NP5-6,MNL046 LP83,Reten Apartment,MANILA,3,1,BARANGAY 434,,,14.605926,120.996313,,,,,,,16,2022-03-10,OSP
MNL046 LP83 NP7-8,MNL046,LP83,NP7-8,MNL046 LP83,Reten Apartment,MANILA,3,1,BARANGAY 434,,,14.605522,120.996702,,,,,,,16,2022-03-10,OSP
MNL046 LP85 NP1-2,MNL046,LP85,NP1-2,MNL046 LP85,Reten Apartment,MANILA,3,1,BARANGAY 434,,,14.605261,120.996399,,,,,,,16,2022-03-10,OSP
MNL046 LP85 NP3-4,MNL046,LP85,NP3-4,MNL046 LP85,Reten Apartment,MANILA,3,1,BARANGAY 434,,,14.605035,120.996095,,,,,,,16,2022-03-10,OSP
MNL046 LP85 NP5-6,MNL046,LP85,NP5-6,MNL046 LP85,Reten Apartment,MANILA,3,1,BARANGAY 434,,,14.605576,120.995584,,,,,,,16,2022-03-10,OSP
MNL046 LP85 NP7-8,MNL046,LP85,NP7-8,MNL046 LP85,Reten Apartment,MANILA,3,1,BARANGAY 434,,,14.605858,120.995301,,,,,,,16,2022-03-10,OSP
MNL046 LP6 NP3-4,MNL046,LP6,NP3-4,MNL046 LP6,Reten Apartment,MANILA,3,1,BARANGAY 434,,,14.605853,120.99662,,,,,,,16,2022-03-10,OSP
MNL046 LP329 NP3-4,MNL046,LP329,NP3-4,MNL046 LP329,Reten Apartment,MANILA,3,1,BARANGAY 434,,,14.605908,120.996674,,,,,,,16,2024-01-11,OSP
MNL002 LP267 NP1-2,MNL002,LP267,NP1-2,MNL002 LP267,Don Quintos,MANILA,3,1,BARANGAY 435,,,14.605188,120.996438,,,,,,,16,2019-12-02,OSP
MNL002 LP267 NP3-4,MNL002,LP267,NP3-4,MNL002 LP267,Don Quintos,MANILA,3,1,BARANGAY 435,,,14.604834,120.996768,,,,,,,16,2019-12-02,OSP
MNL002 LP267 NP5-6,MNL002,LP267,NP5-6,MNL002 LP267,Don Quintos,MANILA,3,1,BARANGAY 435,,,14.604395,120.997146,,,,,,,16,2019-12-02,OSP
MNL002 LP71 NP1-2,MNL002,LP71,NP1-2,MNL002 LP71,Don Quintos,MANILA,3,1,BARANGAY 435,,,14.60361,120.997335,,,,,,,16,2018-04-24,OSP
MNL002 LP71 NP3-4,MNL002,LP71,NP3-4,MNL002 LP71,Don Quintos,MANILA,3,1,BARANGAY 435,,,14.604192,120.996908,,,,,,,16,2018-04-24,OSP
MNL002 LP72 NP7-8,MNL002,LP72,NP7-8,MNL002 LP72,Don Quintos,MANILA,3,1,BARANGAY 435,,,14.605261,120.996448,,,,,,,16,2020-08-27,OSP
MNL046 LP247 NP3-4,MNL046,LP247,NP3-4,MNL046 LP247,Reten Apartment,MANILA,3,1,BARANGAY 435,,,14.603837,120.99778,,,,,,,16,2023-05-08,OSP
MNL046 LP249 NP1-2,MNL046,LP249,NP1-2,MNL046 LP249,Reten Apartment,MANILA,3,1,BARANGAY 435,,,14.603621,120.997357,,,,,,,16,2024-01-09,OSP
MNL046 LP249 NP3-4,MNL046,LP249,NP3-4,MNL046 LP249,Reten Apartment,MANILA,3,1,BARANGAY 435,,,14.603822,120.99769,,,,,,,16,2024-01-09,OSP
MNL046 LP249 NP5-6,MNL046,LP249,NP5-6,MNL046 LP249,Reten Apartment,MANILA,3,1,BARANGAY 435,,,14.603822,120.99769,,,,,,,16,2024-01-09,OSP
MNL046 LP277 NP3-4,MNL046,LP277,NP3-4,MNL046 LP277,Reten Apartment,MANILA,3,1,BARANGAY 435,,,14.603983,120.99665,,,,,,,16,2024-01-09,OSP
MNL046 LP277 NP5-6,MNL046,LP277,NP5-6,MNL046 LP277,Reten Apartment,MANILA,3,1,BARANGAY 435,,,14.604204,120.99689,,,,,,,16,2024-01-09,OSP
MNL046 LP277 NP7-8,MNL046,LP277,NP7-8,MNL046 LP277,Reten Apartment,MANILA,3,1,BARANGAY 435,,,14.603903,120.99718,,,,,,,16,2024-01-09,OSP
MNL046 LP278 NP1-2,MNL046,LP278,NP1-2,MNL046 LP278,Reten Apartment,MANILA,3,1,BARANGAY 435,,,14.604506,120.99716,,,,,,,16,2024-01-09,OSP
MNL046 LP278 NP3-4,MNL046,LP278,NP3-4,MNL046 LP278,Reten Apartment,MANILA,3,1,BARANGAY 435,,,14.604695,120.99738,,,,,,,16,2024-01-09,OSP
MNL046 LP269 NP1-2,MNL046,LP269,NP1-2,MNL046 LP269,Reten Apartment,MANILA,3,1,BARANGAY 435,,,14.603517,120.99715,,,,,,,16,2024-01-09,OSP
MNL046 LP107 NP7-8,MNL046,LP107,NP7-8,MNL046 LP107,Reten Apartment,MANILA,3,1,BARANGAY 435,,,14.603653,120.99736,,,,,,,16,2022-03-10,OSP
MNL046 LP108 NP1-2,MNL046,LP108,NP1-2,MNL046 LP108,Reten Apartment,MANILA,3,1,BARANGAY 435,,,14.603853,120.99779,,,,,,,16,2022-03-10,OSP
MNL046 LP84 NP1-2,MNL046,LP84,NP1-2,MNL046 LP84,Reten Apartment,MANILA,3,1,BARANGAY 435,,,14.605317,120.996858,,,,,,,16,2022-03-10,OSP
MNL046 LP84 NP3-4,MNL046,LP84,NP3-4,MNL046 LP84,Reten Apartment,MANILA,3,1,BARANGAY 435,,,14.604694,120.997383,,,,,,,16,2022-03-10,OSP
MNL046 LP84 NP5-6,MNL046,LP84,NP5-6,MNL046 LP84,Reten Apartment,MANILA,3,1,BARANGAY 435,,,14.604208,120.996875,,,,,,,16,2022-03-10,OSP
MNL046 LP84 NP7-8,MNL046,LP84,NP7-8,MNL046 LP84,Reten Apartment,MANILA,3,1,BARANGAY 435,,,14.604314,120.996634,,,,,,,16,2022-03-10,OSP
MNL001 LP14 NP3-4,MNL001,LP14,NP3-4,MNL001 LP14,Zen Tower,MANILA,3,1,BARANGAY 435,,,14.604677,120.997333,,,,,,,16,2015-07-27,OSP
MNL002 LP275 NP1-2,MNL002,LP275,NP1-2,MNL002 LP275,Don Quintos,MANILA,3,1,BARANGAY 436,,,14.605111,121.000263,,,,,,,16,2019-11-14,OSP
MNL002 LP275 NP3-4,MNL002,LP275,NP3-4,MNL002 LP275,Don Quintos,MANILA,3,1,BARANGAY 436,,,14.604771,120.999773,,,,,,,16,2019-11-14,OSP
MNL002 LP275 NP5-6,MNL002,LP275,NP5-6,MNL002 LP275,Don Quintos,MANILA,3,1,BARANGAY 436,,,14.604113,120.998416,,,,,,,16,2019-11-14,OSP
MNL002 LP275 NP7-8,MNL002,LP275,NP7-8,MNL002 LP275,Don Quintos,MANILA,3,1,BARANGAY 436,,,14.604232,120.998221,,,,,,,16,2020-07-29,OSP
MNL002 LP98 NP7-8,MNL002,LP98,NP7-8,MNL002 LP98,Don Quintos,MANILA,3,1,BARANGAY 436,,,14.604979,120.99874,,,,,,,16,2020-08-07,OSP
MNL002 LP98 NP5-6,MNL002,LP98,NP5-6,MNL002 LP98,Don Quintos,MANILA,3,1,BARANGAY 436,,,14.60423,120.998686,,,,,,,16,2018-05-22,OSP
MNL002 LP335 NP3-4,MNL002,LP335,NP3-4,MNL002 LP335,Don Quintos,MANILA,3,1,BARANGAY 436,,,14.604866,120.999726,,,,,,,16,2020-02-05,OSP
MNL002 LP338 NP1-2,MNL002,LP338,NP1-2,MNL002 LP338,Don Quintos,MANILA,3,1,BARANGAY 436,,,14.604404,120.999105,,,,,,,16,2020-02-05,OSP
MNL002 LP338 NP3-4,MNL002,LP338,NP3-4,MNL002 LP338,Don Quintos,MANILA,3,1,BARANGAY 436,,,14.60395,120.998155,,,,,,,16,2020-02-05,OSP
MNL002 LP334 NP7-8,MNL002,LP334,NP7-8,MNL002 LP334,Don Quintos,MANILA,3,1,BARANGAY 436,,,14.604972,121.000042,,,,,,,16,2020-02-05,OSP
MNL002 LP49 NP5-6,MNL002,LP49,NP5-6,MNL002 LP49,Don Quintos,MANILA,3,1,BARANGAY 436,,,14.605053,121.000177,,,,,,,16,2018-01-08,OSP
MNL035 LP458 NP3-4-5,MNL035,LP458,NP3-4-5,MNL035 LP458,Pureza (Legarda / Lacson),MANILA,3,1,BARANGAY 436,,,14.603952,120.998118,,,,,,,24,2021-05-02,OSP
MNL035 LP458 NP6-7-8,MNL035,LP458,NP6-7-8,MNL035 LP458,Pureza (Legarda / Lacson),MANILA,3,1,BARANGAY 436,,,14.604098,120.998404,,,,,,,24,2021-05-02,OSP
MNL035 LP459 NP1-2,MNL035,LP459,NP1-2,MNL035 LP459,Pureza (Legarda / Lacson),MANILA,3,1,BARANGAY 436,,,14.604242,120.99873,,,,,,,16,2021-05-02,OSP
MNL035 LP462 NP1-2,MNL035,LP462,NP1-2,MNL035 LP462,Pureza (Legarda / Lacson),MANILA,3,1,BARANGAY 436,,,14.604523,120.999371,,,,,,,16,2021-05-02,OSP
MNL035 LP464 NP1-2,MNL035,LP464,NP1-2,MNL035 LP464,Pureza (Legarda / Lacson),MANILA,3,1,BARANGAY 436,,,14.604825,120.999876,,,,,,,16,2021-05-02,OSP
MNL035 LP464 NP6-7-8,MNL035,LP464,NP6-7-8,MNL035 LP464,Pureza (Legarda / Lacson),MANILA,3,1,BARANGAY 436,,,14.604974,121.000108,,,,,,,24,2021-05-02,OSP
MNL046 LP247 NP5-6,MNL046,LP247,NP5-6,MNL046 LP247,Reten Apartment,MANILA,3,1,BARANGAY 436,,,14.604097,120.99837,,,,,,,16,2023-05-08,OSP
MNL046 LP15 NP7-8,MNL046,LP15,NP7-8,MNL046 LP15,Reten Apartment,MANILA,3,1,BARANGAY 436,,,14.605507,121.00005,,,,,,,16,2022-03-10,OSP
MNL046 LP16 NP7-8,MNL046,LP16,NP7-8,MNL046 LP16,Reten Apartment,MANILA,3,1,BARANGAY 436,,,14.605086,120.99941,,,,,,,16,2022-03-10,OSP
MNL046 LP16 NP1-2,MNL046,LP16,NP1-2,MNL046 LP16,Reten Apartment,MANILA,3,1,BARANGAY 436,,,14.605284,120.99967,,,,,,,16,2022-03-10,OSP
MNL046 LP13 NP3-5,MNL046,LP13,NP3-5,MNL046 LP13,Reten Apartment,MANILA,3,1,BARANGAY 436,,,14.604706,120.99889,,,,,,,24,2022-03-10,OSP
MNL046 LP330 NP3-4,MNL046,LP330,NP3-4,MNL046 LP330,Reten Apartment,MANILA,3,1,BARANGAY 436,,,14.604042,120.998043,,,,,,,16,2024-01-11,OSP
MNL046 LP323 NP7-8,MNL046,LP323,NP7-8,MNL046 LP323,Reten Apartment,MANILA,3,1,BARANGAY 436,,,14.604254,120.998165,,,,,,,16,2024-01-11,OSP
MNL046 LP315 NP7-8,MNL046,LP315,NP7-8,MNL046 LP315,Reten Apartment,MANILA,3,1,BARANGAY 436,,,14.604849,120.999689,,,,,,,16,2024-01-11,OSP
MNL046 LP314 NP1-2,MNL046,LP314,NP1-2,MNL046 LP314,Reten Apartment,MANILA,3,1,BARANGAY 436,,,14.604681,120.998952,,,,,,,16,2024-01-11,OSP
MNL046 LP315 NP5-6,MNL046,LP315,NP5-6,MNL046 LP315,Reten Apartment,MANILA,3,1,BARANGAY 436,,,14.605092,120.999448,,,,,,,16,2024-01-11,OSP
MNL002 LP98 NP1-2,MNL002,LP98,NP1-2,MNL002 LP98,Don Quintos,MANILA,3,1,BARANGAY 437,,,14.605918,121.001515,,,,,,,16,2018-05-22,OSP
MNL002 LP334 NP1-2,MNL002,LP334,NP1-2,MNL002 LP334,Don Quintos,MANILA,3,1,BARANGAY 437,,,14.605614,121.001036,,,,,,,16,2020-02-05,OSP
MNL046 LP28 NP3-5,MNL046,LP28,NP3-5,MNL046 LP28,Reten Apartment,MANILA,3,1,BARANGAY 437,,,14.606402,121.00119,,,,,,,24,2022-04-04,OSP
MNL046 LP28 NP6-8,MNL046,LP28,NP6-8,MNL046 LP28,Reten Apartment,MANILA,3,1,BARANGAY 437,,,14.606656,121.00093,,,,,,,24,2022-04-04,OSP
MNL046 LP40 NP1-2,MNL046,LP40,NP1-2,MNL046 LP40,Reten Apartment,MANILA,3,1,BARANGAY 437,,,14.606068,121.00053,,,,,,,16,2022-04-04,OSP
MNL046 LP35 NP6-8,MNL046,LP35,NP6-8,MNL046 LP35,Reten Apartment,MANILA,3,1,BARANGAY 437,,,14.606126,121.00091,,,,,,,24,2022-04-04,OSP
MNL046 LP36 NP3-5,MNL046,LP36,NP3-5,MNL046 LP36,Reten Apartment,MANILA,3,1,BARANGAY 437,,,14.605616,121.00095,,,,,,,24,2022-04-04,OSP
MNL046 LP36 NP6-8,MNL046,LP36,NP6-8,MNL046 LP36,Reten Apartment,MANILA,3,1,BARANGAY 437,,,14.606538,121.00059,,,,,,,24,2022-04-04,OSP
MNL046 LP37 NP1-2,MNL046,LP37,NP1-2,MNL046 LP37,Reten Apartment,MANILA,3,1,BARANGAY 437,,,14.605894,121.00011,,,,,,,16,2022-04-04,OSP
MNL002 LP200 NP1-2,MNL002,LP200,NP1-2,MNL002 LP200,Don Quintos,MANILA,3,1,BARANGAY 438,,,14.60619,120.9999,,,,,,,16,2019-05-31,OSP
MNL002 LP200 NP3-4,MNL002,LP200,NP3-4,MNL002 LP200,Don Quintos,MANILA,3,1,BARANGAY 438,,,14.60701,120.9991,,,,,,,16,2019-05-31,OSP
MNL002 LP334 NP5-6,MNL002,LP334,NP5-6,MNL002 LP334,Don Quintos,MANILA,3,1,BARANGAY 438,,,14.605996,120.99967,,,,,,,16,2020-02-05,OSP
MNL046 LP15 NP5-6,MNL046,LP15,NP5-6,MNL046 LP15,Reten Apartment,MANILA,3,1,BARANGAY 438,,,14.605933,120.99966,,,,,,,16,2022-03-10,OSP
MNL046 LP37 NP3-5,MNL046,LP37,NP3-5,MNL046 LP37,Reten Apartment,MANILA,3,1,BARANGAY 438,,,14.606485,120.99961,,,,,,,24,2022-04-04,OSP
MNL046 LP317 NP5-6,MNL046,LP317,NP5-6,MNL046 LP317,Reten Apartment,MANILA,3,1,BARANGAY 438,,,14.606832,120.998814,,,,,,,16,2024-01-11,OSP
MNL002 LP335 NP1-2,MNL002,LP335,NP1-2,MNL002 LP335,Don Quintos,MANILA,3,1,BARANGAY 439,,,14.60544,120.999058,,,,,,,16,2020-02-05,OSP
MNL002 LP199 NP3-4,MNL002,LP199,NP3-4,MNL002 LP199,Don Quintos,MANILA,3,1,BARANGAY 439,,,14.6066,120.9984,,,,,,,16,2019-05-31,OSP
MNL002 LP199 NP5-6,MNL002,LP199,NP5-6,MNL002 LP199,Don Quintos,MANILA,3,1,BARANGAY 439,,,14.60568,120.9986,,,,,,,16,2019-05-31,OSP
MNL002 LP199 NP7-8,MNL002,LP199,NP7-8,MNL002 LP199,Don Quintos,MANILA,3,1,BARANGAY 439,,,14.60625,120.9989,,,,,,,16,2019-05-31,OSP
MNL002 LP51 NP3-4,MNL002,LP51,NP3-4,MNL002 LP51,Don Quintos,MANILA,3,1,BARANGAY 439,,,14.605953,120.999645,,,,,,,16,2018-02-04,OSP
MNL002 LP51 NP5-6,MNL002,LP51,NP5-6,MNL002 LP51,Don Quintos,MANILA,3,1,BARANGAY 439,,,14.605347,120.999047,,,,,,,16,2018-02-04,OSP
MNL046 LP15 NP1-2,MNL046,LP15,NP1-2,MNL046 LP15,Reten Apartment,MANILA,3,1,BARANGAY 439,,,14.606522,120.99909,,,,,,,16,2022-03-10,OSP
MNL046 LP15 NP3-4,MNL046,LP15,NP3-4,MNL046 LP15,Reten Apartment,MANILA,3,1,BARANGAY 439,,,14.606248,120.99934,,,,,,,16,2022-03-10,OSP
MNL046 LP16 NP3-4,MNL046,LP16,NP3-4,MNL046 LP16,Reten Apartment,MANILA,3,1,BARANGAY 439,,,14.606138,120.99893,,,,,,,16,2022-03-10,OSP
MNL046 LP16 NP5-6,MNL046,LP16,NP5-6,MNL046 LP16,Reten Apartment,MANILA,3,1,BARANGAY 439,,,14.60539,120.99909,,,,,,,16,2022-03-10,OSP
MNL046 LP13 NP6-8,MNL046,LP13,NP6-8,MNL046 LP13,Reten Apartment,MANILA,3,1,BARANGAY 439,,,14.605608,120.99861,,,,,,,24,2022-03-10,OSP
MNL046 LP316 NP1-2,MNL046,LP316,NP1-2,MNL046 LP316,Reten Apartment,MANILA,3,1,BARANGAY 439,,,14.605341,120.998708,,,,,,,16,2024-01-11,OSP
MNL046 LP316 NP3-4,MNL046,LP316,NP3-4,MNL046 LP316,Reten Apartment,MANILA,3,1,BARANGAY 439,,,14.606228,120.998469,,,,,,,16,2024-01-11,OSP
MNL046 LP317 NP7-8,MNL046,LP317,NP7-8,MNL046 LP317,Reten Apartment,MANILA,3,1,BARANGAY 439,,,14.606617,120.998815,,,,,,,16,2024-01-11,OSP
MNL046 LP314 NP3-4,MNL046,LP314,NP3-4,MNL046 LP314,Reten Apartment,MANILA,3,1,BARANGAY 439,,,14.60503,120.998757,,,,,,,16,2024-01-11,OSP
MNL046 LP315 NP1-2,MNL046,LP315,NP1-2,MNL046 LP315,Reten Apartment,MANILA,3,1,BARANGAY 439,,,14.605198,120.998809,,,,,,,16,2024-01-11,OSP
MNL046 LP315 NP3-4,MNL046,LP315,NP3-4,MNL046 LP315,Reten Apartment,MANILA,3,1,BARANGAY 439,,,14.605409,120.999063,,,,,,,16,2024-01-11,OSP
MNL005 LP241 NP1-2,MNL005,LP241,NP1-2,MNL005 LP241,Orchard Building (City Square 2),MANILA,3,1,BARANGAY 44,,,14.609426,120.961578,,,,,,,16,2021-09-25,OSP
MNL005 LP241 NP3-4-5,MNL005,LP241,NP3-4-5,MNL005 LP241,Orchard Building (City Square 2),MANILA,3,1,BARANGAY 44,,,14.608878,120.961361,,,,,,,24,2021-09-25,OSP
MNL005 LP241 NP6-7-8,MNL005,LP241,NP6-7-8,MNL005 LP241,Orchard Building (City Square 2),MANILA,3,1,BARANGAY 44,,,14.608615,120.961391,,,,,,,24,2021-09-25,OSP
MNL005 LP242 NP1-2,MNL005,LP242,NP1-2,MNL005 LP242,Orchard Building (City Square 2),MANILA,3,1,BARANGAY 44,,,14.608316,120.961409,,,,,,,16,2021-09-25,OSP
MNL005 LP242 NP3-4-5,MNL005,LP242,NP3-4-5,MNL005 LP242,Orchard Building (City Square 2),MANILA,3,1,BARANGAY 44,,,14.608029,120.961434,,,,,,,24,2021-09-25,OSP
MNL005 LP324 NP6-8,MNL005,LP324,NP6-8,MNL005 LP324,Orchard Building (City Square 2),MANILA,3,1,BARANGAY 44,,,14.608639,120.961664,,,,,,,24,2021-11-17,OSP
MNL005 LP325 NP1-2,MNL005,LP325,NP1-2,MNL005 LP325,Orchard Building (City Square 2),MANILA,3,1,BARANGAY 44,,,14.608769,120.96165,,,,,,,16,2021-11-17,OSP
MNL005 LP325 NP3-5,MNL005,LP325,NP3-5,MNL005 LP325,Orchard Building (City Square 2),MANILA,3,1,BARANGAY 44,,,14.609187,120.961637,,,,,,,24,2021-11-17,OSP
MNL005 LP3 NP3-4,MNL005,LP3,NP3-4,MNL005 LP3,Orchard Building (City Square 2),MANILA,3,1,BARANGAY 44,,,14.608628,120.961371,,,,,,,16,2020-08-30,OSP
MNL005 LP3 NP5-6,MNL005,LP3,NP5-6,MNL005 LP3,Orchard Building (City Square 2),MANILA,3,1,BARANGAY 44,,,14.607954,120.961426,,,,,,,16,2020-08-30,OSP
MNL002 LP202 NP1-2,MNL002,LP202,NP1-2,MNL002 LP202,Don Quintos,MANILA,3,1,BARANGAY 440,,,14.60764,120.9994,,,,,,,16,2019-05-31,OSP
MNL002 LP52 NP1-2,MNL002,LP52,NP1-2,MNL002 LP52,Don Quintos,MANILA,3,1,BARANGAY 440,,,14.607495,120.999204,,,,,,,16,2018-02-04,OSP
MNL046 LP41 NP1-2,MNL046,LP41,NP1-2,MNL046 LP41,Reten Apartment,MANILA,3,1,BARANGAY 440,,,14.60748,120.99918,,,,,,,16,2022-04-04,OSP
MNL046 LP34 NP3-5,MNL046,LP34,NP3-5,MNL046 LP34,Reten Apartment,MANILA,3,1,BARANGAY 440,,,14.60811,120.999,,,,,,,24,2022-04-04,OSP
MNL046 LP34 NP6-8,MNL046,LP34,NP6-8,MNL046 LP34,Reten Apartment,MANILA,3,1,BARANGAY 440,,,14.607713,120.99945,,,,,,,24,2022-04-04,OSP
MNL002 LP202 NP3-4,MNL002,LP202,NP3-4,MNL002 LP202,Don Quintos,MANILA,3,1,BARANGAY 441,,,14.60874,120.9983,,,,,,,16,2019-05-31,OSP
MNL002 LP53 NP5-6,MNL002,LP53,NP5-6,MNL002 LP53,Don Quintos,MANILA,3,1,BARANGAY 441,,,14.60855,120.998187,,,,,,,16,2018-02-04,OSP
MNL046 LP41 NP6-8,MNL046,LP41,NP6-8,MNL046 LP41,Reten Apartment,MANILA,3,1,BARANGAY 441,,,14.608507,120.99817,,,,,,,24,2022-04-04,OSP
MNL046 LP33 NP6-8,MNL046,LP33,NP6-8,MNL046 LP33,Reten Apartment,MANILA,3,1,BARANGAY 441,,,14.609332,120.99784,,,,,,,24,2022-04-04,OSP
MNL046 LP34 NP1-2,MNL046,LP34,NP1-2,MNL046 LP34,Reten Apartment,MANILA,3,1,BARANGAY 441,,,14.608921,120.99823,,,,,,,16,2022-04-04,OSP
MNL002 LP203 NP1-2,MNL002,LP203,NP1-2,MNL002 LP203,Don Quintos,MANILA,3,1,BARANGAY 442,,,14.60917,120.9989,,,,,,,16,2019-05-31,OSP
MNL002 LP53 NP3-4,MNL002,LP53,NP3-4,MNL002 LP53,Don Quintos,MANILA,3,1,BARANGAY 442,,,14.608994,120.998659,,,,,,,16,2018-02-04,OSP
MNL002 LP311 NP7-8,MNL002,LP311,NP7-8,MNL002 LP311,Don Quintos,MANILA,3,1,BARANGAY 442,,,14.609918,120.998969,,,,,,,16,2020-01-29,OSP
MNL046 LP25 NP6-8,MNL046,LP25,NP6-8,MNL046 LP25,Reten Apartment,MANILA,3,1,BARANGAY 442,,,14.609652,120.99857,,,,,,,24,2022-04-04,OSP
MNL046 LP26 NP1-2,MNL046,LP26,NP1-2,MNL046 LP26,Reten Apartment,MANILA,3,1,BARANGAY 442,,,14.609325,120.99897,,,,,,,16,2022-04-04,OSP
MNL046 LP23 NP3-4,MNL046,LP23,NP3-4,MNL046 LP23,Reten Apartment,MANILA,3,1,BARANGAY 442,,,14.610021,120.99873,,,,,,,16,2022-04-04,OSP
MNL046 LP23 NP5-6,MNL046,LP23,NP5-6,MNL046 LP23,Reten Apartment,MANILA,3,1,BARANGAY 442,,,14.609486,120.99924,,,,,,,16,2022-04-04,OSP
MNL046 LP30 NP1-2,MNL046,LP30,NP1-2,MNL046 LP30,Reten Apartment,MANILA,3,1,BARANGAY 442,,,14.609015,120.9987,,,,,,,16,2022-04-04,OSP
MNL046 LP30 NP3-5,MNL046,LP30,NP3-5,MNL046 LP30,Reten Apartment,MANILA,3,1,BARANGAY 442,,,14.609505,120.99822,,,,,,,24,2022-04-04,OSP
MNL002 LP203 NP3-4,MNL002,LP203,NP3-4,MNL002 LP203,Don Quintos,MANILA,3,1,BARANGAY 443,,,14.60801,120.9999,,,,,,,16,2019-05-31,OSP
MNL002 LP203 NP5-6,MNL002,LP203,NP5-6,MNL002 LP203,Don Quintos,MANILA,3,1,BARANGAY 443,,,14.60802,120.999741,,,,,,,16,2020-07-29,OSP
MNL002 LP52 NP3-4,MNL002,LP52,NP3-4,MNL002 LP52,Don Quintos,MANILA,3,1,BARANGAY 443,,,14.607995,120.999728,,,,,,,16,2018-02-04,OSP
MNL002 LP52 NP5-6,MNL002,LP52,NP5-6,MNL002 LP52,Don Quintos,MANILA,3,1,BARANGAY 443,,,14.608429,121.000222,,,,,,,16,2018-02-04,OSP
MNL002 LP53 NP1-2,MNL002,LP53,NP1-2,MNL002 LP53,Don Quintos,MANILA,3,1,BARANGAY 443,,,14.609462,120.999329,,,,,,,16,2018-02-04,OSP
MNL002 LP312 NP1-2,MNL002,LP312,NP1-2,MNL002 LP312,Don Quintos,MANILA,3,1,BARANGAY 443,,,14.608993,120.999822,,,,,,,16,2020-01-29,OSP
MNL046 LP26 NP3-5,MNL046,LP26,NP3-5,MNL046 LP26,Reten Apartment,MANILA,3,1,BARANGAY 443,,,14.608644,120.99953,,,,,,,24,2022-04-04,OSP
MNL046 LP26 NP6-8,MNL046,LP26,NP6-8,MNL046 LP26,Reten Apartment,MANILA,3,1,BARANGAY 443,,,14.608165,120.99994,,,,,,,24,2022-04-04,OSP
MNL046 LP24 NP1-2,MNL046,LP24,NP1-2,MNL046 LP24,Reten Apartment,MANILA,3,1,BARANGAY 443,,,14.608437,121.00023,,,,,,,16,2022-04-04,OSP
MNL046 LP23 NP7-8,MNL046,LP23,NP7-8,MNL046 LP23,Reten Apartment,MANILA,3,1,BARANGAY 443,,,14.608836,120.99985,,,,,,,16,2022-04-04,OSP
MNL046 LP29 NP3-5,MNL046,LP29,NP3-5,MNL046 LP29,Reten Apartment,MANILA,3,1,BARANGAY 443,,,14.607971,120.99973,,,,,,,24,2022-04-04,OSP
MNL046 LP29 NP6-8,MNL046,LP29,NP6-8,MNL046 LP29,Reten Apartment,MANILA,3,1,BARANGAY 443,,,14.608252,120.99918,,,,,,,24,2022-04-04,OSP
MNL002 LP203 NP7-8,MNL002,LP203,NP7-8,MNL002 LP203,Don Quintos,MANILA,3,1,BARANGAY 444,,,14.607448,121.000276,,,,,,,16,2020-07-29,OSP
MNL002 LP201 NP3-4,MNL002,LP201,NP3-4,MNL002 LP201,Don Quintos,MANILA,3,1,BARANGAY 444,,,14.60709,121.0009,,,,,,,16,2019-05-31,OSP
MNL002 LP201 NP5-6,MNL002,LP201,NP5-6,MNL002 LP201,Don Quintos,MANILA,3,1,BARANGAY 444,,,14.60738,121.0013,,,,,,,16,2019-05-31,OSP
MNL002 LP201 NP7-8,MNL002,LP201,NP7-8,MNL002 LP201,Don Quintos,MANILA,3,1,BARANGAY 444,,,14.607955,121.000804,,,,,,,16,2020-07-29,OSP
MNL002 LP52 NP7-8,MNL002,LP52,NP7-8,MNL002 LP52,Don Quintos,MANILA,3,1,BARANGAY 444,,,14.607597,121.00051,,,,,,,16,2020-08-04,OSP
MNL002 LP312 NP3-4,MNL002,LP312,NP3-4,MNL002 LP312,Don Quintos,MANILA,3,1,BARANGAY 444,,,14.608168,121.000562,,,,,,,16,2020-08-06,OSP
MNL046 LP24 NP3-4,MNL046,LP24,NP3-4,MNL046 LP24,Reten Apartment,MANILA,3,1,BARANGAY 444,,,14.607639,121.00103,,,,,,,16,2022-04-04,OSP
MNL046 LP27 NP1-2,MNL046,LP27,NP1-2,MNL046 LP27,Reten Apartment,MANILA,3,1,BARANGAY 444,,,14.607486,121.00061,,,,,,,16,2022-04-04,OSP
MNL046 LP27 NP3-5,MNL046,LP27,NP3-5,MNL046 LP27,Reten Apartment,MANILA,3,1,BARANGAY 444,,,14.607245,121.00084,,,,,,,24,2022-04-04,OSP
MNL002 LP200 NP5-6,MNL002,LP200,NP5-6,MNL002 LP200,Don Quintos,MANILA,3,1,BARANGAY 445,,,14.60646,121.0002,,,,,,,16,2019-05-31,OSP
MNL002 LP200 NP7-8,MNL002,LP200,NP7-8,MNL002 LP200,Don Quintos,MANILA,3,1,BARANGAY 445,,,14.60662,121.0004,,,,,,,16,2019-05-31,OSP
MNL002 LP201 NP1-2,MNL002,LP201,NP1-2,MNL002 LP201,Don Quintos,MANILA,3,1,BARANGAY 445,,,14.60691,121.0007,,,,,,,16,2019-05-31,OSP
MNL046 LP29 NP1-2,MNL046,LP29,NP1-2,MNL046 LP29,Reten Apartment,MANILA,3,1,BARANGAY 445,,,14.607168,121.00047,,,,,,,16,2022-04-04,OSP
MNL046 LP40 NP3-5,MNL046,LP40,NP3-5,MNL046 LP40,Reten Apartment,MANILA,3,1,BARANGAY 445,,,14.606413,121.0002,,,,,,,24,2022-04-04,OSP
MNL046 LP40 NP6-8,MNL046,LP40,NP6-8,MNL046 LP40,Reten Apartment,MANILA,3,1,BARANGAY 445,,,14.606919,120.99971,,,,,,,24,2022-04-04,OSP
MNL046 LP35 NP1-2,MNL046,LP35,NP1-2,MNL046 LP35,Reten Apartment,MANILA,3,1,BARANGAY 445,,,14.607022,121.00005,,,,,,,16,2022-04-04,OSP
MNL046 LP35 NP3-5,MNL046,LP35,NP3-5,MNL046 LP35,Reten Apartment,MANILA,3,1,BARANGAY 445,,,14.606843,121.00022,,,,,,,24,2022-04-04,OSP
MNL002 LP97 NP5-6,MNL002,LP97,NP5-6,MNL002 LP97,Don Quintos,MANILA,3,1,BARANGAY 446,,,14.606373,121.002204,,,,,,,16,2018-05-22,OSP
MNL002 LP97 NP7-8,MNL002,LP97,NP7-8,MNL002 LP97,Don Quintos,MANILA,3,1,BARANGAY 446,,,14.606681,121.001456,,,,,,,16,2020-08-07,OSP
MNL002 LP312 NP5-6,MNL002,LP312,NP5-6,MNL002 LP312,Don Quintos,MANILA,3,1,BARANGAY 446,,,14.606872,121.00182,,,,,,,16,2020-08-06,OSP
MNL035 LP8 NP3-4,MNL035,LP8,NP3-4,MNL035 LP8,Pureza (Legarda / Lacson),MANILA,3,1,BARANGAY 446,,,14.605998,121.001624,,,,,,,16,2021-04-28,OSP
MNL035 LP8 NP5-6,MNL035,LP8,NP5-6,MNL035 LP8,Pureza (Legarda / Lacson),MANILA,3,1,BARANGAY 446,,,14.606359,121.002187,,,,,,,16,2021-04-28,OSP
MNL046 LP28 NP1-2,MNL046,LP28,NP1-2,MNL046 LP28,Reten Apartment,MANILA,3,1,BARANGAY 446,,,14.606332,121.00172,,,,,,,16,2022-04-04,OSP
MNL046 LP24 NP5-6,MNL046,LP24,NP5-6,MNL046 LP24,Reten Apartment,MANILA,3,1,BARANGAY 446,,,14.607345,121.00133,,,,,,,16,2022-04-04,OSP
MNL046 LP24 NP7-8,MNL046,LP24,NP7-8,MNL046 LP24,Reten Apartment,MANILA,3,1,BARANGAY 446,,,14.606944,121.00173,,,,,,,16,2022-04-04,OSP
MNL046 LP27 NP6-8,MNL046,LP27,NP6-8,MNL046 LP27,Reten Apartment,MANILA,3,1,BARANGAY 446,,,14.606585,121.00146,,,,,,,24,2022-04-04,OSP
MNL002 LP204 NP7-8,MNL002,LP204,NP7-8,MNL002 LP204,Don Quintos,MANILA,3,1,BARANGAY 447,,,14.60854,120.9975,,,,,,,16,2019-05-31,OSP
MNL002 LP2 NP1-2,MNL002,LP2,NP1-2,MNL002 LP2,Don Quintos,MANILA,3,1,BARANGAY 447,,,14.608635,120.997071,,,,,,,16,2016-06-16,OSP
MNL002 LP53 NP7-8,MNL002,LP53,NP7-8,MNL002 LP53,Don Quintos,MANILA,3,1,BARANGAY 447,,,14.608265,120.997846,,,,,,,16,2018-02-04,OSP
MNL046 LP17 NP1-2,MNL046,LP17,NP1-2,MNL046 LP17,Reten Apartment,MANILA,3,1,BARANGAY 447,,,14.608872,120.99682,,,,,,,16,2022-03-10,OSP
MNL046 LP42 NP1-2,MNL046,LP42,NP1-2,MNL046 LP42,Reten Apartment,MANILA,3,1,BARANGAY 447,,,14.60903,120.99768,,,,,,,16,2022-04-04,OSP
MNL046 LP38 NP6-8,MNL046,LP38,NP6-8,MNL046 LP38,Reten Apartment,MANILA,3,1,BARANGAY 447,,,14.608245,120.99788,,,,,,,24,2022-04-04,OSP
MNL046 LP39 NP1-2,MNL046,LP39,NP1-2,MNL046 LP39,Reten Apartment,MANILA,3,1,BARANGAY 447,,,14.608781,120.99736,,,,,,,16,2022-04-04,OSP
MNL046 LP39 NP3-5,MNL046,LP39,NP3-5,MNL046 LP39,Reten Apartment,MANILA,3,1,BARANGAY 447,,,14.609019,120.99713,,,,,,,24,2022-04-04,OSP
MNL046 LP318 NP5-6,MNL046,LP318,NP5-6,MNL046 LP318,Reten Apartment,MANILA,3,1,BARANGAY 447,,,14.608314,120.99741,,,,,,,16,2024-01-11,OSP
MNL046 LP318 NP7-8,MNL046,LP318,NP7-8,MNL046 LP318,Reten Apartment,MANILA,3,1,BARANGAY 447,,,14.608586,120.997153,,,,,,,16,2024-01-11,OSP
MNL046 LP319 NP1-2,MNL046,LP319,NP1-2,MNL046 LP319,Reten Apartment,MANILA,3,1,BARANGAY 447,,,14.608981,120.996787,,,,,,,16,2024-01-11,OSP
MNL002 LP199 NP1-2,MNL002,LP199,NP1-2,MNL002 LP199,Don Quintos,MANILA,3,1,BARANGAY 448,,,14.60751,120.9982,,,,,,,16,2019-05-31,OSP
MNL002 LP51 NP1-2,MNL002,LP51,NP1-2,MNL002 LP51,Don Quintos,MANILA,3,1,BARANGAY 448,,,14.607005,120.998657,,,,,,,16,2018-02-04,OSP
MNL046 LP14 NP1-2,MNL046,LP14,NP1-2,MNL046 LP14,Reten Apartment,MANILA,3,1,BARANGAY 448,,,14.606762,120.99831,,,,,,,16,2022-03-10,OSP
MNL046 LP14 NP3-5,MNL046,LP14,NP3-5,MNL046 LP14,Reten Apartment,MANILA,3,1,BARANGAY 448,,,14.607048,120.99825,,,,,,,24,2022-03-10,OSP
MNL046 LP14 NP6-8,MNL046,LP14,NP6-8,MNL046 LP14,Reten Apartment,MANILA,3,1,BARANGAY 448,,,14.607681,120.99796,,,,,,,24,2022-03-10,OSP
MNL046 LP41 NP3-5,MNL046,LP41,NP3-5,MNL046 LP41,Reten Apartment,MANILA,3,1,BARANGAY 448,,,14.608167,120.99851,,,,,,,24,2022-04-04,OSP
MNL046 LP37 NP6-8,MNL046,LP37,NP6-8,MNL046 LP37,Reten Apartment,MANILA,3,1,BARANGAY 448,,,14.607211,120.99895,,,,,,,24,2022-04-04,OSP
MNL046 LP38 NP1-2,MNL046,LP38,NP1-2,MNL046 LP38,Reten Apartment,MANILA,3,1,BARANGAY 448,,,14.60758,120.99858,,,,,,,16,2022-04-04,OSP
MNL046 LP38 NP3-5,MNL046,LP38,NP3-5,MNL046 LP38,Reten Apartment,MANILA,3,1,BARANGAY 448,,,14.608059,120.9981,,,,,,,24,2022-04-04,OSP
MNL046 LP316 NP5-6,MNL046,LP316,NP5-6,MNL046 LP316,Reten Apartment,MANILA,3,1,BARANGAY 448,,,14.607156,120.998228,,,,,,,16,2024-01-11,OSP
MNL046 LP316 NP7-8,MNL046,LP316,NP7-8,MNL046 LP316,Reten Apartment,MANILA,3,1,BARANGAY 448,,,14.60745,120.998237,,,,,,,16,2024-01-11,OSP
MNL046 LP317 NP1-2,MNL046,LP317,NP1-2,MNL046 LP317,Reten Apartment,MANILA,3,1,BARANGAY 448,,,14.607258,120.998418,,,,,,,16,2024-01-11,OSP
MNL046 LP317 NP3-4,MNL046,LP317,NP3-4,MNL046 LP317,Reten Apartment,MANILA,3,1,BARANGAY 448,,,14.607014,120.998648,,,,,,,16,2024-01-11,OSP
MNL046 LP318 NP1-2,MNL046,LP318,NP1-2,MNL046 LP318,Reten Apartment,MANILA,3,1,BARANGAY 448,,,14.607664,120.998021,,,,,,,16,2024-01-11,OSP
MNL002 LP59 NP7-8,MNL002,LP59,NP7-8,MNL002 LP59,Don Quintos,MANILA,3,1,BARANGAY 449,,,14.608312,120.996852,,,,,,,16,2020-08-04,OSP
MNL002 LP197 NP5-6,MNL002,LP197,NP5-6,MNL002 LP197,Don Quintos,MANILA,3,1,BARANGAY 449,,,14.60775,120.9973,,,,,,,16,2019-05-31,OSP
MNL046 LP20 NP1-2,MNL046,LP20,NP1-2,MNL046 LP20,Reten Apartment,MANILA,3,1,BARANGAY 449,,,14.608238,120.99685,,,,,,,16,2022-03-10,OSP
MNL046 LP320 NP3-4,MNL046,LP320,NP3-4,MNL046 LP320,Reten Apartment,MANILA,3,1,BARANGAY 449,,,14.608157,120.99656,,,,,,,16,2024-01-11,OSP
MNL046 LP320 NP5-6,MNL046,LP320,NP5-6,MNL046 LP320,Reten Apartment,MANILA,3,1,BARANGAY 449,,,14.607915,120.996813,,,,,,,16,2024-01-11,OSP
MNL046 LP320 NP7-8,MNL046,LP320,NP7-8,MNL046 LP320,Reten Apartment,MANILA,3,1,BARANGAY 449,,,14.607632,120.997006,,,,,,,16,2024-01-11,OSP
MNL046 LP321 NP1-2,MNL046,LP321,NP1-2,MNL046 LP321,Reten Apartment,MANILA,3,1,BARANGAY 449,,,14.60777,120.997414,,,,,,,16,2024-01-11,OSP
MNL046 LP318 NP3-4,MNL046,LP318,NP3-4,MNL046 LP318,Reten Apartment,MANILA,3,1,BARANGAY 449,,,14.60808,120.997627,,,,,,,16,2024-01-11,OSP
MNL046 LP319 NP5-6,MNL046,LP319,NP5-6,MNL046 LP319,Reten Apartment,MANILA,3,1,BARANGAY 449,,,14.608221,120.996965,,,,,,,16,2024-01-11,OSP
MNL046 LP319 NP7-8,MNL046,LP319,NP7-8,MNL046 LP319,Reten Apartment,MANILA,3,1,BARANGAY 449,,,14.60807,120.997112,,,,,,,16,2024-01-11,OSP
MNL003 LP204 NP5-6,MNL003,LP204,NP5-6,MNL003 LP204,City Square,MANILA,3,1,BARANGAY 45,,,14.60727387,120.9654069,,,,,,,16,2019-02-12,OSP
MNL003 LP205 NP3-4,MNL003,LP205,NP3-4,MNL003 LP205,City Square,MANILA,3,1,BARANGAY 45,,,14.60725445,120.9646355,,,,,,,16,2019-02-12,OSP
MNL003 LP205 NP5-6,MNL003,LP205,NP5-6,MNL003 LP205,City Square,MANILA,3,1,BARANGAY 45,,,14.60798929,120.9646913,,,,,,,16,2019-02-12,OSP
MNL003 LP205 NP7-8,MNL003,LP205,NP7-8,MNL003 LP205,City Square,MANILA,3,1,BARANGAY 45,,,14.60847722,120.964619,,,,,,,16,2019-02-12,OSP
MNL003 LP206 NP1-2,MNL003,LP206,NP1-2,MNL003 LP206,City Square,MANILA,3,1,BARANGAY 45,,,14.60837435,120.9643183,,,,,,,16,2019-02-12,OSP
MNL003 LP204 NP3-4,MNL003,LP204,NP3-4,MNL003 LP204,City Square,MANILA,3,1,BARANGAY 45,,,14.60795031,120.9654172,,,,,,,16,2019-02-12,OSP
MNL003 LP400 NP5-6,MNL003,LP400,NP5-6,MNL003 LP400,City Square,MANILA,3,1,BARANGAY 45,,,14.607624,120.964861,,,,,,,16,2019-10-02,OSP
MNL003 LP400 NP7-8,MNL003,LP400,NP7-8,MNL003 LP400,City Square,MANILA,3,1,BARANGAY 45,,,14.607246,120.96488,,,,,,,16,2019-10-02,OSP
MNL005 LP268 NP3-5,MNL005,LP268,NP3-5,MNL005 LP268,Orchard Building (City Square 2),MANILA,3,1,BARANGAY 45,,,14.60834,120.965434,,,,,,,24,2021-10-21,OSP
MNL005 LP268 NP6-8,MNL005,LP268,NP6-8,MNL005 LP268,Orchard Building (City Square 2),MANILA,3,1,BARANGAY 45,,,14.607909,120.965423,,,,,,,24,2021-10-21,OSP
MNL005 LP269 NP1-2,MNL005,LP269,NP1-2,MNL005 LP269,Orchard Building (City Square 2),MANILA,3,1,BARANGAY 45,,,14.607596,120.965417,,,,,,,16,2021-10-21,OSP
MNL005 LP274 NP1-2,MNL005,LP274,NP1-2,MNL005 LP274,Orchard Building (City Square 2),MANILA,3,1,BARANGAY 45,,,14.607287,120.965402,,,,,,,16,2021-10-21,OSP
MNL005 LP274 NP3-5,MNL005,LP274,NP3-5,MNL005 LP274,Orchard Building (City Square 2),MANILA,3,1,BARANGAY 45,,,14.607331,120.965048,,,,,,,24,2021-10-21,OSP
MNL005 LP274 NP6-8,MNL005,LP274,NP6-8,MNL005 LP274,Orchard Building (City Square 2),MANILA,3,1,BARANGAY 45,,,14.607699,120.965059,,,,,,,24,2021-10-21,OSP
MNL005 LP275 NP1-2,MNL005,LP275,NP1-2,MNL005 LP275,Orchard Building (City Square 2),MANILA,3,1,BARANGAY 45,,,14.607984,120.965065,,,,,,,16,2021-10-21,OSP
MNL005 LP275 NP3-5,MNL005,LP275,NP3-5,MNL005 LP275,Orchard Building (City Square 2),MANILA,3,1,BARANGAY 45,,,14.607983,120.965067,,,,,,,24,2021-10-21,OSP
MNL005 LP275 NP6-8,MNL005,LP275,NP6-8,MNL005 LP275,Orchard Building (City Square 2),MANILA,3,1,BARANGAY 45,,,14.608306,120.965069,,,,,,,24,2021-10-21,OSP
MNL005 LP276 NP3-5,MNL005,LP276,NP3-5,MNL005 LP276,Orchard Building (City Square 2),MANILA,3,1,BARANGAY 45,,,14.608277,120.965235,,,,,,,24,2021-10-21,OSP
MNL005 LP276 NP6-8,MNL005,LP276,NP6-8,MNL005 LP276,Orchard Building (City Square 2),MANILA,3,1,BARANGAY 45,,,14.608277,120.965237,,,,,,,24,2021-10-21,OSP
MNL005 LP277 NP1-2,MNL005,LP277,NP1-2,MNL005 LP277,Orchard Building (City Square 2),MANILA,3,1,BARANGAY 45,,,14.607954,120.965251,,,,,,,16,2021-10-21,OSP
MNL005 LP277 NP3-5,MNL005,LP277,NP3-5,MNL005 LP277,Orchard Building (City Square 2),MANILA,3,1,BARANGAY 45,,,14.607451,120.965233,,,,,,,24,2021-10-21,OSP
MNL005 LP277 NP6-8,MNL005,LP277,NP6-8,MNL005 LP277,Orchard Building (City Square 2),MANILA,3,1,BARANGAY 45,,,14.607452,120.965234,,,,,,,24,2021-10-21,OSP
MNL005 LP278 NP1-2,MNL005,LP278,NP1-2,MNL005 LP278,Orchard Building (City Square 2),MANILA,3,1,BARANGAY 45,,,14.607283,120.964879,,,,,,,16,2021-10-21,OSP
MNL005 LP278 NP3-5,MNL005,LP278,NP3-5,MNL005 LP278,Orchard Building (City Square 2),MANILA,3,1,BARANGAY 45,,,14.607568,120.964878,,,,,,,24,2021-10-21,OSP
MNL005 LP278 NP6-8,MNL005,LP278,NP6-8,MNL005 LP278,Orchard Building (City Square 2),MANILA,3,1,BARANGAY 45,,,14.607949,120.964872,,,,,,,24,2021-10-21,OSP
MNL005 LP279 NP1-2,MNL005,LP279,NP1-2,MNL005 LP279,Orchard Building (City Square 2),MANILA,3,1,BARANGAY 45,,,14.608092,120.964915,,,,,,,16,2021-10-21,OSP
MNL005 LP279 NP3-5,MNL005,LP279,NP3-5,MNL005 LP279,Orchard Building (City Square 2),MANILA,3,1,BARANGAY 45,,,14.608389,120.964922,,,,,,,24,2021-10-21,OSP
MNL005 LP282 NP3-5,MNL005,LP282,NP3-5,MNL005 LP282,Orchard Building (City Square 2),MANILA,3,1,BARANGAY 45,,,14.608479,120.964618,,,,,,,24,2021-10-21,OSP
MNL005 LP282 NP6-8,MNL005,LP282,NP6-8,MNL005 LP282,Orchard Building (City Square 2),MANILA,3,1,BARANGAY 45,,,14.608478,120.964621,,,,,,,24,2021-10-21,OSP
MNL005 LP283 NP1-2,MNL005,LP283,NP1-2,MNL005 LP283,Orchard Building (City Square 2),MANILA,3,1,BARANGAY 45,,,14.607985,120.964675,,,,,,,16,2021-10-21,OSP
MNL005 LP283 NP3-5,MNL005,LP283,NP3-5,MNL005 LP283,Orchard Building (City Square 2),MANILA,3,1,BARANGAY 45,,,14.607713,120.964641,,,,,,,24,2021-10-21,OSP
MNL005 LP283 NP6-8,MNL005,LP283,NP6-8,MNL005 LP283,Orchard Building (City Square 2),MANILA,3,1,BARANGAY 45,,,14.607268,120.964643,,,,,,,24,2021-10-21,OSP
MNL005 LP284 NP1-2,MNL005,LP284,NP1-2,MNL005 LP284,Orchard Building (City Square 2),MANILA,3,1,BARANGAY 45,,,14.607261,120.9645,,,,,,,16,2021-10-21,OSP
MNL005 LP284 NP3-5,MNL005,LP284,NP3-5,MNL005 LP284,Orchard Building (City Square 2),MANILA,3,1,BARANGAY 45,,,14.607691,120.964499,,,,,,,24,2021-10-21,OSP
MNL005 LP285 NP1-2,MNL005,LP285,NP1-2,MNL005 LP285,Orchard Building (City Square 2),MANILA,3,1,BARANGAY 45,,,14.607992,120.964466,,,,,,,16,2021-10-21,OSP
MNL005 LP31 NP3-4,MNL005,LP31,NP3-4,MNL005 LP31,Orchard Building (City Square 2),MANILA,3,1,BARANGAY 45,,,14.607955,120.964866,,,,,,,16,2020-09-25,OSP
MNL005 LP31 NP5-6,MNL005,LP31,NP5-6,MNL005 LP31,Orchard Building (City Square 2),MANILA,3,1,BARANGAY 45,,,14.607675,120.964648,,,,,,,16,2020-09-25,OSP
MNL005 LP31 NP7-8,MNL005,LP31,NP7-8,MNL005 LP31,Orchard Building (City Square 2),MANILA,3,1,BARANGAY 45,,,14.607334,120.965043,,,,,,,16,2020-09-25,OSP
MNL005 LP31 NP1-2,MNL005,LP31,NP1-2,MNL005 LP31,Orchard Building (City Square 2),MANILA,3,1,BARANGAY 45,,,14.608174,120.964907,,,,,,,16,2020-09-25,OSP
MNL005 LP285 NP3-5,MNL005,LP285,NP3-5,MNL005 LP285,Orchard Building (City Square 2),MANILA,3,1,BARANGAY 45,,,14.608403,120.964469,,,,,,,24,2021-10-21,OSP
MNL005 LP287 NP6-8,MNL005,LP287,NP6-8,MNL005 LP287,Orchard Building (City Square 2),MANILA,3,1,BARANGAY 45,,,14.608363,120.964304,,,,,,,24,2021-10-21,OSP
MNL002 LP202 NP7-8,MNL002,LP202,NP7-8,MNL002 LP202,Don Quintos,MANILA,3,1,BARANGAY 450,,,14.61031,120.998,,,,,,,16,2019-05-31,OSP
MNL002 LP55 NP7-8,MNL002,LP55,NP7-8,MNL002 LP55,Don Quintos,MANILA,3,1,BARANGAY 450,,,14.61095,120.996848,,,,,,,16,2020-08-04,OSP
MNL002 LP56 NP1-2,MNL002,LP56,NP1-2,MNL002 LP56,Don Quintos,MANILA,3,1,BARANGAY 450,,,14.612667,120.996261,,,,,,,16,2018-02-04,OSP
MNL002 LP54 NP1-2,MNL002,LP54,NP1-2,MNL002 LP54,Don Quintos,MANILA,3,1,BARANGAY 450,,,14.610522,120.998183,,,,,,,16,2018-02-04,OSP
MNL002 LP54 NP3-4,MNL002,LP54,NP3-4,MNL002 LP54,Don Quintos,MANILA,3,1,BARANGAY 450,,,14.61009,120.997682,,,,,,,16,2018-02-04,OSP
MNL002 LP55 NP1-2,MNL002,LP55,NP1-2,MNL002 LP55,Don Quintos,MANILA,3,1,BARANGAY 450,,,14.611534,120.997254,,,,,,,16,2018-02-04,OSP
MNL002 LP55 NP3-4,MNL002,LP55,NP3-4,MNL002 LP55,Don Quintos,MANILA,3,1,BARANGAY 450,,,14.611376,120.996919,,,,,,,16,2018-02-04,OSP
MNL002 LP310 NP5-6,MNL002,LP310,NP5-6,MNL002 LP310,Don Quintos,MANILA,3,1,BARANGAY 450,,,14.612087,120.996209,,,,,,,16,2020-01-29,OSP
MNL002 LP310 NP7-8,MNL002,LP310,NP7-8,MNL002 LP310,Don Quintos,MANILA,3,1,BARANGAY 450,,,14.611195,120.997227,,,,,,,16,2020-01-29,OSP
MNL002 LP311 NP1-2,MNL002,LP311,NP1-2,MNL002 LP311,Don Quintos,MANILA,3,1,BARANGAY 450,,,14.610625,120.997755,,,,,,,16,2020-01-29,OSP
MNL002 LP311 NP3-4,MNL002,LP311,NP3-4,MNL002 LP311,Don Quintos,MANILA,3,1,BARANGAY 450,,,14.610573,120.998156,,,,,,,16,2020-01-29,OSP
MNL002 LP311 NP5-6,MNL002,LP311,NP5-6,MNL002 LP311,Don Quintos,MANILA,3,1,BARANGAY 450,,,14.611006,120.997772,,,,,,,16,2020-01-29,OSP
MNL002 LP309 NP7-8,MNL002,LP309,NP7-8,MNL002 LP309,Don Quintos,MANILA,3,1,BARANGAY 450,,,14.610567,120.997143,,,,,,,16,2020-01-29,OSP
MNL002 LP299 NP7-8,MNL002,LP299,NP7-8,MNL002 LP299,Don Quintos,MANILA,3,1,BARANGAY 450,,,14.611364,120.996909,,,,,,,16,2019-12-23,OSP
MNL046 LP25 NP1-2,MNL046,LP25,NP1-2,MNL046 LP25,Reten Apartment,MANILA,3,1,BARANGAY 450,,,14.611139,120.99717,,,,,,,16,2022-04-04,OSP
MNL046 LP25 NP3-5,MNL046,LP25,NP3-5,MNL046 LP25,Reten Apartment,MANILA,3,1,BARANGAY 450,,,14.610305,120.99797,,,,,,,24,2022-04-04,OSP
MNL046 LP23 NP1-2,MNL046,LP23,NP1-2,MNL046 LP23,Reten Apartment,MANILA,3,1,BARANGAY 450,,,14.61052,120.9982,,,,,,,16,2022-04-04,OSP
MNL046 LP22 NP1-2,MNL046,LP22,NP1-2,MNL046 LP22,Reten Apartment,MANILA,3,1,BARANGAY 450,,,14.611904,120.99638,,,,,,,16,2022-04-04,OSP
MNL046 LP22 NP3-4,MNL046,LP22,NP3-4,MNL046 LP22,Reten Apartment,MANILA,3,1,BARANGAY 450,,,14.611354,120.99691,,,,,,,16,2022-04-04,OSP
MNL046 LP22 NP5-6,MNL046,LP22,NP5-6,MNL046 LP22,Reten Apartment,MANILA,3,1,BARANGAY 450,,,14.611567,120.99722,,,,,,,16,2022-04-04,OSP
MNL046 LP22 NP7-8,MNL046,LP22,NP7-8,MNL046 LP22,Reten Apartment,MANILA,3,1,BARANGAY 450,,,14.610766,120.99797,,,,,,,16,2022-04-04,OSP
MNL046 LP68 NP7-8,MNL046,LP68,NP7-8,MNL046 LP68,Reten Apartment,MANILA,3,1,BARANGAY 450,,,14.61239617,120.9959407,,,,,,,16,2022-03-13,OSP
MNL046 LP31 NP1-2,MNL046,LP31,NP1-2,MNL046 LP31,Reten Apartment,MANILA,3,1,BARANGAY 450,,,14.610672,120.99713,,,,,,,16,2022-04-04,OSP
MNL046 LP30 NP6-8,MNL046,LP30,NP6-8,MNL046 LP30,Reten Apartment,MANILA,3,1,BARANGAY 450,,,14.610085,120.9977,,,,,,,24,2022-04-04,OSP
MNL002 LP202 NP5-6,MNL002,LP202,NP5-6,MNL002 LP202,Don Quintos,MANILA,3,1,BARANGAY 451,,,14.60978,120.9973,,,,,,,16,2019-05-31,OSP
MNL002 LP55 NP5-6,MNL002,LP55,NP5-6,MNL002 LP55,Don Quintos,MANILA,3,1,BARANGAY 451,,,14.610905,120.996382,,,,,,,16,2018-02-04,OSP
MNL002 LP56 NP3-4,MNL002,LP56,NP3-4,MNL002 LP56,Don Quintos,MANILA,3,1,BARANGAY 451,,,14.612106,120.995584,,,,,,,16,2018-02-04,OSP
MNL002 LP310 NP1-2,MNL002,LP310,NP1-2,MNL002 LP310,Don Quintos,MANILA,3,1,BARANGAY 451,,,14.611271,120.996465,,,,,,,16,2020-01-29,OSP
MNL002 LP310 NP3-4,MNL002,LP310,NP3-4,MNL002 LP310,Don Quintos,MANILA,3,1,BARANGAY 451,,,14.612082,120.995677,,,,,,,16,2020-01-29,OSP
MNL002 LP309 NP1-2,MNL002,LP309,NP1-2,MNL002 LP309,Don Quintos,MANILA,3,1,BARANGAY 451,,,14.611306,120.996078,,,,,,,16,2020-01-29,OSP
MNL002 LP309 NP3-4,MNL002,LP309,NP3-4,MNL002 LP309,Don Quintos,MANILA,3,1,BARANGAY 451,,,14.611708,120.995685,,,,,,,16,2020-01-29,OSP
MNL002 LP309 NP5-6,MNL002,LP309,NP5-6,MNL002 LP309,Don Quintos,MANILA,3,1,BARANGAY 451,,,14.610459,120.99688,,,,,,,16,2020-01-29,OSP
MNL002 LP300 NP1-2,MNL002,LP300,NP1-2,MNL002 LP300,Don Quintos,MANILA,3,1,BARANGAY 451,,,14.610917,120.996404,,,,,,,16,2019-12-23,OSP
MNL046 LP68 NP5-6,MNL046,LP68,NP5-6,MNL046 LP68,Reten Apartment,MANILA,3,1,BARANGAY 451,,,14.61213823,120.9956504,,,,,,,16,2022-03-13,OSP
MNL046 LP33 NP1-2,MNL046,LP33,NP1-2,MNL046 LP33,Reten Apartment,MANILA,3,1,BARANGAY 451,,,14.610092,120.99717,,,,,,,16,2022-04-04,OSP
MNL046 LP33 NP3-5,MNL046,LP33,NP3-5,MNL046 LP33,Reten Apartment,MANILA,3,1,BARANGAY 451,,,14.60983,120.99742,,,,,,,24,2022-04-04,OSP
MNL046 LP32 NP1-2,MNL046,LP32,NP1-2,MNL046 LP32,Reten Apartment,MANILA,3,1,BARANGAY 451,,,14.612138,120.99565,,,,,,,16,2022-04-04,OSP
MNL046 LP32 NP3-5,MNL046,LP32,NP3-5,MNL046 LP32,Reten Apartment,MANILA,3,1,BARANGAY 451,,,14.611472,120.99587,,,,,,,24,2022-04-04,OSP
MNL046 LP32 NP6-8,MNL046,LP32,NP6-8,MNL046 LP32,Reten Apartment,MANILA,3,1,BARANGAY 451,,,14.610901,120.99639,,,,,,,24,2022-04-04,OSP
MNL046 LP31 NP3-5,MNL046,LP31,NP3-5,MNL046 LP31,Reten Apartment,MANILA,3,1,BARANGAY 451,,,14.611073,120.99669,,,,,,,24,2022-04-04,OSP
MNL046 LP31 NP6-8,MNL046,LP31,NP6-8,MNL046 LP31,Reten Apartment,MANILA,3,1,BARANGAY 451,,,14.611665,120.99609,,,,,,,24,2022-04-04,OSP
MNL002 LP204 NP1-2,MNL002,LP204,NP1-2,MNL002 LP204,Don Quintos,MANILA,3,1,BARANGAY 452,,,14.6113,120.9955,,,,,,,16,2019-05-31,OSP
MNL002 LP204 NP3-4,MNL002,LP204,NP3-4,MNL002 LP204,Don Quintos,MANILA,3,1,BARANGAY 452,,,14.61066,120.9962,,,,,,,16,2019-05-31,OSP
MNL002 LP56 NP5-6,MNL002,LP56,NP5-6,MNL002 LP56,Don Quintos,MANILA,3,1,BARANGAY 452,,,14.611725,120.995208,,,,,,,16,2018-02-04,OSP
MNL002 LP56 NP7-8,MNL002,LP56,NP7-8,MNL002 LP56,Don Quintos,MANILA,3,1,BARANGAY 452,,,14.610916,120.995935,,,,,,,16,2020-08-04,OSP
MNL002 LP57 NP1-2,MNL002,LP57,NP1-2,MNL002 LP57,Don Quintos,MANILA,3,1,BARANGAY 452,,,14.61119,120.994705,,,,,,,16,2018-02-04,OSP
MNL002 LP308 NP1-2,MNL002,LP308,NP1-2,MNL002 LP308,Don Quintos,MANILA,3,1,BARANGAY 452,,,14.610221,120.995604,,,,,,,16,2020-01-29,OSP
MNL002 LP308 NP3-4,MNL002,LP308,NP3-4,MNL002 LP308,Don Quintos,MANILA,3,1,BARANGAY 452,,,14.61118,120.994698,,,,,,,16,2020-01-29,OSP
MNL002 LP300 NP5-6,MNL002,LP300,NP5-6,MNL002 LP300,Don Quintos,MANILA,3,1,BARANGAY 452,,,14.610135,120.995724,,,,,,,16,2019-12-23,OSP
MNL046 LP18 NP1-2,MNL046,LP18,NP1-2,MNL046 LP18,Reten Apartment,MANILA,3,1,BARANGAY 452,,,14.610851,120.99493,,,,,,,16,2022-03-10,OSP
MNL046 LP18 NP3-5,MNL046,LP18,NP3-5,MNL046 LP18,Reten Apartment,MANILA,3,1,BARANGAY 452,,,14.610997,120.99478,,,,,,,24,2022-03-10,OSP
MNL046 LP17 NP6-8,MNL046,LP17,NP6-8,MNL046 LP17,Reten Apartment,MANILA,3,1,BARANGAY 452,,,14.61039,120.99538,,,,,,,24,2022-03-10,OSP
MNL046 LP68 NP3-4,MNL046,LP68,NP3-4,MNL046 LP68,Reten Apartment,MANILA,3,1,BARANGAY 452,,,14.61137914,120.9948332,,,,,,,16,2022-03-13,OSP
MNL046 LP43 NP1-2,MNL046,LP43,NP1-2,MNL046 LP43,Reten Apartment,MANILA,3,1,BARANGAY 452,,,14.61065,120.99615,,,,,,,16,2022-04-04,OSP
MNL046 LP43 NP3-5,MNL046,LP43,NP3-5,MNL046 LP43,Reten Apartment,MANILA,3,1,BARANGAY 452,,,14.610867,120.99593,,,,,,,24,2022-04-04,OSP
MNL046 LP43 NP6-8,MNL046,LP43,NP6-8,MNL046 LP43,Reten Apartment,MANILA,3,1,BARANGAY 452,,,14.611415,120.99541,,,,,,,24,2022-04-04,OSP
MNL046 LP44 NP1-2,MNL046,LP44,NP1-2,MNL046 LP44,Reten Apartment,MANILA,3,1,BARANGAY 452,,,14.610464,120.99573,,,,,,,16,2022-04-04,OSP
MNL046 LP44 NP3-5,MNL046,LP44,NP3-5,MNL046 LP44,Reten Apartment,MANILA,3,1,BARANGAY 452,,,14.610695,120.99558,,,,,,,24,2022-04-04,OSP
MNL046 LP44 NP6-8,MNL046,LP44,NP6-8,MNL046 LP44,Reten Apartment,MANILA,3,1,BARANGAY 452,,,14.610923,120.99537,,,,,,,24,2022-04-04,OSP
MNL002 LP204 NP5-6,MNL002,LP204,NP5-6,MNL002 LP204,Don Quintos,MANILA,3,1,BARANGAY 453,,,14.60986,120.9962,,,,,,,16,2019-05-31,OSP
MNL002 LP2 NP3-4,MNL002,LP2,NP3-4,MNL002 LP2,Don Quintos,MANILA,3,1,BARANGAY 453,,,14.609871,120.995885,,,,,,,16,2016-06-16,OSP
MNL002 LP59 NP5-6,MNL002,LP59,NP5-6,MNL002 LP59,Don Quintos,MANILA,3,1,BARANGAY 453,,,14.608994,120.996492,,,,,,,16,2018-02-04,OSP
MNL002 LP54 NP5-6,MNL002,LP54,NP5-6,MNL002 LP54,Don Quintos,MANILA,3,1,BARANGAY 453,,,14.609617,120.997169,,,,,,,16,2018-02-04,OSP
MNL002 LP54 NP7-8,MNL002,LP54,NP7-8,MNL002 LP54,Don Quintos,MANILA,3,1,BARANGAY 453,,,14.610199,120.996622,,,,,,,16,2020-08-04,OSP
MNL002 LP307 NP7-8,MNL002,LP307,NP7-8,MNL002 LP307,Don Quintos,MANILA,3,1,BARANGAY 453,,,14.609596,120.996219,,,,,,,16,2020-01-29,OSP
MNL002 LP300 NP3-4,MNL002,LP300,NP3-4,MNL002 LP300,Don Quintos,MANILA,3,1,BARANGAY 453,,,14.610249,120.99588,,,,,,,16,2019-12-23,OSP
MNL046 LP17 NP3-5,MNL046,LP17,NP3-5,MNL046 LP17,Reten Apartment,MANILA,3,1,BARANGAY 453,,,14.609275,120.99644,,,,,,,24,2022-03-10,OSP
MNL046 LP42 NP3-5,MNL046,LP42,NP3-5,MNL046 LP42,Reten Apartment,MANILA,3,1,BARANGAY 453,,,14.609598,120.99716,,,,,,,24,2022-04-04,OSP
MNL046 LP42 NP6-8,MNL046,LP42,NP6-8,MNL046 LP42,Reten Apartment,MANILA,3,1,BARANGAY 453,,,14.610226,120.99654,,,,,,,24,2022-04-04,OSP
MNL046 LP39 NP6-8,MNL046,LP39,NP6-8,MNL046 LP39,Reten Apartment,MANILA,3,1,BARANGAY 453,,,14.609276,120.99689,,,,,,,24,2022-04-04,OSP
MNL002 LP57 NP3-4,MNL002,LP57,NP3-4,MNL002 LP57,Don Quintos,MANILA,3,1,BARANGAY 454,,,14.610463,120.993858,,,,,,,16,2018-02-04,OSP
MNL002 LP58 NP5-6,MNL002,LP58,NP5-6,MNL002 LP58,Don Quintos,MANILA,3,1,BARANGAY 454,,,14.60943,120.994759,,,,,,,16,2018-02-04,OSP
MNL002 LP58 NP7-8,MNL002,LP58,NP7-8,MNL002 LP58,Don Quintos,MANILA,3,1,BARANGAY 454,,,14.609777,120.995114,,,,,,,16,2018-02-04,OSP
MNL002 LP306 NP1-2,MNL002,LP306,NP1-2,MNL002 LP306,Don Quintos,MANILA,3,1,BARANGAY 454,,,14.61047,120.99382,,,,,,,16,2020-01-29,OSP
MNL002 LP306 NP3-4,MNL002,LP306,NP3-4,MNL002 LP306,Don Quintos,MANILA,3,1,BARANGAY 454,,,14.609689,120.994567,,,,,,,16,2020-01-29,OSP
MNL002 LP306 NP5-6,MNL002,LP306,NP5-6,MNL002 LP306,Don Quintos,MANILA,3,1,BARANGAY 454,,,14.609933,120.994697,,,,,,,16,2020-01-29,OSP
MNL002 LP306 NP7-8,MNL002,LP306,NP7-8,MNL002 LP306,Don Quintos,MANILA,3,1,BARANGAY 454,,,14.610636,120.994044,,,,,,,16,2020-01-29,OSP
MNL002 LP307 NP1-2,MNL002,LP307,NP1-2,MNL002 LP307,Don Quintos,MANILA,3,1,BARANGAY 454,,,14.610978,120.994413,,,,,,,16,2020-01-29,OSP
MNL002 LP300 NP7-8,MNL002,LP300,NP7-8,MNL002 LP300,Don Quintos,MANILA,3,1,BARANGAY 454,,,14.609788,120.995159,,,,,,,16,2019-12-23,OSP
MNL002 LP301 NP1-2,MNL002,LP301,NP1-2,MNL002 LP301,Don Quintos,MANILA,3,1,BARANGAY 454,,,14.60961,120.994971,,,,,,,16,2019-12-23,OSP
MNL002 LP301 NP3-4,MNL002,LP301,NP3-4,MNL002 LP301,Don Quintos,MANILA,3,1,BARANGAY 454,,,14.609456,120.994781,,,,,,,16,2019-12-23,OSP
MNL002 LP389 NP2,MNL002,LP389,NP2,MNL002 LP389,Don Quintos,MANILA,3,1,BARANGAY 454,,ABE'S APARTMENTS,14.610150,120.995344,MNL83P,3F,ELEVATOR ROOM,,,,,2022-02-22,ISP
MNL002 LP389 NP1,MNL002,LP389,NP1,MNL002 LP389,Don Quintos,MANILA,3,1,BARANGAY 454,,ABE'S APARTMENTS,14.610150,120.995344,MNL83P,3F,ELEVATOR ROOM,,,,,2022-02-22,ISP
MNL002 LP389 NP3,MNL002,LP389,NP3,MNL002 LP389,Don Quintos,MANILA,3,1,BARANGAY 454,,ABE'S APARTMENTS,14.610150,120.995344,MNL83P,3F,ELEVATOR ROOM,,,,,2022-02-22,ISP
MNL002 LP390 NP1,MNL002,LP390,NP1,MNL002 LP390,Don Quintos,MANILA,3,1,BARANGAY 454,,ABE'S APARTMENTS,14.610150,120.995344,MNL83P,3F,ELEVATOR ROOM,,,,,2022-02-22,ISP
MNL046 LP19 NP1-2,MNL046,LP19,NP1-2,MNL046 LP19,Reten Apartment,MANILA,3,1,BARANGAY 454,,,14.609912,120.99533,,,,,,,16,2022-03-10,OSP
MNL046 LP18 NP6-8,MNL046,LP18,NP6-8,MNL046 LP18,Reten Apartment,MANILA,3,1,BARANGAY 454,,,14.610343,120.99491,,,,,,,24,2022-03-10,OSP
MNL046 LP9 NP1-2,MNL046,LP9,NP1-2,MNL046 LP9,Reten Apartment,MANILA,3,1,BARANGAY 454,,,14.610476,120.99418,,,,,,,16,2022-03-10,OSP
MNL046 LP9 NP3-5,MNL046,LP9,NP3-5,MNL046 LP9,Reten Apartment,MANILA,3,1,BARANGAY 454,,,14.610177,120.99448,,,,,,,24,2022-03-10,OSP
MNL046 LP9 NP6-8,MNL046,LP9,NP6-8,MNL046 LP9,Reten Apartment,MANILA,3,1,BARANGAY 454,,,14.609613,120.99501,,,,,,,24,2022-03-10,OSP
MNL046 LP8 NP3-5,MNL046,LP8,NP3-5,MNL046 LP8,Reten Apartment,MANILA,3,1,BARANGAY 454,,,14.609405,120.99479,,,,,,,24,2022-03-10,OSP
MNL046 LP8 NP6-8,MNL046,LP8,NP6-8,MNL046 LP8,Reten Apartment,MANILA,3,1,BARANGAY 454,,,14.609863,120.99434,,,,,,,24,2022-03-10,OSP
MNL046 LP68 NP1-2,MNL046,LP68,NP1-2,MNL046 LP68,Reten Apartment,MANILA,3,1,BARANGAY 454,,,14.61092068,120.994337,,,,,,,16,2022-03-13,OSP
MNL002 LP59 NP3-4,MNL002,LP59,NP3-4,MNL002 LP59,Don Quintos,MANILA,3,1,BARANGAY 455,,,14.608376,120.995755,,,,,,,16,2018-02-04,OSP
MNL002 LP305 NP7-8,MNL002,LP305,NP7-8,MNL002 LP305,Don Quintos,MANILA,3,1,BARANGAY 455,,,14.60888,120.995323,,,,,,,16,2020-01-29,OSP
MNL002 LP307 NP3-4,MNL002,LP307,NP3-4,MNL002 LP307,Don Quintos,MANILA,3,1,BARANGAY 455,,,14.609851,120.995413,,,,,,,16,2020-01-29,OSP
MNL002 LP307 NP5-6,MNL002,LP307,NP5-6,MNL002 LP307,Don Quintos,MANILA,3,1,BARANGAY 455,,,14.608894,120.99632,,,,,,,16,2020-01-29,OSP
MNL046 LP19 NP3-5,MNL046,LP19,NP3-5,MNL046 LP19,Reten Apartment,MANILA,3,1,BARANGAY 455,,,14.609363,120.99584,,,,,,,24,2022-03-10,OSP
MNL046 LP19 NP6-8,MNL046,LP19,NP6-8,MNL046 LP19,Reten Apartment,MANILA,3,1,BARANGAY 455,,,14.608967,120.99621,,,,,,,24,2022-03-10,OSP
MNL046 LP8 NP1-2,MNL046,LP8,NP1-2,MNL046 LP8,Reten Apartment,MANILA,3,1,BARANGAY 455,,,14.609118,120.99507,,,,,,,16,2022-03-10,OSP
MNL046 LP7 NP6-8,MNL046,LP7,NP6-8,MNL046 LP7,Reten Apartment,MANILA,3,1,BARANGAY 455,,,14.608273,120.99573,,,,,,,24,2022-03-10,OSP
MNL046 LP325 NP5-6,MNL046,LP325,NP5-6,MNL046 LP325,Reten Apartment,MANILA,3,1,BARANGAY 455,,,14.608401,120.995948,,,,,,,16,2024-01-11,OSP
MNL046 LP320 NP1-2,MNL046,LP320,NP1-2,MNL046 LP320,Reten Apartment,MANILA,3,1,BARANGAY 455,,,14.608434,120.996328,,,,,,,16,2024-01-11,OSP
MNL046 LP319 NP3-4,MNL046,LP319,NP3-4,MNL046 LP319,Reten Apartment,MANILA,3,1,BARANGAY 455,,,14.608768,120.996364,,,,,,,16,2024-01-11,OSP
MNL002 LP57 NP7-8,MNL002,LP57,NP7-8,MNL002 LP57,Don Quintos,MANILA,3,1,BARANGAY 456,,,14.609586,120.994183,,,,,,,16,2020-08-04,OSP
MNL002 LP58 NP3-4,MNL002,LP58,NP3-4,MNL002 LP58,Don Quintos,MANILA,3,1,BARANGAY 456,,,14.60917,120.994499,,,,,,,16,2018-02-04,OSP
MNL002 LP196 NP1-2,MNL002,LP196,NP1-2,MNL002 LP196,Don Quintos,MANILA,3,1,BARANGAY 456,,,14.6079,120.9953,,,,,,,16,2019-05-31,OSP
MNL002 LP301 NP5-6,MNL002,LP301,NP5-6,MNL002 LP301,Don Quintos,MANILA,3,1,BARANGAY 456,,,14.609218,120.994542,,,,,,,16,2019-12-23,OSP
MNL002 LP304 NP5-6,MNL002,LP304,NP5-6,MNL002 LP304,Don Quintos,MANILA,3,1,BARANGAY 456,,,14.610229,120.993572,,,,,,,16,2020-01-29,OSP
MNL002 LP304 NP7-8,MNL002,LP304,NP7-8,MNL002 LP304,Don Quintos,MANILA,3,1,BARANGAY 456,,,14.609254,120.994524,,,,,,,16,2020-01-29,OSP
MNL002 LP305 NP1-2,MNL002,LP305,NP1-2,MNL002 LP305,Don Quintos,MANILA,3,1,BARANGAY 456,,,14.608933,120.994186,,,,,,,16,2020-01-29,OSP
MNL002 LP305 NP3-4,MNL002,LP305,NP3-4,MNL002 LP305,Don Quintos,MANILA,3,1,BARANGAY 456,,,14.607931,120.995257,,,,,,,16,2020-01-29,OSP
MNL002 LP305 NP5-6,MNL002,LP305,NP5-6,MNL002 LP305,Don Quintos,MANILA,3,1,BARANGAY 456,,,14.608602,120.995128,,,,,,,16,2020-01-29,OSP
MNL046 LP1 NP3-5,MNL046,LP1,NP3-5,MNL046 LP1,Reten Apartment,MANILA,3,1,BARANGAY 456,,,14.609833,120.99387,,,,,,,24,2022-03-10,OSP
MNL046 LP2 NP1-2,MNL046,LP2,NP1-2,MNL046 LP2,Reten Apartment,MANILA,3,1,BARANGAY 456,,,14.609159,120.99452,,,,,,,16,2022-03-10,OSP
MNL046 LP2 NP3-5,MNL046,LP2,NP3-5,MNL046 LP2,Reten Apartment,MANILA,3,1,BARANGAY 456,,,14.608876,120.99422,,,,,,,24,2022-03-10,OSP
MNL046 LP2 NP6-8,MNL046,LP2,NP6-8,MNL046 LP2,Reten Apartment,MANILA,3,1,BARANGAY 456,,,14.608319,120.99482,,,,,,,24,2022-03-10,OSP
MNL046 LP1 NP6-8,MNL046,LP1,NP6-8,MNL046 LP1,Reten Apartment,MANILA,3,1,BARANGAY 456,,,14.609378,120.99432,,,,,,,24,2022-03-10,OSP
MNL046 LP7 NP1-2,MNL046,LP7,NP1-2,MNL046 LP7,Reten Apartment,MANILA,3,1,BARANGAY 456,,,14.608851,120.99482,,,,,,,16,2022-03-10,OSP
MNL046 LP7 NP3-5,MNL046,LP7,NP3-5,MNL046 LP7,Reten Apartment,MANILA,3,1,BARANGAY 456,,,14.608118,120.99555,,,,,,,24,2022-03-10,OSP
MNL046 LP325 NP7-8,MNL046,LP325,NP7-8,MNL046 LP325,Reten Apartment,MANILA,3,1,BARANGAY 456,,,14.608068,120.995594,,,,,,,16,2024-01-11,OSP
MNL046 LP3 NP1-2,MNL046,LP3,NP1-2,MNL046 LP3,Reten Apartment,MANILA,3,1,BARANGAY 456,,,14.607974,120.99515,,,,,,,16,2022-03-10,OSP
MNL002 LP75 NP1-2,MNL002,LP75,NP1-2,MNL002 LP75,Don Quintos,MANILA,3,1,BARANGAY 457,,,14.607021,120.993248,,,,,,,16,2018-04-24,OSP
MNL002 LP75 NP3-4,MNL002,LP75,NP3-4,MNL002 LP75,Don Quintos,MANILA,3,1,BARANGAY 457,,,14.607473,120.99328,,,,,,,16,2018-04-24,OSP
MNL002 LP74 NP1-2,MNL002,LP74,NP1-2,MNL002 LP74,Don Quintos,MANILA,3,1,BARANGAY 457,,,14.606486,120.993735,,,,,,,16,2018-04-24,OSP
MNL002 LP74 NP3-4,MNL002,LP74,NP3-4,MNL002 LP74,Don Quintos,MANILA,3,1,BARANGAY 457,,,14.606715,120.993999,,,,,,,16,2018-04-24,OSP
MNL002 LP160 NP1-2,MNL002,LP160,NP1-2,MNL002 LP160,Don Quintos,MANILA,3,1,BARANGAY 457,,,14.60759451,120.9927088,,,,,,,16,2018-11-21,OSP
MNL002 LP160 NP7-8,MNL002,LP160,NP7-8,MNL002 LP160,Don Quintos,MANILA,3,1,BARANGAY 457,,,14.60847271,120.9917022,,,,,,,16,2018-11-21,OSP
MNL046 LP283 NP5-6,MNL046,LP283,NP5-6,MNL046 LP283,Reten Apartment,MANILA,3,1,BARANGAY 457,,,14.606751,120.993299,,,,,,,16,2024-01-09,OSP
MNL046 LP283 NP7-8,MNL046,LP283,NP7-8,MNL046 LP283,Reten Apartment,MANILA,3,1,BARANGAY 457,,,14.606751,120.993299,,,,,,,16,2024-01-09,OSP
MNL046 LP284 NP1-2,MNL046,LP284,NP1-2,MNL046 LP284,Reten Apartment,MANILA,3,1,BARANGAY 457,,,14.607018,120.99332,,,,,,,16,2024-01-09,OSP
MNL046 LP284 NP3-4,MNL046,LP284,NP3-4,MNL046 LP284,Reten Apartment,MANILA,3,1,BARANGAY 457,,,14.607018,120.99332,,,,,,,16,2024-01-09,OSP
MNL046 LP284 NP5-6,MNL046,LP284,NP5-6,MNL046 LP284,Reten Apartment,MANILA,3,1,BARANGAY 457,,,14.607135,120.99317,,,,,,,16,2024-01-09,OSP
MNL046 LP284 NP7-8,MNL046,LP284,NP7-8,MNL046 LP284,Reten Apartment,MANILA,3,1,BARANGAY 457,,,14.607402,120.992884,,,,,,,16,2024-01-09,OSP
MNL046 LP106 NP1-2,MNL046,LP106,NP1-2,MNL046 LP106,Reten Apartment,MANILA,3,1,BARANGAY 457,,,14.606459,120.9937,,,,,,,16,2022-03-10,OSP
MNL046 LP78 NP6-8,MNL046,LP78,NP6-8,MNL046 LP78,Reten Apartment,MANILA,3,1,BARANGAY 457,,,14.607552,120.99272,,,,,,,24,2022-03-10,OSP
MNL046 LP73 NP6-8,MNL046,LP73,NP6-8,MNL046 LP73,Reten Apartment,MANILA,3,1,BARANGAY 457,,,14.607452,120.99326,,,,,,,24,2022-03-10,OSP
MNL046 LP78 NP1-2,MNL046,LP78,NP1-2,MNL046 LP78,Reten Apartment,MANILA,3,1,BARANGAY 457,,,14.608562,120.99168,,,,,,,16,2022-03-10,OSP
MNL046 LP78 NP3-5,MNL046,LP78,NP3-5,MNL046 LP78,Reten Apartment,MANILA,3,1,BARANGAY 457,,,14.608023,120.99226,,,,,,,24,2022-03-10,OSP
MNL046 LP73 NP1-2,MNL046,LP73,NP1-2,MNL046 LP73,Reten Apartment,MANILA,3,1,BARANGAY 457,,,14.60694,120.99324,,,,,,,16,2022-03-10,OSP
MNL046 LP73 NP3-5,MNL046,LP73,NP3-5,MNL046 LP73,Reten Apartment,MANILA,3,1,BARANGAY 457,,,14.606708,120.994,,,,,,,24,2022-03-10,OSP
MNL046 LP301 NP1-2,MNL046,LP301,NP1-2,MNL046 LP301,Reten Apartment,MANILA,3,1,BARANGAY 457,,,14.607612,120.992733,,,,,,,16,2024-01-11,OSP
MNL046 LP301 NP5-6,MNL046,LP301,NP5-6,MNL046 LP301,Reten Apartment,MANILA,3,1,BARANGAY 457,,,14.607886,120.992464,,,,,,,16,2024-01-11,OSP
MNL046 LP301 NP7-8,MNL046,LP301,NP7-8,MNL046 LP301,Reten Apartment,MANILA,3,1,BARANGAY 457,,,14.608029,120.99233,,,,,,,16,2024-01-11,OSP
MNL046 LP302 NP1-2,MNL046,LP302,NP1-2,MNL046 LP302,Reten Apartment,MANILA,3,1,BARANGAY 457,,,14.60829,120.992081,,,,,,,16,2024-01-11,OSP
MNL046 LP302 NP3-4,MNL046,LP302,NP3-4,MNL046 LP302,Reten Apartment,MANILA,3,1,BARANGAY 457,,,14.608519,120.991725,,,,,,,16,2024-01-11,OSP
MNL001 LP13 NP5-6,MNL001,LP13,NP5-6,MNL001 LP13,Zen Tower,MANILA,3,1,BARANGAY 457,,,14.606717,120.993127,,,,,,,16,2015-07-27,OSP
MNL002 LP75 NP5-6,MNL002,LP75,NP5-6,MNL002 LP75,Don Quintos,MANILA,3,1,BARANGAY 458,,,14.60628,120.993456,,,,,,,16,2020-08-27,OSP
MNL002 LP76 NP1-2,MNL002,LP76,NP1-2,MNL002 LP76,Don Quintos,MANILA,3,1,BARANGAY 458,,,14.606105,120.993214,,,,,,,16,2018-04-24,OSP
MNL002 LP76 NP3-4,MNL002,LP76,NP3-4,MNL002 LP76,Don Quintos,MANILA,3,1,BARANGAY 458,,,14.60528,120.9932,,,,,,,16,2018-04-24,OSP
MNL002 LP161 NP5-6,MNL002,LP161,NP5-6,MNL002 LP161,Don Quintos,MANILA,3,1,BARANGAY 458,,,14.60596645,120.9922698,,,,,,,16,2018-11-21,OSP
MNL002 LP161 NP7-8,MNL002,LP161,NP7-8,MNL002 LP161,Don Quintos,MANILA,3,1,BARANGAY 458,,,14.606469,120.992348,,,,,,,16,2020-08-06,OSP
MNL046 LP279 NP7-8,MNL046,LP279,NP7-8,MNL046 LP279,Reten Apartment,MANILA,3,1,BARANGAY 458,,,14.605312,120.992911,,,,,,,16,2024-01-09,OSP
MNL046 LP272 NP7-8,MNL046,LP272,NP7-8,MNL046 LP272,Reten Apartment,MANILA,3,1,BARANGAY 458,,,14.605113,120.99324,,,,,,,16,2024-01-09,OSP
MNL046 LP280 NP1-2,MNL046,LP280,NP1-2,MNL046 LP280,Reten Apartment,MANILA,3,1,BARANGAY 458,,,14.605637,120.992822,,,,,,,16,2024-01-09,OSP
MNL046 LP280 NP3-4,MNL046,LP280,NP3-4,MNL046 LP280,Reten Apartment,MANILA,3,1,BARANGAY 458,,,14.605894,120.992757,,,,,,,16,2024-01-09,OSP
MNL046 LP280 NP5-6,MNL046,LP280,NP5-6,MNL046 LP280,Reten Apartment,MANILA,3,1,BARANGAY 458,,,14.606369,120.99264,,,,,,,16,2024-01-09,OSP
MNL046 LP280 NP7-8,MNL046,LP280,NP7-8,MNL046 LP280,Reten Apartment,MANILA,3,1,BARANGAY 458,,,14.606842,120.992525,,,,,,,16,2024-01-09,OSP
MNL046 LP281 NP1-2,MNL046,LP281,NP1-2,MNL046 LP281,Reten Apartment,MANILA,3,1,BARANGAY 458,,,14.605081,120.993252,,,,,,,16,2024-01-09,OSP
MNL046 LP281 NP7-8,MNL046,LP281,NP7-8,MNL046 LP281,Reten Apartment,MANILA,3,1,BARANGAY 458,,,14.605523,120.993269,,,,,,,16,2024-01-09,OSP
MNL046 LP282 NP5-6,MNL046,LP282,NP5-6,MNL046 LP282,Reten Apartment,MANILA,3,1,BARANGAY 458,,,14.605981,120.993285,,,,,,,16,2024-01-09,OSP
MNL046 LP282 NP7-8,MNL046,LP282,NP7-8,MNL046 LP282,Reten Apartment,MANILA,3,1,BARANGAY 458,,,14.606203,120.99328,,,,,,,16,2024-01-09,OSP
MNL046 LP283 NP1-2,MNL046,LP283,NP1-2,MNL046 LP283,Reten Apartment,MANILA,3,1,BARANGAY 458,,,14.60639,120.993296,,,,,,,16,2024-01-09,OSP
MNL046 LP283 NP3-4,MNL046,LP283,NP3-4,MNL046 LP283,Reten Apartment,MANILA,3,1,BARANGAY 458,,,14.606557,120.993295,,,,,,,16,2024-01-09,OSP
MNL046 LP105 NP1-2,MNL046,LP105,NP1-2,MNL046 LP105,Reten Apartment,MANILA,3,1,BARANGAY 458,,,14.606174,120.99341,,,,,,,16,2022-03-10,OSP
MNL046 LP291 NP5-6,MNL046,LP291,NP5-6,MNL046 LP291,Reten Apartment,MANILA,3,1,BARANGAY 458,,,14.604644,120.992578,,,,,,,16,2024-01-09,OSP
MNL046 LP291 NP7-8,MNL046,LP291,NP7-8,MNL046 LP291,Reten Apartment,MANILA,3,1,BARANGAY 458,,,14.604613,120.992953,,,,,,,16,2024-01-09,OSP
MNL046 LP295 NP5-6,MNL046,LP295,NP5-6,MNL046 LP295,Reten Apartment,MANILA,3,1,BARANGAY 458,,,14.605937,120.992316,,,,,,,16,2024-01-09,OSP
MNL046 LP151 NP6-8,MNL046,LP151,NP6-8,MNL046 LP151,Reten Apartment,MANILA,3,1,BARANGAY 458,,,14.605914,120.99222,,,,,,,24,2022-04-04,OSP
MNL046 LP295 NP7-8,MNL046,LP295,NP7-8,MNL046 LP295,Reten Apartment,MANILA,3,1,BARANGAY 458,,,14.606468,120.992327,,,,,,,16,2024-01-09,OSP
MNL046 LP79 NP3-5,MNL046,LP79,NP3-5,MNL046 LP79,Reten Apartment,MANILA,3,1,BARANGAY 458,,,14.606807,120.99252,,,,,,,24,2022-03-10,OSP
MNL046 LP79 NP6-8,MNL046,LP79,NP6-8,MNL046 LP79,Reten Apartment,MANILA,3,1,BARANGAY 458,,,14.606433,120.99262,,,,,,,24,2022-03-10,OSP
MNL046 LP80 NP1-2,MNL046,LP80,NP1-2,MNL046 LP80,Reten Apartment,MANILA,3,1,BARANGAY 458,,,14.605987,120.99272,,,,,,,16,2022-03-10,OSP
MNL046 LP80 NP3-5,MNL046,LP80,NP3-5,MNL046 LP80,Reten Apartment,MANILA,3,1,BARANGAY 458,,,14.60546,120.99285,,,,,,,24,2022-03-10,OSP
MNL046 LP80 NP6-8,MNL046,LP80,NP6-8,MNL046 LP80,Reten Apartment,MANILA,3,1,BARANGAY 458,,,14.60587,120.99297,,,,,,,24,2022-03-10,OSP
MNL046 LP67 NP5-6,MNL046,LP67,NP5-6,MNL046 LP67,Reten Apartment,MANILA,3,1,BARANGAY 458,,,14.60629629,120.9933138,,,,,,,16,2022-03-13,OSP
MNL002 LP268 NP3-4,MNL002,LP268,NP3-4,MNL002 LP268,Don Quintos,MANILA,3,1,BARANGAY 459,,,14.607774,120.9909,,,,,,,16,2019-11-26,OSP
MNL002 LP268 NP7-8,MNL002,LP268,NP7-8,MNL002 LP268,Don Quintos,MANILA,3,1,BARANGAY 459,,,14.607447,120.991767,,,,,,,16,2021-01-14,OSP
MNL002 LP161 NP1-2,MNL002,LP161,NP1-2,MNL002 LP161,Don Quintos,MANILA,3,1,BARANGAY 459,,,14.60700966,120.992114,,,,,,,16,2018-11-21,OSP
MNL002 LP161 NP3-4,MNL002,LP161,NP3-4,MNL002 LP161,Don Quintos,MANILA,3,1,BARANGAY 459,,,14.6065978,120.9916349,,,,,,,16,2018-11-21,OSP
MNL046 LP153 NP5-6,MNL046,LP153,NP5-6,MNL046 LP153,Reten Apartment,MANILA,3,1,BARANGAY 459,,,14.606738,120.99147,,,,,,,16,2022-04-04,OSP
MNL046 LP153 NP7-8,MNL046,LP153,NP7-8,MNL046 LP153,Reten Apartment,MANILA,3,1,BARANGAY 459,,,14.60714,120.99107,,,,,,,16,2022-04-04,OSP
MNL046 LP296 NP3-4,MNL046,LP296,NP3-4,MNL046 LP296,Reten Apartment,MANILA,3,1,BARANGAY 459,,,14.606539,120.991705,,,,,,,16,2024-01-09,OSP
MNL046 LP296 NP5-6,MNL046,LP296,NP5-6,MNL046 LP296,Reten Apartment,MANILA,3,1,BARANGAY 459,,,14.60669,120.991875,,,,,,,16,2024-01-09,OSP
MNL046 LP296 NP7-8,MNL046,LP296,NP7-8,MNL046 LP296,Reten Apartment,MANILA,3,1,BARANGAY 459,,,14.60686,120.992062,,,,,,,16,2024-01-09,OSP
MNL046 LP79 NP1-2,MNL046,LP79,NP1-2,MNL046 LP79,Reten Apartment,MANILA,3,1,BARANGAY 459,,,14.60724,120.99242,,,,,,,16,2022-03-10,OSP
MNL046 LP81 NP1-2,MNL046,LP81,NP1-2,MNL046 LP81,Reten Apartment,MANILA,3,1,BARANGAY 459,,,14.607039,120.99219,,,,,,,16,2022-03-10,OSP
MNL046 LP81 NP3-5,MNL046,LP81,NP3-5,MNL046 LP81,Reten Apartment,MANILA,3,1,BARANGAY 459,,,14.607582,120.99167,,,,,,,24,2022-03-10,OSP
MNL046 LP81 NP6-8,MNL046,LP81,NP6-8,MNL046 LP81,Reten Apartment,MANILA,3,1,BARANGAY 459,,,14.608105,120.99117,,,,,,,24,2022-03-10,OSP
MNL046 LP82 NP1-2,MNL046,LP82,NP1-2,MNL046 LP82,Reten Apartment,MANILA,3,1,BARANGAY 459,,,14.60765,120.99107,,,,,,,16,2022-03-10,OSP
MNL046 LP82 NP3-5,MNL046,LP82,NP3-5,MNL046 LP82,Reten Apartment,MANILA,3,1,BARANGAY 459,,,14.607233,120.99148,,,,,,,24,2022-03-10,OSP
MNL046 LP82 NP6-8,MNL046,LP82,NP6-8,MNL046 LP82,Reten Apartment,MANILA,3,1,BARANGAY 459,,,14.606771,120.99188,,,,,,,24,2022-03-10,OSP
MNL046 LP304 NP1-2,MNL046,LP304,NP1-2,MNL046 LP304,Reten Apartment,MANILA,3,1,BARANGAY 459,,,14.607378,120.99192,,,,,,,16,2024-01-11,OSP
MNL046 LP304 NP3-4,MNL046,LP304,NP3-4,MNL046 LP304,Reten Apartment,MANILA,3,1,BARANGAY 459,,,14.60766,120.991668,,,,,,,16,2024-01-11,OSP
MNL046 LP304 NP5-6,MNL046,LP304,NP5-6,MNL046 LP304,Reten Apartment,MANILA,3,1,BARANGAY 459,,,14.607888,120.991454,,,,,,,16,2024-01-11,OSP
MNL046 LP304 NP7-8,MNL046,LP304,NP7-8,MNL046 LP304,Reten Apartment,MANILA,3,1,BARANGAY 459,,,14.608089,120.991272,,,,,,,16,2024-01-11,OSP
MNL046 LP305 NP1-2,MNL046,LP305,NP1-2,MNL046 LP305,Reten Apartment,MANILA,3,1,BARANGAY 459,,,14.607787,120.990938,,,,,,,16,2024-01-11,OSP
MNL046 LP305 NP3-4,MNL046,LP305,NP3-4,MNL046 LP305,Reten Apartment,MANILA,3,1,BARANGAY 459,,,14.607532,120.991235,,,,,,,16,2024-01-11,OSP
MNL046 LP305 NP5-6,MNL046,LP305,NP5-6,MNL046 LP305,Reten Apartment,MANILA,3,1,BARANGAY 459,,,14.607345,120.99142,,,,,,,16,2024-01-11,OSP
MNL046 LP305 NP7-8,MNL046,LP305,NP7-8,MNL046 LP305,Reten Apartment,MANILA,3,1,BARANGAY 459,,,14.606809,120.99188,,,,,,,16,2024-01-11,OSP
MNL046 LP306 NP1-2,MNL046,LP306,NP1-2,MNL046 LP306,Reten Apartment,MANILA,3,1,BARANGAY 459,,,14.606611,120.991642,,,,,,,16,2024-01-11,OSP
MNL046 LP306 NP3-4,MNL046,LP306,NP3-4,MNL046 LP306,Reten Apartment,MANILA,3,1,BARANGAY 459,,,14.606891,120.99138,,,,,,,16,2024-01-11,OSP
MNL046 LP306 NP5-6,MNL046,LP306,NP5-6,MNL046 LP306,Reten Apartment,MANILA,3,1,BARANGAY 459,,,14.607095,120.991197,,,,,,,16,2024-01-11,OSP
MNL046 LP306 NP7-8,MNL046,LP306,NP7-8,MNL046 LP306,Reten Apartment,MANILA,3,1,BARANGAY 459,,,14.607608,120.990732,,,,,,,16,2024-01-11,OSP
MNL046 LP301 NP3-4,MNL046,LP301,NP3-4,MNL046 LP301,Reten Apartment,MANILA,3,1,BARANGAY 459,,,14.607101,120.992205,,,,,,,16,2024-01-11,OSP
MNL091 LP2 NP2,MNL091,LP2,NP2,MNL091 LP2,University Tower 2,MANILA,3,1,BARANGAY 459,,UNIVERSITY TOWER 2,14.606583,120.990111,,9F,EE ROOM,,,,8,2024-12-12,ISP
MNL091 LP1 NP3,MNL091,LP1,NP3,MNL091 LP1,University Tower 2,MANILA,3,1,BARANGAY 459,,UNIVERSITY TOWER 2,14.606583,120.990111,,6F,EE ROOM,,,,8,2024-12-12,ISP
MNL091 LP2 NP3,MNL091,LP2,NP3,MNL091 LP2,University Tower 2,MANILA,3,1,BARANGAY 459,,UNIVERSITY TOWER 2,14.606583,120.990111,,10F,EE ROOM,,,,8,2024-12-12,ISP
MNL091 LP6 NP4-5,MNL091,LP6,NP4-5,MNL091 LP6,University Tower 2,MANILA,3,1,BARANGAY 459,,UNIVERSITY TOWER 2,14.606583,120.990111,,31F,EE ROOM,,,,16,2024-12-12,ISP
MNL091 LP6 NP3,MNL091,LP6,NP3,MNL091 LP6,University Tower 2,MANILA,3,1,BARANGAY 459,,UNIVERSITY TOWER 2,14.606583,120.990111,,30F,EE ROOM,,,,8,2024-12-12,ISP
MNL091 LP1 NP4-5,MNL091,LP1,NP4-5,MNL091 LP1,University Tower 2,MANILA,3,1,BARANGAY 459,,UNIVERSITY TOWER 2,14.606583,120.990111,,7F,EE ROOM,,,,16,2024-12-12,ISP
MNL091 LP4 NP2,MNL091,LP4,NP2,MNL091 LP4,University Tower 2,MANILA,3,1,BARANGAY 459,,UNIVERSITY TOWER 2,14.606583,120.990111,,20F,EE ROOM,,,,8,2024-12-12,ISP
MNL091 LP5 NP4,MNL091,LP5,NP4,MNL091 LP5,University Tower 2,MANILA,3,1,BARANGAY 459,,UNIVERSITY TOWER 2,14.606583,120.990111,,26F,EE ROOM,,,,8,2024-12-12,ISP
MNL091 LP1 NP1,MNL091,LP1,NP1,MNL091 LP1,University Tower 2,MANILA,3,1,BARANGAY 459,,UNIVERSITY TOWER 2,14.606583,120.990111,,5F,EE ROOM,,,,8,2024-12-12,ISP
MNL091 LP5 NP3,MNL091,LP5,NP3,MNL091 LP5,University Tower 2,MANILA,3,1,BARANGAY 459,,UNIVERSITY TOWER 2,14.606583,120.990111,,25F,EE ROOM,,,,8,2024-12-12,ISP
MNL091 LP4 NP1,MNL091,LP4,NP1,MNL091 LP4,University Tower 2,MANILA,3,1,BARANGAY 459,,UNIVERSITY TOWER 2,14.606583,120.990111,,19F,EE ROOM,,,,8,2024-12-12,ISP
MNL091 LP1 NP2,MNL091,LP1,NP2,MNL091 LP1,University Tower 2,MANILA,3,1,BARANGAY 459,,UNIVERSITY TOWER 2,14.606583,120.990111,,2F,EE ROOM,,,,8,2024-12-12,ISP
MNL091 LP2 NP5,MNL091,LP2,NP5,MNL091 LP2,University Tower 2,MANILA,3,1,BARANGAY 459,,UNIVERSITY TOWER 2,14.606583,120.990111,,12F,EE ROOM,,,,8,2024-12-12,ISP
MNL091 LP5 NP2,MNL091,LP5,NP2,MNL091 LP5,University Tower 2,MANILA,3,1,BARANGAY 459,,UNIVERSITY TOWER 2,14.606583,120.990111,,24F,EE ROOM,,,,8,2024-12-12,ISP
MNL091 LP3 NP5,MNL091,LP3,NP5,MNL091 LP3,University Tower 2,MANILA,3,1,BARANGAY 459,,UNIVERSITY TOWER 2,14.606583,120.990111,,18F,EE ROOM,,,,8,2024-12-12,ISP
MNL091 LP4 NP4-5,MNL091,LP4,NP4-5,MNL091 LP4,University Tower 2,MANILA,3,1,BARANGAY 459,,UNIVERSITY TOWER 2,14.606583,120.990111,,22F,EE ROOM,,,,16,2024-12-12,ISP
MNL091 LP2 NP1,MNL091,LP2,NP1,MNL091 LP2,University Tower 2,MANILA,3,1,BARANGAY 459,,UNIVERSITY TOWER 2,14.606583,120.990111,,8F,EE ROOM,,,,8,2024-12-12,ISP
MNL091 LP6 NP2,MNL091,LP6,NP2,MNL091 LP6,University Tower 2,MANILA,3,1,BARANGAY 459,,UNIVERSITY TOWER 2,14.606583,120.990111,,29F,EE ROOM,,,,8,2024-12-12,ISP
MNL091 LP5 NP1,MNL091,LP5,NP1,MNL091 LP5,University Tower 2,MANILA,3,1,BARANGAY 459,,UNIVERSITY TOWER 2,14.606583,120.990111,,23F,EE ROOM,,,,8,2024-12-12,ISP
MNL091 LP5 NP5,MNL091,LP5,NP5,MNL091 LP5,University Tower 2,MANILA,3,1,BARANGAY 459,,UNIVERSITY TOWER 2,14.606583,120.990111,,27F,EE ROOM,,,,8,2024-12-12,ISP
MNL091 LP3 NP1,MNL091,LP3,NP1,MNL091 LP3,University Tower 2,MANILA,3,1,BARANGAY 459,,UNIVERSITY TOWER 2,14.606583,120.990111,,14F,EE ROOM,,,,8,2024-12-12,ISP
MNL091 LP3 NP2,MNL091,LP3,NP2,MNL091 LP3,University Tower 2,MANILA,3,1,BARANGAY 459,,UNIVERSITY TOWER 2,14.606583,120.990111,,15F,EE ROOM,,,,8,2024-12-12,ISP
MNL091 LP3 NP4,MNL091,LP3,NP4,MNL091 LP3,University Tower 2,MANILA,3,1,BARANGAY 459,,UNIVERSITY TOWER 2,14.606583,120.990111,,17F,EE ROOM,,,,8,2024-12-12,ISP
MNL091 LP2 NP4,MNL091,LP2,NP4,MNL091 LP2,University Tower 2,MANILA,3,1,BARANGAY 459,,UNIVERSITY TOWER 2,14.606583,120.990111,,11F,EE ROOM,,,,8,2024-12-12,ISP
MNL091 LP3 NP3,MNL091,LP3,NP3,MNL091 LP3,University Tower 2,MANILA,3,1,BARANGAY 459,,UNIVERSITY TOWER 2,14.606583,120.990111,,16F,EE ROOM,,,,8,2024-12-12,ISP
MNL091 LP4 NP3,MNL091,LP4,NP3,MNL091 LP4,University Tower 2,MANILA,3,1,BARANGAY 459,,UNIVERSITY TOWER 2,14.606583,120.990111,,21F,EE ROOM,,,,8,2024-12-12,ISP
MNL091 LP6 NP1,MNL091,LP6,NP1,MNL091 LP6,University Tower 2,MANILA,3,1,BARANGAY 459,,UNIVERSITY TOWER 2,14.606583,120.990111,,28F,EE ROOM,,,,8,2024-12-12,ISP
MNL102 LP4 NP2,MNL102,LP4,NP2,MNL102 LP4,University Tower 5,MANILA,3,1,BARANGAY 459,,UNIVERSITY TOWER 5,14.60697542,120.9903932,,21F,AUX ROOM,UNIVERSITY TOWER 5,,,8,2025-06-30,ISP
MNL102 LP6 NP3,MNL102,LP6,NP3,MNL102 LP6,University Tower 5,MANILA,3,1,BARANGAY 459,,UNIVERSITY TOWER 5,14.60697542,120.9903932,,30F,AUX ROOM,UNIVERSITY TOWER 5,,,8,2025-06-30,ISP
MNL102 LP3 NP3,MNL102,LP3,NP3,MNL102 LP3,University Tower 5,MANILA,3,1,BARANGAY 459,,UNIVERSITY TOWER 5,14.60697542,120.9903932,,17F,AUX ROOM,UNIVERSITY TOWER 5,,,8,2025-06-30,ISP
MNL102 LP3 NP5,MNL102,LP3,NP5,MNL102 LP3,University Tower 5,MANILA,3,1,BARANGAY 459,,UNIVERSITY TOWER 5,14.60697542,120.9903932,,19F,AUX ROOM,UNIVERSITY TOWER 5,,,8,2025-06-30,ISP
MNL102 LP1 NP4-5,MNL102,LP1,NP4-5,MNL102 LP1,University Tower 5,MANILA,3,1,BARANGAY 459,,UNIVERSITY TOWER 5,14.60697542,120.9903932,,9F,AUX ROOM,UNIVERSITY TOWER 5,,,16,2025-06-30,ISP
MNL102 LP4 NP4,MNL102,LP4,NP4,MNL102 LP4,University Tower 5,MANILA,3,1,BARANGAY 459,,UNIVERSITY TOWER 5,14.60697542,120.9903932,,23F,AUX ROOM,UNIVERSITY TOWER 5,,,8,2025-06-30,ISP
MNL102 LP10 NP3,MNL102,LP10,NP3,MNL102 LP10,University Tower 5,MANILA,3,1,BARANGAY 459,,UNIVERSITY TOWER 5,14.60697542,120.9903932,,46F,AUX ROOM,UNIVERSITY TOWER 5,,,8,2025-06-30,ISP
MNL102 LP6 NP2,MNL102,LP6,NP2,MNL102 LP6,University Tower 5,MANILA,3,1,BARANGAY 459,,UNIVERSITY TOWER 5,14.60697542,120.9903932,,29F,AUX ROOM,UNIVERSITY TOWER 5,,,8,2025-06-30,ISP
MNL102 LP10 NP4,MNL102,LP10,NP4,MNL102 LP10,University Tower 5,MANILA,3,1,BARANGAY 459,,UNIVERSITY TOWER 5,14.60697542,120.9903932,,47F,AUX ROOM,UNIVERSITY TOWER 5,,,8,2025-06-30,ISP
MNL102 LP7 NP1-2,MNL102,LP7,NP1-2,MNL102 LP7,University Tower 5,MANILA,3,1,BARANGAY 459,,UNIVERSITY TOWER 5,14.60697542,120.9903932,,32F,AUX ROOM,UNIVERSITY TOWER 5,,,16,2025-06-30,ISP
MNL102 LP7 NP4,MNL102,LP7,NP4,MNL102 LP7,University Tower 5,MANILA,3,1,BARANGAY 459,,UNIVERSITY TOWER 5,14.60697542,120.9903932,,34F,AUX ROOM,UNIVERSITY TOWER 5,,,8,2025-06-30,ISP
MNL102 LP10 NP5,MNL102,LP10,NP5,MNL102 LP10,University Tower 5,MANILA,3,1,BARANGAY 459,,UNIVERSITY TOWER 5,14.60697542,120.9903932,,48F,AUX ROOM,UNIVERSITY TOWER 5,,,8,2025-06-30,ISP
MNL102 LP8 NP4,MNL102,LP8,NP4,MNL102 LP8,University Tower 5,MANILA,3,1,BARANGAY 459,,UNIVERSITY TOWER 5,14.60697542,120.9903932,,39F,AUX ROOM,UNIVERSITY TOWER 5,,,8,2025-06-30,ISP
MNL102 LP1 NP2,MNL102,LP1,NP2,MNL102 LP1,University Tower 5,MANILA,3,1,BARANGAY 459,,UNIVERSITY TOWER 5,14.60697542,120.9903932,,7F,AUX ROOM,UNIVERSITY TOWER 5,,,8,2025-06-30,ISP
MNL102 LP9 NP1-2,MNL102,LP9,NP1-2,MNL102 LP9,University Tower 5,MANILA,3,1,BARANGAY 459,,UNIVERSITY TOWER 5,14.60697542,120.9903932,,40F,AUX ROOM,UNIVERSITY TOWER 5,,,16,2025-06-30,ISP
MNL102 LP11 NP5,MNL102,LP11,NP5,MNL102 LP11,University Tower 5,MANILA,3,1,BARANGAY 459,,UNIVERSITY TOWER 5,14.60697542,120.9903932,,52F,AUX ROOM,UNIVERSITY TOWER 5,,,8,2025-06-30,ISP
MNL102 LP5 NP4-5,MNL102,LP5,NP4-5,MNL102 LP5,University Tower 5,MANILA,3,1,BARANGAY 459,,UNIVERSITY TOWER 5,14.60697542,120.9903932,,27F,AUX ROOM,UNIVERSITY TOWER 5,,,16,2025-06-30,ISP
MNL102 LP2 NP4,MNL102,LP2,NP4,MNL102 LP2,University Tower 5,MANILA,3,1,BARANGAY 459,,UNIVERSITY TOWER 5,14.60697542,120.9903932,,14F,AUX ROOM,UNIVERSITY TOWER 5,,,8,2025-06-30,ISP
MNL102 LP4 NP5,MNL102,LP4,NP5,MNL102 LP4,University Tower 5,MANILA,3,1,BARANGAY 459,,UNIVERSITY TOWER 5,14.60697542,120.9903932,,24F,AUX ROOM,UNIVERSITY TOWER 5,,,8,2025-06-30,ISP
MNL102 LP9 NP3,MNL102,LP9,NP3,MNL102 LP9,University Tower 5,MANILA,3,1,BARANGAY 459,,UNIVERSITY TOWER 5,14.60697542,120.9903932,,41F,AUX ROOM,UNIVERSITY TOWER 5,,,8,2025-06-30,ISP
MNL102 LP2 NP1,MNL102,LP2,NP1,MNL102 LP2,University Tower 5,MANILA,3,1,BARANGAY 459,,UNIVERSITY TOWER 5,14.60697542,120.9903932,,10F,AUX ROOM,UNIVERSITY TOWER 5,,,8,2025-06-30,ISP
MNL102 LP7 NP5,MNL102,LP7,NP5,MNL102 LP7,University Tower 5,MANILA,3,1,BARANGAY 459,,UNIVERSITY TOWER 5,14.60697542,120.9903932,,35F,AUX ROOM,UNIVERSITY TOWER 5,,,8,2025-06-30,ISP
MNL102 LP8 NP3,MNL102,LP8,NP3,MNL102 LP8,University Tower 5,MANILA,3,1,BARANGAY 459,,UNIVERSITY TOWER 5,14.60697542,120.9903932,,38F,AUX ROOM,UNIVERSITY TOWER 5,,,8,2025-06-30,ISP
MNL102 LP4 NP3,MNL102,LP4,NP3,MNL102 LP4,University Tower 5,MANILA,3,1,BARANGAY 459,,UNIVERSITY TOWER 5,14.60697542,120.9903932,,22F,AUX ROOM,UNIVERSITY TOWER 5,,,8,2025-06-30,ISP
MNL102 LP1 NP3,MNL102,LP1,NP3,MNL102 LP1,University Tower 5,MANILA,3,1,BARANGAY 459,,UNIVERSITY TOWER 5,14.60697542,120.9903932,,8F,AUX ROOM,UNIVERSITY TOWER 5,,,8,2025-06-30,ISP
MNL102 LP6 NP4,MNL102,LP6,NP4,MNL102 LP6,University Tower 5,MANILA,3,1,BARANGAY 459,,UNIVERSITY TOWER 5,14.60697542,120.9903932,,31F,AUX ROOM,UNIVERSITY TOWER 5,,,8,2025-06-30,ISP
MNL102 LP7 NP3,MNL102,LP7,NP3,MNL102 LP7,University Tower 5,MANILA,3,1,BARANGAY 459,,UNIVERSITY TOWER 5,14.60697542,120.9903932,,33F,AUX ROOM,UNIVERSITY TOWER 5,,,8,2025-06-30,ISP
MNL102 LP6 NP1,MNL102,LP6,NP1,MNL102 LP6,University Tower 5,MANILA,3,1,BARANGAY 459,,UNIVERSITY TOWER 5,14.60697542,120.9903932,,28F,AUX ROOM,UNIVERSITY TOWER 5,,,8,2025-06-30,ISP
MNL102 LP2 NP5,MNL102,LP2,NP5,MNL102 LP2,University Tower 5,MANILA,3,1,BARANGAY 459,,UNIVERSITY TOWER 5,14.60697542,120.9903932,,15F,AUX ROOM,UNIVERSITY TOWER 5,,,8,2025-06-30,ISP
MNL102 LP2 NP3,MNL102,LP2,NP3,MNL102 LP2,University Tower 5,MANILA,3,1,BARANGAY 459,,UNIVERSITY TOWER 5,14.60697542,120.9903932,,12F,AUX ROOM,UNIVERSITY TOWER 5,,,8,2025-06-30,ISP
MNL102 LP3 NP4,MNL102,LP3,NP4,MNL102 LP3,University Tower 5,MANILA,3,1,BARANGAY 459,,UNIVERSITY TOWER 5,14.60697542,120.9903932,,18F,AUX ROOM,UNIVERSITY TOWER 5,,,8,2025-06-30,ISP
MNL102 LP8 NP1,MNL102,LP8,NP1,MNL102 LP8,University Tower 5,MANILA,3,1,BARANGAY 459,,UNIVERSITY TOWER 5,14.60697542,120.9903932,,36F,AUX ROOM,UNIVERSITY TOWER 5,,,8,2025-06-30,ISP
MNL102 LP1 NP1,MNL102,LP1,NP1,MNL102 LP1,University Tower 5,MANILA,3,1,BARANGAY 459,,UNIVERSITY TOWER 5,14.60697542,120.9903932,,2F,AUX ROOM,UNIVERSITY TOWER 5,,,8,2025-06-30,ISP
MNL102 LP5 NP1-2,MNL102,LP5,NP1-2,MNL102 LP5,University Tower 5,MANILA,3,1,BARANGAY 459,,UNIVERSITY TOWER 5,14.60697542,120.9903932,,25F,AUX ROOM,UNIVERSITY TOWER 5,,,16,2025-06-30,ISP
MNL102 LP11 NP1-2,MNL102,LP11,NP1-2,MNL102 LP11,University Tower 5,MANILA,3,1,BARANGAY 459,,UNIVERSITY TOWER 5,14.60697542,120.9903932,,49F,AUX ROOM,UNIVERSITY TOWER 5,,,16,2025-06-30,ISP
MNL102 LP2 NP2,MNL102,LP2,NP2,MNL102 LP2,University Tower 5,MANILA,3,1,BARANGAY 459,,UNIVERSITY TOWER 5,14.60697542,120.9903932,,11F,AUX ROOM,UNIVERSITY TOWER 5,,,8,2025-06-30,ISP
MNL102 LP3 NP1-2,MNL102,LP3,NP1-2,MNL102 LP3,University Tower 5,MANILA,3,1,BARANGAY 459,,UNIVERSITY TOWER 5,14.60697542,120.9903932,,16F,AUX ROOM,UNIVERSITY TOWER 5,,,16,2025-06-30,ISP
MNL102 LP10 NP1-2,MNL102,LP10,NP1-2,MNL102 LP10,University Tower 5,MANILA,3,1,BARANGAY 459,,UNIVERSITY TOWER 5,14.60697542,120.9903932,,45F,AUX ROOM,UNIVERSITY TOWER 5,,,16,2025-06-30,ISP
MNL102 LP5 NP3,MNL102,LP5,NP3,MNL102 LP5,University Tower 5,MANILA,3,1,BARANGAY 459,,UNIVERSITY TOWER 5,14.60697542,120.9903932,,26F,AUX ROOM,UNIVERSITY TOWER 5,,,8,2025-06-30,ISP
MNL102 LP9 NP5,MNL102,LP9,NP5,MNL102 LP9,University Tower 5,MANILA,3,1,BARANGAY 459,,UNIVERSITY TOWER 5,14.60697542,120.9903932,,43F,AUX ROOM,UNIVERSITY TOWER 5,,,8,2025-06-30,ISP
MNL102 LP11 NP4,MNL102,LP11,NP4,MNL102 LP11,University Tower 5,MANILA,3,1,BARANGAY 459,,UNIVERSITY TOWER 5,14.60697542,120.9903932,,51F,AUX ROOM,UNIVERSITY TOWER 5,,,8,2025-06-30,ISP
MNL102 LP4 NP1,MNL102,LP4,NP1,MNL102 LP4,University Tower 5,MANILA,3,1,BARANGAY 459,,UNIVERSITY TOWER 5,14.60697542,120.9903932,,20F,AUX ROOM,UNIVERSITY TOWER 5,,,8,2025-06-30,ISP
MNL102 LP8 NP2,MNL102,LP8,NP2,MNL102 LP8,University Tower 5,MANILA,3,1,BARANGAY 459,,UNIVERSITY TOWER 5,14.60697542,120.9903932,,37F,AUX ROOM,UNIVERSITY TOWER 5,,,8,2025-06-30,ISP
MNL102 LP11 NP3,MNL102,LP11,NP3,MNL102 LP11,University Tower 5,MANILA,3,1,BARANGAY 459,,UNIVERSITY TOWER 5,14.60697542,120.9903932,,50F,AUX ROOM,UNIVERSITY TOWER 5,,,8,2025-06-30,ISP
MNL102 LP9 NP4,MNL102,LP9,NP4,MNL102 LP9,University Tower 5,MANILA,3,1,BARANGAY 459,,UNIVERSITY TOWER 5,14.60697542,120.9903932,,42F,AUX ROOM,UNIVERSITY TOWER 5,,,8,2025-06-30,ISP
MNL003 LP164 NP1-2,MNL003,LP164,NP1-2,MNL003 LP164,City Square,MANILA,3,1,BARANGAY 46,,,14.60957192,120.9632818,,,,,,,16,2019-01-29,OSP
MNL003 LP206 NP3-4,MNL003,LP206,NP3-4,MNL003 LP206,City Square,MANILA,3,1,BARANGAY 46,,,14.60828484,120.9640119,,,,,,,16,2019-02-12,OSP
MNL003 LP209 NP7-8,MNL003,LP209,NP7-8,MNL003 LP209,City Square,MANILA,3,1,BARANGAY 46,,,14.60819407,120.9635972,,,,,,,16,2019-02-12,OSP
MNL003 LP398 NP1-2,MNL003,LP398,NP1-2,MNL003 LP398,City Square,MANILA,3,1,BARANGAY 46,,,14.60921,120.963799,,,,,,,16,2019-10-02,OSP
MNL003 LP398 NP3-4,MNL003,LP398,NP3-4,MNL003 LP398,City Square,MANILA,3,1,BARANGAY 46,,,14.608709,120.963879,,,,,,,16,2019-10-02,OSP
MNL005 LP237 NP6-7-8,MNL005,LP237,NP6-7-8,MNL005 LP237,Orchard Building (City Square 2),MANILA,3,1,BARANGAY 46,,,14.609639,120.964122,,,,,,,24,2021-09-25,OSP
MNL005 LP238 NP1-2,MNL005,LP238,NP1-2,MNL005 LP238,Orchard Building (City Square 2),MANILA,3,1,BARANGAY 46,,,14.609639,120.964126,,,,,,,16,2021-09-25,OSP
MNL005 LP238 NP3-4-5,MNL005,LP238,NP3-4-5,MNL005 LP238,Orchard Building (City Square 2),MANILA,3,1,BARANGAY 46,,,14.609608,120.963781,,,,,,,24,2021-09-25,OSP
MNL005 LP238 NP6-7-8,MNL005,LP238,NP6-7-8,MNL005 LP238,Orchard Building (City Square 2),MANILA,3,1,BARANGAY 46,,,14.609609,120.963783,,,,,,,24,2021-09-25,OSP
MNL005 LP239 NP1-2,MNL005,LP239,NP1-2,MNL005 LP239,Orchard Building (City Square 2),MANILA,3,1,BARANGAY 46,,,14.609572,120.963284,,,,,,,16,2021-09-25,OSP
MNL005 LP2 NP5-6,MNL005,LP2,NP5-6,MNL005 LP2,Orchard Building (City Square 2),MANILA,3,1,BARANGAY 46,,,14.60961,120.963722,,,,,,,16,2020-08-30,OSP
MNL005 LP2 NP7-8,MNL005,LP2,NP7-8,MNL005 LP2,Orchard Building (City Square 2),MANILA,3,1,BARANGAY 46,,,14.609573,120.963336,,,,,,,16,2020-08-30,OSP
MNL005 LP284 NP6-8,MNL005,LP284,NP6-8,MNL005 LP284,Orchard Building (City Square 2),MANILA,3,1,BARANGAY 46,,,14.607977,120.964261,,,,,,,24,2021-10-21,OSP
MNL005 LP34 NP5-6,MNL005,LP34,NP5-6,MNL005 LP34,Orchard Building (City Square 2),MANILA,3,1,BARANGAY 46,,,14.608751,120.964261,,,,,,,16,2020-09-25,OSP
MNL005 LP34 NP3-4,MNL005,LP34,NP3-4,MNL005 LP34,Orchard Building (City Square 2),MANILA,3,1,BARANGAY 46,,,14.609383,120.964158,,,,,,,16,2020-09-25,OSP
MNL005 LP33 NP7-8,MNL005,LP33,NP7-8,MNL005 LP33,Orchard Building (City Square 2),MANILA,3,1,BARANGAY 46,,,14.608951,120.963426,,,,,,,16,2020-09-25,OSP
MNL005 LP300 NP1-2,MNL005,LP300,NP1-2,MNL005 LP300,Orchard Building (City Square 2),MANILA,3,1,BARANGAY 46,,,14.608789,120.963472,,,,,,,16,2021-11-17,OSP
MNL005 LP300 NP3-5,MNL005,LP300,NP3-5,MNL005 LP300,Orchard Building (City Square 2),MANILA,3,1,BARANGAY 46,,,14.609199,120.963356,,,,,,,24,2021-11-17,OSP
MNL005 LP300 NP6-8,MNL005,LP300,NP6-8,MNL005 LP300,Orchard Building (City Square 2),MANILA,3,1,BARANGAY 46,,,14.609201,120.963358,,,,,,,24,2021-11-17,OSP
MNL005 LP298 NP3-5,MNL005,LP298,NP3-5,MNL005 LP298,Orchard Building (City Square 2),MANILA,3,1,BARANGAY 46,,,14.608209,120.96362,,,,,,,24,2021-11-17,OSP
MNL005 LP298 NP6-8,MNL005,LP298,NP6-8,MNL005 LP298,Orchard Building (City Square 2),MANILA,3,1,BARANGAY 46,,,14.608211,120.963619,,,,,,,24,2021-11-17,OSP
MNL005 LP299 NP1-2,MNL005,LP299,NP1-2,MNL005 LP299,Orchard Building (City Square 2),MANILA,3,1,BARANGAY 46,,,14.608358,120.963577,,,,,,,16,2021-11-17,OSP
MNL005 LP286 NP1-2,MNL005,LP286,NP1-2,MNL005 LP286,Orchard Building (City Square 2),MANILA,3,1,BARANGAY 46,,,14.609034,120.964414,,,,,,,16,2021-10-21,OSP
MNL005 LP286 NP6-8,MNL005,LP286,NP6-8,MNL005 LP286,Orchard Building (City Square 2),MANILA,3,1,BARANGAY 46,,,14.609262,120.964192,,,,,,,24,2021-10-21,OSP
MNL005 LP287 NP1-2,MNL005,LP287,NP1-2,MNL005 LP287,Orchard Building (City Square 2),MANILA,3,1,BARANGAY 46,,,14.609022,120.964209,,,,,,,16,2021-10-21,OSP
MNL005 LP287 NP3-5,MNL005,LP287,NP3-5,MNL005 LP287,Orchard Building (City Square 2),MANILA,3,1,BARANGAY 46,,,14.608764,120.964256,,,,,,,24,2021-10-21,OSP
MNL005 LP288 NP1-2,MNL005,LP288,NP1-2,MNL005 LP288,Orchard Building (City Square 2),MANILA,3,1,BARANGAY 46,,,14.609235,120.963789,,,,,,,16,2021-11-17,OSP
MNL005 LP288 NP3-5,MNL005,LP288,NP3-5,MNL005 LP288,Orchard Building (City Square 2),MANILA,3,1,BARANGAY 46,,,14.608909,120.963842,,,,,,,24,2021-11-17,OSP
MNL005 LP288 NP6-8,MNL005,LP288,NP6-8,MNL005 LP288,Orchard Building (City Square 2),MANILA,3,1,BARANGAY 46,,,14.608732,120.96387,,,,,,,24,2021-11-17,OSP
MNL005 LP289 NP1-2,MNL005,LP289,NP1-2,MNL005 LP289,Orchard Building (City Square 2),MANILA,3,1,BARANGAY 46,,,14.608299,120.96396,,,,,,,16,2021-11-17,OSP
MNL005 LP289 NP3-5,MNL005,LP289,NP3-5,MNL005 LP289,Orchard Building (City Square 2),MANILA,3,1,BARANGAY 46,,,14.607907,120.964049,,,,,,,24,2021-11-17,OSP
MNL002 LP264 NP1-2,MNL002,LP264,NP1-2,MNL002 LP264,Don Quintos,MANILA,3,1,BARANGAY 460,,,14.607498,120.993741,,,,,,,16,2019-12-02,OSP
MNL002 LP266 NP1-2,MNL002,LP266,NP1-2,MNL002 LP266,Don Quintos,MANILA,3,1,BARANGAY 460,,,14.608892,120.993414,,,,,,,16,2019-12-02,OSP
MNL002 LP160 NP3-4,MNL002,LP160,NP3-4,MNL002 LP160,Don Quintos,MANILA,3,1,BARANGAY 460,,,14.60802711,120.9931951,,,,,,,16,2018-11-21,OSP
MNL002 LP160 NP5-6,MNL002,LP160,NP5-6,MNL002 LP160,Don Quintos,MANILA,3,1,BARANGAY 460,,,14.60899915,120.9922573,,,,,,,16,2018-11-21,OSP
MNL046 LP86 NP3-4,MNL046,LP86,NP3-4,MNL046 LP86,Reten Apartment,MANILA,3,1,BARANGAY 460,,,14.606956,120.994272,,,,,,,16,2022-03-10,OSP
MNL046 LP74 NP1-2,MNL046,LP74,NP1-2,MNL046 LP74,Reten Apartment,MANILA,3,1,BARANGAY 460,,,14.607964,120.99327,,,,,,,16,2022-03-10,OSP
MNL046 LP74 NP3-5,MNL046,LP74,NP3-5,MNL046 LP74,Reten Apartment,MANILA,3,1,BARANGAY 460,,,14.60766,120.99358,,,,,,,24,2022-03-10,OSP
MNL046 LP74 NP6-8,MNL046,LP74,NP6-8,MNL046 LP74,Reten Apartment,MANILA,3,1,BARANGAY 460,,,14.607136,120.99408,,,,,,,24,2022-03-10,OSP
MNL046 LP75 NP1-2,MNL046,LP75,NP1-2,MNL046 LP75,Reten Apartment,MANILA,3,1,BARANGAY 460,,,14.607069,120.9944,,,,,,,16,2022-03-10,OSP
MNL046 LP76 NP3-5,MNL046,LP76,NP3-5,MNL046 LP76,Reten Apartment,MANILA,3,1,BARANGAY 460,,,14.608526,120.99382,,,,,,,24,2022-03-10,OSP
MNL046 LP76 NP6-8,MNL046,LP76,NP6-8,MNL046 LP76,Reten Apartment,MANILA,3,1,BARANGAY 460,,,14.608026,120.99322,,,,,,,24,2022-03-10,OSP
MNL046 LP77 NP1-2,MNL046,LP77,NP1-2,MNL046 LP77,Reten Apartment,MANILA,3,1,BARANGAY 460,,,14.608478,120.99281,,,,,,,16,2022-03-10,OSP
MNL046 LP77 NP3-5,MNL046,LP77,NP3-5,MNL046 LP77,Reten Apartment,MANILA,3,1,BARANGAY 460,,,14.608655,120.99261,,,,,,,24,2022-03-10,OSP
MNL046 LP77 NP6-8,MNL046,LP77,NP6-8,MNL046 LP77,Reten Apartment,MANILA,3,1,BARANGAY 460,,,14.609061,120.99222,,,,,,,24,2022-03-10,OSP
MNL046 LP303 NP3-4,MNL046,LP303,NP3-4,MNL046 LP303,Reten Apartment,MANILA,3,1,BARANGAY 460,,,14.608043,120.993202,,,,,,,16,2024-01-11,OSP
MNL046 LP302 NP5-6,MNL046,LP302,NP5-6,MNL046 LP302,Reten Apartment,MANILA,3,1,BARANGAY 460,,,14.609016,120.992256,,,,,,,16,2024-01-11,OSP
MNL046 LP302 NP7-8,MNL046,LP302,NP7-8,MNL046 LP302,Reten Apartment,MANILA,3,1,BARANGAY 460,,,14.608727,120.992541,,,,,,,16,2024-01-11,OSP
MNL046 LP303 NP1-2,MNL046,LP303,NP1-2,MNL046 LP303,Reten Apartment,MANILA,3,1,BARANGAY 460,,,14.608464,120.992788,,,,,,,16,2024-01-11,OSP
MNL001 LP13 NP7-8,MNL001,LP13,NP7-8,MNL001 LP13,Zen Tower,MANILA,3,1,BARANGAY 460,,,14.608629,120.993585,,,,,,,16,2015-07-27,OSP
MNL002 LP74 NP7-8,MNL002,LP74,NP7-8,MNL002 LP74,Don Quintos,MANILA,3,1,BARANGAY 461,,,14.607378,120.994386,,,,,,,16,2020-08-27,OSP
MNL002 LP265 NP5-6,MNL002,LP265,NP5-6,MNL002 LP265,Don Quintos,MANILA,3,1,BARANGAY 461,,,14.607113,120.994548,,,,,,,16,2019-12-02,OSP
MNL002 LP265 NP7-8,MNL002,LP265,NP7-8,MNL002 LP265,Don Quintos,MANILA,3,1,BARANGAY 461,,,14.608296,120.994049,,,,,,,16,2019-12-02,OSP
MNL002 LP74 NP5-6,MNL002,LP74,NP5-6,MNL002 LP74,Don Quintos,MANILA,3,1,BARANGAY 461,,,14.607422,120.994799,,,,,,,16,2018-04-24,OSP
MNL002 LP57 NP5-6,MNL002,LP57,NP5-6,MNL002 LP57,Don Quintos,MANILA,3,1,BARANGAY 461,,,14.610138,120.993463,,,,,,,16,2018-02-04,OSP
MNL002 LP58 NP1-2,MNL002,LP58,NP1-2,MNL002 LP58,Don Quintos,MANILA,3,1,BARANGAY 461,,,14.608682,120.993953,,,,,,,16,2018-02-04,OSP
MNL002 LP59 NP1-2,MNL002,LP59,NP1-2,MNL002 LP59,Don Quintos,MANILA,3,1,BARANGAY 461,,,14.607641,120.99497,,,,,,,16,2018-02-04,OSP
MNL002 LP301 NP7-8,MNL002,LP301,NP7-8,MNL002 LP301,Don Quintos,MANILA,3,1,BARANGAY 461,,,14.608742,120.994018,,,,,,,16,2019-12-23,OSP
MNL002 LP302 NP1-2,MNL002,LP302,NP1-2,MNL002 LP302,Don Quintos,MANILA,3,1,BARANGAY 461,,,14.609684,120.993069,,,,,,,16,2019-12-23,OSP
MNL002 LP304 NP1-2,MNL002,LP304,NP1-2,MNL002 LP304,Don Quintos,MANILA,3,1,BARANGAY 461,,,14.60969,120.993498,,,,,,,16,2020-01-29,OSP
MNL002 LP304 NP3-4,MNL002,LP304,NP3-4,MNL002 LP304,Don Quintos,MANILA,3,1,BARANGAY 461,,,14.608153,120.99455,,,,,,,16,2020-01-29,OSP
MNL046 LP1 NP1-2,MNL046,LP1,NP1-2,MNL046 LP1,Reten Apartment,MANILA,3,1,BARANGAY 461,,,14.610073,120.99333,,,,,,,16,2022-03-10,OSP
MNL046 LP86 NP5-6,MNL046,LP86,NP5-6,MNL046 LP86,Reten Apartment,MANILA,3,1,BARANGAY 461,,,14.60722,120.994565,,,,,,,16,2022-03-10,OSP
MNL046 LP75 NP3-5,MNL046,LP75,NP3-5,MNL046 LP75,Reten Apartment,MANILA,3,1,BARANGAY 461,,,14.607622,120.99413,,,,,,,24,2022-03-10,OSP
MNL046 LP75 NP6-8,MNL046,LP75,NP6-8,MNL046 LP75,Reten Apartment,MANILA,3,1,BARANGAY 461,,,14.607453,120.9948,,,,,,,24,2022-03-10,OSP
MNL046 LP76 NP1-2,MNL046,LP76,NP1-2,MNL046 LP76,Reten Apartment,MANILA,3,1,BARANGAY 461,,,14.608194,120.99411,,,,,,,16,2022-03-10,OSP
MNL046 LP67 NP7-8,MNL046,LP67,NP7-8,MNL046 LP67,Reten Apartment,MANILA,3,1,BARANGAY 461,,,14.60970577,120.9930102,,,,,,,16,2022-03-13,OSP
MNL046 LP5 NP5-6,MNL046,LP5,NP5-6,MNL046 LP5,Reten Apartment,MANILA,3,1,BARANGAY 461,,,14.607609,120.99495,,,,,,,16,2022-03-10,OSP
MNL046 LP5 NP1-2,MNL046,LP5,NP1-2,MNL046 LP5,Reten Apartment,MANILA,3,1,BARANGAY 461,,,14.608632,120.99394,,,,,,,16,2022-03-10,OSP
MNL046 LP5 NP3-4,MNL046,LP5,NP3-4,MNL046 LP5,Reten Apartment,MANILA,3,1,BARANGAY 461,,,14.607997,120.99458,,,,,,,16,2022-03-10,OSP
MNL046 LP328 NP1-2,MNL046,LP328,NP1-2,MNL046 LP328,Reten Apartment,MANILA,3,1,BARANGAY 461,,,14.607654,120.99497,,,,,,,16,2024-01-11,OSP
MNL002 LP166 NP7-8,MNL002,LP166,NP7-8,MNL002 LP166,Don Quintos,MANILA,3,1,BARANGAY 462,,,14.60582823,120.988312,,,,,,,16,2018-11-21,OSP
MNL002 LP167 NP1-2,MNL002,LP167,NP1-2,MNL002 LP167,Don Quintos,MANILA,3,1,BARANGAY 462,,,14.60551727,120.9880048,,,,,,,16,2018-11-21,OSP
MNL002 LP167 NP3-4,MNL002,LP167,NP3-4,MNL002 LP167,Don Quintos,MANILA,3,1,BARANGAY 462,,,14.60541199,120.9876828,,,,,,,16,2018-11-21,OSP
MNL046 LP141 NP3-5,MNL046,LP141,NP3-5,MNL046 LP141,Reten Apartment,MANILA,3,1,BARANGAY 462,,,14.60541329,120.9876772,,,,,,,24,2022-03-10,OSP
MNL046 LP141 NP6-8,MNL046,LP141,NP6-8,MNL046 LP141,Reten Apartment,MANILA,3,1,BARANGAY 462,,,14.60577826,120.9872976,,,,,,,24,2022-03-10,OSP
MNL046 LP142 NP1-2,MNL046,LP142,NP1-2,MNL046 LP142,Reten Apartment,MANILA,3,1,BARANGAY 462,,,14.60524926,120.9870155,,,,,,,16,2022-03-10,OSP
MNL046 LP142 NP3-5,MNL046,LP142,NP3-5,MNL046 LP142,Reten Apartment,MANILA,3,1,BARANGAY 462,,,14.6052174,120.9868239,,,,,,,24,2022-03-10,OSP
MNL046 LP137 NP7-8,MNL046,LP137,NP7-8,MNL046 LP137,Reten Apartment,MANILA,3,1,BARANGAY 462,,,14.60582731,120.988313,,,,,,,16,2022-03-10,OSP
MNL046 LP140 NP6-8,MNL046,LP140,NP6-8,MNL046 LP140,Reten Apartment,MANILA,3,1,BARANGAY 462,,,14.606155,120.98744,,,,,,,24,2022-03-10,OSP
MNL046 LP141 NP1-2,MNL046,LP141,NP1-2,MNL046 LP141,Reten Apartment,MANILA,3,1,BARANGAY 462,,,14.605546,120.98798,,,,,,,16,2022-03-10,OSP
MNL002 LP167 NP5-6,MNL002,LP167,NP5-6,MNL002 LP167,Don Quintos,MANILA,3,1,BARANGAY 463,,,14.60714663,120.9860121,,,,,,,16,2018-11-21,OSP
MNL002 LP168 NP1-2,MNL002,LP168,NP1-2,MNL002 LP168,Don Quintos,MANILA,3,1,BARANGAY 463,,,14.60638514,120.9867581,,,,,,,16,2018-11-21,OSP
MNL002 LP168 NP3-4,MNL002,LP168,NP3-4,MNL002 LP168,Don Quintos,MANILA,3,1,BARANGAY 463,,,14.60682752,120.9872291,,,,,,,16,2018-11-21,OSP
MNL046 LP144 NP1-2,MNL046,LP144,NP1-2,MNL046 LP144,Reten Apartment,MANILA,3,1,BARANGAY 463,,,14.60635614,120.986761,,,,,,,16,2022-03-10,OSP
MNL046 LP144 NP3-5,MNL046,LP144,NP3-5,MNL046 LP144,Reten Apartment,MANILA,3,1,BARANGAY 463,,,14.606884,120.98626,,,,,,,24,2022-03-10,OSP
MNL046 LP144 NP6-8,MNL046,LP144,NP6-8,MNL046 LP144,Reten Apartment,MANILA,3,1,BARANGAY 463,,,14.60712623,120.9860128,,,,,,,24,2022-03-10,OSP
MNL046 LP139 NP3-5,MNL046,LP139,NP3-5,MNL046 LP139,Reten Apartment,MANILA,3,1,BARANGAY 463,,,14.60755686,120.9860938,,,,,,,24,2022-03-10,OSP
MNL046 LP139 NP6-8,MNL046,LP139,NP6-8,MNL046 LP139,Reten Apartment,MANILA,3,1,BARANGAY 463,,,14.60765626,120.9860691,,,,,,,24,2022-03-10,OSP
MNL046 LP140 NP1-2,MNL046,LP140,NP1-2,MNL046 LP140,Reten Apartment,MANILA,3,1,BARANGAY 463,,,14.60708045,120.9865533,,,,,,,16,2022-03-10,OSP
MNL046 LP140 NP3-5,MNL046,LP140,NP3-5,MNL046 LP140,Reten Apartment,MANILA,3,1,BARANGAY 463,,,14.60657083,120.9870442,,,,,,,24,2022-03-10,OSP
MNL046 LP142 NP6-8,MNL046,LP142,NP6-8,MNL046 LP142,Reten Apartment,MANILA,3,1,BARANGAY 464,,,14.60544601,120.9865994,,,,,,,24,2022-03-10,OSP
MNL046 LP143 NP1-2,MNL046,LP143,NP1-2,MNL046 LP143,Reten Apartment,MANILA,3,1,BARANGAY 464,,,14.6051317,120.9864845,,,,,,,16,2022-03-10,OSP
MNL046 LP143 NP3-5,MNL046,LP143,NP3-5,MNL046 LP143,Reten Apartment,MANILA,3,1,BARANGAY 464,,,14.60503763,120.9860774,,,,,,,24,2022-03-10,OSP
MNL046 LP143 NP6-8,MNL046,LP143,NP6-8,MNL046 LP143,Reten Apartment,MANILA,3,1,BARANGAY 464,,,14.60494134,120.985626,,,,,,,24,2022-03-10,OSP
MNL046 LP145 NP1-2,MNL046,LP145,NP1-2,MNL046 LP145,Reten Apartment,MANILA,3,1,BARANGAY 464,,,14.60666825,120.9859524,,,,,,,16,2022-03-10,OSP
MNL046 LP145 NP3-5,MNL046,LP145,NP3-5,MNL046 LP145,Reten Apartment,MANILA,3,1,BARANGAY 464,,,14.60582516,120.9857809,,,,,,,24,2022-03-10,OSP
MNL046 LP145 NP6-8,MNL046,LP145,NP6-8,MNL046 LP145,Reten Apartment,MANILA,3,1,BARANGAY 464,,,14.60548508,120.9857079,,,,,,,24,2022-03-10,OSP
MNL002 LP168 NP5-6,MNL002,LP168,NP5-6,MNL002 LP168,Don Quintos,MANILA,3,1,BARANGAY 465,,,14.60756758,120.9880842,,,,,,,16,2018-11-21,OSP
MNL002 LP168 NP7-8,MNL002,LP168,NP7-8,MNL002 LP168,Don Quintos,MANILA,3,1,BARANGAY 465,,,14.60777015,120.9883251,,,,,,,16,2018-11-21,OSP
MNL046 LP132 NP1-2,MNL046,LP132,NP1-2,MNL046 LP132,Reten Apartment,MANILA,3,1,BARANGAY 465,,,14.6075964,120.9880948,,,,,,,16,2022-03-10,OSP
MNL046 LP132 NP3-5,MNL046,LP132,NP3-5,MNL046 LP132,Reten Apartment,MANILA,3,1,BARANGAY 465,,,14.60804871,120.9876768,,,,,,,24,2022-03-10,OSP
MNL046 LP132 NP6-8,MNL046,LP132,NP6-8,MNL046 LP132,Reten Apartment,MANILA,3,1,BARANGAY 465,,,14.60840413,120.9873458,,,,,,,24,2022-03-10,OSP
MNL046 LP134 NP6-8,MNL046,LP134,NP6-8,MNL046 LP134,Reten Apartment,MANILA,3,1,BARANGAY 465,,,14.607321,120.98781,,,,,,,24,2022-03-10,OSP
MNL046 LP135 NP1-2,MNL046,LP135,NP1-2,MNL046 LP135,Reten Apartment,MANILA,3,1,BARANGAY 465,,,14.60781193,120.9873378,,,,,,,16,2022-03-10,OSP
MNL046 LP135 NP3-5,MNL046,LP135,NP3-5,MNL046 LP135,Reten Apartment,MANILA,3,1,BARANGAY 465,,,14.60834936,120.9868408,,,,,,,24,2022-03-10,OSP
MNL046 LP130 NP1-2,MNL046,LP130,NP1-2,MNL046 LP130,Reten Apartment,MANILA,3,1,BARANGAY 465,,,14.60778045,120.9883598,,,,,,,16,2022-03-10,OSP
MNL002 LP167 NP7-8,MNL002,LP167,NP7-8,MNL002 LP167,Don Quintos,MANILA,3,1,BARANGAY 466,,,14.60795492,120.9863292,,,,,,,16,2018-11-21,OSP
MNL002 LP169 NP1-2,MNL002,LP169,NP1-2,MNL002 LP169,Don Quintos,MANILA,3,1,BARANGAY 466,,,14.60841472,120.986834,,,,,,,16,2018-11-21,OSP
MNL002 LP169 NP3-4,MNL002,LP169,NP3-4,MNL002 LP169,Don Quintos,MANILA,3,1,BARANGAY 466,,,14.60886079,120.9873368,,,,,,,16,2018-11-21,OSP
MNL046 LP133 NP1-2,MNL046,LP133,NP1-2,MNL046 LP133,Reten Apartment,MANILA,3,1,BARANGAY 466,,,14.60866439,120.9871025,,,,,,,16,2022-03-10,OSP
MNL046 LP133 NP3-5,MNL046,LP133,NP3-5,MNL046 LP133,Reten Apartment,MANILA,3,1,BARANGAY 466,,,14.60912201,120.9866787,,,,,,,24,2022-03-10,OSP
MNL046 LP133 NP6-8,MNL046,LP133,NP6-8,MNL046 LP133,Reten Apartment,MANILA,3,1,BARANGAY 466,,,14.60956754,120.9862669,,,,,,,24,2022-03-10,OSP
MNL046 LP135 NP6-8,MNL046,LP135,NP6-8,MNL046 LP135,Reten Apartment,MANILA,3,1,BARANGAY 466,,,14.60868857,120.9864796,,,,,,,24,2022-03-10,OSP
MNL046 LP129 NP3-5,MNL046,LP129,NP3-5,MNL046 LP129,Reten Apartment,MANILA,3,1,BARANGAY 466,,,14.60886777,120.9873195,,,,,,,24,2022-03-10,OSP
MNL046 LP138 NP6-8,MNL046,LP138,NP6-8,MNL046 LP138,Reten Apartment,MANILA,3,1,BARANGAY 467,,,14.60687775,120.9872935,,,,,,,24,2022-03-10,OSP
MNL046 LP139 NP1-2,MNL046,LP139,NP1-2,MNL046 LP139,Reten Apartment,MANILA,3,1,BARANGAY 467,,,14.60744492,120.9867501,,,,,,,16,2022-03-10,OSP
MNL046 LP136 NP1-2,MNL046,LP136,NP1-2,MNL046 LP136,Reten Apartment,MANILA,3,1,BARANGAY 467,,,14.60809004,120.9866231,,,,,,,16,2022-03-10,OSP
MNL046 LP136 NP3-5,MNL046,LP136,NP3-5,MNL046 LP136,Reten Apartment,MANILA,3,1,BARANGAY 467,,,14.60770221,120.9870044,,,,,,,24,2022-03-10,OSP
MNL046 LP136 NP6-8,MNL046,LP136,NP6-8,MNL046 LP136,Reten Apartment,MANILA,3,1,BARANGAY 467,,,14.60707386,120.9875992,,,,,,,24,2022-03-10,OSP
MNL002 LP166 NP5-6,MNL002,LP166,NP5-6,MNL002 LP166,Don Quintos,MANILA,3,1,BARANGAY 468,,,14.60603705,120.9886057,,,,,,,16,2018-11-21,OSP
MNL005 LP667 NP5,MNL005,LP667,NP5,MNL005 LP667,Orchard Building (City Square 2),MANILA,3,1,BARANGAY 468,,ITOWER 2,14.60642,120.987822,,15F,EE ROOM,,,,8,2024-11-01,ISP
MNL005 LP666 NP5,MNL005,LP666,NP5,MNL005 LP666,Orchard Building (City Square 2),MANILA,3,1,BARANGAY 468,,ITOWER 2,14.60642,120.987822,,7F,EE ROOM,,,,8,2024-11-01,ISP
MNL005 LP666 NP2,MNL005,LP666,NP2,MNL005 LP666,Orchard Building (City Square 2),MANILA,3,1,BARANGAY 468,,ITOWER 2,14.60642,120.987822,,3F,EE ROOM,,,,8,2024-11-01,ISP
MNL005 LP666 NP1,MNL005,LP666,NP1,MNL005 LP666,Orchard Building (City Square 2),MANILA,3,1,BARANGAY 468,,ITOWER 2,14.60642,120.987822,,GF,MDF ROOM,,,,8,2024-11-01,ISP
MNL005 LP667 NP3,MNL005,LP667,NP3,MNL005 LP667,Orchard Building (City Square 2),MANILA,3,1,BARANGAY 468,,ITOWER 2,14.60642,120.987822,,11F,EE ROOM,,,,8,2024-11-01,ISP
MNL005 LP666 NP4,MNL005,LP666,NP4,MNL005 LP666,Orchard Building (City Square 2),MANILA,3,1,BARANGAY 468,,ITOWER 2,14.60642,120.987822,,6F,EE ROOM,,,,8,2024-11-01,ISP
MNL005 LP667 NP1,MNL005,LP667,NP1,MNL005 LP667,Orchard Building (City Square 2),MANILA,3,1,BARANGAY 468,,ITOWER 2,14.60642,120.987822,,8F,EE ROOM,,,,8,2024-11-01,ISP
MNL005 LP666 NP3,MNL005,LP666,NP3,MNL005 LP666,Orchard Building (City Square 2),MANILA,3,1,BARANGAY 468,,ITOWER 2,14.60642,120.987822,,4F,EE ROOM,,,,8,2024-11-01,ISP
MNL005 LP667 NP4,MNL005,LP667,NP4,MNL005 LP667,Orchard Building (City Square 2),MANILA,3,1,BARANGAY 468,,ITOWER 2,14.60642,120.987822,,14F,EE ROOM,,,,8,2024-11-01,ISP
MNL005 LP667 NP2,MNL005,LP667,NP2,MNL005 LP667,Orchard Building (City Square 2),MANILA,3,1,BARANGAY 468,,ITOWER 2,14.60642,120.987822,,10F,EE ROOM,,,,8,2024-11-01,ISP
MNL046 LP137 NP1-2,MNL046,LP137,NP1-2,MNL046 LP137,Reten Apartment,MANILA,3,1,BARANGAY 468,,,14.60687705,120.9877839,,,,,,,16,2022-03-10,OSP
MNL046 LP137 NP3-4,MNL046,LP137,NP3-4,MNL046 LP137,Reten Apartment,MANILA,3,1,BARANGAY 468,,,14.60641913,120.9882207,,,,,,,16,2022-03-10,OSP
MNL046 LP137 NP5-6,MNL046,LP137,NP5-6,MNL046 LP137,Reten Apartment,MANILA,3,1,BARANGAY 468,,,14.60601882,120.9885308,,,,,,,16,2022-03-10,OSP
MNL046 LP138 NP1-2,MNL046,LP138,NP1-2,MNL046 LP138,Reten Apartment,MANILA,3,1,BARANGAY 468,,,14.60632786,120.9878231,,,,,,,16,2022-03-10,OSP
MNL046 LP138 NP3-5,MNL046,LP138,NP3-5,MNL046 LP138,Reten Apartment,MANILA,3,1,BARANGAY 468,,,14.60663267,120.9875291,,,,,,,24,2022-03-10,OSP
MNL002 LP166 NP3-4,MNL002,LP166,NP3-4,MNL002 LP166,Don Quintos,MANILA,3,1,BARANGAY 469,,,14.60654089,120.9891679,,,,,,,16,2018-11-21,OSP
MNL002 LP3 NP1-2,MNL002,LP3,NP1-2,MNL002 LP3,Don Quintos,MANILA,3,1,BARANGAY 469,,,14.606359,120.989041,,,,,,,16,2016-06-16,OSP
MNL046 LP131 NP3-5,MNL046,LP131,NP3-5,MNL046 LP131,Reten Apartment,MANILA,3,1,BARANGAY 469,,,14.60689747,120.9887396,,,,,,,24,2022-03-10,OSP
MNL046 LP131 NP6-8,MNL046,LP131,NP6-8,MNL046 LP131,Reten Apartment,MANILA,3,1,BARANGAY 469,,,14.60726838,120.9883969,,,,,,,24,2022-03-10,OSP
MNL046 LP134 NP1-2,MNL046,LP134,NP1-2,MNL046 LP134,Reten Apartment,MANILA,3,1,BARANGAY 469,,,14.60658211,120.9884952,,,,,,,16,2022-03-10,OSP
MNL046 LP134 NP3-5,MNL046,LP134,NP3-5,MNL046 LP134,Reten Apartment,MANILA,3,1,BARANGAY 469,,,14.60705262,120.9880537,,,,,,,24,2022-03-10,OSP
MNL046 LP131 NP1-2,MNL046,LP131,NP1-2,MNL046 LP131,Reten Apartment,MANILA,3,1,BARANGAY 469,,,14.60652238,120.9890797,,,,,,,16,2022-03-10,OSP
MNL001 LP56 NP7-8,MNL001,LP56,NP7-8,MNL001 LP56,Zen Tower,MANILA,3,1,BARANGAY 469,,,14.606232,120.988808,,,,,,,16,2017-01-04,OSP
MNL003 LP163 NP3-4,MNL003,LP163,NP3-4,MNL003 LP163,City Square,MANILA,3,1,BARANGAY 47,,,14.60978155,120.9656313,,,,,,,16,2019-01-29,OSP
MNL003 LP163 NP5-6,MNL003,LP163,NP5-6,MNL003 LP163,City Square,MANILA,3,1,BARANGAY 47,,,14.60969386,120.9646351,,,,,,,16,2019-01-29,OSP
MNL003 LP163 NP7-8,MNL003,LP163,NP7-8,MNL003 LP163,City Square,MANILA,3,1,BARANGAY 47,,,14.60965832,120.9643607,,,,,,,16,2019-01-29,OSP
MNL003 LP202 NP3-4,MNL003,LP202,NP3-4,MNL003 LP202,City Square,MANILA,3,1,BARANGAY 47,,,14.60869674,120.9662645,,,,,,,16,2019-02-12,OSP
MNL003 LP203 NP7-8,MNL003,LP203,NP7-8,MNL003 LP203,City Square,MANILA,3,1,BARANGAY 47,,,14.6085974,120.9656797,,,,,,,16,2019-02-12,OSP
MNL003 LP204 NP1-2,MNL003,LP204,NP1-2,MNL003 LP204,City Square,MANILA,3,1,BARANGAY 47,,,14.60854037,120.965435,,,,,,,16,2019-02-12,OSP
MNL003 LP400 NP1-2,MNL003,LP400,NP1-2,MNL003 LP400,City Square,MANILA,3,1,BARANGAY 47,,,14.608739,120.964419,,,,,,,16,2019-10-02,OSP
MNL003 LP400 NP3-4,MNL003,LP400,NP3-4,MNL003 LP400,City Square,MANILA,3,1,BARANGAY 47,,,14.608577,120.964906,,,,,,,16,2019-10-02,OSP
MNL005 LP237 NP3-4-5,MNL005,LP237,NP3-4-5,MNL005 LP237,Orchard Building (City Square 2),MANILA,3,1,BARANGAY 47,,,14.609659,120.964345,,,,,,,24,2021-09-25,OSP
MNL005 LP267 NP6-8,MNL005,LP267,NP6-8,MNL005 LP267,Orchard Building (City Square 2),MANILA,3,1,BARANGAY 47,,,14.608579,120.965705,,,,,,,24,2021-10-21,OSP
MNL005 LP268 NP1-2,MNL005,LP268,NP1-2,MNL005 LP268,Orchard Building (City Square 2),MANILA,3,1,BARANGAY 47,,,14.608541,120.965439,,,,,,,16,2021-10-21,OSP
MNL005 LP262 NP3-4,MNL005,LP262,NP3-4,MNL005 LP262,Orchard Building (City Square 2),MANILA,3,1,BARANGAY 47,,,14.608742,120.966483,,,,,,,16,2021-10-21,OSP
MNL005 LP2 NP1-2,MNL005,LP2,NP1-2,MNL005 LP2,Orchard Building (City Square 2),MANILA,3,1,BARANGAY 47,,,14.609758,120.96525,,,,,,,16,2020-08-30,OSP
MNL005 LP2 NP3-4,MNL005,LP2,NP3-4,MNL005 LP2,Orchard Building (City Square 2),MANILA,3,1,BARANGAY 47,,,14.609704,120.964687,,,,,,,16,2020-08-30,OSP
MNL005 LP276 NP1-2,MNL005,LP276,NP1-2,MNL005 LP276,Orchard Building (City Square 2),MANILA,3,1,BARANGAY 47,,,14.608532,120.965072,,,,,,,16,2021-10-21,OSP
MNL005 LP279 NP6-8,MNL005,LP279,NP6-8,MNL005 LP279,Orchard Building (City Square 2),MANILA,3,1,BARANGAY 47,,,14.608824,120.964868,,,,,,,24,2021-10-21,OSP
MNL005 LP280 NP1-2,MNL005,LP280,NP1-2,MNL005 LP280,Orchard Building (City Square 2),MANILA,3,1,BARANGAY 47,,,14.609382,120.964851,,,,,,,16,2021-10-21,OSP
MNL005 LP280 NP3-5,MNL005,LP280,NP3-5,MNL005 LP280,Orchard Building (City Square 2),MANILA,3,1,BARANGAY 47,,,14.609332,120.965018,,,,,,,24,2021-10-21,OSP
MNL005 LP280 NP6-8,MNL005,LP280,NP6-8,MNL005 LP280,Orchard Building (City Square 2),MANILA,3,1,BARANGAY 47,,,14.609333,120.965384,,,,,,,24,2021-10-21,OSP
MNL005 LP281 NP1-2,MNL005,LP281,NP1-2,MNL005 LP281,Orchard Building (City Square 2),MANILA,3,1,BARANGAY 47,,,14.609559,120.964842,,,,,,,16,2021-10-21,OSP
MNL005 LP281 NP3-5,MNL005,LP281,NP3-5,MNL005 LP281,Orchard Building (City Square 2),MANILA,3,1,BARANGAY 47,,,14.609377,120.964598,,,,,,,24,2021-10-21,OSP
MNL005 LP281 NP6-8,MNL005,LP281,NP6-8,MNL005 LP281,Orchard Building (City Square 2),MANILA,3,1,BARANGAY 47,,,14.609377,120.964598,,,,,,,24,2021-10-21,OSP
MNL005 LP282 NP1-2,MNL005,LP282,NP1-2,MNL005 LP282,Orchard Building (City Square 2),MANILA,3,1,BARANGAY 47,,,14.609222,120.964649,,,,,,,16,2021-10-21,OSP
MNL005 LP235 NP1-2,MNL005,LP235,NP1-2,MNL005 LP235,Orchard Building (City Square 2),MANILA,3,1,BARANGAY 47,,,14.609783,120.965631,,,,,,,16,2021-09-25,OSP
MNL005 LP235 NP3-4-5,MNL005,LP235,NP3-4-5,MNL005 LP235,Orchard Building (City Square 2),MANILA,3,1,BARANGAY 47,,,14.609342,120.965602,,,,,,,24,2021-09-25,OSP
MNL005 LP235 NP6-7-8,MNL005,LP235,NP6-7-8,MNL005 LP235,Orchard Building (City Square 2),MANILA,3,1,BARANGAY 47,,,14.609744,120.965238,,,,,,,24,2021-09-25,OSP
MNL005 LP236 NP1-2,MNL005,LP236,NP1-2,MNL005 LP236,Orchard Building (City Square 2),MANILA,3,1,BARANGAY 47,,,14.609745,120.965238,,,,,,,16,2021-09-25,OSP
MNL005 LP236 NP3-4-5,MNL005,LP236,NP3-4-5,MNL005 LP236,Orchard Building (City Square 2),MANILA,3,1,BARANGAY 47,,,14.609684,120.964649,,,,,,,24,2021-09-25,OSP
MNL005 LP236 NP6-7-8,MNL005,LP236,NP6-7-8,MNL005 LP236,Orchard Building (City Square 2),MANILA,3,1,BARANGAY 47,,,14.609685,120.96465,,,,,,,24,2021-09-25,OSP
MNL005 LP237 NP1-2,MNL005,LP237,NP1-2,MNL005 LP237,Orchard Building (City Square 2),MANILA,3,1,BARANGAY 47,,,14.609659,120.964345,,,,,,,16,2021-09-25,OSP
MNL005 LP34 NP1-2,MNL005,LP34,NP1-2,MNL005 LP34,Orchard Building (City Square 2),MANILA,3,1,BARANGAY 47,,,14.60884,120.964663,,,,,,,16,2020-09-25,OSP
MNL005 LP285 NP6-8,MNL005,LP285,NP6-8,MNL005 LP285,Orchard Building (City Square 2),MANILA,3,1,BARANGAY 47,,,14.608749,120.964446,,,,,,,24,2021-10-21,OSP
MNL005 LP286 NP3-5,MNL005,LP286,NP3-5,MNL005 LP286,Orchard Building (City Square 2),MANILA,3,1,BARANGAY 47,,,14.60927,120.964401,,,,,,,24,2021-10-21,OSP
MNL002 LP2 NP7-8,MNL002,LP2,NP7-8,MNL002 LP2,Don Quintos,MANILA,3,1,BARANGAY 470,,,14.608536,120.991301,,,,,,,16,2016-06-16,OSP
MNL002 LP171 NP1-2,MNL002,LP171,NP1-2,MNL002 LP171,Don Quintos,MANILA,3,1,BARANGAY 470,,,14.613393,120.988214,,,,,,,16,2018-11-21,OSP
MNL002 LP171 NP3-4,MNL002,LP171,NP3-4,MNL002 LP171,Don Quintos,MANILA,3,1,BARANGAY 470,,,14.612568,120.988415,,,,,,,16,2020-08-06,OSP
MNL002 LP171 NP5-6,MNL002,LP171,NP5-6,MNL002 LP171,Don Quintos,MANILA,3,1,BARANGAY 470,,,14.611948,120.988502,,,,,,,16,2020-08-06,OSP
MNL002 LP171 NP7-8,MNL002,LP171,NP7-8,MNL002 LP171,Don Quintos,MANILA,3,1,BARANGAY 470,,,14.612621,120.987832,,,,,,,16,2020-08-06,OSP
MNL002 LP170 NP7-8,MNL002,LP170,NP7-8,MNL002 LP170,Don Quintos,MANILA,3,1,BARANGAY 470,,,14.61289071,120.9876747,,,,,,,16,2018-11-21,OSP
MNL002 LP158 NP5-6,MNL002,LP158,NP5-6,MNL002 LP158,Don Quintos,MANILA,3,1,BARANGAY 470,,ITOWER,14.607185,120.988839,MNL84P,5F,EE ROOM BUILDING A,,,,,2019-06-23,ISP
MNL002 LP159 NP3-4,MNL002,LP159,NP3-4,MNL002 LP159,Don Quintos,MANILA,3,1,BARANGAY 470,,ITOWER,14.607185,120.988839,MNL84P,8F,EE ROOM BUILDING A,,,,,2019-06-23,ISP
MNL002 LP159 NP1-2,MNL002,LP159,NP1-2,MNL002 LP159,Don Quintos,MANILA,3,1,BARANGAY 470,,ITOWER,14.607185,120.988839,MNL84P,7F,EE ROOM BUILDING A,,,,,2019-06-23,ISP
MNL002 LP157 NP1,MNL002,LP157,NP1,MNL002 LP157,Don Quintos,MANILA,3,1,BARANGAY 470,,ITOWER,14.607185,120.988839,MNL84P,2F,EE ROOM BUILDING A,,,,,2019-06-23,ISP
MNL002 LP159 NP5-6,MNL002,LP159,NP5-6,MNL002 LP159,Don Quintos,MANILA,3,1,BARANGAY 470,,ITOWER,14.607185,120.988839,,9F,EE ROOM BUILDING A,MNL84P,,,,2019-06-23,ISP
MNL002 LP158 NP3-4,MNL002,LP158,NP3-4,MNL002 LP158,Don Quintos,MANILA,3,1,BARANGAY 470,,ITOWER,14.607185,120.988839,,4F,EE ROOM BUILDING A,MNL84P,,,,2019-06-23,ISP
MNL002 LP158 NP1-2,MNL002,LP158,NP1-2,MNL002 LP158,Don Quintos,MANILA,3,1,BARANGAY 470,,ITOWER,14.607185,120.988839,MNL84P,3F,EE ROOM BUILDING A,,,,,2019-06-23,ISP
MNL002 LP158 NP7-8,MNL002,LP158,NP7-8,MNL002 LP158,Don Quintos,MANILA,3,1,BARANGAY 470,,ITOWER,14.607185,120.988839,MNL84P,6F,EE ROOM BUILDING A,,,,,2019-06-23,ISP
MNL002 LP159 NP7-8,MNL002,LP159,NP7-8,MNL002 LP159,Don Quintos,MANILA,3,1,BARANGAY 470,,ITOWER,14.607185,120.988839,MNL84P,10F,EE ROOM BUILDING A,,,,,2019-06-23,ISP
MNL046 LP121 NP1-2,MNL046,LP121,NP1-2,MNL046 LP121,Reten Apartment,MANILA,3,1,BARANGAY 470,,,14.61309581,120.9879228,,,,,,,16,2022-03-10,OSP
MNL046 LP121 NP3-5,MNL046,LP121,NP3-5,MNL046 LP121,Reten Apartment,MANILA,3,1,BARANGAY 470,,,14.61266223,120.9883294,,,,,,,24,2022-03-10,OSP
MNL046 LP121 NP6-8,MNL046,LP121,NP6-8,MNL046 LP121,Reten Apartment,MANILA,3,1,BARANGAY 470,,,14.61221626,120.9887843,,,,,,,24,2022-03-10,OSP
MNL046 LP122 NP1-2,MNL046,LP122,NP1-2,MNL046 LP122,Reten Apartment,MANILA,3,1,BARANGAY 470,,,14.61242268,120.9879854,,,,,,,16,2022-03-10,OSP
MNL046 LP122 NP3-5,MNL046,LP122,NP3-5,MNL046 LP122,Reten Apartment,MANILA,3,1,BARANGAY 470,,,14.61282404,120.9876123,,,,,,,24,2022-03-10,OSP
MNL046 LP122 NP6-8,MNL046,LP122,NP6-8,MNL046 LP122,Reten Apartment,MANILA,3,1,BARANGAY 470,,,14.6126049,120.9873613,,,,,,,24,2022-03-10,OSP
MNL046 LP123 NP1-2,MNL046,LP123,NP1-2,MNL046 LP123,Reten Apartment,MANILA,3,1,BARANGAY 470,,,14.6121933,120.9877452,,,,,,,16,2022-03-10,OSP
MNL046 LP123 NP3-5,MNL046,LP123,NP3-5,MNL046 LP123,Reten Apartment,MANILA,3,1,BARANGAY 470,,,14.61170059,120.9882045,,,,,,,24,2022-03-10,OSP
MNL046 LP119 NP1-2,MNL046,LP119,NP1-2,MNL046 LP119,Reten Apartment,MANILA,3,1,BARANGAY 470,,,14.61238515,120.9891504,,,,,,,16,2022-03-10,OSP
MNL046 LP119 NP3-5,MNL046,LP119,NP3-5,MNL046 LP119,Reten Apartment,MANILA,3,1,BARANGAY 470,,,14.61298489,120.9885888,,,,,,,24,2022-03-10,OSP
MNL046 LP119 NP6-8,MNL046,LP119,NP6-8,MNL046 LP119,Reten Apartment,MANILA,3,1,BARANGAY 470,,,14.61338208,120.9882253,,,,,,,24,2022-03-10,OSP
MNL046 LP120 NP1-2,MNL046,LP120,NP1-2,MNL046 LP120,Reten Apartment,MANILA,3,1,BARANGAY 470,,,14.61376891,120.9887863,,,,,,,16,2022-03-10,OSP
MNL046 LP120 NP3-5,MNL046,LP120,NP3-5,MNL046 LP120,Reten Apartment,MANILA,3,1,BARANGAY 470,,,14.61360639,120.9889511,,,,,,,24,2022-03-10,OSP
MNL046 LP120 NP6-8,MNL046,LP120,NP6-8,MNL046 LP120,Reten Apartment,MANILA,3,1,BARANGAY 470,,,14.61334644,120.9892024,,,,,,,24,2022-03-10,OSP
MNL046 LP128 NP6-8,MNL046,LP128,NP6-8,MNL046 LP128,Reten Apartment,MANILA,3,1,BARANGAY 470,,,14.60982254,120.9863683,,,,,,,24,2022-03-10,OSP
MNL046 LP129 NP1-2,MNL046,LP129,NP1-2,MNL046 LP129,Reten Apartment,MANILA,3,1,BARANGAY 470,,,14.60950485,120.9866887,,,,,,,16,2022-03-10,OSP
MNL046 LP129 NP6-8,MNL046,LP129,NP6-8,MNL046 LP129,Reten Apartment,MANILA,3,1,BARANGAY 470,,,14.60830146,120.9878589,,,,,,,24,2022-03-10,OSP
MNL046 LP130 NP3-5,MNL046,LP130,NP3-5,MNL046 LP130,Reten Apartment,MANILA,3,1,BARANGAY 470,,,14.60710521,120.9890143,,,,,,,24,2022-03-10,OSP
MNL046 LP130 NP6-8,MNL046,LP130,NP6-8,MNL046 LP130,Reten Apartment,MANILA,3,1,BARANGAY 470,,,14.60683275,120.9894034,,,,,,,24,2022-03-10,OSP
MNL001 LP58 NP1-2,MNL001,LP58,NP1-2,MNL001 LP58,Zen Tower,MANILA,3,1,BARANGAY 470,,,14.611328,120.988034,,,,,,,16,2016-04-13,OSP
MNL001 LP58 NP3-4,MNL001,LP58,NP3-4,MNL001 LP58,Zen Tower,MANILA,3,1,BARANGAY 470,,,14.611596,120.988312,,,,,,,16,2016-04-13,OSP
MNL002 LP169 NP5-6,MNL002,LP169,NP5-6,MNL002 LP169,Don Quintos,MANILA,3,1,BARANGAY 471,,,14.60984469,120.9863492,,,,,,,16,2018-11-21,OSP
MNL002 LP169 NP7-8,MNL002,LP169,NP7-8,MNL002 LP169,Don Quintos,MANILA,3,1,BARANGAY 471,,,14.61089293,120.9863517,,,,,,,16,2018-11-21,OSP
MNL002 LP170 NP1-2,MNL002,LP170,NP1-2,MNL002 LP170,Don Quintos,MANILA,3,1,BARANGAY 471,,,14.6115243,120.9864144,,,,,,,16,2018-11-21,OSP
MNL002 LP170 NP3-4,MNL002,LP170,NP3-4,MNL002 LP170,Don Quintos,MANILA,3,1,BARANGAY 471,,,14.61190564,120.9865744,,,,,,,16,2018-11-21,OSP
MNL002 LP170 NP5-6,MNL002,LP170,NP5-6,MNL002 LP170,Don Quintos,MANILA,3,1,BARANGAY 471,,,14.61230066,120.987038,,,,,,,16,2018-11-21,OSP
MNL005 LP658 NP4,MNL005,LP658,NP4,MNL005 LP658,Orchard Building (City Square 2),MANILA,3,1,BARANGAY 471,,PACIFIC GRAND TOWER 2,14.610581,120.986851,,2F,EE ROOM,MNL86P,,,,2023-11-20,ISP
MNL005 LP657 NP4,MNL005,LP657,NP4,MNL005 LP657,Orchard Building (City Square 2),MANILA,3,1,BARANGAY 471,,PACIFIC GRAND TOWER 1,14.610719,120.986753,,2F,EE ROOM,MNL85P,,,,2023-11-20,ISP
MNL005 LP657 NP3,MNL005,LP657,NP3,MNL005 LP657,Orchard Building (City Square 2),MANILA,3,1,BARANGAY 471,,PACIFIC GRAND TOWER 1,14.610719,120.986753,,2F,EE ROOM,MNL85P,,,,2023-11-20,ISP
MNL005 LP657 NP1,MNL005,LP657,NP1,MNL005 LP657,Orchard Building (City Square 2),MANILA,3,1,BARANGAY 471,,PACIFIC GRAND TOWER 1,14.610719,120.986753,,2F,EE ROOM,MNL85P,,,,2023-11-20,ISP
MNL005 LP658 NP5,MNL005,LP658,NP5,MNL005 LP658,Orchard Building (City Square 2),MANILA,3,1,BARANGAY 471,,PACIFIC GRAND TOWER 2,14.610581,120.986851,,2F,EE ROOM,MNL86P,,,,2023-11-20,ISP
MNL005 LP658 NP2,MNL005,LP658,NP2,MNL005 LP658,Orchard Building (City Square 2),MANILA,3,1,BARANGAY 471,,PACIFIC GRAND TOWER 2,14.610581,120.986851,,2F,EE ROOM,MNL86P,,,,2023-11-20,ISP
MNL005 LP657 NP2,MNL005,LP657,NP2,MNL005 LP657,Orchard Building (City Square 2),MANILA,3,1,BARANGAY 471,,PACIFIC GRAND TOWER 1,14.610719,120.986753,,2F,EE ROOM,MNL85P,,,,2023-11-20,ISP
MNL005 LP657 NP5,MNL005,LP657,NP5,MNL005 LP657,Orchard Building (City Square 2),MANILA,3,1,BARANGAY 471,,PACIFIC GRAND TOWER 1,14.610719,120.986753,,2F,EE ROOM,MNL85P,,,,2023-11-20,ISP
MNL005 LP658 NP1,MNL005,LP658,NP1,MNL005 LP658,Orchard Building (City Square 2),MANILA,3,1,BARANGAY 471,,PACIFIC GRAND TOWER 2,14.610581,120.986851,,2F,EE ROOM,MNL86P,,,,2023-11-20,ISP
MNL005 LP658 NP7,MNL005,LP658,NP7,MNL005 LP658,Orchard Building (City Square 2),MANILA,3,1,BARANGAY 471,,PACIFIC GRAND TOWER 2,14.610581,120.986851,,2F,EE ROOM,MNL86P,,,,2023-11-20,ISP
MNL005 LP658 NP6,MNL005,LP658,NP6,MNL005 LP658,Orchard Building (City Square 2),MANILA,3,1,BARANGAY 471,,PACIFIC GRAND TOWER 2,14.610581,120.986851,,2F,EE ROOM,MNL86P,,,,2023-11-20,ISP
MNL005 LP658 NP3,MNL005,LP658,NP3,MNL005 LP658,Orchard Building (City Square 2),MANILA,3,1,BARANGAY 471,,PACIFIC GRAND TOWER 2,14.610581,120.986851,,2F,EE ROOM,MNL86P,,,,2023-11-20,ISP
MNL005 LP657 NP6,MNL005,LP657,NP6,MNL005 LP657,Orchard Building (City Square 2),MANILA,3,1,BARANGAY 471,,PACIFIC GRAND TOWER 1,14.610719,120.986753,,2F,EE ROOM,MNL85P,,,,2023-11-20,ISP
MNL046 LP123 NP6-8,MNL046,LP123,NP6-8,MNL046 LP123,Reten Apartment,MANILA,3,1,BARANGAY 471,,,14.61135616,120.9879941,,,,,,,24,2022-03-10,OSP
MNL046 LP124 NP1-2,MNL046,LP124,NP1-2,MNL046 LP124,Reten Apartment,MANILA,3,1,BARANGAY 471,,,14.61158816,120.9877692,,,,,,,16,2022-03-10,OSP
MNL046 LP124 NP3-5,MNL046,LP124,NP3-5,MNL046 LP124,Reten Apartment,MANILA,3,1,BARANGAY 471,,,14.61197811,120.987391,,,,,,,24,2022-03-10,OSP
MNL046 LP124 NP6-8,MNL046,LP124,NP6-8,MNL046 LP124,Reten Apartment,MANILA,3,1,BARANGAY 471,,,14.61231634,120.9870628,,,,,,,24,2022-03-10,OSP
MNL046 LP125 NP1-2,MNL046,LP125,NP1-2,MNL046 LP125,Reten Apartment,MANILA,3,1,BARANGAY 471,,,14.61212067,120.9868169,,,,,,,16,2022-03-10,OSP
MNL046 LP125 NP3-5,MNL046,LP125,NP3-5,MNL046 LP125,Reten Apartment,MANILA,3,1,BARANGAY 471,,,14.61163088,120.9872799,,,,,,,24,2022-03-10,OSP
MNL046 LP125 NP6-8,MNL046,LP125,NP6-8,MNL046 LP125,Reten Apartment,MANILA,3,1,BARANGAY 471,,,14.61121211,120.987678,,,,,,,24,2022-03-10,OSP
MNL046 LP126 NP1-2,MNL046,LP126,NP1-2,MNL046 LP126,Reten Apartment,MANILA,3,1,BARANGAY 471,,,14.6109925,120.987424,,,,,,,16,2022-03-10,OSP
MNL046 LP126 NP3-5,MNL046,LP126,NP3-5,MNL046 LP126,Reten Apartment,MANILA,3,1,BARANGAY 471,,,14.61146047,120.9869616,,,,,,,24,2022-03-10,OSP
MNL046 LP126 NP6-8,MNL046,LP126,NP6-8,MNL046 LP126,Reten Apartment,MANILA,3,1,BARANGAY 471,,,14.61186692,120.9865601,,,,,,,24,2022-03-10,OSP
MNL046 LP127 NP1-2,MNL046,LP127,NP1-2,MNL046 LP127,Reten Apartment,MANILA,3,1,BARANGAY 471,,,14.61150505,120.9863978,,,,,,,16,2022-03-10,OSP
MNL046 LP127 NP3-5,MNL046,LP127,NP3-5,MNL046 LP127,Reten Apartment,MANILA,3,1,BARANGAY 471,,,14.61107391,120.9868006,,,,,,,24,2022-03-10,OSP
MNL046 LP127 NP6-8,MNL046,LP127,NP6-8,MNL046 LP127,Reten Apartment,MANILA,3,1,BARANGAY 471,,,14.61072965,120.9871266,,,,,,,24,2022-03-10,OSP
MNL046 LP128 NP1-2,MNL046,LP128,NP1-2,MNL046 LP128,Reten Apartment,MANILA,3,1,BARANGAY 471,,,14.61045928,120.9868206,,,,,,,16,2022-03-10,OSP
MNL046 LP128 NP3-5,MNL046,LP128,NP3-5,MNL046 LP128,Reten Apartment,MANILA,3,1,BARANGAY 471,,,14.61070005,120.9865906,,,,,,,24,2022-03-10,OSP
MNL002 LP252 NP1-2,MNL002,LP252,NP1-2,MNL002 LP252,Don Quintos,MANILA,3,1,BARANGAY 472,,,14.613826,120.995059,,,,,,,16,2019-11-30,OSP
MNL002 LP252 NP3-4,MNL002,LP252,NP3-4,MNL002 LP252,Don Quintos,MANILA,3,1,BARANGAY 472,,,14.614154,120.994288,,,,,,,16,2019-11-30,OSP
MNL002 LP253 NP3-4,MNL002,LP253,NP3-4,MNL002 LP253,Don Quintos,MANILA,3,1,BARANGAY 472,,,14.614379,120.993518,,,,,,,16,2019-11-30,OSP
MNL002 LP253 NP5-6,MNL002,LP253,NP5-6,MNL002 LP253,Don Quintos,MANILA,3,1,BARANGAY 472,,,14.614877,120.994065,,,,,,,16,2019-11-30,OSP
MNL002 LP29 NP3-4,MNL002,LP29,NP3-4,MNL002 LP29,Don Quintos,MANILA,3,1,BARANGAY 472,,,14.61367,120.99483,,,,,,,16,2017-11-29,OSP
MNL046 LP65 NP6-8,MNL046,LP65,NP6-8,MNL046 LP65,Reten Apartment,MANILA,3,1,BARANGAY 472,,,14.613836,120.99504,,,,,,,24,2022-04-04,OSP
MNL046 LP66 NP1-2,MNL046,LP66,NP1-2,MNL046 LP66,Reten Apartment,MANILA,3,1,BARANGAY 472,,,14.614202,120.99472,,,,,,,16,2022-04-04,OSP
MNL046 LP61 NP6-8,MNL046,LP61,NP6-8,MNL046 LP61,Reten Apartment,MANILA,3,1,BARANGAY 472,,,14.613885,120.99399,,,,,,,24,2022-04-04,OSP
MNL046 LP63 NP6-8,MNL046,LP63,NP6-8,MNL046 LP63,Reten Apartment,MANILA,3,1,BARANGAY 472,,,14.613816,120.99456,,,,,,,24,2022-04-04,OSP
MNL046 LP64 NP1-2,MNL046,LP64,NP1-2,MNL046 LP64,Reten Apartment,MANILA,3,1,BARANGAY 472,,,14.613587,120.99478,,,,,,,16,2022-04-04,OSP
MNL002 LP251 NP3-4,MNL002,LP251,NP3-4,MNL002 LP251,Don Quintos,MANILA,3,1,BARANGAY 473,,,14.612346,120.995467,,,,,,,16,2019-11-30,OSP
MNL002 LP251 NP5-6,MNL002,LP251,NP5-6,MNL002 LP251,Don Quintos,MANILA,3,1,BARANGAY 473,,,14.612643,120.995804,,,,,,,16,2019-11-30,OSP
MNL002 LP251 NP7-8,MNL002,LP251,NP7-8,MNL002 LP251,Don Quintos,MANILA,3,1,BARANGAY 473,,,14.612842,120.996009,,,,,,,16,2019-11-30,OSP
MNL002 LP252 NP5-6,MNL002,LP252,NP5-6,MNL002 LP252,Don Quintos,MANILA,3,1,BARANGAY 473,,,14.613327,120.994532,,,,,,,16,2019-11-30,OSP
MNL046 LP65 NP1-2,MNL046,LP65,NP1-2,MNL046 LP65,Reten Apartment,MANILA,3,1,BARANGAY 473,,,14.612814,120.99603,,,,,,,16,2022-04-04,OSP
MNL046 LP65 NP3-5,MNL046,LP65,NP3-5,MNL046 LP65,Reten Apartment,MANILA,3,1,BARANGAY 473,,,14.613156,120.99571,,,,,,,24,2022-04-04,OSP
MNL046 LP60 NP6-8,MNL046,LP60,NP6-8,MNL046 LP60,Reten Apartment,MANILA,3,1,BARANGAY 473,,,14.612305,120.99553,,,,,,,24,2022-04-04,OSP
MNL046 LP61 NP1-2,MNL046,LP61,NP1-2,MNL046 LP61,Reten Apartment,MANILA,3,1,BARANGAY 473,,,14.61285,120.99499,,,,,,,16,2022-04-04,OSP
MNL046 LP64 NP3-5,MNL046,LP64,NP3-5,MNL046 LP64,Reten Apartment,MANILA,3,1,BARANGAY 473,,,14.613282,120.99508,,,,,,,24,2022-04-04,OSP
MNL046 LP64 NP6-8,MNL046,LP64,NP6-8,MNL046 LP64,Reten Apartment,MANILA,3,1,BARANGAY 473,,,14.612773,120.99558,,,,,,,24,2022-04-04,OSP
MNL002 LP253 NP1-2,MNL002,LP253,NP1-2,MNL002 LP253,Don Quintos,MANILA,3,1,BARANGAY 474,,,14.614181,120.993297,,,,,,,16,2019-11-30,OSP
MNL002 LP30 NP3-4,MNL002,LP30,NP3-4,MNL002 LP30,Don Quintos,MANILA,3,1,BARANGAY 474,,,14.61466,120.99377,,,,,,,16,2017-11-29,OSP
MNL046 LP66 NP3-5,MNL046,LP66,NP3-5,MNL046 LP66,Reten Apartment,MANILA,3,1,BARANGAY 474,,,14.614895,120.99404,,,,,,,24,2022-04-04,OSP
MNL046 LP66 NP6-8,MNL046,LP66,NP6-8,MNL046 LP66,Reten Apartment,MANILA,3,1,BARANGAY 474,,,14.615605,120.99335,,,,,,,24,2022-04-04,OSP
MNL046 LP62 NP1-2,MNL046,LP62,NP1-2,MNL046 LP62,Reten Apartment,MANILA,3,1,BARANGAY 474,,,14.614389,120.99349,,,,,,,16,2022-04-04,OSP
MNL046 LP62 NP3-5,MNL046,LP62,NP3-5,MNL046 LP62,Reten Apartment,MANILA,3,1,BARANGAY 474,,,14.614785,120.99312,,,,,,,24,2022-04-04,OSP
MNL046 LP63 NP1-2,MNL046,LP63,NP1-2,MNL046 LP63,Reten Apartment,MANILA,3,1,BARANGAY 474,,,14.615359,120.9931,,,,,,,16,2022-04-04,OSP
MNL046 LP63 NP3-5,MNL046,LP63,NP3-5,MNL046 LP63,Reten Apartment,MANILA,3,1,BARANGAY 474,,,14.614643,120.99378,,,,,,,24,2022-04-04,OSP
MNL046 LP57 NP1-2,MNL046,LP57,NP1-2,MNL046 LP57,Reten Apartment,MANILA,3,1,BARANGAY 474,,,14.614753,120.99266,,,,,,,16,2022-04-04,OSP
MNL046 LP57 NP3-5,MNL046,LP57,NP3-5,MNL046 LP57,Reten Apartment,MANILA,3,1,BARANGAY 474,,,14.614354,120.99303,,,,,,,24,2022-04-04,OSP
MNL002 LP251 NP1-2,MNL002,LP251,NP1-2,MNL002 LP251,Don Quintos,MANILA,3,1,BARANGAY 475,,,14.612133,120.995253,,,,,,,16,2019-11-30,OSP
MNL002 LP252 NP7-8,MNL002,LP252,NP7-8,MNL002 LP252,Don Quintos,MANILA,3,1,BARANGAY 475,,,14.613171,120.994373,,,,,,,16,2019-11-30,OSP
MNL002 LP29 NP1-2,MNL002,LP29,NP1-2,MNL002 LP29,Don Quintos,MANILA,3,1,BARANGAY 475,,,14.61296,120.99402,,,,,,,16,2017-11-29,OSP
MNL046 LP60 NP1-2,MNL046,LP60,NP1-2,MNL046 LP60,Reten Apartment,MANILA,3,1,BARANGAY 475,,,14.61231,120.99504,,,,,,,16,2022-04-04,OSP
MNL046 LP60 NP3-5,MNL046,LP60,NP3-5,MNL046 LP60,Reten Apartment,MANILA,3,1,BARANGAY 475,,,14.612805,120.9946,,,,,,,24,2022-04-04,OSP
MNL046 LP61 NP3-5,MNL046,LP61,NP3-5,MNL046 LP61,Reten Apartment,MANILA,3,1,BARANGAY 475,,,14.613328,120.99452,,,,,,,24,2022-04-04,OSP
MNL046 LP57 NP6-8,MNL046,LP57,NP6-8,MNL046 LP57,Reten Apartment,MANILA,3,1,BARANGAY 475,,,14.613674,120.99373,,,,,,,24,2022-04-04,OSP
MNL046 LP58 NP6-8,MNL046,LP58,NP6-8,MNL046 LP58,Reten Apartment,MANILA,3,1,BARANGAY 475,,,14.613496,120.9934,,,,,,,24,2022-04-04,OSP
MNL046 LP59 NP1-2,MNL046,LP59,NP1-2,MNL046 LP59,Reten Apartment,MANILA,3,1,BARANGAY 475,,,14.61287,120.99402,,,,,,,16,2022-04-04,OSP
MNL046 LP59 NP3-5,MNL046,LP59,NP3-5,MNL046 LP59,Reten Apartment,MANILA,3,1,BARANGAY 475,,,14.612415,120.99445,,,,,,,24,2022-04-04,OSP
MNL046 LP59 NP6-8,MNL046,LP59,NP6-8,MNL046 LP59,Reten Apartment,MANILA,3,1,BARANGAY 475,,,14.611868,120.99498,,,,,,,24,2022-04-04,OSP
MNL002 LP243 NP3-4,MNL002,LP243,NP3-4,MNL002 LP243,Don Quintos,MANILA,3,1,BARANGAY 476,,,14.611909,120.993975,,,,,,,16,2019-11-30,OSP
MNL002 LP244 NP7-8,MNL002,LP244,NP7-8,MNL002 LP244,Don Quintos,MANILA,3,1,BARANGAY 476,,,14.612953,120.99298,,,,,,,16,2019-11-30,OSP
MNL002 LP245 NP1-2,MNL002,LP245,NP1-2,MNL002 LP245,Don Quintos,MANILA,3,1,BARANGAY 476,,,14.612639,120.993751,,,,,,,16,2019-11-30,OSP
MNL002 LP245 NP3-4,MNL002,LP245,NP3-4,MNL002 LP245,Don Quintos,MANILA,3,1,BARANGAY 476,,,14.613668,120.992772,,,,,,,16,2019-11-30,OSP
MNL002 LP24 NP3-4,MNL002,LP24,NP3-4,MNL002 LP24,Don Quintos,MANILA,3,1,BARANGAY 476,,,14.61244,120.99345,,,,,,,16,2017-11-29,OSP
MNL002 LP4 NP1-2,MNL002,LP4,NP1-2,MNL002 LP4,Don Quintos,MANILA,3,1,BARANGAY 476,,,14.611664,120.994849,,,,,,,16,2016-06-16,OSP
MNL046 LP55 NP1-2,MNL046,LP55,NP1-2,MNL046 LP55,Reten Apartment,MANILA,3,1,BARANGAY 476,,,14.612692,120.99361,,,,,,,16,2022-04-04,OSP
MNL046 LP55 NP3-5,MNL046,LP55,NP3-5,MNL046 LP55,Reten Apartment,MANILA,3,1,BARANGAY 476,,,14.613289,120.99303,,,,,,,24,2022-04-04,OSP
MNL046 LP52 NP3-5,MNL046,LP52,NP3-5,MNL046 LP52,Reten Apartment,MANILA,3,1,BARANGAY 476,,,14.611695,120.99412,,,,,,,24,2022-04-04,OSP
MNL046 LP52 NP6-8,MNL046,LP52,NP6-8,MNL046 LP52,Reten Apartment,MANILA,3,1,BARANGAY 476,,,14.612375,120.99347,,,,,,,24,2022-04-04,OSP
MNL046 LP53 NP1-2,MNL046,LP53,NP1-2,MNL046 LP53,Reten Apartment,MANILA,3,1,BARANGAY 476,,,14.613103,120.99276,,,,,,,16,2022-04-04,OSP
MNL046 LP54 NP1-2,MNL046,LP54,NP1-2,MNL046 LP54,Reten Apartment,MANILA,3,1,BARANGAY 476,,,14.61133,120.99446,,,,,,,16,2022-04-04,OSP
MNL046 LP54 NP3-5,MNL046,LP54,NP3-5,MNL046 LP54,Reten Apartment,MANILA,3,1,BARANGAY 476,,,14.611585,120.99474,,,,,,,24,2022-04-04,OSP
MNL046 LP54 NP6-8,MNL046,LP54,NP6-8,MNL046 LP54,Reten Apartment,MANILA,3,1,BARANGAY 476,,,14.612103,120.99416,,,,,,,24,2022-04-04,OSP
MNL002 LP25 NP3-4,MNL002,LP25,NP3-4,MNL002 LP25,Don Quintos,MANILA,3,1,BARANGAY 477,,,14.61343,120.99242,,,,,,,16,2017-11-29,OSP
MNL002 LP245 NP5-6,MNL002,LP245,NP5-6,MNL002 LP245,Don Quintos,MANILA,3,1,BARANGAY 477,,,14.613201,120.99222,,,,,,,16,2019-11-30,OSP
MNL002 LP245 NP7-8,MNL002,LP245,NP7-8,MNL002 LP245,Don Quintos,MANILA,3,1,BARANGAY 477,,,14.613969,120.992023,,,,,,,16,2019-11-30,OSP
MNL002 LP30 NP1-2,MNL002,LP30,NP1-2,MNL002 LP30,Don Quintos,MANILA,3,1,BARANGAY 477,,,14.614,120.9929,,,,,,,16,2017-11-29,OSP
MNL046 LP55 NP6-8,MNL046,LP55,NP6-8,MNL046 LP55,Reten Apartment,MANILA,3,1,BARANGAY 477,,,14.613904,120.99244,,,,,,,24,2022-04-04,OSP
MNL046 LP56 NP1-2,MNL046,LP56,NP1-2,MNL046 LP56,Reten Apartment,MANILA,3,1,BARANGAY 477,,,14.6144,120.99203,,,,,,,16,2022-04-04,OSP
MNL046 LP58 NP1-2,MNL046,LP58,NP1-2,MNL046 LP58,Reten Apartment,MANILA,3,1,BARANGAY 477,,,14.614548,120.99238,,,,,,,16,2022-04-04,OSP
MNL046 LP58 NP3-5,MNL046,LP58,NP3-5,MNL046 LP58,Reten Apartment,MANILA,3,1,BARANGAY 477,,,14.613959,120.99296,,,,,,,24,2022-04-04,OSP
MNL046 LP50 NP3-5,MNL046,LP50,NP3-5,MNL046 LP50,Reten Apartment,MANILA,3,1,BARANGAY 477,,,14.613723,120.99167,,,,,,,24,2022-04-04,OSP
MNL046 LP50 NP6-8,MNL046,LP50,NP6-8,MNL046 LP50,Reten Apartment,MANILA,3,1,BARANGAY 477,,,14.613199,120.99221,,,,,,,24,2022-04-04,OSP
MNL046 LP53 NP3-5,MNL046,LP53,NP3-5,MNL046 LP53,Reten Apartment,MANILA,3,1,BARANGAY 477,,,14.613427,120.99246,,,,,,,24,2022-04-04,OSP
MNL046 LP53 NP6-8,MNL046,LP53,NP6-8,MNL046 LP53,Reten Apartment,MANILA,3,1,BARANGAY 477,,,14.613898,120.99199,,,,,,,24,2022-04-04,OSP
MNL002 LP243 NP1-2,MNL002,LP243,NP1-2,MNL002 LP243,Don Quintos,MANILA,3,1,BARANGAY 478,,,14.611107,120.994137,,,,,,,16,2019-11-30,OSP
MNL002 LP243 NP5-6,MNL002,LP243,NP5-6,MNL002 LP243,Don Quintos,MANILA,3,1,BARANGAY 478,,,14.610901,120.993933,,,,,,,16,2019-11-30,OSP
MNL002 LP244 NP1-2,MNL002,LP244,NP1-2,MNL002 LP244,Don Quintos,MANILA,3,1,BARANGAY 478,,,14.611618,120.992642,,,,,,,16,2019-11-30,OSP
MNL002 LP244 NP3-4,MNL002,LP244,NP3-4,MNL002 LP244,Don Quintos,MANILA,3,1,BARANGAY 478,,,14.611835,120.992886,,,,,,,16,2019-11-30,OSP
MNL002 LP244 NP5-6,MNL002,LP244,NP5-6,MNL002 LP244,Don Quintos,MANILA,3,1,BARANGAY 478,,,14.612144,120.99321,,,,,,,16,2019-11-30,OSP
MNL046 LP51 NP1-2,MNL046,LP51,NP1-2,MNL046 LP51,Reten Apartment,MANILA,3,1,BARANGAY 478,,,14.61277,120.99255,,,,,,,16,2022-04-04,OSP
MNL046 LP51 NP3-5,MNL046,LP51,NP3-5,MNL046 LP51,Reten Apartment,MANILA,3,1,BARANGAY 478,,,14.61196,120.99331,,,,,,,24,2022-04-04,OSP
MNL046 LP51 NP6-8,MNL046,LP51,NP6-8,MNL046 LP51,Reten Apartment,MANILA,3,1,BARANGAY 478,,,14.611404,120.99387,,,,,,,24,2022-04-04,OSP
MNL046 LP52 NP1-2,MNL046,LP52,NP1-2,MNL046 LP52,Reten Apartment,MANILA,3,1,BARANGAY 478,,,14.61109,120.9942,,,,,,,16,2022-04-04,OSP
MNL046 LP48 NP1-2,MNL046,LP48,NP1-2,MNL046 LP48,Reten Apartment,MANILA,3,1,BARANGAY 478,,,14.612283,120.99196,,,,,,,16,2022-04-04,OSP
MNL046 LP48 NP3-4,MNL046,LP48,NP3-4,MNL046 LP48,Reten Apartment,MANILA,3,1,BARANGAY 478,,,14.611625,120.99264,,,,,,,16,2022-04-04,OSP
MNL046 LP48 NP5-6,MNL046,LP48,NP5-6,MNL046 LP48,Reten Apartment,MANILA,3,1,BARANGAY 478,,,14.611864,120.99287,,,,,,,16,2022-04-04,OSP
MNL046 LP49 NP1-2,MNL046,LP49,NP1-2,MNL046 LP49,Reten Apartment,MANILA,3,1,BARANGAY 478,,,14.612259,120.99256,,,,,,,16,2022-04-04,OSP
MNL002 LP243 NP7-8,MNL002,LP243,NP7-8,MNL002 LP243,Don Quintos,MANILA,3,1,BARANGAY 479,,,14.611169,120.992696,,,,,,,16,2019-11-30,OSP
MNL002 LP24 NP1-2,MNL002,LP24,NP1-2,MNL002 LP24,Don Quintos,MANILA,3,1,BARANGAY 479,,,14.61142,120.99243,,,,,,,16,2017-11-29,OSP
MNL002 LP2 NP5-6,MNL002,LP2,NP5-6,MNL002 LP2,Don Quintos,MANILA,3,1,BARANGAY 479,,,14.610283,120.993286,,,,,,,16,2016-06-16,OSP
MNL002 LP302 NP3-4,MNL002,LP302,NP3-4,MNL002 LP302,Don Quintos,MANILA,3,1,BARANGAY 479,,,14.610766,120.992035,,,,,,,16,2019-12-23,OSP
MNL002 LP302 NP5-6,MNL002,LP302,NP5-6,MNL002 LP302,Don Quintos,MANILA,3,1,BARANGAY 479,,,14.611891,120.990934,,,,,,,16,2019-12-23,OSP
MNL005 LP645 NP4,MNL005,LP645,NP4,MNL005 LP645,Orchard Building (City Square 2),MANILA,3,1,BARANGAY 479,,A+ STUDIOS,14.610638,120.992953,,PH,AUX ROOM,MNL88P,,,,2023-03-12,ISP
MNL005 LP645 NP1,MNL005,LP645,NP1,MNL005 LP645,Orchard Building (City Square 2),MANILA,3,1,BARANGAY 479,,A+ STUDIOS,14.610638,120.992953,,12F,AUX ROOM,MNL88P,,,,2023-03-12,ISP
MNL005 LP643 NP2,MNL005,LP643,NP2,MNL005 LP643,Orchard Building (City Square 2),MANILA,3,1,BARANGAY 479,,A+ STUDIOS,14.610638,120.992953,,5F,AUX ROOM,MNL88P,,,,2023-03-12,ISP
MNL005 LP644 NP4,MNL005,LP644,NP4,MNL005 LP644,Orchard Building (City Square 2),MANILA,3,1,BARANGAY 479,,A+ STUDIOS,14.610638,120.992953,,10F,AUX ROOM,MNL88P,,,,2023-03-12,ISP
MNL005 LP645 NP2-3,MNL005,LP645,NP2-3,MNL005 LP645,Orchard Building (City Square 2),MANILA,3,1,BARANGAY 479,,A+ STUDIOS,14.610638,120.992953,,14F,AUX ROOM,MNL88P,,,,2023-03-12,ISP
MNL005 LP643 NP1,MNL005,LP643,NP1,MNL005 LP643,Orchard Building (City Square 2),MANILA,3,1,BARANGAY 479,,A+ STUDIOS,14.610638,120.992953,,3F,AUX ROOM,MNL88P,,,,2023-03-12,ISP
MNL005 LP643 NP3,MNL005,LP643,NP3,MNL005 LP643,Orchard Building (City Square 2),MANILA,3,1,BARANGAY 479,,A+ STUDIOS,14.610638,120.992953,,6F,AUX ROOM,MNL88P,,,,2023-03-12,ISP
MNL005 LP644 NP1-2,MNL005,LP644,NP1-2,MNL005 LP644,Orchard Building (City Square 2),MANILA,3,1,BARANGAY 479,,A+ STUDIOS,14.610638,120.992953,,7F,AUX ROOM,MNL88P,,,,2023-03-12,ISP
MNL005 LP644 NP3,MNL005,LP644,NP3,MNL005 LP644,Orchard Building (City Square 2),MANILA,3,1,BARANGAY 479,,A+ STUDIOS,14.610638,120.992953,,9F,AUX ROOM,MNL88P,,,,2023-03-12,ISP
MNL005 LP644 NP5,MNL005,LP644,NP5,MNL005 LP644,Orchard Building (City Square 2),MANILA,3,1,BARANGAY 479,,A+ STUDIOS,14.610638,120.992953,,11F,AUX ROOM,MNL88P,,,,2023-03-12,ISP
MNL046 LP69 NP7-8,MNL046,LP69,NP7-8,MNL046 LP69,Reten Apartment,MANILA,3,1,BARANGAY 479,,,14.6116954,120.9910754,,,,,,,16,2022-03-13,OSP
MNL046 LP69 NP1-2,MNL046,LP69,NP1-2,MNL046 LP69,Reten Apartment,MANILA,3,1,BARANGAY 479,,,14.61032451,120.9924094,,,,,,,16,2022-03-13,OSP
MNL046 LP69 NP3-4,MNL046,LP69,NP3-4,MNL046 LP69,Reten Apartment,MANILA,3,1,BARANGAY 479,,,14.61096309,120.9917679,,,,,,,16,2022-03-13,OSP
MNL046 LP69 NP5-6,MNL046,LP69,NP5-6,MNL046 LP69,Reten Apartment,MANILA,3,1,BARANGAY 479,,,14.61146369,120.9912979,,,,,,,16,2022-03-13,OSP
MNL046 LP45 NP3-5,MNL046,LP45,NP3-5,MNL046 LP45,Reten Apartment,MANILA,3,1,BARANGAY 479,,,14.611109,120.99265,,,,,,,24,2022-04-04,OSP
MNL046 LP45 NP6-8,MNL046,LP45,NP6-8,MNL046 LP45,Reten Apartment,MANILA,3,1,BARANGAY 479,,,14.611385,120.99238,,,,,,,24,2022-04-04,OSP
MNL046 LP46 NP1-2,MNL046,LP46,NP1-2,MNL046 LP46,Reten Apartment,MANILA,3,1,BARANGAY 479,,,14.611855,120.99191,,,,,,,16,2022-04-04,OSP
MNL046 LP46 NP3-5,MNL046,LP46,NP3-5,MNL046 LP46,Reten Apartment,MANILA,3,1,BARANGAY 479,,,14.612272,120.9915,,,,,,,24,2022-04-04,OSP
MNL046 LP48 NP7-8,MNL046,LP48,NP7-8,MNL046 LP48,Reten Apartment,MANILA,3,1,BARANGAY 479,,,14.611326,120.99338,,,,,,,16,2022-04-04,OSP
MNL046 LP45 NP1-2,MNL046,LP45,NP1-2,MNL046 LP45,Reten Apartment,MANILA,3,1,BARANGAY 479,,,14.610314,120.99334,,,,,,,16,2022-04-04,OSP
MNL037 LP341 NP5,MNL037,LP341,NP5,MNL037 LP341,Tayuman,MANILA,3,1,BARANGAY 479,,CELESTIAL MARIE BUILDING,14.610788,120.992574,,5F,HALLWAY,MNL87P,,,,2021-10-21,ISP
MNL037 LP341 NP4,MNL037,LP341,NP4,MNL037 LP341,Tayuman,MANILA,3,1,BARANGAY 479,,CELESTIAL MARIE BUILDING,14.610788,120.992574,,4F,HALLWAY,MNL87P,,,,2021-10-21,ISP
MNL037 LP341 NP1-2,MNL037,LP341,NP1-2,MNL037 LP341,Tayuman,MANILA,3,1,BARANGAY 479,,CELESTIAL MARIE BUILDING,14.610788,120.992574,,2F,HALLWAY,MNL87P,,,,2021-10-21,ISP
MNL037 LP341 NP3,MNL037,LP341,NP3,MNL037 LP341,Tayuman,MANILA,3,1,BARANGAY 479,,CELESTIAL MARIE BUILDING,14.610788,120.992574,,3F,HALLWAY,MNL87P,,,,2021-10-21,ISP
MNL003 LP159 NP3-4,MNL003,LP159,NP3-4,MNL003 LP159,City Square,MANILA,3,1,BARANGAY 48,,,14.6082573,120.9718997,,,,,,,16,2019-01-29,OSP
MNL005 LP183 NP3-4,MNL005,LP183,NP3-4,MNL005 LP183,Orchard Building (City Square 2),MANILA,3,1,BARANGAY 48,,,14.608427,120.971802,,,,,,,16,2020-12-29,OSP
MNL005 LP55 NP1-2,MNL005,LP55,NP1-2,MNL005 LP55,Orchard Building (City Square 2),MANILA,3,1,BARANGAY 48,,,14.608368,120.971374,,,,,,,16,2020-12-28,OSP
MNL005 LP55 NP3-4,MNL005,LP55,NP3-4,MNL005 LP55,Orchard Building (City Square 2),MANILA,3,1,BARANGAY 48,,,14.608441,120.971187,,,,,,,16,2020-12-28,OSP
MNL005 LP55 NP5-6,MNL005,LP55,NP5-6,MNL005 LP55,Orchard Building (City Square 2),MANILA,3,1,BARANGAY 48,,,14.608486,120.971088,,,,,,,16,2020-12-28,OSP
MNL005 LP54 NP1-2,MNL005,LP54,NP1-2,MNL005 LP54,Orchard Building (City Square 2),MANILA,3,1,BARANGAY 48,,,14.608637,120.971552,,,,,,,16,2020-12-28,OSP
MNL005 LP54 NP3-4,MNL005,LP54,NP3-4,MNL005 LP54,Orchard Building (City Square 2),MANILA,3,1,BARANGAY 48,,,14.608677,120.971379,,,,,,,16,2020-12-28,OSP
MNL005 LP54 NP7-8,MNL005,LP54,NP7-8,MNL005 LP54,Orchard Building (City Square 2),MANILA,3,1,BARANGAY 48,,,14.608344,120.971471,,,,,,,16,2020-12-28,OSP
MNL005 LP53 NP5-6,MNL005,LP53,NP5-6,MNL005 LP53,Orchard Building (City Square 2),MANILA,3,1,BARANGAY 48,,,14.608876,120.971596,,,,,,,16,2020-12-28,OSP
MNL005 LP53 NP7-8,MNL005,LP53,NP7-8,MNL005 LP53,Orchard Building (City Square 2),MANILA,3,1,BARANGAY 48,,,14.608755,120.971565,,,,,,,16,2020-12-28,OSP
MNL005 LP52 NP1-2,MNL005,LP52,NP1-2,MNL005 LP52,Orchard Building (City Square 2),MANILA,3,1,BARANGAY 48,,,14.609033,120.971841,,,,,,,16,2020-12-28,OSP
MNL005 LP52 NP5-6,MNL005,LP52,NP5-6,MNL005 LP52,Orchard Building (City Square 2),MANILA,3,1,BARANGAY 48,,,14.608715,120.971966,,,,,,,16,2020-12-28,OSP
MNL005 LP52 NP7-8,MNL005,LP52,NP7-8,MNL005 LP52,Orchard Building (City Square 2),MANILA,3,1,BARANGAY 48,,,14.60853,120.971914,,,,,,,16,2020-12-28,OSP
MNL005 LP51 NP1-2,MNL005,LP51,NP1-2,MNL005 LP51,Orchard Building (City Square 2),MANILA,3,1,BARANGAY 48,,,14.609101,120.972069,,,,,,,16,2020-12-28,OSP
MNL005 LP58 NP1-2,MNL005,LP58,NP1-2,MNL005 LP58,Orchard Building (City Square 2),MANILA,3,1,BARANGAY 48,,,14.607801,120.97112,,,,,,,16,2020-12-28,OSP
MNL005 LP57 NP1-2,MNL005,LP57,NP1-2,MNL005 LP57,Orchard Building (City Square 2),MANILA,3,1,BARANGAY 48,,,14.608065,120.97125,,,,,,,16,2020-12-28,OSP
MNL005 LP56 NP1-2,MNL005,LP56,NP1-2,MNL005 LP56,Orchard Building (City Square 2),MANILA,3,1,BARANGAY 48,,,14.608242,120.971729,,,,,,,16,2020-12-28,OSP
MNL005 LP56 NP3-4,MNL005,LP56,NP3-4,MNL005 LP56,Orchard Building (City Square 2),MANILA,3,1,BARANGAY 48,,,14.607971,120.971642,,,,,,,16,2020-12-28,OSP
MNL005 LP56 NP5-6,MNL005,LP56,NP5-6,MNL005 LP56,Orchard Building (City Square 2),MANILA,3,1,BARANGAY 48,,,14.607689,120.971563,,,,,,,16,2020-12-28,OSP
MNL045 LP514 NP3-5,MNL045,LP514,NP3-5,MNL045 LP514,Radial Road 10,MANILA,3,1,BARANGAY 48,,,14.60823336,120.9717378,,,,,,,24,2022-03-10,OSP
MNL045 LP514 NP6-8,MNL045,LP514,NP6-8,MNL045 LP514,Radial Road 10,MANILA,3,1,BARANGAY 48,,,14.60797318,120.9716554,,,,,,,24,2022-03-10,OSP
MNL045 LP510 NP1-2,MNL045,LP510,NP1-2,MNL045 LP510,Radial Road 10,MANILA,3,1,BARANGAY 48,,,14.60811387,120.9711136,,,,,,,16,2022-03-10,OSP
MNL045 LP511 NP1-2,MNL045,LP511,NP1-2,MNL045 LP511,Radial Road 10,MANILA,3,1,BARANGAY 48,,,14.60794694,120.9713886,,,,,,,16,2022-03-10,OSP
MNL045 LP511 NP3-5,MNL045,LP511,NP3-5,MNL045 LP511,Radial Road 10,MANILA,3,1,BARANGAY 48,,,14.60775707,120.9713551,,,,,,,24,2022-03-10,OSP
MNL045 LP511 NP6-8,MNL045,LP511,NP6-8,MNL045 LP511,Radial Road 10,MANILA,3,1,BARANGAY 48,,,14.60775511,120.9713564,,,,,,,24,2022-03-10,OSP
MNL045 LP512 NP1-2,MNL045,LP512,NP1-2,MNL045 LP512,Radial Road 10,MANILA,3,1,BARANGAY 48,,,14.60776323,120.9711867,,,,,,,16,2022-03-10,OSP
MNL045 LP512 NP3-5,MNL045,LP512,NP3-5,MNL045 LP512,Radial Road 10,MANILA,3,1,BARANGAY 48,,,14.60776378,120.9711849,,,,,,,24,2022-03-10,OSP
MNL045 LP512 NP6-8,MNL045,LP512,NP6-8,MNL045 LP512,Radial Road 10,MANILA,3,1,BARANGAY 48,,,14.60781074,120.9710235,,,,,,,24,2022-03-10,OSP
MNL045 LP514 NP1-2,MNL045,LP514,NP1-2,MNL045 LP514,Radial Road 10,MANILA,3,1,BARANGAY 48,,,14.60858945,120.9719188,,,,,,,16,2022-03-10,OSP
MNL045 LP506 NP6-8,MNL045,LP506,NP6-8,MNL045 LP506,Radial Road 10,MANILA,3,1,BARANGAY 48,,,14.60897935,120.9720235,,,,,,,24,2022-03-10,OSP
MNL045 LP507 NP1-2,MNL045,LP507,NP1-2,MNL045 LP507,Radial Road 10,MANILA,3,1,BARANGAY 48,,,14.60898258,120.9720253,,,,,,,16,2022-03-10,OSP
MNL045 LP507 NP3-5,MNL045,LP507,NP3-5,MNL045 LP507,Radial Road 10,MANILA,3,1,BARANGAY 48,,,14.60903554,120.9718192,,,,,,,24,2022-03-10,OSP
MNL045 LP508 NP3-5,MNL045,LP508,NP3-5,MNL045 LP508,Radial Road 10,MANILA,3,1,BARANGAY 48,,,14.6088417,120.9715865,,,,,,,24,2022-03-10,OSP
MNL045 LP508 NP6-8,MNL045,LP508,NP6-8,MNL045 LP508,Radial Road 10,MANILA,3,1,BARANGAY 48,,,14.60857644,120.9715157,,,,,,,24,2022-03-10,OSP
MNL045 LP509 NP1-2,MNL045,LP509,NP1-2,MNL045 LP509,Radial Road 10,MANILA,3,1,BARANGAY 48,,,14.60834584,120.9714527,,,,,,,16,2022-03-10,OSP
MNL045 LP509 NP3-5,MNL045,LP509,NP3-5,MNL045 LP509,Radial Road 10,MANILA,3,1,BARANGAY 48,,,14.60806691,120.9712797,,,,,,,24,2022-03-10,OSP
MNL045 LP509 NP6-8,MNL045,LP509,NP6-8,MNL045 LP509,Radial Road 10,MANILA,3,1,BARANGAY 48,,,14.60811201,120.9711165,,,,,,,24,2022-03-10,OSP
MNL001 LP19 NP5-6,MNL001,LP19,NP5-6,MNL001 LP19,Zen Tower,MANILA,3,1,BARANGAY 48,,,14.607984,120.97166,,,,,,,16,2015-07-27,OSP
MNL002 LP25 NP1-2,MNL002,LP25,NP1-2,MNL002 LP25,Don Quintos,MANILA,3,1,BARANGAY 480,,,14.61272,120.99162,,,,,,,16,2017-11-29,OSP
MNL002 LP246 NP1-2,MNL002,LP246,NP1-2,MNL002 LP246,Don Quintos,MANILA,3,1,BARANGAY 480,,,14.612974,120.991955,,,,,,,16,2019-11-30,OSP
MNL046 LP47 NP1-2,MNL046,LP47,NP1-2,MNL046 LP47,Reten Apartment,MANILA,3,1,BARANGAY 480,,,14.613566,120.99073,,,,,,,16,2022-04-04,OSP
MNL046 LP47 NP3-5,MNL046,LP47,NP3-5,MNL046 LP47,Reten Apartment,MANILA,3,1,BARANGAY 480,,,14.613035,120.99127,,,,,,,24,2022-04-04,OSP
MNL046 LP47 NP6-8,MNL046,LP47,NP6-8,MNL046 LP47,Reten Apartment,MANILA,3,1,BARANGAY 480,,,14.612678,120.99161,,,,,,,24,2022-04-04,OSP
MNL046 LP49 NP3-5,MNL046,LP49,NP3-5,MNL046 LP49,Reten Apartment,MANILA,3,1,BARANGAY 480,,,14.612945,120.99191,,,,,,,24,2022-04-04,OSP
MNL046 LP49 NP6-8,MNL046,LP49,NP6-8,MNL046 LP49,Reten Apartment,MANILA,3,1,BARANGAY 480,,,14.61337,120.99149,,,,,,,24,2022-04-04,OSP
MNL037 LP340 NP1-2-3,MNL037,LP340,NP1-2-3,MNL037 LP340,Tayuman,MANILA,3,1,BARANGAY 480,,SAN LUIS MANSION,14.612904,120.991687,,2F,CONVERE ROOM,MNL89P,,,,2021-08-04,ISP
MNL002 LP246 NP3-4,MNL002,LP246,NP3-4,MNL002 LP246,Don Quintos,MANILA,3,1,BARANGAY 481,,,14.612486,120.991418,,,,,,,16,2019-11-30,OSP
QCY002 LP879 NP3,QCY002,LP879,NP3,QCY002 LP879,Mount Sinai,MANILA,3,1,BARANGAY 481,,ONE REBTRADE BUILDING,14.612829,120.990818,,UGF,TELCO ROOM,MNL90P,,,,2023-06-27,ISP
QCY002 LP879 NP1-2,QCY002,LP879,NP1-2,QCY002 LP879,Mount Sinai,MANILA,3,1,BARANGAY 481,,ONE REBTRADE BUILDING,14.612829,120.990818,,UGF,TELCO ROOM,MNL90P,,,,2023-06-27,ISP
MNL005 LP651 NP1-2,MNL005,LP651,NP1-2,MNL005 LP651,Orchard Building (City Square 2),MANILA,3,1,BARANGAY 481,,ONE REBTRADE BUILDING,14.612829,120.990818,,4F,AUX ROOM,MNL90P,,,,2023-06-25,ISP
MNL005 LP652 NP3,MNL005,LP652,NP3,MNL005 LP652,Orchard Building (City Square 2),MANILA,3,1,BARANGAY 481,,ONE REBTRADE BUILDING,14.612829,120.990818,,4F,AUX ROOM,MNL90P,,,,2023-06-25,ISP
MNL005 LP653 NP5,MNL005,LP653,NP5,MNL005 LP653,Orchard Building (City Square 2),MANILA,3,1,BARANGAY 481,,ONE REBTRADE BUILDING,14.612829,120.990818,,4F,AUX ROOM,MNL90P,,,,2023-06-25,ISP
MNL005 LP652 NP6-7,MNL005,LP652,NP6-7,MNL005 LP652,Orchard Building (City Square 2),MANILA,3,1,BARANGAY 481,,ONE REBTRADE BUILDING,14.612829,120.990818,,4F,AUX ROOM,MNL90P,,,,2023-06-25,ISP
MNL005 LP653 NP3-4,MNL005,LP653,NP3-4,MNL005 LP653,Orchard Building (City Square 2),MANILA,3,1,BARANGAY 481,,ONE REBTRADE BUILDING,14.612829,120.990818,,4F,AUX ROOM,MNL90P,,,,2023-06-25,ISP
MNL005 LP651 NP5-6,MNL005,LP651,NP5-6,MNL005 LP651,Orchard Building (City Square 2),MANILA,3,1,BARANGAY 481,,ONE REBTRADE BUILDING,14.612829,120.990818,,4F,AUX ROOM,MNL90P,,,,2023-06-25,ISP
MNL005 LP653 NP7,MNL005,LP653,NP7,MNL005 LP653,Orchard Building (City Square 2),MANILA,3,1,BARANGAY 481,,ONE REBTRADE BUILDING,14.612829,120.990818,,4F,AUX ROOM,MNL90P,,,,2023-06-25,ISP
MNL005 LP653 NP8,MNL005,LP653,NP8,MNL005 LP653,Orchard Building (City Square 2),MANILA,3,1,BARANGAY 481,,ONE REBTRADE BUILDING,14.612829,120.990818,,4F,AUX ROOM,MNL90P,,,,2023-06-25,ISP
MNL005 LP652 NP4,MNL005,LP652,NP4,MNL005 LP652,Orchard Building (City Square 2),MANILA,3,1,BARANGAY 481,,ONE REBTRADE BUILDING,14.612829,120.990818,,4F,AUX ROOM,MNL90P,,,,2023-06-25,ISP
MNL005 LP652 NP5,MNL005,LP652,NP5,MNL005 LP652,Orchard Building (City Square 2),MANILA,3,1,BARANGAY 481,,ONE REBTRADE BUILDING,14.612829,120.990818,,4F,AUX ROOM,MNL90P,,,,2023-06-25,ISP
MNL005 LP652 NP8,MNL005,LP652,NP8,MNL005 LP652,Orchard Building (City Square 2),MANILA,3,1,BARANGAY 481,,ONE REBTRADE BUILDING,14.612829,120.990818,,4F,AUX ROOM,MNL90P,,,,2023-06-25,ISP
MNL005 LP653 NP6,MNL005,LP653,NP6,MNL005 LP653,Orchard Building (City Square 2),MANILA,3,1,BARANGAY 481,,ONE REBTRADE BUILDING,14.612829,120.990818,,4F,AUX ROOM,MNL90P,,,,2023-06-25,ISP
MNL005 LP652 NP1-2,MNL005,LP652,NP1-2,MNL005 LP652,Orchard Building (City Square 2),MANILA,3,1,BARANGAY 481,,ONE REBTRADE BUILDING,14.612829,120.990818,,4F,AUX ROOM,MNL90P,,,,2023-06-25,ISP
MNL005 LP653 NP1,MNL005,LP653,NP1,MNL005 LP653,Orchard Building (City Square 2),MANILA,3,1,BARANGAY 481,,ONE REBTRADE BUILDING,14.612829,120.990818,,4F,AUX ROOM,MNL90P,,,,2023-06-25,ISP
MNL005 LP651 NP4,MNL005,LP651,NP4,MNL005 LP651,Orchard Building (City Square 2),MANILA,3,1,BARANGAY 481,,ONE REBTRADE BUILDING,14.612829,120.990818,,4F,AUX ROOM,MNL90P,,,,2023-06-25,ISP
MNL005 LP651 NP3,MNL005,LP651,NP3,MNL005 LP651,Orchard Building (City Square 2),MANILA,3,1,BARANGAY 481,,ONE REBTRADE BUILDING,14.612829,120.990818,,4F,AUX ROOM,MNL90P,,,,2023-06-25,ISP
MNL005 LP653 NP2,MNL005,LP653,NP2,MNL005 LP653,Orchard Building (City Square 2),MANILA,3,1,BARANGAY 481,,ONE REBTRADE BUILDING,14.612829,120.990818,,4F,AUX ROOM,MNL90P,,,,2023-06-25,ISP